slug,title,description,level,content_type,language_id,region,created_by,cosmos_language_id,questions,derived_from_id
klp-1-how-many-women-develop-a-mental-health-condition-during-the-perinatal-period,How many women develop a mental health condition during the perinatal period?,How many women develop a mental health condition during the perinatal period?,1,translated,,africa,nanna@maternity.dk,6a146956-9f21-206a-98cf-55db7b0a8301,"[{""question_id"": ""how-many-women-develop-a-mental-health-condition-during-the-perinatal-period_1671525521301"", ""question"": ""Combien de femmes d\u00e9veloppent une maladie mentale pendant la p\u00e9riode p\u00e9rinatale ?"", ""quizz_type"": ""oneCorrect"", ""icon"": ""8745d77e8a5742b98822a873d2146149"", ""link"": ""video:/Perinatal Mental Health/intro"", ""link_type"": ""video"", ""show_toggle"": false, ""essential"": false, ""description"": ""20 % des femmes d\u00e9veloppent un probl\u00e8me de sant\u00e9 mentale pendant la p\u00e9riode p\u00e9rinatale. "", ""order"": 0, ""answers"": [{""answer_id"": ""424ea2e1-0e96-4aa5-893d-5489fb145fb5"", ""value"": ""10%"", ""correct"": false, ""order"": 0}, {""answer_id"": ""c03b2744-0781-47be-b8cc-fe5b19831488"", ""value"": ""20%"", ""correct"": true, ""order"": 1}, {""answer_id"": ""00b277d4-c488-48be-a976-1d91359866b3"", ""value"": ""50%"", ""correct"": false, ""order"": 2}, {""answer_id"": ""89d9a68a-31de-4348-8ca7-025b67e1ad78"", ""value"": ""80%"", ""correct"": false, ""order"": 3}]}]",
klp-1-which-mental-health-condition-often-coexists-with-depression,Which mental health condition often coexists with depression?,Which mental health condition often coexists with depression?,1,translated,,africa,nanna@maternity.dk,6a146956-9f21-206a-98cf-55db7b0a8301,"[{""question_id"": ""which-mental-health-condition-often-coexists-with-depression-_1671525318281"", ""question"": ""Quel probl\u00e8me de sant\u00e9 mentale coexiste souvent avec la d\u00e9pression ?"", ""quizz_type"": ""oneCorrect"", ""icon"": ""c90792b343be48f8b1cad5fc20ef3d41"", ""link"": ""video:/Perinatal Mental Health/intro"", ""link_type"": ""video"", ""show_toggle"": false, ""essential"": false, ""description"": ""Il est courant d'avoir de l'anxi\u00e9t\u00e9 \u00e0 c\u00f4t\u00e9 de la d\u00e9pression"", ""order"": 0, ""answers"": [{""answer_id"": ""053e984d-5e60-442a-8662-0387d3719770"", ""value"": ""Anxi\u00e9t\u00e9"", ""correct"": true, ""order"": 0}, {""answer_id"": ""8b7cebb9-679c-49dd-bff5-4fed7e7965db"", ""value"": ""Schizophr\u00e9nie"", ""correct"": false, ""order"": 1}, {""answer_id"": ""61ebd473-7619-459c-a810-9bfd3c0adbed"", ""value"": ""Trouble de toxicomanie"", ""correct"": false, ""order"": 2}, {""answer_id"": ""feb30a01-c0d9-4727-9d6b-5da778a99157"", ""value"": ""Trouble bipolaire"", ""correct"": false, ""order"": 3}]}]",
klp-1-what-is-the-strongest-predictor-of-a-woman-getting-perinatal-mental-health-conditions,What is the strongest predictor of a woman getting perinatal mental health conditions?,What is the strongest predictor of a woman getting perinatal mental health conditions?,1,translated,,africa,nanna@maternity.dk,6a146956-9f21-206a-98cf-55db7b0a8301,"[{""question_id"": ""what-is-the-strongest-predictor-of-a-woman-getting-perinatal-mental-health-conditions-_1671525628497"", ""question"": ""Quel est le pr\u00e9dicteur le plus fort qu'une femme souffre de probl\u00e8mes de sant\u00e9 mentale p\u00e9rinatals ?"", ""quizz_type"": ""oneCorrect"", ""icon"": ""eca254f5aa874ef0ba07131361d3ddff"", ""link"": ""video:/Perinatal Mental Health/risk_factors"", ""link_type"": ""video"", ""show_toggle"": false, ""essential"": false, ""description"": ""Le pr\u00e9dicteur le plus fort d'une femme souffrant d'un probl\u00e8me de sant\u00e9 mentale p\u00e9rinatal est des ant\u00e9c\u00e9dents personnels ou familiaux de probl\u00e8mes de sant\u00e9 mentale importants"", ""order"": 0, ""answers"": [{""answer_id"": ""0d9a0416-1693-4860-a740-aafbe8a47945"", ""value"": ""Grossesse non d\u00e9sir\u00e9e"", ""correct"": false, ""order"": 0}, {""answer_id"": ""eea8106a-dad0-4c4d-a61d-0ff1dd17190d"", ""value"": ""Naissance traumatique"", ""correct"": false, ""order"": 1}, {""answer_id"": ""755d6047-000f-4b4b-a6ed-10fe384be90a"", ""value"": ""Violence domestique/sexuelle et bas\u00e9e sur le genre "", ""correct"": false, ""order"": 2}, {""answer_id"": ""d2eeb6db-45e3-4ba2-ac0f-5f5a2cbbf680"", ""value"": ""Ant\u00e9c\u00e9dents personnels ou familiaux de troubles de sant\u00e9 mentale importants"", ""correct"": true, ""order"": 3}]}]",
klp-1-symptoms-of-perinatal-mental-health-conditions-include,Symptoms of perinatal mental health conditions include:,Symptoms of perinatal mental health conditions include:,1,translated,,africa,nanna@maternity.dk,6a146956-9f21-206a-98cf-55db7b0a8301,"[{""question_id"": ""symptoms-of-perinatal-mental-health-conditions-include-_1671525873184"", ""question"": ""Les sympt\u00f4mes des probl\u00e8mes de sant\u00e9 mentale p\u00e9rinatale comprennent :"", ""quizz_type"": ""severalCorrect"", ""icon"": ""9caa3e8da2ff4e14ab4514c864237798"", ""link"": ""action-card:perinatal-mental-health-conditions_1669630736165"", ""link_type"": ""action-card"", ""show_toggle"": false, ""essential"": false, ""description"": ""Les sympt\u00f4mes des probl\u00e8mes de sant\u00e9 mentale p\u00e9rinatale comprennent :\n\nSe sentir triste, pleurer facilement ou plus souvent. N'avoir aucun plaisir ou int\u00e9r\u00eat pour les activit\u00e9s. Modifications de l'app\u00e9tit et des habitudes de sommeil.\n"", ""order"": 0, ""answers"": [{""answer_id"": ""7813f1d1-4723-4f99-b3b2-5dcc89c20b02"", ""value"": ""Se sentir triste, pleurer facilement ou plus que d'habitude"", ""correct"": true, ""order"": 0}, {""answer_id"": ""20ca2d92-e92b-4bf4-a45c-4c584cf3bff9"", ""value"": ""N'avoir aucun plaisir ou int\u00e9r\u00eat pour des activit\u00e9s qui \u00e9taient autrefois appr\u00e9ci\u00e9es"", ""correct"": true, ""order"": 1}, {""answer_id"": ""84ca7d5e-d890-4032-9b12-1d826acfa39b"", ""value"": ""Manger et/ou dormir plus ou moins que d'habitude"", ""correct"": true, ""order"": 2}, {""answer_id"": ""ca2e3d6b-3277-4d43-a70d-00ba31c4bb49"", ""value"": ""Avoir de faibles niveaux d'h\u00e9moglobine apr\u00e8s la naissance"", ""correct"": false, ""order"": 3}]}]",
klp-1-when-should-you-screen-for-perinatal-mental-illness,When should you screen for perinatal mental illness?,When should you screen for perinatal mental illness?,1,translated,,africa,nanna@maternity.dk,6a146956-9f21-206a-98cf-55db7b0a8301,"[{""question_id"": ""when-should-you-screen-for-perinatal-mental-illness-_1671526188280"", ""question"": ""Quand faut-il d\u00e9pister une maladie mentale p\u00e9rinatale ?"", ""quizz_type"": ""severalCorrect"", ""icon"": ""83053301802f4106b51d65c556ea99f4"", ""link"": ""video:/Perinatal Mental Health/screening"", ""link_type"": ""video"", ""show_toggle"": false, ""essential"": false, ""description"": ""Vous devez d\u00e9pister les maladies mentales p\u00e9rinatales lors du premier contact pr\u00e9natal, pendant la p\u00e9riode postnatale et chaque fois que la femme pr\u00e9sente des sympt\u00f4mes."", ""order"": 0, ""answers"": [{""answer_id"": ""f425accf-9712-421d-8eb2-ef6d361f7d3b"", ""value"": ""Lors du premier contact avec les services de grossesse et pendant la p\u00e9riode postnatale"", ""correct"": true, ""order"": 0}, {""answer_id"": ""ff237dec-ba6e-4e1e-b674-2dedd0bb27f3"", ""value"": ""Si la femme pr\u00e9sente des sympt\u00f4mes de maladie mentale p\u00e9rinatale \u00e0 un moment quelconque de la p\u00e9riode p\u00e9rinatale"", ""correct"": true, ""order"": 1}, {""answer_id"": ""2e5df308-6dec-4d29-b08f-76502e0a9161"", ""value"": ""Lors du premier contact avec les services de maternit\u00e9 pendant la grossesse uniquement"", ""correct"": false, ""order"": 2}, {""answer_id"": ""de7bdef6-5953-40bd-9f6e-d5b098c9310b"", ""value"": ""En p\u00e9riode postnatale uniquement"", ""correct"": false, ""order"": 3}]}]",
klp-1-what-is-not-a-symptom-of-perinatal-depression,What is not a symptom of perinatal depression?,What is not a symptom of perinatal depression?,1,translated,,africa,nanna@maternity.dk,6a146956-9f21-206a-98cf-55db7b0a8301,"[{""question_id"": ""what-is-not-a-symptom-of-perinatal-depression-_1671526428940"", ""question"": ""Qu'est-ce qui n'est pas un sympt\u00f4me de d\u00e9pression p\u00e9rinatale ?"", ""quizz_type"": ""oneCorrect"", ""icon"": ""a6482f493b3e42148fc8e32caae44bf1"", ""link"": ""action-card:perinatal-mental-health-conditions_1669630736165"", ""link_type"": ""action-card"", ""show_toggle"": false, ""essential"": false, ""description"": ""Une faible production de lait maternel n'est pas un sympt\u00f4me connu de la d\u00e9pression."", ""order"": 0, ""answers"": [{""answer_id"": ""28f95937-516e-49d3-9210-06319d1ff2c4"", ""value"": ""Mauvais fonctionnement cognitif"", ""correct"": false, ""order"": 0}, {""answer_id"": ""434fee73-bfa9-49e7-bc4d-48bdc0de99a4"", ""value"": ""Faible \u00e9nergie et fatigue g\u00e9n\u00e9rale"", ""correct"": false, ""order"": 1}, {""answer_id"": ""d33dce3b-63f1-44c6-8d9a-ad140d91e315"", ""value"": ""Difficult\u00e9s \u00e0 cr\u00e9er des liens et \u00e0 interagir avec le nouveau-n\u00e9"", ""correct"": false, ""order"": 2}, {""answer_id"": ""27a1862d-e0d6-4d28-ab41-a2fe57f17124"", ""value"": ""Faible production de lait maternel"", ""correct"": true, ""order"": 3}]}]",
klp-1-what-are-the-two-different-categories-of-bipolar-disorder,What are the two different categories of bipolar disorder?,What are the two different categories of bipolar disorder?,1,translated,,africa,nanna@maternity.dk,6a146956-9f21-206a-98cf-55db7b0a8301,"[{""question_id"": ""what-are-the-two-different-categories-of-bipolar-disorder-_1671526709315"", ""question"": ""Quelles sont les deux cat\u00e9gories diff\u00e9rentes de trouble bipolaire ?"", ""quizz_type"": ""severalCorrect"", ""icon"": ""82cf95d0d74646c19091977c98238814"", ""link"": ""action-card:perinatal-mental-health-conditions_1669630736165"", ""link_type"": ""action-card"", ""show_toggle"": false, ""essential"": false, ""description"": ""Maniaque et d\u00e9pressif sont les deux cat\u00e9gories de trouble bipolaire."", ""order"": 0, ""answers"": [{""answer_id"": ""5f1fcb47-2766-4123-b749-4548bbab2c27"", ""value"": ""Compulsif"", ""correct"": false, ""order"": 0}, {""answer_id"": ""f1a42be9-4747-47d1-abab-84fffbefdbf7"", ""value"": ""Maniaque"", ""correct"": true, ""order"": 1}, {""answer_id"": ""9176fd40-41dc-4e9a-b897-a470c1915edf"", ""value"": ""D\u00e9pressif"", ""correct"": true, ""order"": 2}, {""answer_id"": ""46ce34ef-84d3-4a71-8879-aed53711fe4e"", ""value"": ""Intensif"", ""correct"": false, ""order"": 3}]}]",
klp-1-talking-therapy-counselling-techniques-do-not-include,Talking therapy/Counselling techniques do not include:,Talking therapy/Counselling techniques do not include:,1,translated,,africa,nanna@maternity.dk,6a146956-9f21-206a-98cf-55db7b0a8301,"[{""question_id"": ""talking-therapycounselling-techniques-do-not-include-_1671526807883"", ""question"": ""La th\u00e9rapie par la parole/les techniques de counseling n'incluent pas :"", ""quizz_type"": ""oneCorrect"", ""icon"": ""8537c3173dcf4855a4db43fa26b2dec3"", ""link"": ""video:/Perinatal Mental Health/prevention_and_treatment"", ""link_type"": ""video"", ""show_toggle"": false, ""essential"": false, ""description"": ""La th\u00e9rapie par la parole implique une \u00e9coute active, une r\u00e9flexion et un entretien motivationnel. Il ne s'agit pas de porter des jugements sur le client."", ""order"": 0, ""answers"": [{""answer_id"": ""92e44f26-8aaa-4073-8391-c9db9ae702bf"", ""value"": ""\u00c9coute r\u00e9flexive et active"", ""correct"": false, ""order"": 0}, {""answer_id"": ""2829a146-9de3-4483-b888-f1f8d5f0b0f0"", ""value"": ""Entretien motivationnel"", ""correct"": false, ""order"": 1}, {""answer_id"": ""3b7ac4b7-1c34-45ee-b207-7d6fbb942ace"", ""value"": ""Porter des jugements sur la femme"", ""correct"": true, ""order"": 2}]}]",
klp-1-unmanaged-maternal-depression-can-lead-to-long-term-cognitive-and-emotional-developmental-impairment-of-the-infant-true-or-false,"Unmanaged maternal depression can lead to long term cognitive and emotional developmental impairment of the infant, true or false?","Unmanaged maternal depression can lead to long term cognitive and emotional developmental impairment of the infant, true or false?",1,translated,,africa,nanna@maternity.dk,6a146956-9f21-206a-98cf-55db7b0a8301,"[{""question_id"": ""unmanaged-maternal-depression-can-lead-to-long-term-cognitive-and-emotional-developmental-impairment-of-the-infant-true-or-false-_1671526876085"", ""question"": ""La d\u00e9pression maternelle non g\u00e9r\u00e9e peut entra\u00eener une d\u00e9ficience cognitive et \u00e9motionnelle \u00e0 long terme du d\u00e9veloppement du nourrisson, vrai ou faux ?"", ""quizz_type"": ""oneCorrect"", ""icon"": ""2e436661c3ce414599b5df14a42aca36"", ""link"": ""action-card:perinatal-mental-health-conditions_1669630736165"", ""link_type"": ""action-card"", ""show_toggle"": false, ""essential"": false, ""description"": ""Il est vrai que la d\u00e9pression maternelle non g\u00e9r\u00e9e peut entra\u00eener une alt\u00e9ration du d\u00e9veloppement cognitif et \u00e9motionnel du nourrisson."", ""order"": 0, ""answers"": [{""answer_id"": ""a2ccf6ca-a4e7-4726-b3cf-42af65d5126f"", ""value"": ""Vrai"", ""correct"": true, ""order"": 0}, {""answer_id"": ""2a7e0e1e-e5fb-4537-8f04-063401694ed9"", ""value"": ""Faux"", ""correct"": false, ""order"": 1}]}]",
klp-1-what-can-caring-for-women-and-families-with-perinatal-mental-health-conditions-lead-to,What can caring for women and families with perinatal mental health conditions lead to?,What can caring for women and families with perinatal mental health conditions lead to?,1,translated,,africa,nanna@maternity.dk,6a146956-9f21-206a-98cf-55db7b0a8301,"[{""question_id"": ""what-can-caring-for-women-and-families-with-perinatal-mental-health-conditions-lead-to-_1671526978941"", ""question"": ""A quoi peuvent mener les soins aux femmes et aux familles atteintes de troubles mentaux p\u00e9rinatals ?"", ""quizz_type"": ""severalCorrect"", ""icon"": ""4dcb4010fe8b4885b4cad545e2a5519b"", ""link"": ""video:/Perinatal Mental Health/caring_for_the_carer"", ""link_type"": ""video"", ""show_toggle"": false, ""essential"": false, ""description"": ""Prendre soin de personnes souffrant de troubles mentaux peut \u00eatre \u00e9puisant pour les prestataires de soins de sant\u00e9. Faites attention \u00e0 l'\u00e9puisement \u00e9motionnel et au burn-out."", ""order"": 0, ""answers"": [{""answer_id"": ""54ec10ec-1ae3-4a63-a4e7-e42996237fca"", ""value"": ""Gain de poids"", ""correct"": false, ""order"": 0}, {""answer_id"": ""c6f93fbe-2c34-4962-9ef8-042c36e994eb"", ""value"": ""Epuisement \u00e9motionnel"", ""correct"": true, ""order"": 1}, {""answer_id"": ""241462af-00e7-4889-858e-9ca597fc4de1"", ""value"": ""Hypertension"", ""correct"": false, ""order"": 2}, {""answer_id"": ""5b368453-54ad-404c-be92-b0969edf88a9"", ""value"": ""Burnout"", ""correct"": true, ""order"": 3}]}]",
klp-1-puerperal-psychosis-usually-occurs,Puerperal psychosis usually occurs:,Puerperal psychosis usually occurs:,1,translated,,africa,nanna@maternity.dk,6a146956-9f21-206a-98cf-55db7b0a8301,"[{""question_id"": ""puerperal-psychosis-usually-occurs-_1671527075854"", ""question"": ""La psychose puerp\u00e9rale survient g\u00e9n\u00e9ralement :"", ""quizz_type"": ""oneCorrect"", ""icon"": ""cd8c02abf9a14478857d7159e75d130b"", ""link"": ""action-card:perinatal-mental-health-conditions_1669630736165"", ""link_type"": ""action-card"", ""show_toggle"": false, ""essential"": false, ""description"": ""La psychose puerp\u00e9rale survient g\u00e9n\u00e9ralement entre 48 heures et 2 semaines apr\u00e8s l\u2019accouchement."", ""order"": 0, ""answers"": [{""answer_id"": ""c7f7510a-c803-4f62-a2d0-204a9a89a184"", ""value"": ""Au 3e trimestre"", ""correct"": false, ""order"": 0}, {""answer_id"": ""73a430d4-c4b7-45cd-accc-9d93cf92db39"", ""value"": ""Dans les premi\u00e8res 24 heures suivant l\u2019accouchement"", ""correct"": false, ""order"": 1}, {""answer_id"": ""2028e678-822f-4ed7-a5f3-33b4a518d368"", ""value"": ""Entre 48 heures et 2 semaines apr\u00e8s l\u2019accouchement"", ""correct"": true, ""order"": 2}, {""answer_id"": ""0a87de0c-0b9c-42b6-9635-a878c8166460"", ""value"": ""Entre 2 et 12 semaines apr\u00e8s l\u2019accouchement"", ""correct"": false, ""order"": 3}]}]",
klp-1-how-many-partners-experience-postpartum-depression-or-anxiety,How many partners experience postpartum depression or anxiety?,How many partners experience postpartum depression or anxiety?,1,translated,,africa,nanna@maternity.dk,6a146956-9f21-206a-98cf-55db7b0a8301,"[{""question_id"": ""how-many-partners-experience-postpartum-depression-or-anxiety-_1671527150014"", ""question"": ""Combien de partenaires souffrent de d\u00e9pression ou d'anxi\u00e9t\u00e9 post-partum ?"", ""quizz_type"": ""oneCorrect"", ""icon"": ""16bf6b48f29345db86966da25d68442c"", ""link"": ""video:/Perinatal Mental Health/intro"", ""link_type"": ""video"", ""show_toggle"": false, ""essential"": false, ""description"": ""1 partenaire sur 10 souffrira de d\u00e9pression ou d'anxi\u00e9t\u00e9 post-partum."", ""order"": 0, ""answers"": [{""answer_id"": ""b87a0a98-3de0-4bdb-af6c-eaab392f33a9"", ""value"": ""1 sur 10"", ""correct"": true, ""order"": 0}, {""answer_id"": ""9e411155-4e45-41f8-bc77-8c19535bc971"", ""value"": ""1 sur 5 "", ""correct"": false, ""order"": 1}, {""answer_id"": ""0cafa9c9-f96f-44af-a066-6550152a93bc"", ""value"": ""3 sur 10"", ""correct"": false, ""order"": 2}, {""answer_id"": ""22b2a78a-904d-4e39-8c82-50cdc38d8e46"", ""value"": ""1 sur 2"", ""correct"": false, ""order"": 3}]}]",
klp-2-what-causes-perinatal-mental-health-conditions,What causes perinatal mental health conditions?,What causes perinatal mental health conditions?,2,translated,,africa,nanna@maternity.dk,6a146956-9f21-206a-98cf-55db7b0a8301,"[{""question_id"": ""what-causes-perinatal-mental-health-conditions-_1671527348476"", ""question"": ""Qu'est-ce qui cause les probl\u00e8mes de sant\u00e9 mentale p\u00e9rinatale ?"", ""quizz_type"": ""oneCorrect"", ""icon"": ""1098239840444af1b787111a0da7470b"", ""link"": ""video:/Perinatal Mental Health/intro"", ""link_type"": ""video"", ""show_toggle"": false, ""essential"": false, ""description"": ""Les probl\u00e8mes de sant\u00e9 mentale p\u00e9rinatals peuvent \u00eatre caus\u00e9s par des changements biologiques, psychologiques et environnementaux."", ""order"": 0, ""answers"": [{""answer_id"": ""af31bd95-a9c3-4623-a795-08b1700bd4e4"", ""value"": ""Changements biologiques uniquement"", ""correct"": false, ""order"": 0}, {""answer_id"": ""4331c135-82b5-4eb1-a605-b62eff174ac0"", ""value"": ""Changements dans la psychologie et l'environnement"", ""correct"": false, ""order"": 1}, {""answer_id"": ""c02fa9a4-1129-4483-9f35-0bb393cf211c"", ""value"": ""Modifications de l'environnement et de la biologie"", ""correct"": false, ""order"": 2}, {""answer_id"": ""9754c768-26a1-47b8-9b85-1f665b58bc1c"", ""value"": ""Changements dans la biologie, la psychologie et l'environnement"", ""correct"": true, ""order"": 3}]}]",
klp-2-what-are-known-risk-factors-of-developing-a-mental-health-condition-in-the-perinatal-period,What are known risk factors of developing a mental health condition in the perinatal period?,What are known risk factors of developing a mental health condition in the perinatal period?,2,translated,,africa,nanna@maternity.dk,6a146956-9f21-206a-98cf-55db7b0a8301,"[{""question_id"": ""what-are-known-risk-factors-of-developing-a-mental-health-condition-in-the-perinatal-period-_1671527577506"", ""question"": ""Quels sont les facteurs de risque connus de d\u00e9velopper un probl\u00e8me de sant\u00e9 mentale pendant la p\u00e9riode p\u00e9rinatale ?"", ""quizz_type"": ""severalCorrect"", ""icon"": ""f86d30dfc6ee4f31b4ed1fe378927b2e"", ""link"": ""video:/Perinatal Mental Health/risk_factors"", ""link_type"": ""video"", ""show_toggle"": false, ""essential"": false, ""description"": ""Vivre dans des zones de conflit, des ant\u00e9c\u00e9dents de mort-n\u00e9s ou de fausses couches r\u00e9p\u00e9t\u00e9es et des grossesses non d\u00e9sir\u00e9es sont quelques-uns des facteurs de risque de d\u00e9velopper une maladie mentale p\u00e9rinatale."", ""order"": 0, ""answers"": [{""answer_id"": ""2e5edd92-7ef1-4125-abd5-781f80c9429f"", ""value"": ""Vivre dans des zones de conflit"", ""correct"": true, ""order"": 0}, {""answer_id"": ""a6f15d2f-6a08-48ca-8f27-8312d284af85"", ""value"": ""Hypertension pendant la grossesse"", ""correct"": false, ""order"": 1}, {""answer_id"": ""97640b4d-77cc-4648-810f-7ef3cb71d0fd"", ""value"": ""Mort-n\u00e9 ant\u00e9rieure ou fausse couche \u00e0 r\u00e9p\u00e9tition"", ""correct"": true, ""order"": 2}, {""answer_id"": ""84c6f737-7391-417d-a597-2e2c9b506bba"", ""value"": ""Grossesse non d\u00e9sir\u00e9e"", ""correct"": true, ""order"": 3}]}]",
klp-2-poverty-decreases-the-likelihood-of-women-experiencing-postpartum-depression-or-anxiety-true-or-false,"Poverty decreases the likelihood of women experiencing postpartum depression or anxiety, true or false?","Poverty decreases the likelihood of women experiencing postpartum depression or anxiety, true or false?",2,translated,,africa,nanna@maternity.dk,6a146956-9f21-206a-98cf-55db7b0a8301,"[{""question_id"": ""poverty-decreases-the-likelihood-of-women-experiencing-postpartum-depression-or-anxiety-true-or-false-_1671527674221"", ""question"": ""La pauvret\u00e9 diminue la probabilit\u00e9 que les femmes souffrent de d\u00e9pression ou d'anxi\u00e9t\u00e9 post-partum, vrai ou faux ?"", ""quizz_type"": ""oneCorrect"", ""icon"": ""df5d68af773344fda3b77e1ef4fea597"", ""link"": ""video:/Perinatal Mental Health/intro"", ""link_type"": ""video"", ""show_toggle"": false, ""essential"": false, ""description"": ""Il est vrai que la pauvret\u00e9 augmente la probabilit\u00e9 que les femmes souffrent de d\u00e9pression ou d'anxi\u00e9t\u00e9 post-partum."", ""order"": 0, ""answers"": [{""answer_id"": ""cbf0c6bf-5ff5-4495-b185-fe103566ffd1"", ""value"": ""Faux"", ""correct"": true, ""order"": 0}, {""answer_id"": ""5b38798e-3d74-4a24-8f40-429e7cd02901"", ""value"": ""Vrai"", ""correct"": false, ""order"": 1}]}]",
klp-2-what-are-examples-of-useful-screening-tools-for-the-detection-of-perinatal-mental-health-conditions,What are examples of useful screening tools for the detection of perinatal mental health conditions?,What are examples of useful screening tools for the detection of perinatal mental health conditions?,2,translated,,africa,nanna@maternity.dk,6a146956-9f21-206a-98cf-55db7b0a8301,"[{""question_id"": ""what-are-examples-of-useful-screening-tools-for-the-detection-of-perinatal-mental-health-conditions-_1671527761922"", ""question"": ""Quels sont des exemples d'outils de d\u00e9pistage utiles pour la d\u00e9tection des probl\u00e8mes de sant\u00e9 mentale p\u00e9rinatale ?"", ""quizz_type"": ""severalCorrect"", ""icon"": ""6dccfc24ad894e31940a9e10b9b7f274"", ""link"": ""action-card:screening_1669630707621"", ""link_type"": ""action-card"", ""show_toggle"": false, ""essential"": false, ""description"": ""GAD-2, GAD-7 et l'\u00e9chelle de d\u00e9pression postnatale d'Edimbourg sont des exemples d'outils de d\u00e9pistage utiles pour aider \u00e0 d\u00e9tecter les probl\u00e8mes de sant\u00e9 mentale p\u00e9rinatale."", ""order"": 0, ""answers"": [{""answer_id"": ""431961d0-82ae-4a68-9810-40e49eb6718f"", ""value"": ""\u00c9chelle de trouble d'anxi\u00e9t\u00e9 g\u00e9n\u00e9ralis\u00e9e (GAD-2)"", ""correct"": true, ""order"": 0}, {""answer_id"": ""c80ac6df-7998-4305-98be-77c7a5b7e9ce"", ""value"": ""\u00c9chelle de trouble d'anxi\u00e9t\u00e9 g\u00e9n\u00e9ralis\u00e9e (GAD-15)"", ""correct"": false, ""order"": 1}, {""answer_id"": ""e1c479fa-7b61-49c7-99bb-564072618d22"", ""value"": ""\u00c9chelle de d\u00e9pression postnatale d'\u00c9dimbourg"", ""correct"": true, ""order"": 2}, {""answer_id"": ""c8b55b18-2cb9-49d0-9247-e7835fc413cf"", ""value"": ""\u00c9chelle de d\u00e9pression postnatale de Londres"", ""correct"": false, ""order"": 3}]}]",
klp-2-what-are-treatment-options-for-perinatal-depression,What are treatment options for perinatal depression?,What are treatment options for perinatal depression?,2,translated,,africa,nanna@maternity.dk,6a146956-9f21-206a-98cf-55db7b0a8301,"[{""question_id"": ""what-are-treatment-options-for-perinatal-depression-_1671527848425"", ""question"": ""Quelles sont les options de traitement pour la d\u00e9pression p\u00e9rinatale ?"", ""quizz_type"": ""severalCorrect"", ""icon"": ""7a79a8c273e04648bd3bb45ea5fc5a79"", ""link"": ""action-card:perinatal-mental-health-conditions_1669630736165"", ""link_type"": ""action-card"", ""show_toggle"": false, ""essential"": false, ""description"": ""Des exemples de traitements pour la d\u00e9pression p\u00e9rinatale sont l'augmentation des r\u00e9seaux de soutien social, la psycho\u00e9ducation et les soins tenant compte des traumatismes."", ""order"": 0, ""answers"": [{""answer_id"": ""16ab1b40-364d-4bbd-a56e-50b1a871c478"", ""value"": ""Augmentation des r\u00e9seaux sociaux de soutien"", ""correct"": true, ""order"": 0}, {""answer_id"": ""eb46a190-767d-4748-8b95-d425e23aa852"", ""value"": ""Psycho\u00e9ducation"", ""correct"": true, ""order"": 1}, {""answer_id"": ""92a1f5b5-23a9-49e5-aa73-26368f91a5a0"", ""value"": ""Soins tenant compte des traumatismes"", ""correct"": true, ""order"": 2}]}]",
klp-2-the-provision-of-perinatal-mental-health-care-often-requires,The provision of perinatal mental health care often requires:,The provision of perinatal mental health care often requires:,2,translated,,africa,nanna@maternity.dk,6a146956-9f21-206a-98cf-55db7b0a8301,"[{""question_id"": ""the-provision-of-perinatal-mental-health-care-often-requires-_1671527954642"", ""question"": ""La prestation de soins de sant\u00e9 mentale p\u00e9rinatale n\u00e9cessite souvent :"", ""quizz_type"": ""oneCorrect"", ""icon"": ""76f9c871040f4e5991dba1126387b39c"", ""link"": ""video:/Perinatal Mental Health/prevention_and_treatment"", ""link_type"": ""video"", ""show_toggle"": false, ""essential"": false, ""description"": ""La collaboration entre les professionnels de la sant\u00e9 est souvent n\u00e9cessaire pour fournir des soins de sant\u00e9 mentale p\u00e9rinatals efficaces.\n\n\n"", ""order"": 0, ""answers"": [{""answer_id"": ""1a9f2f08-5071-4890-b943-ff33cb8f14f9"", ""value"": ""Collaboration entre professionnels de sant\u00e9"", ""correct"": true, ""order"": 0}, {""answer_id"": ""4dc1558e-3912-4cea-978f-8457b7ada39f"", ""value"": ""Une attitude critique de son fournisseur de soins"", ""correct"": false, ""order"": 1}, {""answer_id"": ""eef66053-cfe4-493d-8805-92d13924daf6"", ""value"": ""Que la femme est s\u00e9par\u00e9e de sa famille"", ""correct"": false, ""order"": 2}, {""answer_id"": ""1552394c-b889-4ac7-a2cc-1193afc81173"", ""value"": ""Que la femme et son b\u00e9b\u00e9 sont s\u00e9par\u00e9s"", ""correct"": false, ""order"": 3}]}]",
klp-2-what-is-the-first-line-management-of-a-woman-who-has-screened-positive-for-perinatal-depression,What is the first line management of a woman who has screened positive for perinatal depression?,What is the first line management of a woman who has screened positive for perinatal depression?,2,translated,,africa,nanna@maternity.dk,6a146956-9f21-206a-98cf-55db7b0a8301,"[{""question_id"": ""what-is-the-first-line-management-of-a-woman-who-has-screened-positive-for-perinatal-depression-_1671528120877"", ""question"": ""Quelle est la prise en charge de premi\u00e8re ligne d'une femme dont le d\u00e9pistage de la d\u00e9pression p\u00e9rinatale est positif ?"", ""quizz_type"": ""oneCorrect"", ""icon"": ""2ca027327cd044d696d8aa2936dcc4fd"", ""link"": ""action-card:perinatal-mental-health-conditions_1669630736165"", ""link_type"": ""action-card"", ""show_toggle"": false, ""essential"": false, ""description"": ""Lorsqu'une femme a \u00e9t\u00e9 d\u00e9pist\u00e9e positivement pour la d\u00e9pression p\u00e9rinatale, la prise en charge de premi\u00e8re ligne devrait consister \u00e0 s'engager dans une relation th\u00e9rapeutique avec elle."", ""order"": 0, ""answers"": [{""answer_id"": ""73787121-3812-4740-825c-48f035105544"", ""value"": ""Th\u00e9rapie cognitivo-comportementale (TCC)"", ""correct"": false, ""order"": 0}, {""answer_id"": ""9c0e82ee-4ff9-445b-bb88-237be0bbfb12"", ""value"": ""S'engager dans une relation th\u00e9rapeutique avec la femme"", ""correct"": true, ""order"": 1}, {""answer_id"": ""52297d47-fb5f-4680-83f6-f1610838888c"", ""value"": ""Psycho\u00e9ducation"", ""correct"": false, ""order"": 2}, {""answer_id"": ""f8ad9bc5-37ec-46e8-ac7f-43c9696d765d"", ""value"": ""R\u00e9p\u00e9tez l'\u00e9chelle de d\u00e9pression postnatale d'\u00c9dimbourg pour surveiller les sympt\u00f4mes"", ""correct"": false, ""order"": 3}]}]",
klp-2-psychoeducation-includes,Psychoeducation includes:,Psychoeducation includes:,2,translated,,africa,nanna@maternity.dk,6a146956-9f21-206a-98cf-55db7b0a8301,"[{""question_id"": ""psychoeducation-includes-_1671528215516"", ""question"": ""La psycho\u00e9ducation comprend :"", ""quizz_type"": ""severalCorrect"", ""icon"": ""67754ab55f7b441a84a64df59f75029b"", ""link"": ""video:/Perinatal Mental Health/prevention_and_treatment"", ""link_type"": ""video"", ""show_toggle"": false, ""essential"": false, ""description"": ""La psycho\u00e9ducation consiste \u00e0 discuter de choix de vie sains et positifs, \u00e0 donner des informations sur l'\u00e9tat de sant\u00e9 mentale du client et \u00e0 informer sur les options de traitement."", ""order"": 0, ""answers"": [{""answer_id"": ""c6e4bb60-b3af-4107-b88f-620dbf8e95fd"", ""value"": ""Discuter des choix de vie sains et positifs"", ""correct"": true, ""order"": 0}, {""answer_id"": ""caf88544-07e5-4deb-8439-55bddf173f2b"", ""value"": ""Hypnose"", ""correct"": false, ""order"": 1}, {""answer_id"": ""3401e581-64a6-4d7b-9fc7-ade9f6830d50"", ""value"": ""Information sur l\u2019\u00e9tat de sant\u00e9 mentale du client"", ""correct"": true, ""order"": 2}, {""answer_id"": ""ad0af9bc-56e2-4dc9-ba29-4899306e21c9"", ""value"": ""Informer sur les options de traitement"", ""correct"": true, ""order"": 3}]}]",
klp-2-what-are-not-symptoms-of-bipolar-disorder,What are not symptoms of bipolar disorder?,What are not symptoms of bipolar disorder?,2,translated,,africa,nanna@maternity.dk,6a146956-9f21-206a-98cf-55db7b0a8301,"[{""question_id"": ""what-are-not-symptoms-of-bipolar-disorder-_1671528305381"", ""question"": ""Quels ne sont pas les sympt\u00f4mes du trouble bipolaire ?"", ""quizz_type"": ""oneCorrect"", ""icon"": ""0c7e9327e3874b798e69ed355728fd79"", ""link"": ""action-card:perinatal-mental-health-conditions_1669630736165"", ""link_type"": ""action-card"", ""show_toggle"": false, ""essential"": false, ""description"": ""Avoir des hallucinations et des pens\u00e9es d\u00e9lirantes, \u00eatre d\u00e9sorganis\u00e9, socialement anxieux et se comporter avec un manque de perspicacit\u00e9 et anormalement ne sont pas des sympt\u00f4mes courants du trouble bipolaire. Ce sont des sympt\u00f4mes courants de la schizophr\u00e9nie."", ""order"": 0, ""answers"": [{""answer_id"": ""e1fde6de-b558-49b7-9634-1669bdb42ef5"", ""value"": ""Vivre des humeurs tr\u00e8s \u00e9lev\u00e9es avec un \u00e9tat d'esprit agit\u00e9"", ""correct"": false, ""order"": 0}, {""answer_id"": ""4ca01281-bcdd-444a-80e1-1c202c3c4bb4"", ""value"": ""\u00catre de tr\u00e8s mauvaise humeur, ressentir des sentiments n\u00e9gatifs de d\u00e9sespoir, avec une incapacit\u00e9 \u00e0 s'engager dans des activit\u00e9s quotidiennes ou \u00e0 en profiter."", ""correct"": false, ""order"": 1}, {""answer_id"": ""bc631ba4-00b2-4218-b02c-1cdb4ea85da1"", ""value"": ""Parfois, \u00e9prouver des hallucinations et des pens\u00e9es d\u00e9lirantes et se comporter avec un manque de perspicacit\u00e9 et de mani\u00e8re anormale. "", ""correct"": true, ""order"": 2}, {""answer_id"": ""2ead2b05-b49b-4107-b121-109df8631e7b"", ""value"": ""Question pi\u00e8ge, la r\u00e9ponse est les trois."", ""correct"": false, ""order"": 3}]}]",
klp-2-anxiety-disorders-are-a-group-of-related-conditions-that-include,Anxiety disorders are a group of related conditions that include:,Anxiety disorders are a group of related conditions that include:,2,translated,,africa,nanna@maternity.dk,6a146956-9f21-206a-98cf-55db7b0a8301,"[{""question_id"": ""anxiety-disorders-are-a-group-of-related-conditions-that-include-_1671528446682"", ""question"": ""Les troubles anxieux sont un groupe de conditions connexes qui comprennent :"", ""quizz_type"": ""severalCorrect"", ""icon"": ""7ee0b0d1f7e74252be64ba1175491c42"", ""link"": ""action-card:perinatal-mental-health-conditions_1669630736165"", ""link_type"": ""action-card"", ""show_toggle"": false, ""essential"": false, ""description"": ""Le trouble anxieux g\u00e9n\u00e9ralis\u00e9, le trouble panique, le trouble obsessionnel compulsif et le syndr\u00f4me de stress post-traumatique sont tous des types de troubles anxieux."", ""order"": 0, ""answers"": [{""answer_id"": ""33f19f0a-363b-4571-967c-8acd3fd4e7d1"", ""value"": ""Trouble d'anxi\u00e9t\u00e9 g\u00e9n\u00e9ralis\u00e9e (TAG)"", ""correct"": true, ""order"": 0}, {""answer_id"": ""c71e9e85-011b-45b7-b4a4-bc9f9bda05aa"", ""value"": ""Trouble panique (TP)"", ""correct"": true, ""order"": 1}, {""answer_id"": ""9a6335f8-ad8a-495e-aca7-adaf41efdeb5"", ""value"": ""Trouble obsessionnel compulsif (TOC)"", ""correct"": true, ""order"": 2}, {""answer_id"": ""43cee5e2-e4c0-432d-b7fb-72fa1f5745b2"", ""value"": ""Syndr\u00f4me de stress post-traumatique (SSPT)"", ""correct"": true, ""order"": 3}]}]",
klp-2-symptoms-of-puerperal-psychosis-include-the-rapid-onset-of,Symptoms of puerperal psychosis include the rapid onset of:,Symptoms of puerperal psychosis include the rapid onset of:,2,translated,,africa,nanna@maternity.dk,6a146956-9f21-206a-98cf-55db7b0a8301,"[{""question_id"": ""symptoms-of-puerperal-psychosis-include-the-rapid-onset-of-_1671528625390"", ""question"": ""Les sympt\u00f4mes de la psychose puerp\u00e9rale comprennent l'apparition rapide de :"", ""quizz_type"": ""severalCorrect"", ""icon"": ""a2f7a87c246244568ed4d69e8eb32e2b"", ""link"": ""action-card:perinatal-mental-health-conditions_1669630736165"", ""link_type"": ""action-card"", ""show_toggle"": false, ""essential"": false, ""description"": ""La difficult\u00e9 \u00e0 dormir et \u00e0 s'installer, l'incapacit\u00e9 de penser rationnellement ou d'\u00eatre raisonn\u00e9, les hallucinations et les comportements dramatiques, erratiques et atypiques sont tous des sympt\u00f4mes de la psychose puerp\u00e9rale."", ""order"": 0, ""answers"": [{""answer_id"": ""baee701b-edd2-4b74-b17d-bb81982372ba"", ""value"": ""Incapacit\u00e9 \u00e0 s'installer ou \u00e0 dormir"", ""correct"": true, ""order"": 0}, {""answer_id"": ""8fa930b4-e9a9-4b4b-b3ea-e18025ea573c"", ""value"": ""Incapacit\u00e9 \u00e0 penser rationnellement ou \u00e0 raisonner"", ""correct"": true, ""order"": 1}, {""answer_id"": ""6cbb5a9d-f3f2-4e41-841e-34c640504beb"", ""value"": ""Hallucinations"", ""correct"": true, ""order"": 2}, {""answer_id"": ""a1195a94-2605-4306-bd22-013a79fc1ec6"", ""value"": ""Comportement dramatique, erratique et atypique"", ""correct"": true, ""order"": 3}]}]",
klp-2-infants-of-mothers-who-suffer-from-depression-have-higher-rates-of,Infants of mothers who suffer from depression have higher rates of:,Infants of mothers who suffer from depression have higher rates of:,2,translated,,africa,nanna@maternity.dk,6a146956-9f21-206a-98cf-55db7b0a8301,"[{""question_id"": ""infants-of-mothers-who-suffer-from-depression-have-higher-rates-of-_1671528743394"", ""question"": ""Les nourrissons de m\u00e8res souffrant de d\u00e9pression ont des taux plus \u00e9lev\u00e9s de :"", ""quizz_type"": ""severalCorrect"", ""icon"": ""3f4bf086c8e74e32b7735f737fc49e22"", ""link"": ""action-card:perinatal-mental-health-conditions_1669630736165"", ""link_type"": ""action-card"", ""show_toggle"": false, ""essential"": false, ""description"": ""Les nourrissons de m\u00e8res d\u00e9pressives ont des taux plus \u00e9lev\u00e9s de faible poids \u00e0 la naissance, d'admissions \u00e0 l'h\u00f4pital, de calendriers de vaccination incomplets et de retard de croissance."", ""order"": 0, ""answers"": [{""answer_id"": ""04e0a6fd-1632-4d99-b084-f9d078509178"", ""value"": ""Faible poids de naissance"", ""correct"": true, ""order"": 0}, {""answer_id"": ""3549ff08-90d8-4a3d-8b70-f0053f8a7fcd"", ""value"": ""Admission \u00e0 l'h\u00f4pital"", ""correct"": true, ""order"": 1}, {""answer_id"": ""d35ee2f5-c315-42e0-b230-b758d3123e37"", ""value"": ""Calendriers de vaccination incomplets"", ""correct"": true, ""order"": 2}, {""answer_id"": ""e1bf9df5-b2d0-4751-9e69-77f3312bfcd7"", ""value"": ""B\u00e9b\u00e9s Grand pour l\u2019 \u00e2ge gestationnel"", ""correct"": false, ""order"": 3}]}]",
klp-3-what-should-you-do-if-you-experience-negative-personal-consequences-of-caring-for-women-with-perinatal-mental-health-conditions,What should you do if you experience negative personal consequences of caring for women with perinatal mental health conditions?,What should you do if you experience negative personal consequences of caring for women with perinatal mental health conditions?,3,translated,,africa,nanna@maternity.dk,6a146956-9f21-206a-98cf-55db7b0a8301,"[{""question_id"": ""what-should-you-do-if-you-experience-negative-personal-consequences-of-caring-for-women-with-perinatal-mental-health-conditions-_1671528933420"", ""question"": ""Que devez-vous faire si vous subissez des cons\u00e9quences personnelles n\u00e9gatives en prenant soin de femmes atteintes de troubles mentaux p\u00e9rinatals ?"", ""quizz_type"": ""severalCorrect"", ""icon"": ""bfe942b0b96644989dbeb741f1282aef"", ""link"": ""procedure:caring-for-the-carer_1670840245862"", ""link_type"": ""procedure"", ""show_toggle"": false, ""essential"": false, ""description"": ""La pratique des soins personnels et la recherche d'un soutien ou de counselling professionnels sont quelques-unes des fa\u00e7ons dont vous pouvez g\u00e9rer les cons\u00e9quences personnelles n\u00e9gatives des soins aux femmes atteintes de troubles mentaux p\u00e9rinatals."", ""order"": 0, ""answers"": [{""answer_id"": ""3558f0fd-96d9-4266-b8dc-247cadb2f15b"", ""value"": ""Prendre soin de soi"", ""correct"": true, ""order"": 0}, {""answer_id"": ""55f6ca8f-8a48-4d93-bf02-d5d5d8f034ff"", ""value"": ""Veuillez dire \u00e0 la femme que vous ne pouvez plus vous occuper d'elle"", ""correct"": false, ""order"": 1}, {""answer_id"": ""b2e36068-01a6-40db-be3f-938e47d3baa3"", ""value"": ""Ignorez-le et continuez comme d'habitude, \u00e7a passera probablement"", ""correct"": false, ""order"": 2}, {""answer_id"": ""50b13023-962d-4341-9c25-1a69f3a870d3"", ""value"": ""Rechercher un soutien ou des counseling professionnels"", ""correct"": true, ""order"": 3}]}]",
klp-3-people-with-schizophrenia-are-more-likely-to,People with schizophrenia are more likely to:,People with schizophrenia are more likely to:,3,translated,,africa,nanna@maternity.dk,6a146956-9f21-206a-98cf-55db7b0a8301,"[{""question_id"": ""people-with-schizophrenia-are-more-likely-to-_1671529313137"", ""question"": ""Les personnes atteintes de schizophr\u00e9nie sont plus susceptibles de :"", ""quizz_type"": ""severalCorrect"", ""icon"": ""552281c3cd84493db47e0409b72292a1"", ""link"": ""action-card:perinatal-mental-health-conditions_1669630736165"", ""link_type"": ""action-card"", ""show_toggle"": false, ""essential"": false, ""description"": ""Les personnes atteintes de schizophr\u00e9nie sont plus susceptibles d'abuser de substances, de vivre dans des logements sous-optimaux et de vivre l'isolement social."", ""order"": 0, ""answers"": [{""answer_id"": ""0dd6a5f8-4951-4440-91f8-61247e8fec48"", ""value"": ""Abus de substances"", ""correct"": true, ""order"": 0}, {""answer_id"": ""57c537ec-b6f4-4d2e-854d-c75b18ae38e7"", ""value"": ""Faire l'exp\u00e9rience de la stigmatisation"", ""correct"": true, ""order"": 1}, {""answer_id"": ""6c566b14-5e68-4e18-9e3c-e7a58b9d3266"", ""value"": ""Faire l'exp\u00e9rience de l'isolement social"", ""correct"": true, ""order"": 2}, {""answer_id"": ""979ebd7b-f66d-4cb4-bb18-256bdc2c8230"", ""value"": ""Avoir des grossesses g\u00e9mellaires"", ""correct"": false, ""order"": 3}]}]",
klp-3-symptoms-of-general-anxiety-disorder-include,Symptoms of general anxiety disorder include:,Symptoms of general anxiety disorder include:,3,translated,,africa,nanna@maternity.dk,6a146956-9f21-206a-98cf-55db7b0a8301,"[{""question_id"": ""symptoms-of-general-anxiety-disorder-include-_1671529383862"", ""question"": ""Les sympt\u00f4mes du trouble anxieux g\u00e9n\u00e9ral comprennent :"", ""quizz_type"": ""oneCorrect"", ""icon"": ""3fe53408faf148af8241f2bccd0634ae"", ""link"": ""action-card:perinatal-mental-health-conditions_1669630736165"", ""link_type"": ""action-card"", ""show_toggle"": false, ""essential"": false, ""description"": ""Des inqui\u00e9tudes excessives persistantes et des pens\u00e9es n\u00e9gatives r\u00e9p\u00e9titives qui peuvent submerger, affaiblir et distraire la femme, cr\u00e9ant des sentiments de stress et de peur sont tous des sympt\u00f4mes du trouble anxieux g\u00e9n\u00e9ral."", ""order"": 0, ""answers"": [{""answer_id"": ""0ef2af98-5f81-4f0b-a776-681735d8178a"", ""value"": ""Inqui\u00e9tude excessive persistante et pens\u00e9es n\u00e9gatives r\u00e9p\u00e9titives qui peuvent cr\u00e9er des sentiments de stress et de peur"", ""correct"": true, ""order"": 0}, {""answer_id"": ""72392124-4b9a-4f5a-b59c-ecc5509a3b8d"", ""value"": ""Peur extr\u00eame qui se traduit par des attaques de panique soudaines et r\u00e9currentes"", ""correct"": false, ""order"": 1}, {""answer_id"": ""65c2b962-849c-4bc3-a3a1-174b32638df4"", ""value"": ""Pens\u00e9es r\u00e9p\u00e9titives et ind\u00e9sirables et envies illogiques et extr\u00eames d'effectuer des actions sp\u00e9cifiques (compulsions)"", ""correct"": false, ""order"": 2}, {""answer_id"": ""cf4bd874-f9c8-41ec-a82b-81a7ad04926c"", ""value"": ""R\u00e9actions p\u00e9nibles et persistantes suite \u00e0 un \u00e9v\u00e9nement traumatique"", ""correct"": false, ""order"": 3}]}]",
klp-3-people-with-anxiety-often-experience,People with anxiety often experience:,People with anxiety often experience:,3,translated,,africa,nanna@maternity.dk,6a146956-9f21-206a-98cf-55db7b0a8301,"[{""question_id"": ""people-with-anxiety-often-experience-_1671529462867"", ""question"": ""Les personnes anxieuses \u00e9prouvent souvent :"", ""quizz_type"": ""oneCorrect"", ""icon"": ""3fe53408faf148af8241f2bccd0634ae"", ""link"": ""action-card:perinatal-mental-health-conditions_1669630736165"", ""link_type"": ""action-card"", ""show_toggle"": false, ""essential"": false, ""description"": ""L'anxi\u00e9t\u00e9 ressemble souvent \u00e0 du stress, de la peur, de l'inqui\u00e9tude ou \u00e0 un manque de capacit\u00e9 \u00e0 contr\u00f4ler ses pens\u00e9es. "", ""order"": 0, ""answers"": [{""answer_id"": ""042757e8-9804-47cf-ad74-3aa68aa02490"", ""value"": ""Stress, peur, inqui\u00e9tude, manque de capacit\u00e9 \u00e0 contr\u00f4ler ses pens\u00e9es"", ""correct"": true, ""order"": 0}, {""answer_id"": ""d48cf9d3-b595-41b5-8edd-200fc2740c63"", ""value"": ""Manque de contr\u00f4le des impulsions, parfois euphorique, entend des voix, manque de d\u00e9sir de dormir ou de manger"", ""correct"": false, ""order"": 1}, {""answer_id"": ""9dc72371-1adc-4855-bbd6-6c6869e4fde6"", ""value"": ""Sentiments n\u00e9gatifs de d\u00e9sespoir et incapacit\u00e9 \u00e0 profiter des activit\u00e9s quotidiennes"", ""correct"": false, ""order"": 2}, {""answer_id"": ""1e0c75fd-8f4b-489c-9dc8-b2263429d2bb"", ""value"": ""Pens\u00e9es suicidaires"", ""correct"": false, ""order"": 3}]}]",
klp-3-why-may-women-not-want-to-disclose-a-history-of-mental-health-conditions,Why may women not want to disclose a history of mental health conditions?,Why may women not want to disclose a history of mental health conditions?,3,translated,,africa,nanna@maternity.dk,6a146956-9f21-206a-98cf-55db7b0a8301,"[{""question_id"": ""why-may-women-not-want-to-disclose-a-history-of-mental-health-conditions-_1671529597188"", ""question"": ""Pourquoi les femmes peuvent-elles ne pas vouloir divulguer leurs ant\u00e9c\u00e9dents de probl\u00e8mes de sant\u00e9 mentale ?"", ""quizz_type"": ""severalCorrect"", ""icon"": ""1df57a9fa38841b587989cc45b19713e"", ""link"": ""video:/Perinatal Mental Health/screening"", ""link_type"": ""video"", ""show_toggle"": false, ""essential"": false, ""description"": ""Les femmes peuvent ne pas divulguer leurs ant\u00e9c\u00e9dents de troubles mentaux en raison de la honte, de la culpabilit\u00e9, de l'embarras, de la peur d'\u00eatre jug\u00e9es, de la peur de la stigmatisation ou de la peur que leur b\u00e9b\u00e9 leur soit enlev\u00e9."", ""order"": 0, ""answers"": [{""answer_id"": ""2167e5b0-2f8e-4235-aaf6-64b43b57dd3d"", ""value"": ""Peur d'\u00eatre jug\u00e9 en tant que m\u00e8re"", ""correct"": true, ""order"": 0}, {""answer_id"": ""9497fd76-006c-4eef-a858-5b3dec5297f8"", ""value"": ""Honte, culpabilit\u00e9 et embarras"", ""correct"": true, ""order"": 1}, {""answer_id"": ""6aa49c8d-5a01-4224-ba51-aa959870c8a8"", ""value"": ""Peur que leur b\u00e9b\u00e9 soit enlev\u00e9"", ""correct"": true, ""order"": 2}, {""answer_id"": ""246410bc-6f08-4d94-bec7-41436c9bfe8b"", ""value"": ""Peur de la stigmatisation"", ""correct"": true, ""order"": 3}]}]",
klp-3-why-would-you-suspect-that-the-woman-has-depression-and-not-the-baby-blues,Why would you suspect that the woman has depression and not the baby blues?,Why would you suspect that the woman has depression and not the baby blues?,3,translated,,africa,nanna@maternity.dk,6a146956-9f21-206a-98cf-55db7b0a8301,"[{""question_id"": ""why-would-you-suspect-that-the-woman-has-depression-and-not-the-baby-blues-_1671529712558"", ""question"": ""Pourquoi suspecteriez-vous que la femme souffre de d\u00e9pression et non de baby blues ?"", ""quizz_type"": ""severalCorrect"", ""icon"": ""27ddf4e3347a4e49981972b2455fed6a"", ""link"": ""video:/Perinatal Mental Health/diagnosis_symptoms"", ""link_type"": ""video"", ""show_toggle"": false, ""essential"": false, ""description"": ""Comparativement au baby blues, la d\u00e9pression p\u00e9rinatale a tendance \u00e0 persister plus de quelques jours, et s'aggrave souvent avec le temps."", ""order"": 0, ""answers"": [{""answer_id"": ""44e30fda-953d-4b5b-bcc4-9761c9df8d25"", ""value"": ""Les sympt\u00f4mes persistent pendant plus de plusieurs jours"", ""correct"": true, ""order"": 0}, {""answer_id"": ""a59d82d4-6487-4eaf-a8a6-c10c5c453c78"", ""value"": ""Les sympt\u00f4mes s'aggravent"", ""correct"": true, ""order"": 1}, {""answer_id"": ""0a85133b-272c-4d39-b724-78b17db9681c"", ""value"": ""Aucun ant\u00e9c\u00e9dent personnel ou familial de probl\u00e8mes de sant\u00e9 mentale"", ""correct"": false, ""order"": 2}, {""answer_id"": ""3e9a6485-478d-4d6f-ac3d-89161ecb6b59"", ""value"": ""Les sympt\u00f4mes apparaissent dans les 2 premi\u00e8res semaines apr\u00e8s l'accouchement"", ""correct"": false, ""order"": 3}]}]",
klp-3-talking-therapy-empathetic-counselling-includes,Talking therapy/empathetic counselling includes:,Talking therapy/empathetic counselling includes:,3,translated,,africa,nanna@maternity.dk,6a146956-9f21-206a-98cf-55db7b0a8301,"[{""question_id"": ""talking-therapyempathetic-counselling-includes-_1671529791509"", ""question"": ""La th\u00e9rapie par la parole/le counseling empathique comprend :"", ""quizz_type"": ""severalCorrect"", ""icon"": ""712052b03fe545f78242837bcc120981"", ""link"": ""procedure:treatment-options_1670840222127"", ""link_type"": ""procedure"", ""show_toggle"": false, ""essential"": false, ""description"": ""Les th\u00e9rapies par la parole ou les counseling empathiques comprennent l'utilisation de la r\u00e9flexion, de l'\u00e9coute active et de l'entretien motivationnel."", ""order"": 0, ""answers"": [{""answer_id"": ""746ac9f3-6d57-44a3-970d-a338ae25a336"", ""value"": ""Utiliser l'\u00e9coute r\u00e9fl\u00e9chie et active"", ""correct"": true, ""order"": 0}, {""answer_id"": ""53f8382a-5683-45fb-92c3-8bce9093592d"", ""value"": ""Accro\u00eetre les connaissances et la compr\u00e9hension de la femme de son \u00e9tat de sant\u00e9 mentale p\u00e9rinatale et des options de traitement"", ""correct"": false, ""order"": 1}, {""answer_id"": ""07e5586f-dc85-4847-9d29-5b7e0b77af8a"", ""value"": ""Entretien motivationnel, o\u00f9 vous encouragez la femme \u00e0 parler de son besoin et de son d\u00e9sir de changement"", ""correct"": true, ""order"": 2}, {""answer_id"": ""73858e31-8d7b-4a2c-9c5f-44e0c61591c4"", ""value"": ""Expliquer les signes, les sympt\u00f4mes, les risques et les effets secondaires potentiels des m\u00e9dicaments"", ""correct"": false, ""order"": 3}]}]",
klp-3-which-of-the-following-are-guiding-principles-for-clinicians-to-adapt-their-practice-into-trauma-informed-care,Which of the following are guiding principles for clinicians to adapt their practice into trauma-informed care?,Which of the following are guiding principles for clinicians to adapt their practice into trauma-informed care?,3,translated,,africa,nanna@maternity.dk,6a146956-9f21-206a-98cf-55db7b0a8301,"[{""question_id"": ""which-of-the-following-are-guiding-principles-for-clinicians-to-adapt-their-practice-into-trauma-informed-care-_1671529855079"", ""question"": ""Parmi les principes suivants, lesquels sont des principes directeurs permettant aux cliniciens d'adapter leur pratique aux soins tenant compte des traumatismes ?"", ""quizz_type"": ""severalCorrect"", ""icon"": ""d9abb2bf4e5f4c7aa5f5c97c2b880943"", ""link"": ""procedure:treatment-options_1670840222127"", ""link_type"": ""procedure"", ""show_toggle"": false, ""essential"": false, ""description"": ""Les six principes directeurs des soins tenant compte des traumatismes sont : la s\u00e9curit\u00e9, la collaboration, la confiance, l'autonomisation, le choix et le respect de la diversit\u00e9."", ""order"": 0, ""answers"": [{""answer_id"": ""84f7b0af-5284-4fca-9301-1a5efae32750"", ""value"": ""S\u00e9curit\u00e9 et collaboration"", ""correct"": true, ""order"": 0}, {""answer_id"": ""a6de8157-b022-428f-9a3e-63cff12a5e3c"", ""value"": ""Confiance et autonomisation"", ""correct"": true, ""order"": 1}, {""answer_id"": ""31c5ad25-0559-44c9-9008-d3a7dd49877b"", ""value"": ""Choix et respect de la diversit\u00e9"", ""correct"": true, ""order"": 2}, {""answer_id"": ""d2b565cf-4acb-4474-a2f9-9430381320e0"", ""value"": ""Honn\u00eatet\u00e9 et Praticit\u00e9"", ""correct"": false, ""order"": 3}]}]",
klp-3-what-percentage-of-the-population-suffer-from-schizophrenia,What percentage of the population suffer from schizophrenia?,What percentage of the population suffer from schizophrenia?,3,translated,,africa,nanna@maternity.dk,6a146956-9f21-206a-98cf-55db7b0a8301,"[{""question_id"": ""what-percentage-of-the-population-suffer-from-schizophrenia-_1671529924029"", ""question"": ""Quel pourcentage de la population souffre de schizophr\u00e9nie ?"", ""quizz_type"": ""oneCorrect"", ""icon"": ""11bc8883a4334fae857bc11af472925f"", ""link"": ""action-card:perinatal-mental-health-conditions_1669630736165"", ""link_type"": ""action-card"", ""show_toggle"": false, ""essential"": false, ""description"": ""1 \u00e0 2 % de la population souffre de schizophr\u00e9nie."", ""order"": 0, ""answers"": [{""answer_id"": ""d759e45e-bca3-4f3f-9d2a-040ce0c543e5"", ""value"": ""4-5%"", ""correct"": false, ""order"": 0}, {""answer_id"": ""806bafa8-72ea-4425-80f9-751afe57e925"", ""value"": ""1-2%"", ""correct"": true, ""order"": 1}, {""answer_id"": ""510c623b-2bea-4fbd-9b0b-1377017f182d"", ""value"": ""0.5%"", ""correct"": false, ""order"": 2}, {""answer_id"": ""78ff5185-036c-4b00-b08e-e529a7b76f2f"", ""value"": ""10%"", ""correct"": false, ""order"": 3}]}]",
klp-3-cognitive-behavioural-therapy-cbt-aims-to,Cognitive behavioural therapy (CBT) aims to:,Cognitive behavioural therapy (CBT) aims to:,3,translated,,africa,nanna@maternity.dk,6a146956-9f21-206a-98cf-55db7b0a8301,"[{""question_id"": ""cognitive-behavioural-therapy-cbt-aims-to-_1671530005916"", ""question"": ""La th\u00e9rapie cognitivo-comportementale (TCC) vise \u00e0 :"", ""quizz_type"": ""severalCorrect"", ""icon"": ""5326c23307064abcad6bb761f0511e33"", ""link"": ""procedure:treatment-options_1670840222127"", ""link_type"": ""procedure"", ""show_toggle"": false, ""essential"": false, ""description"": ""La th\u00e9rapie cognitivo-comportementale vise \u00e0 :\n\nEnseigner les comp\u00e9tences n\u00e9cessaires pour g\u00e9rer les pens\u00e9es n\u00e9gatives intrusives, reconstruire l'estime de soi et l'identit\u00e9 de soi, et am\u00e9liorer les sympt\u00f4mes aigus en aidant \u00e0 recadrer les sch\u00e9mas de pens\u00e9e d\u00e9rangeants.\n"", ""order"": 0, ""answers"": [{""answer_id"": ""4adf4999-d5fb-4594-9e3d-c0a9d25bbd0d"", ""value"": ""Enseigner des comp\u00e9tences pour faire face aux pens\u00e9es n\u00e9gatives intrusives"", ""correct"": true, ""order"": 0}, {""answer_id"": ""e9f72425-cff9-491c-a15e-3a76e3b08877"", ""value"": ""Reconstruire l'estime de soi et l'identit\u00e9 de soi"", ""correct"": true, ""order"": 1}, {""answer_id"": ""dd4581cb-52c6-43ee-a3b5-254e822bd7e3"", ""value"": ""Aider les femmes \u00e0 ignorer les traumatismes pass\u00e9s"", ""correct"": false, ""order"": 2}, {""answer_id"": ""3d8b2422-0c64-44cd-bd07-52e6e20ed769"", ""value"": ""Am\u00e9liorer les sympt\u00f4mes aigus en aidant \u00e0 recadrer les sch\u00e9mas de pens\u00e9e d\u00e9rangeants"", ""correct"": true, ""order"": 3}]}]",
klp-3-put-these-three-action-principles-of-psychological-first-aid-in-the-correct-order,Put these three action principles of psychological first aid in the correct order:,Put these three action principles of psychological first aid in the correct order:,3,translated,,africa,annmarie@maternity.dk,6a146956-9f21-206a-98cf-55db7b0a8301,"[{""question_id"": ""put-these-three-action-principles-of-psychological-first-aid-in-the-correct-order-_1671530114121"", ""question"": ""Mettez ces trois principes d'action des premiers secours psychologiques dans le bon ordre :"", ""quizz_type"": ""chooseOrder"", ""icon"": ""d9abb2bf4e5f4c7aa5f5c97c2b880943"", ""link"": ""video:/Perinatal Mental Health/prevention_and_treatment"", ""link_type"": ""video"", ""show_toggle"": false, ""essential"": false, ""description"": ""Les 3 \u00e9tapes des premiers secours psychologiques sont :\n\n1) Regardez : V\u00e9rifiez que la femme est en s\u00e9curit\u00e9\n\n2) \u00c9coutez : posez des questions sur les pr\u00e9occupations de la femme et \u00e9coutez calmement\n\n3) Lien : Aidez la femme \u00e0 r\u00e9pondre \u00e0 ses besoins de base en acc\u00e9dant \u00e0 des services pour elle\n"", ""order"": 0, ""answers"": [{""answer_id"": ""2a184d14-1e7a-4b4b-be98-6be65174e59e"", ""value"": ""Regardez : V\u00e9rifiez que la femme est en s\u00e9curit\u00e9 "", ""correct"": false, ""order"": 0}, {""answer_id"": ""8e8b1973-27a7-4403-910f-788a101bc05c"", ""value"": ""\u00c9coutez : posez des questions sur les pr\u00e9occupations de la femme et \u00e9coutez calmement\n"", ""correct"": false, ""order"": 1}, {""answer_id"": ""a19dc7c9-96d8-4395-adf5-aa92377bc6e8"", ""value"": ""Lien : Aidez la femme \u00e0 r\u00e9pondre \u00e0 ses besoins de base en acc\u00e9dant \u00e0 des services pour elle "", ""correct"": false, ""order"": 2}]}]",
klp-3-high-levels-of-cortisol-in-the-blood-due-to-prolonged-maternal-anxiety-can-be-damaging-to-the-foetus-s,High levels of cortisol in the blood due to prolonged maternal anxiety can be damaging to the foetus's:,High levels of cortisol in the blood due to prolonged maternal anxiety can be damaging to the foetus's:,3,translated,,africa,nanna@maternity.dk,6a146956-9f21-206a-98cf-55db7b0a8301,"[{""question_id"": ""high-levels-of-cortisol-in-the-blood-due-to-prolonged-maternal-anxiety-can-be-damaging-to-the-foetuss-_1671530196726"", ""question"": ""Des niveaux \u00e9lev\u00e9s de cortisol dans le sang dus \u00e0 une anxi\u00e9t\u00e9 maternelle prolong\u00e9e peuvent \u00eatre nocifs pour le f\u0153tus :"", ""quizz_type"": ""severalCorrect"", ""icon"": ""cc7b4b292fd84aad92b752341c30a5ce"", ""link"": ""action-card:perinatal-mental-health-conditions_1669630736165"", ""link_type"": ""action-card"", ""show_toggle"": false, ""essential"": false, ""description"": ""Des niveaux \u00e9lev\u00e9s de cortisol dus \u00e0 une anxi\u00e9t\u00e9 maternelle prolong\u00e9e peuvent entra\u00eener un mauvais d\u00e9veloppement neurologique du f\u0153tus et une probabilit\u00e9 accrue de d\u00e9velopper des troubles schizophr\u00e9niques plus tard dans la vie."", ""order"": 0, ""answers"": [{""answer_id"": ""8c236a22-4e6c-47bf-ac63-ab507dd28b8d"", ""value"": ""Neurod\u00e9veloppement"", ""correct"": true, ""order"": 0}, {""answer_id"": ""f07b76c9-9405-4fcc-a98f-7416254acbef"", ""value"": ""D\u00e9veloppement cardiovasculaire"", ""correct"": false, ""order"": 1}, {""answer_id"": ""b37deb4f-4f7e-4ef5-9c59-a8768e216e07"", ""value"": ""D\u00e9veloppement h\u00e9patique"", ""correct"": false, ""order"": 2}, {""answer_id"": ""bb753bf1-19dd-4cb9-a769-f8d1ec05c4d6"", ""value"": ""Probabilit\u00e9 de d\u00e9velopper des troubles schizophr\u00e9niques plus tard dans la vie"", ""correct"": true, ""order"": 3}]}]",
klp-1-short-acting-contraceptives-can-only-be-used-over-short-periods-of-time-true-or-false,Short-acting contraceptives can only be used over short periods of time. True or false,Short-acting contraceptives can only be used over short periods of time. True or false,1,translated,,africa,nanna@maternity.dk,6a146956-9f21-206a-98cf-55db7b0a8301,"[{""question_id"": ""short-acting-contraceptives-can-only-be-used-over-a-short-period-of-time-true-or-false-_1676627497073"", ""question"": ""Les contraceptifs \u00e0 courte dur\u00e9e d\u2019action ne peuvent \u00eatre utilis\u00e9s que sur une courte p\u00e9riode. Vrai ou faux?"", ""quizz_type"": ""oneCorrect"", ""icon"": ""c55da3ff84754ecba4b29d5e453abf4e"", ""link_type"": null, ""show_toggle"": false, ""essential"": false, ""description"": ""Les contraceptifs \u00e0 courte dur\u00e9e d\u2019action peuvent \u00eatre utilis\u00e9s sur des p\u00e9riodes courtes ou plus longues."", ""order"": 0, ""answers"": [{""answer_id"": ""e0908de6-c139-42a2-b97f-726418e08e1f"", ""value"": ""Vrai"", ""correct"": false, ""order"": 0}, {""answer_id"": ""deee86f7-ec61-45c4-8019-c79430fd46f1"", ""value"": ""Faux"", ""correct"": true, ""order"": 1}]}]",
klp-1-the-procedure-of-inserting-an-implant-must-be-aseptic-true-or-false,The procedure of inserting an implant must be aseptic. True or false?,The procedure of inserting an implant must be aseptic. True or false?,1,translated,,africa,nanna@maternity.dk,6a146956-9f21-206a-98cf-55db7b0a8301,"[{""question_id"": ""the-procedure-technique-of-inserting-an-implant-must-be-aseptic-true-or-false-_1676627607027"", ""question"": ""La technique op\u00e9ratoire d\u2019insertion d\u2019un implant doit \u00eatre aseptique. Vrai ou faux ?"", ""quizz_type"": ""oneCorrect"", ""icon"": ""354fbbc0d01a4a73bbba06af9c5bd224"", ""link_type"": null, ""show_toggle"": false, ""essential"": false, ""description"": ""La proc\u00e9dure d'insertion d'un implant doit \u00eatre aseptique pour \u00e9viter toute infection."", ""order"": 0, ""answers"": [{""answer_id"": ""306a4a33-8c31-49cb-b819-571b621a9879"", ""value"": ""Vrai"", ""correct"": true, ""order"": 0}, {""answer_id"": ""64418ba9-da79-4bce-a095-d46fb7069b36"", ""value"": ""Faux"", ""correct"": false, ""order"": 1}]}]",
klp-1-if-a-woman-needs-a-new-implant-after-having-one-removed-where-can-the-new-implant-be-inserted,"If a woman needs a new implant after having one removed, where can the new implant be inserted?","If a woman needs a new implant after having one removed, where can the new implant be inserted?",1,translated,,africa,nanna@maternity.dk,6a146956-9f21-206a-98cf-55db7b0a8301,"[{""question_id"": ""if-a-woman-needs-a-new-implant-after-having-one-removed-where-can-the-new-implant-be-inserted-_1676627686184"", ""question"": ""Si une femme a besoin d\u2019un nouvel implant apr\u00e8s en avoir retir\u00e9 un, o\u00f9 le nouvel implant peut-il \u00eatre ins\u00e9r\u00e9 ?"", ""quizz_type"": ""severalCorrect"", ""icon"": ""3f1e3daacbc440e2b6be1ae62054dae8"", ""link_type"": null, ""show_toggle"": false, ""essential"": false, ""description"": ""Si une femme a besoin d\u2019un nouvel implant apr\u00e8s en avoir retir\u00e9 un, celui-ci ne doit pas \u00eatre ins\u00e9r\u00e9 dans l\u2019ancien site d\u2019incision."", ""order"": 0, ""answers"": [{""answer_id"": ""beb088ed-d715-4515-a806-f52cc5c64d24"", ""value"": ""Sous l'ancienne incision"", ""correct"": true, ""order"": 0}, {""answer_id"": ""2ca551eb-65d1-44e8-8324-3073875039ba"", ""value"": ""Au-dessus de l'ancienne incision"", ""correct"": true, ""order"": 1}, {""answer_id"": ""489ee46e-5669-415b-a11e-d46008923fce"", ""value"": ""Dans la m\u00eame incision"", ""correct"": false, ""order"": 2}, {""answer_id"": ""89dfdc9b-1d71-4847-b1c4-d762333364f0"", ""value"": ""Dans l'autre bras"", ""correct"": true, ""order"": 3}]}]",
klp-1-after-inserting-the-iud-ius-at-what-length-should-you-cut-the-strings,"After inserting the IUD/IUS, at what length should you cut the strings?","After inserting the IUD/IUS, at what length should you cut the strings?",1,translated,,africa,nanna@maternity.dk,6a146956-9f21-206a-98cf-55db7b0a8301,"[{""question_id"": ""after-inserting-the-iudius-how-long-should-you-leave-the-strings-_1676627739536"", ""question"": ""Apr\u00e8s avoir ins\u00e9r\u00e9 le DIU/IUS, combien de longueur devez-vous laisser les fils ?"", ""quizz_type"": ""oneCorrect"", ""icon"": ""2092a16e402a4e319306d3491620a1f5"", ""link_type"": null, ""show_toggle"": false, ""essential"": false, ""description"": ""Une fois que vous avez ins\u00e9r\u00e9 un DIU/SIU, coupez les fils \u00e0 3 cm du col."", ""order"": 0, ""answers"": [{""answer_id"": ""b28dcda1-757c-450d-97a5-6a4666344a28"", ""value"": ""La longueur du vagin de la femme"", ""correct"": false, ""order"": 0}, {""answer_id"": ""95da3c85-b904-4f59-ac97-4567dd42dabe"", ""value"": ""3 cm du col"", ""correct"": true, ""order"": 1}, {""answer_id"": ""30b74bc7-0caa-42a9-93a2-910c21647c98"", ""value"": ""1 cm du col"", ""correct"": false, ""order"": 2}, {""answer_id"": ""dd6360ee-0c36-42c3-8c30-812f359ac8b7"", ""value"": ""Ce n'est pas important"", ""correct"": false, ""order"": 3}]}]",
klp-1-a-woman-with-hiv-can-safely-get-an-implant-true-or-false,A woman with HIV can safely get an implant. True or false?,A woman with HIV can safely get an implant. True or false?,1,translated,,africa,nanna@maternity.dk,6a146956-9f21-206a-98cf-55db7b0a8301,"[{""question_id"": ""a-woman-with-hiv-can-safely-get-an-implant-true-or-false-_1676627782859"", ""question"": ""Une femme s\u00e9ropositive peut se faire poser un implant en toute s\u00e9curit\u00e9. Vrai ou faux ?"", ""quizz_type"": ""oneCorrect"", ""icon"": ""0c79f789328e4474ba7b405d3b365369"", ""link_type"": null, ""show_toggle"": false, ""essential"": false, ""description"": ""Une femme s\u00e9ropositive peut se faire poser un implant en toute s\u00e9curit\u00e9."", ""order"": 0, ""answers"": [{""answer_id"": ""501625b4-a495-4bc7-9ad5-d441d4b77914"", ""value"": ""Vrai"", ""correct"": true, ""order"": 0}, {""answer_id"": ""ea7081c0-e014-4107-a69f-2be9aee8bc0c"", ""value"": ""Faux"", ""correct"": false, ""order"": 1}]}]",
klp-1-combined-oral-contraception-contains-artificial-versions-of-which-naturally-occurring-hormones,Combined oral contraception contains artificial versions of which naturally occurring hormones?,Combined oral contraception contains artificial versions of which naturally occurring hormones?,1,translated,,africa,nanna@maternity.dk,6a146956-9f21-206a-98cf-55db7b0a8301,"[{""question_id"": ""combined-oral-contraception-contains-artificial-versions-of-which-naturally-occurring-hormones-_1676627882763"", ""question"": ""Quelles hormones naturelles contiennent des versions artificielles des contraceptifs oraux combin\u00e9s ?"", ""quizz_type"": ""severalCorrect"", ""icon"": ""a538a0a27ad64984b6d22c9bb421fd6d"", ""link_type"": null, ""show_toggle"": false, ""essential"": false, ""description"": ""La contraception orale combin\u00e9e contient des versions artificielles de progest\u00e9rone et d'\u0153strog\u00e8ne."", ""order"": 0, ""answers"": [{""answer_id"": ""77587169-fc8b-45dc-bfe2-9686044a542e"", ""value"": ""Testost\u00e9rone"", ""correct"": false, ""order"": 0}, {""answer_id"": ""06b5fc92-1da6-4b18-97be-aadb0aacd74c"", ""value"": ""Progest\u00e9rone"", ""correct"": true, ""order"": 1}, {""answer_id"": ""328b03a8-ff1c-4720-91ff-9b8cad98cf53"", ""value"": ""Hormone lut\u00e9inisante"", ""correct"": false, ""order"": 2}, {""answer_id"": ""066cb1f3-8917-46c8-b1b5-a19478ce7b09"", ""value"": ""\u0152strog\u00e8ne"", ""correct"": true, ""order"": 3}]}]",
klp-1-which-of-the-following-are-important-before-deciding-on-a-contraceptive,Which of the following are important before deciding on a contraceptive?,Which of the following are important before deciding on a contraceptive?,1,translated,,africa,nanna@maternity.dk,6a146956-9f21-206a-98cf-55db7b0a8301,"[{""question_id"": ""which-of-the-following-are-important-before-deciding-on-a-contraceptive-_1676627971569"", ""question"": ""Parmi les \u00e9l\u00e9ments suivants, lesquels sont importants avant de choisir un contraceptif ?"", ""quizz_type"": ""severalCorrect"", ""icon"": ""766dd9c1ea894ac8858e396546e15760"", ""link_type"": null, ""show_toggle"": false, ""essential"": false, ""description"": ""Avant de choisir un contraceptif,il est  important:\nQue la femme comprenne les effets secondaires, les b\u00e9n\u00e9fices pour la sant\u00e9 et les risques\nQue la femme sache comment l'utiliser efficacement et en toute s\u00e9curit\u00e9\n\nQue la femme s'est vu proposer diverses m\u00e9thodes afin qu'elle puisse donner sa pr\u00e9f\u00e9rence\n"", ""order"": 0, ""answers"": [{""answer_id"": ""0827ee2f-e26d-4879-b762-eb3f89acfe93"", ""value"": ""Que la femme comprenne les effets secondaires, les b\u00e9n\u00e9fices pour la sant\u00e9 et les risques"", ""correct"": true, ""order"": 0}, {""answer_id"": ""42de51fe-356e-484e-ac93-a2e15afb3d33"", ""value"": ""Que la femme sache comment l'utiliser efficacement et en toute s\u00e9curit\u00e9"", ""correct"": true, ""order"": 1}, {""answer_id"": ""79acbff7-ccbf-4543-b6a8-d95c6849f37e"", ""value"": ""Qu'elle obtient le consentement de son partenaire"", ""correct"": false, ""order"": 2}, {""answer_id"": ""fd4a9cdd-6edc-4d8e-ac9d-58257ee3d581"", ""value"": ""Que la femme s'est vu proposer diverses m\u00e9thodes afin qu'elle puisse donner sa pr\u00e9f\u00e9rence"", ""correct"": true, ""order"": 3}]}]",
klp-1-what-is-important-for-providing-successful-counselling,What is important for providing successful counselling?,What is important for providing successful counselling?,1,translated,,africa,nanna@maternity.dk,6a146956-9f21-206a-98cf-55db7b0a8301,"[{""question_id"": ""what-is-important-for-providing-successful-counselling-_1676628039409"", ""question"": ""Qu\u2019est-ce qui est important pour fournir des counseling r\u00e9ussis ?"", ""quizz_type"": ""severalCorrect"", ""icon"": ""0c79f789328e4474ba7b405d3b365369"", ""link_type"": null, ""show_toggle"": false, ""essential"": false, ""description"": ""Un conselling reussi implique: \nMontrer du respect\nLaisser les souhaits et les besoins de la femme guider la discussion\nUn cadre priv\u00e9\nV\u00e9rifier la compr\u00e9hension de la femme\n"", ""order"": 0, ""answers"": [{""answer_id"": ""75b79c31-c8e0-4ea1-a6bd-4d40793502ec"", ""value"": ""Pour montrer du respect"", ""correct"": true, ""order"": 0}, {""answer_id"": ""1c49fc70-b667-4c9e-82b0-9883ff0ea979"", ""value"": ""Laissez les souhaits et les besoins de la femme guider la discussion"", ""correct"": true, ""order"": 1}, {""answer_id"": ""dc98e0c3-8d27-432f-a1a1-45e9bf1837d8"", ""value"": ""Un cadre priv\u00e9"", ""correct"": true, ""order"": 2}, {""answer_id"": ""65d6b6db-6767-4efa-b393-fce2b1d3ed63"", ""value"": ""V\u00e9rifiez la compr\u00e9hension de la femme"", ""correct"": true, ""order"": 3}]}]",
klp-1-what-type-of-checks-need-to-be-done-before-inserting-an-intrauterine-device-iud-ius,What type of checks need to be done before inserting an intrauterine device (IUD/IUS)?,What type of checks need to be done before inserting an intrauterine device (IUD/IUS)?,1,translated,,africa,nanna@maternity.dk,6a146956-9f21-206a-98cf-55db7b0a8301,"[{""question_id"": ""what-type-of-checks-needs-to-be-done-before-inserting-an-intrauterine-device-iudius-_1676628152915"", ""question"": ""Quels types de contr\u00f4les faut-il effectuer avant d'ins\u00e9rer un dispositif intra-ut\u00e9rin (DIU/IUS) ?"", ""quizz_type"": ""severalCorrect"", ""icon"": ""f9fc11dbd64c4b9eb88e3d93c82f4227"", ""link_type"": null, ""show_toggle"": false, ""essential"": false, ""description"": ""Avant de poser un DIU ou un SIU, vous devez :\nEffectuer un examen bimanuel\nExaminer le col\nS'assurer de l\u2019absence de grossesse\nS\u2019assurer de l\u2019absence de maladies sexuellement transmissibles\n"", ""order"": 0, ""answers"": [{""answer_id"": ""3318a135-e173-47ab-820e-c674bb0ced43"", ""value"": ""Examen bimanuel"", ""correct"": true, ""order"": 0}, {""answer_id"": ""30fe0a5f-b133-4f0f-9da3-5bacd677b68a"", ""value"": ""Examiner le col"", ""correct"": true, ""order"": 1}, {""answer_id"": ""e83513fc-7c37-4ff4-9d07-449eaba1418f"", ""value"": ""Absence de grossesse"", ""correct"": true, ""order"": 2}, {""answer_id"": ""b8a141a4-4ac8-4923-ae09-83d7e782d038"", ""value"": ""Absence de maladies sexuellement transmissibles"", ""correct"": true, ""order"": 3}]}]",
klp-2-which-piece-of-equipment-is-not-needed-when-inserting-an-implant,Which piece of equipment is not needed when inserting an implant?,Which piece of equipment is not needed when inserting an implant?,2,translated,,africa,nanna@maternity.dk,6a146956-9f21-206a-98cf-55db7b0a8301,"[{""question_id"": ""which-piece-of-equipment-is-not-needed-when-inserting-an-implant-_1676628222536"", ""question"": ""Quel \u00e9quipement n\u2019est pas n\u00e9cessaire lors de l\u2019insertion d\u2019un implant ?"", ""quizz_type"": ""oneCorrect"", ""icon"": ""8120ab224c854412828e3ba7703aae25"", ""link_type"": null, ""show_toggle"": false, ""essential"": false, ""description"": ""Un fil de suture et une aiguille ne sont pas n\u00e9cessaires lors de l\u2019insertion d\u2019un implant. "", ""order"": 0, ""answers"": [{""answer_id"": ""808d4f09-f5b3-4694-9e5b-4aeb4e5929d3"", ""value"": ""Solution antiseptique"", ""correct"": false, ""order"": 0}, {""answer_id"": ""fe7ff777-58c3-40d7-93d0-1127b38c2ba5"", ""value"": ""Bistouri"", ""correct"": false, ""order"": 1}, {""answer_id"": ""71dcee2c-b12c-4309-acd3-93264d1e0ed8"", ""value"": ""Fil et aiguille de suture"", ""correct"": true, ""order"": 2}, {""answer_id"": ""83bd351c-1209-44bf-ac1c-3e559cd61b2b"", ""value"": ""An\u00e9sth\u00e9sie locale"", ""correct"": false, ""order"": 3}]}]",
klp-2-which-methods-are-categorised-as-long-acting-reversible-contraceptives,Which methods are categorised as long-acting reversible contraceptives?,Which methods are categorised as long-acting reversible contraceptives?,2,translated,,africa,nanna@maternity.dk,6a146956-9f21-206a-98cf-55db7b0a8301,"[{""question_id"": ""which-methods-are-categorised-as-long-acting-reversible-contraceptives-_1676628342428"", ""question"": ""Quelles m\u00e9thodes sont class\u00e9es comme contraceptifs r\u00e9versibles \u00e0 action prolong\u00e9e ?"", ""quizz_type"": ""severalCorrect"", ""icon"": ""29986f4fe19e47f38460fa7274970f36"", ""link_type"": null, ""show_toggle"": false, ""essential"": false, ""description"": ""Les implants et dispositifs intra-ut\u00e9rins (DIU/SIU) sont des contraceptifs r\u00e9versibles \u00e0 action prolong\u00e9e."", ""order"": 0, ""answers"": [{""answer_id"": ""7f90b4b3-7ff2-4061-ae3e-950450c4f27b"", ""value"": ""Implant  "", ""correct"": true, ""order"": 0}, {""answer_id"": ""d0766af4-d04b-4f97-a83b-293c4f2ca3dc"", ""value"": ""Injectables"", ""correct"": false, ""order"": 1}, {""answer_id"": ""c9dd8bff-32f8-4e00-98ce-35474ef10152"", ""value"": ""Dispositifs intra-ut\u00e9rins (DIU/IUS)"", ""correct"": true, ""order"": 2}, {""answer_id"": ""34ddda21-636b-480d-bf25-19b7be336fd4"", ""value"": ""Ligature des trompes"", ""correct"": false, ""order"": 3}]}]",
klp-2-when-does-a-woman-not-qualify-to-get-an-iud,When does a woman not qualify to get an IUD?,When does a woman not qualify to get an IUD?,2,translated,,africa,nanna@maternity.dk,6a146956-9f21-206a-98cf-55db7b0a8301,"[{""question_id"": ""when-does-a-woman-not-qualify-to-get-an-iud-_1676628416733"", ""question"": ""Quand une femme n\u2019est-elle pas \u00e9ligible pour obtenir un DIU ?"", ""quizz_type"": ""severalCorrect"", ""icon"": ""b3c56b0a2e1f4dbc969a7bd83de0275c"", ""link_type"": null, ""show_toggle"": false, ""essential"": false, ""description"": ""Une femme n\u2019a pas droit \u00e0 un DIU si elle est enceinte ou si elle souffre de gonorrh\u00e9e ou de chlamydia."", ""order"": 0, ""answers"": [{""answer_id"": ""817559dd-ff33-468c-9b3e-c3081ae44963"", ""value"": ""Si elle est enceinte"", ""correct"": true, ""order"": 0}, {""answer_id"": ""76e46afa-92ad-434b-ab44-e7510ae2a659"", ""value"": ""Si elle a la gonorrh\u00e9e ou la chlamydia"", ""correct"": true, ""order"": 1}, {""answer_id"": ""e0f35275-8a62-4f3c-ac11-ee6431df93f4"", ""value"": "". Imm\u00e9diatement apr\u00e8s un avortement chirurgical ou m\u00e9dicamenteux"", ""correct"": false, ""order"": 2}, {""answer_id"": ""2e7aac63-e792-40a5-a9cd-2f277f8a9bd2"", ""value"": ""Ceux dans les 48 heures apr\u00e8s l\u2019accouchemnt"", ""correct"": false, ""order"": 3}]}]",
klp-2-when-can-a-women-get-an-implant,When can a women get an implant?,When can a women get an implant?,2,translated,,africa,nanna@maternity.dk,6a146956-9f21-206a-98cf-55db7b0a8301,"[{""question_id"": ""when-can-a-women-get-an-implant-_1676628480238"", ""question"": ""Quand une femme peut-elle se faire poser un implant ?"", ""quizz_type"": ""oneCorrect"", ""icon"": ""41577e861f1d49c2a56422529883031d"", ""link_type"": null, ""show_toggle"": false, ""essential"": false, ""description"": ""Une femme peut recevoir un implant \u00e0 tout moment de son cycle menstruel."", ""order"": 0, ""answers"": [{""answer_id"": ""1d1cf8d9-dd95-4470-bd8d-7cf0c59b032f"", ""value"": ""Seulement si la femme n'a pas \u00e9t\u00e9 enceinte"", ""correct"": false, ""order"": 0}, {""answer_id"": ""2ac58801-1bd3-42f9-afda-4f34899a6adf"", ""value"": ""Seulement pendant les 7 premiers jours de son cycle menstruel"", ""correct"": false, ""order"": 1}, {""answer_id"": ""2ac0a882-41a4-454e-94f4-811cfda3ef70"", ""value"": ""\u00c0 tout moment de son cycle menstruel"", ""correct"": true, ""order"": 2}, {""answer_id"": ""55ef8a7b-46a3-4767-9e70-50121903a479"", ""value"": ""Seulement si les femmes ont d\u00e9j\u00e0 \u00e9t\u00e9 enceintes"", ""correct"": false, ""order"": 3}]}]",
klp-2-what-side-effects-can-women-expect-after-getting-a-copper-intrauterine-device,What side effects can women expect after getting a copper intrauterine device?,What side effects can women expect after getting a copper intrauterine device?,2,translated,,africa,juliemollar@maternity.dk,6a146956-9f21-206a-98cf-55db7b0a8301,"[{""question_id"": ""what-side-effects-can-women-expect-after-getting-a-copper-intrauterine-device-_1676628793175"", ""question"": ""Quels effets secondaires les femmes peuvent-elles attendre apr\u00e8s la pose d\u2019un dispositif intra-ut\u00e9rin (DIU) au cuivre ?"", ""quizz_type"": ""severalCorrect"", ""icon"": ""fa95f144d64942b4ac8e8d714b906c07"", ""link_type"": null, ""show_toggle"": false, ""essential"": false, ""description"": ""Les effets secondaires d\u2019un DIU au cuivre incluent des modifications du cycle menstruel, en particulier durant les 3 \u00e0 6 premiers mois (g\u00e9n\u00e9ralement des r\u00e8gles plus irr\u00e9guli\u00e8res, plus longues et plus abondantes, avec des crampes plus douloureuses)."", ""order"": 0, ""answers"": [{""answer_id"": ""9f665e17-d9cf-4ff4-bcd3-79bae185bbaa"", ""value"": ""Maux de t\u00eate"", ""correct"": false, ""order"": 0}, {""answer_id"": ""bcb58718-daab-41bc-8713-53cf9ec76603"", ""value"": ""R\u00e8gles plus longues et plus abondantes"", ""correct"": true, ""order"": 1}, {""answer_id"": ""8a90f8a1-a318-4df3-9123-b8b643dde072"", ""value"": ""Crampes et douleurs"", ""correct"": true, ""order"": 2}, {""answer_id"": ""c8a0da44-c199-4757-ae0a-1a10f31b7130"", ""value"": ""Des changements d'humeur"", ""correct"": false, ""order"": 3}]}]",
klp-2-what-should-you-recommend-the-woman-to-look-out-for-following-iud-ius-insertion,What should you recommend the woman to look out for following IUD/IUS insertion?,What should you recommend the woman to look out for following IUD/IUS insertion?,2,translated,,africa,nanna@maternity.dk,6a146956-9f21-206a-98cf-55db7b0a8301,"[{""question_id"": ""what-should-you-recommend-the-woman-to-look-out-for-following-iudius-insertion-_1676629130782"", ""question"": ""\u00c0 quoi devriez-vous recommander \u00e0 la femme de faire attention apr\u00e8s la pose d\u2019un DIU/SIU ?"", ""quizz_type"": ""severalCorrect"", ""icon"": ""3305546119dd40edb8eee4165f281035"", ""link_type"": null, ""show_toggle"": false, ""essential"": false, ""description"": ""Apr\u00e8s l'insertion du DIU/SIU, vous devez recommander \u00e0 la femme de faire attention aux points suivants :\n\nModifications des saignements\nSympt\u00f4mes de grossesse\nEgarement  du disposif\nFi\u00e8vre\n"", ""order"": 0, ""answers"": [{""answer_id"": ""a8c58f88-5949-42de-ae64-e6f626dfdfff"", ""value"": ""Modifications des saignements"", ""correct"": true, ""order"": 0}, {""answer_id"": ""865a7a71-8a47-4916-a754-6ac5c18a66b2"", ""value"": ""Sympt\u00f4mes de grossesse"", ""correct"": true, ""order"": 1}, {""answer_id"": ""b7c0c234-5b83-4015-8b04-9a0c620520f6"", ""value"": ""Egarement  du disposif"", ""correct"": true, ""order"": 2}, {""answer_id"": ""53ca1cd5-50dc-45c4-8d98-f90ea785f1f8"", ""value"": ""Fi\u00e8vre"", ""correct"": true, ""order"": 3}]}]",
klp-2-when-a-women-comes-back-for-routine-follow-up-after-inserting-iud-it-is-always-required-to-perform-a-pelvic-examination-true-or-false,"When a women comes back for routine follow-up after inserting IUD, it is always required to perform a pelvic examination. True or false?","When a women comes back for routine follow-up after inserting IUD, it is always required to perform a pelvic examination. True or false?",2,translated,,africa,nanna@maternity.dk,6a146956-9f21-206a-98cf-55db7b0a8301,"[{""question_id"": ""when-the-women-come-back-for-routine-follow-up-after-inserting-iud-it-is-always-required-to-perform-a-pelvic-examination-true-or-false-_1676629177219"", ""question"": ""Lorsque les femmes reviennent pour un suivi de routine apr\u00e8s la pose du DIU, il est toujours n\u00e9cessaire de proc\u00e9der \u00e0 un examen pelvien. Vrai ou faux ?"", ""quizz_type"": ""oneCorrect"", ""icon"": ""2615701a4dff49a6b6e4260263117398"", ""link_type"": null, ""show_toggle"": false, ""essential"": false, ""description"": ""Lorsque les femmes reviennent pour un suivi de routine apr\u00e8s la pose du DIU, il est toujours n\u00e9cessaire de proc\u00e9der \u00e0 un examen pelvien. "", ""order"": 0, ""answers"": [{""answer_id"": ""adf4cd38-6ebc-42f5-9876-dc921a07f3ab"", ""value"": ""Vrai"", ""correct"": false, ""order"": 0}, {""answer_id"": ""baece811-d8a3-47f8-a9f7-95fdc9e2860a"", ""value"": ""Faux"", ""correct"": true, ""order"": 1}]}]",
klp-2-what-should-you-do-if-a-woman-requests-for-her-iud-to-be-removed,What should you do if a woman requests for her IUD to be removed?,What should you do if a woman requests for her IUD to be removed?,2,translated,,africa,nanna@maternity.dk,6a146956-9f21-206a-98cf-55db7b0a8301,"[{""question_id"": ""what-should-you-do-if-a-woman-requests-for-her-iud-to-be-removed-_1676629233542"", ""question"": ""Que faire si une femme demande le retrait de son DIU ?"", ""quizz_type"": ""oneCorrect"", ""icon"": ""a0e534f10739489e8c9a7d61435a2894"", ""link_type"": null, ""show_toggle"": false, ""essential"": false, ""description"": ""Si une femme demande le retrait de son DIU, vous devez le faire d\u00e8s que possible."", ""order"": 0, ""answers"": [{""answer_id"": ""1ba16465-10e1-4bfd-b4c7-a86e0ea589ec"", ""value"": ""Dites-lui de revenir quand elle a ses r\u00e8gles"", ""correct"": false, ""order"": 0}, {""answer_id"": ""f4988db9-7712-4bb6-b9c9-3e387f5721ad"", ""value"": ""Retirez le DIU d\u00e8s que possible"", ""correct"": true, ""order"": 1}, {""answer_id"": ""598f3f76-4d30-4b80-afc2-5468cddce04b"", ""value"": ""Dites-lui de revenir quand elle n'a pas de saignements menstruels"", ""correct"": false, ""order"": 2}]}]",
klp-2-when-is-it-recommended-to-have-a-follow-up-contact-after-intrauterine-device-iud-ius-insertion,When is it recommended to have a follow-up contact after intrauterine device (IUD/IUS) insertion?,When is it recommended to have a follow-up contact after intrauterine device (IUD/IUS) insertion?,2,translated,,africa,nanna@maternity.dk,6a146956-9f21-206a-98cf-55db7b0a8301,"[{""question_id"": ""when-is-it-recommended-to-have-a-follow-up-contact-after-intrauterine-device-iudius-insertion-_1676629315067"", ""question"": ""Quand est-il recommand\u00e9 d\u2019avoir un contact de suivi apr\u00e8s l\u2019insertion d\u2019un dispositif intra-ut\u00e9rin (DIU/IUS) ?"", ""quizz_type"": ""severalCorrect"", ""icon"": ""d68bfeafcd964fa7a3f2987bab913c34"", ""link_type"": null, ""show_toggle"": false, ""essential"": false, ""description"": ""Apr\u00e8s la pose du DIU/SIU, un contact de suivi est recommand\u00e9 soit :\n\n Apr\u00e8s les premiers saignements menstruels\n3 \u00e0 6 semaines apr\u00e8s\n"", ""order"": 0, ""answers"": [{""answer_id"": ""e08b118e-570d-4809-a130-5d15cf7cb244"", ""value"": ""Apr\u00e8s les premiers saignements menstruels"", ""correct"": true, ""order"": 0}, {""answer_id"": ""cfbc0391-3d7f-495c-b138-3a432d298c6c"", ""value"": ""1 \u00e0 2 semaines apr\u00e8s"", ""correct"": false, ""order"": 1}, {""answer_id"": ""13537782-6315-4a46-a062-c9940fb916cd"", ""value"": ""3 \u00e0 6 semaines apr\u00e8s"", ""correct"": true, ""order"": 2}, {""answer_id"": ""27404187-f025-4389-a700-8b3df54a919d"", ""value"": ""3 mois apr\u00e8s"", ""correct"": false, ""order"": 3}]}]",
klp-2-which-surgical-procedures-can-be-used-to-perform-tubal-ligation,Which surgical procedures can be used to perform tubal ligation?,Which surgical procedures can be used to perform tubal ligation?,2,translated,,africa,nanna@maternity.dk,6a146956-9f21-206a-98cf-55db7b0a8301,"[{""question_id"": ""which-surgical-procedures-are-commonly-used-to-perform-tubal-ligation-_1676629516537"", ""question"": ""Quelles proc\u00e9dures chirurgicales peuvent \u00eatre utilis\u00e9es pour r\u00e9aliser une ligature des trompes ?"", ""quizz_type"": ""severalCorrect"", ""icon"": null, ""link_type"": null, ""show_toggle"": false, ""essential"": false, ""description"": ""Les mini-laparotomies ou laparoscopies sont couramment utilis\u00e9es pour r\u00e9aliser des ligatures des trompes."", ""order"": 0, ""answers"": [{""answer_id"": ""cf128497-949f-4b49-b374-d23eb7a352bf"", ""value"": ""Mini laparotomie"", ""correct"": true, ""order"": 0}, {""answer_id"": ""e7866ed8-db64-4ee7-92f3-5c4b6d9b7e6b"", ""value"": ""Vasectomie"", ""correct"": false, ""order"": 1}, {""answer_id"": ""0015ea56-f680-46a7-a92b-a90537992b61"", ""value"": ""Laparoscopie"", ""correct"": true, ""order"": 2}, {""answer_id"": ""be20efd1-ce5d-4135-9814-784979072cf2"", ""value"": ""Laparotomie"", ""correct"": false, ""order"": 3}]}]",
klp-2-what-is-important-for-you-to-ask-the-woman-about-to-help-her-choose-the-right-contraception-for-her,What is important for you to ask the woman about to help her choose the right contraception for her?,What is important for you to ask the woman about to help her choose the right contraception for her?,2,translated,,africa,nanna@maternity.dk,6a146956-9f21-206a-98cf-55db7b0a8301,"[{""question_id"": ""what-is-important-for-you-to-ask-the-woman-in-order-to-help-her-choose-the-right-contraception-for-her-_1676629574794"", ""question"": ""Qu\u2019est-ce qu\u2019il est important que vous demandiez \u00e0 la femme afin de l\u2019aider \u00e0 choisir le contraceptif qui lui convient ?"", ""quizz_type"": ""severalCorrect"", ""icon"": ""2cc25f0a78f141939ab8a5e83f7b181c"", ""link_type"": null, ""show_toggle"": false, ""essential"": false, ""description"": ""Il est important de poser des questions sur les intentions de fertilit\u00e9, les pr\u00e9f\u00e9rences et les exp\u00e9riences pass\u00e9es de la cliente  afin de l\u2019aider \u00e0 choisir la contraception qui lui convient."", ""order"": 0, ""answers"": [{""answer_id"": ""e22c5ada-874b-4803-908b-ea076019b713"", ""value"": ""Ses intentions de fertilit\u00e9"", ""correct"": true, ""order"": 0}, {""answer_id"": ""a775f0b3-9a8e-4f50-b5c7-a9b182ead80f"", ""value"": ""Ses pr\u00e9f\u00e9rences"", ""correct"": true, ""order"": 1}, {""answer_id"": ""954c716e-1e5c-4ce1-8c0e-a54fa0556619"", ""value"": ""Ses exp\u00e9riences pass\u00e9es avec la contraception"", ""correct"": true, ""order"": 2}]}]",
klp-2-what-pain-relief-should-be-administered-before-inserting-a-contraceptive-implant,What pain relief should be administered before inserting a contraceptive implant?,What pain relief should be administered before inserting a contraceptive implant?,2,translated,,africa,nanna@maternity.dk,6a146956-9f21-206a-98cf-55db7b0a8301,"[{""question_id"": ""what-pain-relief-should-be-administered-before-inserting-a-contraceptive-implant-_1676629689105"", ""question"": ""Quel soulagement de la douleur faut-il administrer avant la pose d'un implant contraceptif ?"", ""quizz_type"": ""oneCorrect"", ""icon"": ""41577e861f1d49c2a56422529883031d"", ""link_type"": null, ""show_toggle"": false, ""essential"": false, ""description"": ""\nUne injection d'anesth\u00e9sique local doit \u00eatre administr\u00e9e pour soulager la douleur avant l'insertion d'un implant contraceptif.\n"", ""order"": 0, ""answers"": [{""answer_id"": ""02611dd8-1b82-4ba4-9358-03103d69c0c4"", ""value"": ""400-600 mg d'ibuprof\u00e8ne"", ""correct"": false, ""order"": 0}, {""answer_id"": ""0dabb5ef-d9c4-4044-b17a-7dfd8593c05e"", ""value"": ""Cr\u00e8me ou pansement anesth\u00e9sique local"", ""correct"": false, ""order"": 1}, {""answer_id"": ""17f79805-2172-4991-92ce-1d137db745bc"", ""value"": ""Injection d'anesth\u00e9sique local"", ""correct"": true, ""order"": 2}, {""answer_id"": ""74e75d53-ee18-43be-ac53-e36380bb4841"", ""value"": ""Aucun soulagement de la douleur n'est n\u00e9cessaire"", ""correct"": false, ""order"": 3}]}]",
klp-3-which-of-the-following-side-effects-are-normally-seen-with-copper-iud-but-not-with-the-hormonal-iud-ius,"Which of the following side effects are normally seen with copper IUD, but not with the hormonal IUD (IUS)?","Which of the following side effects are normally seen with copper IUD, but not with the hormonal IUD (IUS)?",3,translated,,africa,nanna@maternity.dk,6a146956-9f21-206a-98cf-55db7b0a8301,"[{""question_id"": ""which-of-the-following-side-effects-are-normally-seen-with-copper-iud-but-not-with-the-hormonal-iud-ius-_1676632560632"", ""question"": ""Parmi les effets secondaires suivants, lesquels sont normalement observ\u00e9s avec le DIU au cuivre, mais pas avec le DIU hormonal (DIU) ?"", ""quizz_type"": ""severalCorrect"", ""icon"": ""f9fc11dbd64c4b9eb88e3d93c82f4227"", ""link_type"": null, ""show_toggle"": false, ""essential"": false, ""description"": ""\nDes saignements mensuels prolong\u00e9s et abondants, accompagn\u00e9s de crampes et de douleurs accrues, sont des effets secondaires plus fr\u00e9quemment observ\u00e9s avec le DIU au cuivre, mais pas avec le DIU hormonal (DIUS).\n"", ""order"": 0, ""answers"": [{""answer_id"": ""17cddf93-c0a8-4da2-ac20-07fdec30facd"", ""value"": ""Saignements mensuels prolong\u00e9s et abondants"", ""correct"": true, ""order"": 0}, {""answer_id"": ""348baa1b-441e-42ce-963d-a3dc10825377"", ""value"": ""Saignement irr\u00e9gulier"", ""correct"": false, ""order"": 1}, {""answer_id"": ""f962b165-38e0-4da0-8aa4-e88bdc40b122"", ""value"": ""Plus de crampes et de douleurs pendant les saignements mensuels"", ""correct"": true, ""order"": 2}, {""answer_id"": ""90355719-1c56-4359-93e9-7854d540cdcf"", ""value"": ""Rend les saignements plus l\u00e9gers et peut arr\u00eater temporairement les saignements mensuels"", ""correct"": false, ""order"": 3}]}]",
klp-3-which-of-the-following-are-some-common-side-effects-of-the-hormonal-iud,Which of the following are some common side effects of the hormonal-IUD?,Which of the following are some common side effects of the hormonal-IUD?,3,translated,,africa,nanna@maternity.dk,6a146956-9f21-206a-98cf-55db7b0a8301,"[{""question_id"": ""which-of-the-following-are-some-common-side-effects-of-the-hormonal-iud-_1676632723712"", ""question"": ""Parmi les effets secondaires suivants, quels sont les effets secondaires courants du DIU hormonal ?"", ""quizz_type"": ""severalCorrect"", ""icon"": ""3305546119dd40edb8eee4165f281035"", ""link_type"": null, ""show_toggle"": false, ""essential"": false, ""description"": ""Les effets secondaires courants du DIU hormonal comprennent:\nNaus\u00e9e\nDes changements d'humeur\nMaux de t\u00eate\n"", ""order"": 0, ""answers"": [{""answer_id"": ""91bed63e-4ebf-4ed0-87a8-301e6226ed07"", ""value"": ""Naus\u00e9e"", ""correct"": true, ""order"": 0}, {""answer_id"": ""7abecc7b-004f-426b-aed5-86985a3d9c30"", ""value"": ""Saignements mensuels prolong\u00e9s et abondants"", ""correct"": false, ""order"": 1}, {""answer_id"": ""485339a9-4980-482e-9b09-0644287c3be8"", ""value"": ""Des changements d'humeur"", ""correct"": true, ""order"": 2}, {""answer_id"": ""b0fb1156-b5d3-4581-aaf1-cad312855e3e"", ""value"": ""Maux de t\u00eate"", ""correct"": true, ""order"": 3}]}]",
klp-3-which-of-the-following-methods-lasts-the-longest,Which of the following methods lasts the longest?,Which of the following methods lasts the longest?,3,translated,,africa,nanna@maternity.dk,6a146956-9f21-206a-98cf-55db7b0a8301,"[{""question_id"": ""which-of-the-following-methods-lasts-the-longest-_1676632821741"", ""question"": ""Laquelle des m\u00e9thodes suivantes dure le plus longtemps ?"", ""quizz_type"": ""oneCorrect"", ""icon"": ""29986f4fe19e47f38460fa7274970f36"", ""link_type"": null, ""show_toggle"": false, ""essential"": false, ""description"": ""Dans ce cas, la m\u00e9thode contraceptive la plus durable est le DIU au cuivre."", ""order"": 0, ""answers"": [{""answer_id"": ""13969900-9e9c-4bd7-859a-a700277c7ae9"", ""value"": ""Implant"", ""correct"": false, ""order"": 0}, {""answer_id"": ""56268256-6dd3-491b-945e-fac66e12b940"", ""value"": ""DIU hormonal"", ""correct"": false, ""order"": 1}, {""answer_id"": ""da2ee517-4517-4431-a072-c74835c251ce"", ""value"": ""DIU au cuivre"", ""correct"": true, ""order"": 2}]}]",
klp-3-how-does-the-vaginal-ring-prevent-pregnancy,How does the vaginal ring prevent pregnancy?,How does the vaginal ring prevent pregnancy?,3,translated,,africa,nanna@maternity.dk,6a146956-9f21-206a-98cf-55db7b0a8301,"[{""question_id"": ""how-does-the-vaginal-ring-prevent-pregnancy-_1676632877660"", ""question"": ""Comment l\u2019anneau vaginal pr\u00e9vient-il la grossesse ?"", ""quizz_type"": ""oneCorrect"", ""icon"": ""f28606b82aa943679f351124e1105ecf"", ""link_type"": null, ""show_toggle"": false, ""essential"": false, ""description"": ""L'anneau vaginal agit en lib\u00e9rant des hormones qui sont absorb\u00e9es par la circulation sanguine et emp\u00eachent l'ovulation."", ""order"": 0, ""answers"": [{""answer_id"": ""f4b5ccb9-e739-49db-a3ae-776b666cee31"", ""value"": ""Il endommage les spermatozo\u00efdes avant qu'ils ne puissent p\u00e9n\u00e9trer dans le col de l'ut\u00e9rus et rencontrer l'ovule."", ""correct"": false, ""order"": 0}, {""answer_id"": ""ee10dfae-d34a-49bc-89de-04d1cd569638"", ""value"": ""Les hormones sont absorb\u00e9es dans la circulation sanguine et emp\u00eachent l'ovulation"", ""correct"": true, ""order"": 1}, {""answer_id"": ""921514db-b33f-4a65-bda2-b939a5f7457d"", ""value"": ""Il \u00e9paissit la glaire cervicale, emp\u00eachant les spermatozo\u00efdes et l'ovule de se rencontrer"", ""correct"": false, ""order"": 2}]}]",
klp-3-which-of-the-following-contraceptive-methods-do-not-have-any-delay-in-fertility-after-stopping-removing-it,Which of the following contraceptive methods do not have any delay in fertility after stopping/removing it?,Which of the following contraceptive methods do not have any delay in fertility after stopping/removing it?,3,translated,,africa,nanna@maternity.dk,6a146956-9f21-206a-98cf-55db7b0a8301,"[{""question_id"": ""which-of-the-following-contraceptive-methods-do-not-have-any-delay-in-fertility-after-stoppingremoving-it-_1676633007029"", ""question"": ""Laquelle des m\u00e9thodes contraceptives suivantes n'entra\u00eene aucun retard dans la fertilit\u00e9 apr\u00e8s son arr\u00eat/suppression ?"", ""quizz_type"": ""severalCorrect"", ""icon"": ""29986f4fe19e47f38460fa7274970f36"", ""link_type"": null, ""show_toggle"": false, ""essential"": false, ""description"": ""\nLa fertilit\u00e9 apr\u00e8s l'arr\u00eat/retrait d'un DIU, d'un patch combin\u00e9 ou d'un anneau vaginal revient sans d\u00e9lai. \n"", ""order"": 0, ""answers"": [{""answer_id"": ""901138ef-cf25-4d47-afbe-aada23b4837e"", ""value"": ""DIU"", ""correct"": true, ""order"": 0}, {""answer_id"": ""2ecdda07-dec6-436e-a91b-419aa3bf6440"", ""value"": ""Injectables mensuels"", ""correct"": false, ""order"": 1}, {""answer_id"": ""a99fbb55-79e9-4cf9-a961-29befd1a93c5"", ""value"": ""Patch combin\u00e9"", ""correct"": true, ""order"": 2}, {""answer_id"": ""5a96cdf3-8c87-4707-9f17-b521c61be971"", ""value"": ""Anneau vaginal\n\n"", ""correct"": true, ""order"": 3}]}]",
klp-3-from-the-moment-after-performing-vasectomy-no-contraception-is-needed-to-avoid-pregnancy-true-or-false,"From the moment after performing vasectomy, no contraception is needed to avoid pregnancy. True or false?","From the moment after performing vasectomy, no contraception is needed to avoid pregnancy. True or false?",3,translated,,africa,nanna@maternity.dk,6a146956-9f21-206a-98cf-55db7b0a8301,"[{""question_id"": ""from-the-moment-after-performing-vasectomy-no-contraception-is-needed-to-avoid-pregnancy-true-or-false-_1676633087909"", ""question"": ""\u00c0 partir du moment o\u00f9 la vasectomie a \u00e9t\u00e9 r\u00e9alis\u00e9e, aucune contraception n\u2019est n\u00e9cessaire pour \u00e9viter une grossesse. Vrai ou faux ? "", ""quizz_type"": ""oneCorrect"", ""icon"": ""2fcc3855c1644dcf8ba1cce433ba019c"", ""link_type"": null, ""show_toggle"": false, ""essential"": false, ""description"": ""Une vasectomie est pleinement efficace apr\u00e8s 3 mois d\u2019intervention."", ""order"": 0, ""answers"": [{""answer_id"": ""6f435e93-0ab0-465e-b442-94d22e50d351"", ""value"": ""Vrai"", ""correct"": false, ""order"": 0}, {""answer_id"": ""120bd4fc-1992-449a-81e5-85741774c417"", ""value"": ""Faux"", ""correct"": true, ""order"": 1}]}]",
klp-3-put-these-steps-of-the-non-touch-technique-while-inserting-an-iud-in-the-correct-order,Put these steps of the non-touch technique while inserting an IUD in the correct order:,Put these steps of the non-touch technique while inserting an IUD in the correct order:,3,translated,,africa,sarah@maternity.dk,6a146956-9f21-206a-98cf-55db7b0a8301,"[{""question_id"": ""place-these-steps-of-the-non-touch-technique-while-inserting-an-iud-in-the-correct-order-_1676633156378"", ""question"": ""Placez ces \u00e9tapes de la technique sans contact lors de l'insertion d'un DIU dans le bon ordre"", ""quizz_type"": ""chooseOrder"", ""icon"": ""7923e772077c45ccadec71e11f85b9db"", ""link_type"": null, ""show_toggle"": false, ""essential"": false, ""description"": ""L\u2019ordre correct de la technique sans contact lors de l\u2019insertion d\u2019un DIU est :\n\nChargez le DIU dans l'inserteur pendant qu'il est encore dans l'emballage st\u00e9rile, pour \u00e9viter tout contact direct.\n\nNettoyer soigneusement le col avec un antiseptique avant l'insertion.\n\nFaire attention \u00e0 ne pas toucher la paroi vaginale ou les lames du sp\u00e9culum avec le son ut\u00e9rin ou l'inserteur charg\u00e9.\n\nPassage de l\u2019hyst\u00e9rom\u00e8tre et de l'inserteur charg\u00e9 une seule fois chacun dans le canal cervical.\n"", ""order"": 0, ""answers"": [{""answer_id"": ""2ce4486d-d27c-4e31-ae9a-b0bde5251153"", ""value"": ""Chargez le DIU dans l'inserteur alors que le DIU est encore dans l'emballage st\u00e9rile, pour \u00e9viter tout contact direct."", ""correct"": false, ""order"": 0}, {""answer_id"": ""eefb3954-2351-4260-80bc-81d789ccdd96"", ""value"": ""Nettoyer soigneusement le col avec un antiseptique avant l'insertion"", ""correct"": false, ""order"": 1}, {""answer_id"": ""9e244399-b98b-4660-8481-db1d100c61b1"", ""value"": ""Faire attention \u00e0 ne pas toucher la paroi vaginale ou les lames du sp\u00e9culum avec l\u2019hyst\u00e9rom\u00e8tre  ou l'inserteur charg\u00e9\n\n"", ""correct"": false, ""order"": 2}, {""answer_id"": ""00cf98df-104b-4ebd-87f6-e3f07d27e934"", ""value"": ""Passage de l\u2019hyst\u00e9rom\u00e8tre et de l'inserteur charg\u00e9 une seule fois chacun dans le canal cervical"", ""correct"": false, ""order"": 3}]}]",
klp-3-which-side-effect-of-the-contraceptive-implant-is-the-most-common,Which side effect of the contraceptive implant is the most common?,Which side effect of the contraceptive implant is the most common?,3,translated,,africa,nanna@maternity.dk,6a146956-9f21-206a-98cf-55db7b0a8301,"[{""question_id"": ""which-side-effect-of-the-contraceptive-implant-is-the-most-common-_1676633212266"", ""question"": ""Quel effet secondaire de l\u2019implant contraceptif est le plus courant ?"", ""quizz_type"": ""oneCorrect"", ""icon"": ""2fd913321698489fb98df16a3b005811"", ""link_type"": null, ""show_toggle"": false, ""essential"": false, ""description"": ""L\u2019effet secondaire le plus courant de l\u2019implant contraceptif est la modification du profil des saignements."", ""order"": 0, ""answers"": [{""answer_id"": ""4a4a0679-f556-4a62-9795-23612ffa30da"", ""value"": ""Mal de t\u00eate"", ""correct"": false, ""order"": 0}, {""answer_id"": ""f40603e3-0e3a-42a5-9e7f-81dc9d5a616e"", ""value"": ""Modification du sch\u00e9ma de saignement"", ""correct"": true, ""order"": 1}, {""answer_id"": ""a2e962bf-cce0-44dc-b44e-91bca6265bcb"", ""value"": ""Poitrine tendre"", ""correct"": false, ""order"": 2}, {""answer_id"": ""d1f3476c-8b53-482d-b234-0e380ad825be"", ""value"": ""Des changements d'humeur"", ""correct"": false, ""order"": 3}]}]",
klp-3-how-does-the-copper-iud-prevent-pregnancy,How does the copper-IUD prevent pregnancy?,How does the copper-IUD prevent pregnancy?,3,translated,,africa,nanna@maternity.dk,6a146956-9f21-206a-98cf-55db7b0a8301,"[{""question_id"": ""how-does-the-copper-iud-prevent-pregnancy-_1676633256913"", ""question"": ""Comment le DIU au cuivre pr\u00e9vient-il la grossesse ?"", ""quizz_type"": ""oneCorrect"", ""icon"": ""3305546119dd40edb8eee4165f281035"", ""link_type"": null, ""show_toggle"": false, ""essential"": false, ""description"": ""Le DIU au cuivre emp\u00eache la grossesse en endommageant les spermatozo\u00efdes et l'ovule avant qu'ils ne puissent se rencontrer."", ""order"": 0, ""answers"": [{""answer_id"": ""0075801f-2e84-4391-b556-8de91fa93936"", ""value"": ""Emp\u00eacher la femme d'ovuler"", ""correct"": false, ""order"": 0}, {""answer_id"": ""5ce2c7b9-3475-4156-9552-9a2a125babd0"", ""value"": ""En endommageant les spermatozo\u00efdes et l'ovule avant qu'ils ne puissent se rencontrer"", ""correct"": true, ""order"": 1}, {""answer_id"": ""b10345b5-09dc-4814-ad48-02acf669f433"", ""value"": ""En emp\u00eachant un ovule f\u00e9cond\u00e9 de se fixer \u00e0 la paroi ut\u00e9rine"", ""correct"": false, ""order"": 2}]}]",
klp-3-when-can-a-woman-take-an-emergency-contraceptive-pill,When can a woman take an emergency contraceptive pill?,When can a woman take an emergency contraceptive pill?,3,translated,,africa,nanna@maternity.dk,6a146956-9f21-206a-98cf-55db7b0a8301,"[{""question_id"": ""when-can-the-women-take-an-emergency-conservative-pill-_1676633341943"", ""question"": ""Quand les femmes peuvent-elles prendre une pilule conservatrice d\u2019urgence ?"", ""quizz_type"": ""severalCorrect"", ""icon"": ""1941eae3940c49858f19e510c0a20c6d"", ""link_type"": null, ""show_toggle"": false, ""essential"": false, ""description"": ""Pour assurer une protection efficace contre la grossesse, la pilule contraceptive d'urgence doit \u00eatre prise dans les 24 heures pr\u00e9c\u00e9dant ou dans les 5 jours suivant un rapport sexuel non prot\u00e9g\u00e9."", ""order"": 0, ""answers"": [{""answer_id"": ""d011d6d5-ab86-428d-8fa5-2325a8fd9adb"", ""value"": ""Moins de 24 heures avant un rapport sexuel non prot\u00e9g\u00e9."", ""correct"": true, ""order"": 0}, {""answer_id"": ""cf6b5cd1-04ae-42b4-b4dc-097a7efd9203"", ""value"": ""Jusqu'\u00e0 5 jours apr\u00e8s un rapport sexuel non prot\u00e9g\u00e9"", ""correct"": true, ""order"": 1}, {""answer_id"": ""6d42fb51-c563-401f-a97f-00fbbc9d1fb0"", ""value"": ""Jusqu'\u00e0 7 jours apr\u00e8s un rapport sexuel non prot\u00e9g\u00e9"", ""correct"": false, ""order"": 2}, {""answer_id"": ""db280cc0-1b79-440b-912a-7cb9d8ecc1fe"", ""value"": ""Jusqu'\u00e0 24 heures apr\u00e8s un rapport sexuel non prot\u00e9g\u00e9"", ""correct"": false, ""order"": 3}]}]",
klp-3-which-statement-is-true,Which statement is true?,Which statement is true?,3,translated,,africa,nanna@maternity.dk,6a146956-9f21-206a-98cf-55db7b0a8301,"[{""question_id"": ""which-statement-is-true-_1676633400648"", ""question"": ""Quelle affirmation est vraie ?"", ""quizz_type"": ""oneCorrect"", ""icon"": ""caec837a8ae041c3968c8d8b934ca9a1"", ""link_type"": null, ""show_toggle"": false, ""essential"": false, ""description"": ""Les femmes ne doivent pas utiliser de contraception contenant des \u0153strog\u00e8nes pendant l'allaitement."", ""order"": 0, ""answers"": [{""answer_id"": ""bff6578d-44fc-44ee-b208-bda0a7119cf0"", ""value"": ""Une femme peut utiliser n\u2019importe quel type de contraception hormonale pendant l\u2019allaitement"", ""correct"": false, ""order"": 0}, {""answer_id"": ""6de2c62f-fdf2-4bd5-9ad9-c59c825f47d2"", ""value"": ""Les femmes ne doivent pas utiliser de contraception contenant des \u0153strog\u00e8nes pendant l'allaitement."", ""correct"": true, ""order"": 1}, {""answer_id"": ""04bfe449-bab6-4d4b-855e-945e31f87da3"", ""value"": ""Les femmes ne doivent pas utiliser de contraception contenant de la progest\u00e9rone pendant l'allaitement."", ""correct"": false, ""order"": 2}, {""answer_id"": ""9e2edbc8-5e26-47a9-9eff-0dd34f53ed90"", ""value"": ""Les femmes ne peuvent utiliser aucune contraception hormonale pendant l\u2019allaitement"", ""correct"": false, ""order"": 3}]}]",
klp-3-what-is-the-medical-eligibility-criteria-wheel-used-for,What is the Medical Eligibility Criteria Wheel used for?,What is the Medical Eligibility Criteria Wheel used for?,3,translated,,africa,nanna@maternity.dk,6a146956-9f21-206a-98cf-55db7b0a8301,"[{""question_id"": ""what-is-the-medical-eligibility-criteria-wheel-used-for-_1676633493405"", ""question"": ""A quoi sert la roue des crit\u00e8res d\u2019\u00e9ligibilit\u00e9 m\u00e9dicale ?"", ""quizz_type"": ""oneCorrect"", ""icon"": ""df687e748c134f95bdc7d2d531d24f8f"", ""link_type"": null, ""show_toggle"": false, ""essential"": false, ""description"": ""La roue des crit\u00e8res d\u2019\u00e9ligibilit\u00e9 m\u00e9dicale est utilis\u00e9e pour donner des recommandations sur les m\u00e9thodes contraceptives s\u00fbres et efficaces en fonction de l\u2019\u00e9tat de sant\u00e9 et des pr\u00e9f\u00e9rences d\u2019une femme."", ""order"": 0, ""answers"": [{""answer_id"": ""43f81f6b-c463-4db6-91c0-ba830ff7ca65"", ""value"": ""Pour calculer le moment o\u00f9 la femme pourra commencer les contraceptifs apr\u00e8s l'accouchement"", ""correct"": false, ""order"": 0}, {""answer_id"": ""fde6bc59-dc29-4f8b-8163-3f7c00b21c89"", ""value"": ""Donner des recommandations sur les m\u00e9thodes contraceptives s\u00fbres et efficaces en fonction de l\u2019\u00e9tat de sant\u00e9 et des pr\u00e9f\u00e9rences de la femme."", ""correct"": true, ""order"": 1}, {""answer_id"": ""b98f47cf-f187-40c8-b77f-32b060b691ef"", ""value"": ""Pour donner des indications sur le moment o\u00f9 le couple peut retomber enceinte apr\u00e8s avoir utilis\u00e9 des contraceptifs r\u00e9versibles \u00e0 action prolong\u00e9e ?"", ""correct"": false, ""order"": 2}]}]",
klp-1-how-many-antenatal-care-contacts-are-recommended-to-prevent-and-identify-complications,How many antenatal care contacts are recommended to prevent and identify complications?,How many antenatal care contacts are recommended to prevent and identify complications?,1,translated,,africa,baamel.khaoula@gmail.com,6a146956-9f21-206a-98cf-55db7b0a8301,"[{""question_id"": ""how-many-antenatal-contacts-are-recommended-to-prevent-and-identify-complications_1699433640074"", ""question"": ""Combien de contacts de soins pr\u00e9natals sont recommand\u00e9s pour pr\u00e9venir et identifier les complications ?"", ""quizz_type"": ""oneCorrect"", ""icon"": ""424613ecbf27488e9d8a9ab2ea2e7744"", ""link"": ""video:/Antenatal Care/antenatal_care_schedule"", ""link_type"": ""video"", ""show_toggle"": false, ""essential"": false, ""description"": ""8 contacts de soins pr\u00e9natals sont recommand\u00e9s.\n\n "", ""order"": 0, ""answers"": [{""answer_id"": ""21b00186-a72e-4c80-8273-03ef43d1de18"", ""value"": ""4"", ""correct"": false, ""order"": 0}, {""answer_id"": ""c5299a0d-65ed-45b8-aafc-8bc82f0e39a4"", ""value"": ""6"", ""correct"": false, ""order"": 1}, {""answer_id"": ""cd191bfc-70b9-4972-bdb2-6fbc91b9025f"", ""value"": ""8"", ""correct"": true, ""order"": 2}, {""answer_id"": ""e1d37eb5-878a-4350-856c-fcc9499f82ac"", ""value"": ""10"", ""correct"": false, ""order"": 3}]}]",
klp-1-which-of-the-following-are-true-in-relation-to-the-womans-antenatal-record,Which of the following are true in relation to the woman’s antenatal record?,Which of the following are true in relation to the woman’s antenatal record?,1,translated,,africa,baamel.khaoula@gmail.com,6a146956-9f21-206a-98cf-55db7b0a8301,"[{""question_id"": ""which-of-the-following-are-true-in-relation-to-the-womans-antenatal-record_1699433856488"", ""question"": ""Parmi les \u00e9nonc\u00e9s suivants, lesquels sont vrais en ce qui concerne le dossier pr\u00e9natal de la femme ?"", ""quizz_type"": ""severalCorrect"", ""icon"": ""3ebf7f07b17041d7976e86becb6faa92"", ""link"": ""video:/Antenatal Care/antenatal_care_schedule"", ""link_type"": ""video"", ""show_toggle"": false, ""essential"": false, ""description"": ""Le carnet  pr\u00e9natal doit toujours \u00eatre avec la femme.\n\nLa femme doit apporter le carnet  pr\u00e9natal \u00e0 chaque contact.\n\n"", ""order"": 0, ""answers"": [{""answer_id"": ""843a06c5-b0a7-4ac2-8211-ac67c9950cbb"", ""value"": ""Le Carnet  pr\u00e9natal doit \u00eatre conserv\u00e9 en toute s\u00e9curit\u00e9 dans le centre de sant\u00e9.\n"", ""correct"": false, ""order"": 0}, {""answer_id"": ""2e047f3b-ca4e-4ae7-995a-328105a57495"", ""value"": ""Le carnet pr\u00e9natal doit \u00eatre facilement accessible \u00e0 tous les agents de sant\u00e9 du centre de sant\u00e9.\n\n"", ""correct"": false, ""order"": 1}, {""answer_id"": ""aee9d99c-8118-4fef-8bdb-579ad736a602"", ""value"": ""Le carnet pr\u00e9natal doit toujours \u00eatre avec la femme\n\n"", ""correct"": true, ""order"": 2}, {""answer_id"": ""eff5fc54-4f19-44bc-9b10-4bb0cc9353d2"", ""value"": ""La femme doit apporter le carnet pr\u00e9natal \u00e0 chaque contact"", ""correct"": true, ""order"": 3}]}]",
klp-1-which-of-the-following-are-provided-as-a-part-of-respectful-maternity-care,Which of the following are provided as a part of respectful maternity care?,Which of the following are provided as a part of respectful maternity care?,1,translated,,africa,baamel.khaoula@gmail.com,6a146956-9f21-206a-98cf-55db7b0a8301,"[{""question_id"": ""which-of-the-following-are-provided-as-a-part-of-respectful-maternity-care_1699947184262"", ""question"": ""Parmi les \u00e9l\u00e9ments suivants, lesquels sont fournis dans le cadre de soins de maternit\u00e9 respectueux ??"", ""quizz_type"": ""severalCorrect"", ""icon"": ""fdc384710bf842c08ec32678aedd48a4"", ""link"": ""video:/Antenatal Care/respectful_maternity_care"", ""link_type"": ""video"", ""show_toggle"": false, ""essential"": false, ""description"": ""La dignit\u00e9, l'intimit\u00e9 et la confidentialit\u00e9, l'absence de danger et le choix \u00e9clair\u00e9 font partie des soins de maternit\u00e9 respectueux."", ""order"": 0, ""answers"": [{""answer_id"": ""a752615f-fe34-48f2-bf3b-d8aceabd697a"", ""value"": ""Dignit\u00e9\n\n"", ""correct"": true, ""order"": 0}, {""answer_id"": ""ee63a195-41b4-4ec7-9d0c-b254ebd04995"", ""value"": ""Intimit\u00e9 et confidentialit\u00e9\n\n"", ""correct"": true, ""order"": 1}, {""answer_id"": ""6be2838f-138e-4d59-b108-3c88af95b84d"", ""value"": ""absence de nuisance"", ""correct"": true, ""order"": 2}, {""answer_id"": ""34c3439d-fc4d-4102-bfe9-9c67fb5c3a52"", ""value"": ""Choix \u00e9clair\u00e9"", ""correct"": true, ""order"": 3}]}]",
klp-1-what-should-you-do-during-the-first-contact-in-pregnancy,What should you do during the first contact in pregnancy?,What should you do during the first contact in pregnancy?,1,translated,,africa,baamel.khaoula@gmail.com,6a146956-9f21-206a-98cf-55db7b0a8301,"[{""question_id"": ""what-should-you-do-during-the-first-contact-in-pregnancy-_1699947416318"", ""question"": ""Que faire lors de la premi\u00e8re visite pendant la grossesse ?"", ""quizz_type"": ""severalCorrect"", ""icon"": ""17d10b8eeda940789e79502844b2e7a7"", ""link"": ""video:/Antenatal Care/first_contact_in_pregnancy"", ""link_type"": ""video"", ""show_toggle"": false, ""essential"": false, ""description"": ""Confirmer la grossesse et calculer la DPA\n\nEnregistrer les d\u00e9tails de visite \n\nFournir des suppl\u00e9ments de fer et d\u2019acide folique, le cas \u00e9ch\u00e9ant\n\n\n"", ""order"": 0, ""answers"": [{""answer_id"": ""2b522ee6-0d05-4502-9623-e8d81c5e80fa"", ""value"": ""Confirmer la grossesse et calculer La date probable d\u2019accouchement (DPA) , Enregistrer les d\u00e9tails de visite   "", ""correct"": true, ""order"": 0}, {""answer_id"": ""65ad93d8-3e62-4f53-b245-1bceceae7a5a"", ""value"": ""Enregistrer les d\u00e9tails de visite "", ""correct"": true, ""order"": 1}, {""answer_id"": ""0f60e7ef-3f0b-4def-9a24-8e55130aec86"", ""value"": ""Fournir une prophylaxie anti-D si n\u00e9cessaire"", ""correct"": false, ""order"": 2}, {""answer_id"": ""b67f1370-be56-4a13-b694-5197eb2b3d4f"", ""value"": ""Fournir des suppl\u00e9ments de fer et d\u2019acide folique, le cas \u00e9ch\u00e9ant\n\n \n\n"", ""correct"": true, ""order"": 3}]}]",
klp-1-choose-the-tests-that-should-be-carried-out-for-all-pregnant-womean-during-the-first-contact,Choose the tests that should be carried out for all pregnant womean during the first contact,Choose the tests that should be carried out for all pregnant womean during the first contact,1,translated,,africa,baamel.khaoula@gmail.com,6a146956-9f21-206a-98cf-55db7b0a8301,"[{""question_id"": ""tick-the-tests-that-should-be-carried-out-for-all-pregnant-women-during-the-first-contact_1699947541039"", ""question"": ""Choisissez les tests \u00e0 r\u00e9aliser pour toutes les femmes enceintes lors de la premi\u00e8re visite"", ""quizz_type"": ""severalCorrect"", ""icon"": ""17d10b8eeda940789e79502844b2e7a7"", ""link"": ""video:/Antenatal Care/first_contact_in_pregnancy"", ""link_type"": ""video"", ""show_toggle"": false, ""essential"": false, ""description"": ""H\u00e9moglobine , Groupage sanguin, et VIH.\n"", ""order"": 0, ""answers"": [{""answer_id"": ""ab4223ba-7e3c-4c95-a77b-985425a2e9f1"", ""value"": ""H\u00e9moglobine "", ""correct"": true, ""order"": 0}, {""answer_id"": ""db30caf7-7002-4ac7-a61e-e73f2ab0d2fd"", ""value"": ""Groupage sanguin"", ""correct"": true, ""order"": 1}, {""answer_id"": ""501a6dee-327c-403f-bfdc-40c5e380d70f"", ""value"": ""VIH"", ""correct"": true, ""order"": 2}, {""answer_id"": ""d11c49f7-c55a-4669-a671-ff53c554022d"", ""value"": ""Glyc\u00e9mie "", ""correct"": false, ""order"": 3}]}]",
klp-1-identify-the-statement-that-describes-a-normal-foetal-palpation-at-34-weeks,Identify the statement that describes a normal foetal palpation at 34 weeks,Identify the statement that describes a normal foetal palpation at 34 weeks,1,translated,,africa,frederikke@maternity.dk,6a146956-9f21-206a-98cf-55db7b0a8301,"[{""question_id"": ""choose-all-the-appropriate-recommendations-interventions-to-be-given-to-a-pregnant-woman_1699947668114"", ""question"": ""Identifiez l'\u00e9nonc\u00e9 qui d\u00e9crit un f\u0153tus normal \u00e0 34 semaines lors de la palpation abdominale"", ""quizz_type"": ""severalCorrect"", ""icon"": ""6fb433c253874dec963ddff36ced6a82"", ""link"": ""procedure:foetal-assessments_1696569981449"", ""link_type"": ""procedure"", ""show_toggle"": false, ""essential"": false, ""description"": ""Le f\u0153tus normal \u00e0 34 semaines a une \n pr\u00e9sentation  longitudinale et c\u00e9phalique"", ""order"": 0, ""answers"": [{""answer_id"": ""bcc954ad-00af-4afe-876a-db5c6ee4d788"", ""value"": ""La pr\u00e9sentation  est longitudinale et c\u00e9phalique"", ""correct"": true, ""order"": 0}, {""answer_id"": ""91eb9e27-e638-42cc-b8fd-56291f79f928"", ""value"": ""La pr\u00e9sentation  est oblique  et c\u00e9phalique"", ""correct"": false, ""order"": 1}, {""answer_id"": ""fbc2eb2b-e716-4dbf-bcdf-6240929f9fcf"", ""value"": ""La pr\u00e9sentation  est longitudinale et en si\u00e8ge"", ""correct"": false, ""order"": 2}, {""answer_id"": ""4fee6a8a-d315-435e-a6dd-accecd4eaeda"", ""value"": ""La pr\u00e9sentation  est oblique  et en si\u00e8ge"", ""correct"": false, ""order"": 3}]}]",
klp-2-which-of-the-following-statements-are-true-in-relation-to-calcium-supplementation-during-pregnancy,Which of the following statements are true in relation to calcium supplementation during pregnancy?,Which of the following statements are true in relation to calcium supplementation during pregnancy?,2,translated,,africa,frederikke@maternity.dk,6a146956-9f21-206a-98cf-55db7b0a8301,"[{""question_id"": ""which-of-the-following-statements-are-true-in-relation-to-calcium-supplementation-during-pregnancy_1699947756615"", ""question"": ""Parmi les affirmations suivantes, lesquelles sont vraies concernant la suppl\u00e9mentation en calcium pendant la grossesse ?"", ""quizz_type"": ""severalCorrect"", ""icon"": ""22b0d328b5f74224a11e822195894314"", ""link"": ""video:/Antenatal Care/first_contact_in_pregnancy"", ""link_type"": ""video"", ""show_toggle"": false, ""essential"": false, ""description"": ""Les suppl\u00e9ments de calcium sont administr\u00e9s lorsque l'apport en calcium est faible.\n\nLes suppl\u00e9ments de calcium r\u00e9duisent le risque de pr\u00e9-\u00e9clampsie.\n\n"", ""order"": 0, ""answers"": [{""answer_id"": ""85f42091-9edb-4f99-aeba-a8583167389b"", ""value"": ""Des suppl\u00e9ments de calcium doivent \u00eatre administr\u00e9s \u00e0 toutes les femmes enceintes\n\n\n"", ""correct"": false, ""order"": 0}, {""answer_id"": ""8ea7ee6a-5cf9-4296-b0f6-807b07139fd9"", ""value"": ""Des suppl\u00e9ments de calcium sont administr\u00e9s lorsque l'apport en calcium est faible\n\n"", ""correct"": true, ""order"": 1}, {""answer_id"": ""4ba2408f-eabf-43c3-94d4-7bf56149ce31"", ""value"": ""Les suppl\u00e9ments de calcium r\u00e9duisent le risque de pr\u00e9-\u00e9clampsie\n\n"", ""correct"": true, ""order"": 2}, {""answer_id"": ""302c1770-03f5-4d6e-839a-05cdab5a2bc3"", ""value"": ""Les suppl\u00e9ments de calcium r\u00e9duisent le risque de macrosomie.\n\n"", ""correct"": false, ""order"": 3}]}]",
klp-2-while-screening-a-pregnant-woman-for-pre-eclampsia-which-of-the-following-parameters-will-you-check,"While screening a pregnant woman for pre-eclampsia, which of the following parameters will you check?","While screening a pregnant woman for pre-eclampsia, which of the following parameters will you check?",2,translated,,africa,baamel.khaoula@gmail.com,6a146956-9f21-206a-98cf-55db7b0a8301,"[{""question_id"": ""while-screening-a-pregnant-woman-for-pre-eclampsia-which-of-the-following-parameters-will-you-check_1699947939346"", ""question"": ""Lors du d\u00e9pistage de la pr\u00e9-\u00e9clampsie chez une femme enceinte, lesquels des param\u00e8tres suivants allez-vous v\u00e9rifier ?"", ""quizz_type"": ""severalCorrect"", ""icon"": ""cd3b91dda4cf408385f5ce66e6043c1d"", ""link"": ""video:/Antenatal Care/routine_antenatal_assessment_of_the_women"", ""link_type"": ""video"", ""show_toggle"": false, ""essential"": false, ""description"": ""Lors du d\u00e9pistage de la pr\u00e9-\u00e9clampsie, vous v\u00e9rifiez la tension art\u00e9rielle et la pr\u00e9sence de prot\u00e9ines dans l'urine.\n\n"", ""order"": 0, ""answers"": [{""answer_id"": ""2b3f685a-bcb9-4a92-a85d-2f1386c7c562"", ""value"": ""Pression art\u00e9rielle\n\n"", ""correct"": true, ""order"": 0}, {""answer_id"": ""daa1b5c5-12ef-4c1e-8f41-eca7619b6b8a"", ""value"": ""Fi\u00e8vre"", ""correct"": false, ""order"": 1}, {""answer_id"": ""eff13a3a-c67f-4834-b96c-9497bd73d94b"", ""value"": ""\nUrine pour le sucre\n"", ""correct"": false, ""order"": 2}, {""answer_id"": ""19383d54-2a18-4dc5-aaf9-45ab3ac73a66"", ""value"": ""Urine pour les prot\u00e9ines\n\n"", ""correct"": true, ""order"": 3}]}]",
klp-2-a-woman-comes-for-the-anc-contact-with-shortness-of-breath-and-weakness-what-will-you-check-for,A woman comes for the ANC contact with shortness of breath and weakness. What will you check for?,A woman comes for the ANC contact with shortness of breath and weakness. What will you check for?,2,translated,,africa,baamel.khaoula@gmail.com,6a146956-9f21-206a-98cf-55db7b0a8301,"[{""question_id"": ""a-woman-comes-for-the-an-contact-with-shortness-of-breath-and-weakness-what-will-you-check-for_1699948014915"", ""question"": ""Une femme vient pour une visite de soins pr\u00e9nataux avec un essoufflement et une faiblesse. Qu'allez-vous v\u00e9rifier ?"", ""quizz_type"": ""oneCorrect"", ""icon"": ""01e44e99b96d4d3d86c3199e2afd054e"", ""link"": ""video:/Antenatal Care/routine_antenatal_assessment_of_the_women"", ""link_type"": ""video"", ""show_toggle"": false, ""essential"": false, ""description"": ""Vous devriez v\u00e9rifier l'an\u00e9mie "", ""order"": 0, ""answers"": [{""answer_id"": ""250a6c67-0084-4dd7-923c-e941c0e1c637"", ""value"": ""Br\u00fblures d'estomac\n"", ""correct"": false, ""order"": 0}, {""answer_id"": ""2a925be3-8558-4c30-b4cf-1918430917ab"", ""value"": ""An\u00e9mie"", ""correct"": true, ""order"": 1}, {""answer_id"": ""d95ebf38-509c-4cf3-a38c-7586be0dbb1e"", ""value"": ""Diab\u00e8te Gestationnel "", ""correct"": false, ""order"": 2}, {""answer_id"": ""39c994f6-3b5e-4d1c-a008-05ed393ebdb6"", ""value"": ""Infection urinaire "", ""correct"": false, ""order"": 3}]}]",
klp-2-name-the-drug-of-choice-for-tocolysis-in-threatened-preterm-labour,Name the drug of choice for tocolysis in threatened preterm labour.,Name the drug of choice for tocolysis in threatened preterm labour.,2,translated,,africa,gilbertuw@gmail.com,6a146956-9f21-206a-98cf-55db7b0a8301,"[{""question_id"": ""name-the-drug-of-choice-for-tocolysis-in-threatened-preterm-labour-_1699948093302"", ""question"": ""Nommez le m\u00e9dicament de choix pour la tocolyse en cas de menace de travail pr\u00e9matur\u00e9."", ""quizz_type"": ""oneCorrect"", ""icon"": ""9d98fa33c4f54cdfb7fc4c44151329b8"", ""link"": ""action-card:threatened-preterm-labour_1696569397056"", ""link_type"": ""action-card"", ""show_toggle"": false, ""essential"": false, ""description"": ""La nif\u00e9dipine est le m\u00e9dicament de choix pour la tocolyse en cas de menace de travail pr\u00e9matur\u00e9"", ""order"": 0, ""answers"": [{""answer_id"": ""601ca328-7009-48c4-9202-a49fe28b0834"", ""value"": ""Dexam\u00e9thasone\n\n"", ""correct"": false, ""order"": 0}, {""answer_id"": ""01e5c1e7-fe25-4eea-b99c-70d2a172e4a6"", ""value"": ""B\u00e9tam\u00e9thasone\n\n"", ""correct"": false, ""order"": 1}, {""answer_id"": ""f38d1845-e383-4873-b344-7b301eadbd73"", ""value"": ""Nif\u00e9dipine"", ""correct"": true, ""order"": 2}, {""answer_id"": ""fdae20ee-32a9-4e1e-b610-3ae121d18be0"", ""value"": ""Magn\u00e9sium"", ""correct"": false, ""order"": 3}]}]",
klp-2-which-of-the-following-are-signs-of-pre-eclampsia,Which of the following are signs of pre-eclampsia?,Which of the following are signs of pre-eclampsia?,2,translated,,africa,baamel.khaoula@gmail.com,6a146956-9f21-206a-98cf-55db7b0a8301,"[{""question_id"": ""which-of-the-following-are-signs-of-pre-eclampsia_1699948167732"", ""question"": ""Parmi les signes suivants, lesquels sont des signes de pr\u00e9-\u00e9clampsie ?"", ""quizz_type"": ""severalCorrect"", ""icon"": ""9744a984ae364c93bf7f767c70d03dd1"", ""link"": ""video:/Antenatal Care/routine_antenatal_assessment_of_the_women"", ""link_type"": ""video"", ""show_toggle"": false, ""essential"": false, ""description"": ""L'hypertension, la prot\u00e9inurie et les troubles visuels sont des signes de pr\u00e9-\u00e9clampsie."", ""order"": 0, ""answers"": [{""answer_id"": ""a2f57aac-f66d-4269-bd5b-cb1dc5d5309a"", ""value"": ""Hypertension "", ""correct"": true, ""order"": 0}, {""answer_id"": ""3bab4d23-5165-40c9-ab14-95d433eaa81a"", ""value"": ""Augmentation de la glyc\u00e9mie\n\n"", ""correct"": false, ""order"": 1}, {""answer_id"": ""836e4c68-8b0c-48f5-8593-57990330e4f2"", ""value"": ""Prot\u00e9inurie"", ""correct"": true, ""order"": 2}, {""answer_id"": ""e3eb5742-c758-4d8f-a10c-e3d8d52aec89"", ""value"": ""Troubles visuels\n\n"", ""correct"": true, ""order"": 3}]}]",
klp-1-a-woman-with-urinary-tract-infection-usually-presents-with,A woman with urinary tract infection usually presents with:,A woman with urinary tract infection usually presents with:,1,translated,,africa,baamel.khaoula@gmail.com,6a146956-9f21-206a-98cf-55db7b0a8301,"[{""question_id"": ""a-woman-with-urinary-tract-infection-usually-presents-with_1699948276001"", ""question"": ""Une femme atteinte d\u2019une infection  urinaire pr\u00e9sente g\u00e9n\u00e9ralement :"", ""quizz_type"": ""severalCorrect"", ""icon"": ""8d409475b30b451fbd982f61117e03ff"", ""link"": ""video:/Antenatal Care/routine_antenatal_assessment_of_the_women"", ""link_type"": ""video"", ""show_toggle"": false, ""essential"": false, ""description"": ""ne femme atteinte d\u2019une infection  urinaire pr\u00e9sente g\u00e9n\u00e9ralement :\n\nFi\u00e8vre\n\nDysurie\n\nDouleur au flanc \n"", ""order"": 0, ""answers"": [{""answer_id"": ""07c95f7e-b74f-432a-8ee3-2a5278ed9d2c"", ""value"": ""Fi\u00e8vre\n\n"", ""correct"": true, ""order"": 0}, {""answer_id"": ""73aec31a-1308-4f4a-8f96-221ddebf55e8"", ""value"": ""Dysurie\n\n"", ""correct"": true, ""order"": 1}, {""answer_id"": ""76973e02-7c5c-4d32-8a97-bb868816c612"", ""value"": ""Douleur au flanc "", ""correct"": true, ""order"": 2}, {""answer_id"": ""b37bc010-bf8a-4bdb-ba27-93b9088f2bf5"", ""value"": ""Douleur \u00e9pigastrique\n\n"", ""correct"": false, ""order"": 3}]}]",
klp-2-which-of-the-following-symptoms-indicate-complications-during-pregnancy,Which of the following symptoms indicate complications during pregnancy?,Which of the following symptoms indicate complications during pregnancy?,2,translated,,africa,baamel.khaoula@gmail.com,6a146956-9f21-206a-98cf-55db7b0a8301,"[{""question_id"": ""which-of-the-following-symptoms-indicate-complications-during-pregnancy-and-should-be-identified-by-the-health-care-worker_1699948372612"", ""question"": ""Parmi les sympt\u00f4mes suivants, lesquels indiquent des complications pendant la grossesse ?"", ""quizz_type"": ""severalCorrect"", ""icon"": ""24f70bc082154e6ba00a9321e7aca9a6"", ""link"": ""video:/Antenatal Care/routine_antenatal_assessment_of_the_women"", ""link_type"": ""video"", ""show_toggle"": false, ""essential"": false, ""description"": ""La p\u00e2leur des yeux, la sensibilit\u00e9 ut\u00e9rine et l'absence de mouvements f\u0153taux indiquent des complications.\n\n"", ""order"": 0, ""answers"": [{""answer_id"": ""64e302f6-328a-4415-8a04-737675037a9d"", ""value"": ""P\u00e2leur dans les yeux"", ""correct"": true, ""order"": 0}, {""answer_id"": ""c1510ff7-07c9-4176-b55a-c3fff4c5a80f"", ""value"": ""Sensibilit\u00e9 ut\u00e9rine\n\n"", ""correct"": true, ""order"": 1}, {""answer_id"": ""e8c5a8a0-9903-4b07-872c-b28ee77f3ea9"", ""value"": ""Crampes dans les jambes\n"", ""correct"": false, ""order"": 2}, {""answer_id"": ""5cb5343d-1822-4e90-9367-346a509de24b"", ""value"": "" Absence de mouvements f\u0153taux\n\n"", ""correct"": true, ""order"": 3}]}]",
klp-3-what-is-true-about-the-foetal-heart-rate,What is true about the foetal heart rate?,What is true about the foetal heart rate?,3,translated,,africa,baamel.khaoula@gmail.com,6a146956-9f21-206a-98cf-55db7b0a8301,"[{""question_id"": ""which-of-the-following-statements-are-true-about-listening-to-foetal-heart-sounds-during-the-antenatal-period_1699948442568"", ""question"": ""Qu\u2019est-ce qui est vrai \u00e0 propos de la fr\u00e9quence cardiaque f\u0153tale ?"", ""quizz_type"": ""severalCorrect"", ""icon"": ""bb977f5ecc664e2f974caf3ee54abc53"", ""link"": ""video:/Antenatal Care/routine_antenatal_assessment_of_the_foetus"", ""link_type"": ""video"", ""show_toggle"": false, ""essential"": false, ""description"": ""La fr\u00e9quence cardiaque f\u0153tale doit \u00eatre mesur\u00e9e \u00e0 partir de 20 semaines d'amenorh\u00e9e\n\nLes BCF normaux  se situent entre 110 et 160 battements par minute\n\nLes BCF inf\u00e9rieurs \u00e0 100 ou sup\u00e9rieur \u00e0 180 indiquent une asphyxie f\u0153tale"", ""order"": 0, ""answers"": [{""answer_id"": ""8f810d28-9029-4d6c-a79e-de2ef8f76a8c"", ""value"": ""La fr\u00e9quence cardiaque f\u0153tale doit \u00eatre mesur\u00e9e \u00e0 partir de 20 semaines d'amenorh\u00e9e\n\n"", ""correct"": true, ""order"": 0}, {""answer_id"": ""3270e540-1aee-4485-a4c3-52bd28b30024"", ""value"": ""Les BCF normaux  se situent entre 110 et 160 battements par minute"", ""correct"": true, ""order"": 1}, {""answer_id"": ""d91747f7-95bd-4d35-ac0c-db82294fe958"", ""value"": ""Les BCF inf\u00e9rieurs \u00e0 100 ou sup\u00e9rieur \u00e0 180 indiquent une asphyxie f\u0153tale"", ""correct"": true, ""order"": 2}]}]",
