tag,slug,title,description,icon,content,language_id,region,content_type,created_by,cosmos_language_id,questions,level,standalone
video,res-video-india-hindi-perinatal-mental-health-intro,india-hindi_perinatal-mental-health_intro,भूमिका,326e99434b374d9295e657fa64dacf0c,7d71ca13cc8743118f531aa2543befbd,,india,translated,System,49bc07fa-9ad4-816c-17db-e693a28dd40f,,,
video,res-video-india-hindi-perinatal-mental-health-risk-factors,india-hindi_perinatal-mental-health_risk-factors,रिस्क फैक्टर्स ,ea0d97bff37649edb869996ccf4e0d27,e06dd05b02674ee8baab6ede2b4e85f3,,india,translated,System,49bc07fa-9ad4-816c-17db-e693a28dd40f,,,
video,res-video-india-hindi-perinatal-mental-health-barriers-to-seeking-care,india-hindi_perinatal-mental-health_barriers-to-seeking-care,देखभाल लेने में बाधाएँ,139bc317bdc74dd08da5b05c351042bf,604cad07c6554d5badfc8997733f08f9,,india,translated,System,49bc07fa-9ad4-816c-17db-e693a28dd40f,,,
video,res-video-india-hindi-perinatal-mental-health-diagnosis-symptoms,india-hindi_perinatal-mental-health_diagnosis-symptoms,निदान या लक्षण  ,8ed1b0b2ea694b1fac422600c9a0f8b4,d2155e72d5cd4dc8a4ce0fc75bca4f68,,india,translated,System,49bc07fa-9ad4-816c-17db-e693a28dd40f,,,
video,res-video-india-hindi-perinatal-mental-health-screening,india-hindi_perinatal-mental-health_screening,स्क्रीनिंग,5df9e5b8f43447a7a18a5bc0f8ed459b,686ab2fecc3b4768a219f56448f7e75b,,india,translated,System,49bc07fa-9ad4-816c-17db-e693a28dd40f,,,
video,res-video-india-hindi-perinatal-mental-health-prevention-and-treatment,india-hindi_perinatal-mental-health_prevention-and-treatment,रोकथाम और उपचार ,ed1373b71c7642a8811483a7ae17fefe,3ce0f6a2cc0a495d988ab5adf0eb22e9,,india,translated,System,49bc07fa-9ad4-816c-17db-e693a28dd40f,,,
video,res-video-india-hindi-perinatal-mental-health-medicatons,india-hindi_perinatal-mental-health_medicatons,दवाएं,8f65943086ae40b1a455cea8500c9455,82ca94fc4f2342738d531b8662838b3e,,india,translated,System,49bc07fa-9ad4-816c-17db-e693a28dd40f,,,
video,res-video-india-hindi-perinatal-mental-health-caring-for-the-carer,india-hindi_perinatal-mental-health_caring-for-the-carer,केयर देने वाले की देखभाल ,a946c6a6704948f29768097426b50360,d158f1672c634acba4c26a08132e49e1,,india,translated,System,49bc07fa-9ad4-816c-17db-e693a28dd40f,,,
action-card,res-action-card-risk-factors-causes,Risk factors/causes,रिस्क फैक्टर्स,f1d2edbe114e434c9125c21d8e084990,27d2225fafaa40559cda2cd6026104d5,,india,translated,neelam@maternity.dk,49bc07fa-9ad4-816c-17db-e693a28dd40f,,,
action-card,res-action-card-risk-factors-causes,Risk factors/causes,रिस्क फैक्टर्स,f1d2edbe114e434c9125c21d8e084990,5f15cdf8938c4b7aa82a57c2bc81398e,,india,translated,neelam@maternity.dk,49bc07fa-9ad4-816c-17db-e693a28dd40f,,,
action-card,res-action-card-screening,Screening,स्क्रीनिंग,62c44c0d31d2402a9a5aef89bd1eaa74,10c57466f1cd4e9ab9ebfec169b194c6,,india,translated,neelam@maternity.dk,49bc07fa-9ad4-816c-17db-e693a28dd40f,,,
action-card,res-action-card-screening,Screening,स्क्रीनिंग,62c44c0d31d2402a9a5aef89bd1eaa74,70e570351846481b941fcdfeca778786,,india,translated,neelam@maternity.dk,49bc07fa-9ad4-816c-17db-e693a28dd40f,,,
action-card,res-action-card-perinatal-mental-health-conditions,Perinatal mental health conditions,पेरिनेटल मानसिक स्वास्थ्य स्थितियाँ,f984efffe74d4d0794323d126cc46a41,7d95a62497934daebcd33f4a83df0466,,india,translated,neelam@maternity.dk,49bc07fa-9ad4-816c-17db-e693a28dd40f,,,
action-card,res-action-card-perinatal-mental-health-conditions,Perinatal mental health conditions,पेरिनेटल मानसिक स्वास्थ्य स्थितियाँ,f984efffe74d4d0794323d126cc46a41,d85ec61c1f08413e9b3654aba7e3741a,,india,translated,neelam@maternity.dk,49bc07fa-9ad4-816c-17db-e693a28dd40f,,,
action-card,res-action-card-infant-outcomes,Infant outcomes,शिशु स्वास्थ्य संबंधी परिणाम,3ed372f1f32d4d5e80ec029a4b082b13,30bd61a803594af0937babb6152bc463,,india,translated,neelam@maternity.dk,49bc07fa-9ad4-816c-17db-e693a28dd40f,,,
action-card,res-action-card-infant-outcomes,Infant outcomes,शिशु स्वास्थ्य संबंधी परिणाम,3ed372f1f32d4d5e80ec029a4b082b13,bb89ac0fac99459497afef362c6e0270,,india,translated,neelam@maternity.dk,49bc07fa-9ad4-816c-17db-e693a28dd40f,,,
action-card,res-action-card-violence-against-women,Violence against women,महिलाओं के प्रति हिंसा,05deb3ce3d9341e6b3c6c5d39400fc1c,1483df0ef0764448a21807606bc30b87,,india,translated,neelam@maternity.dk,49bc07fa-9ad4-816c-17db-e693a28dd40f,,,
action-card,res-action-card-violence-against-women,Violence against women,महिलाओं के प्रति हिंसा,05deb3ce3d9341e6b3c6c5d39400fc1c,88fe7306542e4312b9237e9ac5150be2,,india,translated,neelam@maternity.dk,49bc07fa-9ad4-816c-17db-e693a28dd40f,,,
procedure,res-procedure-treatment-options-ind,Treatment options (IND),उपचार के तरीके,a5681d5af6a8457898b88930455f7f86,43e032cbd3cc47e1ac2644b25ff9d554,,india,translated,neelam@maternity.dk,49bc07fa-9ad4-816c-17db-e693a28dd40f,,,
procedure,res-procedure-treatment-options-ind,Treatment options (IND),उपचार के तरीके,a5681d5af6a8457898b88930455f7f86,1053844c268942ff83934f116e0748a8,,india,translated,neelam@maternity.dk,49bc07fa-9ad4-816c-17db-e693a28dd40f,,,
procedure,res-procedure-caring-for-the-carer,Caring for the carer,केयर देने वाले की देखभाल,190944ccbeea48d48a9fc558b7cd3800,6dce0dfb5136424c84c4dc7a00182030,,india,translated,neelam@maternity.dk,49bc07fa-9ad4-816c-17db-e693a28dd40f,,,
procedure,res-procedure-caring-for-the-carer,Caring for the carer,केयर देने वाले की देखभाल,190944ccbeea48d48a9fc558b7cd3800,7d145fb6a1094689b5f244882a58a62d,,india,translated,neelam@maternity.dk,49bc07fa-9ad4-816c-17db-e693a28dd40f,,,
procedure,res-procedure-screening-tool-in,Screening tool (IN),स्क्रीनिंग टूल्स,a016cf4dbe7b4da7abcd8d67b8039c67,ddf7a1a115dc46168d0622cc8c4e9bee,,india,translated,neelam@maternity.dk,49bc07fa-9ad4-816c-17db-e693a28dd40f,,,
procedure,res-procedure-screening-tool-in,Screening tool (IN),स्क्रीनिंग टूल्स,a016cf4dbe7b4da7abcd8d67b8039c67,6bd6a429bc7b483589bdb969832e9050,,india,translated,neelam@maternity.dk,49bc07fa-9ad4-816c-17db-e693a28dd40f,,,
video,res-video-india-hindi-modern-contraception-intro,india-hindi_modern-contraception_intro,भूमिका,5484055b955c4c269ef5980791466677,92002d7965ea4237ae87be212672d84f,,india,translated,System,49bc07fa-9ad4-816c-17db-e693a28dd40f,,,
video,res-video-india-hindi-modern-contraception-counselling,india-hindi_modern-contraception_counselling,काउंसिलिंग,7d98a75b514d4eec8ef7ba10f43c3e44,201703b8ad8143cc9837c8f4d4a7acaa,,india,translated,System,49bc07fa-9ad4-816c-17db-e693a28dd40f,,,
video,res-video-india-hindi-modern-contraception-contraceptive-methods,india-hindi_modern-contraception_contraceptive-methods,गर्भनिरोधक विधियाँ,02fe555c32984686a1065c5fd9eb569b,80dcf83c56a04aa0b252584a50398b33,,india,translated,System,49bc07fa-9ad4-816c-17db-e693a28dd40f,,,
video,res-video-india-hindi-modern-contraception-mec,india-hindi_modern-contraception_mec,एमईसी व्हील,d826ff1cebca44be8544f7d11fe40cc1,330cdc1c34b84904a7ca572209b68bb5,,india,translated,System,49bc07fa-9ad4-816c-17db-e693a28dd40f,,,
video,res-video-india-hindi-modern-contraception-implant-insertion,india-hindi_modern-contraception_implant-insertion,इम्प्लांट इंसर्शन,1267fe7c319f409e9dca3390a486197f,a1ace09c4b974274bc13a5d4ce308fe5,,india,translated,System,49bc07fa-9ad4-816c-17db-e693a28dd40f,,,
video,res-video-india-hindi-modern-contraception-implant-removal,india-hindi_modern-contraception_implant-removal,इम्प्लांट रिमूवल,0c482ff5f2ac4f1b90565377b144842f,1d3b2058238c43c488f7251a83b8b4bb,,india,translated,System,49bc07fa-9ad4-816c-17db-e693a28dd40f,,,
video,res-video-india-hindi-modern-contraception-iud-insertion,india-hindi_modern-contraception_iud-insertion,अंतराल आईयूसीडी इंसर्शन,84f8ba51b87249d0b5d788ea2f062cdf,8d66d72c45274cffa7c101afdf81c2ce,,india,translated,System,49bc07fa-9ad4-816c-17db-e693a28dd40f,,,
video,res-video-india-hindi-modern-contraception-ppiucd-insertion,india-hindi_modern-contraception_ppiucd-insertion,पीपीआईयूसीडी इंसर्शन,e78ca8123cad459d968d4609444f9f5e,15173ef519334f44a6a0d05b58eb740b,,india,translated,System,49bc07fa-9ad4-816c-17db-e693a28dd40f,,,
video,res-video-india-hindi-modern-contraception-iud-removal,india-hindi_modern-contraception_iud-removal,आईयूसीडी रिमूवल,51059859063f4e0a87936d9967db6eac,48d9c9fa63b541eb8288c1c0cd91de43,,india,translated,System,49bc07fa-9ad4-816c-17db-e693a28dd40f,,,
action-card,res-action-card-mec-wheel,MEC Wheel,एमईसी व्हील,680bfae2b8804da6b0ab9a96b8704ab0,4e6a90772e0d4ad8aa69a2cff58230a6,,india,translated,neelam@maternity.dk,49bc07fa-9ad4-816c-17db-e693a28dd40f,,,
action-card,res-action-card-mec-wheel,MEC Wheel,एमईसी व्हील,680bfae2b8804da6b0ab9a96b8704ab0,b6b4aa1428f74d78b9624992e33809d7,,india,translated,neelam@maternity.dk,49bc07fa-9ad4-816c-17db-e693a28dd40f,,,
action-card,res-action-card-contraceptive-counselling-ind,Contraceptive counselling (IND),गर्भनिरोधक काउंसिलिंग,1bff5b80f8b14125995a87f02613c495,31870d393a544507af48c6df3d6e6c0a,,india,translated,neelam@maternity.dk,49bc07fa-9ad4-816c-17db-e693a28dd40f,,,
action-card,res-action-card-contraceptive-counselling-ind,Contraceptive counselling (IND),गर्भनिरोधक काउंसिलिंग,1bff5b80f8b14125995a87f02613c495,1eaac6a484ed4f67b844d4996e463a15,,india,translated,neelam@maternity.dk,49bc07fa-9ad4-816c-17db-e693a28dd40f,,,
action-card,res-action-card-short-acting-reversible-contraceptives-sarcs,Short acting reversible contraceptives (SARCs),शॉर्ट-एक्टिंग रिवेर्सिबल गर्भनिरोधक विधियाँ ,639ebd8b34784a81ba8960259b439db9,649bd38d422e4e529a50d3a774c91235,,india,translated,neelam@maternity.dk,49bc07fa-9ad4-816c-17db-e693a28dd40f,,,
action-card,res-action-card-short-acting-reversible-contraceptives-sarcs,Short acting reversible contraceptives (SARCs),शॉर्ट-एक्टिंग रिवेर्सिबल गर्भनिरोधक विधियाँ ,639ebd8b34784a81ba8960259b439db9,7b9f346f0a0d48efba3bdf60a3c8a4d8,,india,translated,neelam@maternity.dk,49bc07fa-9ad4-816c-17db-e693a28dd40f,,,
action-card,res-action-card-long-acting-reversible-contraceptives-larcs,Long acting reversible contraceptives (LARCs),लॉन्ग-एक्टिंग रिवेर्सिबल गर्भनिरोधक विधियाँ,2d252551e54343cdb22c8858356b4018,e7b147c1b57b4aa0ada879b8dc7daf90,,india,translated,neelam@maternity.dk,49bc07fa-9ad4-816c-17db-e693a28dd40f,,,
action-card,res-action-card-long-acting-reversible-contraceptives-larcs,Long acting reversible contraceptives (LARCs),लॉन्ग-एक्टिंग रिवेर्सिबल गर्भनिरोधक विधियाँ,2d252551e54343cdb22c8858356b4018,ee34fc6ecb32483193b454e987a2b003,,india,translated,neelam@maternity.dk,49bc07fa-9ad4-816c-17db-e693a28dd40f,,,
action-card,res-action-card-permanent-methods,Permanent methods,परमानेन्ट विधियाँ,57926c118539485582e90b118dc50157,5985c9231f634e1bb5bda75c10fae1bf,,india,translated,neelam@maternity.dk,49bc07fa-9ad4-816c-17db-e693a28dd40f,,,
action-card,res-action-card-permanent-methods,Permanent methods,परमानेन्ट विधियाँ,57926c118539485582e90b118dc50157,0b213535ae9f470a9717e60337491971,,india,translated,neelam@maternity.dk,49bc07fa-9ad4-816c-17db-e693a28dd40f,,,
action-card,res-action-card-timing-of-initiation-of-contraceptive-methods,Timing of initiation of contraceptive methods,गर्भनिरोधक विधियों की शुरुआत कब करें?,f7ce990c74ef48c0b32e646777b72a05,30a3ca83236c4876acb8de05a2023dc8,,india,translated,sonel@afidigitalservices.com,49bc07fa-9ad4-816c-17db-e693a28dd40f,,,
action-card,res-action-card-timing-of-initiation-of-contraceptive-methods,Timing of initiation of contraceptive methods,गर्भनिरोधक विधियों की शुरुआत कब करें?,f7ce990c74ef48c0b32e646777b72a05,73aaba7ef8e84bf08e6850ed10c1012b,,india,translated,sonel@afidigitalservices.com,49bc07fa-9ad4-816c-17db-e693a28dd40f,,,
procedure,res-procedure-use-of-condom,Use of condom,कंडोम का उपयोग,18d77b78b7614765995c1e1240431224,cc22e81c1c494fe6b064419f0805c044,,india,translated,neelam@maternity.dk,49bc07fa-9ad4-816c-17db-e693a28dd40f,,,
procedure,res-procedure-use-of-condom,Use of condom,कंडोम का उपयोग,18d77b78b7614765995c1e1240431224,4ca9c58ab9cc44e8a43ceb53f3ed0cac,,india,translated,neelam@maternity.dk,49bc07fa-9ad4-816c-17db-e693a28dd40f,,,
procedure,res-procedure-implant-insertion,Implant insertion,इम्प्लांट लगाना,eef5c042cbc6460b867c0e6d814ffd01,621479e40b61492483d6e4ef96eb2ef9,,india,translated,neelam@maternity.dk,49bc07fa-9ad4-816c-17db-e693a28dd40f,,,
procedure,res-procedure-implant-insertion,Implant insertion,इम्प्लांट लगाना,eef5c042cbc6460b867c0e6d814ffd01,92f84a76a19a4fb58fcc8acd596b0468,,india,translated,neelam@maternity.dk,49bc07fa-9ad4-816c-17db-e693a28dd40f,,,
procedure,res-procedure-implant-removal,Implant removal,इम्प्लांट निकालना,be9e4c3c89994fc1a26ef7072680763d,0c908df88e444c91a0505b3b059ebcca,,india,translated,neelam@maternity.dk,49bc07fa-9ad4-816c-17db-e693a28dd40f,,,
procedure,res-procedure-implant-removal,Implant removal,इम्प्लांट निकालना,be9e4c3c89994fc1a26ef7072680763d,300c1806e7f942b2b9ae7b23a19c3e72,,india,translated,neelam@maternity.dk,49bc07fa-9ad4-816c-17db-e693a28dd40f,,,
procedure,res-procedure-iud-ius-insertion,IUD/IUS insertion,आईयूसीडी लगाना,ee7a3bb6b22f419ab3abe6eff1416b5b,96e5ed01ef864140b57060992a9d72ab,,india,translated,neelam@maternity.dk,49bc07fa-9ad4-816c-17db-e693a28dd40f,,,
procedure,res-procedure-iud-ius-insertion,IUD/IUS insertion,आईयूसीडी लगाना,ee7a3bb6b22f419ab3abe6eff1416b5b,c1c5a427e184445fbbbc7e1051b13bf8,,india,translated,neelam@maternity.dk,49bc07fa-9ad4-816c-17db-e693a28dd40f,,,
procedure,res-procedure-iud-ius-removal,IUD/IUS removal,आईयूसीडी निकालना,da7ce96d390d4601b3fea85fdce112dd,dbacd8dd26ac4ed789d2d2c649b7011a,,india,translated,neelam@maternity.dk,49bc07fa-9ad4-816c-17db-e693a28dd40f,,,
procedure,res-procedure-iud-ius-removal,IUD/IUS removal,आईयूसीडी निकालना,da7ce96d390d4601b3fea85fdce112dd,e2ad03a7edb3492d885a4218f31b8546,,india,translated,neelam@maternity.dk,49bc07fa-9ad4-816c-17db-e693a28dd40f,,,
drug,res-drug-combined-oral-contraceptives,Combined oral contraceptives,कॉम्बाइंड ओरल कॉन्ट्रासेप्टिव्स,ce11c5c795eb49bd927a3b75e029d97e,5f318627e2954cf0b867f2968510fc27,,india,translated,neelam@maternity.dk,49bc07fa-9ad4-816c-17db-e693a28dd40f,,,
drug,res-drug-combined-oral-contraceptives,Combined oral contraceptives,कॉम्बाइंड ओरल कॉन्ट्रासेप्टिव्स,ce11c5c795eb49bd927a3b75e029d97e,9bb9f833f58d4fb9885da2df5f6d9f78,,india,translated,neelam@maternity.dk,49bc07fa-9ad4-816c-17db-e693a28dd40f,,,
drug,res-drug-copper-intrauterine-device-iud,Copper intrauterine device (IUD),इंट्रायूटराइन कंट्रासेप्टिव डिवाइस (आईयूसीडी),ce11c5c795eb49bd927a3b75e029d97e,e99f683de7314a15996d7f0ce473a33a,,india,translated,neelam@maternity.dk,49bc07fa-9ad4-816c-17db-e693a28dd40f,,,
drug,res-drug-copper-intrauterine-device-iud,Copper intrauterine device (IUD),इंट्रायूटराइन कंट्रासेप्टिव डिवाइस (आईयूसीडी),ce11c5c795eb49bd927a3b75e029d97e,423ef454b8f549fb8781308ec0f0b762,,india,translated,neelam@maternity.dk,49bc07fa-9ad4-816c-17db-e693a28dd40f,,,
drug,res-drug-emergency-contraceptive-pills,Emergency contraceptive pills,इमरजेंसी गर्भनिरोधक पिल्स,ce11c5c795eb49bd927a3b75e029d97e,227fc494bfa7410ca8d7874661a59c7a,,india,translated,neelam@maternity.dk,49bc07fa-9ad4-816c-17db-e693a28dd40f,,,
drug,res-drug-emergency-contraceptive-pills,Emergency contraceptive pills,इमरजेंसी गर्भनिरोधक पिल्स,ce11c5c795eb49bd927a3b75e029d97e,d9eea48a991c48fba1bb2835d40c5d41,,india,translated,neelam@maternity.dk,49bc07fa-9ad4-816c-17db-e693a28dd40f,,,
drug,res-drug-monthly-injectables,Monthly Injectables,इंजेक्टेबल मेड्रोक्सी प्रोजेस्टेरोन एसीटेट(एमपीए),ce11c5c795eb49bd927a3b75e029d97e,537b371f86eb4ac290944d346a6d002c,,india,translated,neelam@maternity.dk,49bc07fa-9ad4-816c-17db-e693a28dd40f,,,
drug,res-drug-monthly-injectables,Monthly Injectables,इंजेक्टेबल मेड्रोक्सी प्रोजेस्टेरोन एसीटेट(एमपीए),ce11c5c795eb49bd927a3b75e029d97e,851b53fe8d114548a01212ce9e447436,,india,translated,neelam@maternity.dk,49bc07fa-9ad4-816c-17db-e693a28dd40f,,,
drug,res-drug-centchroman-pills,Centchroman Pills,सेंटक्रोमैन पिल्स,ce11c5c795eb49bd927a3b75e029d97e,fbd56fefa9b746a78fa04b7e70486b98,,india,translated,neelam@maternity.dk,49bc07fa-9ad4-816c-17db-e693a28dd40f,,,
drug,res-drug-centchroman-pills,Centchroman Pills,सेंटक्रोमैन पिल्स,ce11c5c795eb49bd927a3b75e029d97e,5b4f0f4f1a3b46dcb48afce908e2d436,,india,translated,neelam@maternity.dk,49bc07fa-9ad4-816c-17db-e693a28dd40f,,,
drug,res-drug-progesterone-only-pills,Progesterone-only pills,प्रोजेस्टिन-ओनली पिल्स,ce11c5c795eb49bd927a3b75e029d97e,84cd71cf75f9440f8b22fead5ec40d86,,india,translated,neelam@maternity.dk,49bc07fa-9ad4-816c-17db-e693a28dd40f,,,
drug,res-drug-progesterone-only-pills,Progesterone-only pills,प्रोजेस्टिन-ओनली पिल्स,ce11c5c795eb49bd927a3b75e029d97e,bc262610f43b47ecbd1288bda9b5f12f,,india,translated,neelam@maternity.dk,49bc07fa-9ad4-816c-17db-e693a28dd40f,,,
drug,res-drug-xylocaine,Xylocaine,Xylocaine,ce11c5c795eb49bd927a3b75e029d97e,5de71dd155d441b4bd9e28ff43df673b,,india,translated,neelam@maternity.dk,49bc07fa-9ad4-816c-17db-e693a28dd40f,,,
drug,res-drug-xylocaine,Xylocaine,Xylocaine,ce11c5c795eb49bd927a3b75e029d97e,76906ae57dba43a7ac960ebc43c24a08,,india,translated,neelam@maternity.dk,49bc07fa-9ad4-816c-17db-e693a28dd40f,,,
video,res-video-india-hindi-antenatal-care-antenatal-care-schedule,india-hindi_antenatal-care_antenatal-care-schedule,प्रसवपूर्व देखभाल अनुसूची,85f68a83fe2549a59ee012b76069bebe,9587b930e9104613b8024dbf7e48594a,,india,translated,System,49bc07fa-9ad4-816c-17db-e693a28dd40f,,,
video,res-video-india-hindi-antenatal-care-counselling,india-hindi_antenatal-care_counselling,काउंसिलिंग,c084984eeabe4b87918950b6a41db7e8,b3de4b92241048729943fa19439aa37e,,india,translated,System,49bc07fa-9ad4-816c-17db-e693a28dd40f,,,
video,res-video-india-hindi-antenatal-care-first-contact-in-pregnancy,india-hindi_antenatal-care_first-contact-in-pregnancy,गर्भावस्था में पहली  एएनसी विजिट,0c53d6e5cc554812941ca49c3dda2257,8f53b5d25ceb4ff7961f6b224cfdebcf,,india,translated,System,49bc07fa-9ad4-816c-17db-e693a28dd40f,,,
video,res-video-india-hindi-antenatal-care-intro,india-hindi_antenatal-care_intro,भूमिका,8421b421393242458f6f2cbffc161433,716c4f6fc6f245449fb225f1b69a5742,,india,translated,System,49bc07fa-9ad4-816c-17db-e693a28dd40f,,,
video,res-video-india-hindi-antenatal-care-respectful-maternity-care,india-hindi_antenatal-care_respectful-maternity-care,रिस्पेक्टफुल  मैटर्निटी केयर,a702dd929a7344aa91c6a33be5c27fe2,45610d5862a541c0972dccf4271bb7bb,,india,translated,System,49bc07fa-9ad4-816c-17db-e693a28dd40f,,,
video,res-video-india-hindi-antenatal-care-routine-antenatal-assessment-of-the-foetus,india-hindi_antenatal-care_routine-antenatal-assessment-of-the-foetus,फ़ीटस का नियमित प्रसवपूर्व मूल्यांकन,ef8d1ef5f26542548a1a6da7aa6aa626,b86c02641f5c433fa98de9805bc97540,,india,translated,System,49bc07fa-9ad4-816c-17db-e693a28dd40f,,,
video,res-video-india-hindi-antenatal-care-routine-antenatal-assessment-of-the-woman,india-hindi_antenatal-care_routine-antenatal-assessment-of-the-woman,महिला की नियमित प्रसवपूर्व जाँच,,eecfc79e53a949e0a2244079f211158d,,india,translated,System,49bc07fa-9ad4-816c-17db-e693a28dd40f,,,
action-card,res-action-card-respectful-antenatal-care,Respectful Antenatal Care,रिस्पेक्टफुल प्रसवपूर्व देखभाल ,83b24f4f8836446badbe9468c0241fc8,7b81e9f5261e4a3aad63476c457e79d6,,india,translated,bright@maternity.dk,49bc07fa-9ad4-816c-17db-e693a28dd40f,,,
action-card,res-action-card-respectful-antenatal-care,Respectful Antenatal Care,रिस्पेक्टफुल प्रसवपूर्व देखभाल ,83b24f4f8836446badbe9468c0241fc8,54bd49c37dbd403eab53c3143f407172,,india,translated,bright@maternity.dk,49bc07fa-9ad4-816c-17db-e693a28dd40f,,,
action-card,res-action-card-nutrition-and-lifestyle,Nutrition and lifestyle,पोषण और जीवनशैली,cd90aec8862f48dab2b98ec7bfb6fe50,e94c28fde3704389ace08ec00284b16e,,india,translated,bright@maternity.dk,49bc07fa-9ad4-816c-17db-e693a28dd40f,,,
action-card,res-action-card-nutrition-and-lifestyle,Nutrition and lifestyle,पोषण और जीवनशैली,cd90aec8862f48dab2b98ec7bfb6fe50,cf96d41941bc4d6c829ce56aa678cb6a,,india,translated,bright@maternity.dk,49bc07fa-9ad4-816c-17db-e693a28dd40f,,,
action-card,res-action-card-birth-and-emergency-plan,Birth and emergency plan,जन्म की तैयारी और जटिलता की तैयारी (बीपीसीआर),4cdf300fef13469983bed94fe8a46b2e,99219876add6466fb32e035508d8dcbd,,india,translated,bright@maternity.dk,49bc07fa-9ad4-816c-17db-e693a28dd40f,,,
action-card,res-action-card-birth-and-emergency-plan,Birth and emergency plan,जन्म की तैयारी और जटिलता की तैयारी (बीपीसीआर),4cdf300fef13469983bed94fe8a46b2e,127214bcf98745d5a527b45c4db4b963,,india,translated,bright@maternity.dk,49bc07fa-9ad4-816c-17db-e693a28dd40f,,,
action-card,res-action-card-interventions-for-common-physiological-symptoms,Interventions for common physiological symptoms,सामान्य शारीरिक लक्षणों के लिए हस्तक्षेप ,8578d07af1e946aea54aff4167a7f74b,43e812c2a7744c68bf8184220592f254,,india,translated,bright@maternity.dk,49bc07fa-9ad4-816c-17db-e693a28dd40f,,,
action-card,res-action-card-interventions-for-common-physiological-symptoms,Interventions for common physiological symptoms,सामान्य शारीरिक लक्षणों के लिए हस्तक्षेप ,8578d07af1e946aea54aff4167a7f74b,c560bfd0b55b424bbbab7008d7c9d693,,india,translated,bright@maternity.dk,49bc07fa-9ad4-816c-17db-e693a28dd40f,,,
action-card,res-action-card-violence-against-women,Violence against women,महिलाओं पर होने वाली हिंसा,1d5099cd89c94b539821c3919a62ee74,e130468679ab41a1aa5ca27b123e053e,,india,translated,neelam@maternity.dk,49bc07fa-9ad4-816c-17db-e693a28dd40f,,,
action-card,res-action-card-violence-against-women,Violence against women,महिलाओं पर होने वाली हिंसा,1d5099cd89c94b539821c3919a62ee74,010fb3d1c3974170b690d41262e4cc95,,india,translated,neelam@maternity.dk,49bc07fa-9ad4-816c-17db-e693a28dd40f,,,
action-card,res-action-card-significant-symptoms-of-antenatal-complications,Significant Symptoms of Antenatal Complications,प्रसवपूर्व जटिलताओं के महत्वपूर्ण लक्षण ,54bf7209befc4406b7833e7f5287414b,2c49aa143f6d43cc9735ad62e3708b96,,india,translated,bright@maternity.dk,49bc07fa-9ad4-816c-17db-e693a28dd40f,,,
action-card,res-action-card-significant-symptoms-of-antenatal-complications,Significant Symptoms of Antenatal Complications,प्रसवपूर्व जटिलताओं के महत्वपूर्ण लक्षण ,54bf7209befc4406b7833e7f5287414b,0783b60f3aef41338936783245b843e7,,india,translated,bright@maternity.dk,49bc07fa-9ad4-816c-17db-e693a28dd40f,,,
action-card,res-action-card-threatened-preterm-labour,Threatened Preterm Labour,थ़्रेटन्ड प्री टर्म लेबर,f2fc5a4f59274bc78f99088cda06ea1b,9627cc2220ad4ccd9c2bcf8867bd1df7,,india,translated,bright@maternity.dk,49bc07fa-9ad4-816c-17db-e693a28dd40f,,,
action-card,res-action-card-threatened-preterm-labour,Threatened Preterm Labour,थ़्रेटन्ड प्री टर्म लेबर,f2fc5a4f59274bc78f99088cda06ea1b,c89cd9f280c44dd9a3e40fbe140c45bb,,india,translated,bright@maternity.dk,49bc07fa-9ad4-816c-17db-e693a28dd40f,,,
procedure,res-procedure-foetal-assessments,Foetal Assessments,भ्रूण मूल्यांकन ,ee5959960ad94499b08807ada47976a0,0c75b65e4d83449ea174aff4788bc10e,,india,translated,tanya@maternity.dk,49bc07fa-9ad4-816c-17db-e693a28dd40f,,,
procedure,res-procedure-foetal-assessments,Foetal Assessments,भ्रूण मूल्यांकन ,ee5959960ad94499b08807ada47976a0,ad9f034766ac4449a1eaf7f1c109e9ea,,india,translated,tanya@maternity.dk,49bc07fa-9ad4-816c-17db-e693a28dd40f,,,
procedure,res-procedure-india-preventative-management-interventions,INDIA - Preventative Management Interventions,निवारक प्रबंधन हस्तक्षेप ,fa06108c9fa0424cbe38823905832938,eae2a38e48574bb2bcd5ca6dc88750d3,,india,translated,bright@maternity.dk,49bc07fa-9ad4-816c-17db-e693a28dd40f,,,
procedure,res-procedure-india-preventative-management-interventions,INDIA - Preventative Management Interventions,निवारक प्रबंधन हस्तक्षेप ,fa06108c9fa0424cbe38823905832938,927dc897b98d4b029a238eedf9e0bf03,,india,translated,bright@maternity.dk,49bc07fa-9ad4-816c-17db-e693a28dd40f,,,
procedure,res-procedure-india-routine-maternal-screening-and-tests,INDIA - Routine Maternal Screening and Tests,नियमित मातृ स्क्रीनिंग और परीक्षण   ,21ea0a14d07744698d8386ba63c12530,0e25ce54c0364e46a5e11a6d8b836cd3,,india,translated,sonel@afidigitalservices.com,49bc07fa-9ad4-816c-17db-e693a28dd40f,,,
procedure,res-procedure-india-routine-maternal-screening-and-tests,INDIA - Routine Maternal Screening and Tests,नियमित मातृ स्क्रीनिंग और परीक्षण   ,21ea0a14d07744698d8386ba63c12530,c63d411b987544f9b247d1cf68f70bc5,,india,translated,sonel@afidigitalservices.com,49bc07fa-9ad4-816c-17db-e693a28dd40f,,,
drug,res-drug-albendazole,Albendazole,आल्बेंडाजोल,ae12206a3e0f4239b86021d68ee9f333,e31b4c21fd6c4c66a3019af5c8747db0,,india,translated,bright@maternity.dk,49bc07fa-9ad4-816c-17db-e693a28dd40f,,,
drug,res-drug-albendazole,Albendazole,आल्बेंडाजोल,ae12206a3e0f4239b86021d68ee9f333,eea507a09a17414994525c3c8d6d5c7d,,india,translated,bright@maternity.dk,49bc07fa-9ad4-816c-17db-e693a28dd40f,,,
drug,res-drug-ampicillin,Ampicillin,एम्पिसिलिन,ae12206a3e0f4239b86021d68ee9f333,426d45c85958428c8a2a01fc64d485d0,,india,translated,neelam@maternity.dk,49bc07fa-9ad4-816c-17db-e693a28dd40f,,,
drug,res-drug-ampicillin,Ampicillin,एम्पिसिलिन,ae12206a3e0f4239b86021d68ee9f333,95dc8b2fe5ab4f0eb6e6f0fdec116d97,,india,translated,neelam@maternity.dk,49bc07fa-9ad4-816c-17db-e693a28dd40f,,,
drug,res-drug-betamethasone,Betamethasone,बिटामेथासोन,ae12206a3e0f4239b86021d68ee9f333,c745e2ca25d145629cfa77966208052d,,india,translated,neelam@maternity.dk,49bc07fa-9ad4-816c-17db-e693a28dd40f,,,
drug,res-drug-betamethasone,Betamethasone,बिटामेथासोन,ae12206a3e0f4239b86021d68ee9f333,1e1535b2e75d41cb9da45aa780e38831,,india,translated,neelam@maternity.dk,49bc07fa-9ad4-816c-17db-e693a28dd40f,,,
drug,res-drug-calcium-supplementation,Calcium supplementation,कैल्शियम सप्लीमेंटेशन,ae12206a3e0f4239b86021d68ee9f333,d6334ab8965b4866a2ae8d8ba643af37,,india,translated,neelam@maternity.dk,49bc07fa-9ad4-816c-17db-e693a28dd40f,,,
drug,res-drug-calcium-supplementation,Calcium supplementation,कैल्शियम सप्लीमेंटेशन,ae12206a3e0f4239b86021d68ee9f333,a6004b17094c428a944670509ae57d83,,india,translated,neelam@maternity.dk,49bc07fa-9ad4-816c-17db-e693a28dd40f,,,
drug,res-drug-dexamethasone,Dexamethasone,डेक्सामेथासोन   ,ae12206a3e0f4239b86021d68ee9f333,b62c7251ac6b4d2496e8c105c132f67e,,india,translated,neelam@maternity.dk,49bc07fa-9ad4-816c-17db-e693a28dd40f,,,
drug,res-drug-dexamethasone,Dexamethasone,डेक्सामेथासोन   ,ae12206a3e0f4239b86021d68ee9f333,95104e17eb8045c98077627ad48803b2,,india,translated,neelam@maternity.dk,49bc07fa-9ad4-816c-17db-e693a28dd40f,,,
drug,res-drug-folic-acid,Folic Acid,फोलिक एसिड,ae12206a3e0f4239b86021d68ee9f333,72eb0e25cdae476197dc1f1246a221cc,,india,translated,bright@maternity.dk,49bc07fa-9ad4-816c-17db-e693a28dd40f,,,
drug,res-drug-folic-acid,Folic Acid,फोलिक एसिड,ae12206a3e0f4239b86021d68ee9f333,68739c0956b246689dce6a40ec735c27,,india,translated,bright@maternity.dk,49bc07fa-9ad4-816c-17db-e693a28dd40f,,,
drug,res-drug-gentamicin,Gentamicin,जेंटामाइसिन,ae12206a3e0f4239b86021d68ee9f333,56a4b2639f4d46bb82788c698b6adc13,,india,translated,neelam@maternity.dk,49bc07fa-9ad4-816c-17db-e693a28dd40f,,,
drug,res-drug-gentamicin,Gentamicin,जेंटामाइसिन,ae12206a3e0f4239b86021d68ee9f333,f4b54f0544c94db48e3bdbf8941dac81,,india,translated,neelam@maternity.dk,49bc07fa-9ad4-816c-17db-e693a28dd40f,,,
drug,res-drug-iron-and-folic-acid-supplementation,Iron and folic acid supplementation,आयरन और फोलिक एसिड सप्लीमेंट (आईएफए),ae12206a3e0f4239b86021d68ee9f333,9a7a5e0c012149feb96ebd38e19a0cf3,,india,translated,neelam@maternity.dk,49bc07fa-9ad4-816c-17db-e693a28dd40f,,,
drug,res-drug-iron-and-folic-acid-supplementation,Iron and folic acid supplementation,आयरन और फोलिक एसिड सप्लीमेंट (आईएफए),ae12206a3e0f4239b86021d68ee9f333,a5a90b74c5ba43b198bec3ad7ace7a35,,india,translated,neelam@maternity.dk,49bc07fa-9ad4-816c-17db-e693a28dd40f,,,
drug,res-drug-metronidazole,Metronidazole,मेट्रोनिडाज़ोल ,ae12206a3e0f4239b86021d68ee9f333,40baf6011c4241b5b95f8c89fd4400e3,,india,translated,neelam@maternity.dk,49bc07fa-9ad4-816c-17db-e693a28dd40f,,,
drug,res-drug-metronidazole,Metronidazole,मेट्रोनिडाज़ोल ,ae12206a3e0f4239b86021d68ee9f333,f7ba84254b264cbc99fb145cb0421228,,india,translated,neelam@maternity.dk,49bc07fa-9ad4-816c-17db-e693a28dd40f,,,
drug,res-drug-nifedipine,Nifedipine,निफ़ेडिपिन  ,ae12206a3e0f4239b86021d68ee9f333,92a67adf779943fdaf536547a2edac53,,india,translated,neelam@maternity.dk,49bc07fa-9ad4-816c-17db-e693a28dd40f,,,
drug,res-drug-nifedipine,Nifedipine,निफ़ेडिपिन  ,ae12206a3e0f4239b86021d68ee9f333,d273a60d958f4e2ab3042814a4eed93a,,india,translated,neelam@maternity.dk,49bc07fa-9ad4-816c-17db-e693a28dd40f,,,
drug,res-drug-tetanus-and-adult-diphtheria-td,Tetanus and adult diphtheria (Td),टेटनस और वयस्क डिप्थीरिया (टीडी),ae12206a3e0f4239b86021d68ee9f333,7959a5601a604791997bcb24fc1b4db6,,india,translated,bright@maternity.dk,49bc07fa-9ad4-816c-17db-e693a28dd40f,,,
drug,res-drug-tetanus-and-adult-diphtheria-td,Tetanus and adult diphtheria (Td),टेटनस और वयस्क डिप्थीरिया (टीडी),ae12206a3e0f4239b86021d68ee9f333,fc756601f63d429fb61f30b2e0693b22,,india,translated,bright@maternity.dk,49bc07fa-9ad4-816c-17db-e693a28dd40f,,,
video,res-video-india-hindi-postnatal-care-intro,india-hindi_postnatal-care_intro,भूमिका,7cc2dee2e61349aba0ffa16d400e9618,6392ee5654a64ee3834dec8e0078dbaa,,india,translated,System,49bc07fa-9ad4-816c-17db-e693a28dd40f,,,
video,res-video-india-hindi-postnatal-care-postnatal-care-schedule,india-hindi_postnatal-care_postnatal-care-schedule,प्रसव पश्चात देखभाल अनुसूची,3e40473dca404f6faec4e63f767e6ab2,fe82c61a8e3643ea97fb04a7974235c7,,india,translated,System,49bc07fa-9ad4-816c-17db-e693a28dd40f,,,
video,res-video-india-hindi-postnatal-care-initial-postnatal-assessment,india-hindi_postnatal-care_initial-postnatal-assessment,प्रारंभिक प्रसव पश्चात आकलन,f22a7bedb3094eb9b4f863b48fca2e45,9bd000a784c34a04b310ec29307b8c3c,,india,translated,System,49bc07fa-9ad4-816c-17db-e693a28dd40f,,,
video,res-video-india-hindi-postnatal-care-postnatal-care-counselling,india-hindi_postnatal-care_postnatal-care-counselling,प्रसव पश्चात देखभाल परामर्श,41cf38e71b954855858cba48f2d0f067,91bb5535b9e14a0bbf78da643c2153b0,,india,translated,System,49bc07fa-9ad4-816c-17db-e693a28dd40f,,,
video,res-video-india-hindi-postnatal-care-routine-postnatal-assessment-and-care,india-hindi_postnatal-care_routine-postnatal-assessment-and-care,नियमित प्रसव पश्चात आकलन और देखभाल,411fdaf2d16a4188b4ca0395a1aaa19d,89bfa5f473c04d5686b1a8a8587921d5,,india,translated,System,49bc07fa-9ad4-816c-17db-e693a28dd40f,,,
video,res-video-india-hindi-postnatal-care-postnatal-pain-management,india-hindi_postnatal-care_postnatal-pain-management,प्रसव पश्चात दर्द का प्रबंधन,7e8389b2c9c449cdaaed18e282522265,f4438abf9eae4b56859849cfddbc313c,,india,translated,System,49bc07fa-9ad4-816c-17db-e693a28dd40f,,,
video,res-video-india-hindi-postnatal-care-care-of-the-newborn,india-hindi_postnatal-care_care-of-the-newborn,नवजात शिशु की नियमित देखभाल ,7f5a069da908435286a0c43e4caceb17,3f2b49ddc2554929801c836b38e7595f,,india,translated,System,49bc07fa-9ad4-816c-17db-e693a28dd40f,,,
video,res-video-india-hindi-postnatal-care-routine-assessment-of-the-newborn,india-hindi_postnatal-care_routine-assessment-of-the-newborn,नवजात शिशु का नियमित आकलन,e85676573a484f4898939364297312a5,f345a495ba414f44b0c850054955b1f2,,india,translated,System,49bc07fa-9ad4-816c-17db-e693a28dd40f,,,
video,res-video-india-hindi-postnatal-care-newborn-care-counselling,india-hindi_postnatal-care_newborn-care-counselling,नवजात शिशु देखभाल परामर्श,5948119d4e584e479bdd7c23116f1119,d2227b36c86049daa96f13f41b8d46a3,,india,translated,System,49bc07fa-9ad4-816c-17db-e693a28dd40f,,,
action-card,res-action-card-mother,Mother, माँ,3a7bc2f9e7a6469181cb5abaa4a53adb,8a33d2e544d94e6da30d4a9940428b37,,india,translated,neelam@maternity.dk,49bc07fa-9ad4-816c-17db-e693a28dd40f,,,
action-card,res-action-card-mother,Mother, माँ,3a7bc2f9e7a6469181cb5abaa4a53adb,7f307c999af3411188a7a05a393e944a,,india,translated,neelam@maternity.dk,49bc07fa-9ad4-816c-17db-e693a28dd40f,,,
action-card,res-action-card-newborn,Newborn,नवजात शिशु,5c710f5ffcea426faaa5eff37de1c977,1ad12d416aeb43dd8bb7d1c1b94205f3,,india,translated,neelam@maternity.dk,49bc07fa-9ad4-816c-17db-e693a28dd40f,,,
action-card,res-action-card-newborn,Newborn,नवजात शिशु,5c710f5ffcea426faaa5eff37de1c977,e15203dd3d704be48271ea2cd4a4a9ce,,india,translated,neelam@maternity.dk,49bc07fa-9ad4-816c-17db-e693a28dd40f,,,
procedure,res-procedure-pelvic-floor-muscle-exercises,Pelvic floor muscle exercises,पेल्विक फ्लोर मसल एक्सरसाइजेस,944c8051ba4a482d8bb3142f28ed2d9b,8104c8b03fea400fabeff8620181581b,,india,translated,neelam@maternity.dk,49bc07fa-9ad4-816c-17db-e693a28dd40f,,,
procedure,res-procedure-pelvic-floor-muscle-exercises,Pelvic floor muscle exercises,पेल्विक फ्लोर मसल एक्सरसाइजेस,944c8051ba4a482d8bb3142f28ed2d9b,f6490f9660f3439d8b2ca35a5865fdf7,,india,translated,neelam@maternity.dk,49bc07fa-9ad4-816c-17db-e693a28dd40f,,,
procedure,res-procedure-comprehensive-breastfeeding-global,Comprehensive Breastfeeding(Global),सम्पूर्ण स्तनपान,0095cb99eb23443f87f1b37f4634edcf,23828ddb8638409c88e4c85de274c0d3,,india,translated,neelam@maternity.dk,49bc07fa-9ad4-816c-17db-e693a28dd40f,,,
procedure,res-procedure-comprehensive-breastfeeding-global,Comprehensive Breastfeeding(Global),सम्पूर्ण स्तनपान,0095cb99eb23443f87f1b37f4634edcf,5f1b5bd1cb304bd9a500e16194de5601,,india,translated,neelam@maternity.dk,49bc07fa-9ad4-816c-17db-e693a28dd40f,,,
drug,res-drug-ampicillin,Ampicillin,एम्पिसिलिन,2fa19215404b4ee6816c41947c0ce757,15bfd85c00fd4f2daca78524811d7975,,india,translated,neelam@maternity.dk,49bc07fa-9ad4-816c-17db-e693a28dd40f,,,
drug,res-drug-ampicillin,Ampicillin,एम्पिसिलिन,2fa19215404b4ee6816c41947c0ce757,689da5c3ebd04320bae554f00f2f5c5a,,india,translated,neelam@maternity.dk,49bc07fa-9ad4-816c-17db-e693a28dd40f,,,
drug,res-drug-bcg-vaccine,BCG vaccine,बीसीजी वैक्सीनेशन ,2fa19215404b4ee6816c41947c0ce757,fcbb806d550a4e5aaf597a6bb9694c86,,india,translated,neelam@maternity.dk,49bc07fa-9ad4-816c-17db-e693a28dd40f,,,
drug,res-drug-bcg-vaccine,BCG vaccine,बीसीजी वैक्सीनेशन ,2fa19215404b4ee6816c41947c0ce757,b7d35e6c7f354ef4854e54652f1ce164,,india,translated,neelam@maternity.dk,49bc07fa-9ad4-816c-17db-e693a28dd40f,,,
drug,res-drug-calcium-supplementation,Calcium supplementation,कैल्शियम सप्लीमेंटेशन,2fa19215404b4ee6816c41947c0ce757,87d9c1dd73fd4c92996f3107a98e7ab7,,india,translated,neelam@maternity.dk,49bc07fa-9ad4-816c-17db-e693a28dd40f,,,
drug,res-drug-calcium-supplementation,Calcium supplementation,कैल्शियम सप्लीमेंटेशन,2fa19215404b4ee6816c41947c0ce757,920975d2b4744096b4c0d49389f0e2cc,,india,translated,neelam@maternity.dk,49bc07fa-9ad4-816c-17db-e693a28dd40f,,,
drug,res-drug-dtp-containing-vaccine,DTP containing vaccine,डीपीटी वैक्सीन,2fa19215404b4ee6816c41947c0ce757,953a7dc4250d412a80900356de848a58,,india,translated,neelam@maternity.dk,49bc07fa-9ad4-816c-17db-e693a28dd40f,,,
drug,res-drug-dtp-containing-vaccine,DTP containing vaccine,डीपीटी वैक्सीन,2fa19215404b4ee6816c41947c0ce757,052f7b93207b4f6e845a71b43a6e95a1,,india,translated,neelam@maternity.dk,49bc07fa-9ad4-816c-17db-e693a28dd40f,,,
drug,res-drug-gentamicin,Gentamicin,जेंटामाइसिन,2fa19215404b4ee6816c41947c0ce757,9706f5727bf0415e9e46d98b0cb206c7,,india,translated,neelam@maternity.dk,49bc07fa-9ad4-816c-17db-e693a28dd40f,,,
drug,res-drug-gentamicin,Gentamicin,जेंटामाइसिन,2fa19215404b4ee6816c41947c0ce757,c8444cafed6549ecb4f12edb7a4f1553,,india,translated,neelam@maternity.dk,49bc07fa-9ad4-816c-17db-e693a28dd40f,,,
drug,res-drug-hepatitis-b-vaccine-hbv,Hepatitis B Vaccine (HBV),हेपेटाइटिस बी वैक्सीन (एचबीवी),2fa19215404b4ee6816c41947c0ce757,da2c6f5ea4cb4f65bf3b0142bdccb57c,,india,translated,neelam@maternity.dk,49bc07fa-9ad4-816c-17db-e693a28dd40f,,,
drug,res-drug-hepatitis-b-vaccine-hbv,Hepatitis B Vaccine (HBV),हेपेटाइटिस बी वैक्सीन (एचबीवी),2fa19215404b4ee6816c41947c0ce757,116b2901ac5743fba1ff0ee6060cdc0f,,india,translated,neelam@maternity.dk,49bc07fa-9ad4-816c-17db-e693a28dd40f,,,
drug,res-drug-ibuprofen,Ibuprofen,आइबुप्रोफेन,2fa19215404b4ee6816c41947c0ce757,c344b6135d6b46de9f9081b18f663c92,,india,translated,neelam@maternity.dk,49bc07fa-9ad4-816c-17db-e693a28dd40f,,,
drug,res-drug-ibuprofen,Ibuprofen,आइबुप्रोफेन,2fa19215404b4ee6816c41947c0ce757,0df419d623c94b38a288fc93a139dc11,,india,translated,neelam@maternity.dk,49bc07fa-9ad4-816c-17db-e693a28dd40f,,,
drug,res-drug-iron-and-folic-acid-supplementation,Iron and folic acid supplementation,आयरन और फोलिक एसिड सप्लीमेंट (आईएफए),2fa19215404b4ee6816c41947c0ce757,9d5c23c72a4a4195bf778cdd2c9ea59f,,india,translated,neelam@maternity.dk,49bc07fa-9ad4-816c-17db-e693a28dd40f,,,
drug,res-drug-iron-and-folic-acid-supplementation,Iron and folic acid supplementation,आयरन और फोलिक एसिड सप्लीमेंट (आईएफए),2fa19215404b4ee6816c41947c0ce757,75bd2fef2bdd445ca9f66ae4814da8e0,,india,translated,neelam@maternity.dk,49bc07fa-9ad4-816c-17db-e693a28dd40f,,,
drug,res-drug-inactivated-polio-vaccine-ipv,Inactivated Polio Vaccine (IPV),इनएक्टिवेटेड पोलियो वैक्सीन (आईपीवी),2fa19215404b4ee6816c41947c0ce757,53757848763848ceb388929e44757a9c,,india,translated,neelam@maternity.dk,49bc07fa-9ad4-816c-17db-e693a28dd40f,,,
drug,res-drug-inactivated-polio-vaccine-ipv,Inactivated Polio Vaccine (IPV),इनएक्टिवेटेड पोलियो वैक्सीन (आईपीवी),2fa19215404b4ee6816c41947c0ce757,61f73f603c934a83b1a4fbb6ecb12a2a,,india,translated,neelam@maternity.dk,49bc07fa-9ad4-816c-17db-e693a28dd40f,,,
drug,res-drug-metronidazole,Metronidazole,मेट्रोनिडाज़ोल ,2fa19215404b4ee6816c41947c0ce757,5a3d28181ac1474cb5b48578a4400124,,india,translated,neelam@maternity.dk,49bc07fa-9ad4-816c-17db-e693a28dd40f,,,
drug,res-drug-metronidazole,Metronidazole,मेट्रोनिडाज़ोल ,2fa19215404b4ee6816c41947c0ce757,4c98e102f7c346d98c5323692615d974,,india,translated,neelam@maternity.dk,49bc07fa-9ad4-816c-17db-e693a28dd40f,,,
drug,res-drug-oral-polio-vaccine-opv,Oral Polio Vaccine (OPV),ओरल पोलियो वैक्सीन (ओपीवी),2fa19215404b4ee6816c41947c0ce757,5857664a40fd442393b49f34269e2fc1,,india,translated,neelam@maternity.dk,49bc07fa-9ad4-816c-17db-e693a28dd40f,,,
drug,res-drug-oral-polio-vaccine-opv,Oral Polio Vaccine (OPV),ओरल पोलियो वैक्सीन (ओपीवी),2fa19215404b4ee6816c41947c0ce757,ecfee7082fa944e3b79309392e49511f,,india,translated,neelam@maternity.dk,49bc07fa-9ad4-816c-17db-e693a28dd40f,,,
drug,res-drug-paracetamol,Paracetamol,पेरासीटामाॅल,2fa19215404b4ee6816c41947c0ce757,1467a360ffbb432d993e3433f9b4e782,,india,translated,neelam@maternity.dk,49bc07fa-9ad4-816c-17db-e693a28dd40f,,,
drug,res-drug-paracetamol,Paracetamol,पेरासीटामाॅल,2fa19215404b4ee6816c41947c0ce757,9feb9785891445d9b8f8b5cd5c7fbec0,,india,translated,neelam@maternity.dk,49bc07fa-9ad4-816c-17db-e693a28dd40f,,,
drug,res-drug-pentavalent-vaccine,Pentavalent Vaccine,पेंटावैलेंट वैक्सीन,2fa19215404b4ee6816c41947c0ce757,025fec09f14c497eb70338630dce5603,,india,translated,neelam@maternity.dk,49bc07fa-9ad4-816c-17db-e693a28dd40f,,,
drug,res-drug-pentavalent-vaccine,Pentavalent Vaccine,पेंटावैलेंट वैक्सीन,2fa19215404b4ee6816c41947c0ce757,ffbe84d4ee3d4fe2b2f9972494defffa,,india,translated,neelam@maternity.dk,49bc07fa-9ad4-816c-17db-e693a28dd40f,,,
drug,res-drug-pneumococcal-conjugate,Pneumococcal conjugate,न्यूमोकोकल कोंजुगेट वैक्सीन (पीसीवी),2fa19215404b4ee6816c41947c0ce757,d302f0b8981046f0a973a1836f70dfc9,,india,translated,neelam@maternity.dk,49bc07fa-9ad4-816c-17db-e693a28dd40f,,,
drug,res-drug-pneumococcal-conjugate,Pneumococcal conjugate,न्यूमोकोकल कोंजुगेट वैक्सीन (पीसीवी),2fa19215404b4ee6816c41947c0ce757,00be45c6b0e44086a23e1841ec0ae704,,india,translated,neelam@maternity.dk,49bc07fa-9ad4-816c-17db-e693a28dd40f,,,
drug,res-drug-rotavirus-vaccine,Rotavirus vaccine,रोटावायरस वैक्सीन,2fa19215404b4ee6816c41947c0ce757,9e9dcf31262e419783c025ef8e66d82e,,india,translated,neelam@maternity.dk,49bc07fa-9ad4-816c-17db-e693a28dd40f,,,
drug,res-drug-rotavirus-vaccine,Rotavirus vaccine,रोटावायरस वैक्सीन,2fa19215404b4ee6816c41947c0ce757,c473d4ec6f5c408d91ec706961797461,,india,translated,neelam@maternity.dk,49bc07fa-9ad4-816c-17db-e693a28dd40f,,,
video,res-video-india-hindi-gestational-diabetes-mellitus-intro,india-hindi_gestational-diabetes-mellitus_intro,भूमिका,79fa1c04a220497687188c36e9bc62f3,a873475d959347fca2cca87e11994b97,,india,translated,System,49bc07fa-9ad4-816c-17db-e693a28dd40f,,,
video,res-video-india-hindi-gestational-diabetes-mellitus-risk-factors,india-hindi_gestational-diabetes-mellitus_risk-factors,रिस्क फैक्टर्स,c1327cfe658041c7931e7898960fd5b7,abbc2ba8a9c64e6cbd7233bf68fd16d5,,india,translated,System,49bc07fa-9ad4-816c-17db-e693a28dd40f,,,
video,res-video-india-hindi-gestational-diabetes-mellitus-screening-and-diagnosis,india-hindi_gestational-diabetes-mellitus_screening-and-diagnosis,स्क्रीनिंग और डायग्नोसिस,16bc914461d644adb854fd36853cfd44,876a7b90679342cb9d8e855cb4ffcf50,,india,translated,System,49bc07fa-9ad4-816c-17db-e693a28dd40f,,,
video,res-video-india-hindi-gestational-diabetes-mellitus-management-of-gdm,india-hindi_gestational-diabetes-mellitus_management-of-gdm,जीडीएम का प्रबंधन,291e46520a1c4ad9b67baed78affc77d,8aadab8cd382455f93fac37caee60ddb,,india,translated,System,49bc07fa-9ad4-816c-17db-e693a28dd40f,,,
video,res-video-india-hindi-gestational-diabetes-mellitus-medical-nutrition-therapy,india-hindi_gestational-diabetes-mellitus_medical-nutrition-therapy,मेडिकल न्यूट्रिशन थेरेपी (एमएनटी),457321a55641451bb5f82156407d7f0c,df65da2c9c66496e91c9a8e550b78eb9,,india,translated,System,49bc07fa-9ad4-816c-17db-e693a28dd40f,,,
video,res-video-india-hindi-gestational-diabetes-mellitus-medical-management,india-hindi_gestational-diabetes-mellitus_medical-management,चिकित्सक प्रबंधन ,0857a4104df94b1491578b61bf99f139,dfed8f4651584bb7bad55b6b9d498473,,india,translated,System,49bc07fa-9ad4-816c-17db-e693a28dd40f,,,
video,res-video-india-hindi-gestational-diabetes-mellitus-referral,india-hindi_gestational-diabetes-mellitus_referral,रेफरल,5255950766b1451b8643e93329736011,e75b03d92d29471aa432196860269b3c,,india,translated,System,49bc07fa-9ad4-816c-17db-e693a28dd40f,,,
video,res-video-india-hindi-gestational-diabetes-mellitus-intrapartum-care,india-hindi_gestational-diabetes-mellitus_intrapartum-care,इंट्रापार्टम देखभाल,06664f0b14e2479f94a90f81c6b54f28,87ad1863c645450285d5d79a4867b24e,,india,translated,System,49bc07fa-9ad4-816c-17db-e693a28dd40f,,,
video,res-video-india-hindi-gestational-diabetes-mellitus-immediate-newborn-care,india-hindi_gestational-diabetes-mellitus_immediate-newborn-care,तत्काल नवजात शिशु देखभाल,73ecb36466684b4994a82ab43230356d,dffe08766ff941a7872dd64f6624483b,,india,translated,System,49bc07fa-9ad4-816c-17db-e693a28dd40f,,,
video,res-video-india-hindi-gestational-diabetes-mellitus-postpartum-care,india-hindi_gestational-diabetes-mellitus_postpartum-care,पोस्टपार्टम देखभाल,9aa6b4697aa744b199af43a22f4a12e7,1655d11c79034f5184b8c0f9af083e9d,,india,translated,System,49bc07fa-9ad4-816c-17db-e693a28dd40f,,,
action-card,res-action-card-special-anc-for-women-with-gdm,Special ANC for women with GDM,जेस्टेशनल डायबिटीज़ मेलाइटस के साथ महिलाओं के लिए विशेष एएनसी ,a65bcfbe477f4edd8e6c0a859d4d330c,97d7872942da47639ee1dc886a5550c3,,india,translated,tanya@maternity.dk,49bc07fa-9ad4-816c-17db-e693a28dd40f,,,
action-card,res-action-card-special-anc-for-women-with-gdm,Special ANC for women with GDM,जेस्टेशनल डायबिटीज़ मेलाइटस के साथ महिलाओं के लिए विशेष एएनसी ,a65bcfbe477f4edd8e6c0a859d4d330c,f9a2b6f8bcf5494c871e86bf84636de8,,india,translated,tanya@maternity.dk,49bc07fa-9ad4-816c-17db-e693a28dd40f,,,
action-card,res-action-card-bmi-calculation-and-recommended-weight-gain-in-pregnancy,BMI calculation and recommended weight gain in pregnancy,बीएमआई की गणना और गर्भावस्था में वजन बढने की सिफारिश,972bca3de99843dabab066d8adb36d5d,91ade21e38e944e18e9e0e567a593eff,,india,translated,tanya@maternity.dk,49bc07fa-9ad4-816c-17db-e693a28dd40f,,,
action-card,res-action-card-bmi-calculation-and-recommended-weight-gain-in-pregnancy,BMI calculation and recommended weight gain in pregnancy,बीएमआई की गणना और गर्भावस्था में वजन बढने की सिफारिश,972bca3de99843dabab066d8adb36d5d,e14d54d987994879b2f3db76e17e8484,,india,translated,tanya@maternity.dk,49bc07fa-9ad4-816c-17db-e693a28dd40f,,,
action-card,res-action-card-calculation-of-energy-requirement,Calculation of energy requirement,गर्भावस्था में ऊर्जा आवश्यकता की गणना,ae379274d65d4b5e9d05aaf468b5f77f,3f8a483828d74565adccd49af4fa7dce,,india,translated,tanya@maternity.dk,49bc07fa-9ad4-816c-17db-e693a28dd40f,,,
action-card,res-action-card-calculation-of-energy-requirement,Calculation of energy requirement,गर्भावस्था में ऊर्जा आवश्यकता की गणना,ae379274d65d4b5e9d05aaf468b5f77f,2dd214265bc245cf942342c9117f1010,,india,translated,tanya@maternity.dk,49bc07fa-9ad4-816c-17db-e693a28dd40f,,,
action-card,res-action-card-simple-and-complex-carbohydrates-selection,Simple and complex carbohydrates selection,सरल और कठिन कार्बोहायड्रेट चयन,146f76b23197485192530fc8c9d83655,2a34f80497c441449c0554a641a74892,,india,translated,tanya@maternity.dk,49bc07fa-9ad4-816c-17db-e693a28dd40f,,,
action-card,res-action-card-simple-and-complex-carbohydrates-selection,Simple and complex carbohydrates selection,सरल और कठिन कार्बोहायड्रेट चयन,146f76b23197485192530fc8c9d83655,ac24b8bdb02d4b878442333ff8897641,,india,translated,tanya@maternity.dk,49bc07fa-9ad4-816c-17db-e693a28dd40f,,,
action-card,res-action-card-medical-nutrition-therapy-and-meal-plan-for-gdm,Medical Nutrition Therapy and Meal plan for GDM,मेडिकल न्यूट्रिशन थेरेपी और जेस्टेशनल डायबिटीज़ मेलाइटस  के लिए भोजन योजना,a8cc0e83a21745639c6db5e39c065bb0,46f6f45b3fa9478cb18aabcf40c853fb,,india,translated,tanya@maternity.dk,49bc07fa-9ad4-816c-17db-e693a28dd40f,,,
action-card,res-action-card-medical-nutrition-therapy-and-meal-plan-for-gdm,Medical Nutrition Therapy and Meal plan for GDM,मेडिकल न्यूट्रिशन थेरेपी और जेस्टेशनल डायबिटीज़ मेलाइटस  के लिए भोजन योजना,a8cc0e83a21745639c6db5e39c065bb0,a53b01239abe4e5dbf36843249199b8d,,india,translated,tanya@maternity.dk,49bc07fa-9ad4-816c-17db-e693a28dd40f,,,
action-card,res-action-card-hypoglycemia-in-women-with-gdm,Hypoglycemia in women with GDM,जेस्टेशनल डायबिटीज़ मेलाइटस   महिलाओं में हाइपोग्लाइसीमिया,5955779b90954848a0fdba70addd6cb3,415834b1c456497786c05a2cafb43e29,,india,translated,tanya@maternity.dk,49bc07fa-9ad4-816c-17db-e693a28dd40f,,,
action-card,res-action-card-hypoglycemia-in-women-with-gdm,Hypoglycemia in women with GDM,जेस्टेशनल डायबिटीज़ मेलाइटस   महिलाओं में हाइपोग्लाइसीमिया,5955779b90954848a0fdba70addd6cb3,c310f129f48949f9ae1377fa60624981,,india,translated,tanya@maternity.dk,49bc07fa-9ad4-816c-17db-e693a28dd40f,,,
action-card,res-action-card-insulin-therapy-during-labour,Insulin therapy during labour,प्रसव के दौरान इंसुलिन थेरेपी ,0f19bf00401b4803bca1eca0792a6f15,18e9f4daecef430a9a548fc570a8c960,,india,translated,tanya@maternity.dk,49bc07fa-9ad4-816c-17db-e693a28dd40f,,,
action-card,res-action-card-insulin-therapy-during-labour,Insulin therapy during labour,प्रसव के दौरान इंसुलिन थेरेपी ,0f19bf00401b4803bca1eca0792a6f15,3dfb41d5a7384fd19d9fc13db98d1426,,india,translated,tanya@maternity.dk,49bc07fa-9ad4-816c-17db-e693a28dd40f,,,
action-card,res-action-card-neonatal-hypoglycemia,Neonatal hypoglycemia,नवजात हाइपोग्लाइसीमिया,1856c96ec213459ba860ef29f7e7ff49,861ee969867b4978a94ddd921305704d,,india,translated,neelam@maternity.dk,49bc07fa-9ad4-816c-17db-e693a28dd40f,,,
action-card,res-action-card-neonatal-hypoglycemia,Neonatal hypoglycemia,नवजात हाइपोग्लाइसीमिया,1856c96ec213459ba860ef29f7e7ff49,7c18c444f4c44494b5d4399abcb1d5bc,,india,translated,neelam@maternity.dk,49bc07fa-9ad4-816c-17db-e693a28dd40f,,,
action-card,res-action-card-postpartum-care-of-women-with-gdm,Postpartum care of women with GDM,जीडीएम वाली महिलाओं की पोस्टपार्टम देखभाल ,f2d1de705e0b4d2198470bea83153a8d,774e43a679d24f3ebf76ac25bae06744,,india,translated,tanya@maternity.dk,49bc07fa-9ad4-816c-17db-e693a28dd40f,,,
action-card,res-action-card-postpartum-care-of-women-with-gdm,Postpartum care of women with GDM,जीडीएम वाली महिलाओं की पोस्टपार्टम देखभाल ,f2d1de705e0b4d2198470bea83153a8d,00c69bd152ae433097d9dba47b309ab7,,india,translated,tanya@maternity.dk,49bc07fa-9ad4-816c-17db-e693a28dd40f,,,
action-card,res-action-card-pre-conception-counselling-of-diabetic-women,Pre-conception counselling of diabetic women, डायबिटीज से पीड़ित महिलाओं की गर्भधारण से पूर्व परामर्श,39adfd6e9b244e9c9089e84f4fa4466e,b18a13edec314c1a8fe20e1a60e69f4f,,india,translated,tanya@maternity.dk,49bc07fa-9ad4-816c-17db-e693a28dd40f,,,
action-card,res-action-card-pre-conception-counselling-of-diabetic-women,Pre-conception counselling of diabetic women, डायबिटीज से पीड़ित महिलाओं की गर्भधारण से पूर्व परामर्श,39adfd6e9b244e9c9089e84f4fa4466e,b6527230b3b24faa9faf11c02919456f,,india,translated,tanya@maternity.dk,49bc07fa-9ad4-816c-17db-e693a28dd40f,,,
procedure,res-procedure-oral-glucose-tolerance-test-ogtt,Oral Glucose Tolerance Test – OGTT,ओरल ग्लूकोज टॉलरेंस टेस्ट - ओजीटीटी  ,d4ac00333ad44adbbd7561c449564f7b,0de264836e464380b874f7752e46967b,,india,translated,tanya@maternity.dk,49bc07fa-9ad4-816c-17db-e693a28dd40f,,,
procedure,res-procedure-oral-glucose-tolerance-test-ogtt,Oral Glucose Tolerance Test – OGTT,ओरल ग्लूकोज टॉलरेंस टेस्ट - ओजीटीटी  ,d4ac00333ad44adbbd7561c449564f7b,a4d0275cb7574aea9ad0ecbcf4d41ba6,,india,translated,tanya@maternity.dk,49bc07fa-9ad4-816c-17db-e693a28dd40f,,,
procedure,res-procedure-universal-testing-for-gdm-protocol,Universal testing for GDM - Protocol,जीडीएम (जेस्टेशनल डायबिटीज़ मेलाइटस)  के लिए यूनिवर्सल टेस्टिंग – प्रोटोकॉल ,c117a5cfc12b4d5d961dc5c5def760ec,a8fb7abd1a0348d29ca1deb3d0c7d3c0,,india,translated,bright@maternity.dk,49bc07fa-9ad4-816c-17db-e693a28dd40f,,,
procedure,res-procedure-universal-testing-for-gdm-protocol,Universal testing for GDM - Protocol,जीडीएम (जेस्टेशनल डायबिटीज़ मेलाइटस)  के लिए यूनिवर्सल टेस्टिंग – प्रोटोकॉल ,c117a5cfc12b4d5d961dc5c5def760ec,6d938214faa54b04a7c0f8b2e1277ff1,,india,translated,bright@maternity.dk,49bc07fa-9ad4-816c-17db-e693a28dd40f,,,
procedure,res-procedure-blood-glucose-measurement,Blood glucose measurement,ब्लड शुगर परीक्षण ,ba0bc23c113942e1b72f0a3d17c363c7,b05c525ebb83491c886a25f4df286166,,india,translated,tanya@maternity.dk,49bc07fa-9ad4-816c-17db-e693a28dd40f,,,
procedure,res-procedure-blood-glucose-measurement,Blood glucose measurement,ब्लड शुगर परीक्षण ,ba0bc23c113942e1b72f0a3d17c363c7,89f705c897854da387fa59979b9ff16b,,india,translated,tanya@maternity.dk,49bc07fa-9ad4-816c-17db-e693a28dd40f,,,
procedure,res-procedure-administration-of-insulin,Administration of insulin,इंसुलिन का एडमिनिस्ट्रेशन ,f52064a2a416461ab32005276f456e57,6d948acb200a407f82f73d729a02443f,,india,translated,tanya@maternity.dk,49bc07fa-9ad4-816c-17db-e693a28dd40f,,,
procedure,res-procedure-administration-of-insulin,Administration of insulin,इंसुलिन का एडमिनिस्ट्रेशन ,f52064a2a416461ab32005276f456e57,26598fbc50a048d483967a9cb2913785,,india,translated,tanya@maternity.dk,49bc07fa-9ad4-816c-17db-e693a28dd40f,,,
procedure,res-procedure-administration-of-insulin-using-pen,Administration of insulin using pen,पेन का उपयोग करके इंसुलिन का एडमिनिस्ट्रेशन ,a794ddb83407423499815ad3f2fd056a,275f7e57a2704f3181e447658cd3c78b,,india,translated,tanya@maternity.dk,49bc07fa-9ad4-816c-17db-e693a28dd40f,,,
procedure,res-procedure-administration-of-insulin-using-pen,Administration of insulin using pen,पेन का उपयोग करके इंसुलिन का एडमिनिस्ट्रेशन ,a794ddb83407423499815ad3f2fd056a,144c40f929614518a74cfa3b64688781,,india,translated,tanya@maternity.dk,49bc07fa-9ad4-816c-17db-e693a28dd40f,,,
procedure,res-procedure-capillary-blood-glucose-testing-on-newborns,Capillary blood glucose testing on newborns, नवजात में कैपिलरी रक्त इकट्ठा करना ,2c3c4e36e5574791909c19919806b8b4,2d8d3d03d66c417ba4fbc99952a5c6bb,,india,translated,tanya@maternity.dk,49bc07fa-9ad4-816c-17db-e693a28dd40f,,,
procedure,res-procedure-capillary-blood-glucose-testing-on-newborns,Capillary blood glucose testing on newborns, नवजात में कैपिलरी रक्त इकट्ठा करना ,2c3c4e36e5574791909c19919806b8b4,0131915306454f3ca39dfcae6ebeb5a9,,india,translated,tanya@maternity.dk,49bc07fa-9ad4-816c-17db-e693a28dd40f,,,
drug,res-drug-glucose,Glucose,ग्लूकोज ,973ae1425f4b405996769d7f67dd7d04,acd712a83a0045cfb0a2da62ca75989c,,india,translated,tanya@maternity.dk,49bc07fa-9ad4-816c-17db-e693a28dd40f,,,
drug,res-drug-glucose,Glucose,ग्लूकोज ,973ae1425f4b405996769d7f67dd7d04,3b77eb8b39d5405a8c595c7222542987,,india,translated,tanya@maternity.dk,49bc07fa-9ad4-816c-17db-e693a28dd40f,,,
drug,res-drug-insulin,Insulin,इंसुलिन,973ae1425f4b405996769d7f67dd7d04,9d3d4330fd604e2899c0c92dafdd9325,,india,translated,tanya@maternity.dk,49bc07fa-9ad4-816c-17db-e693a28dd40f,,,
drug,res-drug-insulin,Insulin,इंसुलिन,973ae1425f4b405996769d7f67dd7d04,d530f94bc129420d8494a1dc35423ce9,,india,translated,tanya@maternity.dk,49bc07fa-9ad4-816c-17db-e693a28dd40f,,,
drug,res-drug-metformin,Metformin,मेटफॉर्मिन,973ae1425f4b405996769d7f67dd7d04,216652206daa484c8e2962da6319c427,,india,translated,tanya@maternity.dk,49bc07fa-9ad4-816c-17db-e693a28dd40f,,,
drug,res-drug-metformin,Metformin,मेटफॉर्मिन,973ae1425f4b405996769d7f67dd7d04,314e1ccd0ad043eaa1b02e6997492bfa,,india,translated,tanya@maternity.dk,49bc07fa-9ad4-816c-17db-e693a28dd40f,,,
video,res-video-india-hindi-infection-prevention-intro,india-hindi_infection-prevention_intro,भूमिका,bf1abe54a94441099b6d78f36c1b4c3a,4646ef37f7e74cacb5a8de6d84b1ae27,,india,translated,System,49bc07fa-9ad4-816c-17db-e693a28dd40f,,,
video,res-video-india-hindi-infection-prevention-hand-hygiene,india-hindi_infection-prevention_hand-hygiene,हाथों की स्वच्छता,02abb1b55c8b4618977a3dcba7251bea,1d5b536fb94340e1af44bbf2e8758b5c,,india,translated,System,49bc07fa-9ad4-816c-17db-e693a28dd40f,,,
video,res-video-india-hindi-infection-prevention-personal-protective-equipment,india-hindi_infection-prevention_personal-protective-equipment,पर्सनल प्रोटेक्टिव इक्विपमेंट,cfe422f18985482aa8ee608e5733c522,bbe7e84ea33f4684815d610a04c35292,,india,translated,System,49bc07fa-9ad4-816c-17db-e693a28dd40f,,,
video,res-video-india-hindi-infection-prevention-safe-reuse-of-instruments,india-hindi_infection-prevention_safe-reuse-of-instruments,उपकरणों का सुरक्षित पुनः उपयोग,e04f0c181a7943078188c781503de6df,4a5c72a7b5094af5acb4b6effa551810,,india,translated,System,49bc07fa-9ad4-816c-17db-e693a28dd40f,,,
video,res-video-india-hindi-infection-prevention-prevention-of-respiratory-infections,india-hindi_infection-prevention_prevention-of-respiratory-infections,सांस संबंधी संक्रमणों की रोकथाम,950b06f276c644e8a712ad15a9503408,cf39d9bbbe2e4d05aa7c2c2f7ad2e83f,,india,translated,System,49bc07fa-9ad4-816c-17db-e693a28dd40f,,,
video,res-video-india-hindi-infection-prevention-injection-safety,india-hindi_infection-prevention_injection-safety,इंजेक्शन सैफ्टी ,0ed051f110b243618b74164f3c47fba5,171dacbc324a49aca8b76e7e5cf2426c,,india,translated,System,49bc07fa-9ad4-816c-17db-e693a28dd40f,,,
video,res-video-india-hindi-infection-prevention-hiv-hepatitis-b-prevention,india-hindi_infection-prevention_hiv-hepatitis-b-prevention,एचआईवी और हेपेटाइटिस बी से बचाव ,f6f3566f60cf4d19a3cf55e8a2847626,8305205672a84f69981738db02abcad7,,india,translated,System,49bc07fa-9ad4-816c-17db-e693a28dd40f,,,
action-card,res-action-card-five-key-moments-for-hand-hygiene,Five key moments for hand hygiene,हाथों की स्वच्छता के पाँच मुख्य क्षण,1ba99fc43f10476abcf540fb18a7abd3,91869c8d5bf941e48db4585038bf7ee6,,india,translated,neelam@maternity.dk,49bc07fa-9ad4-816c-17db-e693a28dd40f,,,
action-card,res-action-card-five-key-moments-for-hand-hygiene,Five key moments for hand hygiene,हाथों की स्वच्छता के पाँच मुख्य क्षण,1ba99fc43f10476abcf540fb18a7abd3,479434f46b7848e2998c6df35a87de6e,,india,translated,neelam@maternity.dk,49bc07fa-9ad4-816c-17db-e693a28dd40f,,,
action-card,res-action-card-antibiotic-prophylaxis,Antibiotic Prophylaxis,एंटीबायोटिक प्रोफिलैक्सिस ,ceecbbec9cf94008ba8d533c7358f3cf,3ae9f866cbe543219781a6eb46902333,,india,translated,neelam@maternity.dk,49bc07fa-9ad4-816c-17db-e693a28dd40f,,,
action-card,res-action-card-antibiotic-prophylaxis,Antibiotic Prophylaxis,एंटीबायोटिक प्रोफिलैक्सिस ,ceecbbec9cf94008ba8d533c7358f3cf,7c2e985b01c444b38354cd731e5af303,,india,translated,neelam@maternity.dk,49bc07fa-9ad4-816c-17db-e693a28dd40f,,,
action-card,res-action-card-biomedical-waste-management,Bio–Medical Waste Management,बायो मेडिकल वेस्ट मैनेजमेंट,d524dbf773de498d8bcd8bf0e7190a1e,97e86aca6b4e485ab26df00395aa0b2c,,india,translated,sonel@afidigitalservices.com,49bc07fa-9ad4-816c-17db-e693a28dd40f,,,
action-card,res-action-card-biomedical-waste-management,Bio–Medical Waste Management,बायो मेडिकल वेस्ट मैनेजमेंट,d524dbf773de498d8bcd8bf0e7190a1e,7acd8f6e11754204a42edf070b35e713,,india,translated,sonel@afidigitalservices.com,49bc07fa-9ad4-816c-17db-e693a28dd40f,,,
procedure,res-procedure-personal-protective-equipment-ppe,Personal Protective Equipment (PPE),पर्सनल प्रोटेक्टिव इक्विपमेंट (पीपीई),08e119a579db45e7ae201f7ea0ecc759,6c5f4c06c3cd403291fd06fedd0f4b29,,india,translated,sonel@afidigitalservices.com,49bc07fa-9ad4-816c-17db-e693a28dd40f,,,
procedure,res-procedure-personal-protective-equipment-ppe,Personal Protective Equipment (PPE),पर्सनल प्रोटेक्टिव इक्विपमेंट (पीपीई),08e119a579db45e7ae201f7ea0ecc759,b16530f3e17940d69602968f5b2e83e9,,india,translated,sonel@afidigitalservices.com,49bc07fa-9ad4-816c-17db-e693a28dd40f,,,
procedure,res-procedure-preparation-of-hypochlorite-solution,Preparation of hypochlorite solution,हाइपोक्लोराइट सॉल्यूशन  की तैयारी,8c3112e096db45ef9f3f38934be7a87a,41b1b9a8360048aeb7d51342a9c90ae6,,india,translated,sonel@afidigitalservices.com,49bc07fa-9ad4-816c-17db-e693a28dd40f,,,
procedure,res-procedure-preparation-of-hypochlorite-solution,Preparation of hypochlorite solution,हाइपोक्लोराइट सॉल्यूशन  की तैयारी,8c3112e096db45ef9f3f38934be7a87a,74b5f106aaf14281bc5b6e6224c6911a,,india,translated,sonel@afidigitalservices.com,49bc07fa-9ad4-816c-17db-e693a28dd40f,,,
procedure,res-procedure-cleaning-storage-and-housekeeping,"Cleaning, Storage and Housekeeping","सफाई, स्टोरेज और हाउसकीपिंग",5c970e5ab41c4b0fbfd173a7bdd176d8,50b51af4dbcc43fc8e24b60e083261fd,,india,translated,sonel@afidigitalservices.com,49bc07fa-9ad4-816c-17db-e693a28dd40f,,,
procedure,res-procedure-cleaning-storage-and-housekeeping,"Cleaning, Storage and Housekeeping","सफाई, स्टोरेज और हाउसकीपिंग",5c970e5ab41c4b0fbfd173a7bdd176d8,1ccd10de6c4c47f6a7fcfa0077bb1b9b,,india,translated,sonel@afidigitalservices.com,49bc07fa-9ad4-816c-17db-e693a28dd40f,,,
procedure,res-procedure-sterilization,Sterilization,स्टेरिलाइज़ेशन,0b5adf0830554b9eb4c146feb82933bd,560b58e12dc047e1a2b47024cc52947a,,india,translated,sonel@afidigitalservices.com,49bc07fa-9ad4-816c-17db-e693a28dd40f,,,
procedure,res-procedure-sterilization,Sterilization,स्टेरिलाइज़ेशन,0b5adf0830554b9eb4c146feb82933bd,a379045912d845869552fa1d52ed1606,,india,translated,sonel@afidigitalservices.com,49bc07fa-9ad4-816c-17db-e693a28dd40f,,,
procedure,res-procedure-spill-management,Spill management,स्पिल मैनेजमेंट,5b17f338c1954573903cca1d1a40e0a4,96190268ca9a4a0d8d1a292a455f26dd,,india,translated,sonel@afidigitalservices.com,49bc07fa-9ad4-816c-17db-e693a28dd40f,,,
procedure,res-procedure-spill-management,Spill management,स्पिल मैनेजमेंट,5b17f338c1954573903cca1d1a40e0a4,087413b1b9294305a43e55c2e1065735,,india,translated,sonel@afidigitalservices.com,49bc07fa-9ad4-816c-17db-e693a28dd40f,,,
drug,res-drug-art-regimen,ART regimen,ए.आर.टी. रेजिमेन,540358fb1a5b4749b8ba9381447870d0,de0fb42e19ee4caaab5b1ee2b6b7b93a,,india,translated,neelam@maternity.dk,49bc07fa-9ad4-816c-17db-e693a28dd40f,,,
drug,res-drug-art-regimen,ART regimen,ए.आर.टी. रेजिमेन,540358fb1a5b4749b8ba9381447870d0,1d058921504142b5832315bf7363968c,,india,translated,neelam@maternity.dk,49bc07fa-9ad4-816c-17db-e693a28dd40f,,,
drug,res-drug-hepatitis-b-vaccine-hbv,Hepatitis B Vaccine (HBV),हेपेटाइटिस बी वैक्सीन (एचबीवी),540358fb1a5b4749b8ba9381447870d0,4e8bd3c804fa4126b64195e10bec4ee9,,india,translated,neelam@maternity.dk,49bc07fa-9ad4-816c-17db-e693a28dd40f,,,
drug,res-drug-hepatitis-b-vaccine-hbv,Hepatitis B Vaccine (HBV),हेपेटाइटिस बी वैक्सीन (एचबीवी),540358fb1a5b4749b8ba9381447870d0,9e2fd78b1c1d4be1a8c78d87fe9495cd,,india,translated,neelam@maternity.dk,49bc07fa-9ad4-816c-17db-e693a28dd40f,,,
drug,res-drug-nevirapine,Nevirapine,नेविरापीन,540358fb1a5b4749b8ba9381447870d0,79be8eeb49a84216b067937b152d41cc,,india,translated,neelam@maternity.dk,49bc07fa-9ad4-816c-17db-e693a28dd40f,,,
drug,res-drug-nevirapine,Nevirapine,नेविरापीन,540358fb1a5b4749b8ba9381447870d0,ef85a1b07680460f82a27c1b23a2c9b7,,india,translated,neelam@maternity.dk,49bc07fa-9ad4-816c-17db-e693a28dd40f,,,
drug,res-drug-post-exposure-prophylaxis-pep,Post Exposure Prophylaxis - PEP,पोस्ट एक्सपोज़र प्रोफिलैक्सिस (पीईपी)     ,540358fb1a5b4749b8ba9381447870d0,edc6429d86ed4e178325b3e78a4c21dd,,india,translated,neelam@maternity.dk,49bc07fa-9ad4-816c-17db-e693a28dd40f,,,
drug,res-drug-post-exposure-prophylaxis-pep,Post Exposure Prophylaxis - PEP,पोस्ट एक्सपोज़र प्रोफिलैक्सिस (पीईपी)     ,540358fb1a5b4749b8ba9381447870d0,acf94455c08340f393baefef3b7f666c,,india,translated,neelam@maternity.dk,49bc07fa-9ad4-816c-17db-e693a28dd40f,,,
drug,res-drug-tenofovir,Tenofovir,Tenofovir,540358fb1a5b4749b8ba9381447870d0,35516f2437d54ea7b9f8036b3fb3bb0f,,india,translated,neelam@maternity.dk,49bc07fa-9ad4-816c-17db-e693a28dd40f,,,
drug,res-drug-tenofovir,Tenofovir,Tenofovir,540358fb1a5b4749b8ba9381447870d0,7d02d35fc20840ecb7c18adefa5e1f13,,india,translated,neelam@maternity.dk,49bc07fa-9ad4-816c-17db-e693a28dd40f,,,
video,res-video-india-hindi-post-abortion-care-intro,india-hindi_post-abortion-care_intro,भूमिका,c37bc3574f9d4f3fbd2fae23a5650295,23a09bd6deb24edd9135a69454f895e5,,india,translated,System,49bc07fa-9ad4-816c-17db-e693a28dd40f,,,
video,res-video-india-hindi-post-abortion-care-how-to-diagnose,india-hindi_post-abortion-care_how-to-diagnose,कैसे निदान करें ,,ba892d0e3f9f48f480a398e0d5267de5,,india,translated,System,49bc07fa-9ad4-816c-17db-e693a28dd40f,,,
video,res-video-india-hindi-post-abortion-care-how-to-manage,india-hindi_post-abortion-care_how-to-manage,कैसे प्रबंधन करें,,04a6338bf7dc416c91f720c098f1e958,,india,translated,System,49bc07fa-9ad4-816c-17db-e693a28dd40f,,,
video,res-video-india-hindi-post-abortion-care-evacuation-of-the-uterus,india-hindi_post-abortion-care_evacuation-of-the-uterus,युटेरस का इवैकुएशन ,ae4b8b9cf9ac45069e5a3d57941951c9,a016dd22292c495daa040bbf041093db,,india,translated,System,49bc07fa-9ad4-816c-17db-e693a28dd40f,,,
video,res-video-india-hindi-post-abortion-care-manual-vacuum-aspiration,india-hindi_post-abortion-care_manual-vacuum-aspiration,मैनुअल वैक्यूम एस्पिरेश,ee2128e6928b4c3face96b07581e3575,367d0b5c55ab4e4abff91ce34ee8f1ed,,india,translated,System,49bc07fa-9ad4-816c-17db-e693a28dd40f,,,
action-card,res-action-card-post-abortion-care-definitions,Post Abortion Care_definitions,परिभाषाएँ ,e7e97fcbc5a8419b8672020f92ed961b,0192fbd330144ecd9f03f35642ccfee3,,india,translated,neelam@maternity.dk,49bc07fa-9ad4-816c-17db-e693a28dd40f,,,
action-card,res-action-card-post-abortion-care-definitions,Post Abortion Care_definitions,परिभाषाएँ ,e7e97fcbc5a8419b8672020f92ed961b,08f8d679f9a845c0a5e551459109c6e0,,india,translated,neelam@maternity.dk,49bc07fa-9ad4-816c-17db-e693a28dd40f,,,
action-card,res-action-card-post-abortion-care-emergency-management,Post Abortion Care Emergency Management,आपातकालीन प्रबंधन ,c251e526a8194f21b3bb260175def103,e89515364f6e42fea4209a5f325ecc6c,,india,translated,neelam@maternity.dk,49bc07fa-9ad4-816c-17db-e693a28dd40f,,,
action-card,res-action-card-post-abortion-care-emergency-management,Post Abortion Care Emergency Management,आपातकालीन प्रबंधन ,c251e526a8194f21b3bb260175def103,a869236e9c2d4454a8e5307409b54be2,,india,translated,neelam@maternity.dk,49bc07fa-9ad4-816c-17db-e693a28dd40f,,,
action-card,res-action-card-emergency-referral-post-abortion-care,Emergency Referral - Post Abortion Care,आपातकालीन रेफरल - गर्भपात  पश्चात् देखभाल ,ec44c40055544f179b1cebe6e2c50b7a,c0ee628ac5cf41c3aeee17a59a899fcc,,india,translated,neelam@maternity.dk,49bc07fa-9ad4-816c-17db-e693a28dd40f,,,
action-card,res-action-card-emergency-referral-post-abortion-care,Emergency Referral - Post Abortion Care,आपातकालीन रेफरल - गर्भपात  पश्चात् देखभाल ,ec44c40055544f179b1cebe6e2c50b7a,da093d24d61041f791d9ed2a16f250c5,,india,translated,neelam@maternity.dk,49bc07fa-9ad4-816c-17db-e693a28dd40f,,,
action-card,res-action-card-post-procedure-care-and-follow-up,Post-Procedure Care and Follow-up,प्रक्रिया के बाद देखभाल और फॉलो अप,f8e35ef6992d49b49259f20c6792c93c,b360c1c1fc4749c285dc09d232c7f9ac,,india,translated,neelam@maternity.dk,49bc07fa-9ad4-816c-17db-e693a28dd40f,,,
action-card,res-action-card-post-procedure-care-and-follow-up,Post-Procedure Care and Follow-up,प्रक्रिया के बाद देखभाल और फॉलो अप,f8e35ef6992d49b49259f20c6792c93c,9d26733d0b7c4163918bdc31dd4b4d65,,india,translated,neelam@maternity.dk,49bc07fa-9ad4-816c-17db-e693a28dd40f,,,
action-card,res-action-card-post-abortion-contraceptive-methods,Post abortion Contraceptive Methods,पोस्ट-एबॉर्शन गर्भनिरोधक विधियाँ,864e3ee384ef4cf7a709855e6730c1a0,1e3361de495f412b962fe77dca835853,,india,translated,neelam@maternity.dk,49bc07fa-9ad4-816c-17db-e693a28dd40f,,,
action-card,res-action-card-post-abortion-contraceptive-methods,Post abortion Contraceptive Methods,पोस्ट-एबॉर्शन गर्भनिरोधक विधियाँ,864e3ee384ef4cf7a709855e6730c1a0,9c9ed97673014a08897ae84e7b90b2b6,,india,translated,neelam@maternity.dk,49bc07fa-9ad4-816c-17db-e693a28dd40f,,,
procedure,res-procedure-cleaning-manual-vacuum-aspirator,Cleaning manual vacuum aspirator,मैनुअल वैक्यूम एस्पिरेटर की सफ़ाई ,d38979dd474f4e588cfe5b22565cef13,17d42337357d449997a0f1f6659496d7,,india,translated,neelam@maternity.dk,49bc07fa-9ad4-816c-17db-e693a28dd40f,,,
procedure,res-procedure-cleaning-manual-vacuum-aspirator,Cleaning manual vacuum aspirator,मैनुअल वैक्यूम एस्पिरेटर की सफ़ाई ,d38979dd474f4e588cfe5b22565cef13,d2a42c25a71c49258d4f4b0439f053c7,,india,translated,neelam@maternity.dk,49bc07fa-9ad4-816c-17db-e693a28dd40f,,,
procedure,res-procedure-urine-catheter,Urine catheter,यूरिनरी कैथेटराइज़ेशन,3dca3cfb618a44a8a1017018ef645aed,7363b9087ae5448b806367444693496a,,india,translated,neelam@maternity.dk,49bc07fa-9ad4-816c-17db-e693a28dd40f,,,
procedure,res-procedure-urine-catheter,Urine catheter,यूरिनरी कैथेटराइज़ेशन,3dca3cfb618a44a8a1017018ef645aed,6fef44bf2fbf4a8fac0fc0478965192d,,india,translated,neelam@maternity.dk,49bc07fa-9ad4-816c-17db-e693a28dd40f,,,
procedure,res-procedure-intravenous-access-adult-ind,Intravenous access – Adult (IND),इंट्रावेनस एक्सेस – एडल्ट,77a1439df2a44f0daea817ea7fcfdc52,d06b504836c8447f847665f061867ad0,,india,translated,neelam@maternity.dk,49bc07fa-9ad4-816c-17db-e693a28dd40f,,,
procedure,res-procedure-intravenous-access-adult-ind,Intravenous access – Adult (IND),इंट्रावेनस एक्सेस – एडल्ट,77a1439df2a44f0daea817ea7fcfdc52,a38d8339a6eb469fbe94011592125224,,india,translated,neelam@maternity.dk,49bc07fa-9ad4-816c-17db-e693a28dd40f,,,
drug,res-drug-ampicillin,Ampicillin,एम्पिसिलिन,5ce8fdcf193949c69b1eb0921e5e7206,c57064ff9e604352aa3da2a77ea2f145,,india,translated,neelam@maternity.dk,49bc07fa-9ad4-816c-17db-e693a28dd40f,,,
drug,res-drug-ampicillin,Ampicillin,एम्पिसिलिन,5ce8fdcf193949c69b1eb0921e5e7206,5cc7146a95984cbcb76b18e126fc3591,,india,translated,neelam@maternity.dk,49bc07fa-9ad4-816c-17db-e693a28dd40f,,,
drug,res-drug-azithromycin,Azithromycin,एज़िथ्रोमाइसिन,5ce8fdcf193949c69b1eb0921e5e7206,0fc498cfb94f4ec8ace2aae31f800da6,,india,translated,neelam@maternity.dk,49bc07fa-9ad4-816c-17db-e693a28dd40f,,,
drug,res-drug-azithromycin,Azithromycin,एज़िथ्रोमाइसिन,5ce8fdcf193949c69b1eb0921e5e7206,63ab2449c5da4c7f92e1512aeb9e221a,,india,translated,neelam@maternity.dk,49bc07fa-9ad4-816c-17db-e693a28dd40f,,,
drug,res-drug-doxycycline,Doxycycline,डॉक्सीसाइक्लिन,5ce8fdcf193949c69b1eb0921e5e7206,fbde6884b88c4ed5a1403a8780992d76,,india,translated,neelam@maternity.dk,49bc07fa-9ad4-816c-17db-e693a28dd40f,,,
drug,res-drug-doxycycline,Doxycycline,डॉक्सीसाइक्लिन,5ce8fdcf193949c69b1eb0921e5e7206,6404355d5e1b4ba5b4f5b2ff3c9cc3cd,,india,translated,neelam@maternity.dk,49bc07fa-9ad4-816c-17db-e693a28dd40f,,,
drug,res-drug-gentamicin,Gentamicin,जेंटामाइसिन,5ce8fdcf193949c69b1eb0921e5e7206,52106ff4d0fe4c29961fc019a07684f0,,india,translated,neelam@maternity.dk,49bc07fa-9ad4-816c-17db-e693a28dd40f,,,
drug,res-drug-gentamicin,Gentamicin,जेंटामाइसिन,5ce8fdcf193949c69b1eb0921e5e7206,7e88bdf125444298b02c9c9245c67bb9,,india,translated,neelam@maternity.dk,49bc07fa-9ad4-816c-17db-e693a28dd40f,,,
drug,res-drug-ibuprofen,Ibuprofen,आइबुप्रोफेन,5ce8fdcf193949c69b1eb0921e5e7206,eaff57a3037746589744c30b9c297cce,,india,translated,neelam@maternity.dk,49bc07fa-9ad4-816c-17db-e693a28dd40f,,,
drug,res-drug-ibuprofen,Ibuprofen,आइबुप्रोफेन,5ce8fdcf193949c69b1eb0921e5e7206,119507c569534807867d9649d701d37f,,india,translated,neelam@maternity.dk,49bc07fa-9ad4-816c-17db-e693a28dd40f,,,
drug,res-drug-metronidazole,Metronidazole,मेट्रोनिडाज़ोल ,5ce8fdcf193949c69b1eb0921e5e7206,f68272289da84dfdba05c21bdd7b73db,,india,translated,neelam@maternity.dk,49bc07fa-9ad4-816c-17db-e693a28dd40f,,,
drug,res-drug-metronidazole,Metronidazole,मेट्रोनिडाज़ोल ,5ce8fdcf193949c69b1eb0921e5e7206,a01e886b88f244a58e7d919deaaad6b4,,india,translated,neelam@maternity.dk,49bc07fa-9ad4-816c-17db-e693a28dd40f,,,
video,res-video-india-hindi-hypertension-intro,india-hindi_hypertension_intro,भूमिका,c95728461bdc4fe184d951f9f8ecfae4,db189d07d35347a380e9bb81392d897d,,india,translated,System,49bc07fa-9ad4-816c-17db-e693a28dd40f,,,
video,res-video-india-hindi-hypertension-definitions,india-hindi_hypertension_definitions,परिभाषाएं,e3d756c876b2471b9017b3a46ca12be8,1e5d4a2c0d274a69aa906a581b938cd4,,india,translated,System,49bc07fa-9ad4-816c-17db-e693a28dd40f,,,
video,res-video-india-hindi-hypertension-causes,india-hindi_hypertension_causes,कारण,5bcd298e2ebe4233877024466e038675,3181edd6bbeb40e69e4156f6dabe4d92,,india,translated,System,49bc07fa-9ad4-816c-17db-e693a28dd40f,,,
video,res-video-india-hindi-hypertension-how-to-diagnose,india-hindi_hypertension_how-to-diagnose,कैसे निदान करें (पहचाने),77ba1a0ea8704440a6538085d58e0686,0715727d6d3a41abb57331b47de12c21,,india,translated,System,49bc07fa-9ad4-816c-17db-e693a28dd40f,,,
video,res-video-india-hindi-hypertension-management-of-hypertension,india-hindi_hypertension_management-of-hypertension,हाईपरटेंशन का प्रबंधन,341ce799dd994699a5040211391569a7,e06cf3f5d39f4072a8d4909bff827d34,,india,translated,System,49bc07fa-9ad4-816c-17db-e693a28dd40f,,,
video,res-video-india-hindi-hypertension-severe-preeclampsia-eclampsia,india-hindi_hypertension_severe-preeclampsia-eclampsia,सिवियर प्रीएक्लैम्प्सिया / एक्लैम्प्सिया,7205af5ba9ed40e79f29d49a1c60f75f,29fb1841f0c749c2b09ba9fbd23e07c7,,india,translated,System,49bc07fa-9ad4-816c-17db-e693a28dd40f,,,
action-card,res-action-card-hypertension-definitions,Hypertension Definitions,परिभाषाएँ,f44efc9a474f47cfba9531b732e27e21,856ca67962f24bb4bd35a5a48f6a2cc0,,india,translated,neelam@maternity.dk,49bc07fa-9ad4-816c-17db-e693a28dd40f,,,
action-card,res-action-card-hypertension-definitions,Hypertension Definitions,परिभाषाएँ,f44efc9a474f47cfba9531b732e27e21,aef4b6b1027f400e9485675953c840be,,india,translated,neelam@maternity.dk,49bc07fa-9ad4-816c-17db-e693a28dd40f,,,
action-card,res-action-card-hypertension-management-hypertension,Hypertension Management Hypertension,हाईपरटेंशन का प्रबंधन ,c3c8098934e248ef8959bfb614b0093f,cd6c2dca7faf47d192f0e0c107b4683a,,india,translated,neelam@maternity.dk,49bc07fa-9ad4-816c-17db-e693a28dd40f,,,
action-card,res-action-card-hypertension-management-hypertension,Hypertension Management Hypertension,हाईपरटेंशन का प्रबंधन ,c3c8098934e248ef8959bfb614b0093f,ee24d110ba714c89b7c3b5a9ba4793f3,,india,translated,neelam@maternity.dk,49bc07fa-9ad4-816c-17db-e693a28dd40f,,,
action-card,res-action-card-management-of-eclampsia-ind,Management of Eclampsia (IND),एक्लैम्प्सिया का प्रबंधन,fcdd80b5e4b94f00b2ee214c2687a877,717043f3acbb4e2fb65b89c783360892,,india,translated,sonel@afidigitalservices.com,49bc07fa-9ad4-816c-17db-e693a28dd40f,,,
action-card,res-action-card-management-of-eclampsia-ind,Management of Eclampsia (IND),एक्लैम्प्सिया का प्रबंधन,fcdd80b5e4b94f00b2ee214c2687a877,71860e06e04f4f6892795570e82c58e0,,india,translated,sonel@afidigitalservices.com,49bc07fa-9ad4-816c-17db-e693a28dd40f,,,
action-card,res-action-card-emergency-referral-hypertension,Emergency Referral - Hypertension,आपातकालीन  रेफरल - हाईपरटेंशन ,ec44c40055544f179b1cebe6e2c50b7a,91bf04ebf90447df9747361787b4c5c0,,india,translated,neelam@maternity.dk,49bc07fa-9ad4-816c-17db-e693a28dd40f,,,
action-card,res-action-card-emergency-referral-hypertension,Emergency Referral - Hypertension,आपातकालीन  रेफरल - हाईपरटेंशन ,ec44c40055544f179b1cebe6e2c50b7a,6c43088dd42b497eb148402a26e284d2,,india,translated,neelam@maternity.dk,49bc07fa-9ad4-816c-17db-e693a28dd40f,,,
action-card,res-action-card-antenatal-corticosteroid-therapy,Antenatal corticosteroid therapy,एंटीनैटल कॉर्टिकोस्टेरॉइड थेरेपी,9fc3e7082af04675af66d9eb35862981,ea1ef7f0af204b06bcc6edccd7d77742,,india,translated,neelam@maternity.dk,49bc07fa-9ad4-816c-17db-e693a28dd40f,,,
action-card,res-action-card-antenatal-corticosteroid-therapy,Antenatal corticosteroid therapy,एंटीनैटल कॉर्टिकोस्टेरॉइड थेरेपी,9fc3e7082af04675af66d9eb35862981,e2a7f036a5044256834595585a121fae,,india,translated,neelam@maternity.dk,49bc07fa-9ad4-816c-17db-e693a28dd40f,,,
procedure,res-procedure-intramuscular-injection-im,Intramuscular Injection (IM),इंट्रामस्क्युलर इंजेक्शन (आई.एम.),652a5a0e658e4e29a7c4ec5890e9d2d6,36a12194da7d4cc597ffc04670f5bc6a,,india,translated,neelam@maternity.dk,49bc07fa-9ad4-816c-17db-e693a28dd40f,,,
procedure,res-procedure-intramuscular-injection-im,Intramuscular Injection (IM),इंट्रामस्क्युलर इंजेक्शन (आई.एम.),652a5a0e658e4e29a7c4ec5890e9d2d6,c45737c3439847b4b16838085d2628dc,,india,translated,neelam@maternity.dk,49bc07fa-9ad4-816c-17db-e693a28dd40f,,,
procedure,res-procedure-intravenous-access-adult-ind,Intravenous access – Adult (IND),इंट्रावेनस एक्सेस – एडल्ट,77a1439df2a44f0daea817ea7fcfdc52,db81ddc848da4290852f2eefef92f537,,india,translated,neelam@maternity.dk,49bc07fa-9ad4-816c-17db-e693a28dd40f,,,
procedure,res-procedure-intravenous-access-adult-ind,Intravenous access – Adult (IND),इंट्रावेनस एक्सेस – एडल्ट,77a1439df2a44f0daea817ea7fcfdc52,42783c5d61394ca7969d5c870c8eff56,,india,translated,neelam@maternity.dk,49bc07fa-9ad4-816c-17db-e693a28dd40f,,,
procedure,res-procedure-urine-catheter,Urine catheter,यूरिनरी कैथेटराइज़ेशन,3dca3cfb618a44a8a1017018ef645aed,5da9e7429bea456a936f6d20383c23ff,,india,translated,neelam@maternity.dk,49bc07fa-9ad4-816c-17db-e693a28dd40f,,,
procedure,res-procedure-urine-catheter,Urine catheter,यूरिनरी कैथेटराइज़ेशन,3dca3cfb618a44a8a1017018ef645aed,c844806b29e2471483d78648c7cab0d6,,india,translated,neelam@maternity.dk,49bc07fa-9ad4-816c-17db-e693a28dd40f,,,
drug,res-drug-betamethasone,Betamethasone,बिटामेथासोन,6e8f46ad4c8c46a791777340f9557f8b,e4beb3695f86437a8c4cb6f9d4b47e6d,,india,translated,neelam@maternity.dk,49bc07fa-9ad4-816c-17db-e693a28dd40f,,,
drug,res-drug-betamethasone,Betamethasone,बिटामेथासोन,6e8f46ad4c8c46a791777340f9557f8b,f5c40b6d64c944e09296b5cb5033da85,,india,translated,neelam@maternity.dk,49bc07fa-9ad4-816c-17db-e693a28dd40f,,,
drug,res-drug-calcium-gluconate,Calcium Gluconate,कैल्शियम ग्लूकोनेट,6e8f46ad4c8c46a791777340f9557f8b,b4496737b328411d8775b4d90b5c33f5,,india,translated,jst@visikon.com,49bc07fa-9ad4-816c-17db-e693a28dd40f,,,
drug,res-drug-calcium-gluconate,Calcium Gluconate,कैल्शियम ग्लूकोनेट,6e8f46ad4c8c46a791777340f9557f8b,d836394b301a490f9842f142b5924ab9,,india,translated,jst@visikon.com,49bc07fa-9ad4-816c-17db-e693a28dd40f,,,
drug,res-drug-dexamethasone,Dexamethasone,डेक्सामेथासोन   ,6e8f46ad4c8c46a791777340f9557f8b,9ea5092f48e3405b96690d1f0d93be83,,india,translated,neelam@maternity.dk,49bc07fa-9ad4-816c-17db-e693a28dd40f,,,
drug,res-drug-dexamethasone,Dexamethasone,डेक्सामेथासोन   ,6e8f46ad4c8c46a791777340f9557f8b,0dc0e90ec5834ff9829d7364d79d4ae9,,india,translated,neelam@maternity.dk,49bc07fa-9ad4-816c-17db-e693a28dd40f,,,
drug,res-drug-magnesium-sulphate,Magnesium Sulphate,मैग्नीशियम  सल्फेट,6e8f46ad4c8c46a791777340f9557f8b,efcce9bce42d4cdabe8c5827f1b0d865,,india,translated,neelam@maternity.dk,49bc07fa-9ad4-816c-17db-e693a28dd40f,,,
drug,res-drug-magnesium-sulphate,Magnesium Sulphate,मैग्नीशियम  सल्फेट,6e8f46ad4c8c46a791777340f9557f8b,70d06b3a8dc44ba687d336c9dc56a6a7,,india,translated,neelam@maternity.dk,49bc07fa-9ad4-816c-17db-e693a28dd40f,,,
drug,res-drug-methyldopa,Methyldopa,मिथाइलडोपा ,6e8f46ad4c8c46a791777340f9557f8b,37acf2183592416f93b92751c466f031,,india,translated,neelam@maternity.dk,49bc07fa-9ad4-816c-17db-e693a28dd40f,,,
drug,res-drug-methyldopa,Methyldopa,मिथाइलडोपा ,6e8f46ad4c8c46a791777340f9557f8b,cca91412125d4e1d9d21457a0f3c002f,,india,translated,neelam@maternity.dk,49bc07fa-9ad4-816c-17db-e693a28dd40f,,,
drug,res-drug-nifedipine,Nifedipine,निफ़ेडिपिन  ,6e8f46ad4c8c46a791777340f9557f8b,0d4160dc8ca143cdb9635801e2a0d756,,india,translated,neelam@maternity.dk,49bc07fa-9ad4-816c-17db-e693a28dd40f,,,
drug,res-drug-nifedipine,Nifedipine,निफ़ेडिपिन  ,6e8f46ad4c8c46a791777340f9557f8b,bfd28b51158544c898214bb4b530143c,,india,translated,neelam@maternity.dk,49bc07fa-9ad4-816c-17db-e693a28dd40f,,,
drug,res-drug-hydralazine,Hydralazine,हाइड्रालज़ीन,6e8f46ad4c8c46a791777340f9557f8b,76d5827d196d440883dfefc205f52a31,,india,translated,neelam@maternity.dk,49bc07fa-9ad4-816c-17db-e693a28dd40f,,,
drug,res-drug-hydralazine,Hydralazine,हाइड्रालज़ीन,6e8f46ad4c8c46a791777340f9557f8b,8895097c48514b878c300b09f372f430,,india,translated,neelam@maternity.dk,49bc07fa-9ad4-816c-17db-e693a28dd40f,,,
drug,res-drug-labetalol,Labetalol,लैबेटालॉल,6e8f46ad4c8c46a791777340f9557f8b,4ff20cdccbaa4788bda9bd7e6aa97a6b,,india,translated,neelam@maternity.dk,49bc07fa-9ad4-816c-17db-e693a28dd40f,,,
drug,res-drug-labetalol,Labetalol,लैबेटालॉल,6e8f46ad4c8c46a791777340f9557f8b,7c9d2678ed2d448d9dc0d86ba1b3745d,,india,translated,neelam@maternity.dk,49bc07fa-9ad4-816c-17db-e693a28dd40f,,,
drug,res-drug-lidocaine,Lidocaine,लिग्नोकेन / लिडोकेन,6e8f46ad4c8c46a791777340f9557f8b,102d5f9f6bdc4007bce6e0917f86900f,,india,translated,neelam@maternity.dk,49bc07fa-9ad4-816c-17db-e693a28dd40f,,,
drug,res-drug-lidocaine,Lidocaine,लिग्नोकेन / लिडोकेन,6e8f46ad4c8c46a791777340f9557f8b,40e2051a43204b759e15a7e5caf7f138,,india,translated,neelam@maternity.dk,49bc07fa-9ad4-816c-17db-e693a28dd40f,,,
video,res-video-india-hindi-normal-labour-and-birth-intro,india-hindi_normal-labour-and-birth_intro,भूमिका,9d3b05b388e947958bc085cd5afe8450,c174dd052b7949939112d9e83907b20b,,india,translated,System,49bc07fa-9ad4-816c-17db-e693a28dd40f,,,
video,res-video-india-hindi-normal-labour-and-birth-respectful-care,india-hindi_normal-labour-and-birth_respectful-care,रेस्पेक्ट्फुल केयर ,35b9cf6ae8e147d6b9356171c8c8dd10,bccbff0833cc495a82818e584be65ac9,,india,translated,System,49bc07fa-9ad4-816c-17db-e693a28dd40f,,,
video,res-video-india-hindi-normal-labour-and-birth-initial-assessment,india-hindi_normal-labour-and-birth_initial-assessment,प्रारंभिक आकलन,cceb9b4950d343b5a0809c45dd1bdbcd,0ae7711106244508a21bcf5d33253544,,india,translated,System,49bc07fa-9ad4-816c-17db-e693a28dd40f,,,
video,res-video-india-hindi-normal-labour-and-birth-1st-stage-latent-phase,india-hindi_normal-labour-and-birth_1st-stage-latent-phase,1st  स्टेज -लेटेन्ट फेज़ ,e12b0dc943ab423d9351adbbaa49c22a,c1e93149d98449d4957c5654b63f23c8,,india,translated,System,49bc07fa-9ad4-816c-17db-e693a28dd40f,,,
video,res-video-india-hindi-normal-labour-and-birth-1st-stage-active-phase,india-hindi_normal-labour-and-birth_1st-stage-active-phase,1st स्टेज - एक्टिव फेज़,2185d62e09534950820c8bdfcaacc073,c614587db0d84854bd18f4347cd2919d,,india,translated,System,49bc07fa-9ad4-816c-17db-e693a28dd40f,,,
video,res-video-india-hindi-normal-labour-and-birth-partograph,india-hindi_normal-labour-and-birth_partograph,पार्टोग्राफ,543b8f4bfe784284944032dafe30798d,2a881fe8bba0497e8f651e69e7cbb7aa,,india,translated,System,49bc07fa-9ad4-816c-17db-e693a28dd40f,,,
video,res-video-india-hindi-normal-labour-and-birth-supportive-care,india-hindi_normal-labour-and-birth_supportive-care,सप्पोर्टिव केयर ,d3b806e894e34d1fb54c30cc203682ff,96398b01a7164bce94ed496a7cd72798,,india,translated,System,49bc07fa-9ad4-816c-17db-e693a28dd40f,,,
video,res-video-india-hindi-normal-labour-and-birth-2nd-stage-cervix-fully-dilated,india-hindi_normal-labour-and-birth_2nd-stage-cervix-fully-dilated,2nd स्टेज - पूर्ण ड़ायलेटेड सर्विक्स,a048124552ff40b1b73777a4db259920,af77f45c95d44546976a175647eddc91,,india,translated,System,49bc07fa-9ad4-816c-17db-e693a28dd40f,,,
video,res-video-india-hindi-normal-labour-and-birth-2nd-stage-delivering-the-baby,india-hindi_normal-labour-and-birth_2nd-stage-delivering-the-baby,2nd स्टेज - शिशु का जन्म,8b70fa1218f4499cad93f80eac488561,db790f86281c4c8b82993a7444b8e9f1,,india,translated,System,49bc07fa-9ad4-816c-17db-e693a28dd40f,,,
action-card,res-action-card-partograph-ind,Partograph (IND),पार्टोग्राफ,81f6591651cd4cb2a246bceaefd782c4,0e9aff7eba9a40fbaa94c905cc1ab8cf,,india,translated,neelam@maternity.dk,49bc07fa-9ad4-816c-17db-e693a28dd40f,,,
action-card,res-action-card-partograph-ind,Partograph (IND),पार्टोग्राफ,81f6591651cd4cb2a246bceaefd782c4,7179b07d7d7d47219714d181d93ff73f,,india,translated,neelam@maternity.dk,49bc07fa-9ad4-816c-17db-e693a28dd40f,,,
procedure,res-procedure-initial-assessment,Initial assessment,प्रारंभिक आकलन,91d6655242c540a59d9d10e6a3e39689,617d84f938b04e00b4f24d162f262279,,india,translated,neelam@maternity.dk,49bc07fa-9ad4-816c-17db-e693a28dd40f,,,
procedure,res-procedure-initial-assessment,Initial assessment,प्रारंभिक आकलन,91d6655242c540a59d9d10e6a3e39689,1444f773934f4eadb7bfa2f02351f11c,,india,translated,neelam@maternity.dk,49bc07fa-9ad4-816c-17db-e693a28dd40f,,,
procedure,res-procedure-calculate-due-date-and-ga,Calculate due date and GA, ड्यू डेट और गर्भावधि आयु की गणना करें,5ba447b8a57643269d5134c521ba5fba,b57220a23fd64c97a5a207cfe34d72b3,,india,translated,neelam@maternity.dk,49bc07fa-9ad4-816c-17db-e693a28dd40f,,,
procedure,res-procedure-calculate-due-date-and-ga,Calculate due date and GA, ड्यू डेट और गर्भावधि आयु की गणना करें,5ba447b8a57643269d5134c521ba5fba,7be4c89703c84323b3418acf6444cba8,,india,translated,neelam@maternity.dk,49bc07fa-9ad4-816c-17db-e693a28dd40f,,,
procedure,res-procedure-foetal-heart-rate,Foetal heart rate,फीटल हार्ट रेट ,d443144ea67446d19d9da6d85f76d53e,ab7e86eb3a1540cd8f09e874c53ea7f9,,india,translated,neelam@maternity.dk,49bc07fa-9ad4-816c-17db-e693a28dd40f,,,
procedure,res-procedure-foetal-heart-rate,Foetal heart rate,फीटल हार्ट रेट ,d443144ea67446d19d9da6d85f76d53e,de3ea6837e624d7491d57fa023769d95,,india,translated,neelam@maternity.dk,49bc07fa-9ad4-816c-17db-e693a28dd40f,,,
procedure,res-procedure-vaginal-examination,Vaginal examination,वेजाइना /योनि की जाच ,34f9932a7cc5475c8cdd1c0580916441,567360bf37c641ae9ffc6ef2573a97e4,,india,translated,neelam@maternity.dk,49bc07fa-9ad4-816c-17db-e693a28dd40f,,,
procedure,res-procedure-vaginal-examination,Vaginal examination,वेजाइना /योनि की जाच ,34f9932a7cc5475c8cdd1c0580916441,775812f4c33d429c842f10c8c400eaea,,india,translated,neelam@maternity.dk,49bc07fa-9ad4-816c-17db-e693a28dd40f,,,
procedure,res-procedure-abdominal-examination,Abdominal examination,पेट की जांच,7677b8bc18704d6aa3f9f42b060ed9f8,cf42601ddece40268589dd8c004a6fea,,india,translated,neelam@maternity.dk,49bc07fa-9ad4-816c-17db-e693a28dd40f,,,
procedure,res-procedure-abdominal-examination,Abdominal examination,पेट की जांच,7677b8bc18704d6aa3f9f42b060ed9f8,795857b1d92e4ca38b220c8544d2fa18,,india,translated,neelam@maternity.dk,49bc07fa-9ad4-816c-17db-e693a28dd40f,,,
drug,res-drug-misoprostol,Misoprostol,मिसोप्रोस्टोल,3d179dd4594f49179efda574fe62d8c4,a7260aba1cea4ca3a379b530ee69ee59,,india,translated,neelam@maternity.dk,49bc07fa-9ad4-816c-17db-e693a28dd40f,,,
drug,res-drug-misoprostol,Misoprostol,मिसोप्रोस्टोल,3d179dd4594f49179efda574fe62d8c4,08435d6eb3c840b9ac9d814ea907546c,,india,translated,neelam@maternity.dk,49bc07fa-9ad4-816c-17db-e693a28dd40f,,,
drug,res-drug-oxytocin,Oxytocin,ऑक्सीटोसिन,3d179dd4594f49179efda574fe62d8c4,3f8f305c03094617bef6225da9930012,,india,translated,neelam@maternity.dk,49bc07fa-9ad4-816c-17db-e693a28dd40f,,,
drug,res-drug-oxytocin,Oxytocin,ऑक्सीटोसिन,3d179dd4594f49179efda574fe62d8c4,549fb7ae6e5f4f34beee1e19b856d622,,india,translated,neelam@maternity.dk,49bc07fa-9ad4-816c-17db-e693a28dd40f,,,
video,res-video-india-hindi-active-management-of-third-stage-labour-intro,india-hindi_active-management-of-third-stage-labour_intro,भूमिका,86757bd1e84e4abbba3f62364410ce62,8e36b3309b0845ec9aa3396bffb4ce67,,india,translated,System,49bc07fa-9ad4-816c-17db-e693a28dd40f,,,
video,res-video-india-hindi-active-management-of-third-stage-labour-give-a-uterotonic-drug,india-hindi_active-management-of-third-stage-labour_give-a-uterotonic-drug,यूट्रोटोनिक दवा दें,35a0a2af8ede477689030336e41a1613,9aab7f944dec44369a94c28a8eeef694,,india,translated,System,49bc07fa-9ad4-816c-17db-e693a28dd40f,,,
video,res-video-india-hindi-active-management-of-third-stage-labour-assess-the-newborn,india-hindi_active-management-of-third-stage-labour_assess-the-newborn,नवजात शिशु का आकलन,3b539382e95749e2aaa9457494c2d46f,1aac37d4a61c46a382cf33aff76c054b,,india,translated,System,49bc07fa-9ad4-816c-17db-e693a28dd40f,,,
video,res-video-india-hindi-active-management-of-third-stage-labour-clamp-and-cut-the-umbilical-cord,india-hindi_active-management-of-third-stage-labour_clamp-and-cut-the-umbilical-cord,कॉर्ड: क्लैंप और कट करें ,9cadf3cda8544114804ee3d48f476c8e,90a772554bae4ee4b96893831b0447de,,india,translated,System,49bc07fa-9ad4-816c-17db-e693a28dd40f,,,
video,res-video-india-hindi-active-management-of-third-stage-labour-controlled-cord-traction,india-hindi_active-management-of-third-stage-labour_controlled-cord-traction,कंट्रोल्ड काॅर्ड ट्रैक्शन ,c447cbac83804835a118d4ce848a4398,4a957cd176a246bdbf7427779e036d69,,india,translated,System,49bc07fa-9ad4-816c-17db-e693a28dd40f,,,
video,res-video-india-hindi-active-management-of-third-stage-labour-uterine-massage,india-hindi_active-management-of-third-stage-labour_uterine-massage,यूट्रस  की मालिश,63903225e8014d6abec91ae98c4fbca8,258db65660a14e4198bec27a39804c18,,india,translated,System,49bc07fa-9ad4-816c-17db-e693a28dd40f,,,
video,res-video-india-hindi-active-management-of-third-stage-labour-examine-the-placenta,india-hindi_active-management-of-third-stage-labour_examine-the-placenta,प्लेसेंटा की जांच करें,24d3f4f692304bac8a1b0c40c65a6fa4,a37addc4873245d68764773883f1bb4f,,india,translated,System,49bc07fa-9ad4-816c-17db-e693a28dd40f,,,
video,res-video-india-hindi-active-management-of-third-stage-labour-monitoring,india-hindi_active-management-of-third-stage-labour_monitoring,निगरानी,612a7ba72528469da8830891bad5903f,a858da30206b47a590bf61c7284cd07b,,india,translated,System,49bc07fa-9ad4-816c-17db-e693a28dd40f,,,
video,res-video-india-hindi-active-management-of-third-stage-labour-early-breastfeeding,india-hindi_active-management-of-third-stage-labour_early-breastfeeding,शीघ्र स्तनपान,6faa04be450c42f4853d1a22deefb41b,f73cf1b86e0347638c1e9bfbc4db30a6,,india,translated,System,49bc07fa-9ad4-816c-17db-e693a28dd40f,,,
action-card,res-action-card-essential-steps-for-amtsl,Essential steps for AMTSL,एएमटीएसएल के आवश्यक चरण,45df0507f529404da4170308d4af237a,6b908949733247bdb03f349fe7cce695,,india,translated,neelam@maternity.dk,49bc07fa-9ad4-816c-17db-e693a28dd40f,,,
action-card,res-action-card-essential-steps-for-amtsl,Essential steps for AMTSL,एएमटीएसएल के आवश्यक चरण,45df0507f529404da4170308d4af237a,0559bb85cf074eee81f94db15218e826,,india,translated,neelam@maternity.dk,49bc07fa-9ad4-816c-17db-e693a28dd40f,,,
action-card,res-action-card-initial-care-india,Initial care - India,नवजात शिशु की सामान्य प्रारंभिक देखभाल,5dd009d391f4431187ba57ab6f4c3af5,0d568adbd4424c08a075cd5f25be4cce,,india,translated,neelam@maternity.dk,49bc07fa-9ad4-816c-17db-e693a28dd40f,,,
action-card,res-action-card-initial-care-india,Initial care - India,नवजात शिशु की सामान्य प्रारंभिक देखभाल,5dd009d391f4431187ba57ab6f4c3af5,9f316a8a4485426e9c6a1635ccaff98d,,india,translated,neelam@maternity.dk,49bc07fa-9ad4-816c-17db-e693a28dd40f,,,
action-card,res-action-card-emergency-referral-manual-removal-of-placenta-ind,Emergency Referral - Manual Removal of Placenta (IND),आपातकालीन रेफ़रल – मैनुअल रिमूवल ऑफ़ प्लेसेंटा,aa833ad512d6495091459c9a7fa81c73,7a62a04b5266406f93ff7375e82025b3,,india,translated,neelam@maternity.dk,49bc07fa-9ad4-816c-17db-e693a28dd40f,,,
action-card,res-action-card-emergency-referral-manual-removal-of-placenta-ind,Emergency Referral - Manual Removal of Placenta (IND),आपातकालीन रेफ़रल – मैनुअल रिमूवल ऑफ़ प्लेसेंटा,aa833ad512d6495091459c9a7fa81c73,5f3a545306ad4efaa7fcfc70a2e0befc,,india,translated,neelam@maternity.dk,49bc07fa-9ad4-816c-17db-e693a28dd40f,,,
procedure,res-procedure-breastfeeding-ind,Breastfeeding (IND),स्तनपान,c3cff81ffd8444618d32c5fb0938a6a5,3798baa3434d4b0d99fccb77bfb4acac,,india,translated,neelam@maternity.dk,49bc07fa-9ad4-816c-17db-e693a28dd40f,,,
procedure,res-procedure-breastfeeding-ind,Breastfeeding (IND),स्तनपान,c3cff81ffd8444618d32c5fb0938a6a5,67561784837949bf98ed0211490a8b87,,india,translated,neelam@maternity.dk,49bc07fa-9ad4-816c-17db-e693a28dd40f,,,
drug,res-drug-misoprostol,Misoprostol,मिसोप्रोस्टोल,1c92d1be1dce416993fc78311f9b6327,924c6efda56043f6b759fb2008ed3348,,india,translated,neelam@maternity.dk,49bc07fa-9ad4-816c-17db-e693a28dd40f,,,
drug,res-drug-misoprostol,Misoprostol,मिसोप्रोस्टोल,1c92d1be1dce416993fc78311f9b6327,f07775b857ec4be5a52a49fea6e15301,,india,translated,neelam@maternity.dk,49bc07fa-9ad4-816c-17db-e693a28dd40f,,,
drug,res-drug-oxytocin,Oxytocin,ऑक्सीटोसिन,1c92d1be1dce416993fc78311f9b6327,6af29c14f28c4890abfb3c30025616c7,,india,translated,neelam@maternity.dk,49bc07fa-9ad4-816c-17db-e693a28dd40f,,,
drug,res-drug-oxytocin,Oxytocin,ऑक्सीटोसिन,1c92d1be1dce416993fc78311f9b6327,eff98deacbf342799540380dca4f65ad,,india,translated,neelam@maternity.dk,49bc07fa-9ad4-816c-17db-e693a28dd40f,,,
drug,res-drug-vitamin-k,Vitamin K,विटामिन K1,1c92d1be1dce416993fc78311f9b6327,121413b5d3a74d939279933ed28ab515,,india,translated,neelam@maternity.dk,49bc07fa-9ad4-816c-17db-e693a28dd40f,,,
drug,res-drug-vitamin-k,Vitamin K,विटामिन K1,1c92d1be1dce416993fc78311f9b6327,34861a1fc10f4c8dab40e81bce133c58,,india,translated,neelam@maternity.dk,49bc07fa-9ad4-816c-17db-e693a28dd40f,,,
video,res-video-india-hindi-prolonged-labour-intro,india-hindi_prolonged-labour_intro,भूमिका,454b1670c7e74d94b06417bed0105f6c,b14a0c96a4eb464792709a56f5d78245,,india,translated,System,49bc07fa-9ad4-816c-17db-e693a28dd40f,,,
video,res-video-india-hindi-prolonged-labour-causes,india-hindi_prolonged-labour_causes,कारण,d78f62b6209e4092ab6c89d0956d37de,7ff434b6872e452a93bf5182759c3045,,india,translated,System,49bc07fa-9ad4-816c-17db-e693a28dd40f,,,
video,res-video-india-hindi-prolonged-labour-1st-stage-latent-phase,india-hindi_prolonged-labour_1st-stage-latent-phase,प्रोलोंग्ड 1st स्टेज – लैटेंट फेज,de790185ce794f518eec751648e83015,9c413ac673f3446cb793e69f000ab894,,india,translated,System,49bc07fa-9ad4-816c-17db-e693a28dd40f,,,
video,res-video-india-hindi-prolonged-labour-1st-stage-active-phase,india-hindi_prolonged-labour_1st-stage-active-phase,प्रोलोंग्ड  1st  स्टेज – एक्टिव फेज ,bdb72de9207049fe896d2fc6996180d6,6979be0c016a4ed8954d267b7825c8c5,,india,translated,System,49bc07fa-9ad4-816c-17db-e693a28dd40f,,,
video,res-video-india-hindi-prolonged-labour-2nd-stage-prolonged,india-hindi_prolonged-labour_2nd-stage-prolonged,प्रोलोंग्ड 2nd स्टेज ,98854a2694934c4f9c34222d3b6b48d2,9b5c1f4a2e7546aeb80ea3d6cc15822a,,india,translated,System,49bc07fa-9ad4-816c-17db-e693a28dd40f,,,
video,res-video-india-hindi-prolonged-labour-2nd-stage-vacuum-extraction,india-hindi_prolonged-labour_2nd-stage-vacuum-extraction,वैक्यूम एक्सट्रैक्शन,3da6bb8c0e664dc187bc8878ed70fce7,b3279ace27db4b00ae0244863148f6ba,,india,translated,System,49bc07fa-9ad4-816c-17db-e693a28dd40f,,,
action-card,res-action-card-partograph-ind,Partograph (IND),पार्टोग्राफ,81f6591651cd4cb2a246bceaefd782c4,33a9cad93d904fa4a1d4c194fede0db9,,india,translated,neelam@maternity.dk,49bc07fa-9ad4-816c-17db-e693a28dd40f,,,
action-card,res-action-card-partograph-ind,Partograph (IND),पार्टोग्राफ,81f6591651cd4cb2a246bceaefd782c4,13bdd7a8cfc84e44857aaa35a2f5a761,,india,translated,neelam@maternity.dk,49bc07fa-9ad4-816c-17db-e693a28dd40f,,,
action-card,res-action-card-vacuum-delivery-indications,Vacuum Delivery Indications,वैक्यूम एक्सट्रैक्शन के इंडिकेशन्स,127705f3b6e3436b88e57d6742a35380,ca552694a667455ab49a079dc236f60e,,india,translated,neelam@maternity.dk,49bc07fa-9ad4-816c-17db-e693a28dd40f,,,
action-card,res-action-card-vacuum-delivery-indications,Vacuum Delivery Indications,वैक्यूम एक्सट्रैक्शन के इंडिकेशन्स,127705f3b6e3436b88e57d6742a35380,f3ee678a53cf43e094adeb53935869ab,,india,translated,neelam@maternity.dk,49bc07fa-9ad4-816c-17db-e693a28dd40f,,,
action-card,res-action-card-vacuum-delivery-prerequisites,Vacuum Delivery Prerequisites,वैक्यूम एक्सट्रैक्शन के लिए आवश्यक शर्तें,172d0a9600074c89b675543578372151,d8ad1a0bc29b4431998d302d05292224,,india,translated,neelam@maternity.dk,49bc07fa-9ad4-816c-17db-e693a28dd40f,,,
action-card,res-action-card-vacuum-delivery-prerequisites,Vacuum Delivery Prerequisites,वैक्यूम एक्सट्रैक्शन के लिए आवश्यक शर्तें,172d0a9600074c89b675543578372151,e29b59d5a9bc4ac7865f21abffb5b1ce,,india,translated,neelam@maternity.dk,49bc07fa-9ad4-816c-17db-e693a28dd40f,,,
action-card,res-action-card-vacuum-delivery-procedure-as-by-also,Vacuum Delivery Procedure as by Also,वैक्यूम एक्सट्रैक्शन की प्रक्रिया,62851478fadf4c49b062d1e6c5015902,5aa95d2ebb6740458ea06570ccee87d5,,india,translated,neelam@maternity.dk,49bc07fa-9ad4-816c-17db-e693a28dd40f,,,
action-card,res-action-card-vacuum-delivery-procedure-as-by-also,Vacuum Delivery Procedure as by Also,वैक्यूम एक्सट्रैक्शन की प्रक्रिया,62851478fadf4c49b062d1e6c5015902,22090bb2bece4627a39ddbdfc9de3e01,,india,translated,neelam@maternity.dk,49bc07fa-9ad4-816c-17db-e693a28dd40f,,,
action-card,res-action-card-emergency-referral-prolonged-labour,Emergency Referral - Prolonged Labour,आपातकालीन  रेफरल - प्रोलोंग्ड लेबर ,ec44c40055544f179b1cebe6e2c50b7a,1d3c78e0eb6848b1a105eb13107bbf99,,india,translated,neelam@maternity.dk,49bc07fa-9ad4-816c-17db-e693a28dd40f,,,
action-card,res-action-card-emergency-referral-prolonged-labour,Emergency Referral - Prolonged Labour,आपातकालीन  रेफरल - प्रोलोंग्ड लेबर ,ec44c40055544f179b1cebe6e2c50b7a,2f73e3e2d1664961b46bc8cd35f17b1a,,india,translated,neelam@maternity.dk,49bc07fa-9ad4-816c-17db-e693a28dd40f,,,
procedure,res-procedure-intravenous-access-adult-ind,Intravenous access – Adult (IND),इंट्रावेनस एक्सेस – एडल्ट,77a1439df2a44f0daea817ea7fcfdc52,97f715f8c8b54e0280fc339a0c0abc8c,,india,translated,neelam@maternity.dk,49bc07fa-9ad4-816c-17db-e693a28dd40f,,,
procedure,res-procedure-intravenous-access-adult-ind,Intravenous access – Adult (IND),इंट्रावेनस एक्सेस – एडल्ट,77a1439df2a44f0daea817ea7fcfdc52,85c7b11750bf489c89ff2d9d2754bf14,,india,translated,neelam@maternity.dk,49bc07fa-9ad4-816c-17db-e693a28dd40f,,,
procedure,res-procedure-foetal-heart-rate,Foetal heart rate,फीटल हार्ट रेट ,d443144ea67446d19d9da6d85f76d53e,020de79e0d244ba38177a447441bd6e0,,india,translated,neelam@maternity.dk,49bc07fa-9ad4-816c-17db-e693a28dd40f,,,
procedure,res-procedure-foetal-heart-rate,Foetal heart rate,फीटल हार्ट रेट ,d443144ea67446d19d9da6d85f76d53e,866b44507720441b9054223a520ea576,,india,translated,neelam@maternity.dk,49bc07fa-9ad4-816c-17db-e693a28dd40f,,,
procedure,res-procedure-urine-catheter,Urine catheter,यूरिनरी कैथेटराइज़ेशन,3dca3cfb618a44a8a1017018ef645aed,4d3dee41326e4e4183ac29f85cdab3e0,,india,translated,neelam@maternity.dk,49bc07fa-9ad4-816c-17db-e693a28dd40f,,,
procedure,res-procedure-urine-catheter,Urine catheter,यूरिनरी कैथेटराइज़ेशन,3dca3cfb618a44a8a1017018ef645aed,d7d7b85143c94621acb8da2d5665c6ca,,india,translated,neelam@maternity.dk,49bc07fa-9ad4-816c-17db-e693a28dd40f,,,
procedure,res-procedure-vacuum-extractor,Vacuum extractor,वैक्यूम एक्स्ट्रैक्टर ,a8166813a0b7487da2acc268832b0337,dd5ace443460464887d4f126ae676dd7,,india,translated,neelam@maternity.dk,49bc07fa-9ad4-816c-17db-e693a28dd40f,,,
procedure,res-procedure-vacuum-extractor,Vacuum extractor,वैक्यूम एक्स्ट्रैक्टर ,a8166813a0b7487da2acc268832b0337,bd3caa13da66430e8b390edec85d98cc,,india,translated,neelam@maternity.dk,49bc07fa-9ad4-816c-17db-e693a28dd40f,,,
drug,res-drug-misoprostol,Misoprostol,मिसोप्रोस्टोल,0584b1cfde924dc28c735e629cf8e7bf,fd8614fb7e4545cdbd8cd2a5156c047a,,india,translated,neelam@maternity.dk,49bc07fa-9ad4-816c-17db-e693a28dd40f,,,
drug,res-drug-misoprostol,Misoprostol,मिसोप्रोस्टोल,0584b1cfde924dc28c735e629cf8e7bf,92470547744740ebabe98934ec3f2d16,,india,translated,neelam@maternity.dk,49bc07fa-9ad4-816c-17db-e693a28dd40f,,,
drug,res-drug-oxytocin,Oxytocin,ऑक्सीटोसिन,0584b1cfde924dc28c735e629cf8e7bf,a9f490a3ec5c413da4f005700c1108c1,,india,translated,neelam@maternity.dk,49bc07fa-9ad4-816c-17db-e693a28dd40f,,,
drug,res-drug-oxytocin,Oxytocin,ऑक्सीटोसिन,0584b1cfde924dc28c735e629cf8e7bf,9e22cf80b8854fffbc3c26e2d42fab5f,,india,translated,neelam@maternity.dk,49bc07fa-9ad4-816c-17db-e693a28dd40f,,,
video,res-video-india-hindi-post-partum-hemorrhage-intro,india-hindi_post-partum-hemorrhage_intro,भूमिका,1b3e10aa455b4741aadfd9c4f37434dd,eba94b84b778419ebf34e5d9274fd71a,,india,translated,System,49bc07fa-9ad4-816c-17db-e693a28dd40f,,,
video,res-video-india-hindi-post-partum-hemorrhage-immediate-management,india-hindi_post-partum-hemorrhage_immediate-management,तत्काल प्रबंधन,bf742e5c9cff4233bff6f77a0028ac19,82cb362797844588b33030222fb26fb6,,india,translated,System,49bc07fa-9ad4-816c-17db-e693a28dd40f,,,
video,res-video-india-hindi-post-partum-hemorrhage-causes-of-pph,india-hindi_post-partum-hemorrhage_causes-of-pph,पीपीएच के कारण,9105013869fa4ed0bbe3d929fbc164cc,ab208e13eb2b4b27a185cba7412fbe94,,india,translated,System,49bc07fa-9ad4-816c-17db-e693a28dd40f,,,
video,res-video-india-hindi-post-partum-hemorrhage-tone,india-hindi_post-partum-hemorrhage_tone,टोन,573e78ec2e2f48a7b1fbb5fb4ad30910,ba52059bfe2e4640abef5f5a9c27f8d3,,india,translated,System,49bc07fa-9ad4-816c-17db-e693a28dd40f,,,
video,res-video-india-hindi-post-partum-hemorrhage-bimanual-compression,india-hindi_post-partum-hemorrhage_bimanual-compression,बाईमैनुअल कंप्रेशन,a8dcc0cc3c4944f898f198082abc993c,9265aef2b76940218d22a17c5b1c11f3,,india,translated,System,49bc07fa-9ad4-816c-17db-e693a28dd40f,,,
video,res-video-india-hindi-post-partum-hemorrhage-aorta-compression,india-hindi_post-partum-hemorrhage_aorta-compression,एओर्टिक कंप्रेशन,f106a530c28c4fb6a9416d536dcb22ce,e898c273d74e4eecae44bfe2fed71dd7,,india,translated,System,49bc07fa-9ad4-816c-17db-e693a28dd40f,,,
video,res-video-india-hindi-post-partum-hemorrhage-uterine-balloon-tamponade,india-hindi_post-partum-hemorrhage_uterine-balloon-tamponade,यूटेराइन बैलून टैम्पोनैड,32e34f8e76d34cc5a4c48ade0fda78ba,2970842f6dd643a181120a0e016d7356,,india,translated,System,49bc07fa-9ad4-816c-17db-e693a28dd40f,,,
video,res-video-india-hindi-post-partum-hemorrhage-trauma,india-hindi_post-partum-hemorrhage_trauma,ट्रॉमा,3c4877e6327d4a129f043cdd383924b5,9a7d86b3f8a9400b9658bf638372821b,,india,translated,System,49bc07fa-9ad4-816c-17db-e693a28dd40f,,,
video,res-video-india-hindi-post-partum-hemorrhage-tissue,india-hindi_post-partum-hemorrhage_tissue,टिशू,9aa1cfb5355249ed80d62832e3fefa5e,905a689ff6fb429190f8ab56f4a477e6,,india,translated,System,49bc07fa-9ad4-816c-17db-e693a28dd40f,,,
video,res-video-india-hindi-post-partum-hemorrhage-monitoring-after-bleeding,india-hindi_post-partum-hemorrhage_monitoring-after-bleeding,रक्तस्राव के बाद निगरानी,eb9da97b5bdb49d69cf4b2f3ce08342f,d4a96fa3c8fe440bb9b8c5dae9bd8a23,,india,translated,System,49bc07fa-9ad4-816c-17db-e693a28dd40f,,,
video,res-video-india-hindi-post-partum-hemorrhage-referral,india-hindi_post-partum-hemorrhage_referral,रेफ़रल,79759b1ac0bc4ffda828badef0a85b7b,5833824648d84f9fa8883ca3e3649637,,india,translated,System,49bc07fa-9ad4-816c-17db-e693a28dd40f,,,
action-card,res-action-card-essential-steps-for-amtsl,Essential steps for AMTSL,एएमटीएसएल के आवश्यक चरण,45df0507f529404da4170308d4af237a,abd2e0e1a33c4073aa29c8e3bf1346fb,,india,translated,neelam@maternity.dk,49bc07fa-9ad4-816c-17db-e693a28dd40f,,,
action-card,res-action-card-essential-steps-for-amtsl,Essential steps for AMTSL,एएमटीएसएल के आवश्यक चरण,45df0507f529404da4170308d4af237a,67b2aeff22004147b04da14d5d09b0f8,,india,translated,neelam@maternity.dk,49bc07fa-9ad4-816c-17db-e693a28dd40f,,,
action-card,res-action-card-emergency-referral-post-partum-hemorrhage,Emergency Referral - Post Partum Hemorrhage,आपातकालीन रेफ़रल – प्रसव पश्चात रक्तस्राव,ec44c40055544f179b1cebe6e2c50b7a,f7c909edb789429b98c6074fa1c0f8bc,,india,translated,neelam@maternity.dk,49bc07fa-9ad4-816c-17db-e693a28dd40f,,,
action-card,res-action-card-emergency-referral-post-partum-hemorrhage,Emergency Referral - Post Partum Hemorrhage,आपातकालीन रेफ़रल – प्रसव पश्चात रक्तस्राव,ec44c40055544f179b1cebe6e2c50b7a,a6714081e1ae476799f5d3a774d6f40b,,india,translated,neelam@maternity.dk,49bc07fa-9ad4-816c-17db-e693a28dd40f,,,
procedure,res-procedure-early-detection-of-pph,Early detection of PPH,ब्लड लोस का मूल्यांकन,451b464f109343cfa4c82b47e7dd1919,1e3de73e7c6545c688db83d04d592fc9,,india,translated,sonel@afidigitalservices.com,49bc07fa-9ad4-816c-17db-e693a28dd40f,,,
procedure,res-procedure-early-detection-of-pph,Early detection of PPH,ब्लड लोस का मूल्यांकन,451b464f109343cfa4c82b47e7dd1919,1ee1d8c619f04775af62c79e4a420a12,,india,translated,sonel@afidigitalservices.com,49bc07fa-9ad4-816c-17db-e693a28dd40f,,,
procedure,res-procedure-aortic-compression,Aortic Compression,एओर्टिक कंप्रेशन,2049aa73dd834d45b79fd92fef3647fe,f5f89bc097f949ebaf7c46c4a19a8d52,,india,translated,neelam@maternity.dk,49bc07fa-9ad4-816c-17db-e693a28dd40f,,,
procedure,res-procedure-aortic-compression,Aortic Compression,एओर्टिक कंप्रेशन,2049aa73dd834d45b79fd92fef3647fe,d0958b8af4aa4446ae05fca07dcd8de8,,india,translated,neelam@maternity.dk,49bc07fa-9ad4-816c-17db-e693a28dd40f,,,
procedure,res-procedure-condom-balloon-tamponade,Condom Balloon Tamponade,यूटेराइन बैलून टैम्पोनेड ,9a2bbdc78a71482e892bd21c8cc87e3a,9958226552284b5280bfa387ca8f1c28,,india,translated,neelam@maternity.dk,49bc07fa-9ad4-816c-17db-e693a28dd40f,,,
procedure,res-procedure-condom-balloon-tamponade,Condom Balloon Tamponade,यूटेराइन बैलून टैम्पोनेड ,9a2bbdc78a71482e892bd21c8cc87e3a,ac5edaaca30e48018d88c023345391da,,india,translated,neelam@maternity.dk,49bc07fa-9ad4-816c-17db-e693a28dd40f,,,
procedure,res-procedure-intravenous-access-adult-ind,Intravenous access – Adult (IND),इंट्रावेनस एक्सेस – एडल्ट,77a1439df2a44f0daea817ea7fcfdc52,96f93036d3a2499db45dc332911330f8,,india,translated,neelam@maternity.dk,49bc07fa-9ad4-816c-17db-e693a28dd40f,,,
procedure,res-procedure-intravenous-access-adult-ind,Intravenous access – Adult (IND),इंट्रावेनस एक्सेस – एडल्ट,77a1439df2a44f0daea817ea7fcfdc52,a0b40bbbdd674c5e9bc509b7421ccd43,,india,translated,neelam@maternity.dk,49bc07fa-9ad4-816c-17db-e693a28dd40f,,,
procedure,res-procedure-intramuscular-injection-im,Intramuscular Injection (IM),इंट्रामस्क्युलर इंजेक्शन (आई.एम.),652a5a0e658e4e29a7c4ec5890e9d2d6,966838e81c534aa6a8d6e2903908b605,,india,translated,neelam@maternity.dk,49bc07fa-9ad4-816c-17db-e693a28dd40f,,,
procedure,res-procedure-intramuscular-injection-im,Intramuscular Injection (IM),इंट्रामस्क्युलर इंजेक्शन (आई.एम.),652a5a0e658e4e29a7c4ec5890e9d2d6,cae841562eb14b19a4203e5e22f3bc29,,india,translated,neelam@maternity.dk,49bc07fa-9ad4-816c-17db-e693a28dd40f,,,
procedure,res-procedure-perineal-tear-repair,Perineal Tear Repair,पेरिनियल टीयर रिपेयर,cc2f0538261b4578b1d31ac4b08c54c0,69b8c55bbf9040d88e8ab2d52d031a9c,,india,translated,neelam@maternity.dk,49bc07fa-9ad4-816c-17db-e693a28dd40f,,,
procedure,res-procedure-perineal-tear-repair,Perineal Tear Repair,पेरिनियल टीयर रिपेयर,cc2f0538261b4578b1d31ac4b08c54c0,31aebcaed184428ba720cc5bb7b06633,,india,translated,neelam@maternity.dk,49bc07fa-9ad4-816c-17db-e693a28dd40f,,,
procedure,res-procedure-urine-catheter,Urine catheter,यूरिनरी कैथेटराइज़ेशन,3dca3cfb618a44a8a1017018ef645aed,92277a906de449ada769045e7a70b098,,india,translated,neelam@maternity.dk,49bc07fa-9ad4-816c-17db-e693a28dd40f,,,
procedure,res-procedure-urine-catheter,Urine catheter,यूरिनरी कैथेटराइज़ेशन,3dca3cfb618a44a8a1017018ef645aed,fbb0422558b947c1aaf9f69aab55f1cd,,india,translated,neelam@maternity.dk,49bc07fa-9ad4-816c-17db-e693a28dd40f,,,
drug,res-drug-ampicillin,Ampicillin,एम्पिसिलिन,3905b4bce61f4462bc498c0689eb19d3,ead669aa98af4a169985da8fdf9afa6c,,india,translated,neelam@maternity.dk,49bc07fa-9ad4-816c-17db-e693a28dd40f,,,
drug,res-drug-ampicillin,Ampicillin,एम्पिसिलिन,3905b4bce61f4462bc498c0689eb19d3,085d98ae42514946a19fadb765a8a28a,,india,translated,neelam@maternity.dk,49bc07fa-9ad4-816c-17db-e693a28dd40f,,,
drug,res-drug-carboprost,Carboprost,कार्बोप्रोस्ट,3905b4bce61f4462bc498c0689eb19d3,f82aea93af4c4e928f08a18b8ea66665,,india,translated,neelam@maternity.dk,49bc07fa-9ad4-816c-17db-e693a28dd40f,,,
drug,res-drug-carboprost,Carboprost,कार्बोप्रोस्ट,3905b4bce61f4462bc498c0689eb19d3,2bfa802ec9a14d599516b270237b48b1,,india,translated,neelam@maternity.dk,49bc07fa-9ad4-816c-17db-e693a28dd40f,,,
drug,res-drug-diazepam,Diazepam,डायाज़िपाम  ,3905b4bce61f4462bc498c0689eb19d3,47ee596fef94496e96e0bc59884837a2,,india,translated,neelam@maternity.dk,49bc07fa-9ad4-816c-17db-e693a28dd40f,,,
drug,res-drug-diazepam,Diazepam,डायाज़िपाम  ,3905b4bce61f4462bc498c0689eb19d3,841a7838e9024abcab4e1c47881d1c4b,,india,translated,neelam@maternity.dk,49bc07fa-9ad4-816c-17db-e693a28dd40f,,,
drug,res-drug-ergometrine,Ergometrine,एर्गोमेट्रिन,3905b4bce61f4462bc498c0689eb19d3,288521a51a0944cca680303305618e39,,india,translated,neelam@maternity.dk,49bc07fa-9ad4-816c-17db-e693a28dd40f,,,
drug,res-drug-ergometrine,Ergometrine,एर्गोमेट्रिन,3905b4bce61f4462bc498c0689eb19d3,92d4037beb5148bd849b9cb7cd314cec,,india,translated,neelam@maternity.dk,49bc07fa-9ad4-816c-17db-e693a28dd40f,,,
drug,res-drug-gentamicin,Gentamicin,जेंटामाइसिन,3905b4bce61f4462bc498c0689eb19d3,33d7b7e095264a1e9b6966693012c84e,,india,translated,neelam@maternity.dk,49bc07fa-9ad4-816c-17db-e693a28dd40f,,,
drug,res-drug-gentamicin,Gentamicin,जेंटामाइसिन,3905b4bce61f4462bc498c0689eb19d3,3cf052f8f6c34d40b4fd07c83f130fb5,,india,translated,neelam@maternity.dk,49bc07fa-9ad4-816c-17db-e693a28dd40f,,,
drug,res-drug-iron-and-folic-acid-supplementation,Iron and folic acid supplementation,आयरन और फोलिक एसिड सप्लीमेंट (आईएफए),3905b4bce61f4462bc498c0689eb19d3,74ead83add1d4938872581efd88c8470,,india,translated,neelam@maternity.dk,49bc07fa-9ad4-816c-17db-e693a28dd40f,,,
drug,res-drug-iron-and-folic-acid-supplementation,Iron and folic acid supplementation,आयरन और फोलिक एसिड सप्लीमेंट (आईएफए),3905b4bce61f4462bc498c0689eb19d3,2b43e9ff979c4194ab6f0a68edd5fdf6,,india,translated,neelam@maternity.dk,49bc07fa-9ad4-816c-17db-e693a28dd40f,,,
drug,res-drug-lidocaine,Lidocaine,लिग्नोकेन / लिडोकेन,3905b4bce61f4462bc498c0689eb19d3,f84a426a1fee4afda2fc6518a72fc002,,india,translated,neelam@maternity.dk,49bc07fa-9ad4-816c-17db-e693a28dd40f,,,
drug,res-drug-lidocaine,Lidocaine,लिग्नोकेन / लिडोकेन,3905b4bce61f4462bc498c0689eb19d3,68057ad31dc14637ba6f4be2a01200f0,,india,translated,neelam@maternity.dk,49bc07fa-9ad4-816c-17db-e693a28dd40f,,,
drug,res-drug-metronidazole,Metronidazole,मेट्रोनिडाज़ोल ,3905b4bce61f4462bc498c0689eb19d3,51599829abc54a28b895752070fa1cb7,,india,translated,neelam@maternity.dk,49bc07fa-9ad4-816c-17db-e693a28dd40f,,,
drug,res-drug-metronidazole,Metronidazole,मेट्रोनिडाज़ोल ,3905b4bce61f4462bc498c0689eb19d3,0ba65a7c00d3488fbc546de3685c999b,,india,translated,neelam@maternity.dk,49bc07fa-9ad4-816c-17db-e693a28dd40f,,,
drug,res-drug-misoprostol,Misoprostol,मिसोप्रोस्टोल,3905b4bce61f4462bc498c0689eb19d3,b9a7ea22415341c6a2053226e8b814fa,,india,translated,neelam@maternity.dk,49bc07fa-9ad4-816c-17db-e693a28dd40f,,,
drug,res-drug-misoprostol,Misoprostol,मिसोप्रोस्टोल,3905b4bce61f4462bc498c0689eb19d3,619468b6818d40ebaa32759a48471675,,india,translated,neelam@maternity.dk,49bc07fa-9ad4-816c-17db-e693a28dd40f,,,
drug,res-drug-oxytocin,Oxytocin,ऑक्सीटोसिन,3905b4bce61f4462bc498c0689eb19d3,4034677da65c4817968f78896e4fcea4,,india,translated,neelam@maternity.dk,49bc07fa-9ad4-816c-17db-e693a28dd40f,,,
drug,res-drug-oxytocin,Oxytocin,ऑक्सीटोसिन,3905b4bce61f4462bc498c0689eb19d3,2af916d01539454c864ef98b5530f975,,india,translated,neelam@maternity.dk,49bc07fa-9ad4-816c-17db-e693a28dd40f,,,
drug,res-drug-tranexamic-acid,Tranexamic Acid,ट्रानेक्सेमिक एसिड,3905b4bce61f4462bc498c0689eb19d3,8c9d4d9e322b40ee899378ec1478dde3,,india,translated,neelam@maternity.dk,49bc07fa-9ad4-816c-17db-e693a28dd40f,,,
drug,res-drug-tranexamic-acid,Tranexamic Acid,ट्रानेक्सेमिक एसिड,3905b4bce61f4462bc498c0689eb19d3,08d35ebd23d2481da67f6db54d25da8d,,india,translated,neelam@maternity.dk,49bc07fa-9ad4-816c-17db-e693a28dd40f,,,
video,res-video-india-hindi-manual-removal-of-placenta-intro,india-hindi_manual-removal-of-placenta_intro,भूमिका,1c77115ea1d44996bc5a39360a9e7d71,f962d239bdf3478dbf51cb2c27fbb1f8,,india,translated,System,49bc07fa-9ad4-816c-17db-e693a28dd40f,,,
video,res-video-india-hindi-manual-removal-of-placenta-resuscitation,india-hindi_manual-removal-of-placenta_resuscitation,रिससिटेशन,04e8cc5a09e14dac971bc8d37f85dced,a926cf0e3542492085e7105f33284a2b,,india,translated,System,49bc07fa-9ad4-816c-17db-e693a28dd40f,,,
video,res-video-india-hindi-manual-removal-of-placenta-drugs-before-removal,india-hindi_manual-removal-of-placenta_drugs-before-removal,रिमूवल से पहले की दवाएं,1408decdb0d2468ebede4eff8ec6320f,3782a1fe08c34e2fb26ce5e7b305d296,,india,translated,System,49bc07fa-9ad4-816c-17db-e693a28dd40f,,,
video,res-video-india-hindi-manual-removal-of-placenta-remove-the-placenta,india-hindi_manual-removal-of-placenta_remove-the-placenta,प्लेसेंटा का रीमूवल,f3c207a7dc8246a4815bd13b68f3c70b,13448f0ea8aa4001a2eb377ba8c2b57e,,india,translated,System,49bc07fa-9ad4-816c-17db-e693a28dd40f,,,
video,res-video-india-hindi-manual-removal-of-placenta-monitoring,india-hindi_manual-removal-of-placenta_monitoring,निगरानी,d5c2a18b8bb84488aaad9fe55135d401,dcab763f83ee4f48b0fa387b184f0539,,india,translated,System,49bc07fa-9ad4-816c-17db-e693a28dd40f,,,
video,res-video-india-hindi-manual-removal-of-placenta-referral,india-hindi_manual-removal-of-placenta_referral,रेफरल,a652197759a14c95b7c20f9de1d553ef,da202a1242b34c70ab9992f2546b23dd,,india,translated,System,49bc07fa-9ad4-816c-17db-e693a28dd40f,,,
action-card,res-action-card-emergency-referral-manual-removal-of-placenta-ind,Emergency Referral - Manual Removal of Placenta (IND),आपातकालीन रेफ़रल – मैनुअल रिमूवल ऑफ़ प्लेसेंटा,aa833ad512d6495091459c9a7fa81c73,93faa043ae4c4e118f9a44d39d17943f,,india,translated,neelam@maternity.dk,49bc07fa-9ad4-816c-17db-e693a28dd40f,,,
action-card,res-action-card-emergency-referral-manual-removal-of-placenta-ind,Emergency Referral - Manual Removal of Placenta (IND),आपातकालीन रेफ़रल – मैनुअल रिमूवल ऑफ़ प्लेसेंटा,aa833ad512d6495091459c9a7fa81c73,1c4b83970c314ef6b365cbc02a752f2c,,india,translated,neelam@maternity.dk,49bc07fa-9ad4-816c-17db-e693a28dd40f,,,
procedure,res-procedure-aortic-compression,Aortic Compression,एओर्टिक कंप्रेशन,2049aa73dd834d45b79fd92fef3647fe,31508d5e94be41d8b74db526f620414a,,india,translated,neelam@maternity.dk,49bc07fa-9ad4-816c-17db-e693a28dd40f,,,
procedure,res-procedure-aortic-compression,Aortic Compression,एओर्टिक कंप्रेशन,2049aa73dd834d45b79fd92fef3647fe,51b2fbdcf79643d6aea24433ed443c4b,,india,translated,neelam@maternity.dk,49bc07fa-9ad4-816c-17db-e693a28dd40f,,,
procedure,res-procedure-condom-balloon-tamponade,Condom Balloon Tamponade,यूटेराइन बैलून टैम्पोनेड ,9a2bbdc78a71482e892bd21c8cc87e3a,aa01c16a3fc44769ae254cb09a49929c,,india,translated,neelam@maternity.dk,49bc07fa-9ad4-816c-17db-e693a28dd40f,,,
procedure,res-procedure-condom-balloon-tamponade,Condom Balloon Tamponade,यूटेराइन बैलून टैम्पोनेड ,9a2bbdc78a71482e892bd21c8cc87e3a,d10669032e3743b19bc4315f2de9469b,,india,translated,neelam@maternity.dk,49bc07fa-9ad4-816c-17db-e693a28dd40f,,,
procedure,res-procedure-intravenous-access-adult-ind,Intravenous access – Adult (IND),इंट्रावेनस एक्सेस – एडल्ट,77a1439df2a44f0daea817ea7fcfdc52,edb24ed2deab411580d781ff2b262b15,,india,translated,neelam@maternity.dk,49bc07fa-9ad4-816c-17db-e693a28dd40f,,,
procedure,res-procedure-intravenous-access-adult-ind,Intravenous access – Adult (IND),इंट्रावेनस एक्सेस – एडल्ट,77a1439df2a44f0daea817ea7fcfdc52,79b8e6a5bed0426c977917c39c8450d0,,india,translated,neelam@maternity.dk,49bc07fa-9ad4-816c-17db-e693a28dd40f,,,
procedure,res-procedure-urine-catheter,Urine catheter,यूरिनरी कैथेटराइज़ेशन,3dca3cfb618a44a8a1017018ef645aed,9bda6ae607544c9dab982435a733f6fd,,india,translated,neelam@maternity.dk,49bc07fa-9ad4-816c-17db-e693a28dd40f,,,
procedure,res-procedure-urine-catheter,Urine catheter,यूरिनरी कैथेटराइज़ेशन,3dca3cfb618a44a8a1017018ef645aed,daa514c9154f4001a6684235d9037b35,,india,translated,neelam@maternity.dk,49bc07fa-9ad4-816c-17db-e693a28dd40f,,,
drug,res-drug-ampicillin,Ampicillin,एम्पिसिलिन,74e25ebd7d754e519a5ae38c9b33b52e,88822e52322745a99a84131ac2f9b6fb,,india,translated,neelam@maternity.dk,49bc07fa-9ad4-816c-17db-e693a28dd40f,,,
drug,res-drug-ampicillin,Ampicillin,एम्पिसिलिन,74e25ebd7d754e519a5ae38c9b33b52e,3d555e9068b2486a945a89e1746ee384,,india,translated,neelam@maternity.dk,49bc07fa-9ad4-816c-17db-e693a28dd40f,,,
drug,res-drug-diazepam,Diazepam,डायाज़िपाम  ,74e25ebd7d754e519a5ae38c9b33b52e,de3864c66c504a26bdd6d8f0c05d0103,,india,translated,neelam@maternity.dk,49bc07fa-9ad4-816c-17db-e693a28dd40f,,,
drug,res-drug-diazepam,Diazepam,डायाज़िपाम  ,74e25ebd7d754e519a5ae38c9b33b52e,06e9ccae61224e84a1a2594e95410149,,india,translated,neelam@maternity.dk,49bc07fa-9ad4-816c-17db-e693a28dd40f,,,
drug,res-drug-gentamicin,Gentamicin,जेंटामाइसिन,74e25ebd7d754e519a5ae38c9b33b52e,fc4eed211618410c89f791e421c79454,,india,translated,neelam@maternity.dk,49bc07fa-9ad4-816c-17db-e693a28dd40f,,,
drug,res-drug-gentamicin,Gentamicin,जेंटामाइसिन,74e25ebd7d754e519a5ae38c9b33b52e,acf1b893b135493581ef8688fa043276,,india,translated,neelam@maternity.dk,49bc07fa-9ad4-816c-17db-e693a28dd40f,,,
drug,res-drug-iron-and-folic-acid-supplementation,Iron and folic acid supplementation,आयरन और फोलिक एसिड सप्लीमेंट (आईएफए),74e25ebd7d754e519a5ae38c9b33b52e,e9026cc9838040d6bbe01cebde28819a,,india,translated,neelam@maternity.dk,49bc07fa-9ad4-816c-17db-e693a28dd40f,,,
drug,res-drug-iron-and-folic-acid-supplementation,Iron and folic acid supplementation,आयरन और फोलिक एसिड सप्लीमेंट (आईएफए),74e25ebd7d754e519a5ae38c9b33b52e,ccd9da6e67f8423db38ac7dc38320a73,,india,translated,neelam@maternity.dk,49bc07fa-9ad4-816c-17db-e693a28dd40f,,,
drug,res-drug-metronidazole,Metronidazole,मेट्रोनिडाज़ोल ,74e25ebd7d754e519a5ae38c9b33b52e,b088fe34a1514a13840007669bb9167c,,india,translated,neelam@maternity.dk,49bc07fa-9ad4-816c-17db-e693a28dd40f,,,
drug,res-drug-metronidazole,Metronidazole,मेट्रोनिडाज़ोल ,74e25ebd7d754e519a5ae38c9b33b52e,615eb1bf2b684171b265e124e719456e,,india,translated,neelam@maternity.dk,49bc07fa-9ad4-816c-17db-e693a28dd40f,,,
drug,res-drug-oxytocin,Oxytocin,ऑक्सीटोसिन,74e25ebd7d754e519a5ae38c9b33b52e,7af88d5b867146f08fe9bba0466da7ec,,india,translated,neelam@maternity.dk,49bc07fa-9ad4-816c-17db-e693a28dd40f,,,
drug,res-drug-oxytocin,Oxytocin,ऑक्सीटोसिन,74e25ebd7d754e519a5ae38c9b33b52e,668f778ed61f4090bfc04cbbf610204f,,india,translated,neelam@maternity.dk,49bc07fa-9ad4-816c-17db-e693a28dd40f,,,
drug,res-drug-tranexamic-acid,Tranexamic Acid,ट्रानेक्सेमिक एसिड,74e25ebd7d754e519a5ae38c9b33b52e,6ec720dfea3a4f00aeb227acf84237b4,,india,translated,neelam@maternity.dk,49bc07fa-9ad4-816c-17db-e693a28dd40f,,,
drug,res-drug-tranexamic-acid,Tranexamic Acid,ट्रानेक्सेमिक एसिड,74e25ebd7d754e519a5ae38c9b33b52e,eb69ef63a63145dc897ffbb338168934,,india,translated,neelam@maternity.dk,49bc07fa-9ad4-816c-17db-e693a28dd40f,,,
video,res-video-india-hindi-maternal-sepsis-intro,india-hindi_maternal-sepsis_intro,भूमिका,2db307f521254fdea3dd79016fa85f3a,37e1a238080e4f31adc9e10cb155894e,,india,translated,System,49bc07fa-9ad4-816c-17db-e693a28dd40f,,,
video,res-video-india-hindi-maternal-sepsis-how-to-diagnose-definitions,india-hindi_maternal-sepsis_how-to-diagnose-definitions,कैसे निदान करें,e1864041732541c5a7aa15b6eb5b5317,fe1b3d5f8d2c45d3ad87118da8cb0c95,,india,translated,System,49bc07fa-9ad4-816c-17db-e693a28dd40f,,,
video,res-video-india-hindi-maternal-sepsis-how-to-manage,india-hindi_maternal-sepsis_how-to-manage,कैसे प्रबंधन करें,ef0279f0bdbf4e3b85c46a1ef88a8170,ed839dc2b4514b118a38eff140e21b57,,india,translated,System,49bc07fa-9ad4-816c-17db-e693a28dd40f,,,
video,res-video-india-hindi-maternal-sepsis-following-management,india-hindi_maternal-sepsis_following-management,फॉलो-अप देखभाल और प्रबंधन,b07c7847b4ad4bd5ad8ca12c39406a98,5899aa78fdba4b01b16f5693f68fb27c,,india,translated,System,49bc07fa-9ad4-816c-17db-e693a28dd40f,,,
video,res-video-india-hindi-maternal-sepsis-origin-of-infection,india-hindi_maternal-sepsis_origin-of-infection,संक्रमण का स्रोत,054db94044e4449bab0d1e7fb11f8b01,b3bd7516571d41f1946effe472bbd3a2,,india,translated,System,49bc07fa-9ad4-816c-17db-e693a28dd40f,,,
video,res-video-india-hindi-maternal-sepsis-hiv,india-hindi_maternal-sepsis_hiv,एचआईवी,4eeafde43ba647e2b58a44688dcd4468,e14f3cefe8db42308ec8fdda44988ac7,,india,translated,System,49bc07fa-9ad4-816c-17db-e693a28dd40f,,,
action-card,res-action-card-maternal-sepsis-definitions,Maternal Sepsis Definitions,सेप्सिस का निदान ,d7f03696286b4f848e1e1b6d8c9b0cfa,ed32befefdf14da49c66a14cfbe1eb6f,,india,translated,neelam@maternity.dk,49bc07fa-9ad4-816c-17db-e693a28dd40f,,,
action-card,res-action-card-maternal-sepsis-definitions,Maternal Sepsis Definitions,सेप्सिस का निदान ,d7f03696286b4f848e1e1b6d8c9b0cfa,ad3ce5df315348a78cea5e5a2dd33a1f,,india,translated,neelam@maternity.dk,49bc07fa-9ad4-816c-17db-e693a28dd40f,,,
action-card,res-action-card-maternal-sepsis-emergency-management,Maternal Sepsis Emergency Management,आपातकालीन  प्रबंधन ,eed407442e4a4ceda441f798008e217b,7f78ea5cc8864de7b0600fea15f39e85,,india,translated,neelam@maternity.dk,49bc07fa-9ad4-816c-17db-e693a28dd40f,,,
action-card,res-action-card-maternal-sepsis-emergency-management,Maternal Sepsis Emergency Management,आपातकालीन  प्रबंधन ,eed407442e4a4ceda441f798008e217b,38d7f49a31f44ab985e8d2febc4d3a69,,india,translated,neelam@maternity.dk,49bc07fa-9ad4-816c-17db-e693a28dd40f,,,
action-card,res-action-card-emergency-referral-maternal-sepsis,Emergency Referral - Maternal Sepsis,आपातकालीन रेफ़रल – मैटरनल सेप्सिस,ec44c40055544f179b1cebe6e2c50b7a,2d25aa9868dc4ea0acd02fdc83c6f68b,,india,translated,neelam@maternity.dk,49bc07fa-9ad4-816c-17db-e693a28dd40f,,,
action-card,res-action-card-emergency-referral-maternal-sepsis,Emergency Referral - Maternal Sepsis,आपातकालीन रेफ़रल – मैटरनल सेप्सिस,ec44c40055544f179b1cebe6e2c50b7a,5b6e218af2ce42ca97a5bc310eba6271,,india,translated,neelam@maternity.dk,49bc07fa-9ad4-816c-17db-e693a28dd40f,,,
procedure,res-procedure-urine-catheter,Urine catheter,यूरिनरी कैथेटराइज़ेशन,3dca3cfb618a44a8a1017018ef645aed,5aed59d6d78e4f13bcfe9b9276f1d0d9,,india,translated,neelam@maternity.dk,49bc07fa-9ad4-816c-17db-e693a28dd40f,,,
procedure,res-procedure-urine-catheter,Urine catheter,यूरिनरी कैथेटराइज़ेशन,3dca3cfb618a44a8a1017018ef645aed,779211613d834a71a8d228c6663253b3,,india,translated,neelam@maternity.dk,49bc07fa-9ad4-816c-17db-e693a28dd40f,,,
procedure,res-procedure-intravenous-access-adult-ind,Intravenous access – Adult (IND),इंट्रावेनस एक्सेस – एडल्ट,77a1439df2a44f0daea817ea7fcfdc52,6d7c680e7c3740bbb1ace8831ca397ca,,india,translated,neelam@maternity.dk,49bc07fa-9ad4-816c-17db-e693a28dd40f,,,
procedure,res-procedure-intravenous-access-adult-ind,Intravenous access – Adult (IND),इंट्रावेनस एक्सेस – एडल्ट,77a1439df2a44f0daea817ea7fcfdc52,09eaf5ec38804332b7daab7bebe20cdc,,india,translated,neelam@maternity.dk,49bc07fa-9ad4-816c-17db-e693a28dd40f,,,
drug,res-drug-ampicillin,Ampicillin,एम्पिसिलिन,27ae5cab4cf84b188c3888857cc9450c,09cd0728070949c98642354070e377ef,,india,translated,neelam@maternity.dk,49bc07fa-9ad4-816c-17db-e693a28dd40f,,,
drug,res-drug-ampicillin,Ampicillin,एम्पिसिलिन,27ae5cab4cf84b188c3888857cc9450c,afe0f33987614dd4900fb3ca81fd191a,,india,translated,neelam@maternity.dk,49bc07fa-9ad4-816c-17db-e693a28dd40f,,,
drug,res-drug-artesunate,Artesunate,आर्टीसुनेट,27ae5cab4cf84b188c3888857cc9450c,a8db46e793f349588a779de6e6704737,,india,translated,neelam@maternity.dk,49bc07fa-9ad4-816c-17db-e693a28dd40f,,,
drug,res-drug-artesunate,Artesunate,आर्टीसुनेट,27ae5cab4cf84b188c3888857cc9450c,499bec32d82b4f0eb99002be2f3e5ddd,,india,translated,neelam@maternity.dk,49bc07fa-9ad4-816c-17db-e693a28dd40f,,,
drug,res-drug-chloramphenicol,Chloramphenicol,क्लोरेमफेनिकाॅल,27ae5cab4cf84b188c3888857cc9450c,247d39440c2140c8abc33ad969a4b73e,,india,translated,neelam@maternity.dk,49bc07fa-9ad4-816c-17db-e693a28dd40f,,,
drug,res-drug-chloramphenicol,Chloramphenicol,क्लोरेमफेनिकाॅल,27ae5cab4cf84b188c3888857cc9450c,387a04ad0f3d4dc09c72cf09e4153c10,,india,translated,neelam@maternity.dk,49bc07fa-9ad4-816c-17db-e693a28dd40f,,,
drug,res-drug-dexamethasone,Dexamethasone,डेक्सामेथासोन   ,27ae5cab4cf84b188c3888857cc9450c,8188841e7dc148419ab08d9d8ffffe50,,india,translated,neelam@maternity.dk,49bc07fa-9ad4-816c-17db-e693a28dd40f,,,
drug,res-drug-dexamethasone,Dexamethasone,डेक्सामेथासोन   ,27ae5cab4cf84b188c3888857cc9450c,ea17e357c2dd4525a0f2e30fd985d748,,india,translated,neelam@maternity.dk,49bc07fa-9ad4-816c-17db-e693a28dd40f,,,
drug,res-drug-dicloxacillin,Dicloxacillin,डिक्लोक्सासिलिन,27ae5cab4cf84b188c3888857cc9450c,1095f68666204c49bf6137c011a3a02d,,india,translated,neelam@maternity.dk,49bc07fa-9ad4-816c-17db-e693a28dd40f,,,
drug,res-drug-dicloxacillin,Dicloxacillin,डिक्लोक्सासिलिन,27ae5cab4cf84b188c3888857cc9450c,e9bd50ee59464afa958b5df350a33329,,india,translated,neelam@maternity.dk,49bc07fa-9ad4-816c-17db-e693a28dd40f,,,
drug,res-drug-gentamicin,Gentamicin,जेंटामाइसिन,27ae5cab4cf84b188c3888857cc9450c,c2b3593d76bc42a8b41784559bc0e001,,india,translated,neelam@maternity.dk,49bc07fa-9ad4-816c-17db-e693a28dd40f,,,
drug,res-drug-gentamicin,Gentamicin,जेंटामाइसिन,27ae5cab4cf84b188c3888857cc9450c,52143ee41e9f403eb15179265b0a6235,,india,translated,neelam@maternity.dk,49bc07fa-9ad4-816c-17db-e693a28dd40f,,,
drug,res-drug-metronidazole,Metronidazole,मेट्रोनिडाज़ोल ,27ae5cab4cf84b188c3888857cc9450c,7c425040673c4716be6469602639d039,,india,translated,neelam@maternity.dk,49bc07fa-9ad4-816c-17db-e693a28dd40f,,,
drug,res-drug-metronidazole,Metronidazole,मेट्रोनिडाज़ोल ,27ae5cab4cf84b188c3888857cc9450c,9679db1f58594c59ac78b805203722e6,,india,translated,neelam@maternity.dk,49bc07fa-9ad4-816c-17db-e693a28dd40f,,,
drug,res-drug-penicillin-g-benzylpenicillin,Penicillin G (Benzylpenicillin),पेनिसिलिन जी (बेंजाइलपेंसिलीन),27ae5cab4cf84b188c3888857cc9450c,ba056442c9ec4e648c93296d3b3cf19b,,india,translated,neelam@maternity.dk,49bc07fa-9ad4-816c-17db-e693a28dd40f,,,
drug,res-drug-penicillin-g-benzylpenicillin,Penicillin G (Benzylpenicillin),पेनिसिलिन जी (बेंजाइलपेंसिलीन),27ae5cab4cf84b188c3888857cc9450c,a5afe213858f4ebb9b4bd51c0152987b,,india,translated,neelam@maternity.dk,49bc07fa-9ad4-816c-17db-e693a28dd40f,,,
drug,res-drug-quinine,Quinine,क्विनिन ,27ae5cab4cf84b188c3888857cc9450c,e2b6255861fe467d9e4a5560c2d112ac,,india,translated,neelam@maternity.dk,49bc07fa-9ad4-816c-17db-e693a28dd40f,,,
drug,res-drug-quinine,Quinine,क्विनिन ,27ae5cab4cf84b188c3888857cc9450c,0e5546a98df0427e91320daf7f1036ce,,india,translated,neelam@maternity.dk,49bc07fa-9ad4-816c-17db-e693a28dd40f,,,
drug,res-drug-ceftriaxone,Ceftriaxone,सेफ़ट्राइक्सोन ,27ae5cab4cf84b188c3888857cc9450c,99092975c25d4a2ab295c100816efe34,,india,translated,neelam@maternity.dk,49bc07fa-9ad4-816c-17db-e693a28dd40f,,,
drug,res-drug-ceftriaxone,Ceftriaxone,सेफ़ट्राइक्सोन ,27ae5cab4cf84b188c3888857cc9450c,e2df512e23c54ad39d0c33f236a3deae,,india,translated,neelam@maternity.dk,49bc07fa-9ad4-816c-17db-e693a28dd40f,,,
video,res-video-india-hindi-neonatal-resuscitation-intro,india-hindi_neonatal-resuscitation_intro,भूमिका,bc9e035786064c4ab230100b91491ece,a4b58f7abf2249268328f84a9ccbae01,,india,translated,System,49bc07fa-9ad4-816c-17db-e693a28dd40f,,,
video,res-video-india-hindi-neonatal-resuscitation-assess-the-newborn,india-hindi_neonatal-resuscitation_assess-the-newborn,नवजात का  आकलन,84295ac69c564fff9b77fd6de55623aa,6490d7f7c79241e380d531de0b88d252,,india,translated,System,49bc07fa-9ad4-816c-17db-e693a28dd40f,,,
video,res-video-india-hindi-neonatal-resuscitation-airway,india-hindi_neonatal-resuscitation_airway,बैग और मास्क वेंटिलेशन,28e0020860f5499ba8f9e5493e147226,6b6c4c6be0b140eda21b833963ddeae8,,india,translated,System,49bc07fa-9ad4-816c-17db-e693a28dd40f,,,
video,res-video-india-hindi-neonatal-resuscitation-when-to-stop-resuscitation,india-hindi_neonatal-resuscitation_when-to-stop-resuscitation,रिससिटेशन कब रोकें,4f895aa0774f4497821926c20d70ba88,b60f9ae5ac1749758898a3191b72b9f9,,india,translated,System,49bc07fa-9ad4-816c-17db-e693a28dd40f,,,
video,res-video-india-hindi-neonatal-resuscitation-monitoring,india-hindi_neonatal-resuscitation_monitoring,निगरानी,c7a5ec74b2be409ab057f06020713178,fcc6f69d81534f798216033c594a3e5e,,india,translated,System,49bc07fa-9ad4-816c-17db-e693a28dd40f,,,
video,res-video-india-hindi-neonatal-resuscitation-referral,india-hindi_neonatal-resuscitation_referral,रेफरल ,079809f73ea540c282d96ce110874426,991906efa359456a8719b4094d82a6fc,,india,translated,System,49bc07fa-9ad4-816c-17db-e693a28dd40f,,,
action-card,res-action-card-algorithm-neonatal-resuscitation,Algorithm: Neonatal Resuscitation,एल्गोरिथ्म - नवजात का रिससिटेशन,b6ede5502ffc4c3ba7ba609021202888,715a673873db43cf800be2f8ce54b819,,india,translated,neelam@maternity.dk,49bc07fa-9ad4-816c-17db-e693a28dd40f,,,
action-card,res-action-card-algorithm-neonatal-resuscitation,Algorithm: Neonatal Resuscitation,एल्गोरिथ्म - नवजात का रिससिटेशन,b6ede5502ffc4c3ba7ba609021202888,d7a279cbde52442e9c8600e575277f80,,india,translated,neelam@maternity.dk,49bc07fa-9ad4-816c-17db-e693a28dd40f,,,
action-card,res-action-card-safe-oxygen-management-new-2025,Safe oxygen management (NEW 2025),सेफ़ ऑक्सीजन  मैनेजमेंट,4a8dea55a9ca4479b2998c16ad214999,4a12286b9ac845dcb949113bbf11744e,,india,translated,neelam@maternity.dk,49bc07fa-9ad4-816c-17db-e693a28dd40f,,,
action-card,res-action-card-safe-oxygen-management-new-2025,Safe oxygen management (NEW 2025),सेफ़ ऑक्सीजन  मैनेजमेंट,4a8dea55a9ca4479b2998c16ad214999,452fbd19f03e45c694a53b92a33c5731,,india,translated,neelam@maternity.dk,49bc07fa-9ad4-816c-17db-e693a28dd40f,,,
action-card,res-action-card-neonatal-referral,Neonatal Referral,नियोनेटल रेफरल,ec44c40055544f179b1cebe6e2c50b7a,ac0344b45b7e463aa01a5d33fd3f80f0,,india,translated,neelam@maternity.dk,49bc07fa-9ad4-816c-17db-e693a28dd40f,,,
action-card,res-action-card-neonatal-referral,Neonatal Referral,नियोनेटल रेफरल,ec44c40055544f179b1cebe6e2c50b7a,172ea118a18a4749aef7889492816c73,,india,translated,neelam@maternity.dk,49bc07fa-9ad4-816c-17db-e693a28dd40f,,,
action-card,res-action-card-ambu-bag-mask-parts-functions,Ambu Bag & Mask: Parts/Functions,एम्बु बैग और मास्क - पार्ट्स और कार्य,d1bcbcb6d96d4926b7291fd7b084f4cc,49432e6c01de4940abf1d564a56b3007,,india,translated,neelam@maternity.dk,49bc07fa-9ad4-816c-17db-e693a28dd40f,,,
action-card,res-action-card-ambu-bag-mask-parts-functions,Ambu Bag & Mask: Parts/Functions,एम्बु बैग और मास्क - पार्ट्स और कार्य,d1bcbcb6d96d4926b7291fd7b084f4cc,ed2d6317bb934fb384f7ea95f6665ad1,,india,translated,neelam@maternity.dk,49bc07fa-9ad4-816c-17db-e693a28dd40f,,,
drug,res-drug-adrenaline,Adrenaline,एपिनेफ्रिन /एड्रेनालिन,2276da5d43864c24bfbcd82fa5bfa61b,4ae755771e7846eb9562e2c2ab2e3742,,india,translated,neelam@maternity.dk,49bc07fa-9ad4-816c-17db-e693a28dd40f,,,
drug,res-drug-adrenaline,Adrenaline,एपिनेफ्रिन /एड्रेनालिन,2276da5d43864c24bfbcd82fa5bfa61b,0bb5d713a0e44b0287d828d4316db5c8,,india,translated,neelam@maternity.dk,49bc07fa-9ad4-816c-17db-e693a28dd40f,,,
video,res-video-india-hindi-care-of-the-sick-newborn-intro,india-hindi_care-of-the-sick-newborn_intro, भूमिका,89e5fb75196943a58cdf81806b9a4736,193e7b7727b54957ad10d995d1846a49,,india,translated,System,49bc07fa-9ad4-816c-17db-e693a28dd40f,,,
video,res-video-india-hindi-care-of-the-sick-newborn-emergency-signs,india-hindi_care-of-the-sick-newborn_emergency-signs,आपातकालीन लक्षण,ecc957f3d744415d87ad718829cb5744,6afcdbb3a8034ba2b6ec427ddd8a2026,,india,translated,System,49bc07fa-9ad4-816c-17db-e693a28dd40f,,,
video,res-video-india-hindi-care-of-the-sick-newborn-management-of-emergency-signs,india-hindi_care-of-the-sick-newborn_management-of-emergency-signs,आपातकालीन लक्षणों का प्रबंधन,d9f9adde2b28415dab678299c0f0cdcd,d42574a62cd9485c9939cec91924a181,,india,translated,System,49bc07fa-9ad4-816c-17db-e693a28dd40f,,,
video,res-video-india-hindi-care-of-the-sick-newborn-referral,india-hindi_care-of-the-sick-newborn_referral,रेफरल,34fae74ef39c48e39065bbef1cd4e091,116260bd9cc74642a821717b714d6c15,,india,translated,System,49bc07fa-9ad4-816c-17db-e693a28dd40f,,,
action-card,res-action-card-advance-neonatal-resuscitation,Advance Neonatal Resuscitation,एडवांस नियोनेटल रिससिटेशन,cabe6727f8104eca8ab5224a9c53a5b1,de02f7aa95804df3bb844c239a20dfdd,,india,translated,sonel@afidigitalservices.com,49bc07fa-9ad4-816c-17db-e693a28dd40f,,,
action-card,res-action-card-advance-neonatal-resuscitation,Advance Neonatal Resuscitation,एडवांस नियोनेटल रिससिटेशन,cabe6727f8104eca8ab5224a9c53a5b1,a941c41835004aea83574ad61da539b7,,india,translated,sonel@afidigitalservices.com,49bc07fa-9ad4-816c-17db-e693a28dd40f,,,
action-card,res-action-card-nbsu-admission-criteria,NBSU Admission Criteria,एनबीएसयू एडमिशन क्राइटेरिया,d1c26c439ea848eb80eef2abb3cd2f4d,571066f4d4cf4381812695c80a26c170,,india,translated,neelam@maternity.dk,49bc07fa-9ad4-816c-17db-e693a28dd40f,,,
action-card,res-action-card-nbsu-admission-criteria,NBSU Admission Criteria,एनबीएसयू एडमिशन क्राइटेरिया,d1c26c439ea848eb80eef2abb3cd2f4d,eb2410f31e3442e3bd013d03441ac7cc,,india,translated,neelam@maternity.dk,49bc07fa-9ad4-816c-17db-e693a28dd40f,,,
action-card,res-action-card-criteria-for-discharge-from-nbsu,Criteria for discharge from NBSU,एनबीएसयू से डिस्चार्ज का क्राइटेरिया,c1e167f087b44511a775c699980956e9,2193f807854e42c38cf79a16b31d2901,,india,translated,neelam@maternity.dk,49bc07fa-9ad4-816c-17db-e693a28dd40f,,,
action-card,res-action-card-criteria-for-discharge-from-nbsu,Criteria for discharge from NBSU,एनबीएसयू से डिस्चार्ज का क्राइटेरिया,c1e167f087b44511a775c699980956e9,79d95151a85d49298ee1e67f11e09342,,india,translated,neelam@maternity.dk,49bc07fa-9ad4-816c-17db-e693a28dd40f,,,
action-card,res-action-card-safe-oxygen-management-new-2025,Safe oxygen management (NEW 2025),सेफ़ ऑक्सीजन  मैनेजमेंट,4a8dea55a9ca4479b2998c16ad214999,dddb130045854cefa01114c10b85be92,,india,translated,neelam@maternity.dk,49bc07fa-9ad4-816c-17db-e693a28dd40f,,,
action-card,res-action-card-safe-oxygen-management-new-2025,Safe oxygen management (NEW 2025),सेफ़ ऑक्सीजन  मैनेजमेंट,4a8dea55a9ca4479b2998c16ad214999,c2564efe807e49728714c3823b2c9dd5,,india,translated,neelam@maternity.dk,49bc07fa-9ad4-816c-17db-e693a28dd40f,,,
action-card,res-action-card-emergency-referral-for-newborn,Emergency Referral for Newborn,नियोनेटल ट्रांसपोर्ट,ec44c40055544f179b1cebe6e2c50b7a,22e3b5b2bda54bcabaec51bae1c89560,,india,translated,sonel@afidigitalservices.com,49bc07fa-9ad4-816c-17db-e693a28dd40f,,,
action-card,res-action-card-emergency-referral-for-newborn,Emergency Referral for Newborn,नियोनेटल ट्रांसपोर्ट,ec44c40055544f179b1cebe6e2c50b7a,3ae69e6d051d4a069e29be18cadbe72b,,india,translated,sonel@afidigitalservices.com,49bc07fa-9ad4-816c-17db-e693a28dd40f,,,
procedure,res-procedure-breastfeeding,Breastfeeding,स्तनपान  ,36bfde9b1bad4b5d9d0420ea405f928d,3bfc1ba0a6a343dc99a88014d6a55616,,india,translated,tarun@maternity.dk,49bc07fa-9ad4-816c-17db-e693a28dd40f,,,
procedure,res-procedure-breastfeeding,Breastfeeding,स्तनपान  ,36bfde9b1bad4b5d9d0420ea405f928d,6127457dee0842c2af9409121488703d,,india,translated,tarun@maternity.dk,49bc07fa-9ad4-816c-17db-e693a28dd40f,,,
procedure,res-procedure-disinfection-of-newborn-care-unit,Disinfection of Newborn Care Unit,नवजात शिशु देखभाल इकाई का डिसइंफेक्शन,a2b75ac7421140ee941bafbb30a36bb3,d98f0d552b42485187651190bd31631b,,india,translated,neelam@maternity.dk,49bc07fa-9ad4-816c-17db-e693a28dd40f,,,
procedure,res-procedure-disinfection-of-newborn-care-unit,Disinfection of Newborn Care Unit,नवजात शिशु देखभाल इकाई का डिसइंफेक्शन,a2b75ac7421140ee941bafbb30a36bb3,acdcc636b95546e2a81165ed43918f3f,,india,translated,neelam@maternity.dk,49bc07fa-9ad4-816c-17db-e693a28dd40f,,,
procedure,res-procedure-fr-intravenous-access-equipment,FR Intravenous access equipment,इंट्रावेनस एक्सेस – नवजात शिशु ,efb1dd93d061498ca4ac3852e86fef5a,eb0b13d703294bea98073b283409a14b,,india,translated,neelam@maternity.dk,49bc07fa-9ad4-816c-17db-e693a28dd40f,,,
procedure,res-procedure-fr-intravenous-access-equipment,FR Intravenous access equipment,इंट्रावेनस एक्सेस – नवजात शिशु ,efb1dd93d061498ca4ac3852e86fef5a,ebc8f5dc0533475d9e92a074e70cb218,,india,translated,neelam@maternity.dk,49bc07fa-9ad4-816c-17db-e693a28dd40f,,,
drug,res-drug-ampicillin,Ampicillin,एम्पिसिलिन,ab923f137ebf4f308271b89539d3e27b,8ec82a8224ed424b9dbb23cb993a0f6c,,india,translated,neelam@maternity.dk,49bc07fa-9ad4-816c-17db-e693a28dd40f,,,
drug,res-drug-ampicillin,Ampicillin,एम्पिसिलिन,ab923f137ebf4f308271b89539d3e27b,8dd8edb0c4864ce09b5fafea985cf873,,india,translated,neelam@maternity.dk,49bc07fa-9ad4-816c-17db-e693a28dd40f,,,
drug,res-drug-amoxicillin,Amoxicillin,एमोक्सीसिलीन,ab923f137ebf4f308271b89539d3e27b,66087a00967a4f89bc98a98a350c7410,,india,translated,neelam@maternity.dk,49bc07fa-9ad4-816c-17db-e693a28dd40f,,,
drug,res-drug-amoxicillin,Amoxicillin,एमोक्सीसिलीन,ab923f137ebf4f308271b89539d3e27b,9022d62fe62847fdaed3106a69fb8b7b,,india,translated,neelam@maternity.dk,49bc07fa-9ad4-816c-17db-e693a28dd40f,,,
drug,res-drug-amikacin,Amikacin,एमिकासिन,ab923f137ebf4f308271b89539d3e27b,be98a8c9096f49558c2036fbb51beb09,,india,translated,neelam@maternity.dk,49bc07fa-9ad4-816c-17db-e693a28dd40f,,,
drug,res-drug-amikacin,Amikacin,एमिकासिन,ab923f137ebf4f308271b89539d3e27b,4070585c0b474581916b224e4d74cd9b,,india,translated,neelam@maternity.dk,49bc07fa-9ad4-816c-17db-e693a28dd40f,,,
drug,res-drug-cefotaxime,Cefotaxime,सेफोटैक्सिम,ab923f137ebf4f308271b89539d3e27b,b449d01edf524e1c96d207ab179e3a2e,,india,translated,neelam@maternity.dk,49bc07fa-9ad4-816c-17db-e693a28dd40f,,,
drug,res-drug-cefotaxime,Cefotaxime,सेफोटैक्सिम,ab923f137ebf4f308271b89539d3e27b,d24b62675d734c36830a561316519db7,,india,translated,neelam@maternity.dk,49bc07fa-9ad4-816c-17db-e693a28dd40f,,,
drug,res-drug-cloxacillin,Cloxacillin,क्लॉक्सासिलिन,ab923f137ebf4f308271b89539d3e27b,3f073208bc22431fa6df5adbb44ae302,,india,translated,neelam@maternity.dk,49bc07fa-9ad4-816c-17db-e693a28dd40f,,,
drug,res-drug-cloxacillin,Cloxacillin,क्लॉक्सासिलिन,ab923f137ebf4f308271b89539d3e27b,ede1e855e83744c38fe6492e576ee9f6,,india,translated,neelam@maternity.dk,49bc07fa-9ad4-816c-17db-e693a28dd40f,,,
drug,res-drug-adrenaline,Adrenaline,एपिनेफ्रिन /एड्रेनालिन,ab923f137ebf4f308271b89539d3e27b,d4340fd0f6984e6393d7d6c63f429e5b,,india,translated,neelam@maternity.dk,49bc07fa-9ad4-816c-17db-e693a28dd40f,,,
drug,res-drug-adrenaline,Adrenaline,एपिनेफ्रिन /एड्रेनालिन,ab923f137ebf4f308271b89539d3e27b,27d0ba53ca8147fbb3c4d9da78a97091,,india,translated,neelam@maternity.dk,49bc07fa-9ad4-816c-17db-e693a28dd40f,,,
drug,res-drug-gentamicin,Gentamicin,जेंटामाइसिन,ab923f137ebf4f308271b89539d3e27b,ac5df4e3f4ae4e9b89ab08e7e3e05cdb,,india,translated,neelam@maternity.dk,49bc07fa-9ad4-816c-17db-e693a28dd40f,,,
drug,res-drug-gentamicin,Gentamicin,जेंटामाइसिन,ab923f137ebf4f308271b89539d3e27b,97eab485743d4f46b7eea9fd321c9817,,india,translated,neelam@maternity.dk,49bc07fa-9ad4-816c-17db-e693a28dd40f,,,
drug,res-drug-phenobarbital,Phenobarbital,फ़ीनोबार्बिटोन,ab923f137ebf4f308271b89539d3e27b,af5118792d5144a9a986f9b0fb2e34b9,,india,translated,neelam@maternity.dk,49bc07fa-9ad4-816c-17db-e693a28dd40f,,,
drug,res-drug-phenobarbital,Phenobarbital,फ़ीनोबार्बिटोन,ab923f137ebf4f308271b89539d3e27b,7563993827ea471bb86a895d649cc81d,,india,translated,neelam@maternity.dk,49bc07fa-9ad4-816c-17db-e693a28dd40f,,,
drug,res-drug-vitamin-k,Vitamin K,विटामिन K1,ab923f137ebf4f308271b89539d3e27b,e0e56c6fff8f4835bea8c8e884908b64,,india,translated,neelam@maternity.dk,49bc07fa-9ad4-816c-17db-e693a28dd40f,,,
drug,res-drug-vitamin-k,Vitamin K,विटामिन K1,ab923f137ebf4f308271b89539d3e27b,ddd69ba1cb1e47348676d432c14fec69,,india,translated,neelam@maternity.dk,49bc07fa-9ad4-816c-17db-e693a28dd40f,,,
video,res-video-india-hindi-low-birth-weight-intro,india-hindi_low-birth-weight_intro,भूमिका,49b40096c3304d0fbaa1a4dadb0294f7,c9cb79a95b694e82813507fc7ebca645,,india,translated,System,49bc07fa-9ad4-816c-17db-e693a28dd40f,,,
video,res-video-india-hindi-low-birth-weight-initial-care-of-the-low-birth-weight,india-hindi_low-birth-weight_initial-care-of-the-low-birth-weight,लो बर्थ वेट बेबी नवजात की सामान्य देखभाल ,fc2a02003326441ea8d057b1ca539b39,b5ff33bbb77247e4af262c8461b743e0,,india,translated,System,49bc07fa-9ad4-816c-17db-e693a28dd40f,,,
video,res-video-india-hindi-low-birth-weight-kangaroo-mother-care,india-hindi_low-birth-weight_kangaroo-mother-care,कंगारू मदर केयर   ,44d20cbf0fbe42b7b3d10a1eb8cc379f,439cfbbca0434ef483adbdd62b387d6e,,india,translated,System,49bc07fa-9ad4-816c-17db-e693a28dd40f,,,
video,res-video-india-hindi-low-birth-weight-feeding,india-hindi_low-birth-weight_feeding,फीडिंग,abab1d68e4944a669e6d910d4425e0a5,426ed67183334781b844ff374c9d2943,,india,translated,System,49bc07fa-9ad4-816c-17db-e693a28dd40f,,,
video,res-video-india-hindi-low-birth-weight-danger-signs,india-hindi_low-birth-weight_danger-signs,खतरे के लक्षण ,d15f4b57a63b4458b4260a20cbf7dab2,b888181784994b0b97c25d7ebf511f02,,india,translated,System,49bc07fa-9ad4-816c-17db-e693a28dd40f,,,
video,res-video-india-hindi-low-birth-weight-referral,india-hindi_low-birth-weight_referral,रेफरल,0a11cec74ec44972864a01ef0e15c394,95a2003703cd4c47adb1ce0192c1342e,,india,translated,System,49bc07fa-9ad4-816c-17db-e693a28dd40f,,,
video,res-video-india-hindi-low-birth-weight-respectful-care,india-hindi_low-birth-weight_respectful-care,रिस्पेक्टफुल केयर ,073d21ab41924d32a59512819dec1b1e,2499b26bd41d47c2b4fa94d6d143427e,,india,translated,System,49bc07fa-9ad4-816c-17db-e693a28dd40f,,,
action-card,res-action-card-neonatal-jaundice,Neonatal jaundice,निओनेटल जॉन्डिस,b10fa7e786e44e32bbd96099acf4cb96,608b6831097c453dbdf8f81475b34223,,india,translated,neelam@maternity.dk,49bc07fa-9ad4-816c-17db-e693a28dd40f,,,
action-card,res-action-card-neonatal-jaundice,Neonatal jaundice,निओनेटल जॉन्डिस,b10fa7e786e44e32bbd96099acf4cb96,8ec1172dd93e4e148ec321ec2aed61ea,,india,translated,neelam@maternity.dk,49bc07fa-9ad4-816c-17db-e693a28dd40f,,,
action-card,res-action-card-feeding-and-fluid-therapy,Feeding and Fluid Therapy,फीडिंग एंड फ्लूइड थेरेपी ,87daa2dd05dc4c99a20b3f2bb721aec0,40c29143702345508281ce4b91f6e1c8,,india,translated,neelam@maternity.dk,49bc07fa-9ad4-816c-17db-e693a28dd40f,,,
action-card,res-action-card-feeding-and-fluid-therapy,Feeding and Fluid Therapy,फीडिंग एंड फ्लूइड थेरेपी ,87daa2dd05dc4c99a20b3f2bb721aec0,c146d83dc75c4631ba8e75707e4c02ad,,india,translated,neelam@maternity.dk,49bc07fa-9ad4-816c-17db-e693a28dd40f,,,
action-card,res-action-card-antibiotic-management-ind,Antibiotic Management (IND),एंटीबायोटिक मैनेजमेंट,9030abaa644f411d962d5f6a60e34709,7e6ec97942e04ffba3e5dadc0a29c1e4,,india,translated,sonel@afidigitalservices.com,49bc07fa-9ad4-816c-17db-e693a28dd40f,,,
action-card,res-action-card-antibiotic-management-ind,Antibiotic Management (IND),एंटीबायोटिक मैनेजमेंट,9030abaa644f411d962d5f6a60e34709,7f7162752aa2433db2c2aa1d43b41cc6,,india,translated,sonel@afidigitalservices.com,49bc07fa-9ad4-816c-17db-e693a28dd40f,,,
action-card,res-action-card-neonatal-hypoglycemia,Neonatal hypoglycemia,नवजात हाइपोग्लाइसीमिया,1856c96ec213459ba860ef29f7e7ff49,98ccd2c455f946658bd903b3b8714c14,,india,translated,neelam@maternity.dk,49bc07fa-9ad4-816c-17db-e693a28dd40f,,,
action-card,res-action-card-neonatal-hypoglycemia,Neonatal hypoglycemia,नवजात हाइपोग्लाइसीमिया,1856c96ec213459ba860ef29f7e7ff49,1861affec5aa44adabf8d2553f01aecb,,india,translated,neelam@maternity.dk,49bc07fa-9ad4-816c-17db-e693a28dd40f,,,
action-card,res-action-card-safe-oxygen-management-new-2025,Safe oxygen management (NEW 2025),सेफ़ ऑक्सीजन  मैनेजमेंट,4a8dea55a9ca4479b2998c16ad214999,3048739806e2428d90af1b7ec00b9dba,,india,translated,neelam@maternity.dk,49bc07fa-9ad4-816c-17db-e693a28dd40f,,,
action-card,res-action-card-safe-oxygen-management-new-2025,Safe oxygen management (NEW 2025),सेफ़ ऑक्सीजन  मैनेजमेंट,4a8dea55a9ca4479b2998c16ad214999,87a0baef081d4eeab73c73ab759ddfd4,,india,translated,neelam@maternity.dk,49bc07fa-9ad4-816c-17db-e693a28dd40f,,,
action-card,res-action-card-nutritional-supplements-for-lbw-babies,Nutritional supplements for LBW babies,लो- बर्थ वेट वाले शिशुओं के लिए पोषण संबंधी सप्लीमेंट्स,87daa2dd05dc4c99a20b3f2bb721aec0,97e5a9684d69468ea9832e57f01de8a4,,india,translated,neelam@maternity.dk,49bc07fa-9ad4-816c-17db-e693a28dd40f,,,
action-card,res-action-card-nutritional-supplements-for-lbw-babies,Nutritional supplements for LBW babies,लो- बर्थ वेट वाले शिशुओं के लिए पोषण संबंधी सप्लीमेंट्स,87daa2dd05dc4c99a20b3f2bb721aec0,97a872e5a1b94e21ae34b5b09d481d64,,india,translated,neelam@maternity.dk,49bc07fa-9ad4-816c-17db-e693a28dd40f,,,
action-card,res-action-card-emergency-referral-for-newborn,Emergency Referral for Newborn,नियोनेटल ट्रांसपोर्ट,ec44c40055544f179b1cebe6e2c50b7a,5541708824954c3d823bdd71f33ab982,,india,translated,sonel@afidigitalservices.com,49bc07fa-9ad4-816c-17db-e693a28dd40f,,,
action-card,res-action-card-emergency-referral-for-newborn,Emergency Referral for Newborn,नियोनेटल ट्रांसपोर्ट,ec44c40055544f179b1cebe6e2c50b7a,4325b1ee314c429caff1d618ba69c625,,india,translated,sonel@afidigitalservices.com,49bc07fa-9ad4-816c-17db-e693a28dd40f,,,
procedure,res-procedure-fr-intravenous-access-equipment,FR Intravenous access equipment,इंट्रावेनस एक्सेस – नवजात शिशु ,efb1dd93d061498ca4ac3852e86fef5a,32c053629776423c878861e5e8166cbe,,india,translated,neelam@maternity.dk,49bc07fa-9ad4-816c-17db-e693a28dd40f,,,
procedure,res-procedure-fr-intravenous-access-equipment,FR Intravenous access equipment,इंट्रावेनस एक्सेस – नवजात शिशु ,efb1dd93d061498ca4ac3852e86fef5a,f6a2bf6a3bd749048587e81f5bdb6d05,,india,translated,neelam@maternity.dk,49bc07fa-9ad4-816c-17db-e693a28dd40f,,,
procedure,res-procedure-expression-of-breast-milk-storage-ind,Expression of breast milk & storage (IND),ब्रेस्ट मिल्क का एक्सप्रेशन और स्टोरेज,9d3c6b4e144540af92f0962736c102c2,110556011ef24ff09c9e305fbf49f140,,india,translated,sonel@afidigitalservices.com,49bc07fa-9ad4-816c-17db-e693a28dd40f,,,
procedure,res-procedure-expression-of-breast-milk-storage-ind,Expression of breast milk & storage (IND),ब्रेस्ट मिल्क का एक्सप्रेशन और स्टोरेज,9d3c6b4e144540af92f0962736c102c2,0008e00be9ae45f099434fe446b1934f,,india,translated,sonel@afidigitalservices.com,49bc07fa-9ad4-816c-17db-e693a28dd40f,,,
procedure,res-procedure-breastfeeding,Breastfeeding,स्तनपान  ,36bfde9b1bad4b5d9d0420ea405f928d,432d4bfd711b49ad91bd34ee1795e9a2,,india,translated,tarun@maternity.dk,49bc07fa-9ad4-816c-17db-e693a28dd40f,,,
procedure,res-procedure-breastfeeding,Breastfeeding,स्तनपान  ,36bfde9b1bad4b5d9d0420ea405f928d,9a77ef5678544fbb866c373cc8700c58,,india,translated,tarun@maternity.dk,49bc07fa-9ad4-816c-17db-e693a28dd40f,,,
procedure,res-procedure-naso-and-orogastric-tube,Naso- and Orogastric Tube,नेसो और ओरोगैस्ट्रिक ट्यूब ,c47ea3c7ef634654abcb9b123c1611e4,ebd45e716e5e416c830ff3a0ee2b5f6f,,india,translated,neelam@maternity.dk,49bc07fa-9ad4-816c-17db-e693a28dd40f,,,
procedure,res-procedure-naso-and-orogastric-tube,Naso- and Orogastric Tube,नेसो और ओरोगैस्ट्रिक ट्यूब ,c47ea3c7ef634654abcb9b123c1611e4,251271fe6b86403d81fe1d4d48f5fc5d,,india,translated,neelam@maternity.dk,49bc07fa-9ad4-816c-17db-e693a28dd40f,,,
procedure,res-procedure-kangaroo-mother-care,Kangaroo Mother Care,कंगारू मदर केयर  ,c1f8f05f9fe240ed88128a45c5c8d3ec,3edaeb5c34b543e189b2549eec2c5bc9,,india,translated,neelam@maternity.dk,49bc07fa-9ad4-816c-17db-e693a28dd40f,,,
procedure,res-procedure-kangaroo-mother-care,Kangaroo Mother Care,कंगारू मदर केयर  ,c1f8f05f9fe240ed88128a45c5c8d3ec,9f0092bb5c6e45fab810727c9c8311fc,,india,translated,neelam@maternity.dk,49bc07fa-9ad4-816c-17db-e693a28dd40f,,,
drug,res-drug-amikacin,Amikacin,एमिकासिन,c1f8f05f9fe240ed88128a45c5c8d3ec,e679232f940146a69856982056d4c2d3,,india,translated,neelam@maternity.dk,49bc07fa-9ad4-816c-17db-e693a28dd40f,,,
drug,res-drug-amikacin,Amikacin,एमिकासिन,c1f8f05f9fe240ed88128a45c5c8d3ec,c57b79161c53413ebb16e80ccdef0455,,india,translated,neelam@maternity.dk,49bc07fa-9ad4-816c-17db-e693a28dd40f,,,
drug,res-drug-ampicillin,Ampicillin,एम्पिसिलिन,c1f8f05f9fe240ed88128a45c5c8d3ec,33561d65be4f4934a31fc96439d54843,,india,translated,neelam@maternity.dk,49bc07fa-9ad4-816c-17db-e693a28dd40f,,,
drug,res-drug-ampicillin,Ampicillin,एम्पिसिलिन,c1f8f05f9fe240ed88128a45c5c8d3ec,0a4a48efd4f343d5936f404aed79d4db,,india,translated,neelam@maternity.dk,49bc07fa-9ad4-816c-17db-e693a28dd40f,,,
drug,res-drug-amoxicillin,Amoxicillin,एमोक्सीसिलीन,c1f8f05f9fe240ed88128a45c5c8d3ec,c1bd5998ef8f44a9b0a2c8c209374f2d,,india,translated,neelam@maternity.dk,49bc07fa-9ad4-816c-17db-e693a28dd40f,,,
drug,res-drug-amoxicillin,Amoxicillin,एमोक्सीसिलीन,c1f8f05f9fe240ed88128a45c5c8d3ec,dc124d8a494f44bdbb0d6a8938d59ead,,india,translated,neelam@maternity.dk,49bc07fa-9ad4-816c-17db-e693a28dd40f,,,
drug,res-drug-cefotaxime,Cefotaxime,सेफोटैक्सिम,c1f8f05f9fe240ed88128a45c5c8d3ec,a6ba9b95a5404695a785df6eb120663e,,india,translated,neelam@maternity.dk,49bc07fa-9ad4-816c-17db-e693a28dd40f,,,
drug,res-drug-cefotaxime,Cefotaxime,सेफोटैक्सिम,c1f8f05f9fe240ed88128a45c5c8d3ec,84283d0174664794af30ea3c7ed6305e,,india,translated,neelam@maternity.dk,49bc07fa-9ad4-816c-17db-e693a28dd40f,,,
drug,res-drug-cloxacillin,Cloxacillin,क्लॉक्सासिलिन,c1f8f05f9fe240ed88128a45c5c8d3ec,26dbdd2ee63a44478555d157d27f59f6,,india,translated,neelam@maternity.dk,49bc07fa-9ad4-816c-17db-e693a28dd40f,,,
drug,res-drug-cloxacillin,Cloxacillin,क्लॉक्सासिलिन,c1f8f05f9fe240ed88128a45c5c8d3ec,8c662d74cc65461db5b73448126e1a9e,,india,translated,neelam@maternity.dk,49bc07fa-9ad4-816c-17db-e693a28dd40f,,,
drug,res-drug-adrenaline,Adrenaline,एपिनेफ्रिन /एड्रेनालिन,c1f8f05f9fe240ed88128a45c5c8d3ec,85705716d23b4a00ac4e579157b5e39c,,india,translated,neelam@maternity.dk,49bc07fa-9ad4-816c-17db-e693a28dd40f,,,
drug,res-drug-adrenaline,Adrenaline,एपिनेफ्रिन /एड्रेनालिन,c1f8f05f9fe240ed88128a45c5c8d3ec,1d5eabcd2fc84c45af4f8cf1a70dec93,,india,translated,neelam@maternity.dk,49bc07fa-9ad4-816c-17db-e693a28dd40f,,,
drug,res-drug-gentamicin,Gentamicin,जेंटामाइसिन,c1f8f05f9fe240ed88128a45c5c8d3ec,1bdb4ca29efd42f8b243a4f2dd4b3225,,india,translated,neelam@maternity.dk,49bc07fa-9ad4-816c-17db-e693a28dd40f,,,
drug,res-drug-gentamicin,Gentamicin,जेंटामाइसिन,c1f8f05f9fe240ed88128a45c5c8d3ec,78dc0b38e7d2431f95d46de8539bc128,,india,translated,neelam@maternity.dk,49bc07fa-9ad4-816c-17db-e693a28dd40f,,,
drug,res-drug-phenobarbital,Phenobarbital,फ़ीनोबार्बिटोन,c1f8f05f9fe240ed88128a45c5c8d3ec,69722fcf26e04e72a909a283de282eb9,,india,translated,neelam@maternity.dk,49bc07fa-9ad4-816c-17db-e693a28dd40f,,,
drug,res-drug-phenobarbital,Phenobarbital,फ़ीनोबार्बिटोन,c1f8f05f9fe240ed88128a45c5c8d3ec,507a525310cc43bfadedab225b316a82,,india,translated,neelam@maternity.dk,49bc07fa-9ad4-816c-17db-e693a28dd40f,,,
drug,res-drug-vitamin-k,Vitamin K,विटामिन K1,c1f8f05f9fe240ed88128a45c5c8d3ec,242ca1cf334743688741af00196c35db,,india,translated,neelam@maternity.dk,49bc07fa-9ad4-816c-17db-e693a28dd40f,,,
drug,res-drug-vitamin-k,Vitamin K,विटामिन K1,c1f8f05f9fe240ed88128a45c5c8d3ec,01a312cb996247fbafb46c1a1a4a59ea,,india,translated,neelam@maternity.dk,49bc07fa-9ad4-816c-17db-e693a28dd40f,,,
