asset_url,asset_id,asset_type
https://sdacms.blob.core.windows.net/content/assets/images/africa/icon/actioncard/newborn_management_pediatric_drugs_and_fluids.png,30204bf4f1e245699b42d07714d9cd1f,icon
https://sdacms.blob.core.windows.net/content/assets/images/africa/richtext/three_mothers_mask.png,5cd220dfdc014d7295b868fd027ef91f,icon
https://sdacms.blob.core.windows.net/content/assets/images/africa/icon/procedure/antibiotic_regimen_for_ASB.png,270cf9fe047d4a57af7494f647ccc835,icon
https://sdacms.blob.core.windows.net/content/assets/images/africa/icon/actioncard/Bio_Medical_waste_management.png,1f87b1a424ef465d8b7b5771737fcf1e,icon
https://sdacms.blob.core.windows.net/content/assets/images/africa/richtext/BMW_table.png,11f7a5d4a2a842eba908fc4db2c48e77,image/png
https://sdacms.blob.core.windows.net/content/assets/images/africa/icon/actioncard/amount_of_handrub.png,d70c7df187354a0da5a44d8722dd7d2e,icon
https://sdacms.blob.core.windows.net/content/assets/images/africa/icon/actioncard/mobile_phone.png,c703da8babe3464c994920ba3b3f5b75,icon
https://sdacms.blob.core.windows.net/content/assets/images/africa/icon/actioncard/post_abortion_care_definitions.png,df0e21b4643949b7b34fe39a14785e36,icon
https://sdacms.blob.core.windows.net/content/assets/images/africa/richtext/AC_tender_uterus.png,94f7a3818cde4d3eb96520a0f44cd7d8,image/png
https://sdacms.blob.core.windows.net/content/assets/images/africa/key learning points/Post abortion care/hard-abdomen.png,cb803690d7384b82afe5fcabcf5cfd7c,image/png
https://sdacms.blob.core.windows.net/content/assets/images/africa/richtext/smelling vaginal discharge.png,88fbb6fa6bb34b3fa7ad742858db5695,image/png
https://sdacms.blob.core.windows.net/content/assets/images/africa/richtext/AC_vaginal_bleeding.png,2d0777dc10b245e995054ff5dd182524,image/png
https://sdacms.blob.core.windows.net/content/assets/images/africa/richtext/AC_signs_of_shock.png,7af8477390e942fba6195df3a621c455,image/png
https://sdacms.blob.core.windows.net/content/assets/images/africa/icon/actioncard/post_abortion_care_emergency_management.png,a83da3013e5842bf9aa87b446e765afd,icon
https://sdacms.blob.core.windows.net/content/assets/images/africa/icon/actioncard/emergency_referral.png,6672d3d65e7840cf86505604fdbbbfcc,icon
https://sdacms.blob.core.windows.net/content/assets/images/africa/key learning points/Manual removal of placenta/ambulance.png,347b8b9c2df344da82f71b76540848d2,image/png
https://sdacms.blob.core.windows.net/content/assets/images/africa/icon/actioncard/post_abortion_care_following_management.png,ed07c62afb49439c805d1e58dac49b7f,icon
https://sdacms.blob.core.windows.net/content/assets/images/africa/richtext/AC_glasgow_coma_scale0001.png,e6b591c68a914bae8880edb5a07cb964,image/png
https://sdacms.blob.core.windows.net/content/assets/images/africa/richtext/AC_glasgow_coma_scale0002.png,ea649919d2614f21912ee6c542ed66df,image/png
https://sdacms.blob.core.windows.net/content/assets/images/africa/richtext/AC_glasgow_coma_scale0003.png,114e5b57f467447bb221a5fe94cbed72,image/png
https://sdacms.blob.core.windows.net/content/assets/images/africa/icon/actioncard/post_abortion_contraceptive_methods.png,2a19c72bbe914196b7aaf4341b0d2be9,icon
https://sdacms.blob.core.windows.net/content/assets/images/africa/richtext/SARCs.png,eacddb3ff9ce48ca8cdf790a1b260542,image/png
https://sdacms.blob.core.windows.net/content/assets/images/africa/richtext/LARCs.png,93b6145d0fe243e184b250fde4813ece,image/png
https://sdacms.blob.core.windows.net/content/assets/images/africa/richtext/Permanent-methods.png,c5e8b5b493ac454ca1d7d943507805a0,image/png
https://sdacms.blob.core.windows.net/content/assets/images/africa/icon/actioncard/India_post_abortion_care.png,f4097ce4778e4594b289035432a9f145,icon
https://sdacms.blob.core.windows.net/content/assets/images/africa/richtext/Post_procedure_care.png,9eb7b01915ca4931a4227f2f4be5e915,image/png
https://sdacms.blob.core.windows.net/content/assets/images/africa/richtext/Follow-up-care.png,15ef6f0c99f345278be400f10701e330,image/png
https://sdacms.blob.core.windows.net/content/assets/images/africa/icon/actioncard/Antenatal_corticosteroid_therapy.png,bf398a2954824d54a710809ffac9524d,icon
https://sdacms.blob.core.windows.net/content/assets/images/africa/richtext/corticosteroid_therapy.png,2f5961a00ce441fe8fbd207f495fb6e4,image/png
https://sdacms.blob.core.windows.net/content/assets/images/africa/icon/actioncard/hypertension_definitions.png,147b3e7cdac147d584fde912e277b4f0,icon
https://sdacms.blob.core.windows.net/content/assets/images/africa/richtext/PE%26E_Action_Plan2_English.png,887e32d5f7fc43f8a7502b6066f25122,icon
https://sdacms.blob.core.windows.net/content/assets/images/africa/richtext/PE&E_Action_Plan1_English.png,b9dd3b391adf4e09b6a6c9495b14442f,image/png
https://sdacms.blob.core.windows.net/content/assets/images/africa/richtext/PE&E_Action_Plan2_English.png,120bf4424d914494888cfc818fdc83af,image/png
https://sdacms.blob.core.windows.net/content/assets/images/africa/icon/actioncard/hypertension_management_eclampsia.png,e28b3f975bf241eea047b0e641068498,icon
https://sdacms.blob.core.windows.net/content/assets/images/africa/richtext/flowchart_English-Prevention-and-Treatment-of-Eclampsia.png,f686eb0256ff4a6984cf3f9f44aff106,image/png
https://sdacms.blob.core.windows.net/content/assets/images/africa/richtext/New_flowchart_English-Prevention-and-Treatment-of-Eclampsia_1.png,d088748d82724469bae088e756129675,image/png
https://sdacms.blob.core.windows.net/content/assets/images/africa/icon/actioncard/hypertension_management_hypertension.png,bba503c4f9f94b4ca23a0694a9f60305,icon
https://sdacms.blob.core.windows.net/content/assets/images/africa/richtext/New_flowchart_English-BP 140-159_90-109.png,3bf311298ba64b10948c5a4e22bece85,image/png
https://sdacms.blob.core.windows.net/content/assets/images/africa/richtext/New_flowchart_English-BP_above160_110.png,3dc0ba4d21f145f89a6153ab362fa2d9,image/png
https://sdacms.blob.core.windows.net/content/assets/images/africa/richtext/flowchart_English-BP 140-159:90-109.png,c2b1adecfb704a05bdbd56933a9f5305,image/png
https://sdacms.blob.core.windows.net/content/assets/images/africa/richtext/flowchart_English-BP above160:110.png,0f23ef1130e74ce181d0781348a17c40,image/png
https://sdacms.blob.core.windows.net/content/assets/images/africa/richtext/MgSO4_loading_dose.png,449db6e7ed6f4dd2b4fbfdcac3739f3a,image/png
https://sdacms.blob.core.windows.net/content/assets/images/africa/icon/actioncard/mnemonics_severe_preeclampsia.png,bd1eef4e6f6440cbbe826bb28d08def1,icon
https://sdacms.blob.core.windows.net/content/assets/images/africa/icon/menu/ac.png,b59b43d910234e7badd432824e77a464,icon
https://sdacms.blob.core.windows.net/content/assets/images/africa/key learning points/General/drug_picture.png,ce7cb32b2ff44f3ca217a7c81d2ea98d,image/png
https://sdacms.blob.core.windows.net/content/assets/images/africa/icon/module/hypertension.png,ed6740e60d994876a7bbda6cd27e6283,image/png
https://sdacms.blob.core.windows.net/content/assets/images/africa/key learning points/Normal labour birth/KLP_NLB_2nd_stage_cervix_fully_dilated_Familiar.png,81189496be304210b839b6ec4079f6bd,image/png
https://sdacms.blob.core.windows.net/content/assets/images/africa/richtext/PP_NLB_Calculate_due_date_GA.png,bd1de6a44f3346509a9439a0e49758b7,image/png
https://sdacms.blob.core.windows.net/content/assets/images/africa/richtext/PP_NLB_Measure_the_symphysis_fundus.png,2037ec394006488caaca95e410b2d389,image/png
https://sdacms.blob.core.windows.net/content/assets/images/africa/richtext/PP_NLB_Initial_assessment.png,1590e899525b463c8354cc0848728989,image/png
https://sdacms.blob.core.windows.net/content/assets/images/africa/key learning points/Hypertension/danger_magnesium_sulphate.png,9681561151e04ffc91963672c973a31a,image/png
https://sdacms.blob.core.windows.net/content/assets/images/africa/key learning points/Hypertension/seizures.png,a53e7d211150401babb5a46db336a139,image/png
https://sdacms.blob.core.windows.net/content/assets/images/africa/icon/menu/learning.png,0191a2bae4d84905bbd46605ca825fad,icon
https://sdacms.blob.core.windows.net/content/assets/images/africa/icon/actioncard/AMTSL_INDIA_Emergency%20Referral.png,2c05a5e68eea4640b1e005728b1ecdb9,icon
https://sdacms.blob.core.windows.net/content/assets/images/africa/richtext/During Transport.png,838f114b1af84e9f87875c70f3f9101f,image/png
https://sdacms.blob.core.windows.net/content/assets/images/africa/icon/actioncard/essential_steps.png,dd85be20b4fb462985e54800e63f54b7,icon
https://sdacms.blob.core.windows.net/content/assets/images/africa/richtext/AC_injection_leg.png,c6bec8a8da29400297e5a60bc34f30b3,image/png
https://sdacms.blob.core.windows.net/content/assets/images/africa/richtext/essential_steps.png,4c11cddba2a249ca89fd433cf0d6bcaa,image/png
https://sdacms.blob.core.windows.net/content/assets/images/africa/richtext/post_partum_hemorrage_uterus.png,6f4a3290eb7949d6a8df66a7db331ca7,image/png
https://sdacms.blob.core.windows.net/content/assets/images/africa/icon/actioncard/newborn_management_routine_care.png,2ee41f12ba3b48d5bdf7b5729d4c1bf4,icon
https://sdacms.blob.core.windows.net/content/assets/images/africa/icon/actioncard/newborn_management_prevention.png,bd4eb6a54b2b4c869bf5d10226fab812,icon
https://sdacms.blob.core.windows.net/content/assets/images/africa/key%20learning%20points/Normal%20labour%20birth/KLP_NLB_1st_stage_active_phase_Proficient.png,dd270e96a4814b1e80712aa42d56fd85,icon
https://sdacms.blob.core.windows.net/content/assets/images/africa/icon/actioncard/vacuum_delivery_indications.png,a86ab9138d0c4791a9aa8eddb701b8df,icon
https://sdacms.blob.core.windows.net/content/assets/images/africa/icon/actioncard/Partograph.png,3d2eda7647744d7ab8e9c76ff4c98cfe,icon
https://sdacms.blob.core.windows.net/content/assets/images/africa/richtext/Partograph_components.png,5b46525eeb3c4787a86c6e26b3071fd5,image/png
https://sdacms.blob.core.windows.net/content/assets/images/africa/richtext/Identification_data.png,32913df9ffdd48c79f87feb405e6e71c,image/png
https://sdacms.blob.core.windows.net/content/assets/images/africa/richtext/Foetal_condition.png,d709c428c2314d8cbab37a5ccab2aa36,image/png
https://sdacms.blob.core.windows.net/content/assets/images/africa/richtext/Progress_of_labour.png,7d90cdbe42a0458db68be987b0f2dd3a,image/png
https://sdacms.blob.core.windows.net/content/assets/images/africa/richtext/Contractions.png,a0431635871d4d4abe207ec825399b8e,image/png
https://sdacms.blob.core.windows.net/content/assets/images/africa/richtext/drug_picture.png,75d8d01e46f84b1383c3b571d05670f4,image/png
https://sdacms.blob.core.windows.net/content/assets/images/africa/richtext/Maternal_condition.png,287e47dab59b4137be28f7115655c8ce,image/png
https://sdacms.blob.core.windows.net/content/assets/images/africa/icon/actioncard/vacuum_delivery_prerequisites.png,bcb22ce0774c4db99eda29a8ff3d30e0,icon
https://sdacms.blob.core.windows.net/content/assets/images/africa/richtext/AC_above_pubic_bone.png,8238637895214d268bc893cf5791d033,image/png
https://sdacms.blob.core.windows.net/content/assets/images/africa/key learning points/General/cephalic_occiput_posterior.png,fd9ed7f5eb594154968027b229df0657,image/png
https://sdacms.blob.core.windows.net/content/assets/images/africa/richtext/AC_cephalic_occiput_anterior.png,de74483b02c647bd880b40d9cdc07706,image/png
https://sdacms.blob.core.windows.net/content/assets/images/africa/icon/actioncard/vacuum_delivery_procedure_as_by_also.png,a33db4575a0247c5a2d26adfedba57c0,icon
https://sdacms.blob.core.windows.net/content/assets/images/africa/icon/actioncard/post_partum_hemorrage_uterus.png,08f1d6cbbfd34fd0b8f58c0766d39f8b,icon
https://sdacms.blob.core.windows.net/content/assets/images/africa/icon/actioncard/post_partum_hemorrage_head.png,f35224cf47014a5f88606a5165051afa,icon
https://sdacms.blob.core.windows.net/content/assets/images/africa/icon/actioncard/post_partum_hemorrage_arms.png,5648cdb0c005458a9b369e9545934621,icon
https://sdacms.blob.core.windows.net/content/assets/images/africa/icon/module/active_management_of_third_stage_labour.png,80ac147223a64f8ca3169728abde8859,image/png
https://sdacms.blob.core.windows.net/content/assets/images/africa/richtext/AC_controlled_cord_traction.png,f34ca568195c44f48f915183119be77e,image/png
https://sdacms.blob.core.windows.net/content/assets/images/africa/richtext/AC_NASG.png,d336b14d9e30462391821bda4f859fe6,image/png
https://sdacms.blob.core.windows.net/content/assets/images/africa/richtext/AC_comdom_balloon_tamponade_mounting.png,1b8c25d4ea714e2d905d0d3c13a614c3,image/png
https://sdacms.blob.core.windows.net/content/assets/images/africa/richtext/AC_comdom_balloon_tamponade_insert_2.png,7859a41976904e02b981fea367bacc26,image/png
https://sdacms.blob.core.windows.net/content/assets/images/africa/icon/module/manual_removal_of_placenta.png,e081ccb28851499b91981f6e1be5ffd0,image/png
https://sdacms.blob.core.windows.net/content/assets/images/africa/richtext/sutures.png,2e4645945a7c4be0a4ac3a7dc64fec70,image/png
https://sdacms.blob.core.windows.net/content/assets/images/africa/icon/module/post_partum_hemorrage_alt.png,9d11da37b2d74a0aac53b40cd853e7e8,image/png
https://sdacms.blob.core.windows.net/content/assets/images/africa/richtext/BABC_Action_Plan1_English.png,e804ecb550c14d079acdb030d28a2674,icon
https://sdacms.blob.core.windows.net/content/assets/images/africa/richtext/BABC_Action_Plan2_English.png,2ca0bd50fb5e4eb29b6ca51cc3d51b10,image/png
https://sdacms.blob.core.windows.net/content/assets/images/africa/icon/actioncard/mnemonics_pph.png,665af7797fd1438786ec6df00a3ae8b3,icon
https://sdacms.blob.core.windows.net/content/assets/images/africa/key%20learning%20points/Postnatal%20Care/bleeding_after_birth.png,8e9fcd05a1b04d4e8810233266fcdb7c,icon
https://sdacms.blob.core.windows.net/content/assets/images/africa/icon/actioncard/maternal_sepsis_definitions.png,8e7f7744980844159c34c5f699cbe0a7,icon
https://sdacms.blob.core.windows.net/content/assets/images/africa/icon/actioncard/maternal_sepsis_emergency_management.png,e45313d0aa844779aad22271dff5a429,icon
https://sdacms.blob.core.windows.net/content/assets/images/africa/icon/actioncard/maternal_sepsis_following_management.png,c607c89bcd674799a4c362bb0a749d22,icon
https://sdacms.blob.core.windows.net/content/assets/images/africa/icon/actioncard/maternal_sepsis_identify_cause.png,3703bae5d89d41658ca037cc3fe25bc7,icon
https://sdacms.blob.core.windows.net/content/assets/images/africa/icon/actioncard/mnemonics_identify_site_of_ms.png,8fd030bb0688454e895cb2c2c411e854,icon
https://sdacms.blob.core.windows.net/content/assets/images/africa/icon/actioncard/mnemonics_management_of_ms.png,127002eb9fed4d12a940347df25b9538,icon
https://sdacms.blob.core.windows.net/content/assets/images/africa/icon/actioncard/neonatal_resuscitation.png,1a624d8fe92b4f5992921d8ef496780a,icon
https://sdacms.blob.core.windows.net/content/assets/images/africa/icon/actioncard/ambu_bag.png,b47b51cc5c9d4914a99daff9dcd673f0,icon
https://sdacms.blob.core.windows.net/content/assets/images/africa/icon/actioncard/Hypoglycemia%20Management.png,7b2e3b865ee64d4a9860008e6583aebc,icon
https://sdacms.blob.core.windows.net/content/assets/images/africa/icon/module/low_birth_weight_alt.png,06ef6dd9d7bc49d1aecdc4c421a511bf,icon
https://sdacms.blob.core.windows.net/content/assets/images/africa/richtext/HelpingBabiesBreathe_640.png,a12998b335934dd3b70afe74d9a84d97,icon
https://sdacms.blob.core.windows.net/content/assets/images/africa/icon/module/active_management_of_third_stage_labour_alt.png,229c39f204164157b2ae192eb4c22158,image/png
https://sdacms.blob.core.windows.net/content/assets/images/africa/richtext/golden_minute.png,4d3afaeb8b5641d0a59217094b27e5df,image/png
https://sdacms.blob.core.windows.net/content/assets/images/africa/icon/module/neonatal_resuscitation.png,6f2ff6ee2dbf49648adc7a05614e0d00,image/png
https://sdacms.blob.core.windows.net/content/assets/images/africa/key learning points/neonatal resuscitation/not_breathing.png,90cc13ca3d3c4d3fa123b73e661b909d,image/png
https://sdacms.blob.core.windows.net/content/assets/images/africa/key learning points/Neonatal resuscitation/newborn_ventilation.png,daef24e6ee5f4bbdb36d4fbac79f058c,image/png
https://sdacms.blob.core.windows.net/content/assets/images/africa/key learning points/Neonatal resuscitation/newborn_head_position.png,486e49d788ce4bbca202f99f68e2b990,image/png
https://sdacms.blob.core.windows.net/content/assets/images/africa/key learning points/neonatal resuscitation/newborn_breathing_well.png,79c9b4703e3c43acb7b58b223857f12d,image/png
https://sdacms.blob.core.windows.net/content/assets/images/africa/key learning points/Neonatal resuscitation/death_newborn.png,7f3703b8e9454691b901545d2f79c0c9,image/png
https://sdacms.blob.core.windows.net/content/assets/images/africa/key learning points/Post partum hemorrage/ambulance.png,b3849eff91d74b8ab77215e3d5f3d6df,image/png
https://sdacms.blob.core.windows.net/content/assets/images/africa/key learning points/Neonatal resuscitation/golden_minute.png,f799ff4c6b0443bfaa510f1570b0d244,image/png
https://sdacms.blob.core.windows.net/content/assets/images/africa/icon/actioncard/COSNB_Advance%20Neonatal%20Resuscitation.png,66d1d15aa636495cb3e17deff3ac0036,icon
https://sdacms.blob.core.windows.net/content/assets/images/africa/richtext/daily_fluid_requirements.png,7e6cd3b682f24c21838eb3683045e5ac,image/png
https://sdacms.blob.core.windows.net/content/assets/images/africa/icon/actioncard/Safe-Oxygen-Management.png,37fa7f7474474293b7457a20a0c4667a,icon
https://sdacms.blob.core.windows.net/content/assets/images/africa/richtext/Richtext_AC_safe oxygen management.png,70b9b2a324f44f04b89cbed9f7a6ab66,image/png
https://sdacms.blob.core.windows.net/content/assets/images/africa/icon/procedure/naso.png,aad5a81213424a4f8840cd4f1a38e524,icon
https://sdacms.blob.core.windows.net/content/assets/images/africa/icon/actioncard/Antibiotic%20Management.png,f1c004168c014626891b03776d4fa62c,icon
https://sdacms.blob.core.windows.net/content/assets/images/africa/icon/actioncard/newborn_management_danger_signs.png,a744e5b88853453f853073bee70e0236,icon
https://sdacms.blob.core.windows.net/content/assets/images/africa/icon/actioncard/newborn_management_Management_of_danger_signs.png,f51ba3b4376342c58b31faa174350400,icon
https://sdacms.blob.core.windows.net/content/assets/images/africa/richtext/severe_jaundice.png,517496685b814942b11e7de213d95188,icon
https://sdacms.blob.core.windows.net/content/assets/images/africa/richtext/severe_jaundice_2.png,04801748aea840bdbcd3ca3039874b1a,image/png
https://sdacms.blob.core.windows.net/content/assets/images/africa/icon/module/female_genital_mutilation.png,0f80a756c177446bb6ea1b86cdade22f,icon
https://sdacms.blob.core.windows.net/content/assets/images/africa/richtext/Pre-Referral dose of antibiotics.png,5b9e73626f5e4a6da131b927c2aebd64,image/png
https://sdacms.blob.core.windows.net/content/assets/images/africa/icon/module/hypertension_alt.png,32e55cd19d2742ff8e49fde0071aec6a,icon
https://sdacms.blob.core.windows.net/content/assets/images/africa/icon/module/COVID-19_alt.png,e6087200e74347babf284c6a69d8629e,image/png
https://sdacms.blob.core.windows.net/content/assets/images/africa/richtext/mobile_phone.png,b45e73f760f941dca41d6153db0119f7,image/png
https://sdacms.blob.core.windows.net/content/assets/images/africa/richtext/recommendation_after_birth.png,7a9c185928974cada0016a6b089416de,image/png
https://sdacms.blob.core.windows.net/content/assets/images/africa/richtext/counselling.png,82ce3d3986f24b8f90614314d4e6ddc7,icon
https://sdacms.blob.core.windows.net/content/assets/images/africa/key%20learning%20points/Active%20management%20of%20third%20stage/breastfeeding_child_and_midwife.png,599b36ca788a45c2a336a3e2f65da995,icon
https://sdacms.blob.core.windows.net/content/assets/images/africa/key learning points/post abortion care/contraceptive-pills-and-condom.png,c1ad4260ebbb4509ba058c10645c544e,image/png
https://sdacms.blob.core.windows.net/content/assets/images/africa/key%20learning%20points/prolonged%20labour/partograph.png,3ef819b42cc84f08bddc94508b55318e,icon
https://sdacms.blob.core.windows.net/content/assets/images/africa/key learning points/Prolonged labour/partograph.png,cef93e55bf9242e78c290df8deee7f65,image/png
https://sdacms.blob.core.windows.net/content/assets/images/africa/key learning points/Prolonged labour/fhr_assessed.png,08c380d0ecca40ca843b7d13d19a1d16,image/png
https://sdacms.blob.core.windows.net/content/assets/images/africa/richtext/PP_NLB_Vaginal_examination_5cm.png,b1e84a2b7b914f088a41dc4f2b878960,image/png
https://sdacms.blob.core.windows.net/content/assets/images/africa/richtext/foetal_descent.png,7f487f4ba32545ffb9501c2624fc573a,image/png
https://sdacms.blob.core.windows.net/content/assets/images/africa/richtext/contraction_symbols.png,7aaf41c7e1064cb6ada179ec8436ddec,image/png
https://sdacms.blob.core.windows.net/content/assets/images/africa/richtext/COSNB_Chest compression.png,f3fe3dd54693407cb0a1eda1c87978d7,image/png
https://sdacms.blob.core.windows.net/content/assets/images/africa/richtext/COSNB_Drugs used in newborn resuscitation.png,f8dd90824ecc449e9ec6724d338eeb55,image/png
https://sdacms.blob.core.windows.net/content/assets/images/africa/icon/actioncard/normal_newborn.png,01f391030f684cb09fdfd26d8b28514a,icon
https://sdacms.blob.core.windows.net/content/assets/images/africa/icon/actioncard/abortion_counselling.png,a94d82f21a6a4bfb9d3d39f6b1cbab15,icon
https://sdacms.blob.core.windows.net/content/assets/images/africa/richtext/abortion_Counselling.png,45173abc11434ba78d484f4f5e4c9d2a,image/png
https://sdacms.blob.core.windows.net/content/assets/images/africa/icon/actioncard/cervical_preparation_before_surgical_abortion.png,f8ea259fff774df18ba1e2fb611f58c3,icon
https://sdacms.blob.core.windows.net/content/assets/images/africa/richtext/cervical_preparation_before_surgical_abortion.png,5d33b9e652514fdcb090e583d9a3b730,image/png
https://sdacms.blob.core.windows.net/content/assets/images/africa/icon/actioncard/contraception_following_abortion.png,2bc0e77a2e4446df8274ff4279cac16a,icon
https://sdacms.blob.core.windows.net/content/assets/images/africa/richtext/hormonal_methods.png,a6d1274520a644cb8ca284781a2a5eb1,image/png
https://sdacms.blob.core.windows.net/content/assets/images/africa/richtext/IUD.png,7894e84927e9446795bd071cb84bb1fa,image/png
https://sdacms.blob.core.windows.net/content/assets/images/africa/richtext/cervical_cap.png,6c1509cf2957414b917497957a85606c,image/png
https://sdacms.blob.core.windows.net/content/assets/images/africa/richtext/fertility_awareness_based_methods.png,64e58c516c504dd98afb4c585388f5af,image/png
https://sdacms.blob.core.windows.net/content/assets/images/africa/icon/actioncard/laboratory_tests.png,a77aadfb743c42e686081af7da62df71,icon
https://sdacms.blob.core.windows.net/content/assets/images/africa/richtext/urine_pregnancy_test.png,9b73fac5724645a8b0901fc4f3ed076d,image/png
https://sdacms.blob.core.windows.net/content/assets/images/africa/richtext/blood_tests.png,7a7bcc97bcac4d74acd3cfe7e1791a8d,image/png
https://sdacms.blob.core.windows.net/content/assets/images/africa/icon/actioncard/overview-of-the-different-abortion-methods.png,1d7324d0d31142dab2dc2b687670cee5,icon
https://sdacms.blob.core.windows.net/content/assets/images/africa/richtext/medical_abortion.png,8b20984cb21747099847f73ec6585e20,image/png
https://sdacms.blob.core.windows.net/content/assets/images/africa/richtext/vacuum_aspiration.png,6c838b1e81b842109d64b9d18b39d9a2,image/png
https://sdacms.blob.core.windows.net/content/assets/images/africa/icon/actioncard/pain_management.png,196fa1602b664f76a303c1ff1f25da5b,icon
https://sdacms.blob.core.windows.net/content/assets/images/africa/richtext/non_pharmacological_methods.png,60e8087bf5084642b1ffe488302ff2a2,image/png
https://sdacms.blob.core.windows.net/content/assets/images/africa/richtext/pharmacological_methods.png,0795892a69064e419f427a51cb2f33e0,image/png
https://sdacms.blob.core.windows.net/content/assets/images/africa/richtext/paracervical_block.png,0dd01b564f304deea744bd90d25a72ea,image/png
https://sdacms.blob.core.windows.net/content/assets/images/africa/icon/actioncard/pre-abortion_care_the_initial_assessment.png,06250feadffb4352a8b8ed0643e8b08c,icon
https://sdacms.blob.core.windows.net/content/assets/images/africa/richtext/pre_abortion_care_the_initial_assessment.png,e75bb8df14c54928bc3de9550d34c2f7,image/png
https://sdacms.blob.core.windows.net/content/assets/images/africa/icon/actioncard/treatment-regiments-for-medical-abortion-1-trimester.png,e623fbb5998a44c7abbeb7cc4d869e28,icon
https://sdacms.blob.core.windows.net/content/assets/images/africa/richtext/1_trimester_medical_abortion.png,c17252587baa46dda822a58d04a0264a,image/png
https://sdacms.blob.core.windows.net/content/assets/images/africa/richtext/ultrasound.png,86c4676dec654e35b1ede0f2a46aca9a,image/png
https://sdacms.blob.core.windows.net/content/assets/images/africa/richtext/ongoing_pregnancy.png,7ce2f55e19a34fac89cba85f061f5f0c,image/png
https://sdacms.blob.core.windows.net/content/assets/images/africa/icon/actioncard/medical_abortion.png,b2d297cc9ea94695b605345b8c264773,image/png
https://sdacms.blob.core.windows.net/content/assets/images/africa/icon/actioncard/treatment-regiments-for-medical-abortion-2-trimester.png,44ced223a6814b6198f04c1ae55119fe,icon
https://sdacms.blob.core.windows.net/content/assets/images/africa/richtext/2_trimester_medical_abortion.png,76e5938a534a455ebe15c5f3b02d3863,image/png
https://sdacms.blob.core.windows.net/content/assets/images/africa/icon/actioncard/warning_signsabortion_complications.png,f942decc036b4691a64114c2532c3cb9,icon
https://sdacms.blob.core.windows.net/content/assets/images/africa/richtext/ectopic_pregnancy.png,d328544040bd49f2837ee1b2aa8c1bc1,image/png
https://sdacms.blob.core.windows.net/content/assets/images/africa/richtext/incomplete_abortion.png,754f2784edf84156b3029ae69370761e,image/png
https://sdacms.blob.core.windows.net/content/assets/images/africa/richtext/hemorrhage.png,dbc0634669a245a49c800fabe0cf05d2,image/png
https://sdacms.blob.core.windows.net/content/assets/images/africa/richtext/infection.png,11736a1fb54d4d7ba29e91d7432e1398,image/png
https://sdacms.blob.core.windows.net/content/assets/images/africa/icon/actioncard/infant_outcomes.png,58848cdc1eb3476c893f9b4a9850b2e9,icon
https://sdacms.blob.core.windows.net/content/assets/images/africa/richtext/rds_newborn.png,8eb6770dd9184dfc8df1356dd2482b42,image/png
https://sdacms.blob.core.windows.net/content/assets/images/africa/icon/actioncard/perinatal_mental_health_conditions.png,15b9b54ae494444ead4a7ddf381f1e80,icon
https://sdacms.blob.core.windows.net/content/assets/images/africa/icon/actioncard/risk_factors_causes.png,09ff75bfebe140d9b199bb54fa747dc6,icon
https://sdacms.blob.core.windows.net/content/assets/images/africa/icon/actioncard/screening.png,3174713402c34fe584159040a6fb0f9c,icon
https://sdacms.blob.core.windows.net/content/assets/images/africa/icon/actioncard/violence_against_women.png,061a6d463bee4e3c8071537199b41789,icon
https://sdacms.blob.core.windows.net/content/assets/images/africa/icon/actioncard/breastfeeding.png,779e5e876cc545d68e9e5471790c6b98,icon
https://sdacms.blob.core.windows.net/content/assets/images/africa/richtext/postpartum_contraception.png,ea388fb58fcf472b846dd153ad5fd97b,image/png
https://sdacms.blob.core.windows.net/content/assets/images/africa/icon/actioncard/breastfeeding_and_contraception.png,6f55d343a7074b40a1b7260a7d54d8f4,image/png
https://sdacms.blob.core.windows.net/content/assets/images/africa/icon/actioncard/contraceptive_counselling.png,75a27fc7741a4e4082685006de4b60cf,icon
https://sdacms.blob.core.windows.net/content/assets/images/africa/icon/actioncard/eligibility_wheel.png,56c9efe76ac24c74b2fc7aae3c112b20,image/png
https://sdacms.blob.core.windows.net/content/assets/images/africa/icon/actioncard/India_contraceptive_counselling.png,b131622daab74ecd9ab43d757bea6c1a,icon
https://sdacms.blob.core.windows.net/content/assets/images/africa/richtext/Greet.png,742be3dd25544b82bef3310be57d7f19,image/png
https://sdacms.blob.core.windows.net/content/assets/images/africa/richtext/family_planning_counselling.png,1a4a86c281bb479b97eff3ba082eaaab,image/png
https://sdacms.blob.core.windows.net/content/assets/images/africa/icon/actioncard/long_acting_methods.png,3a150c7f1f194e2d8a1b298a9226d146,icon
https://sdacms.blob.core.windows.net/content/assets/images/africa/icon/actioncard/contraceptive_implant.png,141444c3cd4c4296ba4b8596f46ed92e,image/png
https://sdacms.blob.core.windows.net/content/assets/images/africa/icon/actioncard/implant_insertion.png,eeba958422d148e19632f183eda6b9e5,image/png
https://sdacms.blob.core.windows.net/content/assets/images/africa/icon/actioncard/implant_removal.png,7a98afed76464d328247c38bf2b0f380,image/png
https://sdacms.blob.core.windows.net/content/assets/images/africa/icon/actioncard/copper_intrauterine_device_(IUD).png,210601bfa08b4324b90e14165126bac9,image/png
https://sdacms.blob.core.windows.net/content/assets/images/africa/icon/actioncard/Long-acting%20reversible%20contraceptives%C2%A0%28LARCs%29.png,e3d14e8116f34b70b3bb71fcfdcdba16,icon
https://sdacms.blob.core.windows.net/content/assets/images/africa/richtext/subdermal_contraceptive_implant_(single_rod).png,4ae2a0ef5f5b41d691d49c09a770ca75,image/png
https://sdacms.blob.core.windows.net/content/assets/images/africa/richtext/subdermal_contraceptive_implant.png,eb819935889246fbacecb3504ea74fe6,image/png
https://sdacms.blob.core.windows.net/content/assets/images/africa/richtext/Removal_of_implant.png,5dc9c33c212d4fe393e983a8bfea7f59,image/png
https://sdacms.blob.core.windows.net/content/assets/images/africa/richtext/intra-uterine_contraceptive_device_(IUCD).png,b96c2d575efb42c38a97c74ad13fa62d,image/png
https://sdacms.blob.core.windows.net/content/assets/images/africa/icon/actioncard/MEC_wheel.png,2aa49d37908341609ebe74ae79510ec8,icon
https://sdacms.blob.core.windows.net/content/assets/images/africa/richtext/MC_MEC_wheel.png,701534aaa455402abfa59b97d43a10a5,image/png
https://sdacms.blob.core.windows.net/content/assets/images/africa/richtext/Categories.png,7b42c71db8bd4ffbb995f92b09176a6f,image/png
https://sdacms.blob.core.windows.net/content/assets/images/africa/icon/procedure/permanent_methods.png,4df2c9499a1348d1a5f1d2092f0a7935,icon
https://sdacms.blob.core.windows.net/content/assets/images/africa/icon/actioncard/tubal_ligation_(female_sterilization).png,bca2dae3fe33408cb59e1c76b0cd43ff,image/png
https://sdacms.blob.core.windows.net/content/assets/images/africa/icon/actioncard/vasectomy_male_sterilization).png,bd1f7c29cb9d4dc49c8d29ae19eadd34,image/png
https://sdacms.blob.core.windows.net/content/assets/images/africa/richtext/pregnancy_checklist.png,15550b246d0b413aa93fe03d2ae2dd10,icon
https://sdacms.blob.core.windows.net/content/assets/images/africa/icon/actioncard/short_acting_methods.png,1c3a601922d6442ea902956c4b7e6ed1,icon
https://sdacms.blob.core.windows.net/content/assets/images/africa/richtext/Condoms.png,454bc446803143a3a44d2ee066dbb55a,image/png
https://sdacms.blob.core.windows.net/content/assets/images/africa/richtext/combined_oral_contraceptives_(COCs).png,0b1072f6417b4733a1005889dc0b6f45,image/png
https://sdacms.blob.core.windows.net/content/assets/images/africa/icon/actioncard/Progestin_only_pills.png,b8b5e8c351ac4d34a0ded2f71561aa8a,image/png
https://sdacms.blob.core.windows.net/content/assets/images/africa/richtext/ECPs.png,f649cb6c41fe4952858e7bf8aa236012,image/png
https://sdacms.blob.core.windows.net/content/assets/images/africa/richtext/centchroman_on-hormonal_pill.png,c63b3fe7c242425891860c200c4d93ae,image/png
https://sdacms.blob.core.windows.net/content/assets/images/africa/richtext/schedule_of_centchroman.png,b1ce0c69baf84c38a88c144f8c1a26a6,image/png
https://sdacms.blob.core.windows.net/content/assets/images/africa/richtext/injectable_medroxy_progesterone_acetate.png,9fefc1191a1b413088cfd81442205e6a,image/png
https://sdacms.blob.core.windows.net/content/assets/images/africa/icon/actioncard/female_condom.png,cc3425e45c004d28bb28cf58a16f97f1,image/png
https://sdacms.blob.core.windows.net/content/assets/images/africa/icon/actioncard/male_condom.png,735e2c6ed4e040d6ae8a04ab9e2c86e0,image/png
https://sdacms.blob.core.windows.net/content/assets/images/africa/icon/actioncard/combined_oral_contraceptives.png,6fc2798fefef4a95af98f8e1533fb59e,image/png
https://sdacms.blob.core.windows.net/content/assets/images/africa/icon/actioncard/emergency_contraceptives.png,16f3d0dd08ab4dd4af904aaa2bb65c89,image/png
https://sdacms.blob.core.windows.net/content/assets/images/africa/icon/actioncard/monthly_injectables.png,3f906529fe9d4fd0bec3aded0eb0d0e2,image/png
https://sdacms.blob.core.windows.net/content/assets/images/africa/icon/actioncard/progestin_only_injectables.png,b04d0db9d05f472ab1bbd8a1f7cfbcb2,image/png
https://sdacms.blob.core.windows.net/content/assets/images/africa/icon/actioncard/combined_vaginal_ring.png,5ba8559c9b19463e89f2887cf1c4722c,image/png
https://sdacms.blob.core.windows.net/content/assets/images/africa/icon/actioncard/self-insertion.png,ab1813a66de9497690a7a1b655ca4318,image/png
https://sdacms.blob.core.windows.net/content/assets/images/africa/icon/actioncard/progesterone_releasing_vaginal_ring.png,35163353fa3b4da5843b6324863abcd7,image/png
https://sdacms.blob.core.windows.net/content/assets/images/africa/icon/actioncard/combined_patch.png,b29a60c93d1c4ff4ba5f3eaaef4a41f7,image/png
https://sdacms.blob.core.windows.net/content/assets/images/africa/icon/procedure/timing_of_initiation_of_contraceptive_methods.png,10ec1ba5b0584d4babb5877a8445514c,icon
https://sdacms.blob.core.windows.net/content/assets/images/africa/richtext/FP_method.png,aab50104afb54247b45f44bb073a60d5,image/png
https://sdacms.blob.core.windows.net/content/assets/images/africa/icon/actioncard/birth_and_emergency_plan.png,84bcfa8866964df3969973cdfc0a30c8,icon
https://sdacms.blob.core.windows.net/content/assets/images/africa/richtext/delivery_in_a_facility.png,2f4aeb5bb6c3439d901f8df86f53a647,image/png
https://sdacms.blob.core.windows.net/content/assets/images/africa/richtext/identify_birth_companion.png,f3cba901913c4214849aa8f442c37c18,image/png
https://sdacms.blob.core.windows.net/content/assets/images/africa/icon/actioncard/interventions_for_common_physiological_symptoms.png,1fd306935bc34f60b6cb665ce5fddac7,icon
https://sdacms.blob.core.windows.net/content/assets/images/africa/icon/actioncard/low_back_pain_and_pelvic_pain.png,da2b7002e87741928f7ebff4da3fec4d,image/png
https://sdacms.blob.core.windows.net/content/assets/images/africa/richtext/drink_plenty_of_water.png,a6d8672ffebd4dad8256b7bc8f4dce8d,image/png
https://sdacms.blob.core.windows.net/content/assets/images/africa/icon/actioncard/heart_burn.png,a5ac840676024be39a58a916b1291a97,image/png
https://sdacms.blob.core.windows.net/content/assets/images/africa/richtext/nausea_and_vomiting.png,242013e0c9e54686812e2c8f6d2f865f,image/png
https://sdacms.blob.core.windows.net/content/assets/images/africa/richtext/varicose_veins_and_edema.png,87752c36d4a04151974c7a6e89a60626,image/png
https://sdacms.blob.core.windows.net/content/assets/images/africa/key%20learning%20points/Antenatal%20Care/nutrition_and_lifestyle_counselling.png,716aa2d07180476bb3c226a819df32fd,icon
https://sdacms.blob.core.windows.net/content/assets/images/africa/icon/actioncard/nutrition_and_lifestyle_counselling.png,d4f0fbd23f734bf79fe8646e1f08b478,image/png
https://sdacms.blob.core.windows.net/content/assets/images/africa/richtext/avoid_heavy_lifting.png,039ddac1596d4877b064eb1e4cf2056c,image/png
https://sdacms.blob.core.windows.net/content/assets/images/africa/richtext/iron_and_folic_acid.png,f0ecc15469b84bfba6d88807cef57ffc,image/png
https://sdacms.blob.core.windows.net/content/assets/images/africa/richtext/calcium_tablets.png,5e6016ebacc94c4893dd802af7573d6d,image/png
https://sdacms.blob.core.windows.net/content/assets/images/africa/richtext/vitamin_A.png,1eb9dfaf3e5942ac805b529192e3d557,image/png
https://sdacms.blob.core.windows.net/content/assets/images/africa/icon/actioncard/respectful_antenatal_care.png,f2108ef12fdd4f06b636782a5ebd850e,icon
https://sdacms.blob.core.windows.net/content/assets/images/africa/richtext/privacy.png,6196bbdd733e49768a9ff3cb533f1b7f,image/png
https://sdacms.blob.core.windows.net/content/assets/images/africa/richtext/screening_for_high_risk.png,be218b1a813f43a7934209a82aeeaaa0,image/png
https://sdacms.blob.core.windows.net/content/assets/images/africa/richtext/individualized_person_centred_care.png,a7cd84f3e3b0497b99b9f0be1f4ef4ea,image/png
https://sdacms.blob.core.windows.net/content/assets/images/africa/icon/actioncard/significant_symptoms_of_antenatal_complications.png,52498183b013409f8cec3a5995bb9898,icon
https://sdacms.blob.core.windows.net/content/assets/images/africa/richtext/PP_NLB_Anemia.png,ac41f6751a64415e997e081186050643,image/png
https://sdacms.blob.core.windows.net/content/assets/images/africa/richtext/antepartum_haemorrhage_1.png,b53b83d229764f26accfd7fea678e645,image/png
https://sdacms.blob.core.windows.net/content/assets/images/africa/icon/actioncard/gestational_diabetes.png,2d56454b08da493190675584db077b05,image/png
https://sdacms.blob.core.windows.net/content/assets/images/africa/icon/actioncard/urinary_tract_infection.png,4f0696eda54e4aa397abb2214f0fb501,image/png
https://sdacms.blob.core.windows.net/content/assets/images/africa/icon/actioncard/premature_prolonged_rupture_of_membranes.png,8585fb4460a241f493e66c59faa9c0c6,image/png
https://sdacms.blob.core.windows.net/content/assets/images/africa/richtext/headache.png,56bafeb2521e4b619c33f2aa482e5758,image/png
https://sdacms.blob.core.windows.net/content/assets/images/africa/icon/actioncard/venous_thromboembolism.png,a69e1903a7784659917f01d9abebbdcb,image/png
https://sdacms.blob.core.windows.net/content/assets/images/africa/icon/actioncard/preterm_labor.png,cefcd6d81b3b4292940a90f893501b0c,image/png
https://sdacms.blob.core.windows.net/content/assets/images/africa/icon/actioncard/threatened_preterm_labour%20_management.png,fb69ed8d51ed435d8f1460f0dc1af20f,icon
https://sdacms.blob.core.windows.net/content/assets/images/africa/richtext/nifedipine.png,a2863a6b6ff947cf83dcd4725f322efe,image/png
https://sdacms.blob.core.windows.net/content/assets/images/africa/icon/actioncard/Violence-against-women.png,296cda49dec444fa9ff42cc8b3986ec6,icon
https://sdacms.blob.core.windows.net/content/assets/images/africa/richtext/gender_based_violence.png,98936ad51c9740e0afde0ab0ee580502,image/png
https://sdacms.blob.core.windows.net/content/assets/images/africa/richtext/intimate_partner_violence.png,cc9fdbe81b3642759060f30c893ec3a7,image/png
https://sdacms.blob.core.windows.net/content/assets/images/africa/richtext/early_identification.png,ea9a4e4563e549ee917b4bd0fbc0e4e5,image/png
https://sdacms.blob.core.windows.net/content/assets/images/africa/icon/actioncard/mother.png,ca8bc036ff10411aa763704ca9ccad0f,icon
https://sdacms.blob.core.windows.net/content/assets/images/africa/richtext/postnatal_care_midwife.png,7d29a831ba024cc9bc645508d2b60835,image/png
https://sdacms.blob.core.windows.net/content/assets/images/africa/key learning points/Female genital mutilation/counselling.png,d66f6cba54454980ac319aa15e369f4c,image/png
https://sdacms.blob.core.windows.net/content/assets/images/africa/richtext/postnatal_nutrition_and_hydration.png,cccf7fa9fbe4448c936576b76b2e2ccb,image/png
https://sdacms.blob.core.windows.net/content/assets/images/africa/richtext/perineal_pain.png,25dd3cbe339142d4a38a9fde085c9531,image/png
https://sdacms.blob.core.windows.net/content/assets/images/africa/richtext/ibuprofen.png,cfa5e066e84444a891f38d5b91c3645e,image/png
https://sdacms.blob.core.windows.net/content/assets/images/africa/richtext/healthy_diet.png,7f9c3605aadb4fd083680bd1a0a1c97b,image/png
https://sdacms.blob.core.windows.net/content/assets/images/africa/richtext/thromboembolism.png,586cc2c1d21040c690d88fece72eca3c,image/png
https://sdacms.blob.core.windows.net/content/assets/images/africa/richtext/anemia.png,6c4df4b18dc3462aba6d262722a15260,image/png
https://sdacms.blob.core.windows.net/content/assets/images/africa/icon/procedure/examine_blood_pressure.png,ae804f83f933464da28ce3b633119e6b,image/png
https://sdacms.blob.core.windows.net/content/assets/images/africa/icon/actioncard/newborn.png,05f55c6f5e7a4e1d9a50512034a629e4,icon
https://sdacms.blob.core.windows.net/content/assets/images/africa/richtext/postnatal_assessment_newborn.png,0d918e426b594dc3a10ae6d0b1082f00,image/png
https://sdacms.blob.core.windows.net/content/assets/images/africa/richtext/infant_growth_and_development.png,5cb39691ce95497da05bd987acb23212,image/png
https://sdacms.blob.core.windows.net/content/assets/images/africa/icon/actioncard/newborn_weight_monitoring.png,ef0e55662dcd4e06930b922dc875b246,image/png
https://sdacms.blob.core.windows.net/content/assets/images/africa/icon/actioncard/weight_loss_or_gain.png,a2f22413b649491dbd23f1da57876f3f,image/png
https://sdacms.blob.core.windows.net/content/assets/images/africa/richtext/skin_pustules.png,d912cfe2383545fcb2ac1d22d42e391b,image/png
https://sdacms.blob.core.windows.net/content/assets/images/africa/richtext/eye_infection.png,e5eafd457bd64fe8b65b79a2f72974b5,image/png
https://sdacms.blob.core.windows.net/content/assets/images/africa/richtext/immunization_schedule.png,b1ac0da8c11a4c809260b26c05d22ed2,image/png
https://sdacms.blob.core.windows.net/content/assets/images/africa/key%20learning%20points/Low%20birth%20weight/severe_jaundice.png,77ef61c9de1d48eba6a7dfe965e80c1a,icon
https://sdacms.blob.core.windows.net/content/assets/images/africa/icon/module/post_partum_hemorrage.png,b23afb5d3ceb4a5db9c04808516fffc7,icon
https://sdacms.blob.core.windows.net/content/assets/images/africa/key%20learning%20points/Female%20genital%20mutilation/counselling.png,32c2d7c8a5f9446b9146455e22ec1efa,icon
https://sdacms.blob.core.windows.net/content/assets/images/africa/richtext/vital_signs.png,e1f195ecbc934802b2bd4d14b823817a,icon
https://sdacms.blob.core.windows.net/content/assets/images/africa/key learning points/Hypertension/headache-and-visual-disturbance.png,419a304bfc234973a99f033f36a97202,image/png
https://sdacms.blob.core.windows.net/content/assets/images/africa/icon/actioncard/Immunization.png,9a615c3931844803b193cab803a27e8d,icon
https://sdacms.blob.core.windows.net/content/assets/images/africa/icon/actioncard/local_infection.png,bd194ed4a15643e3a831588020a3c128,icon
https://sdacms.blob.core.windows.net/content/assets/images/africa/icon/actioncard/newborn_weight_monitoring_India.png,efd5fd6f43ba4b8b822449ad743efa95,icon
https://sdacms.blob.core.windows.net/content/assets/images/africa/icon/procedure/missed_pill_regime.png,9a51eee983804e0db7f630dd86af1cbd,icon
https://sdacms.blob.core.windows.net/content/assets/images/africa/richtext/iron_and_folic_acid_supplements.png,52a16029f6974f01ba7b877dc1621da2,image/png
https://sdacms.blob.core.windows.net/content/assets/images/africa/icon/procedure/handrub.png,e7fe0e25ff2a43fa9c62bfa893b2a701,icon
https://sdacms.blob.core.windows.net/content/assets/images/africa/richtext/pp_mixing_handrub_practical_1.png,ad652b1012e64d61aa3c0a3556282ca4,image/png
https://sdacms.blob.core.windows.net/content/assets/images/africa/richtext/pp_mixing_handrub_practical_2.png,91ace6d76bc4480189d1ad3e7f0a7011,image/png
https://sdacms.blob.core.windows.net/content/assets/images/africa/richtext/pp_mixing_handrub_practical_3.png,ce6739a879564ebeb5350b68c25d5b09,image/png
https://sdacms.blob.core.windows.net/content/assets/images/africa/richtext/pp_mixing_handrub_practical_4.png,277b43798a6c48019e97f97dbd505106,image/png
https://sdacms.blob.core.windows.net/content/assets/images/africa/richtext/pp_mixing_handrub_practical_5.png,c050d12b649f405c80dfc3787c31d76a,image/png
https://sdacms.blob.core.windows.net/content/assets/images/africa/richtext/pp_mixing_handrub_practical_6.png,977d2bf0138145c49b50de7f2551a759,image/png
https://sdacms.blob.core.windows.net/content/assets/images/africa/richtext/pp_mixing_handrub_practical_7.png,b1d6a2e82aff497ea435e89d0feb2b6d,image/png
https://sdacms.blob.core.windows.net/content/assets/images/africa/richtext/pp_mixing_handrub_practical_8.png,65b9c9a0478c4e70af1c466272d5dd99,image/png
https://sdacms.blob.core.windows.net/content/assets/images/africa/richtext/pp_mixing_handrub_method_1.png,053fb18507ac46e7883ff48197c45d37,image/png
https://sdacms.blob.core.windows.net/content/assets/images/africa/richtext/pp_mixing_handrub_method_2.png,407b5b62448746028d14fa59608c8995,image/png
https://sdacms.blob.core.windows.net/content/assets/images/africa/richtext/pp_mixing_handrub_method_3.png,531f9e755891463c8a2dfb0e6e0231bb,image/png
https://sdacms.blob.core.windows.net/content/assets/images/africa/richtext/pp_mixing_handrub_method_4.png,7e1f17e4ba9c4141bd0473efbe6a961e,image/png
https://sdacms.blob.core.windows.net/content/assets/images/africa/richtext/pp_mixing_handrub_method_5.png,4bdd44ed3e87476cab0d9399eeddd4a2,image/png
https://sdacms.blob.core.windows.net/content/assets/images/africa/richtext/pp_mixing_handrub_method_6.png,6705602ebc6c4d3593b4dd3036c5ffcb,image/png
https://sdacms.blob.core.windows.net/content/assets/images/africa/richtext/pp_mixing_handrub_quality_1.png,8de5ca9daa9d44ba86e29cdcc5f6f804,image/png
https://sdacms.blob.core.windows.net/content/assets/images/africa/richtext/pp_mixing_handrub_quality_2.png,d4faad963a69475e860ec85d3e59da04,image/png
https://sdacms.blob.core.windows.net/content/assets/images/africa/richtext/pp_mixing_handrub_quality_3.png,2718525decf748cd8947ba8c01068248,image/png
https://sdacms.blob.core.windows.net/content/assets/images/africa/icon/procedure/chlorine.png,31691362c56641f7a78794cda0790bfd,icon
https://sdacms.blob.core.windows.net/content/assets/images/africa/icon/procedure/cleaning_mva.png,47f24e237ebd4fe0b20c0472d341a397,icon
https://sdacms.blob.core.windows.net/content/assets/images/africa/richtext/pp_cleaning_1.png,5d57dcdd5c0845b8b242312d1fdd8a11,image/png
https://sdacms.blob.core.windows.net/content/assets/images/africa/richtext/pp_cleaning_2.png,5ede6e1b91ad4ca38a1e61c29493159c,image/png
https://sdacms.blob.core.windows.net/content/assets/images/africa/richtext/pp_cleaning_3.png,a9d8a00deb6f4d6ab45ab5b32168ea92,image/png
https://sdacms.blob.core.windows.net/content/assets/images/africa/icon/procedure/urine.png,1a9512d6ac8d40d188a2ba3c18b51f00,icon
https://sdacms.blob.core.windows.net/content/assets/images/africa/richtext/urine_catheter.png,e110c8fd9691409eafbdfe4e5516afc2,image/png
https://sdacms.blob.core.windows.net/content/assets/images/africa/icon/procedure/foetal_hr.png,0ef65099fc284ed5bb92061ba7d69296,icon
https://sdacms.blob.core.windows.net/content/assets/images/africa/richtext/PP_NLB_Monitoring.png,172eb57efe004a3299ddcee5e1dcead6,image/png
https://sdacms.blob.core.windows.net/content/assets/images/africa/richtext/PP_NLB_The_position_of_the_back_of_the_fetus.png,fa6df7522a6b471a863bcb0c1eb378c4,image/png
https://sdacms.blob.core.windows.net/content/assets/images/africa/icon/procedure/vacuum.png,3fcf6b1973ad4d7db571ae2ec3189731,icon
https://sdacms.blob.core.windows.net/content/assets/images/africa/key learning points/Prolonged labour/correct_way_to_place_the_cup.png,d7cc77f5512c4069869cabb79b9d6fe4,image/png
https://sdacms.blob.core.windows.net/content/assets/images/africa/richtext/pp_nasogastric_tube.png,0dffddbb637f4fb98aa59286b9758472,image/png
https://sdacms.blob.core.windows.net/content/assets/images/africa/icon/procedure/condom_balloon_tamponade.png,f544091081d14b53b0d5f48ccbd979bd,icon
https://sdacms.blob.core.windows.net/content/assets/images/africa/richtext/AC_comdom_balloon_tamponade_insert_1.png,253c08c229b14f2289c5e93e8d9cffdc,image/png
https://sdacms.blob.core.windows.net/content/assets/images/africa/icon/procedure/intrav.png,4a8fcaebb2c2435a907561404eeb1edb,icon
https://sdacms.blob.core.windows.net/content/assets/images/africa/richtext/pp_iv_baby_number_french.png,0a3bebbbcd784ec5b9b5ec9d4472db94,image/png
https://sdacms.blob.core.windows.net/content/assets/images/africa/richtext/pp_iv_baby.png,fd0ec9f289164bc294e09ad1f56aa186,image/png
https://sdacms.blob.core.windows.net/content/assets/images/africa/icon/procedure/deinfibulation.png,1e4476c03f864026859cf107f587fa71,icon
https://sdacms.blob.core.windows.net/content/assets/images/africa/richtext/AC_breastfeeding_correct_attachment.png,123a01b9d8534f698ce7e6ef2ebf2f69,icon
https://sdacms.blob.core.windows.net/content/assets/images/africa/richtext/AC_breastfeeding_wrong_attachment.png,8ce3070c66e3473bab4aba1656890521,image/png
https://sdacms.blob.core.windows.net/content/assets/images/africa/icon/module/low_birth_weight.png,34e60e84965e427d8e3884767b2f580a,icon
https://sdacms.blob.core.windows.net/content/assets/images/africa/icon/actioncard/birth.png,d7884971f73a48769fabc4c31d9e3f14,icon
https://sdacms.blob.core.windows.net/content/assets/images/africa/icon/actioncard/germs_to_patients.png,d9b479cc68fa4b28aa8df460af2d64e2,icon
https://sdacms.blob.core.windows.net/content/assets/images/africa/key learning points/Infection prevention/Handrub.png,a51c8b6b7b9140ba9378673aaed147a3,image/png
https://sdacms.blob.core.windows.net/content/assets/images/africa/key%20learning%20points/Manual%20removal%20of%20placenta/long_gloves.png,3146c73cc3614fe08d9a47e11c00a057,icon
https://sdacms.blob.core.windows.net/content/assets/images/africa/icon/actioncard/nasg.png,de1f86420b8e44d89f8a77660fcbc40a,icon
https://sdacms.blob.core.windows.net/content/assets/images/africa/richtext/PP_NLB_Initial_Dehydration.png,8048095c44f34f87af71d41d85453e32,image/png
https://sdacms.blob.core.windows.net/content/assets/images/africa/richtext/PP_NLB_Abdominal_examination.png,247cdad2c7594924b7b5c5c5b17e8d9c,icon
https://sdacms.blob.core.windows.net/content/assets/images/africa/richtext/PP_NLB_Measure_the_symphysis_fundus_graf.png,c6d74ea9d64b4ea19a033aef8a64bee2,image/png
https://sdacms.blob.core.windows.net/content/assets/images/africa/richtext/PP_NLB_The_lie_of_the_fetus.png,958c3bdcdf2140808a06850c31e52725,image/png
https://sdacms.blob.core.windows.net/content/assets/images/africa/richtext/PP_NLB_Which_part_is_present_at_the_top_of_the_uterus.png,09f72d8dae1f4779bd85fc3679043f6a,image/png
https://sdacms.blob.core.windows.net/content/assets/images/africa/richtext/PP_NLB_The_presenting_part_of_the_fetus.png,a4e1ff598e9547efa680ee4a25cb968f,image/png
https://sdacms.blob.core.windows.net/content/assets/images/africa/richtext/PP_NLB_Contractions.png,6b3434e25b3441d9906dcd9420dc664f,image/png
https://sdacms.blob.core.windows.net/content/assets/images/africa/richtext/vaginal_examination.png,e720b2b551194f418dae8882c8fa94e6,icon
https://sdacms.blob.core.windows.net/content/assets/images/africa/icon/module/prolonged_labour_alt.png,704d015f866a4881990246ad7f3e31d7,icon
https://sdacms.blob.core.windows.net/content/assets/images/africa/icon/procedure/dating_the_pregnancy_pp.png,c846dd956eff41e9b1c8cf921f8c880a,icon
https://sdacms.blob.core.windows.net/content/assets/images/africa/richtext/LMP.png,f75ee7e96b6b4ba09089f162dc0cbc73,image/png
https://sdacms.blob.core.windows.net/content/assets/images/africa/richtext/bimanual_examination.png,ecf0c5d51af04a53a5e9da93a3f404cc,image/png
https://sdacms.blob.core.windows.net/content/assets/images/africa/icon/procedure/physical_examination_pp.png,97f99096b2ff4b71afae4d48d32ccdc6,icon
https://sdacms.blob.core.windows.net/content/assets/images/africa/richtext/abdominal_examination.png,3064a83fb7d04acfbf31770bd3f1dd07,image/png
https://sdacms.blob.core.windows.net/content/assets/images/africa/richtext/pelvic_examination.png,f510f82c18e64e968549d6b96590e0cd,image/png
https://sdacms.blob.core.windows.net/content/assets/images/africa/richtext/speculum_examination.png,9c1ae9b732164654ad749f0e23fdcf48,image/png
https://sdacms.blob.core.windows.net/content/assets/images/africa/icon/procedure/screening_tools.png,5fb432a1ac0843d9a627bfb3fe0cf50d,icon
https://sdacms.blob.core.windows.net/content/assets/images/africa/icon/actioncard/Edinburgh_Postnatal_Depression_Scale_PNG.png,9c36935e87c24e5194e7e931645ee660,image/png
https://sdacms.blob.core.windows.net/content/assets/images/africa/icon/actioncard/Generalized_Anxiety_Disorder_Scale_(GAD-2).png,74ad726bbf3049f2bfc6816ec672d674,image/png
https://sdacms.blob.core.windows.net/content/assets/images/africa/icon/actioncard/Generalized_Anxiety_Disorder_Scale_(GAD-7).png,6c3432bb385640cc94f482b617f854ec,image/png
https://sdacms.blob.core.windows.net/content/assets/images/africa/icon/actioncard/treatment_options.png,071c3f8b04874c93ae40e899c263d085,icon
https://sdacms.blob.core.windows.net/content/assets/images/africa/richtext/counselling2.png,33802875d2824913903652aa40fe651e,image/png
https://sdacms.blob.core.windows.net/content/assets/images/africa/icon/actioncard/caring_for_the_carer.png,68de3e7732404522937d637bd002d298,icon
https://sdacms.blob.core.windows.net/content/assets/images/africa/icon/procedure/implant_insertion.png,81ef932e072d4f33885eec61eb428ab8,icon
https://sdacms.blob.core.windows.net/content/assets/images/africa/icon/procedure/implant_removal.png,eba44077703a438ca52e3e65c6521abd,icon
https://sdacms.blob.core.windows.net/content/assets/images/africa/icon/procedure/non-sterile_equipment.png,313f3fb14f7d4fd997d8b53f11235099,image/png
https://sdacms.blob.core.windows.net/content/assets/images/africa/icon/procedure/removal_procedure.png,6b050ca27d2146a181419424e368f721,image/png
https://sdacms.blob.core.windows.net/content/assets/images/africa/icon/procedure/IUD_IUS_removal.png,be80c904c2234936b35c7350650d2da3,icon
https://sdacms.blob.core.windows.net/content/assets/images/africa/icon/procedure/insert_postpartum_IUD.png,b0b46034738e412695baf560d626eced,image/png
https://sdacms.blob.core.windows.net/content/assets/images/africa/icon/procedure/IUD_insertion.png,98ec07a5622b4833953dec62c05003ff,image/png
https://sdacms.blob.core.windows.net/content/assets/images/africa/icon/procedure/IUD_insertion_procedure.png,d3f30f5630814e3d91990ffd6190e68c,image/png
https://sdacms.blob.core.windows.net/content/assets/images/africa/icon/procedure/insert_IUD.png,af46252d76e049eba6c8efaa4f34e139,image/png
https://sdacms.blob.core.windows.net/content/assets/images/africa/icon/procedure/no-touch_technique.png,a158ced217d44d7b929f073195813c7d,image/png
https://sdacms.blob.core.windows.net/content/assets/images/africa/icon/procedure/foetal_assessments.png,a39d642e04674fccac3e3e686829d172,icon
https://sdacms.blob.core.windows.net/content/assets/images/africa/richtext/before_performing_abdominal_examinations_verbal_consent.png,e10a7d4d99cb4d4a8b6ffd4c4065d1e8,image/png
https://sdacms.blob.core.windows.net/content/assets/images/africa/richtext/listen_to_foetal_heart_rate.png,8e0cc80b929a454a84daeeeb3a940f63,image/png
https://sdacms.blob.core.windows.net/content/assets/images/africa/richtext/Foetal_movements_2.png,eb70d12ff1f746db8831edd4b9c0402d,image/png
https://sdacms.blob.core.windows.net/content/assets/images/africa/richtext/feel_for_number_of_foetuses.png,ee89c1dd5ea742309904ab5d4908438d,image/png
https://sdacms.blob.core.windows.net/content/assets/images/africa/richtext/feel_for_malpresentation.png,fd2a75b298e442048f48ef95506518b1,image/png
https://sdacms.blob.core.windows.net/content/assets/images/africa/icon/procedure/antenatal_contact_checklist.png,0fef6ccd6b4a463793ac6cd27a4a6d33,icon
https://sdacms.blob.core.windows.net/content/assets/images/africa/richtext/antenatal_care_checklist.png,93c6f24774154ef6b8726e32921307ff,image/png
https://sdacms.blob.core.windows.net/content/assets/images/africa/richtext/take_history_1.png,93832729d83e47a2bdc90acf2b8d89a8,image/png
https://sdacms.blob.core.windows.net/content/assets/images/africa/richtext/urine_testing.png,0bb7ca1a8c224a69906c7e5dda6155d3,image/png
https://sdacms.blob.core.windows.net/content/assets/images/africa/richtext/blood_screening.png,46d61d60c5924c9993d1fd7155e1c8d3,image/png
https://sdacms.blob.core.windows.net/content/assets/images/africa/richtext/assess_for_signs.png,c68faaef50234e9cbb8ffd8e6096dadf,image/png
https://sdacms.blob.core.windows.net/content/assets/images/africa/icon/procedure/foetal_examination_fhr.png,f6a414bbbd8c488da1bbf1531cb99ca8,image/png
https://sdacms.blob.core.windows.net/content/assets/images/africa/richtext/take_history_2.png,2845752cc7f94d719716251d632b8b09,image/png
https://sdacms.blob.core.windows.net/content/assets/images/africa/richtext/foetal_examination_fhr.png,9ef3464994804a3aa356b02223a064d0,image/png
https://sdacms.blob.core.windows.net/content/assets/images/africa/icon/procedure/preventative_management_interventions.png,80fa8a0ff58c44598c6aecdeef29b84b,icon
https://sdacms.blob.core.windows.net/content/assets/images/africa/richtext/covid_vaccine.png,4438e6da823f45f3917e63436cf1393a,image/png
https://sdacms.blob.core.windows.net/content/assets/images/africa/richtext/sulfadoxine_pyrimethamine.png,92c9da12419341fa9e5b701151964317,image/png
https://sdacms.blob.core.windows.net/content/assets/images/africa/richtext/tenofovir_disoproxil_fumarate.png,d8ce378fa1e04f4e97547cb281d777ce,image/png
https://sdacms.blob.core.windows.net/content/assets/images/africa/richtext/albendazole_tablets.png,aab93e958b3344c9840c182378610a6b,image/png
https://sdacms.blob.core.windows.net/content/assets/images/africa/richtext/tetanus_toxoid_vaccination.png,1040a57ba963457c8e4ad7912da0d1ee,image/png
https://sdacms.blob.core.windows.net/content/assets/images/africa/richtext/ultrasound_scan.png,c452bbeb39d1427dab94c13d4d6e138b,image/png
https://sdacms.blob.core.windows.net/content/assets/images/africa/icon/procedure/routine_maternal_screening_and_tests.png,872a8aece50d413489e53e1ccbc94c4c,icon
https://sdacms.blob.core.windows.net/content/assets/images/africa/icon/procedure/diagnosis_2.png,7303e78ace324d088080d495c0383521,image/png
https://sdacms.blob.core.windows.net/content/assets/images/africa/richtext/provider_initiated_testing_and_counselling_pitc.png,9b4d3f2fea0f4853917f316925620bfd,image/png
https://sdacms.blob.core.windows.net/content/assets/images/africa/richtext/safer_sex_and_use_of_condoms.png,ab06995c5d1a48d4bd5b0a50f7a34502,image/png
https://sdacms.blob.core.windows.net/content/assets/images/africa/richtext/screening_for_tb.png,769bc33fa36042debe16bb7eb135c19b,image/png
https://sdacms.blob.core.windows.net/content/assets/images/africa/richtext/pelvic_floor_muscle_exercises.png,9177bd949cee425d809efacfab92d945,icon
https://sdacms.blob.core.windows.net/content/assets/images/africa/richtext/diagnosis_2.png,0ab770d70269464f8d1b502638ab8d9e,image/png
https://sdacms.blob.core.windows.net/content/assets/images/africa/key learning points/Antenatal Care/deworming_treatment.png,d9145ec432564c5b913483c650e1e49c,image/png
https://sdacms.blob.core.windows.net/content/assets/images/africa/richtext/tetanus_and_diptheria_vaccination.png,d18ed88054d540b5afd2ed4db10def04,image/png
https://sdacms.blob.core.windows.net/content/assets/images/africa/icon/procedure/PPH_blood_loss.png,13f471b2cdd0421f96526abf37f6a42e,icon
https://sdacms.blob.core.windows.net/content/assets/images/africa/icon/actioncard/PPH_blood_loss_weight_300.png,8f47bcf2b173489fa926d2e09fe10ddb,image/png
https://sdacms.blob.core.windows.net/content/assets/images/africa/richtext/cleaning_equipment.png,e2c0dd55f196447e93f41e6cfac463e0,image/png
https://sdacms.blob.core.windows.net/content/assets/images/africa/richtext/organize_cleaning_order_2.png,b4741773c48143689c77e07b019f0c3f,image/png
https://sdacms.blob.core.windows.net/content/assets/images/africa/richtext/cleaning_with_alcohol.png,8db82c79b6a743e0bafa53eed3144a3f,image/png
https://sdacms.blob.core.windows.net/content/assets/images/africa/richtext/cleaning_surfaces.png,16e47d87141144d582e72503529a00fe,image/png
https://sdacms.blob.core.windows.net/content/assets/images/africa/icon/procedure/PPE.png,9fdb67c7805e4f3fbc9db7e28dbb5428,icon
https://sdacms.blob.core.windows.net/content/assets/images/africa/icon/procedure/full_PPE.png,622702cde3ef418a91549b4502ebf245,image/png
https://sdacms.blob.core.windows.net/content/assets/images/africa/richtext/don’t_reuse_PPE.png,ad6d80ebf05c4a53b3d581ff2b3b50ad,image/png
https://sdacms.blob.core.windows.net/content/assets/images/africa/icon/procedure/sulfadoxine_pyrimethamine.png,578631c0d8c84ebda756a9db454b1d2c,image/png
https://sdacms.blob.core.windows.net/content/assets/images/africa/icon/procedure/comprehensive%20_breastfeeding.png,b0797ef32af2450cafac241996c1e1c2,icon
https://sdacms.blob.core.windows.net/content/assets/images/africa/richtext/breastfeeding.png,f21949c8013942969c4cef226f22081f,image/png
https://sdacms.blob.core.windows.net/content/assets/images/africa/richtext/effective_positioning.png,3aa9ff2df34140c3b104786e2254db4d,image/png
https://sdacms.blob.core.windows.net/content/assets/images/africa/richtext/ineffective_sucking.png,8398a028e8d6481d9ff9369a67cf1b31,image/png
https://sdacms.blob.core.windows.net/content/assets/images/africa/richtext/mastitis.png,f8c8f6e1a47f4d9cabfff9c618dac06a,image/png
https://sdacms.blob.core.windows.net/content/assets/images/africa/richtext/breast_engorgement.png,2ce78b570b2b4ce5bf48a01687968fc2,image/png
https://sdacms.blob.core.windows.net/content/assets/images/africa/richtext/alternative_feeding_methods.png,5df3322a0b2a43b4b1786bdca3a7fa43,image/png
https://sdacms.blob.core.windows.net/content/assets/images/africa/richtext/milk_by_cup.png,bcaccc8af48946c782dc13e7cbdeba3c,image/png
https://sdacms.blob.core.windows.net/content/assets/images/africa/richtext/supporting_mother_who_is_not_breastfeeding.png,df3d558993c04c3b99835df092d04004,image/png
https://sdacms.blob.core.windows.net/content/assets/images/africa/richtext/GAD-2.png,8cf0e01e60e341a0a858471c2fd4afc7,image/png
https://sdacms.blob.core.windows.net/content/assets/images/africa/richtext/GAD-7.png,5894ab6c6ca34c1883876de7cc100722,image/png
https://sdacms.blob.core.windows.net/content/assets/images/africa/richtext/PHQ 9.png,1c08574287144171abeefcb92b610900,image/png
https://sdacms.blob.core.windows.net/content/assets/images/africa/icon/actioncard/Treatment%20options.png,5e10f7078e0241fbb9c85184f8928160,icon
https://sdacms.blob.core.windows.net/content/assets/images/africa/richtext/Counselling.png,f3d5d1df835b4499a715263849225004,image/png
https://sdacms.blob.core.windows.net/content/assets/images/africa/richtext/Psychoeducation.png,8fdbc7520e4d445084ad115f291c60bf,image/png
https://sdacms.blob.core.windows.net/content/assets/images/africa/richtext/Eye movement desensitization reprocessing.png,64d948e4280f48d5aac0c6b128b499ea,image/png
https://sdacms.blob.core.windows.net/content/assets/images/africa/richtext/Parental skills training.png,cb9b363e85814e37ad6f6c45d80a6a06,image/png
https://sdacms.blob.core.windows.net/content/assets/images/africa/icon/procedure/use_of_condom.png,e212b43408944e1daae87a2b5da7120f,icon
https://sdacms.blob.core.windows.net/content/assets/images/africa/richtext/use_of_condom.png,0e42bb4ea1064d76a9d58369f91f4e05,image/png
https://sdacms.blob.core.windows.net/content/assets/images/africa/icon/actioncard/Expression%20of%20Breast%20Milk.png,a4516ff13ff54018b7c8dfb712f87c04,icon
https://sdacms.blob.core.windows.net/content/assets/images/africa/richtext/Expression of breast milk.png,e61c6de284694f67ada7c734572c535d,image/png
https://sdacms.blob.core.windows.net/content/assets/images/africa/icon/actioncard/IV%20line%20insertion.png,e795397caa754d73aeb6d22deb7b76de,icon
https://sdacms.blob.core.windows.net/content/assets/images/africa/richtext/Types of IV cannula.png,d2d5a223cb7c4c7387355a14bae17b77,image/png
https://sdacms.blob.core.windows.net/content/assets/images/africa/richtext/Fix the catheter.png,298294cef91f489ebd3a681ecbe09a90,image/png
https://sdacms.blob.core.windows.net/content/assets/images/africa/icon/procedure/AMTSL_INDIA_Breastfeeding.png,09cad0526df145ca843b6ee522d7b6c1,icon
https://sdacms.blob.core.windows.net/content/assets/images/africa/richtext/COSNB_Correct attachment.png,1bf3fc90a1504757ab4231bbd7583c83,image/png
https://sdacms.blob.core.windows.net/content/assets/images/africa/richtext/COSNB_Wrong Attachment.png,068b55189daa40b4a8587ea3fa888b1d,image/png
https://sdacms.blob.core.windows.net/content/assets/images/africa/icon/procedure/Urine_test_for_Albumin.png,a454acead1ba43ed921ccc0523622d99,icon
https://sdacms.blob.core.windows.net/content/assets/images/africa/richtext/Urine_strip.png,052c3b16e011499ea1b882caf7e02294,image/png
https://sdacms.blob.core.windows.net/content/assets/images/africa/icon/procedure/Perineal_tear_repair.png,2bc7af73299843148399a67ee8d096b6,icon
https://sdacms.blob.core.windows.net/content/assets/images/africa/richtext/Local_anaesthesia.png,a01222d2683a4a7286b61fb05a8be78a,image/png
https://sdacms.blob.core.windows.net/content/assets/images/africa/richtext/Continuous_suture.png,e11114bcfcd245bea9820f628ef09ebe,image/png
https://sdacms.blob.core.windows.net/content/assets/images/africa/richtext/Intermittent_suture.png,95d44f9c7e0d4baea13b5b5658988355,image/png
https://sdacms.blob.core.windows.net/content/assets/images/africa/richtext/Mattress_suture.png,0a2ce18a71304dd0919086cb501ec87f,image/png
https://sdacms.blob.core.windows.net/content/assets/images/africa/icon/procedure/Aortic_compression.png,4c18a4360cb34bfeb880cb15b537db77,icon
https://sdacms.blob.core.windows.net/content/assets/images/africa/icon/procedure/Spill_management.png,524b411e69334fdb942d6d57a61fc398,icon
https://sdacms.blob.core.windows.net/content/assets/images/africa/richtext/Spill_management.png,78d31747aba04cff89c2ccc42b0bde94,image/png
https://sdacms.blob.core.windows.net/content/assets/images/africa/icon/procedure/Sterilization.png,694a3ba165634a898d297570bcbb8dbc,icon
https://sdacms.blob.core.windows.net/content/assets/images/africa/richtext/Steam_sterilization.png,a300c31d318143158e05bc659b8b2c4b,image/png
https://sdacms.blob.core.windows.net/content/assets/images/africa/richtext/Chemical_sterilization.png,fb75904d6b48473b960e92258fc8a8b7,image/png
https://sdacms.blob.core.windows.net/content/assets/images/africa/richtext/HLD.png,2504aa9051474eee9e63c8bf24afb19a,image/png
https://sdacms.blob.core.windows.net/content/assets/images/africa/icon/procedure/Preparation_of_hypochlorite_solution.png,d081f32fb004418389692b1392e9e657,icon
https://sdacms.blob.core.windows.net/content/assets/images/africa/richtext/hypochlorite_solution.png,75005bc35d50441faabd3d00ac9843e5,image/png
https://sdacms.blob.core.windows.net/content/assets/images/africa/richtext/introduce the cannula.png,ab32d09c83a046288a170c5926e20d78,image/png
https://sdacms.blob.core.windows.net/content/assets/images/africa/richtext/pp_iv_baby_english_text.png,133e8348e59f4679b5a7c9caf2875e54,image/png
https://sdacms.blob.core.windows.net/content/assets/images/africa/richtext/Peripheral%20Vein.png,6da674bf10454888864e4a6ab9e68cb2,icon
https://sdacms.blob.core.windows.net/content/assets/images/africa/icon/procedure/intravenous access.png,06e0267c41124de4b94cb1c3c8eecaf7,image/png
https://sdacms.blob.core.windows.net/content/assets/images/africa/richtext/Peripheral Vein.png,0cf8095cde164c43a7e68f22a95b41bc,image/png
https://sdacms.blob.core.windows.net/content/assets/images/africa/key%20learning%20points/Infection%20prevention/germs-to-patients.png,5e24343214324b6297224de629d0fc22,icon
https://sdacms.blob.core.windows.net/content/assets/images/africa/key%20learning%20points/Infection%20prevention/overall_picture_of_hand_hygiene.png,7a4797bab3c2462faef53c20f093e76b,icon
https://sdacms.blob.core.windows.net/content/assets/images/africa/key%20learning%20points/Infection%20prevention/Handrub.png,582aab522bba4aa28d682a6a06b29531,icon
https://sdacms.blob.core.windows.net/content/assets/images/africa/key%20learning%20points/Infection%20prevention/which_soap.png,8b14272b8b0846d39d1f9ca7b480dd81,icon
https://sdacms.blob.core.windows.net/content/assets/images/africa/key%20learning%20points/Infection%20prevention/PPE_birth.png,7d544c2f2c4243288d4916f519d0bf28,icon
https://sdacms.blob.core.windows.net/content/assets/images/africa/key%20learning%20points/Infection%20prevention/same_gloves.png,fdfc5c71411640c38317da51fcd13c86,icon
https://sdacms.blob.core.windows.net/content/assets/images/africa/key%20learning%20points/Infection%20prevention/soap_solution.png,5f34eefc1e6e43aaaefa1b305bd38c80,icon
https://sdacms.blob.core.windows.net/content/assets/images/africa/key%20learning%20points/Infection%20prevention/sterile-items.png,438403bf375745ba891d480f511a7599,icon
https://sdacms.blob.core.windows.net/content/assets/images/africa/key%20learning%20points/Infection%20prevention/clean_items.png,f2aed305418d490fa93f8de3740dc9d6,icon
https://sdacms.blob.core.windows.net/content/assets/images/africa/key%20learning%20points/Infection%20prevention/wash-all-places.png,5b161acd734441d8947cbebb96158488,icon
https://sdacms.blob.core.windows.net/content/assets/images/africa/key%20learning%20points/General/drug_picture.png,e5a10de3cc1e4856a13fa6fe68e1c025,icon
https://sdacms.blob.core.windows.net/content/assets/images/africa/key%20learning%20points/Infection%20prevention/dead_mother.png,dc121453078e4fdca17413ad7bd7785e,icon
https://sdacms.blob.core.windows.net/content/assets/images/africa/key%20learning%20points/Infection%20prevention/dead_baby.png,617c0f06a8bb44ccb78ca3545bbe8293,icon
https://sdacms.blob.core.windows.net/content/assets/images/africa/key%20learning%20points/Infection%20prevention/handrub_vs_handwash.png,9d702f6c1af74d14a742e7cb28df4c45,icon
https://sdacms.blob.core.windows.net/content/assets/images/africa/key%20learning%20points/Infection%20prevention/rings_wrist_watches.png,ed7781378b344bc3a388c37ac2d1880e,icon
https://sdacms.blob.core.windows.net/content/assets/images/africa/key%20learning%20points/Infection%20prevention/paper_towel.png,9a4a06d96e2c485b8c7487a078e70ccb,icon
https://sdacms.blob.core.windows.net/content/assets/images/africa/key%20learning%20points/Infection%20prevention/shared_towel.png,a2d888c0184f41809a3cc189ecf47384,icon
https://sdacms.blob.core.windows.net/content/assets/images/africa/key%20learning%20points/Infection%20prevention/when-to-perform-hand-hygiene.png,f681af6e10ae4d1191133d5957dd0aa4,icon
https://sdacms.blob.core.windows.net/content/assets/images/africa/key%20learning%20points/Infection%20prevention/cleaning-and-storage.png,59ecfe0953f74681b63af2e026580778,icon
https://sdacms.blob.core.windows.net/content/assets/images/africa/key%20learning%20points/Infection%20prevention/disinfection-solution.png,723de4b2e517497abb2a924ee5e3ae18,icon
https://sdacms.blob.core.windows.net/content/assets/images/africa/key%20learning%20points/Infection%20prevention/hiv-and-hep.png,439db524867046db8f4d8a96fec6278e,icon
https://sdacms.blob.core.windows.net/content/assets/images/africa/key%20learning%20points/Infection%20prevention/hand_wash.png,285dbcc8050d496295c08b973044f128,icon
https://sdacms.blob.core.windows.net/content/assets/images/africa/key%20learning%20points/Infection%20prevention/amount_of_handrub.png,1f6eb59d902b4bdd9bf2ba357f6bf287,icon
https://sdacms.blob.core.windows.net/content/assets/images/africa/key%20learning%20points/Infection%20prevention/removing-gloves.png,7690359a19d2416c8dae497cf5dec787,icon
https://sdacms.blob.core.windows.net/content/assets/images/africa/key%20learning%20points/Infection%20prevention/birth.png,146364b75d764f769cc3040215eb6486,icon
https://sdacms.blob.core.windows.net/content/assets/images/africa/key%20learning%20points/Infection%20prevention/disinfection_solution.png,c7e7a3019a7b4db99152c84105b6d270,icon
https://sdacms.blob.core.windows.net/content/assets/images/africa/key%20learning%20points/Post%20abortion%20care/unsafe-abortion.png,f24e916885f847e3ab5313f40a175116,icon
https://sdacms.blob.core.windows.net/content/assets/images/africa/key%20learning%20points/Hypertension/preeclampsia.png,06e8e341fb82414fb79415c675c0e8a6,icon
https://sdacms.blob.core.windows.net/content/assets/images/africa/key%20learning%20points/Hypertension/blood_pressure.png,5b37393ac34948f0b3fa20ca4ea57efb,icon
https://sdacms.blob.core.windows.net/content/assets/images/africa/key%20learning%20points/Hypertension/blood_pressure_measurement.png,7c3aa0c774bc4323bf0beab1a41e351e,icon
https://sdacms.blob.core.windows.net/content/assets/images/africa/key%20learning%20points/Hypertension/headache.png,3857587191f04a048f4e5a0da9c7b794,icon
https://sdacms.blob.core.windows.net/content/assets/images/africa/key%20learning%20points/Hypertension/headache-and-visual-disturbance.png,4a5b54ce72314a21a14c473ddfa705f2,icon
https://sdacms.blob.core.windows.net/content/assets/images/africa/key%20learning%20points/Hypertension/respiratory-distress.png,d6a6a9bc66ff4d1fb49d14eeddb727c5,icon
https://sdacms.blob.core.windows.net/content/assets/images/africa/key%20learning%20points/Hypertension/oliguria.png,b7a6851db5484df38b56ab4bf400089d,icon
https://sdacms.blob.core.windows.net/content/assets/images/africa/key%20learning%20points/Hypertension/seizures.png,9774d8537311462dbdbda8ad9cdbe412,icon
https://sdacms.blob.core.windows.net/content/assets/images/africa/key%20learning%20points/Hypertension/causes.png,2e633e0f2da84f909c808fd7e46f7fe0,icon
https://sdacms.blob.core.windows.net/content/assets/images/africa/key%20learning%20points/Hypertension/urine_dipstick.png,5acfe307047849aa8332e53ae45fed03,icon
https://sdacms.blob.core.windows.net/content/assets/images/africa/key%20learning%20points/Hypertension/BP_below_80.png,e69e250d8a274d58abae181a25c6a0f3,icon
https://sdacms.blob.core.windows.net/content/assets/images/africa/key%20learning%20points/Hypertension/hydralazine.png,b54d5553e93544de9894427a00e5daf8,icon
https://sdacms.blob.core.windows.net/content/assets/images/africa/key%20learning%20points/Maternal%20sepsis/fluid_close_up.png,715ee287b5d44c8f9c0bdc0a9284eb0f,icon
https://sdacms.blob.core.windows.net/content/assets/images/africa/key%20learning%20points/Hypertension/blood-pressure.png,a50fcbd7237047e990bccbdd6b07fd00,icon
https://sdacms.blob.core.windows.net/content/assets/images/africa/key%20learning%20points/Hypertension/danger_magnesium_sulphate.png,03d5c51ba9a64d8bb83dc7b40fef73c3,icon
https://sdacms.blob.core.windows.net/content/assets/images/africa/key%20learning%20points/Post%20partum%20hemorrage/ambulance.png,9ae5b821321a40a4b3e6ad4c77047c2b,icon
https://sdacms.blob.core.windows.net/content/assets/images/africa/key%20learning%20points/Female%20genital%20mutilation/girl_being_cut.png,98e1bd916d3a4ba29fa5b827da7e4a3b,icon
https://sdacms.blob.core.windows.net/content/assets/images/africa/key%20learning%20points/Female%20genital%20mutilation/types_of_fgm.png,b062782cb277495b915725cbcde34fdc,icon
https://sdacms.blob.core.windows.net/content/assets/images/africa/key%20learning%20points/Female%20genital%20mutilation/type_1.png,bc452f3289ec40d6b7cc8a49bab020e6,icon
https://sdacms.blob.core.windows.net/content/assets/images/africa/key%20learning%20points/Female%20genital%20mutilation/type_2.png,c47b677798f54df093fbc638455666ab,icon
https://sdacms.blob.core.windows.net/content/assets/images/africa/key%20learning%20points/Female%20genital%20mutilation/type_3.png,c004208a6dbd47048234e3b709188f33,icon
https://sdacms.blob.core.windows.net/content/assets/images/africa/key%20learning%20points/Female%20genital%20mutilation/recommendation_after_birth.png,16ec34590b084016a969b2e961628036,icon
https://sdacms.blob.core.windows.net/content/assets/images/africa/key%20learning%20points/Female%20genital%20mutilation/vaginal_examination.png,57bf04a7d3154b77ab4000e919d40fce,icon
https://sdacms.blob.core.windows.net/content/assets/images/africa/key%20learning%20points/Female%20genital%20mutilation/birth_complications.png,e43eafce1a25472abc8b65af4879950d,icon
https://sdacms.blob.core.windows.net/content/assets/images/africa/key%20learning%20points/Female%20genital%20mutilation/visualize_urethra.png,37ee23e1329546c78bd0a11f011506c0,icon
https://sdacms.blob.core.windows.net/content/assets/images/africa/key%20learning%20points/Female%20genital%20mutilation/de_infibulation.png,1629b17a29964234a605ad9af55bcc17,icon
https://sdacms.blob.core.windows.net/content/assets/images/africa/key%20learning%20points/Female%20genital%20mutilation/sutures.png,553799af52654645b9474c72a66bb724,icon
https://sdacms.blob.core.windows.net/content/assets/images/africa/key%20learning%20points/Female%20genital%20mutilation/episiotomy.png,80f2388acea843e1a24b8959a9553cf8,icon
https://sdacms.blob.core.windows.net/content/assets/images/africa/key%20learning%20points/Female%20genital%20mutilation/baby_being_born.png,1b76bd0e782f4336a45e88416c9ebef3,icon
https://sdacms.blob.core.windows.net/content/assets/images/africa/key%20learning%20points/Female%20genital%20mutilation/wash_genitals.png,70d06c6fab1a4822bf7d9c8f8947b55f,icon
https://sdacms.blob.core.windows.net/content/assets/images/africa/key%20learning%20points/Active%20management%20of%20third%20stage/active_management.png,bf0f7c85dfd345f492cd689f697263bb,icon
https://sdacms.blob.core.windows.net/content/assets/images/africa/key%20learning%20points/Active%20management%20of%20third%20stage/oxytocin.png,1870604f34b14a00ba23c8171ea4098e,icon
https://sdacms.blob.core.windows.net/content/assets/images/africa/key%20learning%20points/Active%20management%20of%20third%20stage/no_oxytocin.png,1e3044fd0e234fc783003fbf7fd7e9fe,icon
https://sdacms.blob.core.windows.net/content/assets/images/africa/key%20learning%20points/Active%20management%20of%20third%20stage/newborn_on_the_mother.png,adc719f624f14c15873576941c0aa463,icon
https://sdacms.blob.core.windows.net/content/assets/images/africa/key%20learning%20points/Active%20management%20of%20third%20stage/green_newborn.png,645ac320dfed4f96b848912ed10e6f34,icon
https://sdacms.blob.core.windows.net/content/assets/images/africa/key%20learning%20points/Active%20management%20of%20third%20stage/brand_new_baby.png,d9a0acd6e05745b7ad2b348dcf8a02d6,icon
https://sdacms.blob.core.windows.net/content/assets/images/africa/key%20learning%20points/Active%20management%20of%20third%20stage/dry_newborn.png,60a03e0185694ec4b5ed08fb89ef8ac0,icon
https://sdacms.blob.core.windows.net/content/assets/images/africa/key%20learning%20points/Active%20management%20of%20third%20stage/ventilation_mask.png,6bcec780dfd4429f97b14954670b81d0,icon
https://sdacms.blob.core.windows.net/content/assets/images/africa/key%20learning%20points/Active%20management%20of%20third%20stage/cord_clamping.png,c3c51526d5784017b2d56f7c0ecdd211,icon
https://sdacms.blob.core.windows.net/content/assets/images/africa/key%20learning%20points/Active%20management%20of%20third%20stage/holding_the_cord_tight.png,22d0ee7c9bf541d1a5ad59e26416b0b5,icon
https://sdacms.blob.core.windows.net/content/assets/images/africa/key%20learning%20points/Active%20management%20of%20third%20stage/pulling_the_cord.png,d29bba325fc14906a86f0cb69ee16046,icon
https://sdacms.blob.core.windows.net/content/assets/images/africa/key%20learning%20points/Active%20management%20of%20third%20stage/controlled_cord_traction.png,d1e2e0624f2f48b2a650f5fd07e70016,icon
https://sdacms.blob.core.windows.net/content/assets/images/africa/key%20learning%20points/Active%20management%20of%20third%20stage/delivery_of_the_placenta.png,6775c54bad184de68d53da67646a3a9b,icon
https://sdacms.blob.core.windows.net/content/assets/images/africa/key%20learning%20points/Active%20management%20of%20third%20stage/vaginal_bleeding.png,40209b716e4843a3b18f8c087639a9cb,icon
https://sdacms.blob.core.windows.net/content/assets/images/africa/key%20learning%20points/Active%20management%20of%20third%20stage/examination_of_placenta.png,7f751918b669473d84a8adcd15c692ed,icon
https://sdacms.blob.core.windows.net/content/assets/images/africa/key%20learning%20points/Active%20management%20of%20third%20stage/maternal_surface_of_placenta.png,e9dc0c9f94954b8e8df66bb7b75ba1ac,icon
https://sdacms.blob.core.windows.net/content/assets/images/africa/key%20learning%20points/Active%20management%20of%20third%20stage/observe_the_mother_and_newborn.png,4cae6db137fd4e3998b6695f436dda30,icon
https://sdacms.blob.core.windows.net/content/assets/images/africa/key%20learning%20points/Active%20management%20of%20third%20stage/newborn_on_a_blanket.png,a3382697db0f4bd1aef8a47ec10d37b6,icon
https://sdacms.blob.core.windows.net/content/assets/images/africa/key%20learning%20points/Active%20management%20of%20third%20stage/palpation_of_uterus.png,0e6b2ad95cae4fb5ac56f61bf239d9fd,icon
https://sdacms.blob.core.windows.net/content/assets/images/africa/key%20learning%20points/Active%20management%20of%20third%20stage/cord_care_after_1_hour.png,7797b49c2fff4b14bccafe7e6c216781,icon
https://sdacms.blob.core.windows.net/content/assets/images/africa/key%20learning%20points/Active%20management%20of%20third%20stage/breastfeeding.png,19b0f1b55c794a489f7fd5fc8956f917,icon
https://sdacms.blob.core.windows.net/content/assets/images/africa/key%20learning%20points/Prolonged%20labour/prolonged_labour.png,036bc05c7ac744fb9d8873cea6c4da4d,icon
https://sdacms.blob.core.windows.net/content/assets/images/africa/key%20learning%20points/Prolonged%20labour/newborn_open_mouth.png,2986ed919a9745d5a7da95069efd3299,icon
https://sdacms.blob.core.windows.net/content/assets/images/africa/key%20learning%20points/Prolonged%20labour/woman_in_pain.png,a32d20507a9d45c09fb6cfa294f1dfb6,icon
https://sdacms.blob.core.windows.net/content/assets/images/africa/key%20learning%20points/Prolonged%20labour/power.png,d0894200867f4e15b7a1d35709c560a6,icon
https://sdacms.blob.core.windows.net/content/assets/images/africa/key%20learning%20points/Prolonged%20labour/young_girl.png,c15e5633974b48aea861286e0eb9b713,icon
https://sdacms.blob.core.windows.net/content/assets/images/africa/key%20learning%20points/Prolonged%20labour/fetus_and_pelvis.png,7ce6fe3256354d7582bb415445391816,icon
https://sdacms.blob.core.windows.net/content/assets/images/africa/key%20learning%20points/Prolonged%20labour/narrow_pelvis.png,82d6f47cd8ca438f9ec14e2393f73d6f,icon
https://sdacms.blob.core.windows.net/content/assets/images/africa/key%20learning%20points/General/presentations.png,a075dcb168c64a3b88fe15d4c05975a7,icon
https://sdacms.blob.core.windows.net/content/assets/images/africa/key%20learning%20points/Prolonged%20labour/psyche.png,ad2da7cb0453441c96249c200998c0d3,icon
https://sdacms.blob.core.windows.net/content/assets/images/africa/key%20learning%20points/Prolonged%20labour/pushing_a.png,1ba26dd028fd4c14927449f88f989514,icon
https://sdacms.blob.core.windows.net/content/assets/images/africa/key%20learning%20points/Prolonged%20labour/pushing_h.png,abd044bcb37c4d37935b85019f205556,icon
https://sdacms.blob.core.windows.net/content/assets/images/africa/key%20learning%20points/Prolonged%20labour/ve_almost_born.png,c750ce79cebf4af088f5540dd15664ea,icon
https://sdacms.blob.core.windows.net/content/assets/images/africa/key%20learning%20points/Prolonged%20labour/heart_rate_monitoring.png,17f5beac82254dcebad606b5f03d6334,icon
https://sdacms.blob.core.windows.net/content/assets/images/africa/key%20learning%20points/Prolonged%20labour/fhr_assessed.png,23c9980a88b3452986955ce303db13af,icon
https://sdacms.blob.core.windows.net/content/assets/images/africa/key%20learning%20points/Prolonged%20labour/ve_shown_to_woman.png,cfddf17aff434478b460fd7f384a83b7,icon
https://sdacms.blob.core.windows.net/content/assets/images/africa/key%20learning%20points/Prolonged%20labour/correct_way_to_place_the_cup.png,9e51f0ddbadd40188bda55ed7f1ba6d0,icon
https://sdacms.blob.core.windows.net/content/assets/images/africa/key%20learning%20points/Prolonged%20labour/a-j%2C_also.png,c7593052c0f04bd6bc97544123a2710e,icon
https://sdacms.blob.core.windows.net/content/assets/images/africa/key%20learning%20points/Prolonged%20labour/vacuum_extractor.png,cc47ce6085e441c4a398ac1c0b1440fa,icon
https://sdacms.blob.core.windows.net/content/assets/images/africa/key%20learning%20points/Manual%20removal%20of%20placenta/placenta.png,da16215392eb4169a64b813aa12aa977,icon
https://sdacms.blob.core.windows.net/content/assets/images/africa/key%20learning%20points/Manual%20removal%20of%20placenta/retained_placenta.png,21e2a8d51e2a4e8abd10f37ca2311e77,icon
https://sdacms.blob.core.windows.net/content/assets/images/africa/key%20learning%20points/Manual%20removal%20of%20placenta/pulling_the_cord_i.png,89f2f316819c47d0a212aae8e2ddb5fa,icon
https://sdacms.blob.core.windows.net/content/assets/images/africa/key%20learning%20points/Manual%20removal%20of%20placenta/call_for_help.png,af964e8450a94a27b0ea8c7e63e5128c,icon
https://sdacms.blob.core.windows.net/content/assets/images/africa/key%20learning%20points/Manual%20removal%20of%20placenta/aorta_compression_a.png,bfc1fac521924b98b0c9cf489a2ee924,icon
https://sdacms.blob.core.windows.net/content/assets/images/africa/key%20learning%20points/Manual%20removal%20of%20placenta/fluid_close_up.png,f0963402d90f4569888b022d79cf01c0,icon
https://sdacms.blob.core.windows.net/content/assets/images/africa/key%20learning%20points/Manual%20removal%20of%20placenta/iv_fluid_fast_as_possible.png,26644a7c38b6403a942c320a64afebee,icon
https://sdacms.blob.core.windows.net/content/assets/images/africa/key%20learning%20points/Manual%20removal%20of%20placenta/blood_transfusion.png,8a5647899444405cb65355df87119929,icon
https://sdacms.blob.core.windows.net/content/assets/images/africa/key%20learning%20points/Manual%20removal%20of%20placenta/how_to_remove_placenta.png,e5d8665fe0044a04b9c08491acc48dfe,icon
https://sdacms.blob.core.windows.net/content/assets/images/africa/key%20learning%20points/Manual%20removal%20of%20placenta/mrp_including_aorta_compression.png,e7fbb0ae01b14b57bd0a02243aa7433e,icon
https://sdacms.blob.core.windows.net/content/assets/images/africa/key%20learning%20points/Manual%20removal%20of%20placenta/hand_trying_to_remove_placenta.png,bf1197dae44f46d5a4055959ceb4aaf4,icon
https://sdacms.blob.core.windows.net/content/assets/images/africa/key%20learning%20points/Manual%20removal%20of%20placenta/condom_balloon_tamponade.png,d29c38f0cfe341218b68cd1d6145f4b8,icon
https://sdacms.blob.core.windows.net/content/assets/images/africa/key%20learning%20points/Manual%20removal%20of%20placenta/monitoring.png,a951af26a5574f9d81965db914261f72,icon
https://sdacms.blob.core.windows.net/content/assets/images/africa/key%20learning%20points/Manual%20removal%20of%20placenta/ambulance.png,1ebb48bfad47495686dab1e01d911d9a,icon
https://sdacms.blob.core.windows.net/content/assets/images/africa/key%20learning%20points/Neonatal%20resuscitation/death_newborn.png,96adb593d48142059acb1fbb08f3eab5,icon
https://sdacms.blob.core.windows.net/content/assets/images/africa/key%20learning%20points/Neonatal%20management/mother_is_told_about_dead_child.png,a53dfdf20b194bfe99ee1135742040c2,icon
https://sdacms.blob.core.windows.net/content/assets/images/africa/key%20learning%20points/Neonatal%20management/in_arm_to_mother.png,9ec46f848ecc4b3eb59cf1ad738832a2,icon
https://sdacms.blob.core.windows.net/content/assets/images/africa/key%20learning%20points/Neonatal%20management/newborn_with_infection.png,c49732f1ff364d198d085ceba5a54f3f,icon
https://sdacms.blob.core.windows.net/content/assets/images/africa/key%20learning%20points/Neonatal%20resuscitation/ventilation.png,10ca4b83b89e45138efc90fd18f187e1,icon
https://sdacms.blob.core.windows.net/content/assets/images/africa/key%20learning%20points/Neonatal%20resuscitation/stable_newborn.png,cb859e1f0c9847d8a2f6f438154c37c4,icon
https://sdacms.blob.core.windows.net/content/assets/images/africa/key%20learning%20points/Neonatal%20management/breastfeeding_1.png,5873582a98894cd2b724aede3854d94e,icon
https://sdacms.blob.core.windows.net/content/assets/images/africa/key%20learning%20points/Neonatal%20management/premature_newborn.png,597a56facee44a49a839b272d8f16608,icon
https://sdacms.blob.core.windows.net/content/assets/images/africa/key%20learning%20points/Neonatal%20management/low_birth_weight_preterm.png,8164a1c39b73447b8cc556722aa53593,icon
https://sdacms.blob.core.windows.net/content/assets/images/africa/key%20learning%20points/Neonatal%20management/sleeping_newborn.png,1dbb4d99a2b141799e5cee7423a2f3bd,icon
https://sdacms.blob.core.windows.net/content/assets/images/africa/key%20learning%20points/Neonatal%20management/floppy_child_not_newborn.png,31758ff1d2954a67882ff959e775fb92,icon
https://sdacms.blob.core.windows.net/content/assets/images/africa/key%20learning%20points/Neonatal%20management/airway_written.png,285ab69a400941fc8687caf6dbc6de30,icon
https://sdacms.blob.core.windows.net/content/assets/images/africa/key%20learning%20points/Neonatal%20resuscitation/newborn_blue_lips.png,689eba98d46b440582c619b691baf94d,icon
https://sdacms.blob.core.windows.net/content/assets/images/africa/key%20learning%20points/Neonatal%20management/sick_newborn.png,9fd57f9282d84580b796f2bea3a08946,icon
https://sdacms.blob.core.windows.net/content/assets/images/africa/key%20learning%20points/Neonatal%20management/capillary_refill.png,b8d43c5aaa5940cbb715152442321129,icon
https://sdacms.blob.core.windows.net/content/assets/images/africa/key%20learning%20points/Neonatal%20management/severe_jaundice.png,b5ab3d08d2ff46aeaf53ee1b4293303c,icon
https://sdacms.blob.core.windows.net/content/assets/images/africa/key%20learning%20points/Neonatal%20management/exposure_newborn_with_thermometer.png,17e3679955d04bb59558b1b612ea4434,icon
https://sdacms.blob.core.windows.net/content/assets/images/africa/key%20learning%20points/Neonatal%20management/obstructed_airway.png,716d254d38b049368d08600965d68396,icon
https://sdacms.blob.core.windows.net/content/assets/images/africa/key%20learning%20points/Neonatal%20management/pale_blue_lips.png,0299220078d34600a9fe8b49058c8bb0,icon
https://sdacms.blob.core.windows.net/content/assets/images/africa/key%20learning%20points/Neonatal%20management/bad_looking_baby.png,09fcf98a8445452fa41d38081f9fd384,icon
https://sdacms.blob.core.windows.net/content/assets/images/africa/key%20learning%20points/Neonatal%20management/low_blood_sugar.png,7ad168a2c8d14171af0eb8944a95350b,icon
https://sdacms.blob.core.windows.net/content/assets/images/africa/key%20learning%20points/Neonatal%20management/ab_to_newborn.png,60169dd39ea740deb9357fc4de528cb3,icon
https://sdacms.blob.core.windows.net/content/assets/images/africa/key%20learning%20points/Neonatal%20management/breastfeeding_2.png,3c4d6e43a4e14c95a2ec1d2c2591ec52,icon
https://sdacms.blob.core.windows.net/content/assets/images/africa/key%20learning%20points/Neonatal%20resuscitation/not_breathing.png,2be6aeed92d740a082ae91c2df18167b,icon
https://sdacms.blob.core.windows.net/content/assets/images/africa/key%20learning%20points/Neonatal%20resuscitation/brand_new_baby.png,716236e6fa36451fbffa385bfed10e21,icon
https://sdacms.blob.core.windows.net/content/assets/images/africa/key%20learning%20points/Neonatal%20resuscitation/newborn_being_born.png,8084e5036698479882fce8a043f26be0,icon
https://sdacms.blob.core.windows.net/content/assets/images/africa/key%20learning%20points/Neonatal%20resuscitation/thick_meconium.png,20bab3aa55254c0982075a7edef0cfb2,icon
https://sdacms.blob.core.windows.net/content/assets/images/africa/key%20learning%20points/Neonatal%20resuscitation/blue_newborn.png,2c5b4b2d69bd4387b3bb881e40e0f55e,icon
https://sdacms.blob.core.windows.net/content/assets/images/africa/key%20learning%20points/Neonatal%20resuscitation/newborn_at_mothers_abdomen_blue_lips.png,374b457b5236462d849e7b4ece66c8cd,icon
https://sdacms.blob.core.windows.net/content/assets/images/africa/key%20learning%20points/Neonatal%20resuscitation/newborn_head_position.png,57554cca35c64d55b0a64644d53ae5d0,icon
https://sdacms.blob.core.windows.net/content/assets/images/africa/key%20learning%20points/Neonatal%20resuscitation/mask_of_the_newborn.png,af5f652ce1564fd8bca9d5df2dcef41e,icon
https://sdacms.blob.core.windows.net/content/assets/images/africa/key%20learning%20points/Neonatal%20resuscitation/newborn_ventilation.png,8150aa124efd4a94985fbbc7e9d3d2f3,icon
https://sdacms.blob.core.windows.net/content/assets/images/africa/key%20learning%20points/Neonatal%20resuscitation/newborn_resuscitation.png,6bdf633a07e24263a75ee31938f15589,icon
https://sdacms.blob.core.windows.net/content/assets/images/africa/key%20learning%20points/Neonatal%20resuscitation/assessment_of_newborn_during_resus.png,014bc586bbbd4d97bc0aaf24a750d5ee,icon
https://sdacms.blob.core.windows.net/content/assets/images/africa/key%20learning%20points/Neonatal%20resuscitation/newborn_chest.png,42653915a8c14429bbbe3327f0376d67,icon
https://sdacms.blob.core.windows.net/content/assets/images/africa/key%20learning%20points/Neonatal%20resuscitation/ventilation_mask.png,a172619858de44fb80e69f68d443763a,icon
https://sdacms.blob.core.windows.net/content/assets/images/africa/key%20learning%20points/Neonatal%20resuscitation/newborn_ventilation_h.png,8174df705e434fa98341ba658455155c,icon
https://sdacms.blob.core.windows.net/content/assets/images/africa/key%20learning%20points/Neonatal%20resuscitation/ventilation_breaths.png,2a19688f042f4572a93fe4280eec7133,icon
https://sdacms.blob.core.windows.net/content/assets/images/africa/key%20learning%20points/Neonatal%20resuscitation/assess_after_resuscitation.png,ef2ea82ec9364dc4a1a42b46574cb09a,icon
https://sdacms.blob.core.windows.net/content/assets/images/africa/key%20learning%20points/Neonatal%20resuscitation/newborn_breathing_well.png,1950b30058144f0cbf24e007340fbcc8,icon
https://sdacms.blob.core.windows.net/content/assets/images/africa/key%20learning%20points/Neonatal%20resuscitation/newborn_indrawings.png,63433d2c8553469294e936b197f9c1bc,icon
https://sdacms.blob.core.windows.net/content/assets/images/africa/key%20learning%20points/Neonatal%20resuscitation/normal_newborn.png,251ee1c958a448daa1d9d0cee0e72383,icon
https://sdacms.blob.core.windows.net/content/assets/images/africa/key%20learning%20points/Infection%20prevention/wet_container.png,b1b887d8a6bf4d6aae588a5f08478bfa,icon
https://sdacms.blob.core.windows.net/content/assets/images/africa/key%20learning%20points/Infection%20prevention/no-air-dry.png,4275c33b8f6f4c30bc416749cffb3432,icon
https://sdacms.blob.core.windows.net/content/assets/images/africa/key%20learning%20points/Active%20management%20of%20third%20stage/placenta_in_uterus.png,be31e1f102bb4ab88579f6cf8906ed81,icon
https://sdacms.blob.core.windows.net/content/assets/images/africa/key%20learning%20points/Post%20partum%20hemorrage/active_foundation.png,2ad50b2f88e84c888a175c370c2a8413,icon
https://sdacms.blob.core.windows.net/content/assets/images/africa/key%20learning%20points/Post%20partum%20hemorrage/3_persons_bleeding.png,a60ad788bc4a42a68618b87c3076c579,icon
https://sdacms.blob.core.windows.net/content/assets/images/africa/key%20learning%20points/Post%20partum%20hemorrage/strong_bleeding.png,86d1cb1397204d0191730590bcfaf349,icon
https://sdacms.blob.core.windows.net/content/assets/images/africa/key%20learning%20points/Post%20abortion%20care/cold%2C-sweaty-woman.png,e6a7f15cf53545a0832b9bea54ee5205,icon
https://sdacms.blob.core.windows.net/content/assets/images/africa/key%20learning%20points/Post%20partum%20hemorrage/moderate_bleeding.png,f1fd731dc8274f378400b7cf10759737,icon
https://sdacms.blob.core.windows.net/content/assets/images/africa/key%20learning%20points/Post%20partum%20hemorrage/uterus_massage.png,9b8291baf80f4b19a3ee548ccc87e018,icon
https://sdacms.blob.core.windows.net/content/assets/images/africa/key%20learning%20points/Post%20partum%20hemorrage/urine_catheter.png,d1d592e9cb7a46e6a365bfb06ef5ff75,icon
https://sdacms.blob.core.windows.net/content/assets/images/africa/key%20learning%20points/Post%20partum%20hemorrage/blood_pressure.png,1017bada5e784843a2cf8e77f788008e,icon
https://sdacms.blob.core.windows.net/content/assets/images/africa/key%20learning%20points/Post%20partum%20hemorrage/bimanual_compression.png,12b38211cafd4afe92e3dbc1651397a7,icon
https://sdacms.blob.core.windows.net/content/assets/images/africa/key%20learning%20points/Post%20partum%20hemorrage/sterile_long_gloves.png,83672e4eb1ac469f8932083524b4ab51,icon
https://sdacms.blob.core.windows.net/content/assets/images/africa/key%20learning%20points/Post%20partum%20hemorrage/ergometrine.png,f7cc115efbd848ac83947336525dd1cb,icon
https://sdacms.blob.core.windows.net/content/assets/images/africa/key%20learning%20points/Post%20partum%20hemorrage/two_midwifes.png,3980d176f7df4680a64431e54ef09e9e,icon
https://sdacms.blob.core.windows.net/content/assets/images/africa/key%20learning%20points/Post%20partum%20hemorrage/rectal_exploration.png,c867cdd708ee4e89bb7c05fba8accf2d,icon
https://sdacms.blob.core.windows.net/content/assets/images/africa/key%20learning%20points/Post%20partum%20hemorrage/placenta_with_membranes.png,58c4569498d54068b0510ac92903784c,icon
https://sdacms.blob.core.windows.net/content/assets/images/africa/key%20learning%20points/Post%20partum%20hemorrage/remain_tissue.png,8cd44035ce52401bb4d00321f866a533,icon
https://sdacms.blob.core.windows.net/content/assets/images/africa/key%20learning%20points/Post%20partum%20hemorrage/haemoglobin.png,1e013764b81a4de1a99e051e2ccbe3f4,icon
https://sdacms.blob.core.windows.net/content/assets/images/africa/key%20learning%20points/Post%20partum%20hemorrage/removal_of_tissue.png,8a851487a5bd41dcb0cbdaa1bca1c04e,icon
https://sdacms.blob.core.windows.net/content/assets/images/africa/key%20learning%20points/Post%20partum%20hemorrage/condom_balloon_tamponade.png,1526c48c86944621a4890fd5dc4a9148,icon
https://sdacms.blob.core.windows.net/content/assets/images/africa/key%20learning%20points/Post%20partum%20hemorrage/midwife_calling_for_help.png,76657c8f8b6c407392b0b3f3fb05b288,icon
https://sdacms.blob.core.windows.net/content/assets/images/africa/key%20learning%20points/Post%20partum%20hemorrage/head_down_position.png,a201245d98934bad97c9ff29a5e0d1c7,icon
https://sdacms.blob.core.windows.net/content/assets/images/africa/key%20learning%20points/Post%20partum%20hemorrage/to_helpers_bleeding.png,4776bd8a07894782a3b27e09fa31ceda,icon
https://sdacms.blob.core.windows.net/content/assets/images/africa/key%20learning%20points/Manual%20removal%20of%20placenta/manual_removal.png,b27071d325374b03b30cba6982140634,icon
https://sdacms.blob.core.windows.net/content/assets/images/africa/key%20learning%20points/Manual%20removal%20of%20placenta/pulling_the_cord_m.png,d770b38ee18f4cf2bfb88b820a446839,icon
https://sdacms.blob.core.windows.net/content/assets/images/africa/key%20learning%20points/Manual%20removal%20of%20placenta/strong_bleeding.png,7bdcb9bb97744572bfdf20052c105505,icon
https://sdacms.blob.core.windows.net/content/assets/images/africa/key%20learning%20points/Manual%20removal%20of%20placenta/resuscitation_without_mask.png,8d65cf413a554083b264b2e26d681ac3,icon
https://sdacms.blob.core.windows.net/content/assets/images/africa/key%20learning%20points/Manual%20removal%20of%20placenta/aorta_compression_m.png,8b8bc090235441b29f4217a9fbaab53b,icon
https://sdacms.blob.core.windows.net/content/assets/images/africa/key%20learning%20points/Manual%20removal%20of%20placenta/start_manual_removal.png,16244546eda448f2925418270e6cad27,icon
https://sdacms.blob.core.windows.net/content/assets/images/africa/key%20learning%20points/Manual%20removal%20of%20placenta/stop_aorta_compression.png,018c5eb5c4c649baa873c72cd58325a1,icon
https://sdacms.blob.core.windows.net/content/assets/images/africa/key%20learning%20points/Manual%20removal%20of%20placenta/harmony_after_mrp.png,321bb4052b0d436fa4c85987cd8cc2a9,icon
https://sdacms.blob.core.windows.net/content/assets/images/africa/key%20learning%20points/Manual%20removal%20of%20placenta/drip_with_medicine.png,d910836114cd4f55834cf8e62183640d,icon
https://sdacms.blob.core.windows.net/content/assets/images/africa/key%20learning%20points/Post%20abortion%20care/half-dead-woman.png,461ce5f701724dea95a2907818ec91e4,icon
https://sdacms.blob.core.windows.net/content/assets/images/africa/key%20learning%20points/Post%20abortion%20care/questions.png,b518431116c34f6c96f2d9fa1fb9a654,icon
https://sdacms.blob.core.windows.net/content/assets/images/africa/key%20learning%20points/Post%20abortion%20care/fever.png,e69a98d02e6749adae819d28cba7d31c,icon
https://sdacms.blob.core.windows.net/content/assets/images/africa/key%20learning%20points/Post%20abortion%20care/urine-pregnancy-test.png,f3fd314c54004608a64f61af273a8c99,icon
https://sdacms.blob.core.windows.net/content/assets/images/africa/key%20learning%20points/Neonatal%20management/conversation.png,83a1b3f4881e441dab80099836a1d34e,icon
https://sdacms.blob.core.windows.net/content/assets/images/africa/key%20learning%20points/General/cephalic_occiput_posterior.png,c0207015f89d4595a6405ac3e4471554,icon
https://sdacms.blob.core.windows.net/content/assets/images/africa/key%20learning%20points/Prolonged%20labour/kind_midwife.png,ac2d675a25b84ad684f792432c32b029,icon
https://sdacms.blob.core.windows.net/content/assets/images/africa/key%20learning%20points/Prolonged%20labour/lower_back_massage.png,5e80bb606a9b4d27b887e9d732fbecf8,icon
https://sdacms.blob.core.windows.net/content/assets/images/africa/key%20learning%20points/Prolonged%20labour/partograph.png,d64fa3e3d58e4e44973a8a70aef2f36c,icon
https://sdacms.blob.core.windows.net/content/assets/images/africa/key%20learning%20points/Prolonged%20labour/partograph_a.png,3b668e3a3a194381ab205fd424ecd2bc,icon
https://sdacms.blob.core.windows.net/content/assets/images/africa/key%20learning%20points/Prolonged%20labour/heart_rate.png,74fdff65479d496a97de711a98f40515,icon
https://sdacms.blob.core.windows.net/content/assets/images/africa/key%20learning%20points/Prolonged%20labour/head_palpable_above_pubic_bone.png,0825576bfb6c475a85c9ec616028885f,icon
https://sdacms.blob.core.windows.net/content/assets/images/africa/key%20learning%20points/Prolonged%20labour/determine_position.png,ff920c64e50c41668c896297897602a7,icon
https://sdacms.blob.core.windows.net/content/assets/images/africa/key%20learning%20points/Prolonged%20labour/pulling_the_cup.png,1b0814cbfac0413cb538012a60fb03a2,icon
https://sdacms.blob.core.windows.net/content/assets/images/africa/key%20learning%20points/Post%20abortion%20care/tenderness-of-uterus.png,18fb9d0ae8e3457ea73858292e34f769,icon
https://sdacms.blob.core.windows.net/content/assets/images/africa/key%20learning%20points/Post%20abortion%20care/caring-midwife.png,e5351992f7dd440d9df08715a262d010,icon
https://sdacms.blob.core.windows.net/content/assets/images/africa/key%20learning%20points/Post%20abortion%20care/septic-abortion.png,ffdb3d3f6a184f2b9d9d9934151b30c8,icon
https://sdacms.blob.core.windows.net/content/assets/images/africa/key%20learning%20points/Post%20abortion%20care/midwife%2C-woman%2C-mva.png,9cf0f39e36fa45f1a6cc27a02c2304a6,icon
https://sdacms.blob.core.windows.net/content/assets/images/africa/key%20learning%20points/Post%20abortion%20care/standing-woman-with-stomach-pain.png,089856affdbc42fa8f34ed9bd7fd5c99,icon
https://sdacms.blob.core.windows.net/content/assets/images/africa/key%20learning%20points/Post%20abortion%20care/iv-fluids.png,1fcb837f307d48f49e7d0a3168d3b3e7,icon
https://sdacms.blob.core.windows.net/content/assets/images/africa/key%20learning%20points/Post%20abortion%20care/hard-abdomen.png,8b3779a7ce4a43e4aca19a56f8cfb8d7,icon
https://sdacms.blob.core.windows.net/content/assets/images/africa/key%20learning%20points/Post%20abortion%20care/mva.png,1d96a0b131f04c3bb90a15f4ed210b8a,icon
https://sdacms.blob.core.windows.net/content/assets/images/africa/key%20learning%20points/Post%20abortion%20care/equipment-for-mva.png,43d799225e8e4014aff9697dfaeba1a9,icon
https://sdacms.blob.core.windows.net/content/assets/images/africa/key%20learning%20points/Post%20abortion%20care/gyn-examination.png,25e4eac6222647988c70191d1366959d,icon
https://sdacms.blob.core.windows.net/content/assets/images/africa/key%20learning%20points/Post%20abortion%20care/mva-synringe-2.png,76ffb9e8279f400585e6f854b8afa9d3,icon
https://sdacms.blob.core.windows.net/content/assets/images/africa/key%20learning%20points/Post%20abortion%20care/tenaculum.png,7b5f28e2349d4bf0a53e8373cc3b6406,icon
https://sdacms.blob.core.windows.net/content/assets/images/africa/key%20learning%20points/Post%20abortion%20care/dilation-of-the-uterus.png,57b4a7190b354fa3aa61c9e59296f9a2,icon
https://sdacms.blob.core.windows.net/content/assets/images/africa/key%20learning%20points/Post%20abortion%20care/sterile-mva-equipment.png,24b3d476fe92492faa5d666c5c94ec81,icon
https://sdacms.blob.core.windows.net/content/assets/images/africa/key%20learning%20points/Post%20abortion%20care/mva-cannulas.png,af0285892e4747cbbc7190b355974200,icon
https://sdacms.blob.core.windows.net/content/assets/images/africa/key%20learning%20points/Post%20abortion%20care/action-for-mva.png,4e25d9fbaad740ef99b19c88eeb34ce1,icon
https://sdacms.blob.core.windows.net/content/assets/images/africa/key%20learning%20points/Post%20abortion%20care/emptying-the-mva-syringe.png,d76b734cf00040fa83b83c10ea64162b,icon
https://sdacms.blob.core.windows.net/content/assets/images/africa/key%20learning%20points/Post%20abortion%20care/counselling.png,3c0ef107a94c45d09c9b5f6316cf1e5f,icon
https://sdacms.blob.core.windows.net/content/assets/images/africa/key%20learning%20points/Post%20abortion%20care/contraceptive-pills-and-condom.png,21ac40503f8c47b9b3709fcc6e35423a,icon
https://sdacms.blob.core.windows.net/content/assets/images/africa/key%20learning%20points/Maternal%20sepsis/septic_woman.png,c8606f464e84487985a0dc5efa396751,icon
https://sdacms.blob.core.windows.net/content/assets/images/africa/key%20learning%20points/Maternal%20sepsis/suffering-woman.png,20f1a788adc142e9acd5559c09875a2c,icon
https://sdacms.blob.core.windows.net/content/assets/images/africa/key%20learning%20points/Maternal%20sepsis/septic_woman_with_baby_h.png,d8d66b6a165d4da3bb833fcc07596e10,icon
https://sdacms.blob.core.windows.net/content/assets/images/africa/key%20learning%20points/Maternal%20sepsis/septic_woman_with_baby_a.png,c684763fce4543309b3620bddad50225,icon
https://sdacms.blob.core.windows.net/content/assets/images/africa/key%20learning%20points/Maternal%20sepsis/fluid_balance.png,abd1c9a810654c4a8c28adab5f00fa17,icon
https://sdacms.blob.core.windows.net/content/assets/images/africa/key%20learning%20points/Maternal%20sepsis/circulation.png,e3aeac95e74541a1bd1d86418d55019b,icon
https://sdacms.blob.core.windows.net/content/assets/images/africa/key%20learning%20points/Maternal%20sepsis/mosquito.png,83ccc5d6cb3941ae935044ac5922af19,icon
https://sdacms.blob.core.windows.net/content/assets/images/africa/key%20learning%20points/Maternal%20sepsis/6_w%27s_h.png,eb2c94dadfef4f00b7c0d3c7d337e680,icon
https://sdacms.blob.core.windows.net/content/assets/images/africa/key%20learning%20points/Maternal%20sepsis/pregnant_woman_in_pain.png,f7451f404ad14b828e4d7ce06be60b22,icon
https://sdacms.blob.core.windows.net/content/assets/images/africa/key%20learning%20points/Maternal%20sepsis/chorioamnionitis.png,1459f39f7c5541608e2bcc2510972125,icon
https://sdacms.blob.core.windows.net/content/assets/images/africa/key%20learning%20points/Post%20partum%20hemorrage/cold%2C-sweaty-woman.png,1f82ff9dd1144a47bf96529a0e583f16,icon
https://sdacms.blob.core.windows.net/content/assets/images/africa/key%20learning%20points/Maternal%20sepsis/mastitis.png,635e3c8f452d493e87ef4644f9937170,icon
https://sdacms.blob.core.windows.net/content/assets/images/africa/key%20learning%20points/Maternal%20sepsis/breast_abscess.png,776843e05ee040918cb701d93591ad95,icon
https://sdacms.blob.core.windows.net/content/assets/images/africa/key%20learning%20points/Manual%20removal%20of%20placenta/wound_infected.png,3bda1d6db97047d6a46aa39f4952dc07,icon
https://sdacms.blob.core.windows.net/content/assets/images/africa/key%20learning%20points/Hypertension/pregnant-woman-with-midwife.png,f58590f11e6b44f7bcd23fa7b4f17c38,icon
https://sdacms.blob.core.windows.net/content/assets/images/africa/key%20learning%20points/Hypertension/prevent-maternal-death.png,3e7889c0c5d64947bf28f5b575b7a64c,icon
https://sdacms.blob.core.windows.net/content/assets/images/africa/key%20learning%20points/Hypertension/magnesium-sulphate-toxicity.png,94a2f637527e442190016e0539b87fd3,icon
https://sdacms.blob.core.windows.net/content/assets/images/africa/key%20learning%20points/Low%20birth%20weight/premature_newborn.png,b5604a466d2c4391a60dfc46b9669ac2,icon
https://sdacms.blob.core.windows.net/content/assets/images/africa/key%20learning%20points/Low%20birth%20weight/pregnancy_with_preterm.png,ecf02f3e83bb455ab9b7c80dfad6a236,icon
https://sdacms.blob.core.windows.net/content/assets/images/africa/key%20learning%20points/Low%20birth%20weight/dissy_newborn.png,9fd78f12e241422d917566ad47c2bce5,icon
https://sdacms.blob.core.windows.net/content/assets/images/africa/key%20learning%20points/Low%20birth%20weight/assessment_of_newborn_during_resus.png,2fb1f6317e184c6ea6272dea8c2d2402,icon
https://sdacms.blob.core.windows.net/content/assets/images/africa/key%20learning%20points/Low%20birth%20weight/newborn_resuscitation.png,4efe7b2fa31c4ae887a702fea96cd480,icon
https://sdacms.blob.core.windows.net/content/assets/images/africa/key%20learning%20points/Low%20birth%20weight/counselling2.png,699a916b2be147f4a365da068cb804ec,icon
https://sdacms.blob.core.windows.net/content/assets/images/africa/key%20learning%20points/Low%20birth%20weight/brand_new_baby.png,fcf5316968864168aa1b4bd882d2d0f8,icon
https://sdacms.blob.core.windows.net/content/assets/images/africa/key%20learning%20points/Low%20birth%20weight/Kangaroo_mother_1.png,0ff20021e7414121bfa2cc4ec9fdc4a2,icon
https://sdacms.blob.core.windows.net/content/assets/images/africa/key%20learning%20points/Low%20birth%20weight/discharge.png,31da9491318546088480dd0e85dbdb63,icon
https://sdacms.blob.core.windows.net/content/assets/images/africa/key%20learning%20points/Low%20birth%20weight/breastfeeding.png,b5c75e4374854379bf8633c375f2be6b,icon
https://sdacms.blob.core.windows.net/content/assets/images/africa/key%20learning%20points/Low%20birth%20weight/breastfeeding_2.png,c04a0bd6239a4179a57a9753973ab453,icon
https://sdacms.blob.core.windows.net/content/assets/images/africa/key%20learning%20points/Low%20birth%20weight/unable_to_suck.png,716930020d124524b99bd4d35be8c01a,icon
https://sdacms.blob.core.windows.net/content/assets/images/africa/key%20learning%20points/Low%20birth%20weight/conversation.png,0d44d13295534e02b4a622da739b4f2b,icon
https://sdacms.blob.core.windows.net/content/assets/images/africa/key%20learning%20points/Low%20birth%20weight/breastfeeding_newborn.png,8cdd925743304277a57b117d17a5dc46,icon
https://sdacms.blob.core.windows.net/content/assets/images/africa/key%20learning%20points/Low%20birth%20weight/floppy_child_not_newborn.png,1e1be4e97ba448f2a873bab2ddd11527,icon
https://sdacms.blob.core.windows.net/content/assets/images/africa/key%20learning%20points/Low%20birth%20weight/rds_newborn.png,e975bb7e5d1f4ef9bda5c46f08eba454,icon
https://sdacms.blob.core.windows.net/content/assets/images/africa/key%20learning%20points/Low%20birth%20weight/bad_looking_baby.png,67896667c3c5411eb16c45b2fc95693e,icon
https://sdacms.blob.core.windows.net/content/assets/images/africa/key%20learning%20points/Low%20birth%20weight/sick_newborn.png,4269cc6744344406b337146151bd5a7c,icon
https://sdacms.blob.core.windows.net/content/assets/images/africa/key%20learning%20points/Low%20birth%20weight/blue_newborn.png,b52653d7fbd14c37ac0a07d299108681,icon
https://sdacms.blob.core.windows.net/content/assets/images/africa/key%20learning%20points/Low%20birth%20weight/newborn_without_mask.png,6b6ef96d2c7a4d5580a475c88bf09b6e,icon
https://sdacms.blob.core.windows.net/content/assets/images/africa/key%20learning%20points/Low%20birth%20weight/assess_after_resuscitation.png,768d4203d3c24c499264db4819fcba39,icon
https://sdacms.blob.core.windows.net/content/assets/images/africa/key%20learning%20points/Low%20birth%20weight/newborn_indrawings.png,3b06c888040f4ac2bf1ac71361f664fe,icon
https://sdacms.blob.core.windows.net/content/assets/images/africa/key%20learning%20points/Low%20birth%20weight/newborn_blue_lips.png,f744bdaba73d44629b7248c6606120ea,icon
https://sdacms.blob.core.windows.net/content/assets/images/africa/key%20learning%20points/Low%20birth%20weight/stable_newborn.png,39ab1b9392f34c4492bb0a01dbcc025a,icon
https://sdacms.blob.core.windows.net/content/assets/images/africa/key%20learning%20points/Low%20birth%20weight/severe_jaundice_2.png,0238dab7e786419c98de2cef41cd8b49,icon
https://sdacms.blob.core.windows.net/content/assets/images/africa/key%20learning%20points/Low%20birth%20weight/newborn_vomit.png,c3fb908b2c3e4cd29ba5ba34dc95d271,icon
https://sdacms.blob.core.windows.net/content/assets/images/africa/key%20learning%20points/Low%20birth%20weight/normal_newborn.png,d27b31052ecd4859b3d11b303a5718c5,icon
https://sdacms.blob.core.windows.net/content/assets/images/africa/key%20learning%20points/Low%20birth%20weight/drug_picture.png,0cf3d77d928147d0b08f1ec07ebad988,icon
https://sdacms.blob.core.windows.net/content/assets/images/africa/key%20learning%20points/Low%20birth%20weight/newborn_with_infection.png,bd9003cd3d464e5a8d2525e9da6262a8,icon
https://sdacms.blob.core.windows.net/content/assets/images/africa/key%20learning%20points/Low%20birth%20weight/newborn_with_blanket.png,8af68ba0ddf543979c1624ae2ee3d761,icon
https://sdacms.blob.core.windows.net/content/assets/images/africa/key%20learning%20points/Low%20birth%20weight/ambulance.png,bdd74c0949e048d495a04255565fca67,icon
https://sdacms.blob.core.windows.net/content/assets/images/africa/key%20learning%20points/Manual%20removal%20of%20placenta/pregnant_woman_in_pain.png,eea12858cd5749798b976c1e0479b17a,icon
https://sdacms.blob.core.windows.net/content/assets/images/africa/key%20learning%20points/infection%20prevention/birth.png,52659dcb3bca43d59f65da4d1442deb2,icon
https://sdacms.blob.core.windows.net/content/assets/images/africa/key%20learning%20points/Normal%20labour%20birth/KLP_NLB_intro_Familiar.png,c79078d697be44e8b5b9ef8920dee160,icon
https://sdacms.blob.core.windows.net/content/assets/images/africa/key%20learning%20points/Normal%20labour%20birth/KLP_NLB_The_birth_of_the_baby_Proficient.png,698e7e4b7e934184bf83f0fb94e386ad,icon
https://sdacms.blob.core.windows.net/content/assets/images/africa/key%20learning%20points/Normal%20labour%20birth/KLP_NLB_intro_Expert.png,22b61cf1760941f483046180ed371d92,icon
https://sdacms.blob.core.windows.net/content/assets/images/africa/key%20learning%20points/Normal%20labour%20birth/KLP_NLB_Respectful_care_Familiar.png,426501c279514117b05a18f556a4f2ce,icon
https://sdacms.blob.core.windows.net/content/assets/images/africa/key%20learning%20points/Normal%20labour%20birth/KLP_NLB_Respectful_care_Proficient.png,40183257c1a743abb6ecebd0f83dcb8e,icon
https://sdacms.blob.core.windows.net/content/assets/images/africa/key%20learning%20points/Normal%20labour%20birth/KLP_NLB_Respectful_care_Expert.png,b571088cc5844cd095d6da383883c1bb,icon
https://sdacms.blob.core.windows.net/content/assets/images/africa/key%20learning%20points/Normal%20labour%20birth/KLP_NLB_Initial_assessment_Proficient_2.png,8bc8ff542b6d42428dc26366bfd03d18,icon
https://sdacms.blob.core.windows.net/content/assets/images/africa/key%20learning%20points/Normal%20labour%20birth/KLP_NLB_Initial_assessment_Expert_2.png,da748067dae04468bfa932b13f8d2a7d,icon
https://sdacms.blob.core.windows.net/content/assets/images/africa/key%20learning%20points/Normal%20labour%20birth/KLP_NLB_1st_stage_latent_phase_Familiar.png,699f04d0e0c94553b6a349a0cbeed769,icon
https://sdacms.blob.core.windows.net/content/assets/images/africa/key%20learning%20points/Normal%20labour%20birth/KLP_NLB_1st_stage_latent_phase_Proficient_2.png,e22098ebd6bf4b7da90ba26724292646,icon
https://sdacms.blob.core.windows.net/content/assets/images/africa/key%20learning%20points/Normal%20labour%20birth/KLP_NLB_1st_stage_latent_phase_Expert_2.png,5cf524c5c0bb4174a933c2dbdb54af97,icon
https://sdacms.blob.core.windows.net/content/assets/images/africa/key%20learning%20points/Normal%20labour%20birth/KLP_NLB_1st_stage_active_phase_Familiar.png,edf3ad97ecc8440e992a91ff82649404,icon
https://sdacms.blob.core.windows.net/content/assets/images/africa/key%20learning%20points/Normal%20labour%20birth/KLP_NLB_1st_stage_active_phase_Expert.png,38fd4cf709294dcea087563d08db6832,icon
https://sdacms.blob.core.windows.net/content/assets/images/africa/key%20learning%20points/Normal%20labour%20birth/KLP_NLB_Support_Familiar.png,59864c53d35d473e8a0f8b23c3cde491,icon
https://sdacms.blob.core.windows.net/content/assets/images/africa/key%20learning%20points/Normal%20labour%20birth/KLP_NLB_Support_Proficient.png,7da4489021ad4181a6db351209a85521,icon
https://sdacms.blob.core.windows.net/content/assets/images/africa/key%20learning%20points/Normal%20labour%20birth/KLP_NLB_Support_Expert.png,fe91d18e3b914e7096cc4b87044689a1,icon
https://sdacms.blob.core.windows.net/content/assets/images/africa/key%20learning%20points/Normal%20labour%20birth/KLP_NLB_Birth_positions_in_labour_and_birth_Familiar.png,be0eb9ae5cc34494a8a8c509cc09b4b5,icon
https://sdacms.blob.core.windows.net/content/assets/images/africa/key%20learning%20points/Normal%20labour%20birth/KLP_NLB_Birth_positions_in_labour_and_birth_Proficient.png,23b7d5ee18e644c1ba9669c1e1afa50c,icon
https://sdacms.blob.core.windows.net/content/assets/images/africa/key%20learning%20points/Normal%20labour%20birth/KLP_NLB_Birth_positions_in_labour_and_birth_Expert.png,6cdbbdb1d7c04b83bcf8d9a966bccb3d,icon
https://sdacms.blob.core.windows.net/content/assets/images/africa/key%20learning%20points/Normal%20labour%20birth/KLP_NLB_2nd_stage_cervix_fully_dilated_Familiar.png,208c21e805dd45beb41ee8aa652bd3bd,icon
https://sdacms.blob.core.windows.net/content/assets/images/africa/key%20learning%20points/Normal%20labour%20birth/KLP_NLB_2nd_stage_cervix_fully_dilated_Proficient.png,7b7a800492d94ee4bdbf925cb0ccf35f,icon
https://sdacms.blob.core.windows.net/content/assets/images/africa/key%20learning%20points/Normal%20labour%20birth/KLP_NLB_2nd_stage_cervix_fully_dilated_Expert.png,168eae8889bd42ae8a4e11121d64d569,icon
https://sdacms.blob.core.windows.net/content/assets/images/africa/key%20learning%20points/Normal%20labour%20birth/KLP_NLB_2nd_stage_the_baby_is_being_born_Familiar.png,d253a1e9a4df4f899a44655839c83c40,icon
https://sdacms.blob.core.windows.net/content/assets/images/africa/key%20learning%20points/Normal%20labour%20birth/KLP_NLB_2nd_stage_the_baby_is_being_born_Proficient.png,9f33016820de4bd699e4a148b587de1d,icon
https://sdacms.blob.core.windows.net/content/assets/images/africa/key%20learning%20points/Normal%20labour%20birth/KLP_NLB_2nd_stage_the_baby_is_being_born_Expert.png,c3c3faab405a47b4ba4c83cb9530a5eb,icon
https://sdacms.blob.core.windows.net/content/assets/images/africa/key%20learning%20points/Normal%20labour%20birth/KLP_NLB_How_to_hold_the_hands_during_birth_Familiar.png,67c2df74ea7c4ca8951dd8597c265355,icon
https://sdacms.blob.core.windows.net/content/assets/images/africa/key%20learning%20points/Normal%20labour%20birth/KLP_NLB_How_to_hold_the_hands_during_birth_Proficient.png,df0c819dc45c41e28a612fcb4386cdf2,icon
https://sdacms.blob.core.windows.net/content/assets/images/africa/key%20learning%20points/Normal%20labour%20birth/KLP_NLB_How_to_hold_the_hands_during_birth_Expert.png,32a8af61c6714a35bb737a45e50125a6,icon
https://sdacms.blob.core.windows.net/content/assets/images/africa/key%20learning%20points/Normal%20labour%20birth/KLP_NLB_1st_stage_active_phase_Familiar_2.png,27d90582965c4ac88cf58b1faaa2ca4d,icon
https://sdacms.blob.core.windows.net/content/assets/images/africa/key%20learning%20points/Normal%20labour%20birth/KLP_NLB_The_birth_of_the_baby_Expert.png,1c34bf8816884cd39f21e480bbf9d0f1,icon
https://sdacms.blob.core.windows.net/content/assets/images/africa/key%20learning%20points/Normal%20labour%20birth/KLP_NLB_The_birth_of_the_baby_cont_Familiar.png,6753f8966f22447db43b400485166f14,icon
https://sdacms.blob.core.windows.net/content/assets/images/africa/key%20learning%20points/Normal%20labour%20birth/KLP_NLB_The_birth_of_the_baby_cont_Proficient.png,f9ba467ec7ff4301a6a87d48592bde50,icon
https://sdacms.blob.core.windows.net/content/assets/images/africa/key%20learning%20points/Normal%20labour%20birth/KLP_NLB_The_birth_of_the_baby_cont_Expert.png,eb5ac05756f545458ccd97973015099b,icon
https://sdacms.blob.core.windows.net/content/assets/images/africa/key%20learning%20points/Neonatal%20management/breastfeeding.png,33f96302cf7d4664bf0bb2e747bf66e4,icon
https://sdacms.blob.core.windows.net/content/assets/images/africa/key%20learning%20points/Infection%20prevention/suffering-woman.png,f5d1188623584a40ae0fc365e8741941,icon
https://sdacms.blob.core.windows.net/content/assets/images/africa/key%20learning%20points/low%20birth%20weight/breastfeeding_newborn.png,6a8038fd4d1844e487c00d549a11d505,icon
https://sdacms.blob.core.windows.net/content/assets/images/africa/key%20learning%20points/post%20partum%20hemorrage/blood_pressure.png,43299ef4c2e44179bcffce2801cd500a,icon
https://sdacms.blob.core.windows.net/content/assets/images/africa/key%20learning%20points/post%20partum%20hemorrage/moderate_bleeding.png,ee7e576f7cf5466a806701b64218eca0,icon
https://sdacms.blob.core.windows.net/content/assets/images/africa/key%20learning%20points/post%20abortion%20care/cold%2C-sweaty-woman.png,a552dac0cd124abf929075fe222586ca,icon
https://sdacms.blob.core.windows.net/content/assets/images/africa/key%20learning%20points/post%20partum%20hemorrage/two_midwifes.png,e5747b5662244532b5671c21fa30ea1e,icon
https://sdacms.blob.core.windows.net/content/assets/images/africa/key%20learning%20points/post%20partum%20hemorrage/bimanual_compression.png,8ce101ba54434952a33be35cbd8b7d31,icon
https://sdacms.blob.core.windows.net/content/assets/images/africa/key%20learning%20points/post%20partum%20hemorrage/strong_bleeding.png,6d2f4891fb4e4a7c9faa2d8aaebf5bd6,icon
https://sdacms.blob.core.windows.net/content/assets/images/africa/key%20learning%20points/post%20partum%20hemorrage/placenta_with_membranes.png,5914691c6736486e9584341f00b0e1ad,icon
https://sdacms.blob.core.windows.net/content/assets/images/africa/key%20learning%20points/post%20partum%20hemorrage/urine_catheter.png,2f2c9dd54db04136b7a6afedda0ccd20,icon
https://sdacms.blob.core.windows.net/content/assets/images/africa/key%20learning%20points/post%20partum%20hemorrage/head_down_position.png,518144ecad0f4e2d98bf1015e2118fc5,icon
https://sdacms.blob.core.windows.net/content/assets/images/africa/key%20learning%20points/post%20partum%20hemorrage/rectal_exploration.png,cc95aed22ac14d7797895d939b4223f9,icon
https://sdacms.blob.core.windows.net/content/assets/images/africa/key%20learning%20points/manual%20removal%20of%20placenta/fluid_close_up.png,0bbc1147a6604f1d87186b270d8d0109,icon
https://sdacms.blob.core.windows.net/content/assets/images/africa/key%20learning%20points/post%20partum%20hemorrage/uterus_massage.png,7129166554ed4bb598c5fb7c803fbbc0,icon
https://sdacms.blob.core.windows.net/content/assets/images/africa/key%20learning%20points/Safe%20Abortion/maternal_death_and_disability.png,e020c0a0e68e472ebfd7a12a00bae0cf,icon
https://sdacms.blob.core.windows.net/content/assets/images/africa/key%20learning%20points/Safe%20Abortion/date_the_pregnancy.png,c7205ba2681f45c99de9e698ac01a0b4,icon
https://sdacms.blob.core.windows.net/content/assets/images/africa/key%20learning%20points/Safe%20Abortion/size_of_the_uterus.png,9cfdda1d29724c2d81b0b45550f73b96,icon
https://sdacms.blob.core.windows.net/content/assets/images/africa/key%20learning%20points/Safe%20Abortion/uterus_smaller_than_expected.png,76e3660f859c44ab88f3f5802dc288a3,icon
https://sdacms.blob.core.windows.net/content/assets/images/africa/key%20learning%20points/Safe%20Abortion/uterus_larger_than_expected.png,845deabeb3234fc6afb27ab9f22c48a9,icon
https://sdacms.blob.core.windows.net/content/assets/images/africa/key%20learning%20points/Safe%20Abortion/mifepristone.png,df906a906a7940228420a90e5f81cda6,icon
https://sdacms.blob.core.windows.net/content/assets/images/africa/key%20learning%20points/Safe%20Abortion/abortion_at_home.png,845eb8edf9f14abfb92c248d99859687,icon
https://sdacms.blob.core.windows.net/content/assets/images/africa/key%20learning%20points/Safe%20Abortion/danger_signs.png,bf3788cacfad41d6b67f268ca9c32dab,icon
https://sdacms.blob.core.windows.net/content/assets/images/africa/key%20learning%20points/Safe%20Abortion/misoprostol.png,7887d903e8e741cdad2264317b7d8a01,icon
https://sdacms.blob.core.windows.net/content/assets/images/africa/key%20learning%20points/Safe%20Abortion/fever_during_medical_abortion.png,8f6bbbf30d4e4425905cde1778f4d15d,icon
https://sdacms.blob.core.windows.net/content/assets/images/africa/key%20learning%20points/Safe%20Abortion/describe_vacuum_aspiration.png,0bae280127664e09ab464fea53a314cd,icon
https://sdacms.blob.core.windows.net/content/assets/images/africa/key%20learning%20points/Safe%20Abortion/antibiotics.png,89b14247580047469df160f875ef6b80,icon
https://sdacms.blob.core.windows.net/content/assets/images/africa/key%20learning%20points/Safe%20Abortion/cervical_preparation.png,53fb116be3a040c092d10bf9c3047404,icon
https://sdacms.blob.core.windows.net/content/assets/images/africa/key%20learning%20points/Safe%20Abortion/before_MVA.png,5b177538409c460e8c94184b11639c55,icon
https://sdacms.blob.core.windows.net/content/assets/images/africa/key%20learning%20points/Safe%20Abortion/ensure_complete_abortion.png,48bfebd101a14d7d85daabf33373f061,icon
https://sdacms.blob.core.windows.net/content/assets/images/africa/key%20learning%20points/Safe%20Abortion/ectopic_pregnancy.png,c30352333b7d4d57969e2e7413cdf445,icon
https://sdacms.blob.core.windows.net/content/assets/images/africa/key%20learning%20points/Safe%20Abortion/signs_of_incomplete_abortion.png,813ab5c736d847539cf0d059b35bd968,icon
https://sdacms.blob.core.windows.net/content/assets/images/africa/key%20learning%20points/Safe%20Abortion/management_of_incomplete_abortion.png,be5ef8124a4543ebbcd3b8243ba18d4a,icon
https://sdacms.blob.core.windows.net/content/assets/images/africa/key%20learning%20points/Safe%20Abortion/haemorrhage.png,edec6d0828e6416db47df8efd8d7523a,icon
https://sdacms.blob.core.windows.net/content/assets/images/africa/key%20learning%20points/Safe%20Abortion/infection.png,5a9076c0a32242d3b243505436226050,icon
https://sdacms.blob.core.windows.net/content/assets/images/africa/key%20learning%20points/Safe%20Abortion/sepsis.png,f6391f190e4b4bba94b398e02d094ec3,icon
https://sdacms.blob.core.windows.net/content/assets/images/africa/key%20learning%20points/Safe%20Abortion/Instructions_before_discharge.png,99b867fb76424e4ab6150e7a2e3d44d4,icon
https://sdacms.blob.core.windows.net/content/assets/images/africa/key%20learning%20points/Safe%20Abortion/leaving_the_health_facility.png,23b38a77644940a3b943aeb68b4626a3,icon
https://sdacms.blob.core.windows.net/content/assets/images/africa/key%20learning%20points/Safe%20Abortion/follow-up.png,33e95a29f15345aaa9c1b432a6122989,icon
https://sdacms.blob.core.windows.net/content/assets/images/africa/key%20learning%20points/Safe%20Abortion/laboratory_testing.png,42929f83a7a649ad9ba643f18c5b9832,icon
https://sdacms.blob.core.windows.net/content/assets/images/africa/key%20learning%20points/Safe%20Abortion/methods_of_contraception.png,47b5e07c90834ebab7e6fc248554703b,icon
https://sdacms.blob.core.windows.net/content/assets/images/africa/key%20learning%20points/Safe%20Abortion/non_pharmacological_methods.png,16feb5fc88144004be35bd1215b28e22,icon
https://sdacms.blob.core.windows.net/content/assets/images/africa/key%20learning%20points/Safe%20Abortion/characteristics_of_vacuum_aspiration.png,1eeae1985e3f410195fdeb8d76bc247c,icon
https://sdacms.blob.core.windows.net/content/assets/images/africa/key%20learning%20points/Safe%20Abortion/signs_of_infection.png,5570eeae1a204b8886ad01190fcd5435,icon
https://sdacms.blob.core.windows.net/content/assets/images/africa/key%20learning%20points/Safe%20Abortion/little_or_nobleeding.png,579856c99a42419f9c280ff3ed7b851e,icon
https://sdacms.blob.core.windows.net/content/assets/images/africa/key%20learning%20points/Safe%20Abortion/reduce_the_dose_of_misoprostol.png,b1502266395f4606b9acf5b537f756aa,icon
https://sdacms.blob.core.windows.net/content/assets/images/africa/key%20learning%20points/Safe%20Abortion/treat_ectopic_pregnancy.png,99fb4884334a4204b36d8798fd143382,icon
https://sdacms.blob.core.windows.net/content/assets/images/africa/key%20learning%20points/Safe%20Abortion/method_of_abortion.png,32c27792e68a45a4804436fed7ec16e1,icon
https://sdacms.blob.core.windows.net/content/assets/images/africa/key%20learning%20points/Safe%20Abortion/most_effective_method_of_medical_abortion.png,034e68337b064a71993f25596ac76b96,icon
https://sdacms.blob.core.windows.net/content/assets/images/africa/key%20learning%20points/Safe%20Abortion/abortions_after_12-14_weeks.png,5fd6e6dd32e44058b737b011742d1041,icon
https://sdacms.blob.core.windows.net/content/assets/images/africa/key%20learning%20points/Perinatal%20Mental%20Health/proportion-perinatal-MH-condition.png,9da30b10eaab4900a6706ffd97eadd04,icon
https://sdacms.blob.core.windows.net/content/assets/images/africa/key%20learning%20points/Perinatal%20Mental%20Health/most_common_condition.png,bcbbbd95368942ee840be906efa8669b,icon
https://sdacms.blob.core.windows.net/content/assets/images/africa/key%20learning%20points/Perinatal%20Mental%20Health/strongest_predictor.png,89d3f7c3116646eaaa80afacf92d7391,icon
https://sdacms.blob.core.windows.net/content/assets/images/africa/key%20learning%20points/Perinatal%20Mental%20Health/PMH_symptoms.png,c868b04e7a0148bf88c59dd61a861cf7,icon
https://sdacms.blob.core.windows.net/content/assets/images/africa/key%20learning%20points/Perinatal%20Mental%20Health/screening_timing.png,31b05d0391be4d70bb68fa5a72d8d545,icon
https://sdacms.blob.core.windows.net/content/assets/images/africa/key%20learning%20points/Perinatal%20Mental%20Health/postnatal-depression-symptoms.png,201311b36afd4c3f959a6bca6f20fe91,icon
https://sdacms.blob.core.windows.net/content/assets/images/africa/key%20learning%20points/Perinatal%20Mental%20Health/bipolar_types.png,5d8fe570188843d596b60776df39c0f8,icon
https://sdacms.blob.core.windows.net/content/assets/images/africa/key%20learning%20points/Perinatal%20Mental%20Health/talking_therapy_techniques.png,b1c7abdc45734be08e5bd7dab3bb580f,icon
https://sdacms.blob.core.windows.net/content/assets/images/africa/key%20learning%20points/Perinatal%20Mental%20Health/unmanaged_depression.png,b3b4969c5e8f4239a2989b508ad84597,icon
https://sdacms.blob.core.windows.net/content/assets/images/africa/key%20learning%20points/Perinatal%20Mental%20Health/caring_for_carers.png,540af7623cf244c49c6301008ec2434e,icon
https://sdacms.blob.core.windows.net/content/assets/images/africa/key%20learning%20points/Perinatal%20Mental%20Health/puerperal_psychosis_timing.png,1ad6aa2a6eaa4b61a8d4228ae92aa3ae,icon
https://sdacms.blob.core.windows.net/content/assets/images/africa/key%20learning%20points/Perinatal%20Mental%20Health/partner_depression.png,704cf51e4f7341daacd32dd99fd84cd6,icon
https://sdacms.blob.core.windows.net/content/assets/images/africa/key%20learning%20points/Perinatal%20Mental%20Health/PMH_condition_causes.png,5d6fa1dfa130499aa188942cb97068f3,icon
https://sdacms.blob.core.windows.net/content/assets/images/africa/key%20learning%20points/Perinatal%20Mental%20Health/risk_factors.png,11b6795692064eb2a4e35573511cd14e,icon
https://sdacms.blob.core.windows.net/content/assets/images/africa/key%20learning%20points/Perinatal%20Mental%20Health/poverty-true-false.png,61ed5edaf5e24aba8841629c1e395a35,icon
https://sdacms.blob.core.windows.net/content/assets/images/africa/key%20learning%20points/Perinatal%20Mental%20Health/screening_tools.png,94e89f22661a459396b0b30fcad30c00,icon
https://sdacms.blob.core.windows.net/content/assets/images/africa/key%20learning%20points/Perinatal%20Mental%20Health/not_depression_treatment.png,f3e093a4d74c4819999516b6fc14f889,icon
https://sdacms.blob.core.windows.net/content/assets/images/africa/key%20learning%20points/Perinatal%20Mental%20Health/provision_of_care.png,1ceff7729e9942a7920a7458da6fa142,icon
https://sdacms.blob.core.windows.net/content/assets/images/africa/key%20learning%20points/Perinatal%20Mental%20Health/first_line_management.png,72c4a0c6ccd6475797182f3971815c50,icon
https://sdacms.blob.core.windows.net/content/assets/images/africa/key%20learning%20points/Perinatal%20Mental%20Health/psychoeducation.png,3a135df488b144738574e95db63b3d31,icon
https://sdacms.blob.core.windows.net/content/assets/images/africa/key%20learning%20points/Perinatal%20Mental%20Health/not_bipolar_symptoms.png,84f832d97fed47dfa429f4525c1c2854,icon
https://sdacms.blob.core.windows.net/content/assets/images/africa/key%20learning%20points/Perinatal%20Mental%20Health/anxiety-disorders.png,1276bce28a904e9f9ceb008af332a02a,icon
https://sdacms.blob.core.windows.net/content/assets/images/africa/key%20learning%20points/Perinatal%20Mental%20Health/puerperal_psychosis_symptoms.png,15bec74e6cd44591ab0def5b2ff5685c,icon
https://sdacms.blob.core.windows.net/content/assets/images/africa/key%20learning%20points/Perinatal%20Mental%20Health/neonatal_risks_depression.png,e8b0801f3ec1428c89ed053197940671,icon
https://sdacms.blob.core.windows.net/content/assets/images/africa/key%20learning%20points/Perinatal%20Mental%20Health/caring_for_carers_2.png,6d6c8740955f49e6b7979aa345c7bf18,icon
https://sdacms.blob.core.windows.net/content/assets/images/africa/key%20learning%20points/Perinatal%20Mental%20Health/schizophrenia_comorbidities.png,91b08e332cef463d9903501284b9512c,icon
https://sdacms.blob.core.windows.net/content/assets/images/africa/key%20learning%20points/Perinatal%20Mental%20Health/anxiety_symptoms.png,6d50d5318a9b43e19ed5d3612f21d3ab,icon
https://sdacms.blob.core.windows.net/content/assets/images/africa/key%20learning%20points/Perinatal%20Mental%20Health/nondisclosure.png,46823d104a0a4299848599765c3907a6,icon
https://sdacms.blob.core.windows.net/content/assets/images/africa/key%20learning%20points/Perinatal%20Mental%20Health/woman_has_depression%20.png,0e05e13aaff9413b976696c105a2eea5,icon
https://sdacms.blob.core.windows.net/content/assets/images/africa/key%20learning%20points/Perinatal%20Mental%20Health/talking_therapy.png,9f12b023f5234752acdd8282c99ba68e,icon
https://sdacms.blob.core.windows.net/content/assets/images/africa/key%20learning%20points/Perinatal%20Mental%20Health/trauma_informed_care.png,b19a6c8f2b6a4199b1b590f06818310e,icon
https://sdacms.blob.core.windows.net/content/assets/images/africa/key%20learning%20points/Perinatal%20Mental%20Health/schizophrenia_percentage.png,1cdd7e6efae64e7e85e7690a7e286181,icon
https://sdacms.blob.core.windows.net/content/assets/images/africa/key%20learning%20points/Perinatal%20Mental%20Health/CBT-aims.png,04ec6d68d26644d3990a39c9d31c69da,icon
https://sdacms.blob.core.windows.net/content/assets/images/africa/key%20learning%20points/Perinatal%20Mental%20Health/without_the_medicines.png,3208beb0bff1462fabee8b51560bc685,icon
https://sdacms.blob.core.windows.net/content/assets/images/africa/key%20learning%20points/Modern%20Contraceptives%20module/short_acting_contraceptives.png,af44104786da4354be0715d5b5ae0b4a,icon
https://sdacms.blob.core.windows.net/content/assets/images/africa/key%20learning%20points/Modern%20Contraceptives%20module/male_condom.png,313b957ccd0741f4b19893389cd6b98f,icon
https://sdacms.blob.core.windows.net/content/assets/images/africa/key%20learning%20points/Modern%20Contraceptives%20module/implant_arm.png,812726660f1048e5aea72d695197637d,icon
https://sdacms.blob.core.windows.net/content/assets/images/africa/key%20learning%20points/Modern%20Contraceptives%20module/implant_insertion.png,e4c271c42ae74a759de90a5a393a6a33,icon
https://sdacms.blob.core.windows.net/content/assets/images/africa/key%20learning%20points/Modern%20Contraceptives%20module/IUD_strings.png,c04441c0945449e88a22f568a990ce5d,icon
https://sdacms.blob.core.windows.net/content/assets/images/africa/key%20learning%20points/Modern%20Contraceptives%20module/contraception_counselling.png,ccf6272029f24e73a8ffc318688bce62,icon
https://sdacms.blob.core.windows.net/content/assets/images/africa/key%20learning%20points/Modern%20Contraceptives%20module/contraceptive_pills.png,314053fcea9e4997b6e48800e82ccb90,icon
https://sdacms.blob.core.windows.net/content/assets/images/africa/key%20learning%20points/Modern%20Contraceptives%20module/couple.png,3964a500fbdd4d499dbe2aafaed3d821,icon
https://sdacms.blob.core.windows.net/content/assets/images/africa/key%20learning%20points/Modern%20Contraceptives%20module/self_administration_pills.png,d2346bde11b746579348b9c5689880f4,icon
https://sdacms.blob.core.windows.net/content/assets/images/africa/key%20learning%20points/Modern%20Contraceptives%20module/IUD_and_IUS.png,c2782c8ae8fd4cd982e66d182fb1a932,icon
https://sdacms.blob.core.windows.net/content/assets/images/africa/key%20learning%20points/Modern%20Contraceptives%20module/sterile_field.png,c3fae14d4ca14e699f03c8edb01f2245,icon
https://sdacms.blob.core.windows.net/content/assets/images/africa/key%20learning%20points/Modern%20Contraceptives%20module/contraceptive_methods.png,a7a19c4b63fd4bbcb8cb5a2370a36193,icon
https://sdacms.blob.core.windows.net/content/assets/images/africa/key%20learning%20points/Modern%20Contraceptives%20module/Woman-and-IUD.png,c422cb7115bd4ca7a8899aafae6d1a1e,icon
https://sdacms.blob.core.windows.net/content/assets/images/africa/key%20learning%20points/Modern%20Contraceptives%20module/implant_arm_1.png,5bfda287dda04955be82f00d5ae906c1,icon
https://sdacms.blob.core.windows.net/content/assets/images/africa/key%20learning%20points/Modern%20Contraceptives%20module/SDA_contraception_counselling.png,4df8f414db774783b80fa039ba57f234,icon
https://sdacms.blob.core.windows.net/content/assets/images/africa/key%20learning%20points/Modern%20Contraceptives%20module/holding_IUD_Spanish.png,777d13c9f71c4ff08e9c272a4c7f10b3,icon
https://sdacms.blob.core.windows.net/content/assets/images/africa/key%20learning%20points/Modern%20Contraceptives%20module/bimanual_examination.png,f6c0df71ee5f4cd690337d4ffb7cb46a,icon
https://sdacms.blob.core.windows.net/content/assets/images/africa/key%20learning%20points/Modern%20Contraceptives%20module/IUD_removal_Spanish.png,ab5bdd3302564793be6773f662fa06ad,icon
https://sdacms.blob.core.windows.net/content/assets/images/africa/key%20learning%20points/Modern%20Contraceptives%20module/IUD_follow_up.png,db06bd78fdd64f45b5a4ab6148e811ea,icon
https://sdacms.blob.core.windows.net/content/assets/images/africa/key%20learning%20points/Modern%20Contraceptives%20module/contraception_counselling_2.png,6024656776144d6692ba80d740d6dbec,icon
https://sdacms.blob.core.windows.net/content/assets/images/africa/key%20learning%20points/Modern%20Contraceptives%20module/Vaginal%20ring.png,1d18d627939446a1a8b1ac163a46cd0a,icon
https://sdacms.blob.core.windows.net/content/assets/images/africa/key%20learning%20points/Modern%20Contraceptives%20module/vasectomy.png,864cf97fdf5342f2ad8c5fa54fef2503,icon
https://sdacms.blob.core.windows.net/content/assets/images/africa/key%20learning%20points/Modern%20Contraceptives%20module/non-touch-technique.png,337bb733a7b14733b419881f2f8ac858,icon
https://sdacms.blob.core.windows.net/content/assets/images/africa/key%20learning%20points/Modern%20Contraceptives%20module/implant_arm_PNG.png,32e10fefac1948a290ef74f4965f0dc7,icon
https://sdacms.blob.core.windows.net/content/assets/images/africa/key%20learning%20points/Modern%20Contraceptives%20module/emergency_contraception.png,cffda3a74b944b348f5a000d6de0f019,icon
https://sdacms.blob.core.windows.net/content/assets/images/africa/key%20learning%20points/Modern%20Contraceptives%20module/Postnatal-contraception.png,cfa609603a0049bc9f925621d53eeafd,icon
https://sdacms.blob.core.windows.net/content/assets/images/africa/key%20learning%20points/Modern%20Contraceptives%20module/MEC_wheel_1.png,ba0686ff229e481791b01a6ebfa37e9f,icon
https://sdacms.blob.core.windows.net/content/assets/images/africa/key%20learning%20points/Antenatal%20Care/number_of_antenatal_contacts.png,4dd604b814ea40849031c584edabc810,icon
https://sdacms.blob.core.windows.net/content/assets/images/africa/key%20learning%20points/Antenatal%20Care/Indian_antenatal_record.png,2cd13c8307b44fe68b50fc47d115c82d,icon
https://sdacms.blob.core.windows.net/content/assets/images/africa/key%20learning%20points/Antenatal%20Care/Arabic_respectful_maternity_care.png,80451b19b1d7498396c373ac11d70448,icon
https://sdacms.blob.core.windows.net/content/assets/images/africa/key%20learning%20points/Antenatal%20Care/Indian_first_contact_in_pregnancy.png,bec38dfc9b7843b5b2f787c2cedbd2cb,icon
https://sdacms.blob.core.windows.net/content/assets/images/africa/key%20learning%20points/Antenatal%20Care/Arabic_foetal_assessment.png,662f8af86b854a3b961ca43ad45a2ae8,icon
https://sdacms.blob.core.windows.net/content/assets/images/africa/key%20learning%20points/Antenatal%20Care/Asian_calcium_supplements.png,c2c61b93e9204050a2f2cd5fa2603911,icon
https://sdacms.blob.core.windows.net/content/assets/images/africa/key%20learning%20points/Antenatal%20Care/Asian_screening_for_pre_eclampsia.png,f95f9c2afef8427ebaf28ea60ed5d69d,icon
https://sdacms.blob.core.windows.net/content/assets/images/africa/key%20learning%20points/Antenatal%20Care/Indian_identification_of_woman_with_anemia.png,aa52d33257fb44f39a0856d5551e95f0,icon
https://sdacms.blob.core.windows.net/content/assets/images/africa/key%20learning%20points/Antenatal%20Care/Arabic_threatened_preterm_labour.png,3385e5fdf9184571be85019c8d226e22,icon
https://sdacms.blob.core.windows.net/content/assets/images/africa/key%20learning%20points/Antenatal%20Care/screening_for_pre_eclampsia.png,63fd202a934e4f6799fa626363e2d3c8,icon
https://sdacms.blob.core.windows.net/content/assets/images/africa/key%20learning%20points/Antenatal%20Care/Kyrgyz_screening_for_UTI.png,bf66dde2d65f4d59b352db632387744a,icon
https://sdacms.blob.core.windows.net/content/assets/images/africa/key%20learning%20points/Antenatal%20Care/Kyrgyz_screening_for_significant_symptoms.png,3ce18e61dda04d1f839bd382d29da46c,icon
https://sdacms.blob.core.windows.net/content/assets/images/africa/key%20learning%20points/Antenatal%20Care/listening_to_the_fetal_heart_sounds.png,32087473316f4489a04c6abc2dfd81ba,icon
https://sdacms.blob.core.windows.net/content/assets/images/africa/key%20learning%20points/Antenatal%20Care/Indian_abdominal_palpation.png,10a77b088a904fbf8cdead0250fe78cf,icon
https://sdacms.blob.core.windows.net/content/assets/images/africa/key%20learning%20points/Antenatal%20Care/Asian_recognition_of_signs_of_labour.png,f3179ad4156b46e39fdc474c1f922a6c,icon
https://sdacms.blob.core.windows.net/content/assets/images/africa/key%20learning%20points/Antenatal%20Care/Kyrgyz_management_of_anemia.png,43a9a76ffe404384b57617ffbd8c8a40,icon
https://sdacms.blob.core.windows.net/content/assets/images/africa/key%20learning%20points/Antenatal%20Care/Asian_gestational_diabetes_mellitus.png,aea9de7cea044edaae1912e821ab1f11,icon
https://sdacms.blob.core.windows.net/content/assets/images/africa/key%20learning%20points/Antenatal%20Care/Indian_weight_gain.png,86a613b78c2346e8b8e81e38be9c6488,icon
https://sdacms.blob.core.windows.net/content/assets/images/africa/key%20learning%20points/Antenatal%20Care/Arabic_birth_and_emergency_plan.png,ae904c29a8424e5b811a6db3321d4dcc,icon
https://sdacms.blob.core.windows.net/content/assets/images/africa/key%20learning%20points/Antenatal%20Care/Kyrgyz_interventions_for_low_back_pain_and_pelvic_pain.png,16fc5247f0dd4926ae0e7b90804d6390,icon
https://sdacms.blob.core.windows.net/content/assets/images/africa/key%20learning%20points/Antenatal%20Care/PNG_interventions_for_constipation.png,400f01bd616e439a8147a7812389fae9,icon
https://sdacms.blob.core.windows.net/content/assets/images/africa/key%20learning%20points/Antenatal%20Care/interventions_for_leg_cramps.png,a737e710a9e64779990976da30cc5c46,icon
https://sdacms.blob.core.windows.net/content/assets/images/africa/key%20learning%20points/Antenatal%20Care/Kyrgyz_violence_against_women.png,44abba2241a54784a2ce60afb21a58a3,icon
https://sdacms.blob.core.windows.net/content/assets/images/africa/key%20learning%20points/Antenatal%20Care/Ukraine_identification_of_venous_thromboembolism.png,44366ff47e0e492495c2777febfbcd4a,icon
https://sdacms.blob.core.windows.net/content/assets/images/africa/key%20learning%20points/Antenatal%20Care/foetal_assessment.png,e3bb650b62c441809bc9da58353d5c05,icon
https://sdacms.blob.core.windows.net/content/assets/images/africa/key%20learning%20points/Antenatal%20Care/Asian_malaria_prevention.png,788af3ef5dff44ae936abffcd6dd1c70,icon
https://sdacms.blob.core.windows.net/content/assets/images/africa/key%20learning%20points/Antenatal%20Care/deworming_treatment.png,e90f555913334753bb056abf4c71dbf0,icon
https://sdacms.blob.core.windows.net/content/assets/images/africa/key%20learning%20points/Antenatal%20Care/Indian_tetanus_toxoid_vaccination.png,97c77db9e68143229e976bd4266101cf,icon
https://sdacms.blob.core.windows.net/content/assets/images/africa/key%20learning%20points/Antenatal%20Care/nutritional_supplementation.png,89b663908b244580bead6ea065a878e8,icon
https://sdacms.blob.core.windows.net/content/assets/images/africa/key%20learning%20points/Postnatal%20Care/Arabic_4_postnatal_care_visits.png,b8e0c01ae2384d19beeab06a21f20d9c,icon
https://sdacms.blob.core.windows.net/content/assets/images/africa/key%20learning%20points/Postnatal%20Care/Indian_woman_in_postnatal_period.png,3f53493fcfb844d8ae8bd3b27a643fd4,icon
https://sdacms.blob.core.windows.net/content/assets/images/africa/key%20learning%20points/Postnatal%20Care/partner_involvement_in_PNC.png,dea4fecb5ff64b8e87e62542d4793f98,icon
https://sdacms.blob.core.windows.net/content/assets/images/africa/key%20learning%20points/Postnatal%20Care/Spanish_advice_and_support_the_woman.png,a2b78e0c24c04b22854dff4d6e99db49,icon
https://sdacms.blob.core.windows.net/content/assets/images/africa/key%20learning%20points/Postnatal%20Care/Arabic_initial_postnatal_care_counselling.png,b35965e1e64e45028b0da410481182cb,icon
https://sdacms.blob.core.windows.net/content/assets/images/africa/key%20learning%20points/Postnatal%20Care/iron_in_anaemia.png,0d3511b0958643278aa45fafa4a09625,icon
https://sdacms.blob.core.windows.net/content/assets/images/africa/key%20learning%20points/Postnatal%20Care/ibuprofen.png,24e0ec496a424f31b9a487de452e3cf0,icon
https://sdacms.blob.core.windows.net/content/assets/images/africa/key%20learning%20points/Postnatal%20Care/PNG_postpartum_uterine_infection.png,a9935c573f1c4d5e84eb9449c3555b09,icon
https://sdacms.blob.core.windows.net/content/assets/images/africa/key%20learning%20points/Postnatal%20Care/Indian_signs_of_thromboembolism.png,fecfe3676b484668bb9fc035c2762158,icon
https://sdacms.blob.core.windows.net/content/assets/images/africa/key%20learning%20points/Postnatal%20Care/dizziness_nausea_and_headache.png,7a0f9f481e0f4aa4b8dd0942d831627b,icon
https://sdacms.blob.core.windows.net/content/assets/images/africa/key%20learning%20points/Postnatal%20Care/Spanish_disease_prevention_after_birth.png,f9a9a4e870fe48beb39a57a72c0b893f,icon
https://sdacms.blob.core.windows.net/content/assets/images/africa/key%20learning%20points/Postnatal%20Care/Arabic_mother_to_react_and_contact.png,9f267385f81540379b35fe0f05fde134,icon
https://sdacms.blob.core.windows.net/content/assets/images/africa/key%20learning%20points/Postnatal%20Care/Indian_screenings_of_newborn.png,7202d1a8382b4cc4bf7f98e63f2e1b6f,icon
https://sdacms.blob.core.windows.net/content/assets/images/africa/key%20learning%20points/Postnatal%20Care/exclusive_breastfeeding.png,22827430d7f34bb3b31c9da230b8b173,icon
https://sdacms.blob.core.windows.net/content/assets/images/africa/key%20learning%20points/Postnatal%20Care/Kyrgyz_weight.png,811f0a5f20234ff19ca1ef49d0b69058,icon
https://sdacms.blob.core.windows.net/content/assets/images/africa/key%20learning%20points/Postnatal%20Care/PNG_newborn_weight_monitoring.png,a58b153e76f24657b49a10681ef82bb8,icon
https://sdacms.blob.core.windows.net/content/assets/images/africa/key%20learning%20points/Postnatal%20Care/Arabic_umbilical_cord.png,d1e5e62a166343448d23587cc4840ed3,icon
https://sdacms.blob.core.windows.net/content/assets/images/africa/key%20learning%20points/Postnatal%20Care/Indian_jaundice_in_the_newborn.png,2556e86d15d547f8b347445916e630ae,icon
https://sdacms.blob.core.windows.net/content/assets/images/africa/key%20learning%20points/Postnatal%20Care/normal_body_temperature.png,d37b8158563743708b080434c994ea5e,icon
https://sdacms.blob.core.windows.net/content/assets/images/africa/key%20learning%20points/Postnatal%20Care/breast_engorgement.png,1b313e9c09504e2eb8846736f7e321ae,icon
https://sdacms.blob.core.windows.net/content/assets/images/africa/key%20learning%20points/Postnatal%20Care/breastfeeding_counselling.png,6ce30679b4e04862b1dd4e0507ca916b,icon
https://sdacms.blob.core.windows.net/content/assets/images/africa/key%20learning%20points/Postnatal%20Care/Spanish_cracked_nipples.png,92bd6bb2118a441992b79aafa95a943e,icon
https://sdacms.blob.core.windows.net/content/assets/images/africa/key%20learning%20points/Postnatal%20Care/Indian_postnatal_perineal_trauma_or_infection.png,2075e42353ba4fbca1f1786a061edf6a,icon
https://sdacms.blob.core.windows.net/content/assets/images/africa/key%20learning%20points/Postnatal%20Care/Arabic_postpartum_blues.png,c43abd4e207d4b82bd08a52d5f02fbc0,icon
https://sdacms.blob.core.windows.net/content/assets/images/africa/key%20learning%20points/Postnatal%20Care/anaemia.png,182cb75a3ded42838b25a56652c4b062,icon
https://sdacms.blob.core.windows.net/content/assets/images/africa/key%20learning%20points/Postnatal%20Care/contraceptive_methods.png,010c569556e24699b6ce45a560a90f5c,icon
https://sdacms.blob.core.windows.net/content/assets/images/africa/key%20learning%20points/Postnatal%20Care/Kyrgyz_breastfeeding.png,4285d97e4a7c49f2acbf0d855e19b47e,icon
https://sdacms.blob.core.windows.net/content/assets/images/africa/key%20learning%20points/Postnatal%20Care/Indian_eye_infection.png,cd040fca1b7c4e91b040b170f31fcba9,icon
https://sdacms.blob.core.windows.net/content/assets/images/africa/key%20learning%20points/Postnatal%20Care/Arabic_HIV_infection_and_breastfeeding.png,7667f39f123147329d41d44e0344e980,icon
https://sdacms.blob.core.windows.net/content/assets/images/africa/key%20learning%20points/Postnatal%20Care/Kyrgyz_routine_PNC_assessment.png,9cc5edeb96e44454bf6d63a56d5a4e06,icon
https://sdacms.blob.core.windows.net/content/assets/images/africa/key%20learning%20points/Postnatal%20Care/safe_sleep_for_the_newborn.png,c1b8e87a9b654aa7a358057b1b08f38a,icon
https://sdacms.blob.core.windows.net/content/assets/images/africa/key%20learning%20points/Postnatal%20Care/mother_alert.png,b34c5d25082d4372b2048f332ddd0e55,icon
https://sdacms.blob.core.windows.net/content/assets/images/africa/key%20learning%20points/Postnatal%20Care/Kyrgyz_check_urine_output.png,7e2da1508b9b461bb88e5b4cb1bd8851,icon
https://sdacms.blob.core.windows.net/content/assets/images/africa/icon/procedure/Intramuscular_Injection_IM.png,62bd826a15034c8a9d605262976b3c9d,icon
https://sdacms.blob.core.windows.net/content/assets/images/africa/key%20learning%20points/infection%20prevention/PPE_birth.png,534a01b7f65542cea47748d7d5101c04,icon
https://sdacms.blob.core.windows.net/content/assets/images/africa/icon/actioncard/French_immunization_schedule.png,070b46a47a814fd7bb8fc2b92eacedc4,icon
https://sdacms.blob.core.windows.net/content/assets/images/africa/icon/actioncard/Uterine%20balloon%20tamponade.png,0801bd54958f4125a530096966ce2ed8,icon
https://sdacms.blob.core.windows.net/content/assets/images/africa/icon/module/manual_removal_of_placenta_alt.png,7acc5f4347974a9b942ba225d15ce1c5,icon
https://sdacms.blob.core.windows.net/content/assets/images/africa/icon/actioncard/Emergency%20Referral.png,72a44a5fc5eb4f3c92692c294198221d,icon
https://sdacms.blob.core.windows.net/content/assets/images/africa/richtext/inflate%20condom%20with%20saline%20with%20300-500%20ml.png,0e07c4d2042f4657a456a575a6b0578c,icon
https://sdacms.blob.core.windows.net/content/assets/images/africa/richtext/french_delivery_in_a_facility.png,dff66d3559d54119aa858fa5714427e5,icon
https://sdacms.blob.core.windows.net/content/assets/images/africa/richtext/intra-uterine_contraceptive_device_%28IUCD%29.png,de9f3edf63e649d18ff7a42f84f28a8c,icon
https://sdacms.blob.core.windows.net/content/assets/images/africa/richtext/emergency_contraceptive_pill_Ezy%20Pill.png,fb8d4a4666044884b9178a0e41b728d0,icon
https://sdacms.blob.core.windows.net/content/assets/images/africa/richtext/India_Interval_IUCD_PP_2.png,3c47c614f29140c68a739f1a2ce3b3d3,icon
https://sdacms.blob.core.windows.net/content/assets/images/africa/richtext/Storage.png,0fdbefc31bdc44a8b8173e91188df9e8,icon
https://sdacms.blob.core.windows.net/content/assets/images/africa/richtext/Cleaning.png,6e58b4e013ad4a3aa0f057080b685d4f,icon
