slug,klp_id
klp-2-15-towel-1,5b6468d9b9104607957fe1f76ffb64e4
klp-1-5-prevent-infections-1,129cdd20a73c434d81ec0d512449e0f1
klp-3-action-if-exposed,233b1ab8c0d146b4bd5a370948812584
klp-1-air-dry-hands,bd3da7b1724145d8ac0955b64efc4dc4
klp-2-alcohol-most-effective,d76fdeaacb3f453abc07460a6412c46a
klp-3-amount-of-handrub,0239d1e0a0b34339bda19085bc23f005
klp-3-antibiotic-prophylaxis,16e910eb72634c54b2f78e6194b294ff
klp-3-best-soap-for-handwashing,d9f6f4799557483594486980721925c0
klp-2-chemical-sterilization,afbf9db964aa4534b7b055b4f4822dbe
klp-1-cleaning-and-delivery-bed,a39b4072a4ee4518a08d4e59a73a45c1
klp-1-cleaning-and-delivery-bed-ind,4bd956fc54c7424cb272ecdb49f26224
klp-1-decontamination-of-instruments,cfe18136ead54678818099a07283b3b5
klp-1-direct-pregnancy-related-infections,a6a0110d0c2a4cd2922dc2472c7474a8
klp-2-disability-caused-by-infections,80e92b635faf4064aadc32135e67f81e
klp-2-disinfection-solution,5ac37325e9284afa950dc1dc61a8ae32
klp-2-five-steps-to-infection-prevention,4f3ffd64f1d14d6b98276ee3b5c89a67
klp-3-gloves-for-birth,1cd159d277a74821b167086368dcac9d
klp-1-gloves-for-different-patients,5f9ec088c81348cdb3894831966fb693
klp-1-hand-hygiene-wash-and-alcohol,b2023bb6fed349fc9a0791e8910214fb
klp-2-handling-sterilized-items,1bc72195ee8c4df6a3b3900b31ddb2e6
klp-2-handrub,8471cc11f85d4b93aa9e7ff971cc5f05
klp-2-healthcare-professionals-hands,24fcce80690848e6b4dbe436780bd24b
klp-3-hepatitis-b-prophylaxis,e9521423291840c18237668aa4719dfe
klp-3-high-risk-area,9e587b98b47e4535bfde73f78bb6ee9b
klp-3-hiv-and-hep-b-exposure,d2cbcc85f4854c4482fb790202b2d3eb
klp-2-infection-and-germs,3e94fbd836db4033a8bd2f35ff22af36
klp-2-infection-and-neonatal-death,d6a90b42f02e45b5848dddb57786268e
klp-2-infection-and-maternal-death,d74ccf926cb046908f1f2de322463efe
klp-3-injection-safety,d54d0f77628244489b1496dcba1f3c07
klp-3-label-of-alcohol-based-handrub,3a436ad8795244cf9718c178d09211ae
klp-2-labor-and-birth-infections,6a52ab2d9c6f47f582c711ba0b1b6b6c
klp-1-nevirapine-prophylaxis,3c949a2c0ece429bb16035f8206c3d7a
klp-2-no-jewellery-on-hands,9bda92263c0b4ddf9543c0e812b9d7fc
klp-2-order-of-cleaning-and-storage,28da80c112844094b36b1250633eab27
klp-1-package-of-sterile-items,76057a1b0a8a4ce5bc88abea6ad5b351
klp-1-personal-protective-equipment,2a4dc633d6a946578b253f1f88fa3c0c
klp-2-post-exposure-prophylaxis,ec953e66e1bc4545b74761027b082513
klp-3-ppe,d40e0a559c3b41ac927b4aeacee5cef3
klp-3-preparation-of-0-5-sodium-hypochlorite-solution,2979bb8ef4894417b57a3c4695d80c83
klp-1-prevent-infections,892e7aff3dd24dcca66bf1cfad96e946
klp-2-prevention-of-respiratory-infections-in-waiting-areas,969dc650ca214a2e89da7d7d22fca1b9
klp-3-prevention-of-respiratory-infections-while-coughing,cd0be6a14fb942f29a7d61409a535b84
klp-3-procedure-for-handwashing,2747bfba7275494e92fd23b8fee71ae6
klp-2-product-in-alcohol-based-handrub-2,ccd9469b13844ca1838ce21624b06cc9
klp-3-product-in-alcohol-based-handrub,37a2a796bb374866b20c5d78a815cbb4
klp-1-recommended-vaccination,a8427ad5cf354505b9d5494d3ca9b276
klp-3-removing-gloves,82dbafa6e35e4b8ba71b5a25c405def2
klp-1-respiratory-infections,cdd63b98cfbd44e4a2e29d27dc78d7ea
klp-1-segregation-of-bio-medical-waste-sharps,46db94cfa0074b2fa4d253aefb42a056
klp-1-segregation-of-bio-medical-waste-yellow,bcb97a14883c42dca7b93a1f636f4a09
klp-3-soap-for-handwashing,88214490f15b46f79ebf5132369eac2d
klp-1-soap-solution,4b5dcccf284d490b8631b07dfb9baa8f
klp-1-soap-wet-container,6f2de6906c0e4baea1196f39888bf50e
klp-2-spill-management,5da870583b194f7ba5efce336b2cd0fb
klp-2-spread-of-hiv-and-hep-b,ae1ca01ded154fb781b9105b5e802cb5
klp-3-sterilization,2cef7386f17f4901990a086ea9b56a4d
klp-1-storage-of-sterile-items,92811f196e514afc87f19020f044f67d
klp-1-time-for-sterilization,1c7e2dfb83094cd9a7d2379ef554ab0e
klp-2-towel,208dedd7d1ec4ee8b5acd7c91884d5b6
klp-3-transmission-most-likely,97ca050e7e324ce180bbd9b07d834a4f
klp-1-use-alcohol-based-handrub,bae2d6605f5a45a4a7da7fafc2c92500
klp-3-wash-hands,c2176a77e812460d9222da0f0222066d
klp-2-when-hand-hygiene1,8f9e6c1c087f4e98bc0ba21d61e09bd5
klp-3-when-hand-hygiene2,de36ac0eac604e738e3cda7684773e03
klp-3-ab-after-mva,05b2f2755d674e0c90ac78a9bbdc1bcc
klp-3-ab-and-evacuation-of-the-uterus,192fe38cceac405eb7e42c0a180ef281
klp-1-action-at-septic-abortion,ed41faccda6d4d538be58ba3b31d3cb8
klp-1-advise-before-dismission,16c27a245ab74131ac5d45f55283c03e
klp-3-analgesic-for-mva,27655ffd21044ee4916d1283d09837ae
klp-2-attachment-of-the-syringe,3f6d31ac67a14387aab0fdc2e07f7c0b
klp-2-complication-to-abortion,f1aa2320c1cb4d31a24ee3ed3ec97512
klp-1-complication-to-unsafe-abortion,c45d69f64e014e8da2c222e64c537577
klp-3-correct-order-of-actions,9d07e6114e4c4ab2a3d3bf4de8c82b09
klp-3-counselling,f1913a2988674fd89ffe3ddf3c8d54b7
klp-2-dilate-the-cervix,668a99934d7c4a518faceca5fe45bc4a
klp-1-end-of-suctioning,c724e7c8c07b401ea3dab12ec8fcb634
klp-1-evacuation-of-the-uterus,a7204682b7a14857b9ea245c543b7fff
klp-1-fever-and-septic-abortion,5951160c86344904b94cb9620278b439
klp-2-insert-of-the-cannula,16958ebecea7456ea9345b901680825c
klp-3-manual-vacuum-aspiration,40255bac5f4147aba6b3a8231d042cee
klp-3-monitoring-after-mva,84276ed464674628b1e8eca2f9b8033e
klp-2-most-important-action-at-septic-abortion,790b6c9acd8045d4b6756d4c723de449
klp-2-no-touch-technique,e7f9d1182a4a469a93a36ce681cd408b
klp-1-peritonitis,ef5b188480bf49aea8e2ef1346ab2182
klp-3-preparation-for-mva,4b09b4058aaf42b49c1b1c055d53818d
klp-2-rotate-and-move-cannula-back-and-forth,7f2e1a0a5b1342f29b78028a31d73222
klp-1-septic-abortion,b3456c4cb16f417786e0ad85d5597264
klp-1-septic-abortion-can-be-fatal,c9bb3532c7684811b662785b9bdacadc
klp-1-signs-of-septic-abortion,b19e51bbf47c4320b7f9a276e02105cf
klp-3-size-of-cannula-for-mva,e1e5580c80cd4cc88000d1ad0691d60a
klp-3-suspect-lower-abdominal-tenderness,0ff85ac52b234b69b4c4ed27e557a002
klp-2-tenaculum,3626752dedd34f7f8f36365016237d8f
klp-2-unsafe-abortion-globally,24db1dbaaf1b46d8b9574b59f637f36b
klp-1-urgent-management,fde0224fcecb4e36b925ced8ce26c4f8
klp-1-urine-test,1e1e4faccf554c8988afbf32c4f45c4a
klp-2-use-the-cannula-again,05bb6240be6d45edba231db8290ec231
klp-3-uterus-size-in-week-12,9549c156714b4a04b0e1387030e99252
klp-2-vacuum-to-mva-syringe,05196eb6bed04ad09c2adfa17a6de4fe
klp-3-valves-closed,5544c03ff276450b8f2afce7eb8b0885
klp-2-what-to-measure,b44ff612486346438a3671d256f63ef6
klp-3-which-ab-to-give,f597399f67824131811df65c04511d9e
klp-3-action-eclampsia,346dcde3d5a34fc49faef7e1f5465547
klp-3-anc-blood-pressure,4e34da396ea04241984245435793dfc3
klp-1-antidote-administration,70f35a7ae8984052a9d20c1ce927642e
klp-1-calcium-gluconate,85841b02d0174505b5c9947db5f76519
klp-1-causes-of-pre-eclampsia,7c05b86a9a054b4593430481e464f4be
klp-3-confirm-bp,ddd3f40e0d4d4b29a687e8644c28c31a
klp-3-confirmed-elevated-bp,86516c0cef8844b8bbe70845d594692e
klp-2-confirmed-elevated-bp,6a8a65930fe14fa49144f1af6f481f63
klp-2-cure-of-pre-eclampsia,121c632e18f34bc2b779704fa1bdeae9
klp-3-differential-diagnosis,36f168df64f544c5a7d1d507e18ae68d
klp-3-dose-of-inj-labetalol,400e674162ac4bf890854665b46fe41e
klp-1-eclampsia-monitor-1-2-hour,dc8348ed06f84901b06dc14c333d53c8
klp-2-eclampsia-normal-blood-pressure,b36db006f1434c7e8e7d7c5dd8d7054c
klp-2-eclampsia-seizures,0b2d8635d5b947ac8917057be709d99d
klp-2-eclampsia,a42466bd6b904712a41622a37d78e11d
klp-3-fluid-overload,545e84863eeb4b7eab48233b91632657
klp-2-gestational-hypertension,d0f9ac5b3c9f468f818b6ae4bdc05fba
klp-2-give-magnesium-sulphate,52c78b36eb6c4dc589c44f2c63d60abd
klp-3-hydralazine,2125e42cb0144be78daeeced7a6dcde4
klp-1-iv-medication,90c8798c28ee49c18bb61bd4bf447298
klp-2-keep-diastolic-bp-above-80,7cc0dd8c4fca4a8d8a5658104924a701
klp-1-keep-systolic-bp-below-160,d9b41e96afd44113aebfc87b949c8ab4
klp-3-labetalol,9725313a204b4610a031bc6b101797c6
klp-3-lung-maturity,abb4b042aac54e8194afc4aa1a0ba914
klp-2-maintain-dose-magnesium-sulphate,eb8ed663e85f4c11a046dac8876eb417
klp-3-maternal-death-and-pre-eclampsia,30ea387620224b0d82737985b41363e8
klp-3-methyldopa,4a035ae9cec942f3b27c6cc3b171ef6a
klp-3-cause-of-oliguria,6a9091b8dee54d618811f5851a424efc
klp-2-preeclampsia,8a1114241f354a788384afd650cf83e2
klp-1-prevention-of-htn-during-pregnancy,ada20352757d486ca9593f2c9f8cae4b
klp-2-proteinuria,5b7d5ed5233b4dae8b85fa8d60ed686b
klp-3-refer-and-eclampsia,bbba1ed5c29d4237999c29751410c0ae
klp-1-respiratory-distress,73e444216a014a489ddddb36fa50e70e
klp-1-severe-headache-and-visual-disturbance,41b8aa40c4a2410eaa7b910b67067556
klp-1-severe-pre-eclampsia-or-eclampsia,d273349bf6654104b69cb0448e97657c
klp-1-severe-preeclampsia,0dea173aca3d422aae9d62974d653b72
klp-1-severely-elevated-blood-pressure,fbead7f1cdaf449585742ccc1637a798
klp-2-toxicity,45422ff123904921a9f19fa875a060cf
klp-1-upper-abdominal-pain-from-the-liver,de3a02cf412e43e290716731dea262b5
klp-1-visual-disturbances-like-silver-lights-or-blurry-vision-eyes,ef20b96e64a5423f956dd2fb764b9476
klp-2-we-start-antihypertensive-drugs,39eef54a11044daf926f2769f60a919a
klp-2-active-management,d78bce063a5f4aad866cb7d81194ff76
klp-1-heat-stable-carbetocin,991dbd12877b4b83b7c2903c8e8ffdbc
klp-1-check-mother-after-birth,ae73f7ea43d243349fb5a616524a45aa
klp-2-check-the-newborn-after-birth,90e6e0c1738943659a0cff1b48f0b96e
klp-1-check-uterus,adba6b7eaec444fba38f7455dff3241a
klp-3-clamp-umbilical-cord,5942117a278546e7962dd42386d54401
klp-3-cord-monitor,74e8baeed49d41da98591a0c46238467
klp-2-cord-traction,af80cdc011fd40599a5cb4204d47e89e
klp-3-counter-pressure-pubic-bone,e3170a81fe214e97856b2929e69790c9
klp-3-delivery-of-membranes,9b05c0f888d54467a58892af2a3ba643
klp-1-dose-of-oxytocin,698b2b1d2172420e8683b9218d618f08
klp-2-dry-of-the-baby,b88f48781d7644b292fb97a6691fa127
klp-3-early-breastfeeding-mother,6fd55d15f5fd41e586669320448c5ea9
klp-2-early-breastfeeding-newborn,27bfbc5261b0494c8f1d3b5506d68418
klp-2-estimation-of-blood-loss,42d8057c584f4f739a4a8e12cfb2dd32
klp-1-examine-the-placenta,b942940e7a57498fa56dc509b47db761
klp-2-apgar-score-and-vit-k,be5789f019654f2caff4a7423ed07780
klp-3-how-often-check-mother,cbe2b84231754bdcb4d07e8f720cd9f0
klp-3-how-often-check-newborn,6aae9200f1b149a78e269b0fd08bc27d
klp-2-maternal-surface-of-placenta,8960232ec83940a2b38fdcf5d4bd7606
klp-2-measure-blood-loss,bfea68728c27496aa1b996043259805c
klp-1-misoprostol,eac41bc6a709467aa6150cb3301ef49c
klp-1-newborn-not-breathing-well,32f0e46e28884081a74f4008ee1f023d
klp-2-no-unattended-mother-and-newborn,2c83f336945b45b68fbb3c72c2954f94
klp-1-oxytocin,cd70320e7a8d425182239769fb10aa03
klp-3-push-for-the-placenta,2843705d59e5495b82e8d3c5dee6dd28
klp-3-rounded-uterus,2175f3041c9b473a9e2312e8d4c1d2e8
klp-3-skin-to-skin-contact,9cfac5f7fba1447c82e9308d189d9317
klp-2-stable-newborn,1453dbae005546178d6dc5a32bc92156
klp-3-storage-of-oxytocin,949e74bec296494ca002b17a5173ac23
klp-1-suction-thick-meconium,d0e84b547e824efc986d6a9a37f5a1a0
klp-2-thick-meconium,d2c22ae6bbc74a869d87f16facbb87d0
klp-1-uterotonic-drug,e6aec43089444afcb6ea507e77067482
klp-3-warm-baby,ccaa73b243d44275b59cb9f599f408df
klp-1-when-to-assess-the-newborn,cbd06f547f724817b20ffad5def2f953
klp-1-when-to-give-oxytocin,a3654c8ac2ac424aa7ce010b73078376
klp-1-fhr,18ab8d52eaf9440696f1d19b233bf0e8
klp-2-cephalic-occiput-posterior,3baeacc35547422a8e074e0919261d53
klp-2-cervical-dilatation,767fe4cf28f5417cb428bf844a8bab90
klp-1-check-for-maternal-tissue,68e6039fe30743709217616292bef1e8
klp-1-complication-prolonged-infant,bcb2cd6b9ce1437d85ec6286545748f0
klp-1-complication-prolonged-mother,c79c0b3b7374464eb139b49bddfd24da
klp-3-prerequisites-for-vacuum,8dcbf1eb13fe4accb27cfba1d364ba15
klp-3-contractions-causes-if-not-prolonged-latent-phase,31b5328cba174fadbd851f81a3d9fe24
klp-2-fhr-and-contractions,fdcfcdd8648d4626a3746f7ab427050a
klp-3-flexion-point,36f08153d15040b4a67518427ff25f3c
klp-1-give-up-vacuum,7222233b716043679be993089ecf859f
klp-1-head-above-the-pubic-bone,94e2b9c6dc094168b35ecb76df433f35
klp-1-immediate-delivery,4ebfd60fb5fc45ce85e03ae9ea9058fa
klp-3-incision,60259b560c9d40baa8f0df5e33c54b1a
klp-1-indication-for-vacuum,62b8d13814c94491839cebe6db0337df
klp-3-intact-perineum,0be3c4ca35af4feb89aa275c10644c9b
klp-2-causes,6ed8f7e8cf8c405795bb2619cd72ec13
klp-3-more-comfortable,f56bb22a7bd6483abf95356d621b9e08
klp-1-partograph-with-dilatation-between-alert-and-action-line,04bcc320e7514a018b8a8915a83792d1
klp-2-passenger,f75c235123884ac1ac72f6fc010ee9ca
klp-3-pelvis-passage,3fe01bf1e4064d70ba83583dbcd380f7
klp-1-placing-the-cup,bc8decb8f499465e8148d9d4404b55f0
klp-3-posterior-fontanelle-where,b4475f6598fe4ef5a0d6eb6c33472691
klp-2-posterior-fontanelle,7f234dd1f9a54676bbcfab21cd630e78
klp-2-power,7ad3c3a894844d8d80e93ec614e8d6f5
klp-2-preparation-for-vacuum,651773e35c8e410ca281383840ddc07c
klp-2-progress-of-labour,ec6cc9161dcd4685af0500b381a32ff2
klp-1-prolonged-first-stage-active-phase,05f2dcf670494f65bdb3831f5b231157
klp-3-prolonged-first-stage-latent-phase,acecb32471f440ed9e9986e42892930e
klp-2-prolonged-labour-indication,0e133d8a6d674f6da0bdd5805542b71b
klp-2-prolonged-second-stage,38226fd69e0441d3b26dde8d17bb7563
klp-3-psyche,26a7a4ca345e46e9bff5c6ee86a57c50
klp-3-push-how-long,de91e9fbd40f443da7d1fef9cdc8f86e
klp-1-pushing,0a3c149203364eb0a49145abb4d471c0
klp-2-complications-to-vacuum-extraction,6b6d56fa009e48efbcd042b5199b4d41
klp-2-know-small-pelvis,49bb4128e0fa43b6bfcafa063a2e38de
klp-3-small-pelvis,d156461058da420c961ec11449519dc4
klp-1-a-woman-gets-cold-sweaty-and-feels-dizzy-after-birth-what-is-the-most-important-causes-to-rule-out,15fb4397cf2d45b4a6fd703d39d7052c
klp-3-actions-helper-at-the-arm,d413cb7e80d4492baac432566dd19e9a
klp-3-actions-helper-at-the-head,7c91c3bc6882497788bac72d9b12bb4b
klp-2-always-do-a-rectal-exploration,201848ec039844ddbc7893d2852cafd9
klp-2-aorta-compression-procedure,1f85b5a48bc64150a1df1f3c0e7e89e5
klp-1-aortic-compression,91d6fdaccabf4219adf6018d5607fe6c
klp-1-bimanual-compression-aortic-compression,416c039751fc42bca8483d1b468732c2
klp-2-bimanual-compression-procedure,6ca3942ca9364426b896613c1d8c5468
klp-2-bimanual-compression-type-of-gloves,0747934d92724314aecc086e5cd473ea
klp-1-bimanual-compression,e7df1d63af0b44b997e37de5fb095d2f
klp-2-bleeding-from-a-vaginal-tear,68178dfed843401995be82a8a7dd852b
klp-2-blood-inside-uterus,f4322d210f5d4f899738a59333e7388f
klp-1-call-for-help-then-stop-the-bleeding,0e084e287cea4a17907071a8832b99c7
klp-3-cardiovascular-symptoms-pph,e2529763b2b64d44a5178136dc7942b1
klp-3-causes-of-pph,4cae99aa040f42adafbf54fe1581b673
klp-3-cbt-is-indicated,8af1a67c91a740ad8a2fbd8b55245a23
klp-1-common-cause-of-pph,b6d50d67413240c1b75bec1fc5082f73
klp-2-correct-position-pph,263c9571e2d1404c820c656c95640446
klp-2-empty-the-bladder,751a135a7d8e4e999c5b33dfee626560
klp-3-ergometrine,8f35db7b77b743609ea7fc2210f5547c
klp-1-first-degree-tear,e78bea8a8d0f41f6bab50386c0f8671e
klp-1-a-general-rule-about-fluid-replacement-is,a5f4d0f82d43407ea79c19847e4503d9
klp-1-how-do-you-perform-aorta-compression,b8c6397aa6a448c79e5e1009b56686ff
klp-2-ifa-dose-in-postpartum,98fbfff790754b6da8802995b7185242
klp-3-immediate-management,37811e85e859460fa46c4e47adead76b
klp-2-in-which-situations-must-you-be-careful-not-to-give-iv-fluids-fast,a7981d1710a94af3b71c0792694c3209
klp-1-is-the-amount-of-blood-you-can-see-the-actual-blood-loss,b4cfd2346a784b8f88e324d4f16448fa
klp-2-it-is-bleeding-from-vaginal-trauma-what-will-you-do-to-be-able-to-suture,dc91ef8190c84dbdb7cbf7e83b6807af
klp-3-iv-fluids-pph,e943d08fda3545b290d10879ac91e6a7
klp-1-loss-of-tone,4cd6ed19360b49f0a84b68d07a48dba1
klp-1-maternal-death,4ecf4de0e79b4c1ea9f7f6c932e7db4f
klp-2-carbetocin,abf97c350ccb4006ae6fae1ce73968b0
klp-2-misoprostol,b1bac712cd4f41afb57c1ea8590de60f
klp-1-moderate-bleeding-characteristics,52338b2418d74c82905ea2fdccb4e081
klp-1-what-is-correct-regarding-moderate-bleeding,8ea635a816f649dabf8a30eec1ab96a1
klp-3-mother-in-shock,2244b90264d6467f82d1ba777507f1a5
klp-1-mother-in-shock,399a7f9863494efbb9e4502266334231
klp-2-observation-after-treatment-pph,a22d4e29dc734505a8bfa1976cd23c7b
klp-1-occult-bleeding,837830445a5240c4bd907421896dfb8f
klp-2-oxytocin-dose,3c2ed2b46fb94ddf8082c4f50705c84e
klp-1-how-aorta-compression,08b5abd65f2f462392a97fa1dcfbddb2
klp-2-placental-tissue-missing,637bdfb78d3b43b3873c6fbe471b7631
klp-2-positioning-vital-organs,e6976fbee9384087aa1df457d82fc1a9
klp-2-positioning-pph,175dbe6bb5fe4c5a9b8ed751bade7baf
klp-3-pph-definition,da843a23e1e340dcb87946799d600505
klp-3-pph-drugs,f0c26c0b40ac41f882a25a335f1772be
klp-1-prioritize-manual-maneuvers,e750c0c4a7f94584b948d35098b3733d
klp-1-prioritize-the-actions-at-strong-bleeding-until-helpers-arrive,44934982dbe149c5be6312b9a1ad4ea7
klp-1-referral-pph,3de22bae628e410ca3fab834dc3f13bd
klp-3-removal-of-tissue-list-the-actions-in-correct-order,a4200e7f1a7f41109e76dde6910537cd
klp-3-removal-tissue,b799def0557446d6962d8ab9d1a223a3
klp-2-pph-resuscitation,9063c3a9d2664dd8bb00f9261de8b992
klp-1-steps-of-immediate-management,e83fec5552da45bd9dc45b5df811d05a
klp-1-strong-bleeding-characteristics,f31db3e4e6784340a0ff575f39485c8f
klp-1-symptoms-for-pph,8d98294c2d154d52822e37f82d4b34a0
klp-3-tear-management,e5be87dcc6ba4049a01c48fdf770409a
klp-3-the-causes-of-vaginal-bleeding,5d1697964a394dbb8a4a7ccdf9c896d8
klp-2-treatment-if-there-is-placental-tissue-missing,e921e944001545ef85d8489608d5dc95
klp-2-types-of-pph,ede716ed8c78416fb6f049fad2e48d2f
klp-2-ubt-deflation,bc000d252016447ba977e463b19f6fe3
klp-3-ubt-insertion,bf9c9efb9d454109a7591366ea1a88be
klp-2-ubt,636bc1bac2c344d29566af478a9c2140
klp-1-uncontrolled-bleeding,5413e100280043f583b0ecd4475866ac
klp-3-uterine-massage,cdcb6f64333a48708492da0ae9494df1
klp-3-uterine-massage-immediate-management,b754b04f96bf429798534eb5560ea113
klp-1-uterotonics,248c2f870f7341eca69fcb3749bd0437
klp-3-vital-signs-monitoring-pph,a82fbacebe964daa9dfb9716ebac83c0
klp-1-vital-signs,1717082429fa4bcc859e02f2e97fd9a4
klp-1-volume-replacement,898bc84bcb3a4c80b2f04d912681a377
klp-1-what-is-most-effective-in-stopping-a-strong-bleeding-due-to-lack-of-tone,93c7f086bbec4786acc2d2d28a9740d9
klp-2-what-is-the-primary-reason-for-checking-the-placenta-quickly-after-birth,d365b54e633a40a4bc8771a90599f72c
klp-2-what-is-the-treatment-of-retained-tissue,f63223ba09f942719a81078454036cbc
klp-3-7-pph-moderate-bleeding,b491751749f54b70bf4158c434fb11f3
klp-3-what-would-you-expect-to-happen-with-the-pulse-and-blood-pressure-if-the-woman-is-affected-by-the-blood-loss,24e44a3fe1f3451795b35ba0570bcc7f
klp-1-what-would-you-suspect-to-be-the-cause-of-bleeding-if-the-uterus-feels-soft,d8c628f830f14eb1aa684fd6f83b4695
klp-3-when-to-measure-hemoglobin,8c511072e6ad46f9940015399742a64d
klp-1-where-does-a-post-partum-bleeding-most-frequently-originate-from,4fff7edca1b64f899973aef398fbe12a
klp-2-why-is-a-rectal-exploration-always-indicated-after-birth,94a406ec06f54edf94670fc402239bcf
klp-3-why-is-uterine-massage-recommended,02251b4a152741249ac61d31c60a5cf3
klp-2-why-should-the-bladder-be-emptied-at-pph,7da4368fcf3b4ed8866712031bede7c5
klp-2-why-the-legs-up-and-head-down-position-at-pph,2a87c2e698174fbbbaee40ce78751f40
klp-3-ab-to-newborn,3bd6ca7ecaf94bf9acbef819da2bbf75
klp-1-action-right-after-removal-of-placenta,546db5f818b74d5fba20f0c95d303811
klp-3-adequate-aorta-compression,75bd1dd7cc834f8c86ac89814d93ab19
klp-3-after-removal-of-placenta,d14706468c574b18a533aaea7c7bd604
klp-2-anaesthesia,d0c97e7f1f0748bfbdf4ead6fdd85f61
klp-2-aorta-compression-and-manual-removal,0c172b7d46c147519063282a157f4611
klp-1-blood-inside-uterus-in,cce68ed2b9894effae5957f4637a7d44
klp-3-blood-transfusion,6df2f8bf97dc4344ac6a110b15e633ff
klp-2-drug-after-removal-of-placenta,b1e8d53b31c14ac081c9456a60972d86
klp-3-broad-spectrum-antibiotics,ddcd501c1e12464a81af483b0d5745f2
klp-3-condom-balloon-tamponade,6ae7c7b8d7794d8cb987968dcc8f9da0
klp-2-day-after-recommendations,a21e91b5b3e44677b23369990585be79
klp-2-drug-after-removal-of-placenta-new,9a3447bdf6b14108b6ee0d3f937383e5
klp-2-durg-for-pain-relief,a0a1410aa63743f1bc26c30decffac21
klp-2-excessive-bleeding,560a2a67b2e3466291c1d9d449eae044
klp-3-fluid-gives-fast,e8d166b6fbeb4042836ed867b80886c4
klp-3-gloves-and-manual-removal-of-placenta,8ff03b3d635249ed8f76e47e5d4b9752
klp-3-heavy-bleeding,5bff42f0eb5d4395867216af7fb3d545
klp-1-pain-relief-1,a06c46c7333c4ee7a971c02b8859118c
klp-3-how-to-manually-remove-the-placenta,dc2868bc62ee4ea9951f5ae640641f2b
klp-2-how-to-manually-remove-the-placenta,200a97fa094246fcaf5b5f54e863de1d
klp-3-action-after-removal,81f3ff61b4a2466682b43c0900c64254
klp-3-iv-fluid,490214feeec6403dad81ff8b406fbd7d
klp-1-life-threatening,a586763f597b442f8ae37de6b9d94755
klp-2-maintain-compression,f3e8921813b244edb471bcff083fd0ee
klp-2-manual-compression-ended-aorta-compression,0651203c40424d4aab8b5d88162e73c4
klp-1-manual-removal-bemonc,7bdcff31fbf14a28be914da58aa69f9c
klp-1-overall-action,d980013c8e17459e8eed9b54ba8d22df
klp-2-pain-relief-and-aorta-compression,42e3a0ade9b045ae88ceb8f477d57b86
klp-2-pain-relief,40ce3701b3e149e596ce99659b591405
klp-1-action-right-after-removal,02932573bc8849519a15d5570590a97c
klp-1-refer-manual-removal,6c96681f5cbb45ac89923c59061000d0
klp-3-referral,4754ef5c06e94d6e9c5e57811f058710
klp-2-referral-mrp,6674ce39d5684ef7be813786fa1b88da
klp-1-removal-of-placenta,0874766c20234c38bc5dce4b71454975
klp-1-remove-manually,f1ea2ab83e2e4a9cb9d48d6b8f5f6bac
klp-1-repeat-intrauterine-palpation,c6ed64e6ae0f4449ba8f44cf4dca2652
klp-3-resuscitation,8c48904887454483bc7473f235bff28d
klp-1-right-order-for-removal-of-placenta,dff8da847a0040089333d11268b8b617
klp-2-stop-bleeding-retained-placenta,e52e65b662324370bfb67fb18a1a67ad
klp-2-stop-compression-at-resuscitation,3d6eb59ad320488e828953c746e5b689
klp-1-the-overall-action-to-control-pph,46cccaf1e18d4fa682085891c55b570a
klp-1-time-before-placenta-is-born,c11eb37717c64ac28da9e552a0567845
klp-3-tranexamic-acid,8c84bba230534c2e86f1fcfe27283299
klp-2-uterine-balloon-tamponade-ubt,7bec80b783d940ebad124d1b12a4be8d
klp-2-when-manual-removal,56881ed5fc3d40598b2b9767911a111f
klp-2-where-to-perform-mrp,8e111f31574c4ae38ed9104487dd0277
klp-3-diagnosis-for-respiratory-distress,6a3ce5fc2ebe4486add04c147926b939
klp-3-ampicillin-sepsis,0fa8474886914bde84b90cd945781c9a
klp-1-art-regimen,ded5f80a7efe476d9a954f5112878c3d
klp-3-artesunate,156c1bff79f74977901cec3e9457259f
klp-2-assessment-of-fluid-balance,2526b11fa3aa4c73bf75adb0c90cd92c
klp-1-breast-abscess,01f40e6f3ec541acbb3fad64c3260f62
klp-3-ceftriaxone,807c0c068831406eb34608edd4abafb3
klp-3-chloramphenicol,eeb07a8166b14eb8ae9b267b79cbb50d
klp-2-chorioamnionitis-signs-and-symptoms,c9d7cfee7ce4483e803b90414457dfb0
klp-2-chorioamnionitis,5267c13faf4c40d5a14e1cdb446dec02
klp-2-circulation,14939980405c4060ba323a8b98b22d80
klp-2-complications-to-sepsis,26192c1b0db849feaf54503e75b1d6b7
klp-1-diagnose-sepsis,a4cd198cdad04fab86c116042d89d703
klp-3-dosage-artesunate,261e722c7d5848a0be2f99a550ad5464
klp-3-dosage-quinine,813e93b594be45b4982aa913704670cf
klp-3-drugs,1f97c6d984fb45a180c730a835e341f8
klp-2-endometritis-and-no-effect-of-ab,7c89d3a5d9044a3f8627666997ac41a8
klp-2-endometritis,32144b9885304c3f87812441e2d479d8
klp-2-fluid-balance-be-calculated,9613c0d86d5f4afcb85b19b149d7d2c7
klp-2-fluid-balance-be,a28f553f4db44c5aa2b92f5f025ca066
klp-3-gentamicin,c04f63cb73564da2ba4ca6354dd9afa4
klp-2-importance-of-fluid-management,5d76fdfe02174765a80e8b174ec2e846
klp-2-in-case-of-a-septic-shock-it-should-be-calculated-each-hour,63653ca8ee764a11825ee9de1f7b666a
klp-1-initial-management,f1cf1c05eb694fe8b22f18b29365dd06
klp-3-malaria-drugs,f97537d54fc944f5a0c08dfe6152f94d
klp-2-malaria,0ec74ea5537d46459337f01a33578faf
klp-1-mastitis,ff0e1a733618467a8e85ce0594f62f21
klp-1-meaning-of-sepsis,e90ceef94c394cb2b59b922c8ca1300e
klp-3-metronidazole,f0e552858d614089a7712accb2c469f1
klp-2-other-causes-of-infection,347452526e7d4ccd81f00eb22a1265ff
klp-3-oxygen-administration,84d94c768350459580da11a4ecf5f721
klp-3-quinine,20ed86b2e1654fe6b1bab4dac0a48e91
klp-3-referral-slip-details,5d22b7a91352409e8eee9ef0db1e19f7
klp-1-septic-shock,73cbba314a2f492ab3045049d787637f
klp-3-tetracycline,c93df77a53a54fa5992991707798c278
klp-1-the-6-ws-continue,b49c661baa744eaeaf3b2877e0660854
klp-1-the-6-ws,ef07e1b998f347399caa36d3770d3e0d
klp-1-treatment-for-chorioamnionitis,6bbd70e3034b44fbba78b993d6dc0f47
klp-1-treatment-for-endometritis,069373d2434e452cb08aad6d67195f57
klp-1-wound-infections,9e315255070443aab383575a07dd570c
klp-3-action-if-breathing-well,4df7b2bf2eaa40bca39a4c7a76b14ebc
klp-1-adequate-breathing,68d9d39876144019aa71a802b7e3cdb7
klp-3-airway-call-for-help,18cdd1e67ea34762b0796a3c80a41ae1
klp-1-airway-effective-ventilation,eb2f5e8869514d209a6c64febfe39d77
klp-2-airway-position-of-head,733b129f179d4e009141cfeb35746506
klp-1-airway-position-of-mask,8716994da0864bc0b7c37fc577ebc92e
klp-1-assess-the-newborn-after-birth,b2736eb71467406ca834ca5c077e6b73
klp-3-breathing-assessment2,55432ba48dfb4399aaa9ecf4945eaa03
klp-1-breathing-assessment1,ef4c7052e7eb4a14aa5b7876f284cdbc
klp-1-breathing-assessment-continued,a472c1cd67fa43358167536bb83a9b6b
klp-3-challenge-low-birth-weight,bf75f434e8374c528c3c93046d6515be
klp-1-continue-ventilation-breaths,e45e3236a4f04d50a8843a4f13aa1665
klp-3-correct-order-suction,10016e175c564464840911d752b28a4e
klp-2-first-step,97b74511ea0242729fd03cc7a02b06d5
klp-3-nr-give-oxygen,5bb4c7b73eb045f098ee75241dea61a6
klp-1-golden-minute,a5c85890a74c4ed6a7d9e355eac4e635
klp-3-good-ventilation,6ad2c0d4795d4e609793a4f9ef367542
klp-2-if-no-chest-movements,eaf7183917a842afada8e7f1171755ce
klp-2-inflation-breaths,c4a383b03a284ffca24c163a20307184
klp-3-jaw-thrust,5e45e98affc44dddbd02772bda59c868
klp-3-low-birth-weight-and-resuscitation,54250edafb594682b06721f5c672b6d1
klp-2-meconium-suction,1ceb5ed5bbde451bb62dbc432997ba8b
klp-3-monitoring,8551226df8844f4992b636c44fac56a1
klp-1-most-important-ventilation-breaths,1aea0db3832c45b7a3441801fc1d96ef
klp-2-newborn-is-not-breathing-well,47642fd0e1b84ea79dafa4749e337cd0
klp-1-not-breathing-well,064fc41c8abe465da9d37df89a0de56e
klp-2-number-of-inflation-breaths,b459506386744837a2711d3a8c1f9d98
klp-3-resuscitation-stop-next,9bb6bf463f1a4fb19675bae967bae0ce
klp-3-rhythm-ventilation-breaths,a2915dd7cf6d4b8c9fd034824c0ee528
klp-1-skin-to-skin-and-breastfeeding,b773ef1c51654c59bbb36f6a761af97d
klp-2-skin-to-the-mother,ebb847ea84cc4808a88af7c968238ba4
klp-2-stimulation-the-newborn,37faf9dcdbbd48c1bd2b6d3c631c67f2
klp-2-successful-inflation-breaths,3329705470f44e0a89401bf8ecc97425
klp-2-ventilation-breath,62b891534af64f129e7111c938c7511f
klp-1-when-to-resuscitate,6a2e4b2169e444e59014b32282b84ca9
klp-2-when-to-stop,8594b90607344f8f9fd19b78722d8a6e
klp-3-apnoea,f6fc3444a0a748a0923dec317a7b5013
klp-1-common-causes-of-newborn-death,d89257b3e8c94ec0863ef2b856fffe73
klp-2-convulsions,c4d68ba6acb14cf3ba38337ce2ee8ff3
klp-2-danger-signs-airway,f67a9353273945f092520492872736b0
klp-1-danger-signs-breathing,a66279c873044deea185109eef1056f5
klp-1-danger-signs-exposure,c60a1737e6ae4fb0af28bcef0eff0070
klp-2-death-in-first-week,9a1f34ba70ae4b08a0096eee28c651dc
klp-1-disability,ea1e529ae89d456d93ac87911763d758
klp-2-early-feeding,7c867839db3844b187897655e741990a
klp-2-grunting,a5ce7ade1ed645db891ad1d936cf2d45
klp-3-initial-care-of-lbw,47eef2b3dc6d4a9487c4de2972e173ae
klp-1-initial-care-of-the-newborn-actions,dd2d8e72864d499fb1a229649478d1dc
klp-2-initial-care-of-the-newborn,6fe60dd82fac4dc29901d36a25b273cb
klp-3-jaundice,b9f49ce2fced419aa611596b593b3652
klp-1-kangaroo-care,5e7b6a3633e2477b86eaded06907e15e
klp-1-lbw-unable-to-suck-adequately,ed317479f3404d9b8e9acd6f81d6d263
klp-3-management-breathing,bfed497132784ac69f753b7ea7233ac8
klp-3-management-case,cd3f7c95a8884ed3917aaa6bf991b6be
klp-3-management-infections,780b2b03a97f4e789c813c5802aa3ff9
klp-2-management-jaundice,8034b4a19b0a45fc883e2574e46c63ef
klp-3-management-kangaroo-motherhood-care,f0f3961dfa4345d296b92e672ef10ecf
klp-2-management-drowsy-and-unconscious,7ca90fd0334742cebe72493ffdb24a5f
klp-2-management-of-danger-signs,4433e67cf9a94dd3870b8e61d08c313e
klp-3-management-of-danger-signs,7c40f4018cd942b2831f3993c8875c73
klp-3-newborn-cannot-suck,1dca6c2bffa6492492c572fbc2a53707
klp-1-not-crying-or-breathing-well,6df579ebdd5e4b4d8291cfa381e9583d
klp-1-obstructed-airways,08d37e20a15d4bd8af5632459f637a4c
klp-1-prevent-newborn-infections,c4a0e02b3d714a34ad776e7e9b2bd4de
klp-3-prevent-respiratory-distress-preterm,751a6a37285c4e68939b584aa52a4f2d
klp-2-risk-factors-infection-newborn,b6038b99e6ea4b9888c0331b6be8f6d8
klp-2-risk-and-action-after-resuscitation,7355589b92d54b1eb2b19f883deed3c0
klp-2-risk-of-low-blood-sugar,4b3ef80b836245b8a30be911a09e233a
klp-1-rural-facility-newborn-danger-signs,1de0094289444eb9872dc93700c82151
klp-1-shock,b8c53baf89b24a99a18ce6f1f0ca2419
klp-3-signs-of-illness,ad50be02f14f4df4a3e152b9a576afc2
klp-1-analgesia-after-deinfibulation,1562be0883a0496aa49280cacd8c1ead
klp-2-antenatal-deinfibulation,1204922993114b5c907f5a30070f1969
klp-3-birth-complications,7e25d60774854da7991fd14e440b40bc
klp-3-deinfibulation-and-second-stage,fe6ec37f6fb7437284e157d0596afaab
klp-3-deinfibulation-and-urethra,4c6a12c9f10247508b9d6be2a3835c96
klp-1-episiotomy-procedure,971783b697a04767925157e3b9e08c3c
klp-2-episiotomy,f852379c27bc44b2b1e78b5d63538cfb
klp-2-fgm-and-infertility,97143e3f62b04fbcb5e0bdcd4f0dfd2d
klp-3-fgm-antenatal,e96928f42c184a57b9d3c02acee49df3
klp-1-fgm-is-a-dangerous-practice,294d0e6153f74f6c9811b79706b18df0
klp-1-fgm-is-an-unhealthy-practice,645a57022c1d4ed590c1596292a58f5c
klp-2-fgm-is-forbidden,e837f5dd2b194fde91ada7559d25a7e5
klp-1-forbidden-re-infibulation,f7da48ae24d74d0fad89c423440a50d0
klp-1-four-types-of-fgm,c6610d19c09d45e1b56ac7696fa7a11f
klp-3-healthcare-worker-fgm-knowledge,182974dc18be416dac7cbaaefb5b5ee8
klp-3-hygiene-for-deinfibulation,b0757e8442c14d3796e83bb6efebb1a9
klp-1-immediate-health-risk,9b88541a434c4924aaf829b15941116c
klp-3-interrupted-sutures,056179efd0b54fc1890cbf8342957ed0
klp-1-long-term-consequences,31b619d1b4e84239a7f35366b551f34d
klp-3-mix-of-the-types,63f50671ae0e4487b1810c443a468859
klp-2-no-fgm-for-newborn-girl,949e7f772a634690b903b32d8d859f4a
klp-3-re-infibulation-is-a-health-risk,ba1096769af946f9978efcf246b7a372
klp-1-re-infibulation-no-health-benefits,5746340e13074396abb6d8bb93a73fe6
klp-3-how-to-wash,9cc794b521c444bf8513179fa6ca5338
klp-2-steps-for-deinfibulation,52239483d1624a6eb724a8b1ba6d17ed
klp-2-type-1,ebbbb384e45d49d6a4da42b90f0fbbda
klp-1-type-2-becomes-type-3,2d5edb71ff494b23aa9c6344a3c54d18
klp-2-type-2,a700042fa82b46139bffd70ec41c0de5
klp-2-type-3,1ceac7494ab84bd8adac399ad84e5816
klp-2-type-4,25ac332863884681a855a9651c68736f
klp-1-urethra,5c0a7fdbd3ae4627b236a3a43e57730f
klp-3-wash-after-deinfibulation,53db0dd3b430413d98a8f7a977e25701
klp-2-when-antenatal-deinfibulation,cb12f66975ea4425b278157e4aa49ab8
klp-2-when-deinfibulation-at-birth,0c27818d66114e96b0b104b225818078
klp-3-whom-to-deinfibulate-at-birth,6dde0b194c04495795ec38e36f4ac33d
klp-1-why-birth-complications,c9c7dc4197a44ecb93883f25fdb6090d
klp-3-apnea-prevention,a7c2395e83884ecca400b2dcec9b01ab
klp-2-breathing,88fb3f76edea4de0b26e24ca446ac0aa
klp-3-cpap,06a36adca96c469dbd343b61a2b5faf4
klp-2-definition-of-low-birthweight,c9b95a1868df435eaa74f5a12c0307db
klp-3-discharge,77f3df5c79ea433890f8c1b11cde8cea
klp-1-feeding-schedule,c124199fe00946f78a45b6fcf13b3901
klp-2-feeding,9663e66beb5942e8a11c498ca2695a5f
klp-1-grunting,92fcfd69ab1248b6985d8ad4b7548c8b
klp-2-how-to-kangaroo-mother-care,10bb8e62feac417199621ad21b9d33f6
klp-1-initial-care-of-the-low-birth-weight,90ddd255c77d4fb7841dab4be9781ebc
klp-1-lbw-infection,cb133d441e3446fa83e0e1aec5467a6a
klp-3-lbw-infection-treatment,9502fb42d1e04d7bacf5402632e1fb57
klp-3-necrotizing-enterocolitis-ab,d448f8df81fb409fae3b320516815a6c
klp-3-necrotizing-enterocolitis-antibiotics,afd12dc05b544535bf8bf6e707b02194
klp-3-necrotizing-enterocolitis-management,7dc9fb2df4d74cbe838f3bbded44a703
klp-2-necrotizing-enterocolitis,f4db78ec27c34b7ebc53bfa28681406a
klp-1-non-responsive-newborn,6bff0317c4bc4ee2b1d649686d04d112
klp-2-oxygen-indication,4c3c529c827d49c6a28b97258c4976ff
klp-3-oxygen-saturation,200e1bb138e34335a301c7a1f488269e
klp-2-oxygen-therapy,c48181bcc732401fa306ae7b95c63cf4
klp-1-preterm-presentation,4b4d8ccac7704cc09592a207563b196c
klp-1-rds-symptoms,8427e0bd133046f993d1187fbca519c2
klp-1-rds-ab,43c8eb7903244690bf00ae0145673e09
klp-2-rds-management,3d356835aa6149fe8a07a9260a9533a4
klp-1-referral-indications,09c99c4caf8543ae834cceb32fca3b6c
klp-2-referral-warmth,6a940af4f2f944b2badcc32788483c23
klp-3-referral-no-option,9af2dc9bd2c74fc690fe02d49af47667
klp-2-referral-safety-rules,2e14fb340f7344c2a0f86c8b28fd0c03
klp-1-respectful-care,29753214ae1949c19a75b3f33fedc0d0
klp-2-severe-infection,61a0bb49aa22451ea1bed28db9b0addc
klp-3-severe-jaundice-jaundice-treatment,fac662155b39473dbdc1c1cd3d051c84
klp-2-severe-jaundice,9a911606b428423a8b292d185fc38db1
klp-3-stable-newborn-management,b01c92da28ac4270a4fac681dfb5ab72
klp-3-unable-to-suck,15f3209906e744e8a2a53f177c63172a
klp-1-vomits,22fe3a261e8d41d39d81e180a82b4922
klp-1-what-is-kangaroo-mother-care,9490aa23909743cdb39faf7113edc537
klp-3-anc-remote-visits,67e90c69372d4deb9ccc24d08617e1a3
klp-1-breastfeeding-covid-19-positive-mother,329ccb1e30284764af2c1058708bd610
klp-1-breastfeeding-and-covid-19,23beccb3c759468c901725112649a1fd
klp-3-care-during-birth,0affb39551bb493d8357fd4db41af100
klp-3-corona-is,dedb4dc621224ebd8f8815bc768f0493
klp-1-correct-order-ppe-remove,1647bec513504287bb15b7b5716dd8c9
klp-1-correct-order-ppe-put-on,497a5e34c3ab4377bfd91dc13bb6744d
klp-3-covid-19-postpartum-care,a4f4d8799fc1435cbce7eb89f10ba2d8
klp-1-covid-19-transmission,6fbb88dc42644b989025a54f454d159d
klp-1-feeling-unwell,3dd43bd911cd43fc831ae6405dd193d3
klp-1-five-steps-to-prevent-covid-19,99008401225e4709be6717795eaa90c3
klp-2-hand-hygiene-before-and-after-wearing-ppe,89f503f6e4604c22a8b471808bcfedf8
klp-3-hand-wash-how-long,f2ed3ccd4135407d966d8bcd796fa4fd
klp-3-handrub-how-long,9945f8ea98944a61807547fd4884f1e7
klp-3-incubation-covid-19,5538575f5b774b2d909f98235d759238
klp-2-management-environment,191beeb889234973981798aa51e42851
klp-3-mode-of-delivery,30f54376eace42b8bc68919fc2ed341c
klp-2-need-to-perform-hand-hygiene,daeb03599bc14467b42a5383dfe4ae3f
klp-2-number-of-anc-visits,f7aeaf0728404906a3dc63a794481f7a
klp-2-pnc-remotely,ddb918afcd2146e5ad142cebcff67bbc
klp-3-ppe-important,e7788eac9a6e433388eda6aa75efb9e1
klp-1-ppe-and-covid-19,4637272546e2462f9c347de50e3614a4
klp-1-ppe-for-different-patients,6874f5d58a3e45f596548965a2ef3872
klp-2-pregnant-women-at-risk-group,6e91cf02ab0d4696885ec9469864f80d
klp-2-prevent-spreading-at-health-care-facility,ce63ee512eeb4a04a08cc3b08a108e18
klp-2-preventing-transmission-to-newborn,c51fe7b0a9b74675b86e861e32740479
klp-1-receiving-a-woman,7823be30c7054cd7a452a30d5661695a
klp-3-remove-ppe-important,4ee3cba69607474e8d77f9ca602ee132
klp-1-removing-rings-watches-etc,1f4af4428dd34f779112ca04631a0cf7
klp-2-right-to-quality-of-care,0169b9ad150447a4b66baa86d5d35c84
klp-2-symptoms-of-covid-19-anc-visits,b8e28d4cd5844dbbb17ea5651777f7a9
klp-2-symptoms-of-covid-19,8b59d77fb81d450a82663cc885017e3f
klp-2-temporarily-separated,a11c5cc3d4db41c186967f4c045feafa
klp-3-when-hand-hygiene,b660fbfd49f6422a9bddbc781470e734
klp-1-where-to-sneeze-cough,dbccc0be239e4e039ea546b8477ecc9a
klp-3-women-and-companions-hand-hygiene,8fdfec8dfd8e461eb6e63b1d9060d077
klp-3-the-elements-of-true-respectful-care,789404add35544f3968a3b2501f40549
klp-2-a-child-born-in-week-36,160cd50d66ab44bab29fe26fb77daf03
klp-2-abdominal-examination,3b2cf29b4f4c489499fe8ccabfb13d46
klp-3-after-the-head-is-born,5141f4b12ea448959fd6f7876f53d9e3
klp-1-before-the-babys-head-is-about-to-be-born,c808935e9d314a6ebdbeef0c6570db9c
klp-3-delivery-of-the-shoulders,0ea3ce0c8a624a6e84654d911e11ca2f
klp-2-fear-of-being-mistreated,24586f1f93744743a78e625de51a1bb6
klp-3-first-component-to-be-plot,f3c5f45e7b2e45b0ad3fa4acde4723da
klp-1-good-contractions-with-3-minutes-apart,7a435083f81f42f295c4f6d739b59256
klp-1-help-the-woman-to-get-good-contractions,3d6e04d4bb9b403aab4f1d1af4971348
klp-1-how-would-you-help-the-woman-to-push,6115bf55ad7a4dfd8bc5de7ac854bcf2
klp-1-the-order-of-the-four-steps-for-palpating-the-foetus,3b8902d764894bb0ae79f28bdc5379c1
klp-2-if-you-feel-a-lose-cord-around-the-neck,57e4674923404804b16ec80d4cf744d1
klp-3-just-after-the-birth-of-the-baby,1210a016f22f45f88fde691e02b03899
klp-3-non-pharmacological-pain-relief,dd478fe6239d43e3bbe99b41888c1b60
klp-1-partograph,bb9dd62846214240a528148275cd1f88
klp-3-start-of-a-spontaneous-normal-birth,c6db8982221e4bdc893208bc215a7cf9
klp-1-strong-contractions-5-6-minutes-apart,f677aa9b0e5b4b45940463b5476384c0
klp-1-the-baby-is-born-with-thick-meconium-and-does-not-breathe,b95282b2242945cdbc08103ff4238432
klp-1-the-definition-of-a-normal-birth,8ceb40f7c03b4c8a852522117800e9a7
klp-2-the-documentation-on-the-partograph,15ea6f453df84d858e93510bb914fa1f
klp-1-the-first-thing-you-do,d17095298d2547d394bcc6524c7f5582
klp-3-the-labour-has-lasted-12-hours,37c08c901d1945b49e446f0bcba889bb
klp-2-the-woman-can-give-birth-in-any-position-she-wants,a8e11a7da1a749ac9966c3e99f2b387b
klp-1-the-woman-can-push-when,80b34ae40511465b9aba67b0cd1813cf
klp-3-the-woman-cannot-eat-or-drink-during-labour-and-birth,fb1265803188441bbd4c556eccf2176d
klp-2-to-be-on-all-fours-and-give-birth,dc8a1eac7bb94463984b823d0f953524
klp-2-what-do-you-do-when-the-baby-is-born,969ced12ec4044b5bf3f7ec6b5b00b88
klp-1-what-is-respectful-care,1daf255a2d1d421c84ec2e21c0f2d44d
klp-2-what-kind-of-danger-signs-should-be-examined,a6f0ac50ae824beaa531925b6fa87446
klp-3-what-kind-of-practices-should-not-be-performed,f54b8f3a975c4648ac2ce11bd07c754a
klp-2-what-needs-to-be-ready-for-the-birth,d5f124dc74694a77b23ed3ba944d1520
klp-3-what-should-you-do-during-the-second-stage,d1e089d47c7f455ba66cf8f062ed1fb1
klp-3-when-is-her-due-date,a7c6216f43ef4056bd5ad6e25a658051
klp-3-when-performing-a-ve,1dabedbb028b4850bcc5dddb9faaf809
klp-3-when-the-baby-is-born-with-meconium-and-is-breathing,28583a47d18447899e33ea5cff221818
klp-2-when-the-babys-head-is-crowning,c0f238b375d04f89869e243e5addc9ba
klp-1-when-the-woman-is-in-an-upright-position,1734ab65d87c408b92308303169164a7
klp-2-when-the-woman-wants-to-stand-up,9650c56c98b648189e06e7e1cd3a34e0
klp-3-administration-of-phenobarbital,0bdcc9d3478a46398fca40dc7f4f236d
klp-1-airway-management,9aacd4bb1ada48e08201851d07265427
klp-1-apnoea,d9e85bf614e04287b0646af9c0a56988
klp-1-approach-assessment-of-newborn,29e69a99e14042eca82f39f418cd69b1
klp-3-bed-side-diagnostics,ac83cd2d3380481c95de8f185af19dff
klp-1-breathing-emergency-signs,a57d6cc923b74721b4a587724b8d6ea1
klp-2-difficulty-breathing,1bbca564a09c4d87872e65d778045079
klp-1-dosage-ampicillin-and-gentamicin,f3d70de35b3049db85c90e20df4e9bcb
klp-1-dosages-antibiotics,8d0cb71afd194712be2cd0c0cfe560dd
klp-2-drowsy-and-unconscious,780c5bf27ed743a191b014523a5dc3a3
klp-2-emergency-management,5ea14290975544a38aad7ef6d879a424
klp-2-emergency-sign-2-week-old-baby,2d91d3e90c2543cf9904abba1cc6dd97
klp-1-emergency-signs-newborn,bd997d235e734f4c87b381abd1a67774
klp-3-functions-nbsu,2a72ab47832347c28964bf197585a40f
klp-2-hypothermia,8dfd65c76c114c8f9368690711f4a571
klp-2-low-blood-sugar-treatment,75ac40d7c18349b69e2b67f1cf0c761b
klp-1-low-respiratory-rate,61827ffdbbac4578a2fc95dbd92cef9d
klp-2-low-temperature,c325d5dd0b0a4a70aec382186ee80b49
klp-3-nbsu-bed-side-diagnostics,c1ad7193a1e343dea5f4557a845d7592
klp-2-newborn-no-improvement,f1135596699343b28f0630dc546472f4
klp-2-obstructed-airway,de3dc52b0e004311904fa2947f04be61
klp-2-phenorbabital,e2475fe0208b492db3903ee7f979260a
klp-3-prevention-respiratory-distress,0aaa1715418744c5a5e1c65e326b5c88
klp-3-referral-not-possible,dfc19ae9c55b447590adba8c0c76d25b
klp-3-risk-of-low-blood-sugar,eeca1563c6f24df6ae22549bd88ed480
klp-3-safe-oxygen-level,778d5f85cafc4628ade3e0ae4d11fcac
klp-1-signs-of-shock,3a8304b7ea9f46ef83f8429aa33bf4ac
klp-3-temperature-management,6e92bdee7aec46c18ba9c5dbb9634974
klp-3-transportation,c5fc90683a0749b3a4960ca5f5751c4b
klp-1-unconscious-newborn,1bc29d4dc7764e678decedaf8b9da499
klp-3-what-are-emergency-signs,47352e8b627f4705992c4dbb98156459
klp-1-a-medical-abortion-can-be-performed-safely-at-home-if-the-gestational-age-is-below-9-weeks-true-or-false,691106d556014223b28e7aa33a5cb4ad
klp-1-how-can-you-date-the-pregnancy-if-ultrasound-is-not-available,2c718a38dc7540599ebaadaaa409ba89
klp-2-how-do-you-ensure-a-complete-abortion-after-mva,d2a5f3d9eb3a485f9b1b9f3927b6615b
klp-3-how-do-you-perform-cervical-preparation-before-a-surgical-abortion,80cd6e961bd742549a21c7fae5726f7f
klp-1-if-antibiotics-are-not-available-you-should-not-perform-the-abortion-true-or-false,d84c6c104c3043579b288cb65b8ca564
klp-3-if-available-which-laboratory-tests-are-relevant-to-perform-before-an-abortion,31083485b5414f91a604da9210251639
klp-1-unsafe-abortion-remains-one-of-the-leading-causes-of-maternal-death-and-disability-true-or-false,f13898ee4209489791f1890ecfa13144
klp-2-neither-misoprostol-nor-mifepristone-will-treat-ectopic-pregnancy-true-or-false,021976a8a83548a88a68a644884f9aa3
klp-1-should-you-recommend-a-follow-up-visit-to-a-woman-who-has-had-a-complicated-surgical-abortion,feaefb712fbc49569f194171b9b8b1b8
klp-2-what-is-the-size-of-the-uterus-at-16-weeks,eae7076b1472492f8492ee4f3968be7b
klp-3-what-are-common-signs-of-incomplete-abortion,305c016395954a9badc322681fa4e708
klp-1-what-are-some-of-the-characteristics-of-vacuum-aspiration,63c7eaaed72f4b6bb02ae754a1b4037d
klp-2-what-are-the-options-for-management-of-incomplete-abortion-if-the-patient-is-stable,30cdaf1fe2ee4f28b1a1896e211b1a91
klp-3-what-can-haemorrhage-after-surgical-abortion-result-from,bd5618f260b3464fb4f83c5fb379d44d
klp-1-what-describes-the-procedure-of-vacuum-aspiration,7d747c58550242ed80b61ae631fc10e5
klp-3-what-do-you-do-if-retained-products-of-conception-are-suspected-to-be-a-cause-for-infection,eac38a1f54f748ef996dbf8e532e319e
klp-2-what-does-the-abortion-options-available-to-a-woman-depend-on,3d136b58e5f549448fdcb8679f2efd44
klp-3-what-information-is-important-to-give-to-the-woman-before-discharge,099b09723dd841b7be498744b266add0
klp-2-what-is-important-to-consider-before-mva,af562c989d60418bb48a645ece133cc3
klp-3-what-is-the-correct-order-of-the-following-steps-of-mva,d8a906cf4d034c329b193a4e2b3fda5c
klp-2-what-is-the-safest-and-most-effective-surgical-technique-for-abortions-after-12-14-weeks,ad8e9fe0e8f74a799cb878a0b31b95b6
klp-3-what-is-true-about-mifepristone-used-at-a-medical-abortion,2f5c3cf28ab94fe19abcb6a866dceb67
klp-2-what-is-true-about-misoprostol-used-at-a-medical-abortion,146eba235f544fd087eea732b1c985ac
klp-2-what-is-true-about-sepsis,88a6ce9cf29a4818893a4a9cbd742243
klp-1-what-non-pharmacological-methods-of-pain-management-should-you-as-a-health-provider-use,97dd1775a3814426bd741e7f0dbb21ed
klp-1-what-should-the-woman-do-if-she-has-little-or-no-bleeding-1-2-days-after-taking-all-the-pills-for-a-medical-abortion,e71d32874235415d87db0da4898f045a
klp-3-what-should-you-consider-if-the-uterus-is-larger-than-expected,930cba48687e49f5aa0f92d103e2f509
klp-2-what-should-you-consider-if-the-uterus-is-smaller-than-expected,bda8521aab4f4336ba2362a8f932a9f9
klp-2-what-should-you-consider-if-the-woman-has-a-fever-during-a-medical-abortion,f441afb373a34e08a08a9afc34dbf530
klp-1-when-can-a-woman-leave-the-healthcare-facility-after-an-abortion-if-there-are-no-complications,3aaff3bd847541d28e2df4a08d463227
klp-3-when-should-you-consider-an-ectopic-pregnancy,79dab4fa92e24c0cb9f7f2867dbafb79
klp-1-which-method-of-medical-abortion-is-the-most-effective,6e288877b87e451eb2d3b7a35e0d6b0a
klp-3-which-methods-of-contraception-can-be-initiated-immediately-following-surgical-or-medical-abortion,a0013ac439104c3ea8ff045d904f0ed9
klp-2-which-of-the-following-are-common-signs-of-infection,964159b7dfc24d3096db80194d4fa688
klp-1-which-of-the-following-danger-signs-can-occur-after-having-an-abortion,c4ae52e104784066b261d49afdde260f
klp-3-why-should-the-dose-of-misoprostol-be-reduced-as-the-gestational-age-advances,17efa74e770a4544868f5afa3de2b791
klp-2-anxiety-disorders-are-a-group-of-related-conditions-that-include,2c7645e5373d44b59bc9acf6921da1fa
klp-3-cognitive-behavioural-therapy-cbt-aims-to,86feff0bc6814f07a527d7882c770419
klp-3-high-levels-of-cortisol-in-the-blood-due-to-prolonged-maternal-anxiety-can-be-damaging-to-the-foetus-s,6d635a494c4b47eca45bc83ea4266c19
klp-1-how-many-partners-experience-postpartum-depression-or-anxiety,4cebf4fb7c68478db7aa9a6f544fa686
klp-1-how-many-women-develop-a-mental-health-condition-during-the-perinatal-period,93df55cd82604d03b77dffdd88f4ebab
klp-2-infants-of-mothers-who-suffer-from-depression-have-higher-rates-of,0d60ce1a451e42e6b8a0205b81528257
klp-3-people-with-anxiety-often-experience,3190ef1c5ffd42728ea3c8016c6c6193
klp-3-people-with-schizophrenia-are-more-likely-to,1d634146278e49c193688c91210423ed
klp-2-poverty-decreases-the-likelihood-of-women-experiencing-postpartum-depression-or-anxiety-true-or-false,4908b41ea107458a9fc3aa84e0b8ea80
klp-2-psychoeducation-includes,67bbd16c548d4f8680e50634c2405bc6
klp-1-puerperal-psychosis-usually-occurs,7e2ccaf091664ad39bc9d3d6802ce5a1
klp-3-put-these-three-action-principles-of-psychological-first-aid-in-the-correct-order,01cc906b468f4a26be8fe4921ba9f3e8
klp-3-symptoms-of-general-anxiety-disorder-include,0279088e378642e5b6caa7213abd4ade
klp-1-symptoms-of-perinatal-mental-health-conditions-include,74bcb11bd3684f0e8f876a43f0e79c95
klp-2-symptoms-of-puerperal-psychosis-include-the-rapid-onset-of,40a957a8ef594da0bed23925ab67c45b
klp-1-talking-therapy-counselling-techniques-do-not-include,86953be352ac4f698b2a8419d628f859
klp-3-talking-therapy-empathetic-counselling-includes,f780372057ab4fca901fad8eaf7b314b
klp-2-the-provision-of-perinatal-mental-health-care-often-requires,96243594d92d475388c524fdb066d2a0
klp-1-unmanaged-maternal-depression-can-lead-to-long-term-cognitive-and-emotional-developmental-impairment-of-the-infant-true-or-false,a5edac5fc75e4f60bd361dc3c96fe7b2
klp-2-what-are-examples-of-useful-screening-tools-for-the-detection-of-perinatal-mental-health-conditions,b8ef1fd2c9f649cbb4dc94be82e58529
klp-2-what-are-known-risk-factors-of-developing-a-mental-health-condition-in-the-perinatal-period,cec6ffd9bdc34d3cb5be162e482d952a
klp-2-what-are-not-symptoms-of-bipolar-disorder,a10097e298534a18aa4087d33d9804b9
klp-1-what-are-the-two-different-categories-of-bipolar-disorder,ad6cc4e354bd4aaab77dc277c608a55a
klp-2-what-are-treatment-options-for-perinatal-depression,c3d744d609154d219cc1318cd6bc779b
klp-1-what-can-caring-for-women-and-families-with-perinatal-mental-health-conditions-lead-to,fe08eb3454a44caea716206456e53b89
klp-2-what-causes-perinatal-mental-health-conditions,0ec29a72c2c64bf7b2b27e1849d7df62
klp-1-what-is-not-a-symptom-of-perinatal-depression,cafc9efc15d14f86b1ac22eef93fd3c7
klp-2-what-is-the-first-line-management-of-a-woman-who-has-screened-positive-for-perinatal-depression,ac202dd8299746e091bd8128b5e4b32c
klp-1-what-is-the-strongest-predictor-of-a-woman-getting-perinatal-mental-health-conditions,8e10b94b975041c69ec6024bfbaca670
klp-3-what-percentage-of-the-population-suffer-from-schizophrenia,edc00d30128f408fb21a004280852ac9
klp-3-what-should-you-do-if-you-experience-negative-personal-consequences-of-caring-for-women-with-perinatal-mental-health-conditions,2024f794d07e40e0b6d87f7bbcb7c03f
klp-1-when-should-you-screen-for-perinatal-mental-illness,82829efac4bc4f4ca83f3e723d5c24ea
klp-1-which-mental-health-condition-often-coexists-with-depression,92dea8923ae84edfa5dcd374d04235ea
klp-3-which-of-the-following-are-guiding-principles-for-clinicians-to-adapt-their-practice-into-trauma-informed-care,a18b94f4b88148f29366b6027179e8b0
klp-3-why-may-women-not-want-to-disclose-a-history-of-mental-health-conditions,99b31406d5414caf90f92500fda764ec
klp-3-why-would-you-suspect-that-the-woman-has-depression-and-not-the-baby-blues,33ac1bad187e4c0ea402e89e6bf15fb3
klp-1-a-woman-with-hiv-can-safely-get-an-implant-true-or-false,b3b916b3b0ca4724986539ae652f8afe
klp-1-after-inserting-the-iud-ius-at-what-length-should-you-cut-the-strings,591216f551a044e594c210c374eb1bfa
klp-2-asking-woman-to-choose-right-contraception-for-her,c31327fb28954e29baefa81e87c52529
klp-1-before-deciding-contraceptive,e8455d91ef6b4468a5668de6fce00d24
klp-3-centchroman,40d80b598d4a4fddb051cceea2cc0182
klp-1-combined-oral-contraception-contains-artificial-versions-of-which-naturally-occurring-hormones,19af852dbb5b498eb72d92c1f1a38957
klp-1-combined-oral-contraceptives-cocs,5596a13b691e4d9191b96c4ff583fd19
klp-3-condom-benefits,5ac6beacf3dc4904baefb65ed336760f
klp-3-contraceptive-method-which-lasts-longest,969b6a74b5d84cde9f9aa62d90f12eb7
klp-1-effectiveness-of-pill,29e13e56ce06466c950a9bc8c957088a
klp-3-emergency-contraception,430d2fe6b3d746fd82d7a524a6c98e3f
klp-2-emergency-contraceptive-pill,c850d29f063c4a6784063e60161551e0
klp-3-from-the-moment-after-performing-vasectomy-no-contraception-is-needed-to-avoid-pregnancy-true-or-false,bb930e3da3484248aaa70e96e73a6edb
klp-1-healthy-timing-and-spacing-of-pregnancy,00ed0f05b2274c448be95b0236a7db44
klp-3-how-does-the-copper-iud-prevent-pregnancy,44eceec007d941d28bc4202feaf4f18e
klp-3-how-does-the-vaginal-ring-prevent-pregnancy,89f98e2330244457a616d43354b9a275
klp-3-how-iucd-work,7153205d34434cf78af09cdae1e70478
klp-1-if-a-woman-needs-a-new-implant-after-having-one-removed-where-can-the-new-implant-be-inserted,6aea63990c1f4f03829ea0ac210a71a1
klp-3-implant-side-effect,9be0bf050d6344ba9041ccf5b79633db
klp-1-implant-insertion-aseptic-procedure,f3410e0c56c54135ba0d1d89d8c42527
klp-1-implant-insertion-hiv,752e11a84bfe4abbb46354259f15e1b9
klp-3-interval-iucd-insertion,d92477e37b11431ca0a4ee6110743ed1
klp-2-iucd-380-a,ec32588b39b34cfeb9702c2ca16862d1
klp-3-mec-categories,57229baba2bc4493a7c71678f32d5124
klp-2-mpa-return-to-fertility,cdd076a99ce244089c3619c3ddf0e53c
klp-3-put-these-steps-of-the-non-touch-technique-while-inserting-an-iud-in-the-correct-order,db57799687964ac3948ebd3ad3bd8ec6
klp-2-ppiucd-contraindication,1edb1c02cc5646dc997f75dd9b4cdb51
klp-3-ppiucd-insertion,4a1c69a03e9e481fb17e8cc294054fa1
klp-1-short-acting-contraceptives-can-only-be-used-over-short-periods-of-time-true-or-false,3084a48a86334b57975b000331fd9182
klp-1-successful-counselling,3cdc77bca7be4bc4828e7c8c2389b6f8
klp-1-the-procedure-of-inserting-an-implant-must-be-aseptic-true-or-false,591da3249fcb4bc5b048c5efd2201c6f
klp-1-what-is-important-for-providing-successful-counselling,dc145c2a2b8d4ac7b19dfc937e722e17
klp-2-what-is-important-for-you-to-ask-the-woman-about-to-help-her-choose-the-right-contraception-for-her,4857292da81f41598b05c4d1348ecc40
klp-3-what-is-the-medical-eligibility-criteria-wheel-used-for,2daaa83b117f4344af7689306d29cc7a
klp-2-what-pain-relief-should-be-administered-before-inserting-a-contraceptive-implant,57a6a25170b14578b5a3433dff9a4aea
klp-2-what-should-you-do-if-a-woman-requests-for-her-iud-to-be-removed,76615c7eb068495fa8e8c575bfc4cd5a
klp-2-what-should-you-recommend-the-woman-to-look-out-for-following-iud-ius-insertion,03f7d919ed944f2fa72baa2946e75565
klp-2-what-side-effects-can-women-expect-after-getting-a-copper-intrauterine-device,74c9f24dd6aa46679a6ae3e83280b49b
klp-1-what-type-of-checks-need-to-be-done-before-inserting-an-intrauterine-device-iud-ius,8c0496b907d54367bcc1cfc31ce32050
klp-3-which-of-the-following-side-effects-are-normally-seen-with-copper-iud-but-not-with-the-hormonal-iud-ius,86714c9509db443ebc18ae47bbf1e6a9
klp-2-when-can-a-women-get-an-implant,91a2764b99044ddca337aaf358f95a1a
klp-3-when-can-a-woman-take-an-emergency-contraceptive-pill,a64ac468843348bda01fa3140b1c157d
klp-2-when-does-a-woman-not-qualify-to-get-an-iud,7f23816febc54e73988ab5ce41d93b2b
klp-2-when-is-it-recommended-to-have-a-follow-up-contact-after-intrauterine-device-iud-ius-insertion,77bc8877f1ff42e48ad10b105ff88a36
klp-2-when-a-women-comes-back-for-routine-follow-up-after-inserting-iud-it-is-always-required-to-perform-a-pelvic-examination-true-or-false,a40bed4ff3b04bb39979874ad1f3aec6
klp-2-which-methods-are-categorised-as-long-acting-reversible-contraceptives,68fb5e28070a44fcb06c48f1e1bc0190
klp-1-which-of-the-following-are-important-before-deciding-on-a-contraceptive,813c63ce4a43434b8eb88d3357be4869
klp-3-which-of-the-following-are-some-common-side-effects-of-the-hormonal-iud,1af39655aa8048f1b292f03ecbc41298
klp-3-which-of-the-following-contraceptive-methods-do-not-have-any-delay-in-fertility-after-stopping-removing-it,d5c9b17f65ac47e99dc1d44e3d5fe3c7
klp-3-which-of-the-following-methods-lasts-the-longest,030ed1dfb9ee42b7be14611dbcde4f97
klp-2-which-piece-of-equipment-is-not-needed-when-inserting-an-implant,6c5db6bc467e4a0dae28499441dd0f84
klp-3-which-side-effect-of-the-contraceptive-implant-is-the-most-common,6a84b482d9324499910a902e2db3b32f
klp-3-which-statement-is-true,dc10051297b5433bb9fd1238af82e9da
klp-2-which-surgical-procedures-can-be-used-to-perform-tubal-ligation,4bebebd6e9374d459faff02f11fd045f
klp-3-which-of-the-following-indicate-a-normal-pregnancy,778153c178004beaa89ac72874d7f663
klp-1-which-of-the-following-are-true-in-relation-to-the-womans-antenatal-record,7083e126c9054464930b787b67586b45
klp-1-what-are-the-components-of-a-birth-and-emergency-plan,5fd288260db64f8cb6354bfa83936c9c
klp-2-which-of-the-following-statements-are-true-in-relation-to-calcium-supplementation-during-pregnancy,25c1bf562ae54cc797167bafba279631
klp-1-what-should-you-do-during-the-first-contact-in-pregnancy,f043d8510e3041a0b1273877c63931dd
klp-1-before-performing-an-abdominal-examination-you-have-to,ecda67250d224ebe8257476b289597ca
klp-3-which-of-the-following-statements-are-true-in-relation-to-gestational-diabetes-mellitus,434a8651abed46a9ba5d4181edb14a58
klp-3-what-are-the-drugs-that-can-be-given-to-a-woman-with-suspected-preterm-labour-for-foetal-lung-maturity,dfd6c83684a445cfb6f714a6eaf2e488
klp-3-if-a-pregnant-woman-complains-of-pain-swelling-and-tenderness-in-one-calf-muscle-what-will-you-suspect,7a10129d704b46f9b22be0458f57b6a8
klp-2-a-woman-comes-for-the-anc-contact-with-shortness-of-breath-and-weakness-what-will-you-check-for,1c63d3a05d104828b436b300792b9f21
klp-1-if-a-pregnant-woman-complains-of-constipation-what-will-be-your-response,81b7fec2282344cb8df88e487623ddad
klp-2-how-can-you-help-a-pregnant-woman-who-is-having-leg-cramps,482bd5ba98e046e5b6edc2a22a8fd944
klp-2-when-a-pregnant-woman-complains-of-low-back-pain-and-pelvic-pain-what-should-you-recommend,003aa9110e3945ffb4563f92727434ec
klp-1-choose-the-tests-that-should-be-carried-out-for-all-pregnant-womean-during-the-first-contact,f478cdb81d0a452fb713bcc62cce2086
klp-3-what-is-true-about-the-foetal-heart-rate,d98d4f6742824abc8d37d98d54cc3d25
klp-1-what-is-the-drug-of-choice-for-the-intermittent-preventive-treatment-of-malaria-in-endemic-areas,a2209a6efd9c4d71aca28bc67b70ab24
klp-3-how-will-you-manage-a-woman-who-has-a-haemoglobin-concentration-of-100g-l,1209c5d9470149f9b22b73fc14e3e80f
klp-2-maternal-child-health-clinics-mch,ee8c4c09199f4b7d9d9714563f2a390a
klp-1-how-many-antenatal-care-contacts-are-recommended-to-prevent-and-identify-complications,e0040559095848808e6ce0fb9b0deaa9
klp-2-while-counselling-the-pregnant-woman-on-nutrition-and-lifestyle-modification-you-should-instruct-her-to,91d625f2b0f440659ff1a390ae1e8a1a
klp-1-what-is-the-dose-of-iron-and-folic-acid-supplement-recommended-during-the-antenatal-period,79742e6902b74cd293248cc0de660deb
klp-3-what-are-the-complications-that-can-be-prevented-by-taking-iron-and-folic-acid-tablets,698b1b6e225e42f8b3da7fdaa39b6bba
klp-3-how-can-you-identify-multiple-pregnancy-by-abdominal-examination,19f4df60d7d1498ebce7acad8a6cd726
klp-3-identify-the-statements-that-are-true-in-relation-to-preventive-anthelmintic-treatment-during-pregnancy,f337c919898146e4a8d67b1097e1a987
klp-1-identify-the-statement-that-describes-a-normal-foetal-palpation-at-34-weeks,3754145fdab948568efb1061ef3562a7
klp-2-what-are-the-signs-that-indicate-that-the-woman-is-going-into-labour,ac690933e2c844848357734dc3ab679e
klp-1-which-of-the-following-are-provided-as-a-part-of-respectful-maternity-care,324ab596102542b4aea75828d084f24d
klp-2-while-screening-a-pregnant-woman-for-pre-eclampsia-which-of-the-following-parameters-will-you-check,b8f6b27f400747c28bf837fd34fc3072
klp-2-which-of-the-following-are-signs-of-pre-eclampsia,e5792f81992749f8b6811601d97549ed
klp-2-which-of-the-following-symptoms-indicate-complications-during-pregnancy,49ec7c0db8cb4a12b5ba4ad29e5a50a5
klp-1-a-woman-with-urinary-tract-infection-usually-presents-with,a77e23f1cc79408f81c576615b69037e
klp-3-a-pregnant-woman-comes-for-her-first-anc-contact-she-has-not-been-immunized-with-tetanus-toxoid-before-how-many-doses-should-be-given-during-pregnancy-and-at-what-interval,1ff1c36badda4052a028ecddf28255c5
klp-2-name-the-drug-of-choice-for-tocolysis-in-threatened-preterm-labour,966ae8d02b4f4ae38ad751aa367ff310
klp-2-what-are-the-signs-that-indicate-that-a-woman-is-a-victim-of-gender-based-violence-or-intimate-partner-violence,6d9b1b9d194f4c6c95b42b57d3335628
klp-2-how-much-weight-should-a-woman-with-a-bmi-of-27-gain-during-pregnancy,644f1b91df2f4f25a3191897fe58461b
klp-3-what-is-the-risk-that-may-occur-if-the-foetus-is-cephalic-and-the-head-is-not-engaged,3c14a09d5e404b749a590a4a0b1b30b2
klp-3-which-of-the-following-foetal-heart-readings-indicate-foetal-asphyxia,ff78e04191784896a3053754332f7ef1
klp-2-dizziness-nausea-and-headache-three-days-postpartum,b2bdc9a9b6614685978f62dad2faf9b9
klp-2-administration-of-vitamin-k1,365e395116214324a0407301db4e2a4a
klp-2-bring-newborn-to-healthcare-facility-immediately,a34f57dacc404d82b7d5fd6eef83dcc5
klp-3-mother-and-newborn-discharge-criteria,119d34e25e8b4803ab272d610195acc4
klp-3-danger-signs-newborn,739f096cbc5a476d94d016515d8bba62
klp-3-for-how-long-should-the-postnatal-woman-be-recommended-to-take-iron-in-anaemia-risk-settings,a5a2fa945bd1438093b7ea6066b81d5b
klp-1-how-many-postnatal-care-visits-are-recommended,78be3bee552f47019861a76520e0a446
klp-3-how-much-weight-should-the-newborn-gain-during-the-first-2-4-weeks,c3c3ff7aab4149b8a22ef25875424235
klp-3-how-would-you-treat-anaemia-postpartum,0260f47570ac4b14a19a4a44504d3976
klp-3-if-a-woman-experience-breast-engorgement-what-should-you-advise-her-to-do-to-prevent-mastitis,f5c1d054d4614ef886d1725ee9f1af0b
klp-2-newborn-cord-care,3bfff3591b8147fbb6f111082204cb11
klp-1-newborn-feeding,b334cbd484eb489680357a4765ed5770
klp-1-newborn-vomiting,e0e36339ce4e44c5a72a5c0549df86db
klp-3-newborns-first-bath,351689e63b594581af723467e5dd13de
klp-3-postnatal-visits-lbw-newborn,252b61acbaf34ace85bdf9327676fbe4
klp-3-postpartum-supplementation,0793925e0ec646edad958d4c5a294672
klp-2-pnc-bleeding-after-birth,46238883439b447d95dd4b01f4567c32
klp-1-upon-discharge-when-should-you-tell-the-mother-to-react-and-contact-you,fb8d21760c38448791970a9e24410b65
klp-3-what-are-the-signs-of-an-effective-attachment-when-breastfeeding,48174fcda2a24dcc8fd65376ba05da84
klp-2-what-are-the-signs-of-postpartum-uterine-infection,27a57115db5a4d01bab418b453673fc2
klp-2-what-are-the-signs-of-thromboembolism,9f2b3fd8c3c24318aa89877f50c85614
klp-3-what-can-be-the-cause-of-sore-and-cracked-nipples,9f12009586564b31ad08eedca5126877
klp-1-what-does-the-regular-assessments-of-the-mother-include-during-the-first-24-hours-after-birth,7ac541b75107405fb01e5e109dd9240c
klp-1-what-indicates-postnatal-perineal-trauma-infection,b876a2f016134785a8e8372f7aa02f14
klp-3-what-is-false-about-safe-sleep-for-the-newborn,10979a66b44a42108db9c5e8df45ea9b
klp-2-what-is-important-to-ask-and-know-when-counselling-the-woman-on-postpartum-contraceptives,d4a4a0fbdc8b4f31a02d3a45f3e80954
klp-1-what-is-part-of-the-initial-postnatal-care-counselling,3f0a6543dc6d4c7eaa1dfe9ac067fe68
klp-2-what-is-the-correct-order-for-how-to-treat-an-eye-infection-in-the-newborn,6011508de914478a95c11b1aa1c2c47a
klp-1-what-is-the-normal-body-temperature-for-a-newborn,534e6c71f7ea4bdea0de2b8633e5a03b
klp-3-what-is-true-about-hiv-infection-and-breastfeeding,21192ea24302498d84ef4fe7cfdf626d
klp-2-what-is-true-about-postpartum-blues,290a22ade1444f759e06661a050f56b6
klp-2-what-is-true-about-yellowing-of-the-skin-jaundice-in-the-newborn,386c9d0c5590461bbe793f2d17fc7873
klp-3-what-is-true-regarding-newborn-weight-monitoring,d5acbe1852dd4fe7b1a3078190735ef4
klp-2-what-kind-of-pain-relief-can-you-offer-the-woman-postpartum-for-perineal-pain,15d21fa4297e491bb62f104f5dc83929
klp-2-what-percentage-of-chlorhexidine-solution-should-you-apply-to-the-umbilical-cord,67c447a493254800aeae33d09746dc2d
klp-1-what-questions-will-you-ask-a-postpartum-woman-during-the-routine-pnc-assessment,c27e22b116d8462fa8fdce421f932e1d
klp-1-what-should-you-advice-and-support-the-woman-to-do-within-the-first-24-hours-after-birth,e9dbc890db864c719f2b26273daf36fa
klp-3-what-statements-are-correct-regarding-disease-prevention-after-birth,e955cb8516174bb4970f5d66fb61619f
klp-1-when-is-the-woman-in-the-postnatal-period,91f8f647af6c42cdb097fd534a56526d
klp-2-when-should-the-mother-alert-you-regarding-the-newborn-within-the-first-24-hours-of-birth,6dd826b1e9e94ecda5b2ce6d2a888cfd
klp-1-when-should-urine-output-be-checked-and-documented,f5ce43eb02c04dcb983f15b19834bb01
klp-3-contraceptive-methods-and-breastfeeding,429192952d3b47d2a634dc98131b5650
klp-2-which-of-the-following-statements-on-breastfeeding-are-true,04d9714fd3fe487fab5cb02a773676d5
klp-1-which-screenings-are-recommended-for-all-newborns-upon-discharge,7b2ad276ec12450894bfb3dc8deaf645
klp-3-which-statement-about-breastfeeding-is-false,1e234ae82ca141368602ca6025b1fae7
klp-1-which-statements-are-true-regarding-partner-involvement-in-postnatal-care,5b2349d0146d4b939f870d2ebaf47e53
klp-3-a-pregnant-woman-weighs-69-kg-and-her-height-is-157-cm-under-which-category-does-she-fall-based-on-her-body-mass-index-bmi,ea3c79e37e2644c3ab5c8c7c865b6b32
klp-2-a-woman-with-a-family-history-of-diabetes-has-an-increased-risk-of-developing-gdm-during-her-pregnancy-true-or-false,db20b92c66704bbb9d885541597c9759
klp-3-after-2-weeks-of-mnt-and-physical-exercise-the-2-hr-ppbs-of-a-gdm-woman-is-115-mg-dl-what-will-be-your-recommendations-for-her,7b7f040927f448029f892dd72018b570
klp-2-for-a-pregnant-woman-how-many-additional-calories-are-required-during-the-second-and-third-trimester,7ecfc5136ed347418035683e4a0fe9b0
klp-1-gdm-is-an-excess-glucose-level-in-the-blood-with-onset-or-first-recognition-during-pregnancy-true-or-false,a09c129864b1460581428dedb62ac389
klp-3-if-a-woman-with-a-history-of-gdm-is-planning-her-next-pregnancy-what-should-be-her-desired-blood-sugar-level,47ff6ef310124cdd83bb51b0b44fc112
klp-1-in-a-woman-with-gdm-maternal-blood-glucose-levels-usually-return-to-normal-after-delivery,f0ef48fddec64d1cba0f95930d649f8d
klp-2-monitor-fasting-2-hour-post-prandial-blood-sugar-bi-weekly-if-the-woman-is-on-metformin-true-or-false,6f47ddf9b4314e69af261754fec0f71d
klp-1-through-which-route-should-insulin-be-administered-daily-for-a-woman-with-gdm,2bab706679644d0eaf2bf389f23ccca8
klp-1-what-advice-should-be-given-to-the-woman-when-starting-her-on-medical-nutrition-therapy-select-all-that-is-appropriate,e063442921db44838292dfb5c18c4568
klp-2-what-is-the-2-hour-blood-sugar-cut-off-value-for-the-diagnosis-of-gdm-using-the-ogtt,931878085cfe425888fc91fc9c5f1f2a
klp-1-what-is-the-initial-management-of-a-woman-with-gdm,b0e2bcb93d59422d860d414b1b64806c
klp-1-what-is-the-recommended-test-for-diagnosis-of-gdm,709f2778193b4fc69df372868b30d193
klp-1-what-steps-should-be-taken-to-manage-hypoglycemia-in-a-gdm-woman,514490bc44ca456db42105446080274f
klp-2-when-can-we-say-that-the-woman-has-gdm,e1e490b1d9f94824904759ac6049e93c
klp-1-when-should-the-first-testing-for-diagnosis-of-gdm-be-done,8bb7fb511ccf49a8a991cb71763e8d7b
klp-2-when-should-the-second-test-for-diagnosis-of-gdm-be-done,77116eee7b814951ba9ec7dc5c499124
klp-3-when-will-you-diagnose-hypoglycemia-in-a-newborn-based-on-the-capillary-blood-glucose-level,3d2725149c604c77af61faf00988ea9d
klp-1-which-is-the-first-drug-of-choice-for-the-management-of-gdm,b14455cb2e0d459db6f871748a96b570
klp-3-which-of-the-following-are-an-indication-for-referral-of-the-woman-with-gdm-to-a-higher-centre,5b7e21c2e0ab40e992e1df3c9343cb68
klp-3-which-of-the-following-are-appropriate-in-relation-to-management-of-labour-and-delivery-of-a-woman-with-gdm,eea7f0ad264646ac93c238b068005823
klp-1-which-of-the-following-are-risk-factors-of-gdm,45045b78f74642e4a1ba7d1a8f48d874
klp-3-which-of-the-following-are-signs-of-hypoglycemia-in-a-newborn-select-all-that-apply,29e0c651d2b04180918351b97aad0c03
klp-1-which-of-the-following-are-the-possible-maternal-complications-of-gdm,4b5a600f76424667a5fe520a430959e2
klp-3-which-of-the-following-are-the-symptoms-of-hypoglycemia-in-a-woman-with-gdm,310f3bb666a44695ae679c4f93fda68f
klp-2-which-of-the-following-injection-sites-can-be-used-for-self-administration-of-insulin-injection-select-all-that-apply,8fa048419c05486b9c2dfaeedb56fc65
klp-2-which-of-the-following-is-a-possible-foetal-risk-of-gdm,a843d14e09984f9983cd9d0a59d59599
klp-3-which-of-the-following-is-true-regarding-screening-for-gdm,5490db80b99c49979ab4625468715790
klp-2-which-of-the-following-statements-are-correct-in-relation-to-ogtt,70967392682344d388520a871b6757a0
klp-2-which-of-the-following-statements-are-correct-regarding-antenatal-care-of-pregnant-woman-with-gdm,12395057e7854a1fb9605b64489d0986
klp-2-which-of-the-following-statements-are-false-regarding-care-of-a-newborn-of-a-woman-with-gdm,a379ab39bdd64470a0a92c981417b867
klp-2-which-of-the-following-statements-are-true-in-relation-to-insulin-administration,674f79e7b12c48229f862d559aed3aec
klp-3-which-of-the-following-statements-are-true-regarding-gestational-diabetes-mellitus,32354a99c2c144168f4f57dab8f358e8
klp-3-which-of-the-following-statements-are-true-regarding-metformin-use-for-control-of-blood-sugar,11d56f1896594289b00a6d67239bbdaf
klp-3-which-of-the-following-steps-should-be-taken-to-manage-hypoglycemia-in-a-newborn,cb57efb6d02441fa8a623e73b2d6ce40
klp-1-which-of-the-following-test-is-recommended-for-after-delivery-of-a-woman-with-gdm-to-evaluate-her-glycaemic-status,124937338c2a41cda9326253329bb867
klp-1-test,b8b4b50d9ef04aba9d7280c35042c1f7
klp-1-prevent-infections,892e7aff3dd24dcca66bf1cfad96e946
klp-1-hand-hygiene-wash-and-alcohol,b2023bb6fed349fc9a0791e8910214fb
klp-1-use-alcohol-based-handrub,bae2d6605f5a45a4a7da7fafc2c92500
klp-3-soap-for-handwashing,88214490f15b46f79ebf5132369eac2d
klp-1-personal-protective-equipment,2a4dc633d6a946578b253f1f88fa3c0c
klp-1-gloves-for-different-patients,5f9ec088c81348cdb3894831966fb693
klp-1-soap-solution,4b5dcccf284d490b8631b07dfb9baa8f
klp-1-package-of-sterile-items,76057a1b0a8a4ce5bc88abea6ad5b351
klp-1-storage-of-sterile-items,92811f196e514afc87f19020f044f67d
klp-1-cleaning-and-delivery-bed,a39b4072a4ee4518a08d4e59a73a45c1
klp-1-recommended-vaccination,a8427ad5cf354505b9d5494d3ca9b276
klp-2-infection-and-maternal-death,d74ccf926cb046908f1f2de322463efe
klp-2-infection-and-neonatal-death,d6a90b42f02e45b5848dddb57786268e
klp-2-infection-and-germs,3e94fbd836db4033a8bd2f35ff22af36
klp-2-healthcare-professionals-hands,24fcce80690848e6b4dbe436780bd24b
klp-2-alcohol-most-effective,d76fdeaacb3f453abc07460a6412c46a
klp-2-no-jewellery-on-hands,9bda92263c0b4ddf9543c0e812b9d7fc
klp-2-towel,208dedd7d1ec4ee8b5acd7c91884d5b6
klp-2-when-hand-hygiene1,8f9e6c1c087f4e98bc0ba21d61e09bd5
klp-2-order-of-cleaning-and-storage,28da80c112844094b36b1250633eab27
klp-2-disinfection-solution,5ac37325e9284afa950dc1dc61a8ae32
klp-2-spread-of-hiv-and-hep-b,ae1ca01ded154fb781b9105b5e802cb5
klp-3-when-hand-hygiene2,de36ac0eac604e738e3cda7684773e03
klp-3-wash-hands,c2176a77e812460d9222da0f0222066d
klp-3-procedure-for-handwashing,2747bfba7275494e92fd23b8fee71ae6
klp-3-amount-of-handrub,0239d1e0a0b34339bda19085bc23f005
klp-3-product-in-alcohol-based-handrub,37a2a796bb374866b20c5d78a815cbb4
klp-3-label-of-alcohol-based-handrub,3a436ad8795244cf9718c178d09211ae
klp-3-removing-gloves,82dbafa6e35e4b8ba71b5a25c405def2
klp-3-gloves-for-birth,1cd159d277a74821b167086368dcac9d
klp-3-high-risk-area,9e587b98b47e4535bfde73f78bb6ee9b
klp-3-transmission-most-likely,97ca050e7e324ce180bbd9b07d834a4f
klp-3-action-if-exposed,233b1ab8c0d146b4bd5a370948812584
klp-2-unsafe-abortion-globally,24db1dbaaf1b46d8b9574b59f637f36b
klp-1-severe-preeclampsia,0dea173aca3d422aae9d62974d653b72
klp-2-gestational-hypertension,d0f9ac5b3c9f468f818b6ae4bdc05fba
klp-2-preeclampsia,8a1114241f354a788384afd650cf83e2
klp-1-severely-elevated-blood-pressure,fbead7f1cdaf449585742ccc1637a798
klp-1-severe-headache-and-visual-disturbance,41b8aa40c4a2410eaa7b910b67067556
klp-1-visual-disturbances-like-silver-lights-or-blurry-vision-eyes,ef20b96e64a5423f956dd2fb764b9476
klp-1-upper-abdominal-pain-from-the-liver,de3a02cf412e43e290716731dea262b5
klp-1-respiratory-distress,73e444216a014a489ddddb36fa50e70e
klp-3-cause-of-oliguria,6a9091b8dee54d618811f5851a424efc
klp-2-eclampsia,a42466bd6b904712a41622a37d78e11d
klp-2-eclampsia-normal-blood-pressure,b36db006f1434c7e8e7d7c5dd8d7054c
klp-3-differential-diagnosis,36f168df64f544c5a7d1d507e18ae68d
klp-1-causes-of-pre-eclampsia,7c05b86a9a054b4593430481e464f4be
klp-3-anc-blood-pressure,4e34da396ea04241984245435793dfc3
klp-3-confirm-bp,ddd3f40e0d4d4b29a687e8644c28c31a
klp-2-confirmed-elevated-bp,6a8a65930fe14fa49144f1af6f481f63
klp-1-keep-systolic-bp-below-160,d9b41e96afd44113aebfc87b949c8ab4
klp-2-keep-diastolic-bp-above-80,7cc0dd8c4fca4a8d8a5658104924a701
klp-3-labetalol,9725313a204b4610a031bc6b101797c6
klp-3-methyldopa,4a035ae9cec942f3b27c6cc3b171ef6a
klp-1-iv-medication,90c8798c28ee49c18bb61bd4bf447298
klp-3-hydralazine,2125e42cb0144be78daeeced7a6dcde4
klp-2-eclampsia-seizures,0b2d8635d5b947ac8917057be709d99d
klp-1-severe-pre-eclampsia-or-eclampsia,d273349bf6654104b69cb0448e97657c
klp-1-eclampsia-monitor-1-2-hour,dc8348ed06f84901b06dc14c333d53c8
klp-2-give-magnesium-sulphate,52c78b36eb6c4dc589c44f2c63d60abd
klp-2-toxicity,45422ff123904921a9f19fa875a060cf
klp-2-maintain-dose-magnesium-sulphate,eb8ed663e85f4c11a046dac8876eb417
klp-3-refer-and-eclampsia,bbba1ed5c29d4237999c29751410c0ae
klp-3-lung-maturity,abb4b042aac54e8194afc4aa1a0ba914
klp-1-fgm-is-an-unhealthy-practice,645a57022c1d4ed590c1596292a58f5c
klp-1-fgm-is-a-dangerous-practice,294d0e6153f74f6c9811b79706b18df0
klp-2-fgm-is-forbidden,e837f5dd2b194fde91ada7559d25a7e5
klp-1-four-types-of-fgm,c6610d19c09d45e1b56ac7696fa7a11f
klp-3-mix-of-the-types,63f50671ae0e4487b1810c443a468859
klp-2-type-1,ebbbb384e45d49d6a4da42b90f0fbbda
klp-2-type-2,a700042fa82b46139bffd70ec41c0de5
klp-2-type-3,1ceac7494ab84bd8adac399ad84e5816
klp-2-type-4,25ac332863884681a855a9651c68736f
klp-1-type-2-becomes-type-3,2d5edb71ff494b23aa9c6344a3c54d18
klp-1-immediate-health-risk,9b88541a434c4924aaf829b15941116c
klp-2-fgm-and-infertility,97143e3f62b04fbcb5e0bdcd4f0dfd2d
klp-1-long-term-consequences,31b619d1b4e84239a7f35366b551f34d
klp-3-fgm-antenatal,e96928f42c184a57b9d3c02acee49df3
klp-3-birth-complications,7e25d60774854da7991fd14e440b40bc
klp-1-why-birth-complications,c9c7dc4197a44ecb93883f25fdb6090d
klp-1-urethra,5c0a7fdbd3ae4627b236a3a43e57730f
klp-3-deinfibulation-and-urethra,4c6a12c9f10247508b9d6be2a3835c96
klp-2-steps-for-deinfibulation,52239483d1624a6eb724a8b1ba6d17ed
klp-3-interrupted-sutures,056179efd0b54fc1890cbf8342957ed0
klp-1-analgesia-after-deinfibulation,1562be0883a0496aa49280cacd8c1ead
klp-3-hygiene-for-deinfibulation,b0757e8442c14d3796e83bb6efebb1a9
klp-2-antenatal-deinfibulation,1204922993114b5c907f5a30070f1969
klp-2-when-antenatal-deinfibulation,cb12f66975ea4425b278157e4aa49ab8
klp-3-whom-to-deinfibulate-at-birth,6dde0b194c04495795ec38e36f4ac33d
klp-2-when-deinfibulation-at-birth,0c27818d66114e96b0b104b225818078
klp-3-deinfibulation-and-second-stage,fe6ec37f6fb7437284e157d0596afaab
klp-2-episiotomy,f852379c27bc44b2b1e78b5d63538cfb
klp-1-episiotomy-procedure,971783b697a04767925157e3b9e08c3c
klp-1-forbidden-re-infibulation,f7da48ae24d74d0fad89c423440a50d0
klp-3-wash-after-deinfibulation,53db0dd3b430413d98a8f7a977e25701
klp-3-how-to-wash,9cc794b521c444bf8513179fa6ca5338
klp-1-re-infibulation-no-health-benefits,5746340e13074396abb6d8bb93a73fe6
klp-3-re-infibulation-is-a-health-risk,ba1096769af946f9978efcf246b7a372
klp-3-healthcare-worker-fgm-knowledge,182974dc18be416dac7cbaaefb5b5ee8
klp-2-no-fgm-for-newborn-girl,949e7f772a634690b903b32d8d859f4a
klp-2-active-management,d78bce063a5f4aad866cb7d81194ff76
klp-1-uterotonic-drug,e6aec43089444afcb6ea507e77067482
klp-1-oxytocin,cd70320e7a8d425182239769fb10aa03
klp-1-dose-of-oxytocin,698b2b1d2172420e8683b9218d618f08
klp-1-when-to-give-oxytocin,a3654c8ac2ac424aa7ce010b73078376
klp-3-storage-of-oxytocin,949e74bec296494ca002b17a5173ac23
klp-1-misoprostol,eac41bc6a709467aa6150cb3301ef49c
klp-1-heat-stable-carbetocin,991dbd12877b4b83b7c2903c8e8ffdbc
klp-1-when-to-assess-the-newborn,cbd06f547f724817b20ffad5def2f953
klp-2-thick-meconium,d2c22ae6bbc74a869d87f16facbb87d0
klp-1-suction-thick-meconium,d0e84b547e824efc986d6a9a37f5a1a0
klp-2-dry-of-the-baby,b88f48781d7644b292fb97a6691fa127
klp-3-warm-baby,ccaa73b243d44275b59cb9f599f408df
klp-1-newborn-not-breathing-well,32f0e46e28884081a74f4008ee1f023d
klp-2-stable-newborn,1453dbae005546178d6dc5a32bc92156
klp-3-clamp-umbilical-cord,5942117a278546e7962dd42386d54401
klp-2-cord-traction,af80cdc011fd40599a5cb4204d47e89e
klp-3-counter-pressure-pubic-bone,e3170a81fe214e97856b2929e69790c9
klp-3-rounded-uterus,2175f3041c9b473a9e2312e8d4c1d2e8
klp-3-push-for-the-placenta,2843705d59e5495b82e8d3c5dee6dd28
klp-1-check-uterus,adba6b7eaec444fba38f7455dff3241a
klp-2-measure-blood-loss,bfea68728c27496aa1b996043259805c
klp-1-examine-the-placenta,b942940e7a57498fa56dc509b47db761
klp-2-maternal-surface-of-placenta,8960232ec83940a2b38fdcf5d4bd7606
klp-2-no-unattended-mother-and-newborn,2c83f336945b45b68fbb3c72c2954f94
klp-3-skin-to-skin-contact,9cfac5f7fba1447c82e9308d189d9317
klp-1-check-mother-after-birth,ae73f7ea43d243349fb5a616524a45aa
klp-3-how-often-check-mother,cbe2b84231754bdcb4d07e8f720cd9f0
klp-3-how-often-check-newborn,6aae9200f1b149a78e269b0fd08bc27d
klp-2-check-the-newborn-after-birth,90e6e0c1738943659a0cff1b48f0b96e
klp-3-cord-monitor,74e8baeed49d41da98591a0c46238467
klp-2-apgar-score-and-vit-k,be5789f019654f2caff4a7423ed07780
klp-2-early-breastfeeding-newborn,27bfbc5261b0494c8f1d3b5506d68418
klp-3-early-breastfeeding-mother,6fd55d15f5fd41e586669320448c5ea9
klp-1-complication-prolonged-mother,c79c0b3b7374464eb139b49bddfd24da
klp-1-complication-prolonged-infant,bcb2cd6b9ce1437d85ec6286545748f0
klp-2-causes,6ed8f7e8cf8c405795bb2619cd72ec13
klp-2-power,7ad3c3a894844d8d80e93ec614e8d6f5
klp-3-pelvis-passage,3fe01bf1e4064d70ba83583dbcd380f7
klp-3-small-pelvis,d156461058da420c961ec11449519dc4
klp-2-know-small-pelvis,49bb4128e0fa43b6bfcafa063a2e38de
klp-2-passenger,f75c235123884ac1ac72f6fc010ee9ca
klp-3-psyche,26a7a4ca345e46e9bff5c6ee86a57c50
klp-1-pushing,0a3c149203364eb0a49145abb4d471c0
klp-3-push-how-long,de91e9fbd40f443da7d1fef9cdc8f86e
klp-1-indication-for-vacuum,62b8d13814c94491839cebe6db0337df
klp-1-fhr,18ab8d52eaf9440696f1d19b233bf0e8
klp-2-fhr-and-contractions,fdcfcdd8648d4626a3746f7ab427050a
klp-3-prerequisites-for-vacuum,8dcbf1eb13fe4accb27cfba1d364ba15
klp-2-complications-to-vacuum-extraction,6b6d56fa009e48efbcd042b5199b4d41
klp-2-preparation-for-vacuum,651773e35c8e410ca281383840ddc07c
klp-1-give-up-vacuum,7222233b716043679be993089ecf859f
klp-3-incision,60259b560c9d40baa8f0df5e33c54b1a
klp-1-time-before-placenta-is-born,c11eb37717c64ac28da9e552a0567845
klp-1-remove-manually,f1ea2ab83e2e4a9cb9d48d6b8f5f6bac
klp-1-life-threatening,a586763f597b442f8ae37de6b9d94755
klp-1-overall-action,d980013c8e17459e8eed9b54ba8d22df
klp-3-mother-in-shock,2244b90264d6467f82d1ba777507f1a5
klp-1-pain-relief-1,a06c46c7333c4ee7a971c02b8859118c
klp-3-adequate-aorta-compression,75bd1dd7cc834f8c86ac89814d93ab19
klp-2-maintain-compression,f3e8921813b244edb471bcff083fd0ee
klp-3-iv-fluid,490214feeec6403dad81ff8b406fbd7d
klp-3-fluid-gives-fast,e8d166b6fbeb4042836ed867b80886c4
klp-3-blood-transfusion,6df2f8bf97dc4344ac6a110b15e633ff
klp-2-pain-relief,40ce3701b3e149e596ce99659b591405
klp-2-pain-relief-and-aorta-compression,42e3a0ade9b045ae88ceb8f477d57b86
klp-3-gloves-and-manual-removal-of-placenta,8ff03b3d635249ed8f76e47e5d4b9752
klp-1-right-order-for-removal-of-placenta,dff8da847a0040089333d11268b8b617
klp-1-action-right-after-removal,02932573bc8849519a15d5570590a97c
klp-1-the-overall-action-to-control-pph,46cccaf1e18d4fa682085891c55b570a
klp-3-condom-balloon-tamponade,6ae7c7b8d7794d8cb987968dcc8f9da0
klp-2-drug-after-removal-of-placenta,b1e8d53b31c14ac081c9456a60972d86
klp-2-day-after-recommendations,a21e91b5b3e44677b23369990585be79
klp-1-refer-manual-removal,6c96681f5cbb45ac89923c59061000d0
klp-1-common-causes-of-newborn-death,d89257b3e8c94ec0863ef2b856fffe73
klp-2-death-in-first-week,9a1f34ba70ae4b08a0096eee28c651dc
klp-3-prevent-respiratory-distress-preterm,751a6a37285c4e68939b584aa52a4f2d
klp-2-risk-factors-infection-newborn,b6038b99e6ea4b9888c0331b6be8f6d8
klp-1-prevent-newborn-infections,c4a0e02b3d714a34ad776e7e9b2bd4de
klp-3-ab-to-newborn,3bd6ca7ecaf94bf9acbef819da2bbf75
klp-2-risk-and-action-after-resuscitation,7355589b92d54b1eb2b19f883deed3c0
klp-2-early-feeding,7c867839db3844b187897655e741990a
klp-2-initial-care-of-the-newborn,6fe60dd82fac4dc29901d36a25b273cb
klp-1-not-crying-or-breathing-well,6df579ebdd5e4b4d8291cfa381e9583d
klp-1-initial-care-of-the-newborn-actions,dd2d8e72864d499fb1a229649478d1dc
klp-3-initial-care-of-lbw,47eef2b3dc6d4a9487c4de2972e173ae
klp-1-lbw-unable-to-suck-adequately,ed317479f3404d9b8e9acd6f81d6d263
klp-3-signs-of-illness,ad50be02f14f4df4a3e152b9a576afc2
klp-2-management-of-danger-signs,4433e67cf9a94dd3870b8e61d08c313e
klp-2-danger-signs-airway,f67a9353273945f092520492872736b0
klp-1-danger-signs-breathing,a66279c873044deea185109eef1056f5
klp-2-grunting,a5ce7ade1ed645db891ad1d936cf2d45
klp-3-apnoea,f6fc3444a0a748a0923dec317a7b5013
klp-1-shock,b8c53baf89b24a99a18ce6f1f0ca2419
klp-1-disability,ea1e529ae89d456d93ac87911763d758
klp-1-danger-signs-exposure,c60a1737e6ae4fb0af28bcef0eff0070
klp-3-jaundice,b9f49ce2fced419aa611596b593b3652
klp-3-management-case,cd3f7c95a8884ed3917aaa6bf991b6be
klp-1-obstructed-airways,08d37e20a15d4bd8af5632459f637a4c
klp-3-management-breathing,bfed497132784ac69f753b7ea7233ac8
klp-2-management-drowsy-and-unconscious,7ca90fd0334742cebe72493ffdb24a5f
klp-2-convulsions,c4d68ba6acb14cf3ba38337ce2ee8ff3
klp-3-management-of-danger-signs,7c40f4018cd942b2831f3993c8875c73
klp-2-management-jaundice,8034b4a19b0a45fc883e2574e46c63ef
klp-3-management-kangaroo-motherhood-care,f0f3961dfa4345d296b92e672ef10ecf
klp-3-management-infections,780b2b03a97f4e789c813c5802aa3ff9
klp-2-risk-of-low-blood-sugar,4b3ef80b836245b8a30be911a09e233a
klp-3-newborn-cannot-suck,1dca6c2bffa6492492c572fbc2a53707
klp-1-rural-facility-newborn-danger-signs,1de0094289444eb9872dc93700c82151
klp-1-adequate-breathing,68d9d39876144019aa71a802b7e3cdb7
klp-1-golden-minute,a5c85890a74c4ed6a7d9e355eac4e635
klp-1-assess-the-newborn-after-birth,b2736eb71467406ca834ca5c077e6b73
klp-2-skin-to-the-mother,ebb847ea84cc4808a88af7c968238ba4
klp-2-first-step,97b74511ea0242729fd03cc7a02b06d5
klp-2-meconium-suction,1ceb5ed5bbde451bb62dbc432997ba8b
klp-3-correct-order-suction,10016e175c564464840911d752b28a4e
klp-2-stimulation-the-newborn,37faf9dcdbbd48c1bd2b6d3c631c67f2
klp-2-newborn-is-not-breathing-well,47642fd0e1b84ea79dafa4749e337cd0
klp-1-when-to-resuscitate,6a2e4b2169e444e59014b32282b84ca9
klp-3-airway-call-for-help,18cdd1e67ea34762b0796a3c80a41ae1
klp-2-airway-position-of-head,733b129f179d4e009141cfeb35746506
klp-1-airway-position-of-mask,8716994da0864bc0b7c37fc577ebc92e
klp-1-airway-effective-ventilation,eb2f5e8869514d209a6c64febfe39d77
klp-2-number-of-inflation-breaths,b459506386744837a2711d3a8c1f9d98
klp-3-jaw-thrust,5e45e98affc44dddbd02772bda59c868
klp-2-if-no-chest-movements,eaf7183917a842afada8e7f1171755ce
klp-2-inflation-breaths,c4a383b03a284ffca24c163a20307184
klp-2-ventilation-breath,62b891534af64f129e7111c938c7511f
klp-1-not-breathing-well,064fc41c8abe465da9d37df89a0de56e
klp-1-continue-ventilation-breaths,e45e3236a4f04d50a8843a4f13aa1665
klp-1-most-important-ventilation-breaths,1aea0db3832c45b7a3441801fc1d96ef
klp-3-rhythm-ventilation-breaths,a2915dd7cf6d4b8c9fd034824c0ee528
klp-3-good-ventilation,6ad2c0d4795d4e609793a4f9ef367542
klp-3-breathing-assessment2,55432ba48dfb4399aaa9ecf4945eaa03
klp-1-breathing-assessment1,ef4c7052e7eb4a14aa5b7876f284cdbc
klp-1-breathing-assessment-continued,a472c1cd67fa43358167536bb83a9b6b
klp-3-action-if-breathing-well,4df7b2bf2eaa40bca39a4c7a76b14ebc
klp-3-nr-give-oxygen,5bb4c7b73eb045f098ee75241dea61a6
klp-2-when-to-stop,8594b90607344f8f9fd19b78722d8a6e
klp-3-resuscitation-stop-next,9bb6bf463f1a4fb19675bae967bae0ce
klp-1-skin-to-skin-and-breastfeeding,b773ef1c51654c59bbb36f6a761af97d
klp-3-monitoring,8551226df8844f4992b636c44fac56a1
klp-3-low-birth-weight-and-resuscitation,54250edafb594682b06721f5c672b6d1
klp-3-challenge-low-birth-weight,bf75f434e8374c528c3c93046d6515be
klp-1-soap-wet-container,6f2de6906c0e4baea1196f39888bf50e
klp-1-air-dry-hands,bd3da7b1724145d8ac0955b64efc4dc4
klp-3-delivery-of-membranes,9b05c0f888d54467a58892af2a3ba643
klp-2-estimation-of-blood-loss,42d8057c584f4f739a4a8e12cfb2dd32
klp-1-maternal-death,4ecf4de0e79b4c1ea9f7f6c932e7db4f
klp-1-loss-of-tone,4cd6ed19360b49f0a84b68d07a48dba1
klp-1-call-for-help-then-stop-the-bleeding,0e084e287cea4a17907071a8832b99c7
klp-1-symptoms-for-pph,8d98294c2d154d52822e37f82d4b34a0
klp-1-occult-bleeding,837830445a5240c4bd907421896dfb8f
klp-1-moderate-bleeding-characteristics,52338b2418d74c82905ea2fdccb4e081
klp-3-uterine-massage,cdcb6f64333a48708492da0ae9494df1
klp-2-empty-the-bladder,751a135a7d8e4e999c5b33dfee626560
klp-1-vital-signs,1717082429fa4bcc859e02f2e97fd9a4
klp-1-strong-bleeding-characteristics,f31db3e4e6784340a0ff575f39485c8f
klp-1-bimanual-compression,e7df1d63af0b44b997e37de5fb095d2f
klp-2-bimanual-compression-procedure,6ca3942ca9364426b896613c1d8c5468
klp-2-bimanual-compression-type-of-gloves,0747934d92724314aecc086e5cd473ea
klp-3-pph-drugs,f0c26c0b40ac41f882a25a335f1772be
klp-2-carbetocin,abf97c350ccb4006ae6fae1ce73968b0
klp-3-ergometrine,8f35db7b77b743609ea7fc2210f5547c
klp-1-prioritize-manual-maneuvers,e750c0c4a7f94584b948d35098b3733d
klp-2-bleeding-from-a-vaginal-tear,68178dfed843401995be82a8a7dd852b
klp-2-always-do-a-rectal-exploration,201848ec039844ddbc7893d2852cafd9
klp-2-placental-tissue-missing,637bdfb78d3b43b3873c6fbe471b7631
klp-2-treatment-if-there-is-placental-tissue-missing,e921e944001545ef85d8489608d5dc95
klp-3-removal-tissue,b799def0557446d6962d8ab9d1a223a3
klp-2-pph-resuscitation,9063c3a9d2664dd8bb00f9261de8b992
klp-3-when-to-measure-hemoglobin,8c511072e6ad46f9940015399742a64d
klp-2-observation-after-treatment-pph,a22d4e29dc734505a8bfa1976cd23c7b
klp-3-cbt-is-indicated,8af1a67c91a740ad8a2fbd8b55245a23
klp-3-the-causes-of-vaginal-bleeding,5d1697964a394dbb8a4a7ccdf9c896d8
klp-2-positioning-pph,175dbe6bb5fe4c5a9b8ed751bade7baf
klp-2-positioning-vital-organs,e6976fbee9384087aa1df457d82fc1a9
klp-3-actions-helper-at-the-head,7c91c3bc6882497788bac72d9b12bb4b
klp-3-actions-helper-at-the-arm,d413cb7e80d4492baac432566dd19e9a
klp-1-referral-pph,3de22bae628e410ca3fab834dc3f13bd
klp-3-iv-fluids-pph,e943d08fda3545b290d10879ac91e6a7
klp-1-how-aorta-compression,08b5abd65f2f462392a97fa1dcfbddb2
klp-3-cardiovascular-symptoms-pph,e2529763b2b64d44a5178136dc7942b1
klp-1-manual-removal-bemonc,7bdcff31fbf14a28be914da58aa69f9c
klp-2-when-manual-removal,56881ed5fc3d40598b2b9767911a111f
klp-3-heavy-bleeding,5bff42f0eb5d4395867216af7fb3d545
klp-2-blood-inside-uterus,f4322d210f5d4f899738a59333e7388f
klp-2-excessive-bleeding,560a2a67b2e3466291c1d9d449eae044
klp-2-stop-bleeding-retained-placenta,e52e65b662324370bfb67fb18a1a67ad
klp-3-resuscitation,8c48904887454483bc7473f235bff28d
klp-2-stop-compression-at-resuscitation,3d6eb59ad320488e828953c746e5b689
klp-3-how-to-manually-remove-the-placenta,dc2868bc62ee4ea9951f5ae640641f2b
klp-2-aorta-compression-and-manual-removal,0c172b7d46c147519063282a157f4611
klp-1-repeat-intrauterine-palpation,c6ed64e6ae0f4449ba8f44cf4dca2652
klp-2-manual-compression-ended-aorta-compression,0651203c40424d4aab8b5d88162e73c4
klp-3-action-after-removal,81f3ff61b4a2466682b43c0900c64254
klp-3-after-removal-of-placenta,d14706468c574b18a533aaea7c7bd604
klp-1-action-right-after-removal-of-placenta,546db5f818b74d5fba20f0c95d303811
klp-1-septic-abortion,b3456c4cb16f417786e0ad85d5597264
klp-1-complication-to-unsafe-abortion,c45d69f64e014e8da2c222e64c537577
klp-1-urine-test,1e1e4faccf554c8988afbf32c4f45c4a
klp-2-complication-to-abortion,f1aa2320c1cb4d31a24ee3ed3ec97512
klp-1-fever-and-septic-abortion,5951160c86344904b94cb9620278b439
klp-2-what-to-measure,b44ff612486346438a3671d256f63ef6
klp-1-kangaroo-care,5e7b6a3633e2477b86eaded06907e15e
klp-2-cephalic-occiput-posterior,3baeacc35547422a8e074e0919261d53
klp-3-more-comfortable,f56bb22a7bd6483abf95356d621b9e08
klp-3-prolonged-first-stage-latent-phase,acecb32471f440ed9e9986e42892930e
klp-3-contractions-causes-if-not-prolonged-latent-phase,31b5328cba174fadbd851f81a3d9fe24
klp-1-prolonged-first-stage-active-phase,05f2dcf670494f65bdb3831f5b231157
klp-2-progress-of-labour,ec6cc9161dcd4685af0500b381a32ff2
klp-1-partograph-with-dilatation-between-alert-and-action-line,04bcc320e7514a018b8a8915a83792d1
klp-2-cervical-dilatation,767fe4cf28f5417cb428bf844a8bab90
klp-1-immediate-delivery,4ebfd60fb5fc45ce85e03ae9ea9058fa
klp-1-head-above-the-pubic-bone,94e2b9c6dc094168b35ecb76df433f35
klp-3-posterior-fontanelle-where,b4475f6598fe4ef5a0d6eb6c33472691
klp-2-posterior-fontanelle,7f234dd1f9a54676bbcfab21cd630e78
klp-1-placing-the-cup,bc8decb8f499465e8148d9d4404b55f0
klp-1-check-for-maternal-tissue,68e6039fe30743709217616292bef1e8
klp-3-flexion-point,36f08153d15040b4a67518427ff25f3c
klp-3-intact-perineum,0be3c4ca35af4feb89aa275c10644c9b
klp-2-prolonged-second-stage,38226fd69e0441d3b26dde8d17bb7563
klp-1-signs-of-septic-abortion,b19e51bbf47c4320b7f9a276e02105cf
klp-3-suspect-lower-abdominal-tenderness,0ff85ac52b234b69b4c4ed27e557a002
klp-1-septic-abortion-can-be-fatal,c9bb3532c7684811b662785b9bdacadc
klp-2-most-important-action-at-septic-abortion,790b6c9acd8045d4b6756d4c723de449
klp-1-action-at-septic-abortion,ed41faccda6d4d538be58ba3b31d3cb8
klp-3-ab-and-evacuation-of-the-uterus,192fe38cceac405eb7e42c0a180ef281
klp-3-which-ab-to-give,f597399f67824131811df65c04511d9e
klp-1-urgent-management,fde0224fcecb4e36b925ced8ce26c4f8
klp-3-correct-order-of-actions,9d07e6114e4c4ab2a3d3bf4de8c82b09
klp-1-peritonitis,ef5b188480bf49aea8e2ef1346ab2182
klp-1-evacuation-of-the-uterus,a7204682b7a14857b9ea245c543b7fff
klp-3-manual-vacuum-aspiration,40255bac5f4147aba6b3a8231d042cee
klp-3-uterus-size-in-week-12,9549c156714b4a04b0e1387030e99252
klp-3-preparation-for-mva,4b09b4058aaf42b49c1b1c055d53818d
klp-3-analgesic-for-mva,27655ffd21044ee4916d1283d09837ae
klp-3-valves-closed,5544c03ff276450b8f2afce7eb8b0885
klp-2-vacuum-to-mva-syringe,05196eb6bed04ad09c2adfa17a6de4fe
klp-2-tenaculum,3626752dedd34f7f8f36365016237d8f
klp-2-dilate-the-cervix,668a99934d7c4a518faceca5fe45bc4a
klp-2-no-touch-technique,e7f9d1182a4a469a93a36ce681cd408b
klp-3-size-of-cannula-for-mva,e1e5580c80cd4cc88000d1ad0691d60a
klp-2-insert-of-the-cannula,16958ebecea7456ea9345b901680825c
klp-2-attachment-of-the-syringe,3f6d31ac67a14387aab0fdc2e07f7c0b
klp-2-rotate-and-move-cannula-back-and-forth,7f2e1a0a5b1342f29b78028a31d73222
klp-1-end-of-suctioning,c724e7c8c07b401ea3dab12ec8fcb634
klp-2-use-the-cannula-again,05bb6240be6d45edba231db8290ec231
klp-3-ab-after-mva,05b2f2755d674e0c90ac78a9bbdc1bcc
klp-3-counselling,f1913a2988674fd89ffe3ddf3c8d54b7
klp-1-advise-before-dismission,16c27a245ab74131ac5d45f55283c03e
klp-1-meaning-of-sepsis,e90ceef94c394cb2b59b922c8ca1300e
klp-1-diagnose-sepsis,a4cd198cdad04fab86c116042d89d703
klp-1-septic-shock,73cbba314a2f492ab3045049d787637f
klp-2-importance-of-fluid-management,5d76fdfe02174765a80e8b174ec2e846
klp-2-assessment-of-fluid-balance,2526b11fa3aa4c73bf75adb0c90cd92c
klp-2-fluid-balance-be-calculated,9613c0d86d5f4afcb85b19b149d7d2c7
klp-2-fluid-balance-be,a28f553f4db44c5aa2b92f5f025ca066
klp-2-in-case-of-a-septic-shock-it-should-be-calculated-each-hour,63653ca8ee764a11825ee9de1f7b666a
klp-2-complications-to-sepsis,26192c1b0db849feaf54503e75b1d6b7
klp-1-initial-management,f1cf1c05eb694fe8b22f18b29365dd06
klp-2-circulation,14939980405c4060ba323a8b98b22d80
klp-3-drugs,1f97c6d984fb45a180c730a835e341f8
klp-3-ampicillin-sepsis,0fa8474886914bde84b90cd945781c9a
klp-3-gentamicin,c04f63cb73564da2ba4ca6354dd9afa4
klp-3-metronidazole,f0e552858d614089a7712accb2c469f1
klp-3-ceftriaxone,807c0c068831406eb34608edd4abafb3
klp-3-tetracycline,c93df77a53a54fa5992991707798c278
klp-3-chloramphenicol,eeb07a8166b14eb8ae9b267b79cbb50d
klp-2-malaria,0ec74ea5537d46459337f01a33578faf
klp-3-malaria-drugs,f97537d54fc944f5a0c08dfe6152f94d
klp-3-artesunate,156c1bff79f74977901cec3e9457259f
klp-3-quinine,20ed86b2e1654fe6b1bab4dac0a48e91
klp-3-dosage-artesunate,261e722c7d5848a0be2f99a550ad5464
klp-3-dosage-quinine,813e93b594be45b4982aa913704670cf
klp-1-the-6-ws,ef07e1b998f347399caa36d3770d3e0d
klp-1-the-6-ws-continue,b49c661baa744eaeaf3b2877e0660854
klp-2-chorioamnionitis,5267c13faf4c40d5a14e1cdb446dec02
klp-2-endometritis,32144b9885304c3f87812441e2d479d8
klp-1-treatment-for-chorioamnionitis,6bbd70e3034b44fbba78b993d6dc0f47
klp-1-treatment-for-endometritis,069373d2434e452cb08aad6d67195f57
klp-2-endometritis-and-no-effect-of-ab,7c89d3a5d9044a3f8627666997ac41a8
klp-1-mastitis,ff0e1a733618467a8e85ce0594f62f21
klp-1-breast-abscess,01f40e6f3ec541acbb3fad64c3260f62
klp-1-wound-infections,9e315255070443aab383575a07dd570c
klp-2-other-causes-of-infection,347452526e7d4ccd81f00eb22a1265ff
klp-2-proteinuria,5b7d5ed5233b4dae8b85fa8d60ed686b
klp-2-cure-of-pre-eclampsia,121c632e18f34bc2b779704fa1bdeae9
klp-3-maternal-death-and-pre-eclampsia,30ea387620224b0d82737985b41363e8
klp-3-action-eclampsia,346dcde3d5a34fc49faef7e1f5465547
klp-3-fluid-overload,545e84863eeb4b7eab48233b91632657
klp-1-calcium-gluconate,85841b02d0174505b5c9947db5f76519
klp-2-successful-inflation-breaths,3329705470f44e0a89401bf8ecc97425
klp-2-product-in-alcohol-based-handrub-2,ccd9469b13844ca1838ce21624b06cc9
klp-2-definition-of-low-birthweight,c9b95a1868df435eaa74f5a12c0307db
klp-1-preterm-presentation,4b4d8ccac7704cc09592a207563b196c
klp-1-initial-care-of-the-low-birth-weight,90ddd255c77d4fb7841dab4be9781ebc
klp-1-what-is-kangaroo-mother-care,9490aa23909743cdb39faf7113edc537
klp-2-how-to-kangaroo-mother-care,10bb8e62feac417199621ad21b9d33f6
klp-3-discharge,77f3df5c79ea433890f8c1b11cde8cea
klp-2-feeding,9663e66beb5942e8a11c498ca2695a5f
klp-3-unable-to-suck,15f3209906e744e8a2a53f177c63172a
klp-1-feeding-schedule,c124199fe00946f78a45b6fcf13b3901
klp-1-non-responsive-newborn,6bff0317c4bc4ee2b1d649686d04d112
klp-2-breathing,88fb3f76edea4de0b26e24ca446ac0aa
klp-1-rds-symptoms,8427e0bd133046f993d1187fbca519c2
klp-2-rds-management,3d356835aa6149fe8a07a9260a9533a4
klp-3-cpap,06a36adca96c469dbd343b61a2b5faf4
klp-1-rds-ab,43c8eb7903244690bf00ae0145673e09
klp-2-oxygen-therapy,c48181bcc732401fa306ae7b95c63cf4
klp-3-oxygen-saturation,200e1bb138e34335a301c7a1f488269e
klp-2-oxygen-indication,4c3c529c827d49c6a28b97258c4976ff
klp-1-grunting,92fcfd69ab1248b6985d8ad4b7548c8b
klp-3-apnea-prevention,a7c2395e83884ecca400b2dcec9b01ab
klp-3-stable-newborn-management,b01c92da28ac4270a4fac681dfb5ab72
klp-2-severe-jaundice,9a911606b428423a8b292d185fc38db1
klp-3-severe-jaundice-jaundice-treatment,fac662155b39473dbdc1c1cd3d051c84
klp-1-vomits,22fe3a261e8d41d39d81e180a82b4922
klp-2-necrotizing-enterocolitis,f4db78ec27c34b7ebc53bfa28681406a
klp-3-necrotizing-enterocolitis-management,7dc9fb2df4d74cbe838f3bbded44a703
klp-3-necrotizing-enterocolitis-ab,d448f8df81fb409fae3b320516815a6c
klp-1-lbw-infection,cb133d441e3446fa83e0e1aec5467a6a
klp-3-lbw-infection-treatment,9502fb42d1e04d7bacf5402632e1fb57
klp-2-severe-infection,61a0bb49aa22451ea1bed28db9b0addc
klp-1-referral-indications,09c99c4caf8543ae834cceb32fca3b6c
klp-2-referral-safety-rules,2e14fb340f7344c2a0f86c8b28fd0c03
klp-2-referral-warmth,6a940af4f2f944b2badcc32788483c23
klp-3-referral-no-option,9af2dc9bd2c74fc690fe02d49af47667
klp-1-respectful-care,29753214ae1949c19a75b3f33fedc0d0
klp-2-symptoms-of-covid-19,8b59d77fb81d450a82663cc885017e3f
klp-2-hand-hygiene-before-and-after-wearing-ppe,89f503f6e4604c22a8b471808bcfedf8
klp-1-five-steps-to-prevent-covid-19,99008401225e4709be6717795eaa90c3
klp-1-breastfeeding-and-covid-19,23beccb3c759468c901725112649a1fd
klp-1-ppe-and-covid-19,4637272546e2462f9c347de50e3614a4
klp-2-pregnant-women-at-risk-group,6e91cf02ab0d4696885ec9469864f80d
klp-3-when-hand-hygiene,b660fbfd49f6422a9bddbc781470e734
klp-3-mode-of-delivery,30f54376eace42b8bc68919fc2ed341c
klp-3-care-during-birth,0affb39551bb493d8357fd4db41af100
klp-1-the-definition-of-a-normal-birth,8ceb40f7c03b4c8a852522117800e9a7
klp-2-a-child-born-in-week-36,160cd50d66ab44bab29fe26fb77daf03
klp-3-start-of-a-spontaneous-normal-birth,c6db8982221e4bdc893208bc215a7cf9
klp-1-what-is-respectful-care,1daf255a2d1d421c84ec2e21c0f2d44d
klp-2-fear-of-being-mistreated,24586f1f93744743a78e625de51a1bb6
klp-3-the-elements-of-true-respectful-care,789404add35544f3968a3b2501f40549
klp-1-the-first-thing-you-do,d17095298d2547d394bcc6524c7f5582
klp-2-what-kind-of-danger-signs-should-be-examined,a6f0ac50ae824beaa531925b6fa87446
klp-3-when-is-her-due-date,a7c6216f43ef4056bd5ad6e25a658051
klp-1-strong-contractions-5-6-minutes-apart,f677aa9b0e5b4b45940463b5476384c0
klp-2-abdominal-examination,3b2cf29b4f4c489499fe8ccabfb13d46
klp-3-when-performing-a-ve,1dabedbb028b4850bcc5dddb9faaf809
klp-1-good-contractions-with-3-minutes-apart,7a435083f81f42f295c4f6d739b59256
klp-2-the-documentation-on-the-partograph,15ea6f453df84d858e93510bb914fa1f
klp-3-the-labour-has-lasted-12-hours,37c08c901d1945b49e446f0bcba889bb
klp-1-help-the-woman-to-get-good-contractions,3d6e04d4bb9b403aab4f1d1af4971348
klp-2-when-the-woman-wants-to-stand-up,9650c56c98b648189e06e7e1cd3a34e0
klp-3-the-woman-cannot-eat-or-drink-during-labour-and-birth,fb1265803188441bbd4c556eccf2176d
klp-1-when-the-woman-is-in-an-upright-position,1734ab65d87c408b92308303169164a7
klp-2-to-be-on-all-fours-and-give-birth,dc8a1eac7bb94463984b823d0f953524
klp-3-non-pharmacological-pain-relief,dd478fe6239d43e3bbe99b41888c1b60
klp-1-the-woman-can-push-when,80b34ae40511465b9aba67b0cd1813cf
klp-2-what-needs-to-be-ready-for-the-birth,d5f124dc74694a77b23ed3ba944d1520
klp-3-what-should-you-do-during-the-second-stage,d1e089d47c7f455ba66cf8f062ed1fb1
klp-1-how-would-you-help-the-woman-to-push,6115bf55ad7a4dfd8bc5de7ac854bcf2
klp-2-the-woman-can-give-birth-in-any-position-she-wants,a8e11a7da1a749ac9966c3e99f2b387b
klp-3-what-kind-of-practices-should-not-be-performed,f54b8f3a975c4648ac2ce11bd07c754a
klp-1-before-the-babys-head-is-about-to-be-born,c808935e9d314a6ebdbeef0c6570db9c
klp-2-when-the-babys-head-is-crowning,c0f238b375d04f89869e243e5addc9ba
klp-3-after-the-head-is-born,5141f4b12ea448959fd6f7876f53d9e3
klp-1-the-order-of-the-four-steps-for-palpating-the-foetus,3b8902d764894bb0ae79f28bdc5379c1
klp-2-if-you-feel-a-lose-cord-around-the-neck,57e4674923404804b16ec80d4cf744d1
klp-3-when-the-baby-is-born-with-meconium-and-is-breathing,28583a47d18447899e33ea5cff221818
klp-1-the-baby-is-born-with-thick-meconium-and-does-not-breathe,b95282b2242945cdbc08103ff4238432
klp-2-what-do-you-do-when-the-baby-is-born,969ced12ec4044b5bf3f7ec6b5b00b88
klp-3-just-after-the-birth-of-the-baby,1210a016f22f45f88fde691e02b03899
klp-1-dosages-antibiotics,8d0cb71afd194712be2cd0c0cfe560dd
klp-1-dosage-ampicillin-and-gentamicin,f3d70de35b3049db85c90e20df4e9bcb
klp-1-emergency-signs-newborn,bd997d235e734f4c87b381abd1a67774
klp-1-unconscious-newborn,1bc29d4dc7764e678decedaf8b9da499
klp-1-airway-management,9aacd4bb1ada48e08201851d07265427
klp-1-breathing-emergency-signs,a57d6cc923b74721b4a587724b8d6ea1
klp-1-low-respiratory-rate,61827ffdbbac4578a2fc95dbd92cef9d
klp-1-apnoea,d9e85bf614e04287b0646af9c0a56988
klp-1-signs-of-shock,3a8304b7ea9f46ef83f8429aa33bf4ac
klp-2-hypothermia,8dfd65c76c114c8f9368690711f4a571
klp-2-emergency-management,5ea14290975544a38aad7ef6d879a424
klp-2-emergency-sign-2-week-old-baby,2d91d3e90c2543cf9904abba1cc6dd97
klp-2-obstructed-airway,de3dc52b0e004311904fa2947f04be61
klp-2-difficulty-breathing,1bbca564a09c4d87872e65d778045079
klp-2-drowsy-and-unconscious,780c5bf27ed743a191b014523a5dc3a3
klp-2-low-blood-sugar-treatment,75ac40d7c18349b69e2b67f1cf0c761b
klp-2-phenorbabital,e2475fe0208b492db3903ee7f979260a
klp-2-low-temperature,c325d5dd0b0a4a70aec382186ee80b49
klp-2-newborn-no-improvement,f1135596699343b28f0630dc546472f4
klp-3-risk-of-low-blood-sugar,eeca1563c6f24df6ae22549bd88ed480
klp-3-referral,4754ef5c06e94d6e9c5e57811f058710
klp-3-bed-side-diagnostics,ac83cd2d3380481c95de8f185af19dff
klp-3-safe-oxygen-level,778d5f85cafc4628ade3e0ae4d11fcac
klp-3-transportation,c5fc90683a0749b3a4960ca5f5751c4b
klp-3-referral-not-possible,dfc19ae9c55b447590adba8c0c76d25b
klp-3-functions-nbsu,2a72ab47832347c28964bf197585a40f
klp-3-prevention-respiratory-distress,0aaa1715418744c5a5e1c65e326b5c88
klp-3-administration-of-phenobarbital,0bdcc9d3478a46398fca40dc7f4f236d
klp-3-temperature-management,6e92bdee7aec46c18ba9c5dbb9634974
klp-3-nbsu-bed-side-diagnostics,c1ad7193a1e343dea5f4557a845d7592
klp-3-what-are-emergency-signs,47352e8b627f4705992c4dbb98156459
klp-1-approach-assessment-of-newborn,29e69a99e14042eca82f39f418cd69b1
klp-1-correct-order-ppe-put-on,497a5e34c3ab4377bfd91dc13bb6744d
klp-1-correct-order-ppe-remove,1647bec513504287bb15b7b5716dd8c9
klp-1-ppe-for-different-patients,6874f5d58a3e45f596548965a2ef3872
klp-1-removing-rings-watches-etc,1f4af4428dd34f779112ca04631a0cf7
klp-1-covid-19-transmission,6fbb88dc42644b989025a54f454d159d
klp-1-receiving-a-woman,7823be30c7054cd7a452a30d5661695a
klp-1-where-to-sneeze-cough,dbccc0be239e4e039ea546b8477ecc9a
klp-1-feeling-unwell,3dd43bd911cd43fc831ae6405dd193d3
klp-2-management-environment,191beeb889234973981798aa51e42851
klp-2-temporarily-separated,a11c5cc3d4db41c186967f4c045feafa
klp-2-right-to-quality-of-care,0169b9ad150447a4b66baa86d5d35c84
klp-2-need-to-perform-hand-hygiene,daeb03599bc14467b42a5383dfe4ae3f
klp-2-symptoms-of-covid-19-anc-visits,b8e28d4cd5844dbbb17ea5651777f7a9
klp-2-pnc-remotely,ddb918afcd2146e5ad142cebcff67bbc
klp-2-number-of-anc-visits,f7aeaf0728404906a3dc63a794481f7a
klp-2-preventing-transmission-to-newborn,c51fe7b0a9b74675b86e861e32740479
klp-2-prevent-spreading-at-health-care-facility,ce63ee512eeb4a04a08cc3b08a108e18
klp-3-incubation-covid-19,5538575f5b774b2d909f98235d759238
klp-3-women-and-companions-hand-hygiene,8fdfec8dfd8e461eb6e63b1d9060d077
klp-1-untitled,5f4640fb982740f3bd8b47dac611b672
klp-3-anc-remote-visits,67e90c69372d4deb9ccc24d08617e1a3
klp-3-hand-wash-how-long,f2ed3ccd4135407d966d8bcd796fa4fd
klp-3-handrub-how-long,9945f8ea98944a61807547fd4884f1e7
klp-3-ppe-important,e7788eac9a6e433388eda6aa75efb9e1
klp-3-remove-ppe-important,4ee3cba69607474e8d77f9ca602ee132
klp-3-corona-is,dedb4dc621224ebd8f8815bc768f0493
klp-3-covid-19-postpartum-care,a4f4d8799fc1435cbce7eb89f10ba2d8
klp-1-breastfeeding-covid-19-positive-mother,329ccb1e30284764af2c1058708bd610
klp-1-a-general-rule-about-fluid-replacement-is,a5f4d0f82d43407ea79c19847e4503d9
klp-1-what-is-correct-regarding-moderate-bleeding,8ea635a816f649dabf8a30eec1ab96a1
klp-1-how-do-you-perform-aorta-compression,b8c6397aa6a448c79e5e1009b56686ff
klp-1-is-the-amount-of-blood-you-can-see-the-actual-blood-loss,b4cfd2346a784b8f88e324d4f16448fa
klp-1-a-woman-gets-cold-sweaty-and-feels-dizzy-after-birth-what-is-the-most-important-causes-to-rule-out,15fb4397cf2d45b4a6fd703d39d7052c
klp-1-where-does-a-post-partum-bleeding-most-frequently-originate-from,4fff7edca1b64f899973aef398fbe12a
klp-1-what-is-most-effective-in-stopping-a-strong-bleeding-due-to-lack-of-tone,93c7f086bbec4786acc2d2d28a9740d9
klp-1-what-would-you-suspect-to-be-the-cause-of-bleeding-if-the-uterus-feels-soft,d8c628f830f14eb1aa684fd6f83b4695
klp-1-prioritize-the-actions-at-strong-bleeding-until-helpers-arrive,44934982dbe149c5be6312b9a1ad4ea7
klp-2-it-is-bleeding-from-vaginal-trauma-what-will-you-do-to-be-able-to-suture,dc91ef8190c84dbdb7cbf7e83b6807af
klp-2-what-is-the-treatment-of-retained-tissue,f63223ba09f942719a81078454036cbc
klp-2-why-should-the-bladder-be-emptied-at-pph,7da4368fcf3b4ed8866712031bede7c5
klp-2-why-the-legs-up-and-head-down-position-at-pph,2a87c2e698174fbbbaee40ce78751f40
klp-2-why-is-a-rectal-exploration-always-indicated-after-birth,94a406ec06f54edf94670fc402239bcf
klp-2-what-is-the-primary-reason-for-checking-the-placenta-quickly-after-birth,d365b54e633a40a4bc8771a90599f72c
klp-2-in-which-situations-must-you-be-careful-not-to-give-iv-fluids-fast,a7981d1710a94af3b71c0792694c3209
klp-3-what-would-you-expect-to-happen-with-the-pulse-and-blood-pressure-if-the-woman-is-affected-by-the-blood-loss,24e44a3fe1f3451795b35ba0570bcc7f
klp-3-removal-of-tissue-list-the-actions-in-correct-order,a4200e7f1a7f41109e76dde6910537cd
klp-3-7-pph-moderate-bleeding,b491751749f54b70bf4158c434fb11f3
klp-3-why-is-uterine-massage-recommended,02251b4a152741249ac61d31c60a5cf3
klp-1-unsafe-abortion-remains-one-of-the-leading-causes-of-maternal-death-and-disability-true-or-false,f13898ee4209489791f1890ecfa13144
klp-1-how-can-you-date-the-pregnancy-if-ultrasound-is-not-available,2c718a38dc7540599ebaadaaa409ba89
klp-2-what-is-the-size-of-the-uterus-at-16-weeks,eae7076b1472492f8492ee4f3968be7b
klp-2-what-should-you-consider-if-the-uterus-is-smaller-than-expected,bda8521aab4f4336ba2362a8f932a9f9
klp-3-what-should-you-consider-if-the-uterus-is-larger-than-expected,930cba48687e49f5aa0f92d103e2f509
klp-3-what-is-true-about-mifepristone-used-at-a-medical-abortion,2f5c3cf28ab94fe19abcb6a866dceb67
klp-1-a-medical-abortion-can-be-performed-safely-at-home-if-the-gestational-age-is-below-9-weeks-true-or-false,691106d556014223b28e7aa33a5cb4ad
klp-1-which-of-the-following-danger-signs-can-occur-after-having-an-abortion,c4ae52e104784066b261d49afdde260f
klp-2-what-is-true-about-misoprostol-used-at-a-medical-abortion,146eba235f544fd087eea732b1c985ac
klp-2-what-should-you-consider-if-the-woman-has-a-fever-during-a-medical-abortion,f441afb373a34e08a08a9afc34dbf530
klp-1-what-describes-the-procedure-of-vacuum-aspiration,7d747c58550242ed80b61ae631fc10e5
klp-1-if-antibiotics-are-not-available-you-should-not-perform-the-abortion-true-or-false,d84c6c104c3043579b288cb65b8ca564
klp-3-how-do-you-perform-cervical-preparation-before-a-surgical-abortion,80cd6e961bd742549a21c7fae5726f7f
klp-2-what-is-important-to-consider-before-mva,af562c989d60418bb48a645ece133cc3
klp-2-how-do-you-ensure-a-complete-abortion-after-mva,d2a5f3d9eb3a485f9b1b9f3927b6615b
klp-3-when-should-you-consider-an-ectopic-pregnancy,79dab4fa92e24c0cb9f7f2867dbafb79
klp-3-what-are-common-signs-of-incomplete-abortion,305c016395954a9badc322681fa4e708
klp-2-what-are-the-options-for-management-of-incomplete-abortion-if-the-patient-is-stable,30cdaf1fe2ee4f28b1a1896e211b1a91
klp-3-what-can-haemorrhage-after-surgical-abortion-result-from,bd5618f260b3464fb4f83c5fb379d44d
klp-3-what-do-you-do-if-retained-products-of-conception-are-suspected-to-be-a-cause-for-infection,eac38a1f54f748ef996dbf8e532e319e
klp-2-what-is-true-about-sepsis,88a6ce9cf29a4818893a4a9cbd742243
klp-3-what-information-is-important-to-give-to-the-woman-before-discharge,099b09723dd841b7be498744b266add0
klp-1-when-can-a-woman-leave-the-healthcare-facility-after-an-abortion-if-there-are-no-complications,3aaff3bd847541d28e2df4a08d463227
klp-1-should-you-recommend-a-follow-up-visit-to-a-woman-who-has-had-a-complicated-surgical-abortion,feaefb712fbc49569f194171b9b8b1b8
klp-3-if-available-which-laboratory-tests-are-relevant-to-perform-before-an-abortion,31083485b5414f91a604da9210251639
klp-3-which-methods-of-contraception-can-be-initiated-immediately-following-surgical-or-medical-abortion,a0013ac439104c3ea8ff045d904f0ed9
klp-1-what-non-pharmacological-methods-of-pain-management-should-you-as-a-health-provider-use,97dd1775a3814426bd741e7f0dbb21ed
klp-1-what-are-some-of-the-characteristics-of-vacuum-aspiration,63c7eaaed72f4b6bb02ae754a1b4037d
klp-2-which-of-the-following-are-common-signs-of-infection,964159b7dfc24d3096db80194d4fa688
klp-1-what-should-the-woman-do-if-she-has-little-or-no-bleeding-1-2-days-after-taking-all-the-pills-for-a-medical-abortion,e71d32874235415d87db0da4898f045a
klp-3-why-should-the-dose-of-misoprostol-be-reduced-as-the-gestational-age-advances,17efa74e770a4544868f5afa3de2b791
klp-2-neither-misoprostol-nor-mifepristone-will-treat-ectopic-pregnancy-true-or-false,021976a8a83548a88a68a644884f9aa3
klp-2-what-does-the-abortion-options-available-to-a-woman-depend-on,3d136b58e5f549448fdcb8679f2efd44
klp-1-which-method-of-medical-abortion-is-the-most-effective,6e288877b87e451eb2d3b7a35e0d6b0a
klp-3-what-is-the-correct-order-of-the-following-steps-of-mva,d8a906cf4d034c329b193a4e2b3fda5c
klp-2-what-is-the-safest-and-most-effective-surgical-technique-for-abortions-after-12-14-weeks,ad8e9fe0e8f74a799cb878a0b31b95b6
klp-1-how-many-women-develop-a-mental-health-condition-during-the-perinatal-period,93df55cd82604d03b77dffdd88f4ebab
klp-1-which-mental-health-condition-often-coexists-with-depression,92dea8923ae84edfa5dcd374d04235ea
klp-1-what-is-the-strongest-predictor-of-a-woman-getting-perinatal-mental-health-conditions,8e10b94b975041c69ec6024bfbaca670
klp-1-symptoms-of-perinatal-mental-health-conditions-include,74bcb11bd3684f0e8f876a43f0e79c95
klp-1-when-should-you-screen-for-perinatal-mental-illness,82829efac4bc4f4ca83f3e723d5c24ea
klp-1-what-is-not-a-symptom-of-perinatal-depression,cafc9efc15d14f86b1ac22eef93fd3c7
klp-1-what-are-the-two-different-categories-of-bipolar-disorder,ad6cc4e354bd4aaab77dc277c608a55a
klp-1-talking-therapy-counselling-techniques-do-not-include,86953be352ac4f698b2a8419d628f859
klp-1-unmanaged-maternal-depression-can-lead-to-long-term-cognitive-and-emotional-developmental-impairment-of-the-infant-true-or-false,a5edac5fc75e4f60bd361dc3c96fe7b2
klp-1-what-can-caring-for-women-and-families-with-perinatal-mental-health-conditions-lead-to,fe08eb3454a44caea716206456e53b89
klp-1-puerperal-psychosis-usually-occurs,7e2ccaf091664ad39bc9d3d6802ce5a1
klp-1-how-many-partners-experience-postpartum-depression-or-anxiety,4cebf4fb7c68478db7aa9a6f544fa686
klp-2-what-causes-perinatal-mental-health-conditions,0ec29a72c2c64bf7b2b27e1849d7df62
klp-2-what-are-known-risk-factors-of-developing-a-mental-health-condition-in-the-perinatal-period,cec6ffd9bdc34d3cb5be162e482d952a
klp-2-poverty-decreases-the-likelihood-of-women-experiencing-postpartum-depression-or-anxiety-true-or-false,4908b41ea107458a9fc3aa84e0b8ea80
klp-2-what-are-examples-of-useful-screening-tools-for-the-detection-of-perinatal-mental-health-conditions,b8ef1fd2c9f649cbb4dc94be82e58529
klp-2-what-are-treatment-options-for-perinatal-depression,c3d744d609154d219cc1318cd6bc779b
klp-2-the-provision-of-perinatal-mental-health-care-often-requires,96243594d92d475388c524fdb066d2a0
klp-2-what-is-the-first-line-management-of-a-woman-who-has-screened-positive-for-perinatal-depression,ac202dd8299746e091bd8128b5e4b32c
klp-2-psychoeducation-includes,67bbd16c548d4f8680e50634c2405bc6
klp-2-what-are-not-symptoms-of-bipolar-disorder,a10097e298534a18aa4087d33d9804b9
klp-2-anxiety-disorders-are-a-group-of-related-conditions-that-include,2c7645e5373d44b59bc9acf6921da1fa
klp-2-symptoms-of-puerperal-psychosis-include-the-rapid-onset-of,40a957a8ef594da0bed23925ab67c45b
klp-2-infants-of-mothers-who-suffer-from-depression-have-higher-rates-of,0d60ce1a451e42e6b8a0205b81528257
klp-3-what-should-you-do-if-you-experience-negative-personal-consequences-of-caring-for-women-with-perinatal-mental-health-conditions,2024f794d07e40e0b6d87f7bbcb7c03f
klp-3-people-with-schizophrenia-are-more-likely-to,1d634146278e49c193688c91210423ed
klp-3-symptoms-of-general-anxiety-disorder-include,0279088e378642e5b6caa7213abd4ade
klp-3-people-with-anxiety-often-experience,3190ef1c5ffd42728ea3c8016c6c6193
klp-3-why-may-women-not-want-to-disclose-a-history-of-mental-health-conditions,99b31406d5414caf90f92500fda764ec
klp-3-why-would-you-suspect-that-the-woman-has-depression-and-not-the-baby-blues,33ac1bad187e4c0ea402e89e6bf15fb3
klp-3-talking-therapy-empathetic-counselling-includes,f780372057ab4fca901fad8eaf7b314b
klp-3-which-of-the-following-are-guiding-principles-for-clinicians-to-adapt-their-practice-into-trauma-informed-care,a18b94f4b88148f29366b6027179e8b0
klp-3-what-percentage-of-the-population-suffer-from-schizophrenia,edc00d30128f408fb21a004280852ac9
klp-3-cognitive-behavioural-therapy-cbt-aims-to,86feff0bc6814f07a527d7882c770419
klp-3-put-these-three-action-principles-of-psychological-first-aid-in-the-correct-order,01cc906b468f4a26be8fe4921ba9f3e8
klp-3-high-levels-of-cortisol-in-the-blood-due-to-prolonged-maternal-anxiety-can-be-damaging-to-the-foetus-s,6d635a494c4b47eca45bc83ea4266c19
klp-1-short-acting-contraceptives-can-only-be-used-over-short-periods-of-time-true-or-false,3084a48a86334b57975b000331fd9182
klp-1-when-used-correctly-true-or-false,4a7aeda5df8a44f9a225fe1088b89d76
klp-1-the-procedure-of-inserting-an-implant-must-be-aseptic-true-or-false,591da3249fcb4bc5b048c5efd2201c6f
klp-1-if-a-woman-needs-a-new-implant-after-having-one-removed-where-can-the-new-implant-be-inserted,6aea63990c1f4f03829ea0ac210a71a1
klp-1-after-inserting-the-iud-ius-at-what-length-should-you-cut-the-strings,591216f551a044e594c210c374eb1bfa
klp-1-a-woman-with-hiv-can-safely-get-an-implant-true-or-false,b3b916b3b0ca4724986539ae652f8afe
klp-1-male-condom-use-prevents-80-to-95-of-hiv-transmission-that-would-have-occurred-without-condoms,8c51d600e2d849be919fa1ad15a65bb1
klp-1-combined-oral-contraception-contains-artificial-versions-of-which-naturally-occurring-hormones,19af852dbb5b498eb72d92c1f1a38957
klp-1-which-of-the-following-are-important-before-deciding-on-a-contraceptive,813c63ce4a43434b8eb88d3357be4869
klp-1-what-is-important-for-providing-successful-counselling,dc145c2a2b8d4ac7b19dfc937e722e17
klp-1-the-woman-should-take-one-contraceptive-pill-at-the-same-time-every-day-for-the-most-effective-protection-against-pregnancy-true-or-false,299fc243f37c466b95ddfffd11f9321e
klp-1-what-type-of-checks-need-to-be-done-before-inserting-an-intrauterine-device-iud-ius,8c0496b907d54367bcc1cfc31ce32050
klp-2-which-piece-of-equipment-is-not-needed-when-inserting-an-implant,6c5db6bc467e4a0dae28499441dd0f84
klp-2-which-methods-are-categorised-as-long-acting-reversible-contraceptives,68fb5e28070a44fcb06c48f1e1bc0190
klp-2-when-does-a-woman-not-qualify-to-get-an-iud,7f23816febc54e73988ab5ce41d93b2b
klp-2-when-can-a-women-get-an-implant,91a2764b99044ddca337aaf358f95a1a
klp-2-what-side-effects-can-women-expect-after-getting-a-copper-intrauterine-device,74c9f24dd6aa46679a6ae3e83280b49b
klp-2-what-should-you-recommend-the-woman-to-look-out-for-following-iud-ius-insertion,03f7d919ed944f2fa72baa2946e75565
klp-2-when-a-women-comes-back-for-routine-follow-up-after-inserting-iud-it-is-always-required-to-perform-a-pelvic-examination-true-or-false,a40bed4ff3b04bb39979874ad1f3aec6
klp-2-what-should-you-do-if-a-woman-requests-for-her-iud-to-be-removed,76615c7eb068495fa8e8c575bfc4cd5a
klp-2-when-is-it-recommended-to-have-a-follow-up-contact-after-intrauterine-device-iud-ius-insertion,77bc8877f1ff42e48ad10b105ff88a36
klp-2-which-surgical-procedures-can-be-used-to-perform-tubal-ligation,4bebebd6e9374d459faff02f11fd045f
klp-2-what-is-important-for-you-to-ask-the-woman-about-to-help-her-choose-the-right-contraception-for-her,4857292da81f41598b05c4d1348ecc40
klp-2-what-pain-relief-should-be-administered-before-inserting-a-contraceptive-implant,57a6a25170b14578b5a3433dff9a4aea
klp-3-which-of-the-following-side-effects-are-normally-seen-with-copper-iud-but-not-with-the-hormonal-iud-ius,86714c9509db443ebc18ae47bbf1e6a9
klp-3-which-of-the-following-are-some-common-side-effects-of-the-hormonal-iud,1af39655aa8048f1b292f03ecbc41298
klp-3-which-of-the-following-methods-lasts-the-longest,030ed1dfb9ee42b7be14611dbcde4f97
klp-3-how-does-the-vaginal-ring-prevent-pregnancy,89f98e2330244457a616d43354b9a275
klp-3-which-of-the-following-contraceptive-methods-do-not-have-any-delay-in-fertility-after-stopping-removing-it,d5c9b17f65ac47e99dc1d44e3d5fe3c7
klp-3-from-the-moment-after-performing-vasectomy-no-contraception-is-needed-to-avoid-pregnancy-true-or-false,bb930e3da3484248aaa70e96e73a6edb
klp-3-put-these-steps-of-the-non-touch-technique-while-inserting-an-iud-in-the-correct-order,db57799687964ac3948ebd3ad3bd8ec6
klp-3-which-side-effect-of-the-contraceptive-implant-is-the-most-common,6a84b482d9324499910a902e2db3b32f
klp-3-how-does-the-copper-iud-prevent-pregnancy,44eceec007d941d28bc4202feaf4f18e
klp-3-when-can-a-woman-take-an-emergency-contraceptive-pill,a64ac468843348bda01fa3140b1c157d
klp-3-which-statement-is-true,dc10051297b5433bb9fd1238af82e9da
klp-3-what-is-the-medical-eligibility-criteria-wheel-used-for,2daaa83b117f4344af7689306d29cc7a
klp-1-how-many-antenatal-care-contacts-are-recommended-to-prevent-and-identify-complications,e0040559095848808e6ce0fb9b0deaa9
klp-1-which-of-the-following-are-true-in-relation-to-the-womans-antenatal-record,7083e126c9054464930b787b67586b45
klp-1-which-of-the-following-are-provided-as-a-part-of-respectful-maternity-care,324ab596102542b4aea75828d084f24d
klp-1-what-should-you-do-during-the-first-contact-in-pregnancy,f043d8510e3041a0b1273877c63931dd
klp-1-choose-the-tests-that-should-be-carried-out-for-all-pregnant-womean-during-the-first-contact,f478cdb81d0a452fb713bcc62cce2086
klp-1-identify-the-statement-that-describes-a-normal-foetal-palpation-at-34-weeks,3754145fdab948568efb1061ef3562a7
klp-2-which-of-the-following-statements-are-true-in-relation-to-calcium-supplementation-during-pregnancy,25c1bf562ae54cc797167bafba279631
klp-2-while-screening-a-pregnant-woman-for-pre-eclampsia-which-of-the-following-parameters-will-you-check,b8f6b27f400747c28bf837fd34fc3072
klp-2-a-woman-comes-for-the-anc-contact-with-shortness-of-breath-and-weakness-what-will-you-check-for,1c63d3a05d104828b436b300792b9f21
klp-2-name-the-drug-of-choice-for-tocolysis-in-threatened-preterm-labour,966ae8d02b4f4ae38ad751aa367ff310
klp-2-which-of-the-following-are-signs-of-pre-eclampsia,e5792f81992749f8b6811601d97549ed
klp-1-a-woman-with-urinary-tract-infection-usually-presents-with,a77e23f1cc79408f81c576615b69037e
klp-2-which-of-the-following-symptoms-indicate-complications-during-pregnancy,49ec7c0db8cb4a12b5ba4ad29e5a50a5
klp-3-what-is-true-about-the-foetal-heart-rate,d98d4f6742824abc8d37d98d54cc3d25
klp-3-which-of-the-following-indicate-a-normal-pregnancy,778153c178004beaa89ac72874d7f663
klp-2-what-are-the-signs-that-indicate-that-the-woman-is-going-into-labour,ac690933e2c844848357734dc3ab679e
klp-3-how-will-you-manage-a-woman-who-has-a-haemoglobin-concentration-of-100g-l,1209c5d9470149f9b22b73fc14e3e80f
klp-3-which-of-the-following-statements-are-true-in-relation-to-gestational-diabetes-mellitus,434a8651abed46a9ba5d4181edb14a58
klp-2-while-counselling-the-pregnant-woman-on-nutrition-and-lifestyle-modification-you-should-instruct-her-to,91d625f2b0f440659ff1a390ae1e8a1a
klp-2-how-much-weight-should-a-woman-with-a-bmi-of-27-gain-during-pregnancy,644f1b91df2f4f25a3191897fe58461b
klp-1-what-are-the-components-of-a-birth-and-emergency-plan,5fd288260db64f8cb6354bfa83936c9c
klp-2-when-a-pregnant-woman-complains-of-low-back-pain-and-pelvic-pain-what-should-you-recommend,003aa9110e3945ffb4563f92727434ec
klp-1-if-a-pregnant-woman-complains-of-constipation-what-will-be-your-response,81b7fec2282344cb8df88e487623ddad
klp-2-how-can-you-help-a-pregnant-woman-who-is-having-leg-cramps,482bd5ba98e046e5b6edc2a22a8fd944
klp-2-what-are-the-signs-that-indicate-that-a-woman-is-a-victim-of-gender-based-violence-or-intimate-partner-violence,6d9b1b9d194f4c6c95b42b57d3335628
klp-3-what-are-the-drugs-that-can-be-given-to-a-woman-with-suspected-preterm-labour-for-foetal-lung-maturity,dfd6c83684a445cfb6f714a6eaf2e488
klp-3-if-a-pregnant-woman-complains-of-pain-swelling-and-tenderness-in-one-calf-muscle-what-will-you-suspect,7a10129d704b46f9b22be0458f57b6a8
klp-1-before-performing-an-abdominal-examination-you-have-to,ecda67250d224ebe8257476b289597ca
klp-3-which-of-the-following-foetal-heart-readings-indicate-foetal-asphyxia,ff78e04191784896a3053754332f7ef1
klp-1-what-is-the-drug-of-choice-for-the-intermittent-preventive-treatment-of-malaria-in-endemic-areas,a2209a6efd9c4d71aca28bc67b70ab24
klp-3-how-can-you-identify-multiple-pregnancy-by-abdominal-examination,19f4df60d7d1498ebce7acad8a6cd726
klp-3-identify-the-statements-that-are-true-in-relation-to-preventive-anthelmintic-treatment-during-pregnancy,f337c919898146e4a8d67b1097e1a987
klp-3-a-pregnant-woman-comes-for-her-first-anc-contact-she-has-not-been-immunized-with-tetanus-toxoid-before-how-many-doses-should-be-given-during-pregnancy-and-at-what-interval,1ff1c36badda4052a028ecddf28255c5
klp-1-what-is-the-dose-of-iron-and-folic-acid-supplement-recommended-during-the-antenatal-period,79742e6902b74cd293248cc0de660deb
klp-3-what-are-the-complications-that-can-be-prevented-by-taking-iron-and-folic-acid-tablets,698b1b6e225e42f8b3da7fdaa39b6bba
klp-3-what-is-the-risk-that-may-occur-if-the-foetus-is-cephalic-and-the-head-is-not-engaged,3c14a09d5e404b749a590a4a0b1b30b2
klp-1-how-many-postnatal-care-visits-are-recommended,78be3bee552f47019861a76520e0a446
klp-1-when-is-the-woman-in-the-postnatal-period,91f8f647af6c42cdb097fd534a56526d
klp-1-which-statements-are-true-regarding-partner-involvement-in-postnatal-care,5b2349d0146d4b939f870d2ebaf47e53
klp-1-what-does-the-regular-assessments-of-the-mother-include-during-the-first-24-hours-after-birth,7ac541b75107405fb01e5e109dd9240c
klp-2-pnc-bleeding-after-birth,46238883439b447d95dd4b01f4567c32
klp-1-what-is-part-of-the-initial-postnatal-care-counselling,3f0a6543dc6d4c7eaa1dfe9ac067fe68
klp-3-for-how-long-should-the-postnatal-woman-be-recommended-to-take-iron-in-anaemia-risk-settings,a5a2fa945bd1438093b7ea6066b81d5b
klp-2-what-kind-of-pain-relief-can-you-offer-the-woman-postpartum-for-perineal-pain,15d21fa4297e491bb62f104f5dc83929
klp-2-what-are-the-signs-of-postpartum-uterine-infection,27a57115db5a4d01bab418b453673fc2
klp-2-what-are-the-signs-of-thromboembolism,9f2b3fd8c3c24318aa89877f50c85614
klp-2-dizziness-nausea-and-headache-three-days-postpartum,b2bdc9a9b6614685978f62dad2faf9b9
klp-3-what-statements-are-correct-regarding-disease-prevention-after-birth,e955cb8516174bb4970f5d66fb61619f
klp-1-upon-discharge-when-should-you-tell-the-mother-to-react-and-contact-you,fb8d21760c38448791970a9e24410b65
klp-1-which-screenings-are-recommended-for-all-newborns-upon-discharge,7b2ad276ec12450894bfb3dc8deaf645
klp-2-which-of-the-following-statements-on-breastfeeding-are-true,04d9714fd3fe487fab5cb02a773676d5
klp-3-how-much-weight-should-the-newborn-gain-during-the-first-2-4-weeks,c3c3ff7aab4149b8a22ef25875424235
klp-3-what-is-true-regarding-newborn-weight-monitoring,d5acbe1852dd4fe7b1a3078190735ef4
klp-2-what-percentage-of-chlorhexidine-solution-should-you-apply-to-the-umbilical-cord,67c447a493254800aeae33d09746dc2d
klp-2-what-is-true-about-yellowing-of-the-skin-jaundice-in-the-newborn,386c9d0c5590461bbe793f2d17fc7873
klp-1-what-is-the-normal-body-temperature-for-a-newborn,534e6c71f7ea4bdea0de2b8633e5a03b
klp-3-if-a-woman-experience-breast-engorgement-what-should-you-advise-her-to-do-to-prevent-mastitis,f5c1d054d4614ef886d1725ee9f1af0b
klp-3-which-statement-about-breastfeeding-is-false,1e234ae82ca141368602ca6025b1fae7
klp-3-what-can-be-the-cause-of-sore-and-cracked-nipples,9f12009586564b31ad08eedca5126877
klp-1-what-indicates-postnatal-perineal-trauma-infection,b876a2f016134785a8e8372f7aa02f14
klp-2-what-is-true-about-postpartum-blues,290a22ade1444f759e06661a050f56b6
klp-3-how-would-you-treat-anaemia-postpartum,0260f47570ac4b14a19a4a44504d3976
klp-2-what-is-important-to-ask-and-know-when-counselling-the-woman-on-postpartum-contraceptives,d4a4a0fbdc8b4f31a02d3a45f3e80954
klp-3-contraceptive-methods-and-breastfeeding,429192952d3b47d2a634dc98131b5650
klp-3-what-are-the-signs-of-an-effective-attachment-when-breastfeeding,48174fcda2a24dcc8fd65376ba05da84
klp-2-what-is-the-correct-order-for-how-to-treat-an-eye-infection-in-the-newborn,6011508de914478a95c11b1aa1c2c47a
klp-3-what-is-true-about-hiv-infection-and-breastfeeding,21192ea24302498d84ef4fe7cfdf626d
klp-1-what-should-you-advice-and-support-the-woman-to-do-within-the-first-24-hours-after-birth,e9dbc890db864c719f2b26273daf36fa
klp-1-what-questions-will-you-ask-a-postpartum-woman-during-the-routine-pnc-assessment,c27e22b116d8462fa8fdce421f932e1d
klp-3-what-is-false-about-safe-sleep-for-the-newborn,10979a66b44a42108db9c5e8df45ea9b
klp-2-when-should-the-mother-alert-you-regarding-the-newborn-within-the-first-24-hours-of-birth,6dd826b1e9e94ecda5b2ce6d2a888cfd
klp-1-when-should-urine-output-be-checked-and-documented,f5ce43eb02c04dcb983f15b19834bb01
klp-1-gdm-is-an-excess-glucose-level-in-the-blood-with-onset-or-first-recognition-during-pregnancy-true-or-false,a09c129864b1460581428dedb62ac389
klp-2-when-can-we-say-that-the-woman-has-gdm,e1e490b1d9f94824904759ac6049e93c
klp-1-which-of-the-following-are-the-possible-maternal-complications-of-gdm,4b5a600f76424667a5fe520a430959e2
klp-2-which-of-the-following-is-a-possible-foetal-risk-of-gdm,a843d14e09984f9983cd9d0a59d59599
klp-3-which-of-the-following-statements-are-true-regarding-gestational-diabetes-mellitus,32354a99c2c144168f4f57dab8f358e8
klp-1-which-of-the-following-are-risk-factors-of-gdm,45045b78f74642e4a1ba7d1a8f48d874
klp-2-a-woman-with-a-family-history-of-diabetes-has-an-increased-risk-of-developing-gdm-during-her-pregnancy-true-or-false,db20b92c66704bbb9d885541597c9759
klp-1-what-is-the-recommended-test-for-diagnosis-of-gdm,709f2778193b4fc69df372868b30d193
klp-1-when-should-the-first-testing-for-diagnosis-of-gdm-be-done,8bb7fb511ccf49a8a991cb71763e8d7b
klp-2-when-should-the-second-test-for-diagnosis-of-gdm-be-done,77116eee7b814951ba9ec7dc5c499124
klp-3-which-of-the-following-is-true-regarding-screening-for-gdm,5490db80b99c49979ab4625468715790
klp-2-what-is-the-2-hour-blood-sugar-cut-off-value-for-the-diagnosis-of-gdm-using-the-ogtt,931878085cfe425888fc91fc9c5f1f2a
klp-2-which-of-the-following-statements-are-correct-in-relation-to-ogtt,70967392682344d388520a871b6757a0
klp-1-what-is-the-initial-management-of-a-woman-with-gdm,b0e2bcb93d59422d860d414b1b64806c
klp-3-after-2-weeks-of-mnt-and-physical-exercise-the-2-hr-ppbs-of-a-gdm-woman-is-115-mg-dl-what-will-be-your-recommendations-for-her,7b7f040927f448029f892dd72018b570
klp-3-a-pregnant-woman-weighs-69-kg-and-her-height-is-157-cm-under-which-category-does-she-fall-based-on-her-body-mass-index-bmi,ea3c79e37e2644c3ab5c8c7c865b6b32
klp-1-what-advice-should-be-given-to-the-woman-when-starting-her-on-medical-nutrition-therapy-select-all-that-is-appropriate,e063442921db44838292dfb5c18c4568
klp-2-for-a-pregnant-woman-how-many-additional-calories-are-required-during-the-second-and-third-trimester,7ecfc5136ed347418035683e4a0fe9b0
klp-1-which-is-the-first-drug-of-choice-for-the-management-of-gdm,b14455cb2e0d459db6f871748a96b570
klp-2-which-of-the-following-statements-are-true-in-relation-to-insulin-administration,674f79e7b12c48229f862d559aed3aec
klp-1-through-which-route-should-insulin-be-administered-daily-for-a-woman-with-gdm,2bab706679644d0eaf2bf389f23ccca8
klp-3-which-of-the-following-statements-are-true-regarding-metformin-use-for-control-of-blood-sugar,11d56f1896594289b00a6d67239bbdaf
klp-2-monitor-fasting-2-hour-post-prandial-blood-sugar-bi-weekly-if-the-woman-is-on-metformin-true-or-false,6f47ddf9b4314e69af261754fec0f71d
klp-2-which-of-the-following-statements-are-correct-regarding-antenatal-care-of-pregnant-woman-with-gdm,12395057e7854a1fb9605b64489d0986
klp-2-which-of-the-following-injection-sites-can-be-used-for-self-administration-of-insulin-injection-select-all-that-apply,8fa048419c05486b9c2dfaeedb56fc65
klp-3-which-of-the-following-are-an-indication-for-referral-of-the-woman-with-gdm-to-a-higher-centre,5b7e21c2e0ab40e992e1df3c9343cb68
klp-3-which-of-the-following-are-the-symptoms-of-hypoglycemia-in-a-woman-with-gdm,310f3bb666a44695ae679c4f93fda68f
klp-1-what-steps-should-be-taken-to-manage-hypoglycemia-in-a-gdm-woman,514490bc44ca456db42105446080274f
klp-3-when-will-you-diagnose-hypoglycemia-in-a-newborn-based-on-the-capillary-blood-glucose-level,3d2725149c604c77af61faf00988ea9d
klp-3-which-of-the-following-steps-should-be-taken-to-manage-hypoglycemia-in-a-newborn,cb57efb6d02441fa8a623e73b2d6ce40
klp-2-which-of-the-following-statements-are-false-regarding-care-of-a-newborn-of-a-woman-with-gdm,a379ab39bdd64470a0a92c981417b867
klp-3-which-of-the-following-are-signs-of-hypoglycemia-in-a-newborn-select-all-that-apply,29e0c651d2b04180918351b97aad0c03
klp-3-which-of-the-following-are-appropriate-in-relation-to-management-of-labour-and-delivery-of-a-woman-with-gdm,eea7f0ad264646ac93c238b068005823
klp-1-in-a-woman-with-gdm-maternal-blood-glucose-levels-usually-return-to-normal-after-delivery,f0ef48fddec64d1cba0f95930d649f8d
klp-1-which-of-the-following-test-is-recommended-for-after-delivery-of-a-woman-with-gdm-to-evaluate-her-glycaemic-status,124937338c2a41cda9326253329bb867
klp-3-if-a-woman-with-a-history-of-gdm-is-planning-her-next-pregnancy-what-should-be-her-desired-blood-sugar-level,47ff6ef310124cdd83bb51b0b44fc112
klp-2-labor-and-birth-infections,6a52ab2d9c6f47f582c711ba0b1b6b6c
klp-2-disability-caused-by-infections,80e92b635faf4064aadc32135e67f81e
klp-1-respiratory-infections,cdd63b98cfbd44e4a2e29d27dc78d7ea
klp-3-injection-safety,d54d0f77628244489b1496dcba1f3c07
klp-3-antibiotic-prophylaxis,16e910eb72634c54b2f78e6194b294ff
klp-1-direct-pregnancy-related-infections,a6a0110d0c2a4cd2922dc2472c7474a8
klp-2-five-steps-to-infection-prevention,4f3ffd64f1d14d6b98276ee3b5c89a67
klp-3-ppe,d40e0a559c3b41ac927b4aeacee5cef3
klp-3-hiv-and-hep-b-exposure,d2cbcc85f4854c4482fb790202b2d3eb
klp-2-maternal-child-health-clinics-mch,ee8c4c09199f4b7d9d9714563f2a390a
klp-2-misoprostol,b1bac712cd4f41afb57c1ea8590de60f
klp-1-5-prevent-infections-1,129cdd20a73c434d81ec0d512449e0f1
klp-1-6-prevent-infections-2,76698f6492c44a89bbef545df928e2c5
klp-2-15-towel-1,5b6468d9b9104607957fe1f76ffb64e4
klp-2-16-towel-2,c68a34aac19b42eea074d8292862028b
klp-3-mother-and-newborn-discharge-criteria,119d34e25e8b4803ab272d610195acc4
klp-2-newborn-cord-care,3bfff3591b8147fbb6f111082204cb11
klp-3-newborns-first-bath,351689e63b594581af723467e5dd13de
klp-3-danger-signs-newborn,739f096cbc5a476d94d016515d8bba62
klp-3-postpartum-supplementation,0793925e0ec646edad958d4c5a294672
klp-2-administration-of-vitamin-k1,365e395116214324a0407301db4e2a4a
klp-3-postnatal-visits-lbw-newborn,252b61acbaf34ace85bdf9327676fbe4
klp-1-newborn-feeding,b334cbd484eb489680357a4765ed5770
klp-1-newborn-vomiting,e0e36339ce4e44c5a72a5c0549df86db
klp-2-bring-newborn-to-healthcare-facility-immediately,a34f57dacc404d82b7d5fd6eef83dcc5
klp-3-monitoring-after-mva,84276ed464674628b1e8eca2f9b8033e
klp-1-blood-inside-uterus-in,cce68ed2b9894effae5957f4637a7d44
klp-3-broad-spectrum-antibiotics,ddcd501c1e12464a81af483b0d5745f2
klp-1-removal-of-placenta,0874766c20234c38bc5dce4b71454975
klp-3-tranexamic-acid,8c84bba230534c2e86f1fcfe27283299
klp-2-uterine-balloon-tamponade-ubt,7bec80b783d940ebad124d1b12a4be8d
klp-2-where-to-perform-mrp,8e111f31574c4ae38ed9104487dd0277
klp-2-how-to-manually-remove-the-placenta,200a97fa094246fcaf5b5f54e863de1d
klp-2-durg-for-pain-relief,a0a1410aa63743f1bc26c30decffac21
klp-2-drug-after-removal-of-placenta-new,9a3447bdf6b14108b6ee0d3f937383e5
klp-2-referral-mrp,6674ce39d5684ef7be813786fa1b88da
klp-2-anaesthesia,d0c97e7f1f0748bfbdf4ead6fdd85f61
klp-2-chorioamnionitis-signs-and-symptoms,c9d7cfee7ce4483e803b90414457dfb0
klp-3-diagnosis-for-respiratory-distress,6a3ce5fc2ebe4486add04c147926b939
klp-3-oxygen-administration,84d94c768350459580da11a4ecf5f721
klp-3-referral-slip-details,5d22b7a91352409e8eee9ef0db1e19f7
klp-1-art-regimen,ded5f80a7efe476d9a954f5112878c3d
klp-3-necrotizing-enterocolitis-antibiotics,afd12dc05b544535bf8bf6e707b02194
klp-1-prevention-of-htn-during-pregnancy,ada20352757d486ca9593f2c9f8cae4b
klp-1-antidote-administration,70f35a7ae8984052a9d20c1ce927642e
klp-3-dose-of-inj-labetalol,400e674162ac4bf890854665b46fe41e
klp-3-confirmed-elevated-bp,86516c0cef8844b8bbe70845d594692e
klp-2-we-start-antihypertensive-drugs,39eef54a11044daf926f2769f60a919a
klp-1-common-cause-of-pph,b6d50d67413240c1b75bec1fc5082f73
klp-1-steps-of-immediate-management,e83fec5552da45bd9dc45b5df811d05a
klp-1-aortic-compression,91d6fdaccabf4219adf6018d5607fe6c
klp-1-volume-replacement,898bc84bcb3a4c80b2f04d912681a377
klp-3-immediate-management,37811e85e859460fa46c4e47adead76b
klp-3-uterine-massage-immediate-management,b754b04f96bf429798534eb5560ea113
klp-2-oxytocin-dose,3c2ed2b46fb94ddf8082c4f50705c84e
klp-1-uterotonics,248c2f870f7341eca69fcb3749bd0437
klp-1-uncontrolled-bleeding,5413e100280043f583b0ecd4475866ac
klp-1-bimanual-compression-aortic-compression,416c039751fc42bca8483d1b468732c2
klp-2-aorta-compression-procedure,1f85b5a48bc64150a1df1f3c0e7e89e5
klp-2-ubt,636bc1bac2c344d29566af478a9c2140
klp-1-mother-in-shock,399a7f9863494efbb9e4502266334231
klp-2-ifa-dose-in-postpartum,98fbfff790754b6da8802995b7185242
klp-3-tear-management,e5be87dcc6ba4049a01c48fdf770409a
klp-3-causes-of-pph,4cae99aa040f42adafbf54fe1581b673
klp-2-correct-position-pph,263c9571e2d1404c820c656c95640446
klp-2-ubt-deflation,bc000d252016447ba977e463b19f6fe3
klp-3-ubt-insertion,bf9c9efb9d454109a7591366ea1a88be
klp-3-pph-definition,da843a23e1e340dcb87946799d600505
klp-2-types-of-pph,ede716ed8c78416fb6f049fad2e48d2f
klp-3-vital-signs-monitoring-pph,a82fbacebe964daa9dfb9716ebac83c0
klp-1-first-degree-tear,e78bea8a8d0f41f6bab50386c0f8671e
klp-3-delivery-of-the-shoulders,0ea3ce0c8a624a6e84654d911e11ca2f
klp-1-partograph,bb9dd62846214240a528148275cd1f88
klp-3-first-component-to-be-plot,f3c5f45e7b2e45b0ad3fa4acde4723da
klp-1-implant-insertion-aseptic-procedure,f3410e0c56c54135ba0d1d89d8c42527
klp-1-implant-insertion-hiv,752e11a84bfe4abbb46354259f15e1b9
klp-1-healthy-timing-and-spacing-of-pregnancy,00ed0f05b2274c448be95b0236a7db44
klp-1-combined-oral-contraceptives-cocs,5596a13b691e4d9191b96c4ff583fd19
klp-1-before-deciding-contraceptive,e8455d91ef6b4468a5668de6fce00d24
klp-1-successful-counselling,3cdc77bca7be4bc4828e7c8c2389b6f8
klp-1-effectiveness-of-pill,29e13e56ce06466c950a9bc8c957088a
klp-2-iucd-380-a,ec32588b39b34cfeb9702c2ca16862d1
klp-2-emergency-contraceptive-pill,c850d29f063c4a6784063e60161551e0
klp-2-mpa-return-to-fertility,cdd076a99ce244089c3619c3ddf0e53c
klp-2-ppiucd-contraindication,1edb1c02cc5646dc997f75dd9b4cdb51
klp-2-asking-woman-to-choose-right-contraception-for-her,c31327fb28954e29baefa81e87c52529
klp-3-mec-categories,57229baba2bc4493a7c71678f32d5124
klp-3-interval-iucd-insertion,d92477e37b11431ca0a4ee6110743ed1
klp-3-contraceptive-method-which-lasts-longest,969b6a74b5d84cde9f9aa62d90f12eb7
klp-3-centchroman,40d80b598d4a4fddb051cceea2cc0182
klp-3-how-iucd-work,7153205d34434cf78af09cdae1e70478
klp-3-implant-side-effect,9be0bf050d6344ba9041ccf5b79633db
klp-3-condom-benefits,5ac6beacf3dc4904baefb65ed336760f
klp-3-emergency-contraception,430d2fe6b3d746fd82d7a524a6c98e3f
klp-3-ppiucd-insertion,4a1c69a03e9e481fb17e8cc294054fa1
klp-2-prolonged-labour-indication,0e133d8a6d674f6da0bdd5805542b71b
klp-2-post-exposure-prophylaxis,ec953e66e1bc4545b74761027b082513
klp-2-handrub,8471cc11f85d4b93aa9e7ff971cc5f05
klp-3-best-soap-for-handwashing,d9f6f4799557483594486980721925c0
klp-1-decontamination-of-instruments,cfe18136ead54678818099a07283b3b5
klp-3-sterilization,2cef7386f17f4901990a086ea9b56a4d
klp-2-prevention-of-respiratory-infections-in-waiting-areas,969dc650ca214a2e89da7d7d22fca1b9
klp-3-prevention-of-respiratory-infections-while-coughing,cd0be6a14fb942f29a7d61409a535b84
klp-2-handling-sterilized-items,1bc72195ee8c4df6a3b3900b31ddb2e6
klp-1-segregation-of-bio-medical-waste-yellow,bcb97a14883c42dca7b93a1f636f4a09
klp-1-segregation-of-bio-medical-waste-sharps,46db94cfa0074b2fa4d253aefb42a056
klp-1-time-for-sterilization,1c7e2dfb83094cd9a7d2379ef554ab0e
klp-2-spill-management,5da870583b194f7ba5efce336b2cd0fb
klp-2-chemical-sterilization,afbf9db964aa4534b7b055b4f4822dbe
klp-3-preparation-of-0-5-sodium-hypochlorite-solution,2979bb8ef4894417b57a3c4695d80c83
klp-1-cleaning-and-delivery-bed-ind,4bd956fc54c7424cb272ecdb49f26224
klp-3-hepatitis-b-prophylaxis,e9521423291840c18237668aa4719dfe
klp-1-nevirapine-prophylaxis,3c949a2c0ece429bb16035f8206c3d7a
klp-2-progress-of-labour-uzb,3f80c27e7d704b1a84c0d78a85241625
klp-1-how-many-women-develop-a-mental-health-condition-during-the-perinatal-period,93df55cd82604d03b77dffdd88f4ebab
klp-1-which-mental-health-condition-often-coexists-with-depression,92dea8923ae84edfa5dcd374d04235ea
klp-1-what-is-the-strongest-predictor-of-a-woman-getting-perinatal-mental-health-conditions,8e10b94b975041c69ec6024bfbaca670
klp-1-symptoms-of-perinatal-mental-health-conditions-include,74bcb11bd3684f0e8f876a43f0e79c95
klp-1-when-should-you-screen-for-perinatal-mental-illness,82829efac4bc4f4ca83f3e723d5c24ea
klp-1-what-is-not-a-symptom-of-perinatal-depression,cafc9efc15d14f86b1ac22eef93fd3c7
klp-1-what-are-the-two-different-categories-of-bipolar-disorder,ad6cc4e354bd4aaab77dc277c608a55a
klp-1-talking-therapy-counselling-techniques-do-not-include,86953be352ac4f698b2a8419d628f859
klp-1-unmanaged-maternal-depression-can-lead-to-long-term-cognitive-and-emotional-developmental-impairment-of-the-infant-true-or-false,a5edac5fc75e4f60bd361dc3c96fe7b2
klp-1-what-can-caring-for-women-and-families-with-perinatal-mental-health-conditions-lead-to,fe08eb3454a44caea716206456e53b89
klp-1-puerperal-psychosis-usually-occurs,7e2ccaf091664ad39bc9d3d6802ce5a1
klp-1-how-many-partners-experience-postpartum-depression-or-anxiety,4cebf4fb7c68478db7aa9a6f544fa686
klp-2-what-causes-perinatal-mental-health-conditions,0ec29a72c2c64bf7b2b27e1849d7df62
klp-2-what-are-known-risk-factors-of-developing-a-mental-health-condition-in-the-perinatal-period,cec6ffd9bdc34d3cb5be162e482d952a
klp-2-poverty-decreases-the-likelihood-of-women-experiencing-postpartum-depression-or-anxiety-true-or-false,4908b41ea107458a9fc3aa84e0b8ea80
klp-2-what-are-examples-of-useful-screening-tools-for-the-detection-of-perinatal-mental-health-conditions,b8ef1fd2c9f649cbb4dc94be82e58529
klp-2-what-are-treatment-options-for-perinatal-depression,c3d744d609154d219cc1318cd6bc779b
klp-2-the-provision-of-perinatal-mental-health-care-often-requires,96243594d92d475388c524fdb066d2a0
klp-2-what-is-the-first-line-management-of-a-woman-who-has-screened-positive-for-perinatal-depression,ac202dd8299746e091bd8128b5e4b32c
klp-2-psychoeducation-includes,67bbd16c548d4f8680e50634c2405bc6
klp-2-what-are-not-symptoms-of-bipolar-disorder,a10097e298534a18aa4087d33d9804b9
klp-2-anxiety-disorders-are-a-group-of-related-conditions-that-include,2c7645e5373d44b59bc9acf6921da1fa
klp-2-symptoms-of-puerperal-psychosis-include-the-rapid-onset-of,40a957a8ef594da0bed23925ab67c45b
klp-2-infants-of-mothers-who-suffer-from-depression-have-higher-rates-of,0d60ce1a451e42e6b8a0205b81528257
klp-3-what-should-you-do-if-you-experience-negative-personal-consequences-of-caring-for-women-with-perinatal-mental-health-conditions,2024f794d07e40e0b6d87f7bbcb7c03f
klp-3-people-with-schizophrenia-are-more-likely-to,1d634146278e49c193688c91210423ed
klp-3-symptoms-of-general-anxiety-disorder-include,0279088e378642e5b6caa7213abd4ade
klp-3-people-with-anxiety-often-experience,3190ef1c5ffd42728ea3c8016c6c6193
klp-3-why-may-women-not-want-to-disclose-a-history-of-mental-health-conditions,99b31406d5414caf90f92500fda764ec
klp-3-why-would-you-suspect-that-the-woman-has-depression-and-not-the-baby-blues,33ac1bad187e4c0ea402e89e6bf15fb3
klp-3-talking-therapy-empathetic-counselling-includes,f780372057ab4fca901fad8eaf7b314b
klp-3-which-of-the-following-are-guiding-principles-for-clinicians-to-adapt-their-practice-into-trauma-informed-care,a18b94f4b88148f29366b6027179e8b0
klp-3-what-percentage-of-the-population-suffer-from-schizophrenia,edc00d30128f408fb21a004280852ac9
klp-3-cognitive-behavioural-therapy-cbt-aims-to,86feff0bc6814f07a527d7882c770419
klp-3-put-these-three-action-principles-of-psychological-first-aid-in-the-correct-order,01cc906b468f4a26be8fe4921ba9f3e8
klp-3-high-levels-of-cortisol-in-the-blood-due-to-prolonged-maternal-anxiety-can-be-damaging-to-the-foetus-s,6d635a494c4b47eca45bc83ea4266c19
klp-1-short-acting-contraceptives-can-only-be-used-over-short-periods-of-time-true-or-false,3084a48a86334b57975b000331fd9182
klp-1-implant-insertion-aseptic-procedure,f3410e0c56c54135ba0d1d89d8c42527
klp-1-if-a-woman-needs-a-new-implant-after-having-one-removed-where-can-the-new-implant-be-inserted,6aea63990c1f4f03829ea0ac210a71a1
klp-1-after-inserting-the-iud-ius-at-what-length-should-you-cut-the-strings,591216f551a044e594c210c374eb1bfa
klp-1-implant-insertion-hiv,752e11a84bfe4abbb46354259f15e1b9
klp-1-healthy-timing-and-spacing-of-pregnancy,00ed0f05b2274c448be95b0236a7db44
klp-1-combined-oral-contraceptives-cocs,5596a13b691e4d9191b96c4ff583fd19
klp-1-before-deciding-contraceptive,e8455d91ef6b4468a5668de6fce00d24
klp-1-successful-counselling,3cdc77bca7be4bc4828e7c8c2389b6f8
klp-1-effectiveness-of-pill,29e13e56ce06466c950a9bc8c957088a
klp-1-what-type-of-checks-need-to-be-done-before-inserting-an-intrauterine-device-iud-ius,8c0496b907d54367bcc1cfc31ce32050
klp-2-which-piece-of-equipment-is-not-needed-when-inserting-an-implant,6c5db6bc467e4a0dae28499441dd0f84
klp-2-which-methods-are-categorised-as-long-acting-reversible-contraceptives,68fb5e28070a44fcb06c48f1e1bc0190
klp-2-when-does-a-woman-not-qualify-to-get-an-iud,7f23816febc54e73988ab5ce41d93b2b
klp-2-when-can-a-women-get-an-implant,91a2764b99044ddca337aaf358f95a1a
klp-2-iucd-380-a,ec32588b39b34cfeb9702c2ca16862d1
klp-2-what-should-you-recommend-the-woman-to-look-out-for-following-iud-ius-insertion,03f7d919ed944f2fa72baa2946e75565
klp-2-emergency-contraceptive-pill,c850d29f063c4a6784063e60161551e0
klp-2-mpa-return-to-fertility,cdd076a99ce244089c3619c3ddf0e53c
klp-2-ppiucd-contraindication,1edb1c02cc5646dc997f75dd9b4cdb51
klp-2-which-surgical-procedures-can-be-used-to-perform-tubal-ligation,4bebebd6e9374d459faff02f11fd045f
klp-2-asking-woman-to-choose-right-contraception-for-her,c31327fb28954e29baefa81e87c52529
klp-2-what-pain-relief-should-be-administered-before-inserting-a-contraceptive-implant,57a6a25170b14578b5a3433dff9a4aea
klp-3-mec-categories,57229baba2bc4493a7c71678f32d5124
klp-3-interval-iucd-insertion,d92477e37b11431ca0a4ee6110743ed1
klp-3-contraceptive-method-which-lasts-longest,969b6a74b5d84cde9f9aa62d90f12eb7
klp-3-centchroman,40d80b598d4a4fddb051cceea2cc0182
klp-3-how-iucd-work,7153205d34434cf78af09cdae1e70478
klp-3-from-the-moment-after-performing-vasectomy-no-contraception-is-needed-to-avoid-pregnancy-true-or-false,bb930e3da3484248aaa70e96e73a6edb
klp-3-put-these-steps-of-the-non-touch-technique-while-inserting-an-iud-in-the-correct-order,db57799687964ac3948ebd3ad3bd8ec6
klp-3-implant-side-effect,9be0bf050d6344ba9041ccf5b79633db
klp-3-condom-benefits,5ac6beacf3dc4904baefb65ed336760f
klp-3-emergency-contraception,430d2fe6b3d746fd82d7a524a6c98e3f
klp-3-ppiucd-insertion,4a1c69a03e9e481fb17e8cc294054fa1
klp-3-what-is-the-medical-eligibility-criteria-wheel-used-for,2daaa83b117f4344af7689306d29cc7a
klp-1-how-many-antenatal-care-contacts-are-recommended-to-prevent-and-identify-complications,e0040559095848808e6ce0fb9b0deaa9
klp-1-which-of-the-following-are-true-in-relation-to-the-womans-antenatal-record,7083e126c9054464930b787b67586b45
klp-1-which-of-the-following-are-provided-as-a-part-of-respectful-maternity-care,324ab596102542b4aea75828d084f24d
klp-1-what-should-you-do-during-the-first-contact-in-pregnancy,f043d8510e3041a0b1273877c63931dd
klp-1-choose-the-tests-that-should-be-carried-out-for-all-pregnant-womean-during-the-first-contact,f478cdb81d0a452fb713bcc62cce2086
klp-1-identify-the-statement-that-describes-a-normal-foetal-palpation-at-34-weeks,3754145fdab948568efb1061ef3562a7
klp-2-which-of-the-following-statements-are-true-in-relation-to-calcium-supplementation-during-pregnancy,25c1bf562ae54cc797167bafba279631
klp-2-while-screening-a-pregnant-woman-for-pre-eclampsia-which-of-the-following-parameters-will-you-check,b8f6b27f400747c28bf837fd34fc3072
klp-2-a-woman-comes-for-the-anc-contact-with-shortness-of-breath-and-weakness-what-will-you-check-for,1c63d3a05d104828b436b300792b9f21
klp-2-name-the-drug-of-choice-for-tocolysis-in-threatened-preterm-labour,966ae8d02b4f4ae38ad751aa367ff310
klp-2-which-of-the-following-are-signs-of-pre-eclampsia,e5792f81992749f8b6811601d97549ed
klp-1-a-woman-with-urinary-tract-infection-usually-presents-with,a77e23f1cc79408f81c576615b69037e
klp-2-which-of-the-following-symptoms-indicate-complications-during-pregnancy,49ec7c0db8cb4a12b5ba4ad29e5a50a5
klp-3-what-is-true-about-the-foetal-heart-rate,d98d4f6742824abc8d37d98d54cc3d25
klp-3-which-of-the-following-indicate-a-normal-pregnancy,778153c178004beaa89ac72874d7f663
klp-2-what-are-the-signs-that-indicate-that-the-woman-is-going-into-labour,ac690933e2c844848357734dc3ab679e
klp-3-how-will-you-manage-a-woman-who-has-a-haemoglobin-concentration-of-100g-l,1209c5d9470149f9b22b73fc14e3e80f
klp-3-which-of-the-following-statements-are-true-in-relation-to-gestational-diabetes-mellitus,434a8651abed46a9ba5d4181edb14a58
klp-2-while-counselling-the-pregnant-woman-on-nutrition-and-lifestyle-modification-you-should-instruct-her-to,91d625f2b0f440659ff1a390ae1e8a1a
klp-2-how-much-weight-should-a-woman-with-a-bmi-of-27-gain-during-pregnancy,644f1b91df2f4f25a3191897fe58461b
klp-1-what-are-the-components-of-a-birth-and-emergency-plan,5fd288260db64f8cb6354bfa83936c9c
klp-2-when-a-pregnant-woman-complains-of-low-back-pain-and-pelvic-pain-what-should-you-recommend,003aa9110e3945ffb4563f92727434ec
klp-1-if-a-pregnant-woman-complains-of-constipation-what-will-be-your-response,81b7fec2282344cb8df88e487623ddad
klp-2-how-can-you-help-a-pregnant-woman-who-is-having-leg-cramps,482bd5ba98e046e5b6edc2a22a8fd944
klp-2-what-are-the-signs-that-indicate-that-a-woman-is-a-victim-of-gender-based-violence-or-intimate-partner-violence,6d9b1b9d194f4c6c95b42b57d3335628
klp-3-what-are-the-drugs-that-can-be-given-to-a-woman-with-suspected-preterm-labour-for-foetal-lung-maturity,dfd6c83684a445cfb6f714a6eaf2e488
klp-3-if-a-pregnant-woman-complains-of-pain-swelling-and-tenderness-in-one-calf-muscle-what-will-you-suspect,7a10129d704b46f9b22be0458f57b6a8
klp-1-before-performing-an-abdominal-examination-you-have-to,ecda67250d224ebe8257476b289597ca
klp-3-which-of-the-following-foetal-heart-readings-indicate-foetal-asphyxia,ff78e04191784896a3053754332f7ef1
klp-1-what-is-the-drug-of-choice-for-the-intermittent-preventive-treatment-of-malaria-in-endemic-areas,a2209a6efd9c4d71aca28bc67b70ab24
klp-3-how-can-you-identify-multiple-pregnancy-by-abdominal-examination,19f4df60d7d1498ebce7acad8a6cd726
klp-3-identify-the-statements-that-are-true-in-relation-to-preventive-anthelmintic-treatment-during-pregnancy,f337c919898146e4a8d67b1097e1a987
klp-3-a-pregnant-woman-comes-for-her-first-anc-contact-she-has-not-been-immunized-with-tetanus-toxoid-before-how-many-doses-should-be-given-during-pregnancy-and-at-what-interval,1ff1c36badda4052a028ecddf28255c5
klp-1-what-is-the-dose-of-iron-and-folic-acid-supplement-recommended-during-the-antenatal-period,79742e6902b74cd293248cc0de660deb
klp-3-what-are-the-complications-that-can-be-prevented-by-taking-iron-and-folic-acid-tablets,698b1b6e225e42f8b3da7fdaa39b6bba
klp-3-what-is-the-risk-that-may-occur-if-the-foetus-is-cephalic-and-the-head-is-not-engaged,3c14a09d5e404b749a590a4a0b1b30b2
klp-1-how-many-postnatal-care-visits-are-recommended,78be3bee552f47019861a76520e0a446
klp-1-when-is-the-woman-in-the-postnatal-period,91f8f647af6c42cdb097fd534a56526d
klp-1-which-statements-are-true-regarding-partner-involvement-in-postnatal-care,5b2349d0146d4b939f870d2ebaf47e53
klp-1-what-does-the-regular-assessments-of-the-mother-include-during-the-first-24-hours-after-birth,7ac541b75107405fb01e5e109dd9240c
klp-2-pnc-bleeding-after-birth,46238883439b447d95dd4b01f4567c32
klp-1-what-is-part-of-the-initial-postnatal-care-counselling,3f0a6543dc6d4c7eaa1dfe9ac067fe68
klp-3-for-how-long-should-the-postnatal-woman-be-recommended-to-take-iron-in-anaemia-risk-settings,a5a2fa945bd1438093b7ea6066b81d5b
klp-2-what-kind-of-pain-relief-can-you-offer-the-woman-postpartum-for-perineal-pain,15d21fa4297e491bb62f104f5dc83929
klp-2-what-are-the-signs-of-postpartum-uterine-infection,27a57115db5a4d01bab418b453673fc2
klp-2-what-are-the-signs-of-thromboembolism,9f2b3fd8c3c24318aa89877f50c85614
klp-2-dizziness-nausea-and-headache-three-days-postpartum,b2bdc9a9b6614685978f62dad2faf9b9
klp-3-what-statements-are-correct-regarding-disease-prevention-after-birth,e955cb8516174bb4970f5d66fb61619f
klp-1-upon-discharge-when-should-you-tell-the-mother-to-react-and-contact-you,fb8d21760c38448791970a9e24410b65
klp-1-newborn-feeding,b334cbd484eb489680357a4765ed5770
klp-2-which-of-the-following-statements-on-breastfeeding-are-true,04d9714fd3fe487fab5cb02a773676d5
klp-3-how-much-weight-should-the-newborn-gain-during-the-first-2-4-weeks,c3c3ff7aab4149b8a22ef25875424235
klp-3-mother-and-newborn-discharge-criteria,119d34e25e8b4803ab272d610195acc4
klp-2-newborn-cord-care,3bfff3591b8147fbb6f111082204cb11
klp-2-bring-newborn-to-healthcare-facility-immediately,a34f57dacc404d82b7d5fd6eef83dcc5
klp-1-what-is-the-normal-body-temperature-for-a-newborn,534e6c71f7ea4bdea0de2b8633e5a03b
klp-3-if-a-woman-experience-breast-engorgement-what-should-you-advise-her-to-do-to-prevent-mastitis,f5c1d054d4614ef886d1725ee9f1af0b
klp-3-newborns-first-bath,351689e63b594581af723467e5dd13de
klp-3-danger-signs-newborn,739f096cbc5a476d94d016515d8bba62
klp-1-what-indicates-postnatal-perineal-trauma-infection,b876a2f016134785a8e8372f7aa02f14
klp-2-what-is-true-about-postpartum-blues,290a22ade1444f759e06661a050f56b6
klp-3-postpartum-supplementation,0793925e0ec646edad958d4c5a294672
klp-2-what-is-important-to-ask-and-know-when-counselling-the-woman-on-postpartum-contraceptives,d4a4a0fbdc8b4f31a02d3a45f3e80954
klp-3-contraceptive-methods-and-breastfeeding,429192952d3b47d2a634dc98131b5650
klp-3-what-are-the-signs-of-an-effective-attachment-when-breastfeeding,48174fcda2a24dcc8fd65376ba05da84
klp-2-administration-of-vitamin-k1,365e395116214324a0407301db4e2a4a
klp-3-what-is-true-about-hiv-infection-and-breastfeeding,21192ea24302498d84ef4fe7cfdf626d
klp-1-what-should-you-advice-and-support-the-woman-to-do-within-the-first-24-hours-after-birth,e9dbc890db864c719f2b26273daf36fa
klp-1-what-questions-will-you-ask-a-postpartum-woman-during-the-routine-pnc-assessment,c27e22b116d8462fa8fdce421f932e1d
klp-3-postnatal-visits-lbw-newborn,252b61acbaf34ace85bdf9327676fbe4
klp-2-when-should-the-mother-alert-you-regarding-the-newborn-within-the-first-24-hours-of-birth,6dd826b1e9e94ecda5b2ce6d2a888cfd
klp-1-newborn-vomiting,e0e36339ce4e44c5a72a5c0549df86db
klp-1-gdm-is-an-excess-glucose-level-in-the-blood-with-onset-or-first-recognition-during-pregnancy-true-or-false,a09c129864b1460581428dedb62ac389
klp-2-when-can-we-say-that-the-woman-has-gdm,e1e490b1d9f94824904759ac6049e93c
klp-1-which-of-the-following-are-the-possible-maternal-complications-of-gdm,4b5a600f76424667a5fe520a430959e2
klp-2-which-of-the-following-is-a-possible-foetal-risk-of-gdm,a843d14e09984f9983cd9d0a59d59599
klp-3-which-of-the-following-statements-are-true-regarding-gestational-diabetes-mellitus,32354a99c2c144168f4f57dab8f358e8
klp-1-which-of-the-following-are-risk-factors-of-gdm,45045b78f74642e4a1ba7d1a8f48d874
klp-2-a-woman-with-a-family-history-of-diabetes-has-an-increased-risk-of-developing-gdm-during-her-pregnancy-true-or-false,db20b92c66704bbb9d885541597c9759
klp-1-what-is-the-recommended-test-for-diagnosis-of-gdm,709f2778193b4fc69df372868b30d193
klp-1-when-should-the-first-testing-for-diagnosis-of-gdm-be-done,8bb7fb511ccf49a8a991cb71763e8d7b
klp-2-when-should-the-second-test-for-diagnosis-of-gdm-be-done,77116eee7b814951ba9ec7dc5c499124
klp-3-which-of-the-following-is-true-regarding-screening-for-gdm,5490db80b99c49979ab4625468715790
klp-2-what-is-the-2-hour-blood-sugar-cut-off-value-for-the-diagnosis-of-gdm-using-the-ogtt,931878085cfe425888fc91fc9c5f1f2a
klp-2-which-of-the-following-statements-are-correct-in-relation-to-ogtt,70967392682344d388520a871b6757a0
klp-1-what-is-the-initial-management-of-a-woman-with-gdm,b0e2bcb93d59422d860d414b1b64806c
klp-3-after-2-weeks-of-mnt-and-physical-exercise-the-2-hr-ppbs-of-a-gdm-woman-is-115-mg-dl-what-will-be-your-recommendations-for-her,7b7f040927f448029f892dd72018b570
klp-3-a-pregnant-woman-weighs-69-kg-and-her-height-is-157-cm-under-which-category-does-she-fall-based-on-her-body-mass-index-bmi,ea3c79e37e2644c3ab5c8c7c865b6b32
klp-1-what-advice-should-be-given-to-the-woman-when-starting-her-on-medical-nutrition-therapy-select-all-that-is-appropriate,e063442921db44838292dfb5c18c4568
klp-2-for-a-pregnant-woman-how-many-additional-calories-are-required-during-the-second-and-third-trimester,7ecfc5136ed347418035683e4a0fe9b0
klp-1-which-is-the-first-drug-of-choice-for-the-management-of-gdm,b14455cb2e0d459db6f871748a96b570
klp-2-which-of-the-following-statements-are-true-in-relation-to-insulin-administration,674f79e7b12c48229f862d559aed3aec
klp-1-through-which-route-should-insulin-be-administered-daily-for-a-woman-with-gdm,2bab706679644d0eaf2bf389f23ccca8
klp-3-which-of-the-following-statements-are-true-regarding-metformin-use-for-control-of-blood-sugar,11d56f1896594289b00a6d67239bbdaf
klp-2-monitor-fasting-2-hour-post-prandial-blood-sugar-bi-weekly-if-the-woman-is-on-metformin-true-or-false,6f47ddf9b4314e69af261754fec0f71d
klp-2-which-of-the-following-statements-are-correct-regarding-antenatal-care-of-pregnant-woman-with-gdm,12395057e7854a1fb9605b64489d0986
klp-2-which-of-the-following-injection-sites-can-be-used-for-self-administration-of-insulin-injection-select-all-that-apply,8fa048419c05486b9c2dfaeedb56fc65
klp-3-which-of-the-following-are-an-indication-for-referral-of-the-woman-with-gdm-to-a-higher-centre,5b7e21c2e0ab40e992e1df3c9343cb68
klp-3-which-of-the-following-are-the-symptoms-of-hypoglycemia-in-a-woman-with-gdm,310f3bb666a44695ae679c4f93fda68f
klp-1-what-steps-should-be-taken-to-manage-hypoglycemia-in-a-gdm-woman,514490bc44ca456db42105446080274f
klp-3-when-will-you-diagnose-hypoglycemia-in-a-newborn-based-on-the-capillary-blood-glucose-level,3d2725149c604c77af61faf00988ea9d
klp-3-which-of-the-following-steps-should-be-taken-to-manage-hypoglycemia-in-a-newborn,cb57efb6d02441fa8a623e73b2d6ce40
klp-2-which-of-the-following-statements-are-false-regarding-care-of-a-newborn-of-a-woman-with-gdm,a379ab39bdd64470a0a92c981417b867
klp-3-which-of-the-following-are-signs-of-hypoglycemia-in-a-newborn-select-all-that-apply,29e0c651d2b04180918351b97aad0c03
klp-3-which-of-the-following-are-appropriate-in-relation-to-management-of-labour-and-delivery-of-a-woman-with-gdm,eea7f0ad264646ac93c238b068005823
klp-1-in-a-woman-with-gdm-maternal-blood-glucose-levels-usually-return-to-normal-after-delivery,f0ef48fddec64d1cba0f95930d649f8d
klp-1-which-of-the-following-test-is-recommended-for-after-delivery-of-a-woman-with-gdm-to-evaluate-her-glycaemic-status,124937338c2a41cda9326253329bb867
klp-3-if-a-woman-with-a-history-of-gdm-is-planning-her-next-pregnancy-what-should-be-her-desired-blood-sugar-level,47ff6ef310124cdd83bb51b0b44fc112
klp-2-post-exposure-prophylaxis,ec953e66e1bc4545b74761027b082513
klp-3-antibiotic-prophylaxis,16e910eb72634c54b2f78e6194b294ff
klp-2-infection-and-germs,3e94fbd836db4033a8bd2f35ff22af36
klp-2-healthcare-professionals-hands,24fcce80690848e6b4dbe436780bd24b
klp-1-prevent-infections,892e7aff3dd24dcca66bf1cfad96e946
klp-1-hand-hygiene-wash-and-alcohol,b2023bb6fed349fc9a0791e8910214fb
klp-2-handrub,8471cc11f85d4b93aa9e7ff971cc5f05
klp-3-injection-safety,d54d0f77628244489b1496dcba1f3c07
klp-2-five-steps-to-infection-prevention,4f3ffd64f1d14d6b98276ee3b5c89a67
klp-2-no-jewellery-on-hands,9bda92263c0b4ddf9543c0e812b9d7fc
klp-3-procedure-for-handwashing,2747bfba7275494e92fd23b8fee71ae6
klp-3-best-soap-for-handwashing,d9f6f4799557483594486980721925c0
klp-1-soap-wet-container,6f2de6906c0e4baea1196f39888bf50e
klp-2-towel,208dedd7d1ec4ee8b5acd7c91884d5b6
klp-1-decontamination-of-instruments,cfe18136ead54678818099a07283b3b5
klp-3-amount-of-handrub,0239d1e0a0b34339bda19085bc23f005
klp-3-sterilization,2cef7386f17f4901990a086ea9b56a4d
klp-2-prevention-of-respiratory-infections-in-waiting-areas,969dc650ca214a2e89da7d7d22fca1b9
klp-3-prevention-of-respiratory-infections-while-coughing,cd0be6a14fb942f29a7d61409a535b84
klp-2-handling-sterilized-items,1bc72195ee8c4df6a3b3900b31ddb2e6
klp-1-personal-protective-equipment,2a4dc633d6a946578b253f1f88fa3c0c
klp-3-gloves-for-birth,1cd159d277a74821b167086368dcac9d
klp-1-gloves-for-different-patients,5f9ec088c81348cdb3894831966fb693
klp-3-removing-gloves,82dbafa6e35e4b8ba71b5a25c405def2
klp-1-segregation-of-bio-medical-waste-yellow,bcb97a14883c42dca7b93a1f636f4a09
klp-1-segregation-of-bio-medical-waste-sharps,46db94cfa0074b2fa4d253aefb42a056
klp-1-time-for-sterilization,1c7e2dfb83094cd9a7d2379ef554ab0e
klp-2-spill-management,5da870583b194f7ba5efce336b2cd0fb
klp-2-chemical-sterilization,afbf9db964aa4534b7b055b4f4822dbe
klp-3-preparation-of-0-5-sodium-hypochlorite-solution,2979bb8ef4894417b57a3c4695d80c83
klp-1-cleaning-and-delivery-bed-ind,4bd956fc54c7424cb272ecdb49f26224
klp-2-spread-of-hiv-and-hep-b,ae1ca01ded154fb781b9105b5e802cb5
klp-3-hepatitis-b-prophylaxis,e9521423291840c18237668aa4719dfe
klp-1-recommended-vaccination,a8427ad5cf354505b9d5494d3ca9b276
klp-1-nevirapine-prophylaxis,3c949a2c0ece429bb16035f8206c3d7a
klp-3-when-hand-hygiene2,de36ac0eac604e738e3cda7684773e03
klp-2-unsafe-abortion-globally,24db1dbaaf1b46d8b9574b59f637f36b
klp-1-septic-abortion,b3456c4cb16f417786e0ad85d5597264
klp-1-complication-to-unsafe-abortion,c45d69f64e014e8da2c222e64c537577
klp-1-urine-test,1e1e4faccf554c8988afbf32c4f45c4a
klp-2-complication-to-abortion,f1aa2320c1cb4d31a24ee3ed3ec97512
klp-1-fever-and-septic-abortion,5951160c86344904b94cb9620278b439
klp-2-what-to-measure,b44ff612486346438a3671d256f63ef6
klp-1-signs-of-septic-abortion,b19e51bbf47c4320b7f9a276e02105cf
klp-3-suspect-lower-abdominal-tenderness,0ff85ac52b234b69b4c4ed27e557a002
klp-1-septic-abortion-can-be-fatal,c9bb3532c7684811b662785b9bdacadc
klp-2-most-important-action-at-septic-abortion,790b6c9acd8045d4b6756d4c723de449
klp-1-action-at-septic-abortion,ed41faccda6d4d538be58ba3b31d3cb8
klp-3-ab-and-evacuation-of-the-uterus,192fe38cceac405eb7e42c0a180ef281
klp-3-which-ab-to-give,f597399f67824131811df65c04511d9e
klp-1-urgent-management,fde0224fcecb4e36b925ced8ce26c4f8
klp-3-correct-order-of-actions,9d07e6114e4c4ab2a3d3bf4de8c82b09
klp-1-peritonitis,ef5b188480bf49aea8e2ef1346ab2182
klp-1-evacuation-of-the-uterus,a7204682b7a14857b9ea245c543b7fff
klp-3-manual-vacuum-aspiration,40255bac5f4147aba6b3a8231d042cee
klp-3-uterus-size-in-week-12,9549c156714b4a04b0e1387030e99252
klp-3-preparation-for-mva,4b09b4058aaf42b49c1b1c055d53818d
klp-3-analgesic-for-mva,27655ffd21044ee4916d1283d09837ae
klp-3-valves-closed,5544c03ff276450b8f2afce7eb8b0885
klp-2-vacuum-to-mva-syringe,05196eb6bed04ad09c2adfa17a6de4fe
klp-2-tenaculum,3626752dedd34f7f8f36365016237d8f
klp-2-dilate-the-cervix,668a99934d7c4a518faceca5fe45bc4a
klp-2-no-touch-technique,e7f9d1182a4a469a93a36ce681cd408b
klp-3-size-of-cannula-for-mva,e1e5580c80cd4cc88000d1ad0691d60a
klp-2-insert-of-the-cannula,16958ebecea7456ea9345b901680825c
klp-2-attachment-of-the-syringe,3f6d31ac67a14387aab0fdc2e07f7c0b
klp-2-rotate-and-move-cannula-back-and-forth,7f2e1a0a5b1342f29b78028a31d73222
klp-1-end-of-suctioning,c724e7c8c07b401ea3dab12ec8fcb634
klp-2-use-the-cannula-again,05bb6240be6d45edba231db8290ec231
klp-3-monitoring-after-mva,84276ed464674628b1e8eca2f9b8033e
klp-3-counselling,f1913a2988674fd89ffe3ddf3c8d54b7
klp-1-advise-before-dismission,16c27a245ab74131ac5d45f55283c03e
klp-1-severe-preeclampsia,0dea173aca3d422aae9d62974d653b72
klp-2-gestational-hypertension,d0f9ac5b3c9f468f818b6ae4bdc05fba
klp-2-preeclampsia,8a1114241f354a788384afd650cf83e2
klp-1-severely-elevated-blood-pressure,fbead7f1cdaf449585742ccc1637a798
klp-1-severe-headache-and-visual-disturbance,41b8aa40c4a2410eaa7b910b67067556
klp-1-visual-disturbances-like-silver-lights-or-blurry-vision-eyes,ef20b96e64a5423f956dd2fb764b9476
klp-1-upper-abdominal-pain-from-the-liver,de3a02cf412e43e290716731dea262b5
klp-3-cause-of-oliguria,6a9091b8dee54d618811f5851a424efc
klp-2-eclampsia,a42466bd6b904712a41622a37d78e11d
klp-2-eclampsia-normal-blood-pressure,b36db006f1434c7e8e7d7c5dd8d7054c
klp-1-causes-of-pre-eclampsia,7c05b86a9a054b4593430481e464f4be
klp-3-anc-blood-pressure,4e34da396ea04241984245435793dfc3
klp-3-confirm-bp,ddd3f40e0d4d4b29a687e8644c28c31a
klp-1-keep-systolic-bp-below-160,d9b41e96afd44113aebfc87b949c8ab4
klp-3-labetalol,9725313a204b4610a031bc6b101797c6
klp-3-methyldopa,4a035ae9cec942f3b27c6cc3b171ef6a
klp-1-iv-medication,90c8798c28ee49c18bb61bd4bf447298
klp-3-hydralazine,2125e42cb0144be78daeeced7a6dcde4
klp-2-eclampsia-seizures,0b2d8635d5b947ac8917057be709d99d
klp-1-eclampsia-monitor-1-2-hour,dc8348ed06f84901b06dc14c333d53c8
klp-2-give-magnesium-sulphate,52c78b36eb6c4dc589c44f2c63d60abd
klp-2-toxicity,45422ff123904921a9f19fa875a060cf
klp-2-maintain-dose-magnesium-sulphate,eb8ed663e85f4c11a046dac8876eb417
klp-3-refer-and-eclampsia,bbba1ed5c29d4237999c29751410c0ae
klp-3-lung-maturity,abb4b042aac54e8194afc4aa1a0ba914
klp-2-proteinuria,5b7d5ed5233b4dae8b85fa8d60ed686b
klp-2-cure-of-pre-eclampsia,121c632e18f34bc2b779704fa1bdeae9
klp-3-action-eclampsia,346dcde3d5a34fc49faef7e1f5465547
klp-3-fluid-overload,545e84863eeb4b7eab48233b91632657
klp-1-calcium-gluconate,85841b02d0174505b5c9947db5f76519
klp-1-antidote-administration,70f35a7ae8984052a9d20c1ce927642e
klp-3-dose-of-inj-labetalol,400e674162ac4bf890854665b46fe41e
klp-2-confirmed-elevated-bp,6a8a65930fe14fa49144f1af6f481f63
klp-2-we-start-antihypertensive-drugs,39eef54a11044daf926f2769f60a919a
klp-1-prevention-of-htn-during-pregnancy,ada20352757d486ca9593f2c9f8cae4b
klp-1-the-definition-of-a-normal-birth,8ceb40f7c03b4c8a852522117800e9a7
klp-2-a-child-born-in-week-36,160cd50d66ab44bab29fe26fb77daf03
klp-3-start-of-a-spontaneous-normal-birth,c6db8982221e4bdc893208bc215a7cf9
klp-1-what-is-respectful-care,1daf255a2d1d421c84ec2e21c0f2d44d
klp-2-fear-of-being-mistreated,24586f1f93744743a78e625de51a1bb6
klp-3-the-elements-of-true-respectful-care,789404add35544f3968a3b2501f40549
klp-1-the-first-thing-you-do,d17095298d2547d394bcc6524c7f5582
klp-2-what-kind-of-danger-signs-should-be-examined,a6f0ac50ae824beaa531925b6fa87446
klp-3-when-is-her-due-date,a7c6216f43ef4056bd5ad6e25a658051
klp-1-strong-contractions-5-6-minutes-apart,f677aa9b0e5b4b45940463b5476384c0
klp-2-abdominal-examination,3b2cf29b4f4c489499fe8ccabfb13d46
klp-3-when-performing-a-ve,1dabedbb028b4850bcc5dddb9faaf809
klp-1-good-contractions-with-3-minutes-apart,7a435083f81f42f295c4f6d739b59256
klp-2-the-documentation-on-the-partograph,15ea6f453df84d858e93510bb914fa1f
klp-1-help-the-woman-to-get-good-contractions,3d6e04d4bb9b403aab4f1d1af4971348
klp-2-when-the-woman-wants-to-stand-up,9650c56c98b648189e06e7e1cd3a34e0
klp-3-the-woman-cannot-eat-or-drink-during-labour-and-birth,fb1265803188441bbd4c556eccf2176d
klp-1-when-the-woman-is-in-an-upright-position,1734ab65d87c408b92308303169164a7
klp-2-to-be-on-all-fours-and-give-birth,dc8a1eac7bb94463984b823d0f953524
klp-3-non-pharmacological-pain-relief,dd478fe6239d43e3bbe99b41888c1b60
klp-1-the-woman-can-push-when,80b34ae40511465b9aba67b0cd1813cf
klp-2-what-needs-to-be-ready-for-the-birth,d5f124dc74694a77b23ed3ba944d1520
klp-3-what-should-you-do-during-the-second-stage,d1e089d47c7f455ba66cf8f062ed1fb1
klp-1-how-would-you-help-the-woman-to-push,6115bf55ad7a4dfd8bc5de7ac854bcf2
klp-2-the-woman-can-give-birth-in-any-position-she-wants,a8e11a7da1a749ac9966c3e99f2b387b
klp-3-what-kind-of-practices-should-not-be-performed,f54b8f3a975c4648ac2ce11bd07c754a
klp-1-before-the-babys-head-is-about-to-be-born,c808935e9d314a6ebdbeef0c6570db9c
klp-2-when-the-babys-head-is-crowning,c0f238b375d04f89869e243e5addc9ba
klp-3-after-the-head-is-born,5141f4b12ea448959fd6f7876f53d9e3
klp-1-the-order-of-the-four-steps-for-palpating-the-foetus,3b8902d764894bb0ae79f28bdc5379c1
klp-2-if-you-feel-a-lose-cord-around-the-neck,57e4674923404804b16ec80d4cf744d1
klp-3-when-the-baby-is-born-with-meconium-and-is-breathing,28583a47d18447899e33ea5cff221818
klp-2-what-do-you-do-when-the-baby-is-born,969ced12ec4044b5bf3f7ec6b5b00b88
klp-3-delivery-of-the-shoulders,0ea3ce0c8a624a6e84654d911e11ca2f
klp-3-first-component-to-be-plot,f3c5f45e7b2e45b0ad3fa4acde4723da
klp-1-partograph,bb9dd62846214240a528148275cd1f88
klp-2-active-management,d78bce063a5f4aad866cb7d81194ff76
klp-1-uterotonic-drug,e6aec43089444afcb6ea507e77067482
klp-1-oxytocin,cd70320e7a8d425182239769fb10aa03
klp-1-dose-of-oxytocin,698b2b1d2172420e8683b9218d618f08
klp-1-when-to-give-oxytocin,a3654c8ac2ac424aa7ce010b73078376
klp-3-storage-of-oxytocin,949e74bec296494ca002b17a5173ac23
klp-1-misoprostol,eac41bc6a709467aa6150cb3301ef49c
klp-1-heat-stable-carbetocin,991dbd12877b4b83b7c2903c8e8ffdbc
klp-1-when-to-assess-the-newborn,cbd06f547f724817b20ffad5def2f953
klp-2-thick-meconium,d2c22ae6bbc74a869d87f16facbb87d0
klp-1-suction-thick-meconium,d0e84b547e824efc986d6a9a37f5a1a0
klp-2-dry-of-the-baby,b88f48781d7644b292fb97a6691fa127
klp-3-warm-baby,ccaa73b243d44275b59cb9f599f408df
klp-1-newborn-not-breathing-well,32f0e46e28884081a74f4008ee1f023d
klp-2-stable-newborn,1453dbae005546178d6dc5a32bc92156
klp-3-clamp-umbilical-cord,5942117a278546e7962dd42386d54401
klp-2-cord-traction,af80cdc011fd40599a5cb4204d47e89e
klp-3-counter-pressure-pubic-bone,e3170a81fe214e97856b2929e69790c9
klp-3-rounded-uterus,2175f3041c9b473a9e2312e8d4c1d2e8
klp-3-push-for-the-placenta,2843705d59e5495b82e8d3c5dee6dd28
klp-1-check-uterus,adba6b7eaec444fba38f7455dff3241a
klp-2-measure-blood-loss,bfea68728c27496aa1b996043259805c
klp-1-examine-the-placenta,b942940e7a57498fa56dc509b47db761
klp-2-maternal-surface-of-placenta,8960232ec83940a2b38fdcf5d4bd7606
klp-2-no-unattended-mother-and-newborn,2c83f336945b45b68fbb3c72c2954f94
klp-3-skin-to-skin-contact,9cfac5f7fba1447c82e9308d189d9317
klp-1-check-mother-after-birth,ae73f7ea43d243349fb5a616524a45aa
klp-3-how-often-check-mother,cbe2b84231754bdcb4d07e8f720cd9f0
klp-3-how-often-check-newborn,6aae9200f1b149a78e269b0fd08bc27d
klp-2-check-the-newborn-after-birth,90e6e0c1738943659a0cff1b48f0b96e
klp-3-cord-monitor,74e8baeed49d41da98591a0c46238467
klp-2-apgar-score-and-vit-k,be5789f019654f2caff4a7423ed07780
klp-2-early-breastfeeding-newborn,27bfbc5261b0494c8f1d3b5506d68418
klp-3-early-breastfeeding-mother,6fd55d15f5fd41e586669320448c5ea9
klp-3-delivery-of-membranes,9b05c0f888d54467a58892af2a3ba643
klp-2-estimation-of-blood-loss,42d8057c584f4f739a4a8e12cfb2dd32
klp-1-complication-prolonged-mother,c79c0b3b7374464eb139b49bddfd24da
klp-1-complication-prolonged-infant,bcb2cd6b9ce1437d85ec6286545748f0
klp-2-causes,6ed8f7e8cf8c405795bb2619cd72ec13
klp-2-power,7ad3c3a894844d8d80e93ec614e8d6f5
klp-3-pelvis-passage,3fe01bf1e4064d70ba83583dbcd380f7
klp-3-small-pelvis,d156461058da420c961ec11449519dc4
klp-2-know-small-pelvis,49bb4128e0fa43b6bfcafa063a2e38de
klp-2-passenger,f75c235123884ac1ac72f6fc010ee9ca
klp-3-psyche,26a7a4ca345e46e9bff5c6ee86a57c50
klp-1-pushing,0a3c149203364eb0a49145abb4d471c0
klp-3-push-how-long,de91e9fbd40f443da7d1fef9cdc8f86e
klp-1-indication-for-vacuum,62b8d13814c94491839cebe6db0337df
klp-1-fhr,18ab8d52eaf9440696f1d19b233bf0e8
klp-2-fhr-and-contractions,fdcfcdd8648d4626a3746f7ab427050a
klp-3-prerequisites-for-vacuum,8dcbf1eb13fe4accb27cfba1d364ba15
klp-2-complications-to-vacuum-extraction,6b6d56fa009e48efbcd042b5199b4d41
klp-2-preparation-for-vacuum,651773e35c8e410ca281383840ddc07c
klp-1-give-up-vacuum,7222233b716043679be993089ecf859f
klp-3-incision,60259b560c9d40baa8f0df5e33c54b1a
klp-2-cephalic-occiput-posterior,3baeacc35547422a8e074e0919261d53
klp-3-more-comfortable,f56bb22a7bd6483abf95356d621b9e08
klp-3-prolonged-first-stage-latent-phase,acecb32471f440ed9e9986e42892930e
klp-3-contractions-causes-if-not-prolonged-latent-phase,31b5328cba174fadbd851f81a3d9fe24
klp-1-prolonged-first-stage-active-phase,05f2dcf670494f65bdb3831f5b231157
klp-2-progress-of-labour,ec6cc9161dcd4685af0500b381a32ff2
klp-1-partograph-with-dilatation-between-alert-and-action-line,04bcc320e7514a018b8a8915a83792d1
klp-2-cervical-dilatation,767fe4cf28f5417cb428bf844a8bab90
klp-1-immediate-delivery,4ebfd60fb5fc45ce85e03ae9ea9058fa
klp-1-head-above-the-pubic-bone,94e2b9c6dc094168b35ecb76df433f35
klp-3-posterior-fontanelle-where,b4475f6598fe4ef5a0d6eb6c33472691
klp-2-posterior-fontanelle,7f234dd1f9a54676bbcfab21cd630e78
klp-1-placing-the-cup,bc8decb8f499465e8148d9d4404b55f0
klp-1-check-for-maternal-tissue,68e6039fe30743709217616292bef1e8
klp-3-flexion-point,36f08153d15040b4a67518427ff25f3c
klp-3-intact-perineum,0be3c4ca35af4feb89aa275c10644c9b
klp-2-prolonged-second-stage,38226fd69e0441d3b26dde8d17bb7563
klp-2-prolonged-labour-indication,0e133d8a6d674f6da0bdd5805542b71b
klp-1-maternal-death,4ecf4de0e79b4c1ea9f7f6c932e7db4f
klp-1-common-cause-of-pph,b6d50d67413240c1b75bec1fc5082f73
klp-1-steps-of-immediate-management,e83fec5552da45bd9dc45b5df811d05a
klp-1-symptoms-for-pph,8d98294c2d154d52822e37f82d4b34a0
klp-1-aortic-compression,91d6fdaccabf4219adf6018d5607fe6c
klp-1-volume-replacement,898bc84bcb3a4c80b2f04d912681a377
klp-3-immediate-management,37811e85e859460fa46c4e47adead76b
klp-3-uterine-massage-immediate-management,b754b04f96bf429798534eb5560ea113
klp-2-oxytocin-dose,3c2ed2b46fb94ddf8082c4f50705c84e
klp-1-uterotonics,248c2f870f7341eca69fcb3749bd0437
klp-1-uncontrolled-bleeding,5413e100280043f583b0ecd4475866ac
klp-1-bimanual-compression-aortic-compression,416c039751fc42bca8483d1b468732c2
klp-2-bimanual-compression-procedure,6ca3942ca9364426b896613c1d8c5468
klp-2-aorta-compression-procedure,1f85b5a48bc64150a1df1f3c0e7e89e5
klp-3-pph-drugs,f0c26c0b40ac41f882a25a335f1772be
klp-3-ergometrine,8f35db7b77b743609ea7fc2210f5547c
klp-1-first-degree-tear,e78bea8a8d0f41f6bab50386c0f8671e
klp-2-bleeding-from-a-vaginal-tear,68178dfed843401995be82a8a7dd852b
klp-2-always-do-a-rectal-exploration,201848ec039844ddbc7893d2852cafd9
klp-2-placental-tissue-missing,637bdfb78d3b43b3873c6fbe471b7631
klp-2-ubt,636bc1bac2c344d29566af478a9c2140
klp-3-removal-of-tissue-list-the-actions-in-correct-order,a4200e7f1a7f41109e76dde6910537cd
klp-3-when-to-measure-hemoglobin,8c511072e6ad46f9940015399742a64d
klp-2-ifa-dose-in-postpartum,98fbfff790754b6da8802995b7185242
klp-3-tear-management,e5be87dcc6ba4049a01c48fdf770409a
klp-3-causes-of-pph,4cae99aa040f42adafbf54fe1581b673
klp-2-correct-position-pph,263c9571e2d1404c820c656c95640446
klp-2-ubt-deflation,bc000d252016447ba977e463b19f6fe3
klp-3-ubt-insertion,bf9c9efb9d454109a7591366ea1a88be
klp-3-pph-definition,da843a23e1e340dcb87946799d600505
klp-1-referral-pph,3de22bae628e410ca3fab834dc3f13bd
klp-2-types-of-pph,ede716ed8c78416fb6f049fad2e48d2f
klp-1-how-aorta-compression,08b5abd65f2f462392a97fa1dcfbddb2
klp-3-vital-signs-monitoring-pph,a82fbacebe964daa9dfb9716ebac83c0
klp-2-carbetocin,abf97c350ccb4006ae6fae1ce73968b0
klp-1-mother-in-shock,399a7f9863494efbb9e4502266334231
klp-1-time-before-placenta-is-born,c11eb37717c64ac28da9e552a0567845
klp-1-remove-manually,f1ea2ab83e2e4a9cb9d48d6b8f5f6bac
klp-1-life-threatening,a586763f597b442f8ae37de6b9d94755
klp-1-overall-action,d980013c8e17459e8eed9b54ba8d22df
klp-2-maintain-compression,f3e8921813b244edb471bcff083fd0ee
klp-3-iv-fluid,490214feeec6403dad81ff8b406fbd7d
klp-3-fluid-gives-fast,e8d166b6fbeb4042836ed867b80886c4
klp-3-blood-transfusion,6df2f8bf97dc4344ac6a110b15e633ff
klp-3-gloves-and-manual-removal-of-placenta,8ff03b3d635249ed8f76e47e5d4b9752
klp-1-right-order-for-removal-of-placenta,dff8da847a0040089333d11268b8b617
klp-1-the-overall-action-to-control-pph,46cccaf1e18d4fa682085891c55b570a
klp-3-condom-balloon-tamponade,6ae7c7b8d7794d8cb987968dcc8f9da0
klp-2-day-after-recommendations,a21e91b5b3e44677b23369990585be79
klp-1-refer-manual-removal,6c96681f5cbb45ac89923c59061000d0
klp-1-manual-removal-bemonc,7bdcff31fbf14a28be914da58aa69f9c
klp-2-when-manual-removal,56881ed5fc3d40598b2b9767911a111f
klp-3-heavy-bleeding,5bff42f0eb5d4395867216af7fb3d545
klp-2-excessive-bleeding,560a2a67b2e3466291c1d9d449eae044
klp-2-stop-bleeding-retained-placenta,e52e65b662324370bfb67fb18a1a67ad
klp-3-resuscitation,8c48904887454483bc7473f235bff28d
klp-3-how-to-manually-remove-the-placenta,dc2868bc62ee4ea9951f5ae640641f2b
klp-1-repeat-intrauterine-palpation,c6ed64e6ae0f4449ba8f44cf4dca2652
klp-3-after-removal-of-placenta,d14706468c574b18a533aaea7c7bd604
klp-1-action-right-after-removal-of-placenta,546db5f818b74d5fba20f0c95d303811
klp-1-blood-inside-uterus-in,cce68ed2b9894effae5957f4637a7d44
klp-3-broad-spectrum-antibiotics,ddcd501c1e12464a81af483b0d5745f2
klp-1-removal-of-placenta,0874766c20234c38bc5dce4b71454975
klp-3-tranexamic-acid,8c84bba230534c2e86f1fcfe27283299
klp-2-uterine-balloon-tamponade-ubt,7bec80b783d940ebad124d1b12a4be8d
klp-2-where-to-perform-mrp,8e111f31574c4ae38ed9104487dd0277
klp-2-how-to-manually-remove-the-placenta,200a97fa094246fcaf5b5f54e863de1d
klp-2-drug-after-removal-of-placenta-new,9a3447bdf6b14108b6ee0d3f937383e5
klp-3-adequate-aorta-compression,75bd1dd7cc834f8c86ac89814d93ab19
klp-2-anaesthesia,d0c97e7f1f0748bfbdf4ead6fdd85f61
klp-2-aorta-compression-and-manual-removal,0c172b7d46c147519063282a157f4611
klp-2-referral-mrp,6674ce39d5684ef7be813786fa1b88da
klp-1-meaning-of-sepsis,e90ceef94c394cb2b59b922c8ca1300e
klp-1-diagnose-sepsis,a4cd198cdad04fab86c116042d89d703
klp-1-septic-shock,73cbba314a2f492ab3045049d787637f
klp-1-vital-signs,1717082429fa4bcc859e02f2e97fd9a4
klp-2-importance-of-fluid-management,5d76fdfe02174765a80e8b174ec2e846
klp-2-chorioamnionitis-signs-and-symptoms,c9d7cfee7ce4483e803b90414457dfb0
klp-2-fluid-balance-be-calculated,9613c0d86d5f4afcb85b19b149d7d2c7
klp-2-fluid-balance-be,a28f553f4db44c5aa2b92f5f025ca066
klp-2-in-case-of-a-septic-shock-it-should-be-calculated-each-hour,63653ca8ee764a11825ee9de1f7b666a
klp-2-complications-to-sepsis,26192c1b0db849feaf54503e75b1d6b7
klp-1-initial-management,f1cf1c05eb694fe8b22f18b29365dd06
klp-2-circulation,14939980405c4060ba323a8b98b22d80
klp-3-drugs,1f97c6d984fb45a180c730a835e341f8
klp-3-ampicillin-sepsis,0fa8474886914bde84b90cd945781c9a
klp-3-gentamicin,c04f63cb73564da2ba4ca6354dd9afa4
klp-3-metronidazole,f0e552858d614089a7712accb2c469f1
klp-3-diagnosis-for-respiratory-distress,6a3ce5fc2ebe4486add04c147926b939
klp-3-oxygen-administration,84d94c768350459580da11a4ecf5f721
klp-3-referral-slip-details,5d22b7a91352409e8eee9ef0db1e19f7
klp-2-malaria,0ec74ea5537d46459337f01a33578faf
klp-3-malaria-drugs,f97537d54fc944f5a0c08dfe6152f94d
klp-3-artesunate,156c1bff79f74977901cec3e9457259f
klp-3-quinine,20ed86b2e1654fe6b1bab4dac0a48e91
klp-3-dosage-artesunate,261e722c7d5848a0be2f99a550ad5464
klp-3-dosage-quinine,813e93b594be45b4982aa913704670cf
klp-1-the-6-ws,ef07e1b998f347399caa36d3770d3e0d
klp-1-art-regimen,ded5f80a7efe476d9a954f5112878c3d
klp-2-chorioamnionitis,5267c13faf4c40d5a14e1cdb446dec02
klp-2-endometritis,32144b9885304c3f87812441e2d479d8
klp-1-treatment-for-chorioamnionitis,6bbd70e3034b44fbba78b993d6dc0f47
klp-1-treatment-for-endometritis,069373d2434e452cb08aad6d67195f57
klp-2-endometritis-and-no-effect-of-ab,7c89d3a5d9044a3f8627666997ac41a8
klp-1-mastitis,ff0e1a733618467a8e85ce0594f62f21
klp-1-breast-abscess,01f40e6f3ec541acbb3fad64c3260f62
klp-1-wound-infections,9e315255070443aab383575a07dd570c
klp-2-other-causes-of-infection,347452526e7d4ccd81f00eb22a1265ff
klp-1-adequate-breathing,68d9d39876144019aa71a802b7e3cdb7
klp-1-golden-minute,a5c85890a74c4ed6a7d9e355eac4e635
klp-1-assess-the-newborn-after-birth,b2736eb71467406ca834ca5c077e6b73
klp-2-skin-to-the-mother,ebb847ea84cc4808a88af7c968238ba4
klp-2-first-step,97b74511ea0242729fd03cc7a02b06d5
klp-2-meconium-suction,1ceb5ed5bbde451bb62dbc432997ba8b
klp-3-correct-order-suction,10016e175c564464840911d752b28a4e
klp-2-stimulation-the-newborn,37faf9dcdbbd48c1bd2b6d3c631c67f2
klp-2-newborn-is-not-breathing-well,47642fd0e1b84ea79dafa4749e337cd0
klp-1-when-to-resuscitate,6a2e4b2169e444e59014b32282b84ca9
klp-3-airway-call-for-help,18cdd1e67ea34762b0796a3c80a41ae1
klp-2-airway-position-of-head,733b129f179d4e009141cfeb35746506
klp-1-airway-position-of-mask,8716994da0864bc0b7c37fc577ebc92e
klp-1-airway-effective-ventilation,eb2f5e8869514d209a6c64febfe39d77
klp-2-number-of-inflation-breaths,b459506386744837a2711d3a8c1f9d98
klp-3-jaw-thrust,5e45e98affc44dddbd02772bda59c868
klp-2-if-no-chest-movements,eaf7183917a842afada8e7f1171755ce
klp-2-inflation-breaths,c4a383b03a284ffca24c163a20307184
klp-2-ventilation-breath,62b891534af64f129e7111c938c7511f
klp-1-not-breathing-well,064fc41c8abe465da9d37df89a0de56e
klp-1-continue-ventilation-breaths,e45e3236a4f04d50a8843a4f13aa1665
klp-1-most-important-ventilation-breaths,1aea0db3832c45b7a3441801fc1d96ef
klp-3-rhythm-ventilation-breaths,a2915dd7cf6d4b8c9fd034824c0ee528
klp-3-good-ventilation,6ad2c0d4795d4e609793a4f9ef367542
klp-3-breathing-assessment2,55432ba48dfb4399aaa9ecf4945eaa03
klp-1-breathing-assessment1,ef4c7052e7eb4a14aa5b7876f284cdbc
klp-1-breathing-assessment-continued,a472c1cd67fa43358167536bb83a9b6b
klp-3-action-if-breathing-well,4df7b2bf2eaa40bca39a4c7a76b14ebc
klp-3-nr-give-oxygen,5bb4c7b73eb045f098ee75241dea61a6
klp-2-when-to-stop,8594b90607344f8f9fd19b78722d8a6e
klp-3-resuscitation-stop-next,9bb6bf463f1a4fb19675bae967bae0ce
klp-1-skin-to-skin-and-breastfeeding,b773ef1c51654c59bbb36f6a761af97d
klp-3-monitoring,8551226df8844f4992b636c44fac56a1
klp-3-low-birth-weight-and-resuscitation,54250edafb594682b06721f5c672b6d1
klp-3-challenge-low-birth-weight,bf75f434e8374c528c3c93046d6515be
klp-2-successful-inflation-breaths,3329705470f44e0a89401bf8ecc97425
klp-1-dosages-antibiotics,8d0cb71afd194712be2cd0c0cfe560dd
klp-1-dosage-ampicillin-and-gentamicin,f3d70de35b3049db85c90e20df4e9bcb
klp-1-emergency-signs-newborn,bd997d235e734f4c87b381abd1a67774
klp-1-approach-assessment-of-newborn,29e69a99e14042eca82f39f418cd69b1
klp-1-unconscious-newborn,1bc29d4dc7764e678decedaf8b9da499
klp-1-airway-management,9aacd4bb1ada48e08201851d07265427
klp-1-breathing-emergency-signs,a57d6cc923b74721b4a587724b8d6ea1
klp-1-low-respiratory-rate,61827ffdbbac4578a2fc95dbd92cef9d
klp-1-grunting,92fcfd69ab1248b6985d8ad4b7548c8b
klp-1-apnoea,d9e85bf614e04287b0646af9c0a56988
klp-1-signs-of-shock,3a8304b7ea9f46ef83f8429aa33bf4ac
klp-1-emergency-signs-newborn,bd997d235e734f4c87b381abd1a67774
klp-2-hypothermia,8dfd65c76c114c8f9368690711f4a571
klp-2-emergency-management,5ea14290975544a38aad7ef6d879a424
klp-2-emergency-sign-2-week-old-baby,2d91d3e90c2543cf9904abba1cc6dd97
klp-2-obstructed-airway,de3dc52b0e004311904fa2947f04be61
klp-2-difficulty-breathing,1bbca564a09c4d87872e65d778045079
klp-2-drowsy-and-unconscious,780c5bf27ed743a191b014523a5dc3a3
klp-2-low-blood-sugar-treatment,75ac40d7c18349b69e2b67f1cf0c761b
klp-2-convulsions,c4d68ba6acb14cf3ba38337ce2ee8ff3
klp-2-phenorbabital,e2475fe0208b492db3903ee7f979260a
klp-2-low-temperature,c325d5dd0b0a4a70aec382186ee80b49
klp-2-severe-infection,61a0bb49aa22451ea1bed28db9b0addc
klp-2-newborn-no-improvement,f1135596699343b28f0630dc546472f4
klp-3-risk-of-low-blood-sugar,eeca1563c6f24df6ae22549bd88ed480
klp-3-referral,4754ef5c06e94d6e9c5e57811f058710
klp-3-bed-side-diagnostics,ac83cd2d3380481c95de8f185af19dff
klp-3-safe-oxygen-level,778d5f85cafc4628ade3e0ae4d11fcac
klp-3-transportation,c5fc90683a0749b3a4960ca5f5751c4b
klp-3-referral-not-possible,dfc19ae9c55b447590adba8c0c76d25b
klp-3-functions-nbsu,2a72ab47832347c28964bf197585a40f
klp-3-prevention-respiratory-distress,0aaa1715418744c5a5e1c65e326b5c88
klp-3-administration-of-phenobarbital,0bdcc9d3478a46398fca40dc7f4f236d
klp-3-temperature-management,6e92bdee7aec46c18ba9c5dbb9634974
klp-3-nbsu-bed-side-diagnostics,c1ad7193a1e343dea5f4557a845d7592
klp-3-what-are-emergency-signs,47352e8b627f4705992c4dbb98156459
klp-2-definition-of-low-birthweight,c9b95a1868df435eaa74f5a12c0307db
klp-1-preterm-presentation,4b4d8ccac7704cc09592a207563b196c
klp-1-initial-care-of-the-low-birth-weight,90ddd255c77d4fb7841dab4be9781ebc
klp-1-what-is-kangaroo-mother-care,9490aa23909743cdb39faf7113edc537
klp-2-how-to-kangaroo-mother-care,10bb8e62feac417199621ad21b9d33f6
klp-3-discharge,77f3df5c79ea433890f8c1b11cde8cea
klp-2-feeding,9663e66beb5942e8a11c498ca2695a5f
klp-3-unable-to-suck,15f3209906e744e8a2a53f177c63172a
klp-1-feeding-schedule,c124199fe00946f78a45b6fcf13b3901
klp-1-non-responsive-newborn,6bff0317c4bc4ee2b1d649686d04d112
klp-2-breathing,88fb3f76edea4de0b26e24ca446ac0aa
klp-1-rds-symptoms,8427e0bd133046f993d1187fbca519c2
klp-2-rds-management,3d356835aa6149fe8a07a9260a9533a4
klp-3-cpap,06a36adca96c469dbd343b61a2b5faf4
klp-1-rds-ab,43c8eb7903244690bf00ae0145673e09
klp-2-oxygen-therapy,c48181bcc732401fa306ae7b95c63cf4
klp-3-oxygen-saturation,200e1bb138e34335a301c7a1f488269e
klp-2-oxygen-indication,4c3c529c827d49c6a28b97258c4976ff
klp-1-grunting,92fcfd69ab1248b6985d8ad4b7548c8b
klp-3-apnea-prevention,a7c2395e83884ecca400b2dcec9b01ab
klp-3-stable-newborn-management,b01c92da28ac4270a4fac681dfb5ab72
klp-3-jaundice,b9f49ce2fced419aa611596b593b3652
klp-2-severe-jaundice,9a911606b428423a8b292d185fc38db1
klp-3-severe-jaundice-jaundice-treatment,fac662155b39473dbdc1c1cd3d051c84
klp-1-vomits,22fe3a261e8d41d39d81e180a82b4922
klp-2-necrotizing-enterocolitis,f4db78ec27c34b7ebc53bfa28681406a
klp-3-necrotizing-enterocolitis-management,7dc9fb2df4d74cbe838f3bbded44a703
klp-1-lbw-infection,cb133d441e3446fa83e0e1aec5467a6a
klp-3-lbw-infection-treatment,9502fb42d1e04d7bacf5402632e1fb57
klp-2-severe-infection,61a0bb49aa22451ea1bed28db9b0addc
klp-1-referral-indications,09c99c4caf8543ae834cceb32fca3b6c
klp-2-referral-safety-rules,2e14fb340f7344c2a0f86c8b28fd0c03
klp-2-referral-warmth,6a940af4f2f944b2badcc32788483c23
klp-3-referral-no-option,9af2dc9bd2c74fc690fe02d49af47667
klp-1-respectful-care,29753214ae1949c19a75b3f33fedc0d0
klp-3-necrotizing-enterocolitis-antibiotics,afd12dc05b544535bf8bf6e707b02194
klp-1-which-statements-are-true-regarding-partner-involvement-in-postnatal-care,5b2349d0146d4b939f870d2ebaf47e53
klp-1-what-does-the-regular-assessments-of-the-mother-include-during-the-first-24-hours-after-birth,7ac541b75107405fb01e5e109dd9240c
klp-2-pnc-bleeding-after-birth,46238883439b447d95dd4b01f4567c32
klp-1-what-is-part-of-the-initial-postnatal-care-counselling,3f0a6543dc6d4c7eaa1dfe9ac067fe68
klp-3-for-how-long-should-the-postnatal-woman-be-recommended-to-take-iron-in-anaemia-risk-settings,a5a2fa945bd1438093b7ea6066b81d5b
klp-2-what-kind-of-pain-relief-can-you-offer-the-woman-postpartum-for-perineal-pain,15d21fa4297e491bb62f104f5dc83929
klp-2-dizziness-nausea-and-headache-three-days-postpartum,b2bdc9a9b6614685978f62dad2faf9b9
klp-1-upon-discharge-when-should-you-tell-the-mother-to-react-and-contact-you,fb8d21760c38448791970a9e24410b65
klp-2-which-of-the-following-statements-on-breastfeeding-are-true,04d9714fd3fe487fab5cb02a773676d5
klp-3-how-much-weight-should-the-newborn-gain-during-the-first-2-4-weeks,c3c3ff7aab4149b8a22ef25875424235
klp-3-what-is-true-regarding-newborn-weight-monitoring,d5acbe1852dd4fe7b1a3078190735ef4
klp-2-what-is-true-about-yellowing-of-the-skin-jaundice-in-the-newborn,386c9d0c5590461bbe793f2d17fc7873
klp-1-what-is-the-normal-body-temperature-for-a-newborn,534e6c71f7ea4bdea0de2b8633e5a03b
klp-3-if-a-woman-experience-breast-engorgement-what-should-you-advise-her-to-do-to-prevent-mastitis,f5c1d054d4614ef886d1725ee9f1af0b
klp-3-which-statement-about-breastfeeding-is-false,1e234ae82ca141368602ca6025b1fae7
klp-3-what-can-be-the-cause-of-sore-and-cracked-nipples,9f12009586564b31ad08eedca5126877
klp-2-what-is-true-about-postpartum-blues,290a22ade1444f759e06661a050f56b6
klp-3-how-would-you-treat-anaemia-postpartum,0260f47570ac4b14a19a4a44504d3976
klp-2-what-is-the-correct-order-for-how-to-treat-an-eye-infection-in-the-newborn,6011508de914478a95c11b1aa1c2c47a
klp-1-what-should-you-advice-and-support-the-woman-to-do-within-the-first-24-hours-after-birth,e9dbc890db864c719f2b26273daf36fa
klp-1-what-questions-will-you-ask-a-postpartum-woman-during-the-routine-pnc-assessment,c27e22b116d8462fa8fdce421f932e1d
klp-3-what-is-false-about-safe-sleep-for-the-newborn,10979a66b44a42108db9c5e8df45ea9b
klp-1-what-should-you-do-during-the-first-contact-in-pregnancy,f043d8510e3041a0b1273877c63931dd
klp-2-which-of-the-following-statements-are-true-in-relation-to-calcium-supplementation-during-pregnancy,25c1bf562ae54cc797167bafba279631
klp-2-while-screening-a-pregnant-woman-for-pre-eclampsia-which-of-the-following-parameters-will-you-check,b8f6b27f400747c28bf837fd34fc3072
klp-1-a-woman-with-urinary-tract-infection-usually-presents-with,a77e23f1cc79408f81c576615b69037e
klp-2-while-counselling-the-pregnant-woman-on-nutrition-and-lifestyle-modification-you-should-instruct-her-to,91d625f2b0f440659ff1a390ae1e8a1a
klp-1-what-are-the-components-of-a-birth-and-emergency-plan,5fd288260db64f8cb6354bfa83936c9c
klp-2-when-a-pregnant-woman-complains-of-low-back-pain-and-pelvic-pain-what-should-you-recommend,003aa9110e3945ffb4563f92727434ec
klp-3-identify-the-statements-that-are-true-in-relation-to-preventive-anthelmintic-treatment-during-pregnancy,f337c919898146e4a8d67b1097e1a987
klp-1-what-is-the-dose-of-iron-and-folic-acid-supplement-recommended-during-the-antenatal-period,79742e6902b74cd293248cc0de660deb
klp-3-what-are-the-complications-that-can-be-prevented-by-taking-iron-and-folic-acid-tablets,698b1b6e225e42f8b3da7fdaa39b6bba
klp-1-short-acting-contraceptives-can-only-be-used-over-short-periods-of-time-true-or-false,3084a48a86334b57975b000331fd9182
klp-1-the-procedure-of-inserting-an-implant-must-be-aseptic-true-or-false,591da3249fcb4bc5b048c5efd2201c6f
klp-1-after-inserting-the-iud-ius-at-what-length-should-you-cut-the-strings,591216f551a044e594c210c374eb1bfa
klp-1-what-type-of-checks-need-to-be-done-before-inserting-an-intrauterine-device-iud-ius,8c0496b907d54367bcc1cfc31ce32050
klp-2-when-a-women-comes-back-for-routine-follow-up-after-inserting-iud-it-is-always-required-to-perform-a-pelvic-examination-true-or-false,a40bed4ff3b04bb39979874ad1f3aec6
klp-2-what-is-important-for-you-to-ask-the-woman-about-to-help-her-choose-the-right-contraception-for-her,4857292da81f41598b05c4d1348ecc40
klp-2-what-pain-relief-should-be-administered-before-inserting-a-contraceptive-implant,57a6a25170b14578b5a3433dff9a4aea
klp-3-which-of-the-following-contraceptive-methods-do-not-have-any-delay-in-fertility-after-stopping-removing-it,d5c9b17f65ac47e99dc1d44e3d5fe3c7
klp-3-put-these-steps-of-the-non-touch-technique-while-inserting-an-iud-in-the-correct-order,db57799687964ac3948ebd3ad3bd8ec6
klp-3-when-can-a-woman-take-an-emergency-contraceptive-pill,a64ac468843348bda01fa3140b1c157d
klp-3-what-is-the-medical-eligibility-criteria-wheel-used-for,2daaa83b117f4344af7689306d29cc7a
klp-1-recommended-vaccination,a8427ad5cf354505b9d5494d3ca9b276
klp-1-the-definition-of-a-normal-birth,8ceb40f7c03b4c8a852522117800e9a7
klp-3-start-of-a-spontaneous-normal-birth,c6db8982221e4bdc893208bc215a7cf9
klp-1-what-is-respectful-care,1daf255a2d1d421c84ec2e21c0f2d44d
klp-2-fear-of-being-mistreated,24586f1f93744743a78e625de51a1bb6
klp-3-the-elements-of-true-respectful-care,789404add35544f3968a3b2501f40549
klp-2-what-kind-of-danger-signs-should-be-examined,a6f0ac50ae824beaa531925b6fa87446
klp-3-when-is-her-due-date,a7c6216f43ef4056bd5ad6e25a658051
klp-1-strong-contractions-5-6-minutes-apart,f677aa9b0e5b4b45940463b5476384c0
klp-3-when-performing-a-ve,1dabedbb028b4850bcc5dddb9faaf809
klp-1-good-contractions-with-3-minutes-apart,7a435083f81f42f295c4f6d739b59256
klp-2-the-documentation-on-the-partograph,15ea6f453df84d858e93510bb914fa1f
klp-3-the-labour-has-lasted-12-hours,37c08c901d1945b49e446f0bcba889bb
klp-1-help-the-woman-to-get-good-contractions,3d6e04d4bb9b403aab4f1d1af4971348
klp-2-when-the-woman-wants-to-stand-up,9650c56c98b648189e06e7e1cd3a34e0
klp-1-when-the-woman-is-in-an-upright-position,1734ab65d87c408b92308303169164a7
klp-3-non-pharmacological-pain-relief,dd478fe6239d43e3bbe99b41888c1b60
klp-1-the-woman-can-push-when,80b34ae40511465b9aba67b0cd1813cf
klp-3-what-should-you-do-during-the-second-stage,d1e089d47c7f455ba66cf8f062ed1fb1
klp-1-how-would-you-help-the-woman-to-push,6115bf55ad7a4dfd8bc5de7ac854bcf2
klp-3-what-kind-of-practices-should-not-be-performed,f54b8f3a975c4648ac2ce11bd07c754a
klp-2-when-the-babys-head-is-crowning,c0f238b375d04f89869e243e5addc9ba
klp-3-after-the-head-is-born,5141f4b12ea448959fd6f7876f53d9e3
klp-1-the-order-of-the-four-steps-for-palpating-the-foetus,3b8902d764894bb0ae79f28bdc5379c1
klp-2-if-you-feel-a-lose-cord-around-the-neck,57e4674923404804b16ec80d4cf744d1
klp-2-what-do-you-do-when-the-baby-is-born,969ced12ec4044b5bf3f7ec6b5b00b88
klp-1-uterotonic-drug,e6aec43089444afcb6ea507e77067482
klp-1-when-to-give-oxytocin,a3654c8ac2ac424aa7ce010b73078376
klp-1-misoprostol,eac41bc6a709467aa6150cb3301ef49c
klp-1-heat-stable-carbetocin,991dbd12877b4b83b7c2903c8e8ffdbc
klp-2-cord-traction,af80cdc011fd40599a5cb4204d47e89e
klp-3-cord-monitor,74e8baeed49d41da98591a0c46238467
klp-2-apgar-score-and-vit-k,be5789f019654f2caff4a7423ed07780
klp-1-complication-prolonged-mother,c79c0b3b7374464eb139b49bddfd24da
klp-1-complication-prolonged-infant,bcb2cd6b9ce1437d85ec6286545748f0
klp-2-causes,6ed8f7e8cf8c405795bb2619cd72ec13
klp-2-power,7ad3c3a894844d8d80e93ec614e8d6f5
klp-3-pelvis-passage,3fe01bf1e4064d70ba83583dbcd380f7
klp-3-small-pelvis,d156461058da420c961ec11449519dc4
klp-2-know-small-pelvis,49bb4128e0fa43b6bfcafa063a2e38de
klp-3-psyche,26a7a4ca345e46e9bff5c6ee86a57c50
klp-1-pushing,0a3c149203364eb0a49145abb4d471c0
klp-3-push-how-long,de91e9fbd40f443da7d1fef9cdc8f86e
klp-1-indication-for-vacuum,62b8d13814c94491839cebe6db0337df
klp-2-fhr-and-contractions,fdcfcdd8648d4626a3746f7ab427050a
klp-3-prerequisites-for-vacuum,8dcbf1eb13fe4accb27cfba1d364ba15
klp-2-complications-to-vacuum-extraction,6b6d56fa009e48efbcd042b5199b4d41
klp-2-preparation-for-vacuum,651773e35c8e410ca281383840ddc07c
klp-1-give-up-vacuum,7222233b716043679be993089ecf859f
klp-3-more-comfortable,f56bb22a7bd6483abf95356d621b9e08
klp-3-prolonged-first-stage-latent-phase,acecb32471f440ed9e9986e42892930e
klp-1-prolonged-first-stage-active-phase,05f2dcf670494f65bdb3831f5b231157
klp-2-progress-of-labour,ec6cc9161dcd4685af0500b381a32ff2
klp-1-partograph-with-dilatation-between-alert-and-action-line,04bcc320e7514a018b8a8915a83792d1
klp-2-cervical-dilatation,767fe4cf28f5417cb428bf844a8bab90
klp-1-immediate-delivery,4ebfd60fb5fc45ce85e03ae9ea9058fa
klp-1-head-above-the-pubic-bone,94e2b9c6dc094168b35ecb76df433f35
klp-2-posterior-fontanelle,7f234dd1f9a54676bbcfab21cd630e78
klp-1-placing-the-cup,bc8decb8f499465e8148d9d4404b55f0
klp-1-check-for-maternal-tissue,68e6039fe30743709217616292bef1e8
klp-3-flexion-point,36f08153d15040b4a67518427ff25f3c
klp-2-prolonged-second-stage,38226fd69e0441d3b26dde8d17bb7563
klp-1-call-for-help-then-stop-the-bleeding,0e084e287cea4a17907071a8832b99c7
klp-3-7-pph-moderate-bleeding,b491751749f54b70bf4158c434fb11f3
klp-1-time-before-placenta-is-born,c11eb37717c64ac28da9e552a0567845
klp-1-overall-action,d980013c8e17459e8eed9b54ba8d22df
klp-1-pain-relief-1,a06c46c7333c4ee7a971c02b8859118c
klp-3-adequate-aorta-compression,75bd1dd7cc834f8c86ac89814d93ab19
klp-2-maintain-compression,f3e8921813b244edb471bcff083fd0ee
klp-3-iv-fluid,490214feeec6403dad81ff8b406fbd7d
klp-3-fluid-gives-fast,e8d166b6fbeb4042836ed867b80886c4
klp-3-blood-transfusion,6df2f8bf97dc4344ac6a110b15e633ff
klp-2-pain-relief,40ce3701b3e149e596ce99659b591405
klp-2-pain-relief-and-aorta-compression,42e3a0ade9b045ae88ceb8f477d57b86
klp-3-gloves-and-manual-removal-of-placenta,8ff03b3d635249ed8f76e47e5d4b9752
klp-1-right-order-for-removal-of-placenta,dff8da847a0040089333d11268b8b617
klp-1-action-right-after-removal,02932573bc8849519a15d5570590a97c
klp-1-the-overall-action-to-control-pph,46cccaf1e18d4fa682085891c55b570a
klp-3-condom-balloon-tamponade,6ae7c7b8d7794d8cb987968dcc8f9da0
klp-2-drug-after-removal-of-placenta,b1e8d53b31c14ac081c9456a60972d86
klp-2-day-after-recommendations,a21e91b5b3e44677b23369990585be79
klp-1-refer-manual-removal,6c96681f5cbb45ac89923c59061000d0
klp-1-manual-removal-bemonc,7bdcff31fbf14a28be914da58aa69f9c
klp-2-when-manual-removal,56881ed5fc3d40598b2b9767911a111f
klp-3-heavy-bleeding,5bff42f0eb5d4395867216af7fb3d545
klp-2-excessive-bleeding,560a2a67b2e3466291c1d9d449eae044
klp-2-stop-bleeding-retained-placenta,e52e65b662324370bfb67fb18a1a67ad
klp-3-resuscitation,8c48904887454483bc7473f235bff28d
klp-2-stop-compression-at-resuscitation,3d6eb59ad320488e828953c746e5b689
klp-2-aorta-compression-and-manual-removal,0c172b7d46c147519063282a157f4611
klp-1-repeat-intrauterine-palpation,c6ed64e6ae0f4449ba8f44cf4dca2652
klp-2-manual-compression-ended-aorta-compression,0651203c40424d4aab8b5d88162e73c4
klp-3-action-after-removal,81f3ff61b4a2466682b43c0900c64254
klp-1-action-right-after-removal-of-placenta,546db5f818b74d5fba20f0c95d303811
klp-2-blood-inside-uterus,f4322d210f5d4f899738a59333e7388f
klp-1-adequate-breathing,68d9d39876144019aa71a802b7e3cdb7
klp-2-airway-position-of-head,733b129f179d4e009141cfeb35746506
klp-1-common-causes-of-newborn-death,d89257b3e8c94ec0863ef2b856fffe73
klp-2-death-in-first-week,9a1f34ba70ae4b08a0096eee28c651dc
klp-3-prevent-respiratory-distress-preterm,751a6a37285c4e68939b584aa52a4f2d
klp-3-ab-to-newborn,3bd6ca7ecaf94bf9acbef819da2bbf75
klp-2-risk-factors-infection-newborn,b6038b99e6ea4b9888c0331b6be8f6d8
klp-1-prevent-newborn-infections,c4a0e02b3d714a34ad776e7e9b2bd4de
klp-2-risk-and-action-after-resuscitation,7355589b92d54b1eb2b19f883deed3c0
klp-2-early-feeding,7c867839db3844b187897655e741990a
klp-1-not-crying-or-breathing-well,6df579ebdd5e4b4d8291cfa381e9583d
klp-1-initial-care-of-the-newborn-actions,dd2d8e72864d499fb1a229649478d1dc
klp-3-signs-of-illness,ad50be02f14f4df4a3e152b9a576afc2
klp-2-management-of-danger-signs,4433e67cf9a94dd3870b8e61d08c313e
klp-1-danger-signs-breathing,a66279c873044deea185109eef1056f5
klp-2-grunting,a5ce7ade1ed645db891ad1d936cf2d45
klp-3-apnoea,f6fc3444a0a748a0923dec317a7b5013
klp-1-danger-signs-exposure,c60a1737e6ae4fb0af28bcef0eff0070
klp-2-convulsions,c4d68ba6acb14cf3ba38337ce2ee8ff3
klp-2-management-jaundice,8034b4a19b0a45fc883e2574e46c63ef
klp-3-management-infections,780b2b03a97f4e789c813c5802aa3ff9
klp-2-risk-of-low-blood-sugar,4b3ef80b836245b8a30be911a09e233a
klp-3-newborn-cannot-suck,1dca6c2bffa6492492c572fbc2a53707
klp-1-rural-facility-newborn-danger-signs,1de0094289444eb9872dc93700c82151
klp-2-definition-of-low-birthweight,c9b95a1868df435eaa74f5a12c0307db
klp-1-preterm-presentation,4b4d8ccac7704cc09592a207563b196c
klp-1-initial-care-of-the-low-birth-weight,90ddd255c77d4fb7841dab4be9781ebc
klp-1-what-is-kangaroo-mother-care,9490aa23909743cdb39faf7113edc537
klp-2-how-to-kangaroo-mother-care,10bb8e62feac417199621ad21b9d33f6
klp-3-discharge,77f3df5c79ea433890f8c1b11cde8cea
klp-2-feeding,9663e66beb5942e8a11c498ca2695a5f
klp-3-unable-to-suck,15f3209906e744e8a2a53f177c63172a
klp-1-non-responsive-newborn,6bff0317c4bc4ee2b1d649686d04d112
klp-2-breathing,88fb3f76edea4de0b26e24ca446ac0aa
klp-2-rds-management,3d356835aa6149fe8a07a9260a9533a4
klp-3-cpap,06a36adca96c469dbd343b61a2b5faf4
klp-3-oxygen-saturation,200e1bb138e34335a301c7a1f488269e
klp-2-oxygen-indication,4c3c529c827d49c6a28b97258c4976ff
klp-1-grunting,92fcfd69ab1248b6985d8ad4b7548c8b
klp-3-apnea-prevention,a7c2395e83884ecca400b2dcec9b01ab
klp-3-stable-newborn-management,b01c92da28ac4270a4fac681dfb5ab72
klp-3-jaundice,b9f49ce2fced419aa611596b593b3652
klp-2-severe-jaundice,9a911606b428423a8b292d185fc38db1
klp-1-vomits,22fe3a261e8d41d39d81e180a82b4922
klp-2-necrotizing-enterocolitis,f4db78ec27c34b7ebc53bfa28681406a
klp-3-necrotizing-enterocolitis-management,7dc9fb2df4d74cbe838f3bbded44a703
klp-3-necrotizing-enterocolitis-ab,d448f8df81fb409fae3b320516815a6c
klp-1-lbw-infection,cb133d441e3446fa83e0e1aec5467a6a
klp-3-lbw-infection-treatment,9502fb42d1e04d7bacf5402632e1fb57
klp-2-severe-infection,61a0bb49aa22451ea1bed28db9b0addc
klp-1-referral-indications,09c99c4caf8543ae834cceb32fca3b6c
klp-2-referral-safety-rules,2e14fb340f7344c2a0f86c8b28fd0c03
klp-2-referral-warmth,6a940af4f2f944b2badcc32788483c23
klp-3-referral-no-option,9af2dc9bd2c74fc690fe02d49af47667
