[csv_resource_map] Loaded 21 modules from CSV resource map.
Starting Stage 2 (posting from CSVs), starting from: languages...
No existing language mapping found, starting fresh
Loaded 298 queued resource slugs
Loaded 386 existing resource mappings
DEBUG: ResourceMigrator loaded ACTIVATE_KLP_VERSION: http://135.225.105.160:8004/klps/versions/{version_id}/status
Loaded 608 queued KLP slugs
Loaded 885 existing KLP mappings
Loaded 17 queued module slugs

=== STEP 1: Post Languages ===
DEBUG: POST_LANGUAGE URL: http://135.225.105.160:8004/languages/
Successfully posted language: India - Hindi
Skipping cosmos_id 49bc07fa-9ad4-816c-17db-e693a28dd40f; mapping already exists

=== STEP 2: Post Resources ===
Ensuring linked resources exist (creating placeholders)...
Fetching existing resources from API to prevent duplication...
Loaded 386 existing resource mappings from API.
  → Recovered missing Language ID for Resource via mapping: 70b23178954a41a4a67e38292373733c
  → Recovered missing Language ID for Resource via mapping: 70b23178954a41a4a67e38292373733c
  → Recovered missing Language ID for Resource via mapping: 70b23178954a41a4a67e38292373733c
  → Recovered missing Language ID for Resource via mapping: 70b23178954a41a4a67e38292373733c
  → Recovered missing Language ID for Resource via mapping: 70b23178954a41a4a67e38292373733c
  → Recovered missing Language ID for Resource via mapping: 70b23178954a41a4a67e38292373733c
  → Recovered missing Language ID for Resource via mapping: 70b23178954a41a4a67e38292373733c
  → Recovered missing Language ID for Resource via mapping: 70b23178954a41a4a67e38292373733c
  → Recovered missing Language ID for Resource via mapping: 70b23178954a41a4a67e38292373733c
  → Recovered missing Language ID for Resource via mapping: 70b23178954a41a4a67e38292373733c
  → Recovered missing Language ID for Resource via mapping: 70b23178954a41a4a67e38292373733c
  → Recovered missing Language ID for Resource via mapping: 70b23178954a41a4a67e38292373733c
  → Recovered missing Language ID for Resource via mapping: 70b23178954a41a4a67e38292373733c
  → Recovered missing Language ID for Resource via mapping: 70b23178954a41a4a67e38292373733c
  → Recovered missing Language ID for Resource via mapping: 70b23178954a41a4a67e38292373733c
  → Recovered missing Language ID for Resource via mapping: 70b23178954a41a4a67e38292373733c
  → Recovered missing Language ID for Resource via mapping: 70b23178954a41a4a67e38292373733c
  → Recovered missing Language ID for Resource via mapping: 70b23178954a41a4a67e38292373733c
  → Recovered missing Language ID for Resource via mapping: 70b23178954a41a4a67e38292373733c
  → Recovered missing Language ID for Resource via mapping: 70b23178954a41a4a67e38292373733c
  → Recovered missing Language ID for Resource via mapping: 70b23178954a41a4a67e38292373733c
  → Recovered missing Language ID for Resource via mapping: 70b23178954a41a4a67e38292373733c
  → Recovered missing Language ID for Resource via mapping: 70b23178954a41a4a67e38292373733c
  → Recovered missing Language ID for Resource via mapping: 70b23178954a41a4a67e38292373733c
  → Recovered missing Language ID for Resource via mapping: 70b23178954a41a4a67e38292373733c
  → Recovered missing Language ID for Resource via mapping: 70b23178954a41a4a67e38292373733c
  → Recovered missing Language ID for Resource via mapping: 70b23178954a41a4a67e38292373733c
  → Recovered missing Language ID for Resource via mapping: 70b23178954a41a4a67e38292373733c
  → Recovered missing Language ID for Resource via mapping: 70b23178954a41a4a67e38292373733c
  → Recovered missing Language ID for Resource via mapping: 70b23178954a41a4a67e38292373733c
  → Recovered missing Language ID for Resource via mapping: 70b23178954a41a4a67e38292373733c
  → Recovered missing Language ID for Resource via mapping: 70b23178954a41a4a67e38292373733c
  → Recovered missing Language ID for Resource via mapping: 70b23178954a41a4a67e38292373733c
  → Recovered missing Language ID for Resource via mapping: 70b23178954a41a4a67e38292373733c
  → Recovered missing Language ID for Resource via mapping: 70b23178954a41a4a67e38292373733c
  → Recovered missing Language ID for Resource via mapping: 70b23178954a41a4a67e38292373733c
  → Recovered missing Language ID for Resource via mapping: 70b23178954a41a4a67e38292373733c
  → Recovered missing Language ID for Resource via mapping: 70b23178954a41a4a67e38292373733c
  → Recovered missing Language ID for Resource via mapping: 70b23178954a41a4a67e38292373733c
  → Recovered missing Language ID for Resource via mapping: 70b23178954a41a4a67e38292373733c
  → Recovered missing Language ID for Resource via mapping: 70b23178954a41a4a67e38292373733c
  → Recovered missing Language ID for Resource via mapping: 70b23178954a41a4a67e38292373733c
  → Recovered missing Language ID for Resource via mapping: 70b23178954a41a4a67e38292373733c
  → Recovered missing Language ID for Resource via mapping: 70b23178954a41a4a67e38292373733c
  → Recovered missing Language ID for Resource via mapping: 70b23178954a41a4a67e38292373733c
  → Recovered missing Language ID for Resource via mapping: 70b23178954a41a4a67e38292373733c
  → Recovered missing Language ID for Resource via mapping: 70b23178954a41a4a67e38292373733c
  → Recovered missing Language ID for Resource via mapping: 70b23178954a41a4a67e38292373733c
  → Recovered missing Language ID for Resource via mapping: 70b23178954a41a4a67e38292373733c
  → Recovered missing Language ID for Resource via mapping: 70b23178954a41a4a67e38292373733c
  → Recovered missing Language ID for Resource via mapping: 70b23178954a41a4a67e38292373733c
  → Recovered missing Language ID for Resource via mapping: 70b23178954a41a4a67e38292373733c
  → Recovered missing Language ID for Resource via mapping: 70b23178954a41a4a67e38292373733c
  → Recovered missing Language ID for Resource via mapping: 70b23178954a41a4a67e38292373733c
  → Recovered missing Language ID for Resource via mapping: 70b23178954a41a4a67e38292373733c
  → Recovered missing Language ID for Resource via mapping: 70b23178954a41a4a67e38292373733c
  → Recovered missing Language ID for Resource via mapping: 70b23178954a41a4a67e38292373733c
  → Recovered missing Language ID for Resource via mapping: 70b23178954a41a4a67e38292373733c
  → Recovered missing Language ID for Resource via mapping: 70b23178954a41a4a67e38292373733c
  → Recovered missing Language ID for Resource via mapping: 70b23178954a41a4a67e38292373733c
  → Recovered missing Language ID for Resource via mapping: 70b23178954a41a4a67e38292373733c
  → Recovered missing Language ID for Resource via mapping: 70b23178954a41a4a67e38292373733c
  → Recovered missing Language ID for Resource via mapping: 70b23178954a41a4a67e38292373733c
  → Recovered missing Language ID for Resource via mapping: 70b23178954a41a4a67e38292373733c
  → Recovered missing Language ID for Resource via mapping: 70b23178954a41a4a67e38292373733c
  → Recovered missing Language ID for Resource via mapping: 70b23178954a41a4a67e38292373733c
  → Recovered missing Language ID for Resource via mapping: 70b23178954a41a4a67e38292373733c
  → Recovered missing Language ID for Resource via mapping: 70b23178954a41a4a67e38292373733c
  → Recovered missing Language ID for Resource via mapping: 70b23178954a41a4a67e38292373733c
  → Recovered missing Language ID for Resource via mapping: 70b23178954a41a4a67e38292373733c
  → Recovered missing Language ID for Resource via mapping: 70b23178954a41a4a67e38292373733c
  → Recovered missing Language ID for Resource via mapping: 70b23178954a41a4a67e38292373733c
  → Recovered missing Language ID for Resource via mapping: 70b23178954a41a4a67e38292373733c
  → Recovered missing Language ID for Resource via mapping: 70b23178954a41a4a67e38292373733c
  → Recovered missing Language ID for Resource via mapping: 70b23178954a41a4a67e38292373733c
  → Recovered missing Language ID for Resource via mapping: 70b23178954a41a4a67e38292373733c
  → Recovered missing Language ID for Resource via mapping: 70b23178954a41a4a67e38292373733c
  → Recovered missing Language ID for Resource via mapping: 70b23178954a41a4a67e38292373733c
  → Recovered missing Language ID for Resource via mapping: 70b23178954a41a4a67e38292373733c
  → Recovered missing Language ID for Resource via mapping: 70b23178954a41a4a67e38292373733c
  → Recovered missing Language ID for Resource via mapping: 70b23178954a41a4a67e38292373733c
  → Recovered missing Language ID for Resource via mapping: 70b23178954a41a4a67e38292373733c
  → Recovered missing Language ID for Resource via mapping: 70b23178954a41a4a67e38292373733c
  → Recovered missing Language ID for Resource via mapping: 70b23178954a41a4a67e38292373733c
  → Recovered missing Language ID for Resource via mapping: 70b23178954a41a4a67e38292373733c
  → Recovered missing Language ID for Resource via mapping: 70b23178954a41a4a67e38292373733c
  → Recovered missing Language ID for Resource via mapping: 70b23178954a41a4a67e38292373733c
  → Recovered missing Language ID for Resource via mapping: 70b23178954a41a4a67e38292373733c
  → Recovered missing Language ID for Resource via mapping: 70b23178954a41a4a67e38292373733c
  → Recovered missing Language ID for Resource via mapping: 70b23178954a41a4a67e38292373733c
  → Recovered missing Language ID for Resource via mapping: 70b23178954a41a4a67e38292373733c
  → Recovered missing Language ID for Resource via mapping: 70b23178954a41a4a67e38292373733c
  → Recovered missing Language ID for Resource via mapping: 70b23178954a41a4a67e38292373733c
  → Recovered missing Language ID for Resource via mapping: 70b23178954a41a4a67e38292373733c
  → Recovered missing Language ID for Resource via mapping: 70b23178954a41a4a67e38292373733c
  → Recovered missing Language ID for Resource via mapping: 70b23178954a41a4a67e38292373733c
  → Recovered missing Language ID for Resource via mapping: 70b23178954a41a4a67e38292373733c
  → Recovered missing Language ID for Resource via mapping: 70b23178954a41a4a67e38292373733c
  → Recovered missing Language ID for Resource via mapping: 70b23178954a41a4a67e38292373733c
  → Recovered missing Language ID for Resource via mapping: 70b23178954a41a4a67e38292373733c
  → Recovered missing Language ID for Resource via mapping: 70b23178954a41a4a67e38292373733c
  → Recovered missing Language ID for Resource via mapping: 70b23178954a41a4a67e38292373733c
  → Recovered missing Language ID for Resource via mapping: 70b23178954a41a4a67e38292373733c
  → Recovered missing Language ID for Resource via mapping: 70b23178954a41a4a67e38292373733c
  → Recovered missing Language ID for Resource via mapping: 70b23178954a41a4a67e38292373733c
  → Recovered missing Language ID for Resource via mapping: 70b23178954a41a4a67e38292373733c
  → Recovered missing Language ID for Resource via mapping: 70b23178954a41a4a67e38292373733c
  → Recovered missing Language ID for Resource via mapping: 70b23178954a41a4a67e38292373733c
  → Recovered missing Language ID for Resource via mapping: 70b23178954a41a4a67e38292373733c
  → Recovered missing Language ID for Resource via mapping: 70b23178954a41a4a67e38292373733c
  → Recovered missing Language ID for Resource via mapping: 70b23178954a41a4a67e38292373733c
  → Recovered missing Language ID for Resource via mapping: 70b23178954a41a4a67e38292373733c
  → Recovered missing Language ID for Resource via mapping: 70b23178954a41a4a67e38292373733c
  → Recovered missing Language ID for Resource via mapping: 70b23178954a41a4a67e38292373733c
  → Recovered missing Language ID for Resource via mapping: 70b23178954a41a4a67e38292373733c
  → Recovered missing Language ID for Resource via mapping: 70b23178954a41a4a67e38292373733c
  → Recovered missing Language ID for Resource via mapping: 70b23178954a41a4a67e38292373733c
  → Recovered missing Language ID for Resource via mapping: 70b23178954a41a4a67e38292373733c
  → Recovered missing Language ID for Resource via mapping: 70b23178954a41a4a67e38292373733c
  → Recovered missing Language ID for Resource via mapping: 70b23178954a41a4a67e38292373733c
  → Recovered missing Language ID for Resource via mapping: 70b23178954a41a4a67e38292373733c
  → Recovered missing Language ID for Resource via mapping: 70b23178954a41a4a67e38292373733c
  → Recovered missing Language ID for Resource via mapping: 70b23178954a41a4a67e38292373733c
  → Recovered missing Language ID for Resource via mapping: 70b23178954a41a4a67e38292373733c
  → Recovered missing Language ID for Resource via mapping: 70b23178954a41a4a67e38292373733c
  → Recovered missing Language ID for Resource via mapping: 70b23178954a41a4a67e38292373733c
  → Recovered missing Language ID for Resource via mapping: 70b23178954a41a4a67e38292373733c
  → Recovered missing Language ID for Resource via mapping: 70b23178954a41a4a67e38292373733c
  → Recovered missing Language ID for Resource via mapping: 70b23178954a41a4a67e38292373733c
  → Recovered missing Language ID for Resource via mapping: 70b23178954a41a4a67e38292373733c
  → Recovered missing Language ID for Resource via mapping: 70b23178954a41a4a67e38292373733c
  → Recovered missing Language ID for Resource via mapping: 70b23178954a41a4a67e38292373733c
  → Recovered missing Language ID for Resource via mapping: 70b23178954a41a4a67e38292373733c
  → Recovered missing Language ID for Resource via mapping: 70b23178954a41a4a67e38292373733c
  → Recovered missing Language ID for Resource via mapping: 70b23178954a41a4a67e38292373733c
  → Recovered missing Language ID for Resource via mapping: 70b23178954a41a4a67e38292373733c
  → Recovered missing Language ID for Resource via mapping: 70b23178954a41a4a67e38292373733c
  → Recovered missing Language ID for Resource via mapping: 70b23178954a41a4a67e38292373733c
  → Recovered missing Language ID for Resource via mapping: 70b23178954a41a4a67e38292373733c
  → Recovered missing Language ID for Resource via mapping: 70b23178954a41a4a67e38292373733c
  → Recovered missing Language ID for Resource via mapping: 70b23178954a41a4a67e38292373733c
  → Recovered missing Language ID for Resource via mapping: 70b23178954a41a4a67e38292373733c
  → Recovered missing Language ID for Resource via mapping: 70b23178954a41a4a67e38292373733c
  → Recovered missing Language ID for Resource via mapping: 70b23178954a41a4a67e38292373733c
  → Recovered missing Language ID for Resource via mapping: 70b23178954a41a4a67e38292373733c
  → Recovered missing Language ID for Resource via mapping: 70b23178954a41a4a67e38292373733c
  → Recovered missing Language ID for Resource via mapping: 70b23178954a41a4a67e38292373733c
  → Recovered missing Language ID for Resource via mapping: 70b23178954a41a4a67e38292373733c
  → Recovered missing Language ID for Resource via mapping: 70b23178954a41a4a67e38292373733c
  → Recovered missing Language ID for Resource via mapping: 70b23178954a41a4a67e38292373733c
  → Recovered missing Language ID for Resource via mapping: 70b23178954a41a4a67e38292373733c
  → Recovered missing Language ID for Resource via mapping: 70b23178954a41a4a67e38292373733c
  → Recovered missing Language ID for Resource via mapping: 70b23178954a41a4a67e38292373733c
  → Recovered missing Language ID for Resource via mapping: 70b23178954a41a4a67e38292373733c
  → Recovered missing Language ID for Resource via mapping: 70b23178954a41a4a67e38292373733c
  → Recovered missing Language ID for Resource via mapping: 70b23178954a41a4a67e38292373733c
  → Recovered missing Language ID for Resource via mapping: 70b23178954a41a4a67e38292373733c
  → Recovered missing Language ID for Resource via mapping: 70b23178954a41a4a67e38292373733c
  → Recovered missing Language ID for Resource via mapping: 70b23178954a41a4a67e38292373733c
  → Recovered missing Language ID for Resource via mapping: 70b23178954a41a4a67e38292373733c
  → Recovered missing Language ID for Resource via mapping: 70b23178954a41a4a67e38292373733c
  → Recovered missing Language ID for Resource via mapping: 70b23178954a41a4a67e38292373733c
  → Recovered missing Language ID for Resource via mapping: 70b23178954a41a4a67e38292373733c
  → Recovered missing Language ID for Resource via mapping: 70b23178954a41a4a67e38292373733c
  → Recovered missing Language ID for Resource via mapping: 70b23178954a41a4a67e38292373733c
  → Recovered missing Language ID for Resource via mapping: 70b23178954a41a4a67e38292373733c
  → Recovered missing Language ID for Resource via mapping: 70b23178954a41a4a67e38292373733c
  → Recovered missing Language ID for Resource via mapping: 70b23178954a41a4a67e38292373733c
  → Recovered missing Language ID for Resource via mapping: 70b23178954a41a4a67e38292373733c
  → Recovered missing Language ID for Resource via mapping: 70b23178954a41a4a67e38292373733c
  → Recovered missing Language ID for Resource via mapping: 70b23178954a41a4a67e38292373733c
  → Recovered missing Language ID for Resource via mapping: 70b23178954a41a4a67e38292373733c
  → Recovered missing Language ID for Resource via mapping: 70b23178954a41a4a67e38292373733c
  → Recovered missing Language ID for Resource via mapping: 70b23178954a41a4a67e38292373733c
  → Recovered missing Language ID for Resource via mapping: 70b23178954a41a4a67e38292373733c
  → Recovered missing Language ID for Resource via mapping: 70b23178954a41a4a67e38292373733c
  → Recovered missing Language ID for Resource via mapping: 70b23178954a41a4a67e38292373733c
  → Recovered missing Language ID for Resource via mapping: 70b23178954a41a4a67e38292373733c
  → Recovered missing Language ID for Resource via mapping: 70b23178954a41a4a67e38292373733c
  → Recovered missing Language ID for Resource via mapping: 70b23178954a41a4a67e38292373733c
  → Recovered missing Language ID for Resource via mapping: 70b23178954a41a4a67e38292373733c
  → Recovered missing Language ID for Resource via mapping: 70b23178954a41a4a67e38292373733c
  → Recovered missing Language ID for Resource via mapping: 70b23178954a41a4a67e38292373733c
  → Recovered missing Language ID for Resource via mapping: 70b23178954a41a4a67e38292373733c
  → Recovered missing Language ID for Resource via mapping: 70b23178954a41a4a67e38292373733c
  → Recovered missing Language ID for Resource via mapping: 70b23178954a41a4a67e38292373733c
  → Recovered missing Language ID for Resource via mapping: 70b23178954a41a4a67e38292373733c
  → Recovered missing Language ID for Resource via mapping: 70b23178954a41a4a67e38292373733c
  → Recovered missing Language ID for Resource via mapping: 70b23178954a41a4a67e38292373733c
  → Recovered missing Language ID for Resource via mapping: 70b23178954a41a4a67e38292373733c
  → Recovered missing Language ID for Resource via mapping: 70b23178954a41a4a67e38292373733c
  → Recovered missing Language ID for Resource via mapping: 70b23178954a41a4a67e38292373733c
  → Recovered missing Language ID for Resource via mapping: 70b23178954a41a4a67e38292373733c
  → Recovered missing Language ID for Resource via mapping: 70b23178954a41a4a67e38292373733c
  → Recovered missing Language ID for Resource via mapping: 70b23178954a41a4a67e38292373733c
  → Recovered missing Language ID for Resource via mapping: 70b23178954a41a4a67e38292373733c
  → Recovered missing Language ID for Resource via mapping: 70b23178954a41a4a67e38292373733c
  → Recovered missing Language ID for Resource via mapping: 70b23178954a41a4a67e38292373733c
  → Recovered missing Language ID for Resource via mapping: 70b23178954a41a4a67e38292373733c
  → Recovered missing Language ID for Resource via mapping: 70b23178954a41a4a67e38292373733c
  → Recovered missing Language ID for Resource via mapping: 70b23178954a41a4a67e38292373733c
  → Recovered missing Language ID for Resource via mapping: 70b23178954a41a4a67e38292373733c
  → Recovered missing Language ID for Resource via mapping: 70b23178954a41a4a67e38292373733c
  → Recovered missing Language ID for Resource via mapping: 70b23178954a41a4a67e38292373733c
  → Recovered missing Language ID for Resource via mapping: 70b23178954a41a4a67e38292373733c
  → Recovered missing Language ID for Resource via mapping: 70b23178954a41a4a67e38292373733c
  → Recovered missing Language ID for Resource via mapping: 70b23178954a41a4a67e38292373733c
  → Recovered missing Language ID for Resource via mapping: 70b23178954a41a4a67e38292373733c
  → Recovered missing Language ID for Resource via mapping: 70b23178954a41a4a67e38292373733c
  → Recovered missing Language ID for Resource via mapping: 70b23178954a41a4a67e38292373733c
  → Recovered missing Language ID for Resource via mapping: 70b23178954a41a4a67e38292373733c
  → Recovered missing Language ID for Resource via mapping: 70b23178954a41a4a67e38292373733c
  → Recovered missing Language ID for Resource via mapping: 70b23178954a41a4a67e38292373733c
  → Recovered missing Language ID for Resource via mapping: 70b23178954a41a4a67e38292373733c
  → Recovered missing Language ID for Resource via mapping: 70b23178954a41a4a67e38292373733c
  → Recovered missing Language ID for Resource via mapping: 70b23178954a41a4a67e38292373733c
  → Recovered missing Language ID for Resource via mapping: 70b23178954a41a4a67e38292373733c
  → Recovered missing Language ID for Resource via mapping: 70b23178954a41a4a67e38292373733c
  → Recovered missing Language ID for Resource via mapping: 70b23178954a41a4a67e38292373733c
  → Recovered missing Language ID for Resource via mapping: 70b23178954a41a4a67e38292373733c
  → Recovered missing Language ID for Resource via mapping: 70b23178954a41a4a67e38292373733c
  → Recovered missing Language ID for Resource via mapping: 70b23178954a41a4a67e38292373733c
  → Recovered missing Language ID for Resource via mapping: 70b23178954a41a4a67e38292373733c
  → Recovered missing Language ID for Resource via mapping: 70b23178954a41a4a67e38292373733c
  → Recovered missing Language ID for Resource via mapping: 70b23178954a41a4a67e38292373733c
  → Recovered missing Language ID for Resource via mapping: 70b23178954a41a4a67e38292373733c
  → Recovered missing Language ID for Resource via mapping: 70b23178954a41a4a67e38292373733c
  → Recovered missing Language ID for Resource via mapping: 70b23178954a41a4a67e38292373733c
  → Recovered missing Language ID for Resource via mapping: 70b23178954a41a4a67e38292373733c
  → Recovered missing Language ID for Resource via mapping: 70b23178954a41a4a67e38292373733c
  → Recovered missing Language ID for Resource via mapping: 70b23178954a41a4a67e38292373733c
  → Recovered missing Language ID for Resource via mapping: 70b23178954a41a4a67e38292373733c
  → Recovered missing Language ID for Resource via mapping: 70b23178954a41a4a67e38292373733c
  → Recovered missing Language ID for Resource via mapping: 70b23178954a41a4a67e38292373733c
  → Recovered missing Language ID for Resource via mapping: 70b23178954a41a4a67e38292373733c
  → Recovered missing Language ID for Resource via mapping: 70b23178954a41a4a67e38292373733c
  → Recovered missing Language ID for Resource via mapping: 70b23178954a41a4a67e38292373733c
  → Recovered missing Language ID for Resource via mapping: 70b23178954a41a4a67e38292373733c
  → Recovered missing Language ID for Resource via mapping: 70b23178954a41a4a67e38292373733c
  → Recovered missing Language ID for Resource via mapping: 70b23178954a41a4a67e38292373733c
  → Recovered missing Language ID for Resource via mapping: 70b23178954a41a4a67e38292373733c
  → Recovered missing Language ID for Resource via mapping: 70b23178954a41a4a67e38292373733c
  → Recovered missing Language ID for Resource via mapping: 70b23178954a41a4a67e38292373733c
  → Recovered missing Language ID for Resource via mapping: 70b23178954a41a4a67e38292373733c
  → Recovered missing Language ID for Resource via mapping: 70b23178954a41a4a67e38292373733c
  → Recovered missing Language ID for Resource via mapping: 70b23178954a41a4a67e38292373733c
  → Recovered missing Language ID for Resource via mapping: 70b23178954a41a4a67e38292373733c
  → Recovered missing Language ID for Resource via mapping: 70b23178954a41a4a67e38292373733c
  → Recovered missing Language ID for Resource via mapping: 70b23178954a41a4a67e38292373733c
  → Recovered missing Language ID for Resource via mapping: 70b23178954a41a4a67e38292373733c
  → Recovered missing Language ID for Resource via mapping: 70b23178954a41a4a67e38292373733c
  → Recovered missing Language ID for Resource via mapping: 70b23178954a41a4a67e38292373733c
  → Recovered missing Language ID for Resource via mapping: 70b23178954a41a4a67e38292373733c
  → Recovered missing Language ID for Resource via mapping: 70b23178954a41a4a67e38292373733c
  → Recovered missing Language ID for Resource via mapping: 70b23178954a41a4a67e38292373733c
  → Recovered missing Language ID for Resource via mapping: 70b23178954a41a4a67e38292373733c
  → Recovered missing Language ID for Resource via mapping: 70b23178954a41a4a67e38292373733c
  → Recovered missing Language ID for Resource via mapping: 70b23178954a41a4a67e38292373733c
  → Recovered missing Language ID for Resource via mapping: 70b23178954a41a4a67e38292373733c
  → Recovered missing Language ID for Resource via mapping: 70b23178954a41a4a67e38292373733c
  → Recovered missing Language ID for Resource via mapping: 70b23178954a41a4a67e38292373733c
  → Recovered missing Language ID for Resource via mapping: 70b23178954a41a4a67e38292373733c
  → Recovered missing Language ID for Resource via mapping: 70b23178954a41a4a67e38292373733c
  → Recovered missing Language ID for Resource via mapping: 70b23178954a41a4a67e38292373733c
  → Recovered missing Language ID for Resource via mapping: 70b23178954a41a4a67e38292373733c
  → Recovered missing Language ID for Resource via mapping: 70b23178954a41a4a67e38292373733c
  → Recovered missing Language ID for Resource via mapping: 70b23178954a41a4a67e38292373733c
  → Recovered missing Language ID for Resource via mapping: 70b23178954a41a4a67e38292373733c
  → Recovered missing Language ID for Resource via mapping: 70b23178954a41a4a67e38292373733c
  → Recovered missing Language ID for Resource via mapping: 70b23178954a41a4a67e38292373733c
  → Recovered missing Language ID for Resource via mapping: 70b23178954a41a4a67e38292373733c
  → Recovered missing Language ID for Resource via mapping: 70b23178954a41a4a67e38292373733c
  → Recovered missing Language ID for Resource via mapping: 70b23178954a41a4a67e38292373733c
  → Recovered missing Language ID for Resource via mapping: 70b23178954a41a4a67e38292373733c
  → Recovered missing Language ID for Resource via mapping: 70b23178954a41a4a67e38292373733c
  → Recovered missing Language ID for Resource via mapping: 70b23178954a41a4a67e38292373733c
  → Recovered missing Language ID for Resource via mapping: 70b23178954a41a4a67e38292373733c
  → Recovered missing Language ID for Resource via mapping: 70b23178954a41a4a67e38292373733c
  → Recovered missing Language ID for Resource via mapping: 70b23178954a41a4a67e38292373733c
  → Recovered missing Language ID for Resource via mapping: 70b23178954a41a4a67e38292373733c
  → Recovered missing Language ID for Resource via mapping: 70b23178954a41a4a67e38292373733c
  → Recovered missing Language ID for Resource via mapping: 70b23178954a41a4a67e38292373733c
  → Recovered missing Language ID for Resource via mapping: 70b23178954a41a4a67e38292373733c
  → Recovered missing Language ID for Resource via mapping: 70b23178954a41a4a67e38292373733c
  → Recovered missing Language ID for Resource via mapping: 70b23178954a41a4a67e38292373733c
  → Recovered missing Language ID for Resource via mapping: 70b23178954a41a4a67e38292373733c
  → Recovered missing Language ID for Resource via mapping: 70b23178954a41a4a67e38292373733c
  → Recovered missing Language ID for Resource via mapping: 70b23178954a41a4a67e38292373733c
  → Recovered missing Language ID for Resource via mapping: 70b23178954a41a4a67e38292373733c
  → Recovered missing Language ID for Resource via mapping: 70b23178954a41a4a67e38292373733c
  → Recovered missing Language ID for Resource via mapping: 70b23178954a41a4a67e38292373733c
  → Recovered missing Language ID for Resource via mapping: 70b23178954a41a4a67e38292373733c
  → Recovered missing Language ID for Resource via mapping: 70b23178954a41a4a67e38292373733c
  → Recovered missing Language ID for Resource via mapping: 70b23178954a41a4a67e38292373733c
  → Recovered missing Language ID for Resource via mapping: 70b23178954a41a4a67e38292373733c
  → Recovered missing Language ID for Resource via mapping: 70b23178954a41a4a67e38292373733c
  → Recovered missing Language ID for Resource via mapping: 70b23178954a41a4a67e38292373733c
  → Recovered missing Language ID for Resource via mapping: 70b23178954a41a4a67e38292373733c
  → Recovered missing Language ID for Resource via mapping: 70b23178954a41a4a67e38292373733c
  → Recovered missing Language ID for Resource via mapping: 70b23178954a41a4a67e38292373733c
  → Recovered missing Language ID for Resource via mapping: 70b23178954a41a4a67e38292373733c
  → Recovered missing Language ID for Resource via mapping: 70b23178954a41a4a67e38292373733c
  → Recovered missing Language ID for Resource via mapping: 70b23178954a41a4a67e38292373733c
  → Recovered missing Language ID for Resource via mapping: 70b23178954a41a4a67e38292373733c
  → Recovered missing Language ID for Resource via mapping: 70b23178954a41a4a67e38292373733c
  → Recovered missing Language ID for Resource via mapping: 70b23178954a41a4a67e38292373733c
  → Recovered missing Language ID for Resource via mapping: 70b23178954a41a4a67e38292373733c
  → Recovered missing Language ID for Resource via mapping: 70b23178954a41a4a67e38292373733c
  → Recovered missing Language ID for Resource via mapping: 70b23178954a41a4a67e38292373733c
  → Recovered missing Language ID for Resource via mapping: 70b23178954a41a4a67e38292373733c
  → Recovered missing Language ID for Resource via mapping: 70b23178954a41a4a67e38292373733c
  → Recovered missing Language ID for Resource via mapping: 70b23178954a41a4a67e38292373733c
  → Recovered missing Language ID for Resource via mapping: 70b23178954a41a4a67e38292373733c
  → Recovered missing Language ID for Resource via mapping: 70b23178954a41a4a67e38292373733c
  → Recovered missing Language ID for Resource via mapping: 70b23178954a41a4a67e38292373733c
  → Recovered missing Language ID for Resource via mapping: 70b23178954a41a4a67e38292373733c
  → Recovered missing Language ID for Resource via mapping: 70b23178954a41a4a67e38292373733c
  → Recovered missing Language ID for Resource via mapping: 70b23178954a41a4a67e38292373733c
  → Recovered missing Language ID for Resource via mapping: 70b23178954a41a4a67e38292373733c
  → Recovered missing Language ID for Resource via mapping: 70b23178954a41a4a67e38292373733c
  → Recovered missing Language ID for Resource via mapping: 70b23178954a41a4a67e38292373733c
  → Recovered missing Language ID for Resource via mapping: 70b23178954a41a4a67e38292373733c
  → Recovered missing Language ID for Resource via mapping: 70b23178954a41a4a67e38292373733c
  → Recovered missing Language ID for Resource via mapping: 70b23178954a41a4a67e38292373733c
  → Recovered missing Language ID for Resource via mapping: 70b23178954a41a4a67e38292373733c
  → Recovered missing Language ID for Resource via mapping: 70b23178954a41a4a67e38292373733c
  → Recovered missing Language ID for Resource via mapping: 70b23178954a41a4a67e38292373733c
  → Recovered missing Language ID for Resource via mapping: 70b23178954a41a4a67e38292373733c
  → Recovered missing Language ID for Resource via mapping: 70b23178954a41a4a67e38292373733c
  → Recovered missing Language ID for Resource via mapping: 70b23178954a41a4a67e38292373733c
  → Recovered missing Language ID for Resource via mapping: 70b23178954a41a4a67e38292373733c
  → Recovered missing Language ID for Resource via mapping: 70b23178954a41a4a67e38292373733c
  → Recovered missing Language ID for Resource via mapping: 70b23178954a41a4a67e38292373733c
  → Recovered missing Language ID for Resource via mapping: 70b23178954a41a4a67e38292373733c
  → Recovered missing Language ID for Resource via mapping: 70b23178954a41a4a67e38292373733c
  → Recovered missing Language ID for Resource via mapping: 70b23178954a41a4a67e38292373733c
  → Recovered missing Language ID for Resource via mapping: 70b23178954a41a4a67e38292373733c
  → Recovered missing Language ID for Resource via mapping: 70b23178954a41a4a67e38292373733c
  → Recovered missing Language ID for Resource via mapping: 70b23178954a41a4a67e38292373733c
  → Recovered missing Language ID for Resource via mapping: 70b23178954a41a4a67e38292373733c
  → Recovered missing Language ID for Resource via mapping: 70b23178954a41a4a67e38292373733c
  → Recovered missing Language ID for Resource via mapping: 70b23178954a41a4a67e38292373733c
  → Recovered missing Language ID for Resource via mapping: 70b23178954a41a4a67e38292373733c
  → Recovered missing Language ID for Resource via mapping: 70b23178954a41a4a67e38292373733c
  → Recovered missing Language ID for Resource via mapping: 70b23178954a41a4a67e38292373733c
  → Recovered missing Language ID for Resource via mapping: 70b23178954a41a4a67e38292373733c
  → Recovered missing Language ID for Resource via mapping: 70b23178954a41a4a67e38292373733c
  → Recovered missing Language ID for Resource via mapping: 70b23178954a41a4a67e38292373733c
  → Recovered missing Language ID for Resource via mapping: 70b23178954a41a4a67e38292373733c
  → Recovered missing Language ID for Resource via mapping: 70b23178954a41a4a67e38292373733c
  → Recovered missing Language ID for Resource via mapping: 70b23178954a41a4a67e38292373733c
  → Recovered missing Language ID for Resource via mapping: 70b23178954a41a4a67e38292373733c
  → Recovered missing Language ID for Resource via mapping: 70b23178954a41a4a67e38292373733c
  → Recovered missing Language ID for Resource via mapping: 70b23178954a41a4a67e38292373733c
  → Recovered missing Language ID for Resource via mapping: 70b23178954a41a4a67e38292373733c
  → Recovered missing Language ID for Resource via mapping: 70b23178954a41a4a67e38292373733c
  → Recovered missing Language ID for Resource via mapping: 70b23178954a41a4a67e38292373733c
  → Recovered missing Language ID for Resource via mapping: 70b23178954a41a4a67e38292373733c
  → Recovered missing Language ID for Resource via mapping: 70b23178954a41a4a67e38292373733c
  → Recovered missing Language ID for Resource via mapping: 70b23178954a41a4a67e38292373733c
  → Recovered missing Language ID for Resource via mapping: 70b23178954a41a4a67e38292373733c
  → Recovered missing Language ID for Resource via mapping: 70b23178954a41a4a67e38292373733c
  → Recovered missing Language ID for Resource via mapping: 70b23178954a41a4a67e38292373733c
  → Recovered missing Language ID for Resource via mapping: 70b23178954a41a4a67e38292373733c
  → Recovered missing Language ID for Resource via mapping: 70b23178954a41a4a67e38292373733c
  → Recovered missing Language ID for Resource via mapping: 70b23178954a41a4a67e38292373733c
  → Recovered missing Language ID for Resource via mapping: 70b23178954a41a4a67e38292373733c
  → Recovered missing Language ID for Resource via mapping: 70b23178954a41a4a67e38292373733c
  → Recovered missing Language ID for Resource via mapping: 70b23178954a41a4a67e38292373733c
  → Recovered missing Language ID for Resource via mapping: 70b23178954a41a4a67e38292373733c
  → POSTing video resource 'res-video-india-hindi-perinatal-mental-health-intro' directly (no global original)
Created resource 'res-video-india-hindi-perinatal-mental-health-intro' [translated] -> b03777d7b18f4f67bef6c555bc47f7b2
DEBUG: activating version a566164aa19e4dc2b9b96ebec7d33793 with url='http://135.225.105.160:8004/resources/version/a566164aa19e4dc2b9b96ebec7d33793/status'
  ✓ Activated version: a566164aa19e4dc2b9b96ebec7d33793
  → POSTing video resource 'res-video-india-hindi-perinatal-mental-health-risk-factors' directly (no global original)
Created resource 'res-video-india-hindi-perinatal-mental-health-risk-factors' [translated] -> 1ddbee0ab4484937bc5ad1d06b9be897
DEBUG: activating version 183a6cfabefa4b07990a30819f6937e1 with url='http://135.225.105.160:8004/resources/version/183a6cfabefa4b07990a30819f6937e1/status'
  ✓ Activated version: 183a6cfabefa4b07990a30819f6937e1
  → POSTing video resource 'res-video-india-hindi-perinatal-mental-health-barriers-to-seeking-care' directly (no global original)
Created resource 'res-video-india-hindi-perinatal-mental-health-barriers-to-seeking-care' [translated] -> 9542dc559e91465296b0ba3f18be485e
DEBUG: activating version 8e0976d42eb34961a4474cf3ec9f0f92 with url='http://135.225.105.160:8004/resources/version/8e0976d42eb34961a4474cf3ec9f0f92/status'
  ✓ Activated version: 8e0976d42eb34961a4474cf3ec9f0f92
  → POSTing video resource 'res-video-india-hindi-perinatal-mental-health-diagnosis-symptoms' directly (no global original)
Created resource 'res-video-india-hindi-perinatal-mental-health-diagnosis-symptoms' [translated] -> e8aa452478c84d88aa29c3767da191b1
DEBUG: activating version dd87a0d6b2f94839bd06e07e09316dcf with url='http://135.225.105.160:8004/resources/version/dd87a0d6b2f94839bd06e07e09316dcf/status'
  ✓ Activated version: dd87a0d6b2f94839bd06e07e09316dcf
  → POSTing video resource 'res-video-india-hindi-perinatal-mental-health-screening' directly (no global original)
Created resource 'res-video-india-hindi-perinatal-mental-health-screening' [translated] -> 5d4a7675b34442aba2cf9140745be89a
DEBUG: activating version 3a9a37de629c4936ab5d7f455123fe33 with url='http://135.225.105.160:8004/resources/version/3a9a37de629c4936ab5d7f455123fe33/status'
  ✓ Activated version: 3a9a37de629c4936ab5d7f455123fe33
  → POSTing video resource 'res-video-india-hindi-perinatal-mental-health-prevention-and-treatment' directly (no global original)
Created resource 'res-video-india-hindi-perinatal-mental-health-prevention-and-treatment' [translated] -> f29e3e17a8514596925a7fe3fe756c0b
DEBUG: activating version b3062d446eb64d7a969e52ee78abc585 with url='http://135.225.105.160:8004/resources/version/b3062d446eb64d7a969e52ee78abc585/status'
  ✓ Activated version: b3062d446eb64d7a969e52ee78abc585
  → POSTing video resource 'res-video-india-hindi-perinatal-mental-health-medicatons' directly (no global original)
Created resource 'res-video-india-hindi-perinatal-mental-health-medicatons' [translated] -> 037dd9ee03694011b354abbba287a076
DEBUG: activating version f3d62f3f128c4a659a5e3da30daf6a54 with url='http://135.225.105.160:8004/resources/version/f3d62f3f128c4a659a5e3da30daf6a54/status'
  ✓ Activated version: f3d62f3f128c4a659a5e3da30daf6a54
  → POSTing video resource 'res-video-india-hindi-perinatal-mental-health-caring-for-the-carer' directly (no global original)
Created resource 'res-video-india-hindi-perinatal-mental-health-caring-for-the-carer' [translated] -> bd0b0f4b1f3b49ee8bd07ffd589e7eca
DEBUG: activating version 8a8817a522274089b5d2935e5f7cc5b4 with url='http://135.225.105.160:8004/resources/version/8a8817a522274089b5d2935e5f7cc5b4/status'
  ✓ Activated version: 8a8817a522274089b5d2935e5f7cc5b4
  → POSTing video resource 'res-video-india-hindi-modern-contraception-intro' directly (no global original)
Created resource 'res-video-india-hindi-modern-contraception-intro' [translated] -> 078c9af481ca439d8b70e8d9ac76674f
DEBUG: activating version baf1e04caf3f4507bd2639c61831f318 with url='http://135.225.105.160:8004/resources/version/baf1e04caf3f4507bd2639c61831f318/status'
  ✓ Activated version: baf1e04caf3f4507bd2639c61831f318
  → POSTing video resource 'res-video-india-hindi-modern-contraception-counselling' directly (no global original)
Created resource 'res-video-india-hindi-modern-contraception-counselling' [translated] -> 90c1aaee74b04f45968677711b134959
DEBUG: activating version 5c84b97dead5434fa31d4b60db734332 with url='http://135.225.105.160:8004/resources/version/5c84b97dead5434fa31d4b60db734332/status'
  ✓ Activated version: 5c84b97dead5434fa31d4b60db734332
  → POSTing video resource 'res-video-india-hindi-modern-contraception-contraceptive-methods' directly (no global original)
Created resource 'res-video-india-hindi-modern-contraception-contraceptive-methods' [translated] -> bcd1dbe198054719bbb548d0519bacae
DEBUG: activating version d258ef554b3544a2bcfb0438a7852bb5 with url='http://135.225.105.160:8004/resources/version/d258ef554b3544a2bcfb0438a7852bb5/status'
  ✓ Activated version: d258ef554b3544a2bcfb0438a7852bb5
  → POSTing video resource 'res-video-india-hindi-modern-contraception-mec' directly (no global original)
Created resource 'res-video-india-hindi-modern-contraception-mec' [translated] -> 5b57d79f4a7d4bae8da9d930853feb56
DEBUG: activating version 1e6d1e4c9606446186b0571fa553c2c5 with url='http://135.225.105.160:8004/resources/version/1e6d1e4c9606446186b0571fa553c2c5/status'
  ✓ Activated version: 1e6d1e4c9606446186b0571fa553c2c5
  → POSTing video resource 'res-video-india-hindi-modern-contraception-implant-insertion' directly (no global original)
Created resource 'res-video-india-hindi-modern-contraception-implant-insertion' [translated] -> eaf37787c9654667ade3d81b5b5e4b01
DEBUG: activating version b499cdd786bd45cfb9f24ad355947bdf with url='http://135.225.105.160:8004/resources/version/b499cdd786bd45cfb9f24ad355947bdf/status'
  ✓ Activated version: b499cdd786bd45cfb9f24ad355947bdf
  → POSTing video resource 'res-video-india-hindi-modern-contraception-implant-removal' directly (no global original)
Created resource 'res-video-india-hindi-modern-contraception-implant-removal' [translated] -> eea9594170ff457cacae14b44f69b6de
DEBUG: activating version 5bb586ac9dd949668c7a3c2d1ec5eccc with url='http://135.225.105.160:8004/resources/version/5bb586ac9dd949668c7a3c2d1ec5eccc/status'
  ✓ Activated version: 5bb586ac9dd949668c7a3c2d1ec5eccc
  → POSTing video resource 'res-video-india-hindi-modern-contraception-iud-insertion' directly (no global original)
Created resource 'res-video-india-hindi-modern-contraception-iud-insertion' [translated] -> 23be633112e14cc8881432394dd07a84
DEBUG: activating version ffe49868ce254608b2821d4a3ef40d50 with url='http://135.225.105.160:8004/resources/version/ffe49868ce254608b2821d4a3ef40d50/status'
  ✓ Activated version: ffe49868ce254608b2821d4a3ef40d50
  → POSTing video resource 'res-video-india-hindi-modern-contraception-ppiucd-insertion' directly (no global original)
Created resource 'res-video-india-hindi-modern-contraception-ppiucd-insertion' [translated] -> 7db772e110ab456488e15e0b6132ac88
DEBUG: activating version f9b292c27d6a499e892c16df685fe388 with url='http://135.225.105.160:8004/resources/version/f9b292c27d6a499e892c16df685fe388/status'
  ✓ Activated version: f9b292c27d6a499e892c16df685fe388
  → POSTing video resource 'res-video-india-hindi-modern-contraception-iud-removal' directly (no global original)
Created resource 'res-video-india-hindi-modern-contraception-iud-removal' [translated] -> f117f24ea23c40918f47fc9cc0913444
DEBUG: activating version f3107f8d26d64306be55b3d0b833b4d6 with url='http://135.225.105.160:8004/resources/version/f3107f8d26d64306be55b3d0b833b4d6/status'
  ✓ Activated version: f3107f8d26d64306be55b3d0b833b4d6
  → POSTing video resource 'res-video-india-hindi-antenatal-care-antenatal-care-schedule' directly (no global original)
Created resource 'res-video-india-hindi-antenatal-care-antenatal-care-schedule' [translated] -> c36ee2c14efa4e0097b3dd545d389622
DEBUG: activating version b59e1d498eef424cb1af5372efc39d4f with url='http://135.225.105.160:8004/resources/version/b59e1d498eef424cb1af5372efc39d4f/status'
  ✓ Activated version: b59e1d498eef424cb1af5372efc39d4f
  → POSTing video resource 'res-video-india-hindi-antenatal-care-counselling' directly (no global original)
Created resource 'res-video-india-hindi-antenatal-care-counselling' [translated] -> 5141ffb8dcfe4da4934a2fee5de5e4ea
DEBUG: activating version 9e886684119246008b0c5d6f25d3c2ea with url='http://135.225.105.160:8004/resources/version/9e886684119246008b0c5d6f25d3c2ea/status'
  ✓ Activated version: 9e886684119246008b0c5d6f25d3c2ea
  → POSTing video resource 'res-video-india-hindi-antenatal-care-first-contact-in-pregnancy' directly (no global original)
Created resource 'res-video-india-hindi-antenatal-care-first-contact-in-pregnancy' [translated] -> 5efe6f4a84154c83a908aa19e75e71f7
DEBUG: activating version 00a959c2d92b403c96acc2188cd84e3b with url='http://135.225.105.160:8004/resources/version/00a959c2d92b403c96acc2188cd84e3b/status'
  ✓ Activated version: 00a959c2d92b403c96acc2188cd84e3b
  → POSTing video resource 'res-video-india-hindi-antenatal-care-intro' directly (no global original)
Created resource 'res-video-india-hindi-antenatal-care-intro' [translated] -> 5b2871cf81d441878f5af5ff970bce45
DEBUG: activating version c95e1a672ecd45be8a3a67e873cbb0bb with url='http://135.225.105.160:8004/resources/version/c95e1a672ecd45be8a3a67e873cbb0bb/status'
  ✓ Activated version: c95e1a672ecd45be8a3a67e873cbb0bb
  → POSTing video resource 'res-video-india-hindi-antenatal-care-respectful-maternity-care' directly (no global original)
Created resource 'res-video-india-hindi-antenatal-care-respectful-maternity-care' [translated] -> 4ee76be3eef640588fb3404d41d85583
DEBUG: activating version fd0fb5c105ec45aba263eb5631075b53 with url='http://135.225.105.160:8004/resources/version/fd0fb5c105ec45aba263eb5631075b53/status'
  ✓ Activated version: fd0fb5c105ec45aba263eb5631075b53
  → POSTing video resource 'res-video-india-hindi-antenatal-care-routine-antenatal-assessment-of-the-foetus' directly (no global original)
Created resource 'res-video-india-hindi-antenatal-care-routine-antenatal-assessment-of-the-foetus' [translated] -> 27841ec41fb24cca9de51f5baade31aa
DEBUG: activating version 4f63a75afa9048c790dc216af5f0cca6 with url='http://135.225.105.160:8004/resources/version/4f63a75afa9048c790dc216af5f0cca6/status'
  ✓ Activated version: 4f63a75afa9048c790dc216af5f0cca6
  → POSTing video resource 'res-video-india-hindi-antenatal-care-routine-antenatal-assessment-of-the-woman' directly (no global original)
Created resource 'res-video-india-hindi-antenatal-care-routine-antenatal-assessment-of-the-woman' [translated] -> 04404a2251294f998e54759898a4d374
DEBUG: activating version 6472abe5ab3442aabc14c26764823b1e with url='http://135.225.105.160:8004/resources/version/6472abe5ab3442aabc14c26764823b1e/status'
  ✓ Activated version: 6472abe5ab3442aabc14c26764823b1e
  → POSTing video resource 'res-video-india-hindi-postnatal-care-intro' directly (no global original)
Created resource 'res-video-india-hindi-postnatal-care-intro' [translated] -> f706517aa3ac49d28fb1f886d20c0e6a
DEBUG: activating version b069e9ce2296490888e6d54adde8a37f with url='http://135.225.105.160:8004/resources/version/b069e9ce2296490888e6d54adde8a37f/status'
  ✓ Activated version: b069e9ce2296490888e6d54adde8a37f
  → POSTing video resource 'res-video-india-hindi-postnatal-care-postnatal-care-schedule' directly (no global original)
Created resource 'res-video-india-hindi-postnatal-care-postnatal-care-schedule' [translated] -> c9a9deb5b71845c99ef0d3dbc17c130a
DEBUG: activating version e8f3fcc1812041adb2f80339afaeb389 with url='http://135.225.105.160:8004/resources/version/e8f3fcc1812041adb2f80339afaeb389/status'
  ✓ Activated version: e8f3fcc1812041adb2f80339afaeb389
  → POSTing video resource 'res-video-india-hindi-postnatal-care-initial-postnatal-assessment' directly (no global original)
Created resource 'res-video-india-hindi-postnatal-care-initial-postnatal-assessment' [translated] -> 7d8008904b7044929d10b77764bc5152
DEBUG: activating version ee6c51f969c84237abe0bd5d83f09aaf with url='http://135.225.105.160:8004/resources/version/ee6c51f969c84237abe0bd5d83f09aaf/status'
  ✓ Activated version: ee6c51f969c84237abe0bd5d83f09aaf
  → POSTing video resource 'res-video-india-hindi-postnatal-care-postnatal-care-counselling' directly (no global original)
Created resource 'res-video-india-hindi-postnatal-care-postnatal-care-counselling' [translated] -> e88cff1e26154c1794a596e468917bba
DEBUG: activating version fde5f6931d2b427c94a98ecfb3a0e670 with url='http://135.225.105.160:8004/resources/version/fde5f6931d2b427c94a98ecfb3a0e670/status'
  ✓ Activated version: fde5f6931d2b427c94a98ecfb3a0e670
  → POSTing video resource 'res-video-india-hindi-postnatal-care-routine-postnatal-assessment-and-care' directly (no global original)
Created resource 'res-video-india-hindi-postnatal-care-routine-postnatal-assessment-and-care' [translated] -> 282331d31aef4353ad9ba07056151831
DEBUG: activating version 127258559ffc4f3f899387cd7cc36d28 with url='http://135.225.105.160:8004/resources/version/127258559ffc4f3f899387cd7cc36d28/status'
  ✓ Activated version: 127258559ffc4f3f899387cd7cc36d28
  → POSTing video resource 'res-video-india-hindi-postnatal-care-postnatal-pain-management' directly (no global original)
Created resource 'res-video-india-hindi-postnatal-care-postnatal-pain-management' [translated] -> 3407507a2b954a539a44eeb13655588f
DEBUG: activating version 2d73f8c093d44c60a7c83b451326e46e with url='http://135.225.105.160:8004/resources/version/2d73f8c093d44c60a7c83b451326e46e/status'
  ✓ Activated version: 2d73f8c093d44c60a7c83b451326e46e
  → POSTing video resource 'res-video-india-hindi-postnatal-care-care-of-the-newborn' directly (no global original)
Created resource 'res-video-india-hindi-postnatal-care-care-of-the-newborn' [translated] -> 44085a6117254cdeb4ab1224c7980025
DEBUG: activating version 353782ef907a4d658c99eef22d3e005a with url='http://135.225.105.160:8004/resources/version/353782ef907a4d658c99eef22d3e005a/status'
  ✓ Activated version: 353782ef907a4d658c99eef22d3e005a
  → POSTing video resource 'res-video-india-hindi-postnatal-care-routine-assessment-of-the-newborn' directly (no global original)
Created resource 'res-video-india-hindi-postnatal-care-routine-assessment-of-the-newborn' [translated] -> fceaae6af6924311b4958130eb2ffd24
DEBUG: activating version ed09e7db2fc54b6f9cadc2863776b661 with url='http://135.225.105.160:8004/resources/version/ed09e7db2fc54b6f9cadc2863776b661/status'
  ✓ Activated version: ed09e7db2fc54b6f9cadc2863776b661
  → POSTing video resource 'res-video-india-hindi-postnatal-care-newborn-care-counselling' directly (no global original)
Created resource 'res-video-india-hindi-postnatal-care-newborn-care-counselling' [translated] -> 1c188f0d807145e2b8beae87569a3d0d
DEBUG: activating version d1eaf0e909bf42a1946701b4264673bb with url='http://135.225.105.160:8004/resources/version/d1eaf0e909bf42a1946701b4264673bb/status'
  ✓ Activated version: d1eaf0e909bf42a1946701b4264673bb
  → POSTing video resource 'res-video-india-hindi-gestational-diabetes-mellitus-intro' directly (no global original)
Created resource 'res-video-india-hindi-gestational-diabetes-mellitus-intro' [translated] -> fa922d42033e44d79d5d0b8734568865
DEBUG: activating version 9fe422219a0945278db7bbc428bfc055 with url='http://135.225.105.160:8004/resources/version/9fe422219a0945278db7bbc428bfc055/status'
  ✓ Activated version: 9fe422219a0945278db7bbc428bfc055
  → POSTing video resource 'res-video-india-hindi-gestational-diabetes-mellitus-risk-factors' directly (no global original)
Created resource 'res-video-india-hindi-gestational-diabetes-mellitus-risk-factors' [translated] -> 22aeb36baf67441aaaa56abe19ad0576
DEBUG: activating version 04f46748e0024080929dc9e68848e25b with url='http://135.225.105.160:8004/resources/version/04f46748e0024080929dc9e68848e25b/status'
  ✓ Activated version: 04f46748e0024080929dc9e68848e25b
  → POSTing video resource 'res-video-india-hindi-gestational-diabetes-mellitus-screening-and-diagnosis' directly (no global original)
Created resource 'res-video-india-hindi-gestational-diabetes-mellitus-screening-and-diagnosis' [translated] -> 1e53ca3da9db4b738683d70959ba3726
DEBUG: activating version f8d89862c71d455d9ec5d9427f9db67d with url='http://135.225.105.160:8004/resources/version/f8d89862c71d455d9ec5d9427f9db67d/status'
  ✓ Activated version: f8d89862c71d455d9ec5d9427f9db67d
  → POSTing video resource 'res-video-india-hindi-gestational-diabetes-mellitus-management-of-gdm' directly (no global original)
Created resource 'res-video-india-hindi-gestational-diabetes-mellitus-management-of-gdm' [translated] -> 341b43cd068341c3bb6657911acbece2
DEBUG: activating version 0d1e9b0dc15d4336be45d3e428b2e932 with url='http://135.225.105.160:8004/resources/version/0d1e9b0dc15d4336be45d3e428b2e932/status'
  ✓ Activated version: 0d1e9b0dc15d4336be45d3e428b2e932
  → POSTing video resource 'res-video-india-hindi-gestational-diabetes-mellitus-medical-nutrition-therapy' directly (no global original)
Created resource 'res-video-india-hindi-gestational-diabetes-mellitus-medical-nutrition-therapy' [translated] -> 5e5e60eda2ce4223afd241f984ee27de
DEBUG: activating version 5ce86f79a9514e538f561e7da33e671f with url='http://135.225.105.160:8004/resources/version/5ce86f79a9514e538f561e7da33e671f/status'
  ✓ Activated version: 5ce86f79a9514e538f561e7da33e671f
  → POSTing video resource 'res-video-india-hindi-gestational-diabetes-mellitus-medical-management' directly (no global original)
Created resource 'res-video-india-hindi-gestational-diabetes-mellitus-medical-management' [translated] -> 39c3a63391804d38b045ca5be454daeb
DEBUG: activating version 1a1c43b696ff4279a2b2b3005f0ecadc with url='http://135.225.105.160:8004/resources/version/1a1c43b696ff4279a2b2b3005f0ecadc/status'
  ✓ Activated version: 1a1c43b696ff4279a2b2b3005f0ecadc
  → POSTing video resource 'res-video-india-hindi-gestational-diabetes-mellitus-referral' directly (no global original)
Created resource 'res-video-india-hindi-gestational-diabetes-mellitus-referral' [translated] -> 85d0012797b049f791a02ea10606b5ad
DEBUG: activating version 6f5663dfd1c94155a47f384a4387fc1f with url='http://135.225.105.160:8004/resources/version/6f5663dfd1c94155a47f384a4387fc1f/status'
  ✓ Activated version: 6f5663dfd1c94155a47f384a4387fc1f
  → POSTing video resource 'res-video-india-hindi-gestational-diabetes-mellitus-intrapartum-care' directly (no global original)
Created resource 'res-video-india-hindi-gestational-diabetes-mellitus-intrapartum-care' [translated] -> 613b83015208467f974461be3f4262f4
DEBUG: activating version 381e961f99db4e59898e2b9ffb8ee36f with url='http://135.225.105.160:8004/resources/version/381e961f99db4e59898e2b9ffb8ee36f/status'
  ✓ Activated version: 381e961f99db4e59898e2b9ffb8ee36f
  → POSTing video resource 'res-video-india-hindi-gestational-diabetes-mellitus-immediate-newborn-care' directly (no global original)
Created resource 'res-video-india-hindi-gestational-diabetes-mellitus-immediate-newborn-care' [translated] -> 83951d3b10f54e33a190a852947636ae
DEBUG: activating version f24add9085624a848ff675258db0a386 with url='http://135.225.105.160:8004/resources/version/f24add9085624a848ff675258db0a386/status'
  ✓ Activated version: f24add9085624a848ff675258db0a386
  → POSTing video resource 'res-video-india-hindi-gestational-diabetes-mellitus-postpartum-care' directly (no global original)
Created resource 'res-video-india-hindi-gestational-diabetes-mellitus-postpartum-care' [translated] -> 28b78c3b772b421fa6d55cefaba9e77a
DEBUG: activating version a4cc6763455a48f681e4928972d7f49d with url='http://135.225.105.160:8004/resources/version/a4cc6763455a48f681e4928972d7f49d/status'
  ✓ Activated version: a4cc6763455a48f681e4928972d7f49d
  → POSTing video resource 'res-video-india-hindi-infection-prevention-intro' directly (no global original)
Created resource 'res-video-india-hindi-infection-prevention-intro' [translated] -> 6f6686ea2aaa436a9f6782249639afd5
DEBUG: activating version 3ed293e8390b4a72a8184db0c5219b5c with url='http://135.225.105.160:8004/resources/version/3ed293e8390b4a72a8184db0c5219b5c/status'
  ✓ Activated version: 3ed293e8390b4a72a8184db0c5219b5c
  → POSTing video resource 'res-video-india-hindi-infection-prevention-hand-hygiene' directly (no global original)
Created resource 'res-video-india-hindi-infection-prevention-hand-hygiene' [translated] -> 525569ef159c4d908ca9d00376247ed8
DEBUG: activating version b366d03572e8447e8a09005732b7931d with url='http://135.225.105.160:8004/resources/version/b366d03572e8447e8a09005732b7931d/status'
  ✓ Activated version: b366d03572e8447e8a09005732b7931d
  → POSTing video resource 'res-video-india-hindi-infection-prevention-personal-protective-equipment' directly (no global original)
Created resource 'res-video-india-hindi-infection-prevention-personal-protective-equipment' [translated] -> b57e7f14122644668ee0de19788c5b86
DEBUG: activating version 4db278a889b54dafa74b9b55ca41187a with url='http://135.225.105.160:8004/resources/version/4db278a889b54dafa74b9b55ca41187a/status'
  ✓ Activated version: 4db278a889b54dafa74b9b55ca41187a
  → POSTing video resource 'res-video-india-hindi-infection-prevention-safe-reuse-of-instruments' directly (no global original)
Created resource 'res-video-india-hindi-infection-prevention-safe-reuse-of-instruments' [translated] -> 50ed0dadbd03417e8438e829f2b4af7d
DEBUG: activating version 0dfe815afd0d420eaad739532f6a7597 with url='http://135.225.105.160:8004/resources/version/0dfe815afd0d420eaad739532f6a7597/status'
  ✓ Activated version: 0dfe815afd0d420eaad739532f6a7597
  → POSTing video resource 'res-video-india-hindi-infection-prevention-prevention-of-respiratory-infections' directly (no global original)
Created resource 'res-video-india-hindi-infection-prevention-prevention-of-respiratory-infections' [translated] -> 248d8399bc744ae4aa493c4b3b494464
DEBUG: activating version 723f302d4ed74a53b5c0531fb12d089d with url='http://135.225.105.160:8004/resources/version/723f302d4ed74a53b5c0531fb12d089d/status'
  ✓ Activated version: 723f302d4ed74a53b5c0531fb12d089d
  → POSTing video resource 'res-video-india-hindi-infection-prevention-injection-safety' directly (no global original)
Created resource 'res-video-india-hindi-infection-prevention-injection-safety' [translated] -> 42d3c0dd490c459aa2c48d3278950a65
DEBUG: activating version a3d48cb7da5a47b09e44bc131980096e with url='http://135.225.105.160:8004/resources/version/a3d48cb7da5a47b09e44bc131980096e/status'
  ✓ Activated version: a3d48cb7da5a47b09e44bc131980096e
  → POSTing video resource 'res-video-india-hindi-infection-prevention-hiv-hepatitis-b-prevention' directly (no global original)
Created resource 'res-video-india-hindi-infection-prevention-hiv-hepatitis-b-prevention' [translated] -> 31668fecf8ee45d59fe15382d122d547
DEBUG: activating version 999dac9f09ea4cd187607466f8486ac4 with url='http://135.225.105.160:8004/resources/version/999dac9f09ea4cd187607466f8486ac4/status'
  ✓ Activated version: 999dac9f09ea4cd187607466f8486ac4
  → POSTing video resource 'res-video-india-hindi-post-abortion-care-intro' directly (no global original)
Created resource 'res-video-india-hindi-post-abortion-care-intro' [translated] -> ae26f904db43430d936f596da16d116a
DEBUG: activating version 88c1bb16b12c4a32ae6106b4c5e65ba5 with url='http://135.225.105.160:8004/resources/version/88c1bb16b12c4a32ae6106b4c5e65ba5/status'
  ✓ Activated version: 88c1bb16b12c4a32ae6106b4c5e65ba5
  → POSTing video resource 'res-video-india-hindi-post-abortion-care-how-to-diagnose' directly (no global original)
Created resource 'res-video-india-hindi-post-abortion-care-how-to-diagnose' [translated] -> 4c807bdf8b4741b08c34a101600b9bf2
DEBUG: activating version fb77a30d7d664ccaae5e70613043545d with url='http://135.225.105.160:8004/resources/version/fb77a30d7d664ccaae5e70613043545d/status'
  ✓ Activated version: fb77a30d7d664ccaae5e70613043545d
  → POSTing video resource 'res-video-india-hindi-post-abortion-care-how-to-manage' directly (no global original)
Created resource 'res-video-india-hindi-post-abortion-care-how-to-manage' [translated] -> 9ba5ee76321a430b816fe6647ff8d0d9
DEBUG: activating version 84ce021e0dc243e685cef3f31b451630 with url='http://135.225.105.160:8004/resources/version/84ce021e0dc243e685cef3f31b451630/status'
  ✓ Activated version: 84ce021e0dc243e685cef3f31b451630
  → POSTing video resource 'res-video-india-hindi-post-abortion-care-evacuation-of-the-uterus' directly (no global original)
Created resource 'res-video-india-hindi-post-abortion-care-evacuation-of-the-uterus' [translated] -> e0fcd49ce4904e15b088654512479d62
DEBUG: activating version b811490676af4d2e813d6203e21d0373 with url='http://135.225.105.160:8004/resources/version/b811490676af4d2e813d6203e21d0373/status'
  ✓ Activated version: b811490676af4d2e813d6203e21d0373
  → POSTing video resource 'res-video-india-hindi-post-abortion-care-manual-vacuum-aspiration' directly (no global original)
Created resource 'res-video-india-hindi-post-abortion-care-manual-vacuum-aspiration' [translated] -> e9a09049efe442898bc36095e70e28a1
DEBUG: activating version ba7fe31a98a4449c9eacc6be072a6150 with url='http://135.225.105.160:8004/resources/version/ba7fe31a98a4449c9eacc6be072a6150/status'
  ✓ Activated version: ba7fe31a98a4449c9eacc6be072a6150
  → POSTing video resource 'res-video-india-hindi-hypertension-intro' directly (no global original)
Created resource 'res-video-india-hindi-hypertension-intro' [translated] -> 5d8e56b5a1484318b4448b7169d7f487
DEBUG: activating version 96a73fa6281c47e9a0d0c3f4c53b34a6 with url='http://135.225.105.160:8004/resources/version/96a73fa6281c47e9a0d0c3f4c53b34a6/status'
  ✓ Activated version: 96a73fa6281c47e9a0d0c3f4c53b34a6
  → POSTing video resource 'res-video-india-hindi-hypertension-definitions' directly (no global original)
Created resource 'res-video-india-hindi-hypertension-definitions' [translated] -> 34d7bbd6e5274d4198237bd936044c53
DEBUG: activating version 92f1f833b4ba47dcaad385904c43ddd2 with url='http://135.225.105.160:8004/resources/version/92f1f833b4ba47dcaad385904c43ddd2/status'
  ✓ Activated version: 92f1f833b4ba47dcaad385904c43ddd2
  → POSTing video resource 'res-video-india-hindi-hypertension-causes' directly (no global original)
Created resource 'res-video-india-hindi-hypertension-causes' [translated] -> e8d5c21ac51042519f53d1e930dbbdc3
DEBUG: activating version 7a7a45949509455e827cbf86c77ee434 with url='http://135.225.105.160:8004/resources/version/7a7a45949509455e827cbf86c77ee434/status'
  ✓ Activated version: 7a7a45949509455e827cbf86c77ee434
  → POSTing video resource 'res-video-india-hindi-hypertension-how-to-diagnose' directly (no global original)
Created resource 'res-video-india-hindi-hypertension-how-to-diagnose' [translated] -> 77f7d74dac884ab78aa87bd4e14d6dc3
DEBUG: activating version 37de4f47e41047d8a31059557ea63be5 with url='http://135.225.105.160:8004/resources/version/37de4f47e41047d8a31059557ea63be5/status'
  ✓ Activated version: 37de4f47e41047d8a31059557ea63be5
  → POSTing video resource 'res-video-india-hindi-hypertension-management-of-hypertension' directly (no global original)
Created resource 'res-video-india-hindi-hypertension-management-of-hypertension' [translated] -> d29c5c1114b244b28bf77d496984487d
DEBUG: activating version 9c6f70d087c1485087a6accffe38febd with url='http://135.225.105.160:8004/resources/version/9c6f70d087c1485087a6accffe38febd/status'
  ✓ Activated version: 9c6f70d087c1485087a6accffe38febd
  → POSTing video resource 'res-video-india-hindi-hypertension-severe-preeclampsia-eclampsia' directly (no global original)
Created resource 'res-video-india-hindi-hypertension-severe-preeclampsia-eclampsia' [translated] -> 09521efdb61b4fcf8fb3a76a4bf05302
DEBUG: activating version 9b3193efb458402cbb0344379223b6ee with url='http://135.225.105.160:8004/resources/version/9b3193efb458402cbb0344379223b6ee/status'
  ✓ Activated version: 9b3193efb458402cbb0344379223b6ee
  → POSTing video resource 'res-video-india-hindi-normal-labour-and-birth-intro' directly (no global original)
Created resource 'res-video-india-hindi-normal-labour-and-birth-intro' [translated] -> bfe23cd039614a168bfa7bced78b6588
DEBUG: activating version fff9bb45b14e4f33a004e57cf1216d50 with url='http://135.225.105.160:8004/resources/version/fff9bb45b14e4f33a004e57cf1216d50/status'
  ✓ Activated version: fff9bb45b14e4f33a004e57cf1216d50
  → POSTing video resource 'res-video-india-hindi-normal-labour-and-birth-respectful-care' directly (no global original)
Created resource 'res-video-india-hindi-normal-labour-and-birth-respectful-care' [translated] -> f0c97f829f934849946bed2afadcd259
DEBUG: activating version 4b9a3e479cef43dfbf3de145878aa432 with url='http://135.225.105.160:8004/resources/version/4b9a3e479cef43dfbf3de145878aa432/status'
  ✓ Activated version: 4b9a3e479cef43dfbf3de145878aa432
  → POSTing video resource 'res-video-india-hindi-normal-labour-and-birth-initial-assessment' directly (no global original)
Created resource 'res-video-india-hindi-normal-labour-and-birth-initial-assessment' [translated] -> b1e0dfe09fdb4606906549ab87186e0a
DEBUG: activating version 4dd9fbd2f042477cae4e339a8030253f with url='http://135.225.105.160:8004/resources/version/4dd9fbd2f042477cae4e339a8030253f/status'
  ✓ Activated version: 4dd9fbd2f042477cae4e339a8030253f
  → POSTing video resource 'res-video-india-hindi-normal-labour-and-birth-1st-stage-latent-phase' directly (no global original)
Created resource 'res-video-india-hindi-normal-labour-and-birth-1st-stage-latent-phase' [translated] -> 792324a78bec4c85a425cf21a8e549cb
DEBUG: activating version 8efaa0c5955f4d0998ddd59cfafe1eaf with url='http://135.225.105.160:8004/resources/version/8efaa0c5955f4d0998ddd59cfafe1eaf/status'
  ✓ Activated version: 8efaa0c5955f4d0998ddd59cfafe1eaf
  → POSTing video resource 'res-video-india-hindi-normal-labour-and-birth-1st-stage-active-phase' directly (no global original)
Created resource 'res-video-india-hindi-normal-labour-and-birth-1st-stage-active-phase' [translated] -> 06c5ea8ab95f4bd7a72f269a3e85ffda
DEBUG: activating version ddeaed75d7df48aeaf0132c35645d346 with url='http://135.225.105.160:8004/resources/version/ddeaed75d7df48aeaf0132c35645d346/status'
  ✓ Activated version: ddeaed75d7df48aeaf0132c35645d346
  → POSTing video resource 'res-video-india-hindi-normal-labour-and-birth-partograph' directly (no global original)
Created resource 'res-video-india-hindi-normal-labour-and-birth-partograph' [translated] -> 2b8694584df345b48d689a3bb911e1c5
DEBUG: activating version 3e003607081f4a3c9631f3f4deb40477 with url='http://135.225.105.160:8004/resources/version/3e003607081f4a3c9631f3f4deb40477/status'
  ✓ Activated version: 3e003607081f4a3c9631f3f4deb40477
  → POSTing video resource 'res-video-india-hindi-normal-labour-and-birth-supportive-care' directly (no global original)
Created resource 'res-video-india-hindi-normal-labour-and-birth-supportive-care' [translated] -> 6c1b6bd4f30a4893b40ce8fac6c6175b
DEBUG: activating version 5a1ddf9056a241c09d8cd7c90ad663ea with url='http://135.225.105.160:8004/resources/version/5a1ddf9056a241c09d8cd7c90ad663ea/status'
  ✓ Activated version: 5a1ddf9056a241c09d8cd7c90ad663ea
  → POSTing video resource 'res-video-india-hindi-normal-labour-and-birth-2nd-stage-cervix-fully-dilated' directly (no global original)
Created resource 'res-video-india-hindi-normal-labour-and-birth-2nd-stage-cervix-fully-dilated' [translated] -> 6d3b939d71cc4097ae096c912f309a9b
DEBUG: activating version 4702ddfb9fe749109b8291b5acf644f6 with url='http://135.225.105.160:8004/resources/version/4702ddfb9fe749109b8291b5acf644f6/status'
  ✓ Activated version: 4702ddfb9fe749109b8291b5acf644f6
  → POSTing video resource 'res-video-india-hindi-normal-labour-and-birth-2nd-stage-delivering-the-baby' directly (no global original)
Created resource 'res-video-india-hindi-normal-labour-and-birth-2nd-stage-delivering-the-baby' [translated] -> f9d120cbc0514247b02fe10f1a279f4d
DEBUG: activating version d81cab9acf044618a1d949d4e2f19365 with url='http://135.225.105.160:8004/resources/version/d81cab9acf044618a1d949d4e2f19365/status'
  ✓ Activated version: d81cab9acf044618a1d949d4e2f19365
  → POSTing video resource 'res-video-india-hindi-active-management-of-third-stage-labour-intro' directly (no global original)
Created resource 'res-video-india-hindi-active-management-of-third-stage-labour-intro' [translated] -> 58976feb891d448ea994ae369a9607ca
DEBUG: activating version fbf108f4dd544ac2a2edbd5cb6d71b15 with url='http://135.225.105.160:8004/resources/version/fbf108f4dd544ac2a2edbd5cb6d71b15/status'
  ✓ Activated version: fbf108f4dd544ac2a2edbd5cb6d71b15
  → POSTing video resource 'res-video-india-hindi-active-management-of-third-stage-labour-give-a-uterotonic-drug' directly (no global original)
Created resource 'res-video-india-hindi-active-management-of-third-stage-labour-give-a-uterotonic-drug' [translated] -> 12eadcca6e1d453889a44f1327f80a80
DEBUG: activating version a30c832b88614f9e9ba85a04e3482d4e with url='http://135.225.105.160:8004/resources/version/a30c832b88614f9e9ba85a04e3482d4e/status'
  ✓ Activated version: a30c832b88614f9e9ba85a04e3482d4e
  → POSTing video resource 'res-video-india-hindi-active-management-of-third-stage-labour-assess-the-newborn' directly (no global original)
Created resource 'res-video-india-hindi-active-management-of-third-stage-labour-assess-the-newborn' [translated] -> 30ebfd7829744a3c804fbef0fb6a8a60
DEBUG: activating version b55335556ce7489f86821bc7a1e63316 with url='http://135.225.105.160:8004/resources/version/b55335556ce7489f86821bc7a1e63316/status'
  ✓ Activated version: b55335556ce7489f86821bc7a1e63316
  → POSTing video resource 'res-video-india-hindi-active-management-of-third-stage-labour-clamp-and-cut-the-umbilical-cord' directly (no global original)
Created resource 'res-video-india-hindi-active-management-of-third-stage-labour-clamp-and-cut-the-umbilical-cord' [translated] -> 02defeb70fe54f1f95e0ecd11d4debd7
DEBUG: activating version b341e901b14c4fd0966f8201b341c570 with url='http://135.225.105.160:8004/resources/version/b341e901b14c4fd0966f8201b341c570/status'
  ✓ Activated version: b341e901b14c4fd0966f8201b341c570
  → POSTing video resource 'res-video-india-hindi-active-management-of-third-stage-labour-controlled-cord-traction' directly (no global original)
Created resource 'res-video-india-hindi-active-management-of-third-stage-labour-controlled-cord-traction' [translated] -> 974fa014526740108fa33f15d53aa2d8
DEBUG: activating version fb561d9c74654338939494e068f96620 with url='http://135.225.105.160:8004/resources/version/fb561d9c74654338939494e068f96620/status'
  ✓ Activated version: fb561d9c74654338939494e068f96620
  → POSTing video resource 'res-video-india-hindi-active-management-of-third-stage-labour-uterine-massage' directly (no global original)
Created resource 'res-video-india-hindi-active-management-of-third-stage-labour-uterine-massage' [translated] -> 2bbd049f357d4eb78cdd94a6367eed73
DEBUG: activating version 937b3723e29a459db12b58e3f293726a with url='http://135.225.105.160:8004/resources/version/937b3723e29a459db12b58e3f293726a/status'
  ✓ Activated version: 937b3723e29a459db12b58e3f293726a
  → POSTing video resource 'res-video-india-hindi-active-management-of-third-stage-labour-examine-the-placenta' directly (no global original)
Created resource 'res-video-india-hindi-active-management-of-third-stage-labour-examine-the-placenta' [translated] -> ada5527d47274fe29fcffff714f47b38
DEBUG: activating version 9ca4138f183b4788be5a917f86ca10bc with url='http://135.225.105.160:8004/resources/version/9ca4138f183b4788be5a917f86ca10bc/status'
  ✓ Activated version: 9ca4138f183b4788be5a917f86ca10bc
  → POSTing video resource 'res-video-india-hindi-active-management-of-third-stage-labour-monitoring' directly (no global original)
Created resource 'res-video-india-hindi-active-management-of-third-stage-labour-monitoring' [translated] -> 01dd9cbbe20240c6aad20535be87f4e2
DEBUG: activating version eff4544134854eda887a644b3f650c0a with url='http://135.225.105.160:8004/resources/version/eff4544134854eda887a644b3f650c0a/status'
  ✓ Activated version: eff4544134854eda887a644b3f650c0a
  → POSTing video resource 'res-video-india-hindi-active-management-of-third-stage-labour-early-breastfeeding' directly (no global original)
Created resource 'res-video-india-hindi-active-management-of-third-stage-labour-early-breastfeeding' [translated] -> 33effa0371ad4c3292cfacb8139e87cc
DEBUG: activating version d4406213a19d4735a1c4d8b48d6aaa9d with url='http://135.225.105.160:8004/resources/version/d4406213a19d4735a1c4d8b48d6aaa9d/status'
  ✓ Activated version: d4406213a19d4735a1c4d8b48d6aaa9d
  → POSTing video resource 'res-video-india-hindi-prolonged-labour-intro' directly (no global original)
Created resource 'res-video-india-hindi-prolonged-labour-intro' [translated] -> 92348a5dd31944b88946c13298efc976
DEBUG: activating version 6f9469a13fdb468fb4e8e5a7fa674203 with url='http://135.225.105.160:8004/resources/version/6f9469a13fdb468fb4e8e5a7fa674203/status'
  ✓ Activated version: 6f9469a13fdb468fb4e8e5a7fa674203
  → POSTing video resource 'res-video-india-hindi-prolonged-labour-causes' directly (no global original)
Created resource 'res-video-india-hindi-prolonged-labour-causes' [translated] -> 578110bc6fbc4e06ab3ba0a60a1b2372
DEBUG: activating version dbbae91458a6462ebd5b2041367bbd4d with url='http://135.225.105.160:8004/resources/version/dbbae91458a6462ebd5b2041367bbd4d/status'
  ✓ Activated version: dbbae91458a6462ebd5b2041367bbd4d
  → POSTing video resource 'res-video-india-hindi-prolonged-labour-1st-stage-latent-phase' directly (no global original)
Created resource 'res-video-india-hindi-prolonged-labour-1st-stage-latent-phase' [translated] -> 4e263335c23d46e5a687816f3193392f
DEBUG: activating version 847e112c39d040b1b9c7d3172d424cc5 with url='http://135.225.105.160:8004/resources/version/847e112c39d040b1b9c7d3172d424cc5/status'
  ✓ Activated version: 847e112c39d040b1b9c7d3172d424cc5
  → POSTing video resource 'res-video-india-hindi-prolonged-labour-1st-stage-active-phase' directly (no global original)
Created resource 'res-video-india-hindi-prolonged-labour-1st-stage-active-phase' [translated] -> 0c55703f3b634dcdbc359a5c60a4ac24
DEBUG: activating version 2dafd442cd744b97adc75d6d9b37f246 with url='http://135.225.105.160:8004/resources/version/2dafd442cd744b97adc75d6d9b37f246/status'
  ✓ Activated version: 2dafd442cd744b97adc75d6d9b37f246
  → POSTing video resource 'res-video-india-hindi-prolonged-labour-2nd-stage-prolonged' directly (no global original)
Created resource 'res-video-india-hindi-prolonged-labour-2nd-stage-prolonged' [translated] -> 556faa41f0b94631a0bea5b7e1a09904
DEBUG: activating version bc7cb09b0b9d4b5781e1fb32a35bf808 with url='http://135.225.105.160:8004/resources/version/bc7cb09b0b9d4b5781e1fb32a35bf808/status'
  ✓ Activated version: bc7cb09b0b9d4b5781e1fb32a35bf808
  → POSTing video resource 'res-video-india-hindi-prolonged-labour-2nd-stage-vacuum-extraction' directly (no global original)
Created resource 'res-video-india-hindi-prolonged-labour-2nd-stage-vacuum-extraction' [translated] -> 3afd675215824ab380ee0dcc7e1b0500
DEBUG: activating version 81ba712bd7aa4b50a17d2395e6104df9 with url='http://135.225.105.160:8004/resources/version/81ba712bd7aa4b50a17d2395e6104df9/status'
  ✓ Activated version: 81ba712bd7aa4b50a17d2395e6104df9
  → POSTing video resource 'res-video-india-hindi-post-partum-hemorrhage-intro' directly (no global original)
Created resource 'res-video-india-hindi-post-partum-hemorrhage-intro' [translated] -> a9fe171c26094e738e1bffc6a2d67b2c
DEBUG: activating version 1e865cc7c0d941e68f84eb3d17142f67 with url='http://135.225.105.160:8004/resources/version/1e865cc7c0d941e68f84eb3d17142f67/status'
  ✓ Activated version: 1e865cc7c0d941e68f84eb3d17142f67
  → POSTing video resource 'res-video-india-hindi-post-partum-hemorrhage-immediate-management' directly (no global original)
Created resource 'res-video-india-hindi-post-partum-hemorrhage-immediate-management' [translated] -> 23c3b68af8a345c2bd6aac509d64908f
DEBUG: activating version 1497a216b5004708a8029b987d2d3017 with url='http://135.225.105.160:8004/resources/version/1497a216b5004708a8029b987d2d3017/status'
  ✓ Activated version: 1497a216b5004708a8029b987d2d3017
  → POSTing video resource 'res-video-india-hindi-post-partum-hemorrhage-causes-of-pph' directly (no global original)
Created resource 'res-video-india-hindi-post-partum-hemorrhage-causes-of-pph' [translated] -> ea5d970d7666457cb0ff330abfae1765
DEBUG: activating version fc6d0c78f9e04187b005e9a22ce232ad with url='http://135.225.105.160:8004/resources/version/fc6d0c78f9e04187b005e9a22ce232ad/status'
  ✓ Activated version: fc6d0c78f9e04187b005e9a22ce232ad
  → POSTing video resource 'res-video-india-hindi-post-partum-hemorrhage-tone' directly (no global original)
Created resource 'res-video-india-hindi-post-partum-hemorrhage-tone' [translated] -> ed105f59d4d84e169df30618674dd223
DEBUG: activating version ee4ff75437974445a318a581372c2a9b with url='http://135.225.105.160:8004/resources/version/ee4ff75437974445a318a581372c2a9b/status'
  ✓ Activated version: ee4ff75437974445a318a581372c2a9b
  → POSTing video resource 'res-video-india-hindi-post-partum-hemorrhage-bimanual-compression' directly (no global original)
Created resource 'res-video-india-hindi-post-partum-hemorrhage-bimanual-compression' [translated] -> 4005ca08e93b4dc192707b395d9e073a
DEBUG: activating version 9988d1ed30d04cdaa83faf53f877b43b with url='http://135.225.105.160:8004/resources/version/9988d1ed30d04cdaa83faf53f877b43b/status'
  ✓ Activated version: 9988d1ed30d04cdaa83faf53f877b43b
  → POSTing video resource 'res-video-india-hindi-post-partum-hemorrhage-aorta-compression' directly (no global original)
Created resource 'res-video-india-hindi-post-partum-hemorrhage-aorta-compression' [translated] -> 06ee7cf023c246cfa48188e9cd91e6b9
DEBUG: activating version 0b76f098d0944ee188f9e93af887609c with url='http://135.225.105.160:8004/resources/version/0b76f098d0944ee188f9e93af887609c/status'
  ✓ Activated version: 0b76f098d0944ee188f9e93af887609c
  → POSTing video resource 'res-video-india-hindi-post-partum-hemorrhage-uterine-balloon-tamponade' directly (no global original)
Created resource 'res-video-india-hindi-post-partum-hemorrhage-uterine-balloon-tamponade' [translated] -> a4ee360670a043b283e9565abfaffcb3
DEBUG: activating version 5ad84e7b68a34eb49a196750e7bc0522 with url='http://135.225.105.160:8004/resources/version/5ad84e7b68a34eb49a196750e7bc0522/status'
  ✓ Activated version: 5ad84e7b68a34eb49a196750e7bc0522
  → POSTing video resource 'res-video-india-hindi-post-partum-hemorrhage-trauma' directly (no global original)
Created resource 'res-video-india-hindi-post-partum-hemorrhage-trauma' [translated] -> fcb30ace16974fe09e63cdc87f126202
DEBUG: activating version fe53bbe65e3f45d5b58e4a05a097183e with url='http://135.225.105.160:8004/resources/version/fe53bbe65e3f45d5b58e4a05a097183e/status'
  ✓ Activated version: fe53bbe65e3f45d5b58e4a05a097183e
  → POSTing video resource 'res-video-india-hindi-post-partum-hemorrhage-tissue' directly (no global original)
Created resource 'res-video-india-hindi-post-partum-hemorrhage-tissue' [translated] -> 471e57526f244b3480d3d3c0764a0cb6
DEBUG: activating version acdcfb76215c44b59d3294ae1a10aec6 with url='http://135.225.105.160:8004/resources/version/acdcfb76215c44b59d3294ae1a10aec6/status'
  ✓ Activated version: acdcfb76215c44b59d3294ae1a10aec6
  → POSTing video resource 'res-video-india-hindi-post-partum-hemorrhage-monitoring-after-bleeding' directly (no global original)
Created resource 'res-video-india-hindi-post-partum-hemorrhage-monitoring-after-bleeding' [translated] -> 353900903f05447e8c228cbe305cf337
DEBUG: activating version 9348da943d7c49be92c840f904ea23fd with url='http://135.225.105.160:8004/resources/version/9348da943d7c49be92c840f904ea23fd/status'
  ✓ Activated version: 9348da943d7c49be92c840f904ea23fd
  → POSTing video resource 'res-video-india-hindi-post-partum-hemorrhage-referral' directly (no global original)
Created resource 'res-video-india-hindi-post-partum-hemorrhage-referral' [translated] -> bf5d2a816ff548d78b337a0e450bbf7b
DEBUG: activating version a597683e60a546ddacb45a0056e0ce5b with url='http://135.225.105.160:8004/resources/version/a597683e60a546ddacb45a0056e0ce5b/status'
  ✓ Activated version: a597683e60a546ddacb45a0056e0ce5b
  → POSTing video resource 'res-video-india-hindi-manual-removal-of-placenta-intro' directly (no global original)
Created resource 'res-video-india-hindi-manual-removal-of-placenta-intro' [translated] -> 1ed4a86b25b74390b7f6685c64d58d9a
DEBUG: activating version 0b97d561f6b3459fbaa268088a4ca84a with url='http://135.225.105.160:8004/resources/version/0b97d561f6b3459fbaa268088a4ca84a/status'
  ✓ Activated version: 0b97d561f6b3459fbaa268088a4ca84a
  → POSTing video resource 'res-video-india-hindi-manual-removal-of-placenta-resuscitation' directly (no global original)
Created resource 'res-video-india-hindi-manual-removal-of-placenta-resuscitation' [translated] -> cacc9d2254db43ceb84183bf63afc00d
DEBUG: activating version 7502fec4a4744685acaa17624369bae6 with url='http://135.225.105.160:8004/resources/version/7502fec4a4744685acaa17624369bae6/status'
  ✓ Activated version: 7502fec4a4744685acaa17624369bae6
  → POSTing video resource 'res-video-india-hindi-manual-removal-of-placenta-drugs-before-removal' directly (no global original)
Created resource 'res-video-india-hindi-manual-removal-of-placenta-drugs-before-removal' [translated] -> 245cf543822c43f68ac71a56d9aa3547
DEBUG: activating version 2720422086e249b7904e7fb55277fc0c with url='http://135.225.105.160:8004/resources/version/2720422086e249b7904e7fb55277fc0c/status'
  ✓ Activated version: 2720422086e249b7904e7fb55277fc0c
  → POSTing video resource 'res-video-india-hindi-manual-removal-of-placenta-remove-the-placenta' directly (no global original)
Created resource 'res-video-india-hindi-manual-removal-of-placenta-remove-the-placenta' [translated] -> 09793f7857284de7873fb9802f9f6178
DEBUG: activating version 8347a51b27804968a38745081bab098f with url='http://135.225.105.160:8004/resources/version/8347a51b27804968a38745081bab098f/status'
  ✓ Activated version: 8347a51b27804968a38745081bab098f
  → POSTing video resource 'res-video-india-hindi-manual-removal-of-placenta-monitoring' directly (no global original)
Created resource 'res-video-india-hindi-manual-removal-of-placenta-monitoring' [translated] -> d410c557f3e34d00b95091558b8befff
DEBUG: activating version 434df31489584f9a8873b43709227b7a with url='http://135.225.105.160:8004/resources/version/434df31489584f9a8873b43709227b7a/status'
  ✓ Activated version: 434df31489584f9a8873b43709227b7a
  → POSTing video resource 'res-video-india-hindi-manual-removal-of-placenta-referral' directly (no global original)
Created resource 'res-video-india-hindi-manual-removal-of-placenta-referral' [translated] -> 7770d81056ec4aa0b47ecc805afb5dfa
DEBUG: activating version a09a5c32a2cd45099a6d66bae257a4c1 with url='http://135.225.105.160:8004/resources/version/a09a5c32a2cd45099a6d66bae257a4c1/status'
  ✓ Activated version: a09a5c32a2cd45099a6d66bae257a4c1
  → POSTing video resource 'res-video-india-hindi-maternal-sepsis-intro' directly (no global original)
Created resource 'res-video-india-hindi-maternal-sepsis-intro' [translated] -> 85e3d70026564c56b2420dca3986bfb7
DEBUG: activating version 12f45cf9573d4eafa519626784294abc with url='http://135.225.105.160:8004/resources/version/12f45cf9573d4eafa519626784294abc/status'
  ✓ Activated version: 12f45cf9573d4eafa519626784294abc
  → POSTing video resource 'res-video-india-hindi-maternal-sepsis-how-to-diagnose-definitions' directly (no global original)
Created resource 'res-video-india-hindi-maternal-sepsis-how-to-diagnose-definitions' [translated] -> b8ef9159f34f44f7bfe9876d97e35a02
DEBUG: activating version da6b5003ed73422686a64da59ae16bfb with url='http://135.225.105.160:8004/resources/version/da6b5003ed73422686a64da59ae16bfb/status'
  ✓ Activated version: da6b5003ed73422686a64da59ae16bfb
  → POSTing video resource 'res-video-india-hindi-maternal-sepsis-how-to-manage' directly (no global original)
Created resource 'res-video-india-hindi-maternal-sepsis-how-to-manage' [translated] -> c6396fce93b745adb7d9ac4f38d03330
DEBUG: activating version 47db698a564d47aa9fd3da6bc0e1b62a with url='http://135.225.105.160:8004/resources/version/47db698a564d47aa9fd3da6bc0e1b62a/status'
  ✓ Activated version: 47db698a564d47aa9fd3da6bc0e1b62a
  → POSTing video resource 'res-video-india-hindi-maternal-sepsis-following-management' directly (no global original)
Created resource 'res-video-india-hindi-maternal-sepsis-following-management' [translated] -> 2f8e3b4910424d4097e763d22f94e6da
DEBUG: activating version 00cb9c89c1f04f66973e7b2ff87d9039 with url='http://135.225.105.160:8004/resources/version/00cb9c89c1f04f66973e7b2ff87d9039/status'
  ✓ Activated version: 00cb9c89c1f04f66973e7b2ff87d9039
  → POSTing video resource 'res-video-india-hindi-maternal-sepsis-origin-of-infection' directly (no global original)
Created resource 'res-video-india-hindi-maternal-sepsis-origin-of-infection' [translated] -> 4c5024260e054850b775d81092ae879e
DEBUG: activating version be6afbe029c14ab6addcd55e1fe42210 with url='http://135.225.105.160:8004/resources/version/be6afbe029c14ab6addcd55e1fe42210/status'
  ✓ Activated version: be6afbe029c14ab6addcd55e1fe42210
  → POSTing video resource 'res-video-india-hindi-maternal-sepsis-hiv' directly (no global original)
Created resource 'res-video-india-hindi-maternal-sepsis-hiv' [translated] -> c9b7db2f8df5472598b6d5d9d1da789e
DEBUG: activating version 347a684fda7a453ab4fa61dadaeca3da with url='http://135.225.105.160:8004/resources/version/347a684fda7a453ab4fa61dadaeca3da/status'
  ✓ Activated version: 347a684fda7a453ab4fa61dadaeca3da
  → POSTing video resource 'res-video-india-hindi-neonatal-resuscitation-intro' directly (no global original)
Created resource 'res-video-india-hindi-neonatal-resuscitation-intro' [translated] -> 36746bb54ef0457288352e2d4c025611
DEBUG: activating version 3beea8e3a885489ba244173f26366347 with url='http://135.225.105.160:8004/resources/version/3beea8e3a885489ba244173f26366347/status'
  ✓ Activated version: 3beea8e3a885489ba244173f26366347
  → POSTing video resource 'res-video-india-hindi-neonatal-resuscitation-assess-the-newborn' directly (no global original)
Created resource 'res-video-india-hindi-neonatal-resuscitation-assess-the-newborn' [translated] -> ab8d4c2d016147aabd294cd4c368b616
DEBUG: activating version 61e7b6cc2ced4935bd36dfdd2fc2da27 with url='http://135.225.105.160:8004/resources/version/61e7b6cc2ced4935bd36dfdd2fc2da27/status'
  ✓ Activated version: 61e7b6cc2ced4935bd36dfdd2fc2da27
  → POSTing video resource 'res-video-india-hindi-neonatal-resuscitation-airway' directly (no global original)
Created resource 'res-video-india-hindi-neonatal-resuscitation-airway' [translated] -> f2e09ad42b0a4863a280a3e61f7d987c
DEBUG: activating version 9956a3fbe7ad4b049b9cbfdcf7a77677 with url='http://135.225.105.160:8004/resources/version/9956a3fbe7ad4b049b9cbfdcf7a77677/status'
  ✓ Activated version: 9956a3fbe7ad4b049b9cbfdcf7a77677
  → POSTing video resource 'res-video-india-hindi-neonatal-resuscitation-when-to-stop-resuscitation' directly (no global original)
Created resource 'res-video-india-hindi-neonatal-resuscitation-when-to-stop-resuscitation' [translated] -> fe61563714134fba8c08609b31522a29
DEBUG: activating version 24e99ba28a77442882bb9c35b7f38111 with url='http://135.225.105.160:8004/resources/version/24e99ba28a77442882bb9c35b7f38111/status'
  ✓ Activated version: 24e99ba28a77442882bb9c35b7f38111
  → POSTing video resource 'res-video-india-hindi-neonatal-resuscitation-monitoring' directly (no global original)
Created resource 'res-video-india-hindi-neonatal-resuscitation-monitoring' [translated] -> 87b11a4827cf46cb8abc2443f215ca8a
DEBUG: activating version 8c69d3946a194cdaacf4ef811809e5b0 with url='http://135.225.105.160:8004/resources/version/8c69d3946a194cdaacf4ef811809e5b0/status'
  ✓ Activated version: 8c69d3946a194cdaacf4ef811809e5b0
  → POSTing video resource 'res-video-india-hindi-neonatal-resuscitation-referral' directly (no global original)
Created resource 'res-video-india-hindi-neonatal-resuscitation-referral' [translated] -> c9fa1936c39341cb88e99e768d4eae07
DEBUG: activating version c4783fd1479d44f19cbe2a589ac4bd40 with url='http://135.225.105.160:8004/resources/version/c4783fd1479d44f19cbe2a589ac4bd40/status'
  ✓ Activated version: c4783fd1479d44f19cbe2a589ac4bd40
  → POSTing video resource 'res-video-india-hindi-care-of-the-sick-newborn-intro' directly (no global original)
Created resource 'res-video-india-hindi-care-of-the-sick-newborn-intro' [translated] -> 35fbcb706d7e41f1859243b86454b967
DEBUG: activating version ff91308ea94a4a19a9d66f8f10cfa605 with url='http://135.225.105.160:8004/resources/version/ff91308ea94a4a19a9d66f8f10cfa605/status'
  ✓ Activated version: ff91308ea94a4a19a9d66f8f10cfa605
  → POSTing video resource 'res-video-india-hindi-care-of-the-sick-newborn-emergency-signs' directly (no global original)
Created resource 'res-video-india-hindi-care-of-the-sick-newborn-emergency-signs' [translated] -> 7ab898ecd3364945b1f0e033b8d2be4e
DEBUG: activating version 285b1bf4cbd34b85b4a9fcaf796ec447 with url='http://135.225.105.160:8004/resources/version/285b1bf4cbd34b85b4a9fcaf796ec447/status'
  ✓ Activated version: 285b1bf4cbd34b85b4a9fcaf796ec447
  → POSTing video resource 'res-video-india-hindi-care-of-the-sick-newborn-management-of-emergency-signs' directly (no global original)
Created resource 'res-video-india-hindi-care-of-the-sick-newborn-management-of-emergency-signs' [translated] -> 3915c2138ca1439e8ac729a108dcd44f
DEBUG: activating version e25f9b426f9b4cdfafae03ed357bbfd8 with url='http://135.225.105.160:8004/resources/version/e25f9b426f9b4cdfafae03ed357bbfd8/status'
  ✓ Activated version: e25f9b426f9b4cdfafae03ed357bbfd8
  → POSTing video resource 'res-video-india-hindi-care-of-the-sick-newborn-referral' directly (no global original)
Created resource 'res-video-india-hindi-care-of-the-sick-newborn-referral' [translated] -> 7017c76fb54c47a293a5fc1611ad0aa1
DEBUG: activating version 3c4c3da266ca46b4accecd51011325fe with url='http://135.225.105.160:8004/resources/version/3c4c3da266ca46b4accecd51011325fe/status'
  ✓ Activated version: 3c4c3da266ca46b4accecd51011325fe
  → POSTing video resource 'res-video-india-hindi-low-birth-weight-intro' directly (no global original)
Created resource 'res-video-india-hindi-low-birth-weight-intro' [translated] -> 907afc882d7743ef9058d9f61466b4c4
DEBUG: activating version 7dcd100b53924ebd81e6cb4b8c769ba0 with url='http://135.225.105.160:8004/resources/version/7dcd100b53924ebd81e6cb4b8c769ba0/status'
  ✓ Activated version: 7dcd100b53924ebd81e6cb4b8c769ba0
  → POSTing video resource 'res-video-india-hindi-low-birth-weight-initial-care-of-the-low-birth-weight' directly (no global original)
Created resource 'res-video-india-hindi-low-birth-weight-initial-care-of-the-low-birth-weight' [translated] -> c664b0f73df9419e9440aff9c7ce3296
DEBUG: activating version 43fdf204313643f08866dedceb42bc70 with url='http://135.225.105.160:8004/resources/version/43fdf204313643f08866dedceb42bc70/status'
  ✓ Activated version: 43fdf204313643f08866dedceb42bc70
  → POSTing video resource 'res-video-india-hindi-low-birth-weight-kangaroo-mother-care' directly (no global original)
Created resource 'res-video-india-hindi-low-birth-weight-kangaroo-mother-care' [translated] -> 0c5c54f45ee643f28afb8bd03f84fd72
DEBUG: activating version 485581d5957e4f3c8a14ac86ab14edff with url='http://135.225.105.160:8004/resources/version/485581d5957e4f3c8a14ac86ab14edff/status'
  ✓ Activated version: 485581d5957e4f3c8a14ac86ab14edff
  → POSTing video resource 'res-video-india-hindi-low-birth-weight-feeding' directly (no global original)
Created resource 'res-video-india-hindi-low-birth-weight-feeding' [translated] -> eb0482c6ffe9478b8ff8fead644637ae
DEBUG: activating version 892a0d1535b449e2a6c4fee73c4a8509 with url='http://135.225.105.160:8004/resources/version/892a0d1535b449e2a6c4fee73c4a8509/status'
  ✓ Activated version: 892a0d1535b449e2a6c4fee73c4a8509
  → POSTing video resource 'res-video-india-hindi-low-birth-weight-danger-signs' directly (no global original)
Created resource 'res-video-india-hindi-low-birth-weight-danger-signs' [translated] -> e69c572e5b854b9cb4d1af6866528612
DEBUG: activating version 2d545991bc674f41964b52fcdaf1624f with url='http://135.225.105.160:8004/resources/version/2d545991bc674f41964b52fcdaf1624f/status'
  ✓ Activated version: 2d545991bc674f41964b52fcdaf1624f
  → POSTing video resource 'res-video-india-hindi-low-birth-weight-referral' directly (no global original)
Created resource 'res-video-india-hindi-low-birth-weight-referral' [translated] -> e66c14ec082c485db3ca83aa9603539b
DEBUG: activating version 2659c19c406c4f8da1dcf9d1e170c389 with url='http://135.225.105.160:8004/resources/version/2659c19c406c4f8da1dcf9d1e170c389/status'
  ✓ Activated version: 2659c19c406c4f8da1dcf9d1e170c389
  → POSTing video resource 'res-video-india-hindi-low-birth-weight-respectful-care' directly (no global original)
Created resource 'res-video-india-hindi-low-birth-weight-respectful-care' [translated] -> c3de66479c4341b1a4cdb42e459a00a6
DEBUG: activating version 8dc53bcc97b24a0186505b719464a4d9 with url='http://135.225.105.160:8004/resources/version/8dc53bcc97b24a0186505b719464a4d9/status'
  ✓ Activated version: 8dc53bcc97b24a0186505b719464a4d9
Updated resource 'res-drug-combined-oral-contraceptives' [translated] -> eaf50fd0fb5d4df2a420dd67ced48d0d
DEBUG: activating version 80bbd18445da4bbd9593c2ac6b75a53b with url='http://135.225.105.160:8004/resources/version/80bbd18445da4bbd9593c2ac6b75a53b/status'
  ✓ Activated version: 80bbd18445da4bbd9593c2ac6b75a53b
Updated resource 'res-drug-copper-intrauterine-device-iud' [translated] -> 7c3a656464f14d0d9d303fc3abaa4061
DEBUG: activating version 9f4bf5c67e7049cc90db3c7142ec0b1b with url='http://135.225.105.160:8004/resources/version/9f4bf5c67e7049cc90db3c7142ec0b1b/status'
  ✓ Activated version: 9f4bf5c67e7049cc90db3c7142ec0b1b
Updated resource 'res-drug-emergency-contraceptive-pills' [translated] -> b60914b2513741fd93d59d4bc20f15c9
DEBUG: activating version a1d0c329d7024f56ba8fd0aeeb72cb4f with url='http://135.225.105.160:8004/resources/version/a1d0c329d7024f56ba8fd0aeeb72cb4f/status'
  ✓ Activated version: a1d0c329d7024f56ba8fd0aeeb72cb4f
Updated resource 'res-drug-monthly-injectables' [translated] -> 9df0b381fbf742d2aa0be0125981a767
DEBUG: activating version ab7efb016d12407c9599e4f34b71c654 with url='http://135.225.105.160:8004/resources/version/ab7efb016d12407c9599e4f34b71c654/status'
  ✓ Activated version: ab7efb016d12407c9599e4f34b71c654
Updated resource 'res-drug-centchroman-pills' [translated] -> 5dcb72c4a78d414f89a8a091b47f1146
DEBUG: activating version a79a56bcf751494690aab6cd636350a5 with url='http://135.225.105.160:8004/resources/version/a79a56bcf751494690aab6cd636350a5/status'
  ✓ Activated version: a79a56bcf751494690aab6cd636350a5
Updated resource 'res-drug-progesterone-only-pills' [translated] -> a4b329a60f3a4a248b6b93c4db7f0fe2
DEBUG: activating version ec574e1299704d37ab22c0b0e98a60b1 with url='http://135.225.105.160:8004/resources/version/ec574e1299704d37ab22c0b0e98a60b1/status'
  ✓ Activated version: ec574e1299704d37ab22c0b0e98a60b1
Updated resource 'res-drug-xylocaine' [translated] -> 2f7a404c0ee34603be2985220ec9b1d0
DEBUG: activating version 86806b8a55dd482d810d7373e1d528eb with url='http://135.225.105.160:8004/resources/version/86806b8a55dd482d810d7373e1d528eb/status'
  ✓ Activated version: 86806b8a55dd482d810d7373e1d528eb
Updated resource 'res-drug-albendazole' [translated] -> 93e0cd32702d4806bdc3c29016cda0fd
DEBUG: activating version 8fb018ae547f4c4ca03d4cb565acc5ce with url='http://135.225.105.160:8004/resources/version/8fb018ae547f4c4ca03d4cb565acc5ce/status'
  ✓ Activated version: 8fb018ae547f4c4ca03d4cb565acc5ce
Updated resource 'res-drug-ampicillin' [translated] -> ee1c01bd3e0d46c3802dc4867312e58c
DEBUG: activating version 6839b735e0fb4ce2b95b29c67d2cc077 with url='http://135.225.105.160:8004/resources/version/6839b735e0fb4ce2b95b29c67d2cc077/status'
  ✓ Activated version: 6839b735e0fb4ce2b95b29c67d2cc077
Updated resource 'res-drug-betamethasone' [translated] -> ce7f266ce2124c738fd21a4b2da22e1a
DEBUG: activating version 902a3b2edb8a45fba4a2a4888ec6faf1 with url='http://135.225.105.160:8004/resources/version/902a3b2edb8a45fba4a2a4888ec6faf1/status'
  ✓ Activated version: 902a3b2edb8a45fba4a2a4888ec6faf1
Updated resource 'res-drug-calcium-supplementation' [translated] -> ef95c60193524852ae79ad0b3ddb957e
DEBUG: activating version 3199a6e67d8d4d9391cf1ecda12151fd with url='http://135.225.105.160:8004/resources/version/3199a6e67d8d4d9391cf1ecda12151fd/status'
  ✓ Activated version: 3199a6e67d8d4d9391cf1ecda12151fd
Updated resource 'res-drug-dexamethasone' [translated] -> a2d8be3ccaaf41b1bf39f621743428b5
DEBUG: activating version 95475f6aeea047468e68ddf4364c62de with url='http://135.225.105.160:8004/resources/version/95475f6aeea047468e68ddf4364c62de/status'
  ✓ Activated version: 95475f6aeea047468e68ddf4364c62de
Updated resource 'res-drug-folic-acid' [translated] -> a1b53b165e524213ab4632fa085402bb
DEBUG: activating version 085aa68dd6e24c71b8d28b9cf5bd32a1 with url='http://135.225.105.160:8004/resources/version/085aa68dd6e24c71b8d28b9cf5bd32a1/status'
  ✓ Activated version: 085aa68dd6e24c71b8d28b9cf5bd32a1
Updated resource 'res-drug-gentamicin' [translated] -> f7304dc9c84546c39c0c1257207b47fe
DEBUG: activating version 95f901beaa9d460db76c16f5f7d330bb with url='http://135.225.105.160:8004/resources/version/95f901beaa9d460db76c16f5f7d330bb/status'
  ✓ Activated version: 95f901beaa9d460db76c16f5f7d330bb
Updated resource 'res-drug-iron-and-folic-acid-supplementation' [translated] -> aa162c30a7274294a6702ea1df5dbf4c
DEBUG: activating version 6095e81d57df4c7a9554fe7a2465fa1e with url='http://135.225.105.160:8004/resources/version/6095e81d57df4c7a9554fe7a2465fa1e/status'
  ✓ Activated version: 6095e81d57df4c7a9554fe7a2465fa1e
Updated resource 'res-drug-metronidazole' [translated] -> f79c7763ae6c4edc8fb0ed7057f68644
DEBUG: activating version 24f1173356404a83bf38de644311adba with url='http://135.225.105.160:8004/resources/version/24f1173356404a83bf38de644311adba/status'
  ✓ Activated version: 24f1173356404a83bf38de644311adba
Updated resource 'res-drug-nifedipine' [translated] -> 952f925bc6774193b3355b29437d87d4
DEBUG: activating version cca5fc7e3ae74101944d80e002b303cf with url='http://135.225.105.160:8004/resources/version/cca5fc7e3ae74101944d80e002b303cf/status'
  ✓ Activated version: cca5fc7e3ae74101944d80e002b303cf
Updated resource 'res-drug-tetanus-and-adult-diphtheria-td' [translated] -> d3bfc9fb94e149bc86010d754cdea634
DEBUG: activating version 92940bba99634b3fb370b01c4e829c65 with url='http://135.225.105.160:8004/resources/version/92940bba99634b3fb370b01c4e829c65/status'
  ✓ Activated version: 92940bba99634b3fb370b01c4e829c65
Updated resource 'res-drug-ampicillin' [translated] -> ee1c01bd3e0d46c3802dc4867312e58c
DEBUG: activating version 5ad899089a024719973078865b838343 with url='http://135.225.105.160:8004/resources/version/5ad899089a024719973078865b838343/status'
  ✓ Activated version: 5ad899089a024719973078865b838343
Updated resource 'res-drug-bcg-vaccine' [translated] -> 630639ea04ea48629d87659f0d6a67b9
DEBUG: activating version ed82e3984dd54c5a84ba43d52ce8e50d with url='http://135.225.105.160:8004/resources/version/ed82e3984dd54c5a84ba43d52ce8e50d/status'
  ✓ Activated version: ed82e3984dd54c5a84ba43d52ce8e50d
Updated resource 'res-drug-calcium-supplementation' [translated] -> ef95c60193524852ae79ad0b3ddb957e
DEBUG: activating version 048a724e8d114ffdb8f418bad6a1571a with url='http://135.225.105.160:8004/resources/version/048a724e8d114ffdb8f418bad6a1571a/status'
  ✓ Activated version: 048a724e8d114ffdb8f418bad6a1571a
Updated resource 'res-drug-dtp-containing-vaccine' [translated] -> 8c9c8f347438406ca0663fca58c23795
DEBUG: activating version 2c9bb7540a61428e97d0cef08ce6c7df with url='http://135.225.105.160:8004/resources/version/2c9bb7540a61428e97d0cef08ce6c7df/status'
  ✓ Activated version: 2c9bb7540a61428e97d0cef08ce6c7df
Updated resource 'res-drug-gentamicin' [translated] -> f7304dc9c84546c39c0c1257207b47fe
DEBUG: activating version 5c725806d7a94945b53edbb11690ce35 with url='http://135.225.105.160:8004/resources/version/5c725806d7a94945b53edbb11690ce35/status'
  ✓ Activated version: 5c725806d7a94945b53edbb11690ce35
Updated resource 'res-drug-hepatitis-b-vaccine-hbv' [translated] -> 989d2a01aaa34483a833f4c43ea50931
DEBUG: activating version 560d80b0cbee4b068f451015ba56db50 with url='http://135.225.105.160:8004/resources/version/560d80b0cbee4b068f451015ba56db50/status'
  ✓ Activated version: 560d80b0cbee4b068f451015ba56db50
Updated resource 'res-drug-ibuprofen' [translated] -> 3e42746c776f4040be239008916b5677
DEBUG: activating version 9553f973abdb42c19d6b45bd1d939dd3 with url='http://135.225.105.160:8004/resources/version/9553f973abdb42c19d6b45bd1d939dd3/status'
  ✓ Activated version: 9553f973abdb42c19d6b45bd1d939dd3
Updated resource 'res-drug-iron-and-folic-acid-supplementation' [translated] -> aa162c30a7274294a6702ea1df5dbf4c
DEBUG: activating version 2f21a097a041475a958822d069f9505c with url='http://135.225.105.160:8004/resources/version/2f21a097a041475a958822d069f9505c/status'
  ✓ Activated version: 2f21a097a041475a958822d069f9505c
Updated resource 'res-drug-inactivated-polio-vaccine-ipv' [translated] -> 72e37801e2dc44d89e2e9d1e7f71c8b0
DEBUG: activating version 5098be6af1644f4fb74b4b117fec158f with url='http://135.225.105.160:8004/resources/version/5098be6af1644f4fb74b4b117fec158f/status'
  ✓ Activated version: 5098be6af1644f4fb74b4b117fec158f
Updated resource 'res-drug-metronidazole' [translated] -> f79c7763ae6c4edc8fb0ed7057f68644
DEBUG: activating version 19db33c088c34d618a1532cf73ddb8e8 with url='http://135.225.105.160:8004/resources/version/19db33c088c34d618a1532cf73ddb8e8/status'
  ✓ Activated version: 19db33c088c34d618a1532cf73ddb8e8
Updated resource 'res-drug-oral-polio-vaccine-opv' [translated] -> 25a305b90e594a2c92112f0bed5945c8
DEBUG: activating version 0fe4a4b5fe4e434b9241603e56f8e7e8 with url='http://135.225.105.160:8004/resources/version/0fe4a4b5fe4e434b9241603e56f8e7e8/status'
  ✓ Activated version: 0fe4a4b5fe4e434b9241603e56f8e7e8
Updated resource 'res-drug-paracetamol' [translated] -> 7c5ec1f6550e47aaa29d59bc1ebea7e0
DEBUG: activating version 0e3d5c32ece04d5082c95ead0bf9fe51 with url='http://135.225.105.160:8004/resources/version/0e3d5c32ece04d5082c95ead0bf9fe51/status'
  ✓ Activated version: 0e3d5c32ece04d5082c95ead0bf9fe51
Updated resource 'res-drug-pentavalent-vaccine' [translated] -> 0e5ce960974043cca3c1b7dc31bcb661
DEBUG: activating version 85d272f51ab844579981b287ecdfc04e with url='http://135.225.105.160:8004/resources/version/85d272f51ab844579981b287ecdfc04e/status'
  ✓ Activated version: 85d272f51ab844579981b287ecdfc04e
Updated resource 'res-drug-pneumococcal-conjugate' [translated] -> b14365341be94534821f68b7a6c08bd7
DEBUG: activating version 06b0f2eb870d4222ab3d22277d005962 with url='http://135.225.105.160:8004/resources/version/06b0f2eb870d4222ab3d22277d005962/status'
  ✓ Activated version: 06b0f2eb870d4222ab3d22277d005962
Updated resource 'res-drug-rotavirus-vaccine' [translated] -> b26d717f8d344d4881890696ef7d92d8
DEBUG: activating version 884eeb3527c74afbaea6463e849b7269 with url='http://135.225.105.160:8004/resources/version/884eeb3527c74afbaea6463e849b7269/status'
  ✓ Activated version: 884eeb3527c74afbaea6463e849b7269
Updated resource 'res-drug-glucose' [translated] -> fd0a86c098b6488bad6a005f46e13e5f
DEBUG: activating version ad0f4aed3c7243cb91b17309e56398fc with url='http://135.225.105.160:8004/resources/version/ad0f4aed3c7243cb91b17309e56398fc/status'
  ✓ Activated version: ad0f4aed3c7243cb91b17309e56398fc
Updated resource 'res-drug-insulin' [translated] -> ae8e716c1c5544dab9db1d8f451d45ab
DEBUG: activating version df9d46a9ada6407a99045dc5d5091014 with url='http://135.225.105.160:8004/resources/version/df9d46a9ada6407a99045dc5d5091014/status'
  ✓ Activated version: df9d46a9ada6407a99045dc5d5091014
Updated resource 'res-drug-metformin' [translated] -> f1145d71054f447aa590870452502353
DEBUG: activating version 130b43db448c42f6839b127c150ab638 with url='http://135.225.105.160:8004/resources/version/130b43db448c42f6839b127c150ab638/status'
  ✓ Activated version: 130b43db448c42f6839b127c150ab638
Updated resource 'res-drug-art-regimen' [translated] -> 5a3b5402a8344794821d162918aeaa0d
DEBUG: activating version 814e98d513914ad287a2a771de1ea36a with url='http://135.225.105.160:8004/resources/version/814e98d513914ad287a2a771de1ea36a/status'
  ✓ Activated version: 814e98d513914ad287a2a771de1ea36a
Updated resource 'res-drug-hepatitis-b-vaccine-hbv' [translated] -> 989d2a01aaa34483a833f4c43ea50931
DEBUG: activating version a2d9fa4c159b4568a5d01e9c0c14af88 with url='http://135.225.105.160:8004/resources/version/a2d9fa4c159b4568a5d01e9c0c14af88/status'
  ✓ Activated version: a2d9fa4c159b4568a5d01e9c0c14af88
Updated resource 'res-drug-nevirapine' [translated] -> a7f4f9ed23dc450ba0d3b65f733019fa
DEBUG: activating version 8d13cb4c46a141958dac2756af8a2c1e with url='http://135.225.105.160:8004/resources/version/8d13cb4c46a141958dac2756af8a2c1e/status'
  ✓ Activated version: 8d13cb4c46a141958dac2756af8a2c1e
Updated resource 'res-drug-post-exposure-prophylaxis-pep' [translated] -> e71725df2b314271bad339a844c6738a
DEBUG: activating version 065b0b297cb546c2b01f037a56c96cad with url='http://135.225.105.160:8004/resources/version/065b0b297cb546c2b01f037a56c96cad/status'
  ✓ Activated version: 065b0b297cb546c2b01f037a56c96cad
Updated resource 'res-drug-tenofovir' [translated] -> e1184e5439834be2b97bf346e1381305
DEBUG: activating version e5305c7f26a245a0b0f3f894f306b44d with url='http://135.225.105.160:8004/resources/version/e5305c7f26a245a0b0f3f894f306b44d/status'
  ✓ Activated version: e5305c7f26a245a0b0f3f894f306b44d
Updated resource 'res-drug-ampicillin' [translated] -> ee1c01bd3e0d46c3802dc4867312e58c
DEBUG: activating version 603f383ae3b5452ba0283b0bda5388e6 with url='http://135.225.105.160:8004/resources/version/603f383ae3b5452ba0283b0bda5388e6/status'
  ✓ Activated version: 603f383ae3b5452ba0283b0bda5388e6
Updated resource 'res-drug-azithromycin' [translated] -> a42f2faf5bee4e4abc362858ceafa0d7
DEBUG: activating version 357ebcc891fa49bf93c30ca8bb1d3621 with url='http://135.225.105.160:8004/resources/version/357ebcc891fa49bf93c30ca8bb1d3621/status'
  ✓ Activated version: 357ebcc891fa49bf93c30ca8bb1d3621
Updated resource 'res-drug-doxycycline' [translated] -> a8fd79ae52524530a45ae6f712200807
DEBUG: activating version 807f60432a34494e8d2b787bf845df24 with url='http://135.225.105.160:8004/resources/version/807f60432a34494e8d2b787bf845df24/status'
  ✓ Activated version: 807f60432a34494e8d2b787bf845df24
Updated resource 'res-drug-gentamicin' [translated] -> f7304dc9c84546c39c0c1257207b47fe
DEBUG: activating version 0dab7b799e634c9ab5560a49a3a529f8 with url='http://135.225.105.160:8004/resources/version/0dab7b799e634c9ab5560a49a3a529f8/status'
  ✓ Activated version: 0dab7b799e634c9ab5560a49a3a529f8
Updated resource 'res-drug-ibuprofen' [translated] -> 3e42746c776f4040be239008916b5677
DEBUG: activating version 7f83847ea28a4455bfe47297a9b2f21a with url='http://135.225.105.160:8004/resources/version/7f83847ea28a4455bfe47297a9b2f21a/status'
  ✓ Activated version: 7f83847ea28a4455bfe47297a9b2f21a
Updated resource 'res-drug-metronidazole' [translated] -> f79c7763ae6c4edc8fb0ed7057f68644
DEBUG: activating version b16ac3b3ef5845ed962f87c8250ac99e with url='http://135.225.105.160:8004/resources/version/b16ac3b3ef5845ed962f87c8250ac99e/status'
  ✓ Activated version: b16ac3b3ef5845ed962f87c8250ac99e
Updated resource 'res-drug-betamethasone' [translated] -> ce7f266ce2124c738fd21a4b2da22e1a
DEBUG: activating version a798ad5084644fcf9f12aa2080ad192e with url='http://135.225.105.160:8004/resources/version/a798ad5084644fcf9f12aa2080ad192e/status'
  ✓ Activated version: a798ad5084644fcf9f12aa2080ad192e
Updated resource 'res-drug-calcium-gluconate' [translated] -> ee85411920e048e2aae7e1b88e04bd17
DEBUG: activating version d4928f1bbdf54098ac77ae82af93414c with url='http://135.225.105.160:8004/resources/version/d4928f1bbdf54098ac77ae82af93414c/status'
  ✓ Activated version: d4928f1bbdf54098ac77ae82af93414c
Updated resource 'res-drug-dexamethasone' [translated] -> a2d8be3ccaaf41b1bf39f621743428b5
DEBUG: activating version 5f7b0703f31b4fafbfbdc22f0b840014 with url='http://135.225.105.160:8004/resources/version/5f7b0703f31b4fafbfbdc22f0b840014/status'
  ✓ Activated version: 5f7b0703f31b4fafbfbdc22f0b840014
Updated resource 'res-drug-magnesium-sulphate' [translated] -> 725e50b31144476c8558479675c916d9
DEBUG: activating version 98cda2a330ca407a9c1a2dd9d181871b with url='http://135.225.105.160:8004/resources/version/98cda2a330ca407a9c1a2dd9d181871b/status'
  ✓ Activated version: 98cda2a330ca407a9c1a2dd9d181871b
Updated resource 'res-drug-methyldopa' [translated] -> 2964e2071d514a63ad0f655befe6c9c1
DEBUG: activating version e008d8f9b3e64a79a7d7e55e424e3d1c with url='http://135.225.105.160:8004/resources/version/e008d8f9b3e64a79a7d7e55e424e3d1c/status'
  ✓ Activated version: e008d8f9b3e64a79a7d7e55e424e3d1c
Updated resource 'res-drug-nifedipine' [translated] -> 952f925bc6774193b3355b29437d87d4
DEBUG: activating version fa7342a53872414f8858564b658b3dce with url='http://135.225.105.160:8004/resources/version/fa7342a53872414f8858564b658b3dce/status'
  ✓ Activated version: fa7342a53872414f8858564b658b3dce
Updated resource 'res-drug-hydralazine' [translated] -> bd3968ba07254692b33df493a903f26a
DEBUG: activating version a3b1e5f1be7d43c9ac44a7c072a9a895 with url='http://135.225.105.160:8004/resources/version/a3b1e5f1be7d43c9ac44a7c072a9a895/status'
  ✓ Activated version: a3b1e5f1be7d43c9ac44a7c072a9a895
Updated resource 'res-drug-labetalol' [translated] -> 0ba645f4d30d4346ae320cddb9ddd0ba
DEBUG: activating version 6f890f7daab644d19dda34299f1237a9 with url='http://135.225.105.160:8004/resources/version/6f890f7daab644d19dda34299f1237a9/status'
  ✓ Activated version: 6f890f7daab644d19dda34299f1237a9
Updated resource 'res-drug-lidocaine' [translated] -> 6288167e543a4fe1b1416f695c7213d4
DEBUG: activating version ee0cc917ef4045f0b6898e6c8ad9c59b with url='http://135.225.105.160:8004/resources/version/ee0cc917ef4045f0b6898e6c8ad9c59b/status'
  ✓ Activated version: ee0cc917ef4045f0b6898e6c8ad9c59b
Updated resource 'res-drug-misoprostol' [translated] -> 0a77819fe4a949f1bb519ec2a1e05153
DEBUG: activating version ff55eac1b3c04bdda434087281dae4c6 with url='http://135.225.105.160:8004/resources/version/ff55eac1b3c04bdda434087281dae4c6/status'
  ✓ Activated version: ff55eac1b3c04bdda434087281dae4c6
Updated resource 'res-drug-oxytocin' [translated] -> 9eb34af62ce644a9a7f92c53ecef2aaa
DEBUG: activating version da8c732900cc4c50b6f2149d8f90feca with url='http://135.225.105.160:8004/resources/version/da8c732900cc4c50b6f2149d8f90feca/status'
  ✓ Activated version: da8c732900cc4c50b6f2149d8f90feca
Updated resource 'res-drug-misoprostol' [translated] -> 0a77819fe4a949f1bb519ec2a1e05153
DEBUG: activating version 0cf436f44c434ba48284cdc0b02b36e4 with url='http://135.225.105.160:8004/resources/version/0cf436f44c434ba48284cdc0b02b36e4/status'
  ✓ Activated version: 0cf436f44c434ba48284cdc0b02b36e4
Updated resource 'res-drug-oxytocin' [translated] -> 9eb34af62ce644a9a7f92c53ecef2aaa
DEBUG: activating version b26d71e8da874c89a78b49f2f2e0dac5 with url='http://135.225.105.160:8004/resources/version/b26d71e8da874c89a78b49f2f2e0dac5/status'
  ✓ Activated version: b26d71e8da874c89a78b49f2f2e0dac5
Updated resource 'res-drug-vitamin-k' [translated] -> 3ade3ea4287a422b9c9f9d85e6515b09
DEBUG: activating version 12b7117bce894c72a6af0bc50e2175f4 with url='http://135.225.105.160:8004/resources/version/12b7117bce894c72a6af0bc50e2175f4/status'
  ✓ Activated version: 12b7117bce894c72a6af0bc50e2175f4
Updated resource 'res-drug-misoprostol' [translated] -> 0a77819fe4a949f1bb519ec2a1e05153
DEBUG: activating version 9407ee8091e245869fed3e3dd397a91a with url='http://135.225.105.160:8004/resources/version/9407ee8091e245869fed3e3dd397a91a/status'
  ✓ Activated version: 9407ee8091e245869fed3e3dd397a91a
Updated resource 'res-drug-oxytocin' [translated] -> 9eb34af62ce644a9a7f92c53ecef2aaa
DEBUG: activating version dc8f880f9f5244b88caef0bf28884692 with url='http://135.225.105.160:8004/resources/version/dc8f880f9f5244b88caef0bf28884692/status'
  ✓ Activated version: dc8f880f9f5244b88caef0bf28884692
Updated resource 'res-drug-ampicillin' [translated] -> ee1c01bd3e0d46c3802dc4867312e58c
DEBUG: activating version 06909063be2545d99000ed7dc9ac2d47 with url='http://135.225.105.160:8004/resources/version/06909063be2545d99000ed7dc9ac2d47/status'
  ✓ Activated version: 06909063be2545d99000ed7dc9ac2d47
Updated resource 'res-drug-carboprost' [translated] -> a3b2484a19084123b8ff22c3c5ba8737
DEBUG: activating version 74ea71312ad84400a4597f596eacc55d with url='http://135.225.105.160:8004/resources/version/74ea71312ad84400a4597f596eacc55d/status'
  ✓ Activated version: 74ea71312ad84400a4597f596eacc55d
Updated resource 'res-drug-diazepam' [translated] -> 913e15899791466d8b01074260763ad7
DEBUG: activating version ff3bae71de9c4dc2ba8043ed938e3ac4 with url='http://135.225.105.160:8004/resources/version/ff3bae71de9c4dc2ba8043ed938e3ac4/status'
  ✓ Activated version: ff3bae71de9c4dc2ba8043ed938e3ac4
Updated resource 'res-drug-ergometrine' [translated] -> 87208d41e6f74c8ab573b9dbee99e530
DEBUG: activating version c2d64bb9923e4f218c3f2944c1ca4f14 with url='http://135.225.105.160:8004/resources/version/c2d64bb9923e4f218c3f2944c1ca4f14/status'
  ✓ Activated version: c2d64bb9923e4f218c3f2944c1ca4f14
Updated resource 'res-drug-gentamicin' [translated] -> f7304dc9c84546c39c0c1257207b47fe
DEBUG: activating version 7624d73afcce4df2a74fc990a741d7ce with url='http://135.225.105.160:8004/resources/version/7624d73afcce4df2a74fc990a741d7ce/status'
  ✓ Activated version: 7624d73afcce4df2a74fc990a741d7ce
Updated resource 'res-drug-iron-and-folic-acid-supplementation' [translated] -> aa162c30a7274294a6702ea1df5dbf4c
DEBUG: activating version 7e680f9fe74a49cd91dd2fe7b7395d64 with url='http://135.225.105.160:8004/resources/version/7e680f9fe74a49cd91dd2fe7b7395d64/status'
  ✓ Activated version: 7e680f9fe74a49cd91dd2fe7b7395d64
Updated resource 'res-drug-lidocaine' [translated] -> 6288167e543a4fe1b1416f695c7213d4
DEBUG: activating version 352129e14a6e411c81b62bf96bdf472f with url='http://135.225.105.160:8004/resources/version/352129e14a6e411c81b62bf96bdf472f/status'
  ✓ Activated version: 352129e14a6e411c81b62bf96bdf472f
Updated resource 'res-drug-metronidazole' [translated] -> f79c7763ae6c4edc8fb0ed7057f68644
DEBUG: activating version 8a13a9711093420493a9c5d3761ee9e9 with url='http://135.225.105.160:8004/resources/version/8a13a9711093420493a9c5d3761ee9e9/status'
  ✓ Activated version: 8a13a9711093420493a9c5d3761ee9e9
Updated resource 'res-drug-misoprostol' [translated] -> 0a77819fe4a949f1bb519ec2a1e05153
DEBUG: activating version dd3bf67472a747a8b772d89d5fe4a07f with url='http://135.225.105.160:8004/resources/version/dd3bf67472a747a8b772d89d5fe4a07f/status'
  ✓ Activated version: dd3bf67472a747a8b772d89d5fe4a07f
Updated resource 'res-drug-oxytocin' [translated] -> 9eb34af62ce644a9a7f92c53ecef2aaa
DEBUG: activating version c2a6e0a3b2b643c5b12da2e6ffc99dbe with url='http://135.225.105.160:8004/resources/version/c2a6e0a3b2b643c5b12da2e6ffc99dbe/status'
  ✓ Activated version: c2a6e0a3b2b643c5b12da2e6ffc99dbe
Updated resource 'res-drug-tranexamic-acid' [translated] -> 8575e9bcca8548d8ae35467839e6a6dd
DEBUG: activating version 57b457f65ce845299b144f88c0eb2907 with url='http://135.225.105.160:8004/resources/version/57b457f65ce845299b144f88c0eb2907/status'
  ✓ Activated version: 57b457f65ce845299b144f88c0eb2907
Updated resource 'res-drug-ampicillin' [translated] -> ee1c01bd3e0d46c3802dc4867312e58c
DEBUG: activating version 994977f33dcf4b2994861b841dc7aa1c with url='http://135.225.105.160:8004/resources/version/994977f33dcf4b2994861b841dc7aa1c/status'
  ✓ Activated version: 994977f33dcf4b2994861b841dc7aa1c
Updated resource 'res-drug-diazepam' [translated] -> 913e15899791466d8b01074260763ad7
DEBUG: activating version 004a625c52504af59073a189715bd8f5 with url='http://135.225.105.160:8004/resources/version/004a625c52504af59073a189715bd8f5/status'
  ✓ Activated version: 004a625c52504af59073a189715bd8f5
Updated resource 'res-drug-gentamicin' [translated] -> f7304dc9c84546c39c0c1257207b47fe
DEBUG: activating version 12fe722cfd7c422983e37a8df4cf1fb2 with url='http://135.225.105.160:8004/resources/version/12fe722cfd7c422983e37a8df4cf1fb2/status'
  ✓ Activated version: 12fe722cfd7c422983e37a8df4cf1fb2
Updated resource 'res-drug-iron-and-folic-acid-supplementation' [translated] -> aa162c30a7274294a6702ea1df5dbf4c
DEBUG: activating version 09811bc1f1d8471ba76664b18fe709ae with url='http://135.225.105.160:8004/resources/version/09811bc1f1d8471ba76664b18fe709ae/status'
  ✓ Activated version: 09811bc1f1d8471ba76664b18fe709ae
Updated resource 'res-drug-metronidazole' [translated] -> f79c7763ae6c4edc8fb0ed7057f68644
DEBUG: activating version 096af1201d3f4e998ae8e706e329cc17 with url='http://135.225.105.160:8004/resources/version/096af1201d3f4e998ae8e706e329cc17/status'
  ✓ Activated version: 096af1201d3f4e998ae8e706e329cc17
Updated resource 'res-drug-oxytocin' [translated] -> 9eb34af62ce644a9a7f92c53ecef2aaa
DEBUG: activating version 8a355a90decf4784aa889695a90a64bf with url='http://135.225.105.160:8004/resources/version/8a355a90decf4784aa889695a90a64bf/status'
  ✓ Activated version: 8a355a90decf4784aa889695a90a64bf
Updated resource 'res-drug-tranexamic-acid' [translated] -> 8575e9bcca8548d8ae35467839e6a6dd
DEBUG: activating version c57e4d8402034d9e97571c99ad8d697d with url='http://135.225.105.160:8004/resources/version/c57e4d8402034d9e97571c99ad8d697d/status'
  ✓ Activated version: c57e4d8402034d9e97571c99ad8d697d
Updated resource 'res-drug-ampicillin' [translated] -> ee1c01bd3e0d46c3802dc4867312e58c
DEBUG: activating version 39cef332230c48af9c73144bbde6356d with url='http://135.225.105.160:8004/resources/version/39cef332230c48af9c73144bbde6356d/status'
  ✓ Activated version: 39cef332230c48af9c73144bbde6356d
Updated resource 'res-drug-artesunate' [translated] -> 8e7b95b6d20244f4bfbed49d16877b46
DEBUG: activating version 563107e93a464ec88ecea7ac94f23652 with url='http://135.225.105.160:8004/resources/version/563107e93a464ec88ecea7ac94f23652/status'
  ✓ Activated version: 563107e93a464ec88ecea7ac94f23652
Updated resource 'res-drug-chloramphenicol' [translated] -> e5fecb0d87c74c28a0324e5692dc14af
DEBUG: activating version fc1beffaec7c4641861ac02bc9ef3275 with url='http://135.225.105.160:8004/resources/version/fc1beffaec7c4641861ac02bc9ef3275/status'
  ✓ Activated version: fc1beffaec7c4641861ac02bc9ef3275
Updated resource 'res-drug-dexamethasone' [translated] -> a2d8be3ccaaf41b1bf39f621743428b5
DEBUG: activating version 609d6d9dc1bb4ec5813b812f0a4811c6 with url='http://135.225.105.160:8004/resources/version/609d6d9dc1bb4ec5813b812f0a4811c6/status'
  ✓ Activated version: 609d6d9dc1bb4ec5813b812f0a4811c6
Updated resource 'res-drug-dicloxacillin' [translated] -> 7ebc01aeb419460c8b87cf8d362d98db
DEBUG: activating version fd1552daa8764742a0f57f98cfeacdb8 with url='http://135.225.105.160:8004/resources/version/fd1552daa8764742a0f57f98cfeacdb8/status'
  ✓ Activated version: fd1552daa8764742a0f57f98cfeacdb8
Updated resource 'res-drug-gentamicin' [translated] -> f7304dc9c84546c39c0c1257207b47fe
DEBUG: activating version 9ab541ee29b74b95b81c5854c55efefe with url='http://135.225.105.160:8004/resources/version/9ab541ee29b74b95b81c5854c55efefe/status'
  ✓ Activated version: 9ab541ee29b74b95b81c5854c55efefe
Updated resource 'res-drug-metronidazole' [translated] -> f79c7763ae6c4edc8fb0ed7057f68644
DEBUG: activating version 4f20eaae573f44adbbd42bb9296c694f with url='http://135.225.105.160:8004/resources/version/4f20eaae573f44adbbd42bb9296c694f/status'
  ✓ Activated version: 4f20eaae573f44adbbd42bb9296c694f
Updated resource 'res-drug-penicillin-g-benzylpenicillin' [translated] -> 11c4c7c263644f49933e868c427c5481
DEBUG: activating version 9f879e1dcc58484692e17f9799de94de with url='http://135.225.105.160:8004/resources/version/9f879e1dcc58484692e17f9799de94de/status'
  ✓ Activated version: 9f879e1dcc58484692e17f9799de94de
Updated resource 'res-drug-quinine' [translated] -> a0b2b09537f04764b49c6ec8a634a8e8
DEBUG: activating version df984b8a8a46463694175117e1ab041a with url='http://135.225.105.160:8004/resources/version/df984b8a8a46463694175117e1ab041a/status'
  ✓ Activated version: df984b8a8a46463694175117e1ab041a
Updated resource 'res-drug-ceftriaxone' [translated] -> 29ab958115db40a0b52dab656ac89c81
DEBUG: activating version f779b8cec82a4c0f85be48b6b41c6925 with url='http://135.225.105.160:8004/resources/version/f779b8cec82a4c0f85be48b6b41c6925/status'
  ✓ Activated version: f779b8cec82a4c0f85be48b6b41c6925
Updated resource 'res-drug-adrenaline' [translated] -> 303f58366fbc436f980400120f7158f8
DEBUG: activating version 66f6e1a14b624bf5b8a355c17ec55979 with url='http://135.225.105.160:8004/resources/version/66f6e1a14b624bf5b8a355c17ec55979/status'
  ✓ Activated version: 66f6e1a14b624bf5b8a355c17ec55979
Updated resource 'res-drug-ampicillin' [translated] -> ee1c01bd3e0d46c3802dc4867312e58c
DEBUG: activating version 0ffaa124a9444093bb56608254042c88 with url='http://135.225.105.160:8004/resources/version/0ffaa124a9444093bb56608254042c88/status'
  ✓ Activated version: 0ffaa124a9444093bb56608254042c88
Updated resource 'res-drug-amoxicillin' [translated] -> 1cebbaf78ac84005946e2fd67098758a
DEBUG: activating version 72724bdff5cd4d6c9f25bcb23208e972 with url='http://135.225.105.160:8004/resources/version/72724bdff5cd4d6c9f25bcb23208e972/status'
  ✓ Activated version: 72724bdff5cd4d6c9f25bcb23208e972
Updated resource 'res-drug-amikacin' [translated] -> 39e7a8a87fce402e8686f553f15d4eb2
DEBUG: activating version e362e72699a946788bcdd71073124264 with url='http://135.225.105.160:8004/resources/version/e362e72699a946788bcdd71073124264/status'
  ✓ Activated version: e362e72699a946788bcdd71073124264
Updated resource 'res-drug-cefotaxime' [translated] -> e1ff7c5d15204421bf402ff42f6beaed
DEBUG: activating version a1151d7cbe48403e96a7d9960dda8cf1 with url='http://135.225.105.160:8004/resources/version/a1151d7cbe48403e96a7d9960dda8cf1/status'
  ✓ Activated version: a1151d7cbe48403e96a7d9960dda8cf1
Updated resource 'res-drug-cloxacillin' [translated] -> 73592d9ae343436bbf9f9ffb38771c1d
DEBUG: activating version 68a5d18fb61040fab0abaafd62c76fa7 with url='http://135.225.105.160:8004/resources/version/68a5d18fb61040fab0abaafd62c76fa7/status'
  ✓ Activated version: 68a5d18fb61040fab0abaafd62c76fa7
Updated resource 'res-drug-adrenaline' [translated] -> 303f58366fbc436f980400120f7158f8
DEBUG: activating version ff6e84a543974a0f857567e640a68e4c with url='http://135.225.105.160:8004/resources/version/ff6e84a543974a0f857567e640a68e4c/status'
  ✓ Activated version: ff6e84a543974a0f857567e640a68e4c
Updated resource 'res-drug-gentamicin' [translated] -> f7304dc9c84546c39c0c1257207b47fe
DEBUG: activating version 0d11dbc9cc0b4a69ac3ed2c2676c82f0 with url='http://135.225.105.160:8004/resources/version/0d11dbc9cc0b4a69ac3ed2c2676c82f0/status'
  ✓ Activated version: 0d11dbc9cc0b4a69ac3ed2c2676c82f0
Updated resource 'res-drug-phenobarbital' [translated] -> 60e01f1a70594ddeae13aa00a947ee75
DEBUG: activating version 90b9695d79cf45b580dcc6d8f1453924 with url='http://135.225.105.160:8004/resources/version/90b9695d79cf45b580dcc6d8f1453924/status'
  ✓ Activated version: 90b9695d79cf45b580dcc6d8f1453924
Updated resource 'res-drug-vitamin-k' [translated] -> 3ade3ea4287a422b9c9f9d85e6515b09
DEBUG: activating version 31a446da55194d4e935400400bc18a3f with url='http://135.225.105.160:8004/resources/version/31a446da55194d4e935400400bc18a3f/status'
  ✓ Activated version: 31a446da55194d4e935400400bc18a3f
Updated resource 'res-drug-amikacin' [translated] -> 39e7a8a87fce402e8686f553f15d4eb2
DEBUG: activating version cef3fa6505004c4494fd8f8fd45af55a with url='http://135.225.105.160:8004/resources/version/cef3fa6505004c4494fd8f8fd45af55a/status'
  ✓ Activated version: cef3fa6505004c4494fd8f8fd45af55a
Updated resource 'res-drug-ampicillin' [translated] -> ee1c01bd3e0d46c3802dc4867312e58c
DEBUG: activating version 23e7dc61cc6e4eeaa9c6a7210bf636bf with url='http://135.225.105.160:8004/resources/version/23e7dc61cc6e4eeaa9c6a7210bf636bf/status'
  ✓ Activated version: 23e7dc61cc6e4eeaa9c6a7210bf636bf
Updated resource 'res-drug-amoxicillin' [translated] -> 1cebbaf78ac84005946e2fd67098758a
DEBUG: activating version e16da26cc1ad4b30a075f4113bdff32f with url='http://135.225.105.160:8004/resources/version/e16da26cc1ad4b30a075f4113bdff32f/status'
  ✓ Activated version: e16da26cc1ad4b30a075f4113bdff32f
Updated resource 'res-drug-cefotaxime' [translated] -> e1ff7c5d15204421bf402ff42f6beaed
DEBUG: activating version 1776614d71a749ecae64894a6a7669b0 with url='http://135.225.105.160:8004/resources/version/1776614d71a749ecae64894a6a7669b0/status'
  ✓ Activated version: 1776614d71a749ecae64894a6a7669b0
Updated resource 'res-drug-cloxacillin' [translated] -> 73592d9ae343436bbf9f9ffb38771c1d
DEBUG: activating version edab5e62001845249d5053fd32c48878 with url='http://135.225.105.160:8004/resources/version/edab5e62001845249d5053fd32c48878/status'
  ✓ Activated version: edab5e62001845249d5053fd32c48878
Updated resource 'res-drug-adrenaline' [translated] -> 303f58366fbc436f980400120f7158f8
DEBUG: activating version 6d8b6a244e624740822c30353231a8eb with url='http://135.225.105.160:8004/resources/version/6d8b6a244e624740822c30353231a8eb/status'
  ✓ Activated version: 6d8b6a244e624740822c30353231a8eb
Updated resource 'res-drug-gentamicin' [translated] -> f7304dc9c84546c39c0c1257207b47fe
DEBUG: activating version 4193028e71684b5986177287ae4aad78 with url='http://135.225.105.160:8004/resources/version/4193028e71684b5986177287ae4aad78/status'
  ✓ Activated version: 4193028e71684b5986177287ae4aad78
Updated resource 'res-drug-phenobarbital' [translated] -> 60e01f1a70594ddeae13aa00a947ee75
DEBUG: activating version 41d90e61d7b6457f9587ac837edfe07c with url='http://135.225.105.160:8004/resources/version/41d90e61d7b6457f9587ac837edfe07c/status'
  ✓ Activated version: 41d90e61d7b6457f9587ac837edfe07c
Updated resource 'res-drug-vitamin-k' [translated] -> 3ade3ea4287a422b9c9f9d85e6515b09
DEBUG: activating version 9ad2ae8c2b5c4ed2b6573604fa476ead with url='http://135.225.105.160:8004/resources/version/9ad2ae8c2b5c4ed2b6573604fa476ead/status'
  ✓ Activated version: 9ad2ae8c2b5c4ed2b6573604fa476ead
Updated resource 'res-procedure-treatment-options-ind' [translated] -> fefc6a857c24463ab23457117efa3339
DEBUG: activating version 96851d80f18c4105a4f49fa91d19e2ed with url='http://135.225.105.160:8004/resources/version/96851d80f18c4105a4f49fa91d19e2ed/status'
  ✓ Activated version: 96851d80f18c4105a4f49fa91d19e2ed
Updated resource 'res-procedure-caring-for-the-carer' [translated] -> 81256c10bfad4996a7eb29d541e8e739
DEBUG: activating version 6f7cce5015c7400da1cce9cb98203aa3 with url='http://135.225.105.160:8004/resources/version/6f7cce5015c7400da1cce9cb98203aa3/status'
  ✓ Activated version: 6f7cce5015c7400da1cce9cb98203aa3
Updated resource 'res-procedure-screening-tool-in' [translated] -> f857a46480d64bb18b423ce417917c4b
DEBUG: activating version 73deb24eb7c945718836aac1b944a731 with url='http://135.225.105.160:8004/resources/version/73deb24eb7c945718836aac1b944a731/status'
  ✓ Activated version: 73deb24eb7c945718836aac1b944a731
Updated resource 'res-procedure-use-of-condom' [translated] -> b5c3616145d14dafb331dcf283cc28a7
DEBUG: activating version 2377c7794d5245e28c5b94f5f662ca87 with url='http://135.225.105.160:8004/resources/version/2377c7794d5245e28c5b94f5f662ca87/status'
  ✓ Activated version: 2377c7794d5245e28c5b94f5f662ca87
Updated resource 'res-procedure-implant-insertion' [translated] -> 5fbef32d7e284d8fb0cc6ea68a528412
DEBUG: activating version c9a5f562619847398c8e3136d6eb6c68 with url='http://135.225.105.160:8004/resources/version/c9a5f562619847398c8e3136d6eb6c68/status'
  ✓ Activated version: c9a5f562619847398c8e3136d6eb6c68
Updated resource 'res-procedure-implant-removal' [translated] -> 701251a17bef4766a8dadaea6d84e681
DEBUG: activating version 5e162c0326954e0287dd5480ede6876e with url='http://135.225.105.160:8004/resources/version/5e162c0326954e0287dd5480ede6876e/status'
  ✓ Activated version: 5e162c0326954e0287dd5480ede6876e
Updated resource 'res-procedure-iud-ius-insertion' [translated] -> 47e92a43a7c04d0a9ac1adff1c05f9e5
DEBUG: activating version ffd39d8343b048228872d86705face2b with url='http://135.225.105.160:8004/resources/version/ffd39d8343b048228872d86705face2b/status'
  ✓ Activated version: ffd39d8343b048228872d86705face2b
Updated resource 'res-procedure-iud-ius-removal' [translated] -> 7032043db3964c31ab87ade49a727363
DEBUG: activating version 6f575c4b848c4a89b3712fa7963c0d55 with url='http://135.225.105.160:8004/resources/version/6f575c4b848c4a89b3712fa7963c0d55/status'
  ✓ Activated version: 6f575c4b848c4a89b3712fa7963c0d55
Updated resource 'res-procedure-foetal-assessments' [translated] -> 8e857ae556aa458aa2e754ccb908d8f4
DEBUG: activating version ee3973faf07c42d8b2dd0700d90325fd with url='http://135.225.105.160:8004/resources/version/ee3973faf07c42d8b2dd0700d90325fd/status'
  ✓ Activated version: ee3973faf07c42d8b2dd0700d90325fd
Updated resource 'res-procedure-india-preventative-management-interventions' [translated] -> bf40c1722fed4c73b7fc733872e97374
DEBUG: activating version 3ca9c95e15fd45969e79e8435d600838 with url='http://135.225.105.160:8004/resources/version/3ca9c95e15fd45969e79e8435d600838/status'
  ✓ Activated version: 3ca9c95e15fd45969e79e8435d600838
Updated resource 'res-procedure-india-routine-maternal-screening-and-tests' [translated] -> ca7bd5180b4642949edac41381de2032
DEBUG: activating version cd53f410e0b3441f955a5bf7d2c92d05 with url='http://135.225.105.160:8004/resources/version/cd53f410e0b3441f955a5bf7d2c92d05/status'
  ✓ Activated version: cd53f410e0b3441f955a5bf7d2c92d05
Updated resource 'res-procedure-pelvic-floor-muscle-exercises' [translated] -> e0cfb0e18b4e49bebe29823bcb496b2b
DEBUG: activating version b23129a3c0a742feb08ed6bc8edeefac with url='http://135.225.105.160:8004/resources/version/b23129a3c0a742feb08ed6bc8edeefac/status'
  ✓ Activated version: b23129a3c0a742feb08ed6bc8edeefac
Updated resource 'res-procedure-comprehensive-breastfeeding-global' [translated] -> 9aead74495894eafb626f9b77555e533
DEBUG: activating version ac771c60133848d393d0fc910039021d with url='http://135.225.105.160:8004/resources/version/ac771c60133848d393d0fc910039021d/status'
  ✓ Activated version: ac771c60133848d393d0fc910039021d
Updated resource 'res-procedure-oral-glucose-tolerance-test-ogtt' [translated] -> 69826987e73e40c38bc7b8551a9267e3
DEBUG: activating version cdd8a6df70e147efbe5c9b889e78498d with url='http://135.225.105.160:8004/resources/version/cdd8a6df70e147efbe5c9b889e78498d/status'
  ✓ Activated version: cdd8a6df70e147efbe5c9b889e78498d
Updated resource 'res-procedure-universal-testing-for-gdm-protocol' [translated] -> 18db64992d084177916e541944d8358d
DEBUG: activating version 0847fc8a762b4e9ab62814699c0493c9 with url='http://135.225.105.160:8004/resources/version/0847fc8a762b4e9ab62814699c0493c9/status'
  ✓ Activated version: 0847fc8a762b4e9ab62814699c0493c9
Updated resource 'res-procedure-blood-glucose-measurement' [translated] -> fff544898dcc4927bc3f637ddcbfacf0
DEBUG: activating version 2cc6e950d7594a9db5732048f28369e5 with url='http://135.225.105.160:8004/resources/version/2cc6e950d7594a9db5732048f28369e5/status'
  ✓ Activated version: 2cc6e950d7594a9db5732048f28369e5
Updated resource 'res-procedure-administration-of-insulin' [translated] -> ebc725c140cd41ac98615543d68ac6f5
DEBUG: activating version 7688aa3f72094af3aa99d176620c9c18 with url='http://135.225.105.160:8004/resources/version/7688aa3f72094af3aa99d176620c9c18/status'
  ✓ Activated version: 7688aa3f72094af3aa99d176620c9c18
Updated resource 'res-procedure-administration-of-insulin-using-pen' [translated] -> b3764ee8eab64b46a85e278857a318d2
DEBUG: activating version ebdbcf64a97241f989523f80a2943ffd with url='http://135.225.105.160:8004/resources/version/ebdbcf64a97241f989523f80a2943ffd/status'
  ✓ Activated version: ebdbcf64a97241f989523f80a2943ffd
Updated resource 'res-procedure-capillary-blood-glucose-testing-on-newborns' [translated] -> 94ea75522e0c4b19b43971de8218c091
DEBUG: activating version 14ac1dc29afc4735a52395958a06a3cb with url='http://135.225.105.160:8004/resources/version/14ac1dc29afc4735a52395958a06a3cb/status'
  ✓ Activated version: 14ac1dc29afc4735a52395958a06a3cb
Updated resource 'res-procedure-personal-protective-equipment-ppe' [translated] -> 14ef742a6c4247319d68722de6c1b465
DEBUG: activating version 4106223c2c584a1f82465660ac4995ae with url='http://135.225.105.160:8004/resources/version/4106223c2c584a1f82465660ac4995ae/status'
  ✓ Activated version: 4106223c2c584a1f82465660ac4995ae
Updated resource 'res-procedure-preparation-of-hypochlorite-solution' [translated] -> 75efde3138d54367866d8af166044f8a
DEBUG: activating version 4d92d748e53f413ca4bbe5d3b1924bab with url='http://135.225.105.160:8004/resources/version/4d92d748e53f413ca4bbe5d3b1924bab/status'
  ✓ Activated version: 4d92d748e53f413ca4bbe5d3b1924bab
Updated resource 'res-procedure-cleaning-storage-and-housekeeping' [translated] -> 5c966265c52c4510a4bb4b672739eeb1
DEBUG: activating version 76cbf0738010423bb0e4d88b9a29d567 with url='http://135.225.105.160:8004/resources/version/76cbf0738010423bb0e4d88b9a29d567/status'
  ✓ Activated version: 76cbf0738010423bb0e4d88b9a29d567
Updated resource 'res-procedure-sterilization' [translated] -> 97588e6e0d544ed79c4dbaa6c48cf02a
DEBUG: activating version f18204f4b26b488f840be715289336fa with url='http://135.225.105.160:8004/resources/version/f18204f4b26b488f840be715289336fa/status'
  ✓ Activated version: f18204f4b26b488f840be715289336fa
Updated resource 'res-procedure-spill-management' [translated] -> 59206dd708e34dc9a9f34a72101c43a4
DEBUG: activating version 66ac0b79454e4d62a6c52336ed1381ba with url='http://135.225.105.160:8004/resources/version/66ac0b79454e4d62a6c52336ed1381ba/status'
  ✓ Activated version: 66ac0b79454e4d62a6c52336ed1381ba
Updated resource 'res-procedure-cleaning-manual-vacuum-aspirator' [translated] -> 04a9cf523ebd4327b93169111a8c3e5c
DEBUG: activating version 76f6d87f1dae4c0c9bd65176b74197ff with url='http://135.225.105.160:8004/resources/version/76f6d87f1dae4c0c9bd65176b74197ff/status'
  ✓ Activated version: 76f6d87f1dae4c0c9bd65176b74197ff
Updated resource 'res-procedure-urine-catheter' [translated] -> a2e7b5e7142347e59d538ca0ebaa187a
DEBUG: activating version e451653470bc4dbeb151047a8829d42e with url='http://135.225.105.160:8004/resources/version/e451653470bc4dbeb151047a8829d42e/status'
  ✓ Activated version: e451653470bc4dbeb151047a8829d42e
Updated resource 'res-procedure-intravenous-access-adult-ind' [translated] -> e5b165f28feb4b7fa2637fbff5cf4816
DEBUG: activating version d061ccbeeff44140895714a303eaddbe with url='http://135.225.105.160:8004/resources/version/d061ccbeeff44140895714a303eaddbe/status'
  ✓ Activated version: d061ccbeeff44140895714a303eaddbe
Updated resource 'res-procedure-intramuscular-injection-im' [translated] -> 417ee575622b4e3885c4a44d4c345cee
DEBUG: activating version 5a1aafb8c070453c898c76556f39cdb8 with url='http://135.225.105.160:8004/resources/version/5a1aafb8c070453c898c76556f39cdb8/status'
  ✓ Activated version: 5a1aafb8c070453c898c76556f39cdb8
Updated resource 'res-procedure-intravenous-access-adult-ind' [translated] -> e5b165f28feb4b7fa2637fbff5cf4816
DEBUG: activating version e52bbbc627b945d6b11889eba2a73020 with url='http://135.225.105.160:8004/resources/version/e52bbbc627b945d6b11889eba2a73020/status'
  ✓ Activated version: e52bbbc627b945d6b11889eba2a73020
Updated resource 'res-procedure-urine-catheter' [translated] -> a2e7b5e7142347e59d538ca0ebaa187a
DEBUG: activating version 3401feaf7a3340c584082fade8e09946 with url='http://135.225.105.160:8004/resources/version/3401feaf7a3340c584082fade8e09946/status'
  ✓ Activated version: 3401feaf7a3340c584082fade8e09946
Updated resource 'res-procedure-initial-assessment' [translated] -> a584fd0cbc974144a8cd607266cf3ba4
DEBUG: activating version f564cefa235940e095667f93fc23da15 with url='http://135.225.105.160:8004/resources/version/f564cefa235940e095667f93fc23da15/status'
  ✓ Activated version: f564cefa235940e095667f93fc23da15
Updated resource 'res-procedure-calculate-due-date-and-ga' [translated] -> 84d949df9e0d41c1b0109781399db6b4
DEBUG: activating version 77827f2ee55e4ee5a4beffc2f22c2bfe with url='http://135.225.105.160:8004/resources/version/77827f2ee55e4ee5a4beffc2f22c2bfe/status'
  ✓ Activated version: 77827f2ee55e4ee5a4beffc2f22c2bfe
Updated resource 'res-procedure-foetal-heart-rate' [translated] -> d96c0829312d45c8b9c398297a39b40d
DEBUG: activating version 658d3d20f2624ec6af17470d4bb9db02 with url='http://135.225.105.160:8004/resources/version/658d3d20f2624ec6af17470d4bb9db02/status'
  ✓ Activated version: 658d3d20f2624ec6af17470d4bb9db02
Updated resource 'res-procedure-vaginal-examination' [translated] -> 1bd357397b854aca8bc571bde3d2df33
DEBUG: activating version f24ab91fe7374231a57929fb0de0cb7a with url='http://135.225.105.160:8004/resources/version/f24ab91fe7374231a57929fb0de0cb7a/status'
  ✓ Activated version: f24ab91fe7374231a57929fb0de0cb7a
Updated resource 'res-procedure-abdominal-examination' [translated] -> 2e2f39c7b33e4b78bd16800c238c7110
DEBUG: activating version 627bd789252c425685c3acfe3e7ebd50 with url='http://135.225.105.160:8004/resources/version/627bd789252c425685c3acfe3e7ebd50/status'
  ✓ Activated version: 627bd789252c425685c3acfe3e7ebd50
Updated resource 'res-procedure-breastfeeding-ind' [translated] -> d338b03978f049a19923f1e36fe1b99c
DEBUG: activating version 92a486b8e2db4ca29844843f30bb5f5f with url='http://135.225.105.160:8004/resources/version/92a486b8e2db4ca29844843f30bb5f5f/status'
  ✓ Activated version: 92a486b8e2db4ca29844843f30bb5f5f
Updated resource 'res-procedure-intravenous-access-adult-ind' [translated] -> e5b165f28feb4b7fa2637fbff5cf4816
DEBUG: activating version 12dbb93ffdd949b5bac73e97501662f9 with url='http://135.225.105.160:8004/resources/version/12dbb93ffdd949b5bac73e97501662f9/status'
  ✓ Activated version: 12dbb93ffdd949b5bac73e97501662f9
Updated resource 'res-procedure-foetal-heart-rate' [translated] -> d96c0829312d45c8b9c398297a39b40d
DEBUG: activating version 765f99b90ef54ff69d2fc5a0280d9807 with url='http://135.225.105.160:8004/resources/version/765f99b90ef54ff69d2fc5a0280d9807/status'
  ✓ Activated version: 765f99b90ef54ff69d2fc5a0280d9807
Updated resource 'res-procedure-urine-catheter' [translated] -> a2e7b5e7142347e59d538ca0ebaa187a
DEBUG: activating version 031c27af30984845b2a16543e46ab0be with url='http://135.225.105.160:8004/resources/version/031c27af30984845b2a16543e46ab0be/status'
  ✓ Activated version: 031c27af30984845b2a16543e46ab0be
Updated resource 'res-procedure-vacuum-extractor' [translated] -> 46cbbf87e8794c5d923a12d74c569e46
DEBUG: activating version 76c227573cb9491599d09d9481b1d595 with url='http://135.225.105.160:8004/resources/version/76c227573cb9491599d09d9481b1d595/status'
  ✓ Activated version: 76c227573cb9491599d09d9481b1d595
Updated resource 'res-procedure-early-detection-of-pph' [translated] -> cff409e6bcf448bf9640cbd19789c4dc
DEBUG: activating version bd4035694c664e97bb8eca2bb8265db7 with url='http://135.225.105.160:8004/resources/version/bd4035694c664e97bb8eca2bb8265db7/status'
  ✓ Activated version: bd4035694c664e97bb8eca2bb8265db7
Updated resource 'res-procedure-aortic-compression' [translated] -> 7a6d63d50ee8408fb4e8854d4c77364e
DEBUG: activating version 3ba6a4fa0ad44f71861f201d37759008 with url='http://135.225.105.160:8004/resources/version/3ba6a4fa0ad44f71861f201d37759008/status'
  ✓ Activated version: 3ba6a4fa0ad44f71861f201d37759008
Updated resource 'res-procedure-condom-balloon-tamponade' [translated] -> 529d5f0805234034828f59351abfd4af
DEBUG: activating version 4e579956881b4f0abcbb13e6fa8aeed9 with url='http://135.225.105.160:8004/resources/version/4e579956881b4f0abcbb13e6fa8aeed9/status'
  ✓ Activated version: 4e579956881b4f0abcbb13e6fa8aeed9
Updated resource 'res-procedure-intravenous-access-adult-ind' [translated] -> e5b165f28feb4b7fa2637fbff5cf4816
DEBUG: activating version 0d2b3df3d86549c09e20ea69aa639e74 with url='http://135.225.105.160:8004/resources/version/0d2b3df3d86549c09e20ea69aa639e74/status'
  ✓ Activated version: 0d2b3df3d86549c09e20ea69aa639e74
Updated resource 'res-procedure-intramuscular-injection-im' [translated] -> 417ee575622b4e3885c4a44d4c345cee
DEBUG: activating version bf0bcdb8f26b40e48adafd6ead8e8dfe with url='http://135.225.105.160:8004/resources/version/bf0bcdb8f26b40e48adafd6ead8e8dfe/status'
  ✓ Activated version: bf0bcdb8f26b40e48adafd6ead8e8dfe
Updated resource 'res-procedure-perineal-tear-repair' [translated] -> b82bbc0e55be40589f22c9076b7ac5d8
DEBUG: activating version 6e65cff40f4f448bb87c696f8bf6622b with url='http://135.225.105.160:8004/resources/version/6e65cff40f4f448bb87c696f8bf6622b/status'
  ✓ Activated version: 6e65cff40f4f448bb87c696f8bf6622b
Updated resource 'res-procedure-urine-catheter' [translated] -> a2e7b5e7142347e59d538ca0ebaa187a
DEBUG: activating version dcc20789c1ff4c5598123a51746f81d6 with url='http://135.225.105.160:8004/resources/version/dcc20789c1ff4c5598123a51746f81d6/status'
  ✓ Activated version: dcc20789c1ff4c5598123a51746f81d6
Updated resource 'res-procedure-aortic-compression' [translated] -> 7a6d63d50ee8408fb4e8854d4c77364e
DEBUG: activating version ed7cb59b7e6b4ed6a983570eed73fea7 with url='http://135.225.105.160:8004/resources/version/ed7cb59b7e6b4ed6a983570eed73fea7/status'
  ✓ Activated version: ed7cb59b7e6b4ed6a983570eed73fea7
Updated resource 'res-procedure-condom-balloon-tamponade' [translated] -> 529d5f0805234034828f59351abfd4af
DEBUG: activating version e469abffe0964142b26920327ebdbeb3 with url='http://135.225.105.160:8004/resources/version/e469abffe0964142b26920327ebdbeb3/status'
  ✓ Activated version: e469abffe0964142b26920327ebdbeb3
Updated resource 'res-procedure-intravenous-access-adult-ind' [translated] -> e5b165f28feb4b7fa2637fbff5cf4816
DEBUG: activating version 5f9fd09ca5224eedb661839449510306 with url='http://135.225.105.160:8004/resources/version/5f9fd09ca5224eedb661839449510306/status'
  ✓ Activated version: 5f9fd09ca5224eedb661839449510306
Updated resource 'res-procedure-urine-catheter' [translated] -> a2e7b5e7142347e59d538ca0ebaa187a
DEBUG: activating version ca6d1973de9a4c58b10bc13d4bd9bb14 with url='http://135.225.105.160:8004/resources/version/ca6d1973de9a4c58b10bc13d4bd9bb14/status'
  ✓ Activated version: ca6d1973de9a4c58b10bc13d4bd9bb14
Updated resource 'res-procedure-urine-catheter' [translated] -> a2e7b5e7142347e59d538ca0ebaa187a
DEBUG: activating version 59f97be62fa44f2aacada359f9311773 with url='http://135.225.105.160:8004/resources/version/59f97be62fa44f2aacada359f9311773/status'
  ✓ Activated version: 59f97be62fa44f2aacada359f9311773
Updated resource 'res-procedure-intravenous-access-adult-ind' [translated] -> e5b165f28feb4b7fa2637fbff5cf4816
DEBUG: activating version 7f822ffe3cc94e7e845b1c04bf6d392c with url='http://135.225.105.160:8004/resources/version/7f822ffe3cc94e7e845b1c04bf6d392c/status'
  ✓ Activated version: 7f822ffe3cc94e7e845b1c04bf6d392c
Updated resource 'res-procedure-breastfeeding' [translated] -> 0576bbef86e742c4900966e51213e570
DEBUG: activating version 3d6094a8a13e454a9ff286645fee9723 with url='http://135.225.105.160:8004/resources/version/3d6094a8a13e454a9ff286645fee9723/status'
  ✓ Activated version: 3d6094a8a13e454a9ff286645fee9723
Updated resource 'res-procedure-disinfection-of-newborn-care-unit' [translated] -> 80f575b630d34f21b6316e66b2a98270
DEBUG: activating version 6af3472504b54154a6296e9df871c2de with url='http://135.225.105.160:8004/resources/version/6af3472504b54154a6296e9df871c2de/status'
  ✓ Activated version: 6af3472504b54154a6296e9df871c2de
Updated resource 'res-procedure-fr-intravenous-access-equipment' [translated] -> 31bbc82f1e0e459090705d2b2c1d82c3
DEBUG: activating version cfa3c4d034574cddafbdc94868e54aac with url='http://135.225.105.160:8004/resources/version/cfa3c4d034574cddafbdc94868e54aac/status'
  ✓ Activated version: cfa3c4d034574cddafbdc94868e54aac
Updated resource 'res-procedure-fr-intravenous-access-equipment' [translated] -> 31bbc82f1e0e459090705d2b2c1d82c3
DEBUG: activating version 12dc909c4edb43b6a9cd62ef43527889 with url='http://135.225.105.160:8004/resources/version/12dc909c4edb43b6a9cd62ef43527889/status'
  ✓ Activated version: 12dc909c4edb43b6a9cd62ef43527889
Updated resource 'res-procedure-expression-of-breast-milk-storage-ind' [translated] -> d36e4603b00e4b8886bd0c553ab3cb28
DEBUG: activating version c6f4b67167064edf8c097f40c50d0b16 with url='http://135.225.105.160:8004/resources/version/c6f4b67167064edf8c097f40c50d0b16/status'
  ✓ Activated version: c6f4b67167064edf8c097f40c50d0b16
Updated resource 'res-procedure-breastfeeding' [translated] -> 0576bbef86e742c4900966e51213e570
DEBUG: activating version 0f8263fa619b45238f9cee4f3a027597 with url='http://135.225.105.160:8004/resources/version/0f8263fa619b45238f9cee4f3a027597/status'
  ✓ Activated version: 0f8263fa619b45238f9cee4f3a027597
Updated resource 'res-procedure-naso-and-orogastric-tube' [translated] -> be32ad7514a74a67a58e042c0c5e7eb6
DEBUG: activating version 42ec3854620146b4b9ba951b119c09e1 with url='http://135.225.105.160:8004/resources/version/42ec3854620146b4b9ba951b119c09e1/status'
  ✓ Activated version: 42ec3854620146b4b9ba951b119c09e1
Updated resource 'res-procedure-kangaroo-mother-care' [translated] -> c686cfbd8684451f901c19120d381389
DEBUG: activating version 8c0da5ac86904e4aa9a762e01f07e49c with url='http://135.225.105.160:8004/resources/version/8c0da5ac86904e4aa9a762e01f07e49c/status'
  ✓ Activated version: 8c0da5ac86904e4aa9a762e01f07e49c
Updated resource 'res-action-card-risk-factors-causes' [translated] -> e2b9a8869bd24d91a2c67b8d810168c4
DEBUG: activating version 81a430690bec43e49f692ffda475fd8e with url='http://135.225.105.160:8004/resources/version/81a430690bec43e49f692ffda475fd8e/status'
  ✓ Activated version: 81a430690bec43e49f692ffda475fd8e
Updated resource 'res-action-card-screening' [translated] -> 9b0b7368f88148fd92ed9398f98ea24e
DEBUG: activating version f5610a8b2be242a6bff0c51a9b500436 with url='http://135.225.105.160:8004/resources/version/f5610a8b2be242a6bff0c51a9b500436/status'
  ✓ Activated version: f5610a8b2be242a6bff0c51a9b500436
Updated resource 'res-action-card-perinatal-mental-health-conditions' [translated] -> 3aa0f787815f482d85ef9635cc3b6321
DEBUG: activating version 4eb74bc5b2b746aebd1863a411d57d0f with url='http://135.225.105.160:8004/resources/version/4eb74bc5b2b746aebd1863a411d57d0f/status'
  ✓ Activated version: 4eb74bc5b2b746aebd1863a411d57d0f
Updated resource 'res-action-card-infant-outcomes' [translated] -> da7c33f317ad4fcaad20f89fc8cf310e
DEBUG: activating version 31fd14b5a5464d83a8dab5670e66e514 with url='http://135.225.105.160:8004/resources/version/31fd14b5a5464d83a8dab5670e66e514/status'
  ✓ Activated version: 31fd14b5a5464d83a8dab5670e66e514
Updated resource 'res-action-card-violence-against-women' [translated] -> c02daed33d6848709ee614b0cabb91f3
DEBUG: activating version c7a3fb8dc3e64c2fac9aea67d4fb3e38 with url='http://135.225.105.160:8004/resources/version/c7a3fb8dc3e64c2fac9aea67d4fb3e38/status'
  ✓ Activated version: c7a3fb8dc3e64c2fac9aea67d4fb3e38
Updated resource 'res-action-card-mec-wheel' [translated] -> c41be630288b4968bdcc9ffa130bb3bd
DEBUG: activating version fe1c2c9a38d646d594f0328ef114b7d5 with url='http://135.225.105.160:8004/resources/version/fe1c2c9a38d646d594f0328ef114b7d5/status'
  ✓ Activated version: fe1c2c9a38d646d594f0328ef114b7d5
Updated resource 'res-action-card-contraceptive-counselling-ind' [translated] -> cd9dc6a9742d48d4a8c12536d2a707cc
DEBUG: activating version b903d0579fda484ea5cee23845b1631f with url='http://135.225.105.160:8004/resources/version/b903d0579fda484ea5cee23845b1631f/status'
  ✓ Activated version: b903d0579fda484ea5cee23845b1631f
Updated resource 'res-action-card-short-acting-reversible-contraceptives-sarcs' [translated] -> ce3547af77204335a3b9bea1a89fc6c4
DEBUG: activating version a2163b8dc41b43519e55c77cad47e245 with url='http://135.225.105.160:8004/resources/version/a2163b8dc41b43519e55c77cad47e245/status'
  ✓ Activated version: a2163b8dc41b43519e55c77cad47e245
Updated resource 'res-action-card-long-acting-reversible-contraceptives-larcs' [translated] -> ceb7ff684dde44cb91a4bea960e2c993
DEBUG: activating version 10f636a2414c494d80635a6904f6c3df with url='http://135.225.105.160:8004/resources/version/10f636a2414c494d80635a6904f6c3df/status'
  ✓ Activated version: 10f636a2414c494d80635a6904f6c3df
Updated resource 'res-action-card-permanent-methods' [translated] -> 9b394086aa3b4a2cb6f03842cd7cd6d3
DEBUG: activating version 551248b4c34540cfb91ba5cf899c0a9c with url='http://135.225.105.160:8004/resources/version/551248b4c34540cfb91ba5cf899c0a9c/status'
  ✓ Activated version: 551248b4c34540cfb91ba5cf899c0a9c
Updated resource 'res-action-card-timing-of-initiation-of-contraceptive-methods' [translated] -> e15676a3bcc045e3b2bc617c632e8578
DEBUG: activating version fe59ff7636a145cab3ab16600f32a16d with url='http://135.225.105.160:8004/resources/version/fe59ff7636a145cab3ab16600f32a16d/status'
  ✓ Activated version: fe59ff7636a145cab3ab16600f32a16d
Updated resource 'res-action-card-respectful-antenatal-care' [translated] -> 35a5c21f1bfe4df7bd1814c9dddbd7a5
DEBUG: activating version ffabeaf18d314b8783a3e5daa97c3543 with url='http://135.225.105.160:8004/resources/version/ffabeaf18d314b8783a3e5daa97c3543/status'
  ✓ Activated version: ffabeaf18d314b8783a3e5daa97c3543
Updated resource 'res-action-card-nutrition-and-lifestyle' [translated] -> 3e0559a9d66d4e5e86dbf5664389d8a8
DEBUG: activating version 2d35a5d2165d429e836cbe8b1ba385bc with url='http://135.225.105.160:8004/resources/version/2d35a5d2165d429e836cbe8b1ba385bc/status'
  ✓ Activated version: 2d35a5d2165d429e836cbe8b1ba385bc
Updated resource 'res-action-card-birth-and-emergency-plan' [translated] -> 67c1c620690c4b23a95cd094b6d49e2d
DEBUG: activating version 95fdca2d304d495789337f18e3fe0a7c with url='http://135.225.105.160:8004/resources/version/95fdca2d304d495789337f18e3fe0a7c/status'
  ✓ Activated version: 95fdca2d304d495789337f18e3fe0a7c
Updated resource 'res-action-card-interventions-for-common-physiological-symptoms' [translated] -> a59bd23a4e784df1bc55537a8eadb237
DEBUG: activating version 06baaab2d9ae4cb8acca9c4fd632186f with url='http://135.225.105.160:8004/resources/version/06baaab2d9ae4cb8acca9c4fd632186f/status'
  ✓ Activated version: 06baaab2d9ae4cb8acca9c4fd632186f
Updated resource 'res-action-card-violence-against-women' [translated] -> c02daed33d6848709ee614b0cabb91f3
DEBUG: activating version 9384d129456c4574a34728805c15ce9f with url='http://135.225.105.160:8004/resources/version/9384d129456c4574a34728805c15ce9f/status'
  ✓ Activated version: 9384d129456c4574a34728805c15ce9f
Updated resource 'res-action-card-significant-symptoms-of-antenatal-complications' [translated] -> 1d178862675e4b04a412df31f484c4ee
DEBUG: activating version 9b32aa99ac4949ed8ab96635dd14a59f with url='http://135.225.105.160:8004/resources/version/9b32aa99ac4949ed8ab96635dd14a59f/status'
  ✓ Activated version: 9b32aa99ac4949ed8ab96635dd14a59f
Updated resource 'res-action-card-threatened-preterm-labour' [translated] -> 2cfad6bf356b456981bfbdf14d0515b4
DEBUG: activating version 8eb73153731046a496d0eca6e573fe9f with url='http://135.225.105.160:8004/resources/version/8eb73153731046a496d0eca6e573fe9f/status'
  ✓ Activated version: 8eb73153731046a496d0eca6e573fe9f
Updated resource 'res-action-card-mother' [translated] -> 3fc0204aacbb473f83331f99fd3fa02e
DEBUG: activating version 9ff13ca626254165b9cb5dcd108228c3 with url='http://135.225.105.160:8004/resources/version/9ff13ca626254165b9cb5dcd108228c3/status'
  ✓ Activated version: 9ff13ca626254165b9cb5dcd108228c3
Updated resource 'res-action-card-newborn' [translated] -> 94b550e5569b48a98543cfb713a2064d
DEBUG: activating version 02b3159d7ffb4f66aa04bb920cb675c1 with url='http://135.225.105.160:8004/resources/version/02b3159d7ffb4f66aa04bb920cb675c1/status'
  ✓ Activated version: 02b3159d7ffb4f66aa04bb920cb675c1
Updated resource 'res-action-card-special-anc-for-women-with-gdm' [translated] -> cec556f9062e4b5fbb15972e42e664e0
DEBUG: activating version da975c1e87784c398ccee5948d22c426 with url='http://135.225.105.160:8004/resources/version/da975c1e87784c398ccee5948d22c426/status'
  ✓ Activated version: da975c1e87784c398ccee5948d22c426
Updated resource 'res-action-card-bmi-calculation-and-recommended-weight-gain-in-pregnancy' [translated] -> 41cdbf78eff44e24aad93e4a845faa9f
DEBUG: activating version 3827993e74484b81b527ddefea64c916 with url='http://135.225.105.160:8004/resources/version/3827993e74484b81b527ddefea64c916/status'
  ✓ Activated version: 3827993e74484b81b527ddefea64c916
Updated resource 'res-action-card-calculation-of-energy-requirement' [translated] -> 5bbf8c732e43407284263c19f6a56a21
DEBUG: activating version f46e6bc6d1f34401b6b8214429051e67 with url='http://135.225.105.160:8004/resources/version/f46e6bc6d1f34401b6b8214429051e67/status'
  ✓ Activated version: f46e6bc6d1f34401b6b8214429051e67
Updated resource 'res-action-card-simple-and-complex-carbohydrates-selection' [translated] -> b80adf8e862f4957bfb6ec98866527ed
DEBUG: activating version 291d9906534e4b0eb85271f31f8e3d6d with url='http://135.225.105.160:8004/resources/version/291d9906534e4b0eb85271f31f8e3d6d/status'
  ✓ Activated version: 291d9906534e4b0eb85271f31f8e3d6d
Updated resource 'res-action-card-medical-nutrition-therapy-and-meal-plan-for-gdm' [translated] -> 661de8bc7da34d9daf3d1659035d500b
DEBUG: activating version 127498b3ec494007a3d891afc4d484fe with url='http://135.225.105.160:8004/resources/version/127498b3ec494007a3d891afc4d484fe/status'
  ✓ Activated version: 127498b3ec494007a3d891afc4d484fe
Updated resource 'res-action-card-hypoglycemia-in-women-with-gdm' [translated] -> 91598ef42c404fc4828a0c9a39f0ee95
DEBUG: activating version a9c05f0e0d3e4af8895900a1b2a39a7c with url='http://135.225.105.160:8004/resources/version/a9c05f0e0d3e4af8895900a1b2a39a7c/status'
  ✓ Activated version: a9c05f0e0d3e4af8895900a1b2a39a7c
Updated resource 'res-action-card-insulin-therapy-during-labour' [translated] -> 5a17cd00c6e04eb2a66145f764855609
DEBUG: activating version dee424b71e034b5fb98dc545d1d7cc9a with url='http://135.225.105.160:8004/resources/version/dee424b71e034b5fb98dc545d1d7cc9a/status'
  ✓ Activated version: dee424b71e034b5fb98dc545d1d7cc9a
Updated resource 'res-action-card-neonatal-hypoglycemia' [translated] -> 0a70e18f24b34478a5c66f097550e852
DEBUG: activating version 45a2bb3c3f3f4c7383ccf881b38e1819 with url='http://135.225.105.160:8004/resources/version/45a2bb3c3f3f4c7383ccf881b38e1819/status'
  ✓ Activated version: 45a2bb3c3f3f4c7383ccf881b38e1819
Updated resource 'res-action-card-postpartum-care-of-women-with-gdm' [translated] -> 2fc775b2390f4b16911751a52e2b887e
DEBUG: activating version dce0a084a52b476685ace1f4abc7ba31 with url='http://135.225.105.160:8004/resources/version/dce0a084a52b476685ace1f4abc7ba31/status'
  ✓ Activated version: dce0a084a52b476685ace1f4abc7ba31
Updated resource 'res-action-card-pre-conception-counselling-of-diabetic-women' [translated] -> d271337c6f85413abe3c1f8080fa6ba1
DEBUG: activating version 5297a14c07d54d16bf4933a6cce40377 with url='http://135.225.105.160:8004/resources/version/5297a14c07d54d16bf4933a6cce40377/status'
  ✓ Activated version: 5297a14c07d54d16bf4933a6cce40377
Updated resource 'res-action-card-five-key-moments-for-hand-hygiene' [translated] -> 1af5d61e22824f66a0edf75407f1ebb8
DEBUG: activating version 0559a3393299437cb6257f0c20195343 with url='http://135.225.105.160:8004/resources/version/0559a3393299437cb6257f0c20195343/status'
  ✓ Activated version: 0559a3393299437cb6257f0c20195343
Updated resource 'res-action-card-antibiotic-prophylaxis' [translated] -> 6adee84676f9472db8696fa1523b1906
DEBUG: activating version 87ace33458d04300b93f2398de9ac4b4 with url='http://135.225.105.160:8004/resources/version/87ace33458d04300b93f2398de9ac4b4/status'
  ✓ Activated version: 87ace33458d04300b93f2398de9ac4b4
Updated resource 'res-action-card-biomedical-waste-management' [translated] -> 810bba088ab04b05bec0f36f063bb233
DEBUG: activating version e930bfe867f04c80be6a8e4b85b86747 with url='http://135.225.105.160:8004/resources/version/e930bfe867f04c80be6a8e4b85b86747/status'
  ✓ Activated version: e930bfe867f04c80be6a8e4b85b86747
Updated resource 'res-action-card-post-abortion-care-definitions' [translated] -> 11cd92db0093459e80aa26a40fed9a05
DEBUG: activating version 462ef345ed0749508cc712b73a8e1d0a with url='http://135.225.105.160:8004/resources/version/462ef345ed0749508cc712b73a8e1d0a/status'
  ✓ Activated version: 462ef345ed0749508cc712b73a8e1d0a
Updated resource 'res-action-card-post-abortion-care-emergency-management' [translated] -> 1e02811dff02498a8a7cb3a6a95ececd
DEBUG: activating version b857d89abe684f70b004da7edf1b3385 with url='http://135.225.105.160:8004/resources/version/b857d89abe684f70b004da7edf1b3385/status'
  ✓ Activated version: b857d89abe684f70b004da7edf1b3385
Updated resource 'res-action-card-emergency-referral-post-abortion-care' [translated] -> 20694d4da06b4023a21aedfb1aba3500
DEBUG: activating version 6bea8903677140969d8c3b671b4143bc with url='http://135.225.105.160:8004/resources/version/6bea8903677140969d8c3b671b4143bc/status'
  ✓ Activated version: 6bea8903677140969d8c3b671b4143bc
Updated resource 'res-action-card-post-procedure-care-and-follow-up' [translated] -> f73c91a476f24b73b1ea2f20470fffbb
DEBUG: activating version af92d24b79e44188b751f08b870aa9be with url='http://135.225.105.160:8004/resources/version/af92d24b79e44188b751f08b870aa9be/status'
  ✓ Activated version: af92d24b79e44188b751f08b870aa9be
Updated resource 'res-action-card-post-abortion-contraceptive-methods' [translated] -> b0c69bcc80a14519aa683e5ea91ffacc
DEBUG: activating version 25c99e5e2b5241568f6243d85d323122 with url='http://135.225.105.160:8004/resources/version/25c99e5e2b5241568f6243d85d323122/status'
  ✓ Activated version: 25c99e5e2b5241568f6243d85d323122
Updated resource 'res-action-card-hypertension-definitions' [translated] -> 26aa1d2a98114f2481828a3681f9941b
DEBUG: activating version 06996ce9d3e64eb78c10abba5a683133 with url='http://135.225.105.160:8004/resources/version/06996ce9d3e64eb78c10abba5a683133/status'
  ✓ Activated version: 06996ce9d3e64eb78c10abba5a683133
Updated resource 'res-action-card-hypertension-management-hypertension' [translated] -> 18df3ced8be743c7b4824b76f2ed4b9d
DEBUG: activating version a6484569c395441285d954fbba83afb8 with url='http://135.225.105.160:8004/resources/version/a6484569c395441285d954fbba83afb8/status'
  ✓ Activated version: a6484569c395441285d954fbba83afb8
Updated resource 'res-action-card-management-of-eclampsia-ind' [translated] -> a873ed2f273e48b99a8faa93515db6eb
DEBUG: activating version af0b58bf698a4c0eb83f1afacc5e7669 with url='http://135.225.105.160:8004/resources/version/af0b58bf698a4c0eb83f1afacc5e7669/status'
  ✓ Activated version: af0b58bf698a4c0eb83f1afacc5e7669
Updated resource 'res-action-card-emergency-referral-hypertension' [translated] -> 79fb37409a9c47b38bf8bc7d6cde18f2
DEBUG: activating version aed37da81daf4fb39604743d34e06f2f with url='http://135.225.105.160:8004/resources/version/aed37da81daf4fb39604743d34e06f2f/status'
  ✓ Activated version: aed37da81daf4fb39604743d34e06f2f
Updated resource 'res-action-card-antenatal-corticosteroid-therapy' [translated] -> 4129284a6dc8492abc33ecde22c1a61d
DEBUG: activating version a2e0eec7fd3e41c296b5749c4c36a158 with url='http://135.225.105.160:8004/resources/version/a2e0eec7fd3e41c296b5749c4c36a158/status'
  ✓ Activated version: a2e0eec7fd3e41c296b5749c4c36a158
Updated resource 'res-action-card-partograph-ind' [translated] -> 5a42205d4df4411793fa240f6ee55ff7
DEBUG: activating version 5d4629067631457dbad30de09929578b with url='http://135.225.105.160:8004/resources/version/5d4629067631457dbad30de09929578b/status'
  ✓ Activated version: 5d4629067631457dbad30de09929578b
Updated resource 'res-action-card-essential-steps-for-amtsl' [translated] -> 1d7562c656ce430793ed5d1fd9d4248e
DEBUG: activating version e0f42da7c5554de9a588bbd088710812 with url='http://135.225.105.160:8004/resources/version/e0f42da7c5554de9a588bbd088710812/status'
  ✓ Activated version: e0f42da7c5554de9a588bbd088710812
Updated resource 'res-action-card-initial-care-india' [translated] -> 66afc34285e646f184c6449b56cee676
DEBUG: activating version 0e8b5456ce5b4af1947491623d6c4cf8 with url='http://135.225.105.160:8004/resources/version/0e8b5456ce5b4af1947491623d6c4cf8/status'
  ✓ Activated version: 0e8b5456ce5b4af1947491623d6c4cf8
Updated resource 'res-action-card-emergency-referral-manual-removal-of-placenta-ind' [translated] -> 3eb50722460a4609806796db1382598b
DEBUG: activating version e2f56658696a4875b81669a22fc5b26a with url='http://135.225.105.160:8004/resources/version/e2f56658696a4875b81669a22fc5b26a/status'
  ✓ Activated version: e2f56658696a4875b81669a22fc5b26a
Updated resource 'res-action-card-partograph-ind' [translated] -> 5a42205d4df4411793fa240f6ee55ff7
DEBUG: activating version f2a9b58d751b4352872dc71c75c86ed6 with url='http://135.225.105.160:8004/resources/version/f2a9b58d751b4352872dc71c75c86ed6/status'
  ✓ Activated version: f2a9b58d751b4352872dc71c75c86ed6
Updated resource 'res-action-card-vacuum-delivery-indications' [translated] -> 422288f787474e8a98388a6dcbbc30fa
DEBUG: activating version 366b79d0020440b5972443b02dd97dd5 with url='http://135.225.105.160:8004/resources/version/366b79d0020440b5972443b02dd97dd5/status'
  ✓ Activated version: 366b79d0020440b5972443b02dd97dd5
Updated resource 'res-action-card-vacuum-delivery-prerequisites' [translated] -> fbd607fba3af46c5a1dab02725ba5ef2
DEBUG: activating version 3718753f917b4407a981c221e13f04a5 with url='http://135.225.105.160:8004/resources/version/3718753f917b4407a981c221e13f04a5/status'
  ✓ Activated version: 3718753f917b4407a981c221e13f04a5
Updated resource 'res-action-card-vacuum-delivery-procedure-as-by-also' [translated] -> 05480860e87146ff90789597f3be51fa
DEBUG: activating version c0f611787843445db5b22d9af0dcc355 with url='http://135.225.105.160:8004/resources/version/c0f611787843445db5b22d9af0dcc355/status'
  ✓ Activated version: c0f611787843445db5b22d9af0dcc355
Updated resource 'res-action-card-emergency-referral-prolonged-labour' [translated] -> 74552889cc374d04a9907a1d6e87afea
DEBUG: activating version 0742fb088b5540e28d330d86116680ba with url='http://135.225.105.160:8004/resources/version/0742fb088b5540e28d330d86116680ba/status'
  ✓ Activated version: 0742fb088b5540e28d330d86116680ba
Updated resource 'res-action-card-essential-steps-for-amtsl' [translated] -> 1d7562c656ce430793ed5d1fd9d4248e
DEBUG: activating version 08fed774699849adb31f10739dcb5cbe with url='http://135.225.105.160:8004/resources/version/08fed774699849adb31f10739dcb5cbe/status'
  ✓ Activated version: 08fed774699849adb31f10739dcb5cbe
Updated resource 'res-action-card-emergency-referral-post-partum-hemorrhage' [translated] -> 89ce31a21daa4ee7bf13306e4b893860
DEBUG: activating version 0d7ce4992c534b359c703e309ee16c56 with url='http://135.225.105.160:8004/resources/version/0d7ce4992c534b359c703e309ee16c56/status'
  ✓ Activated version: 0d7ce4992c534b359c703e309ee16c56
Updated resource 'res-action-card-emergency-referral-manual-removal-of-placenta-ind' [translated] -> 3eb50722460a4609806796db1382598b
DEBUG: activating version 36a64c1e6c9d45bd8f4929436bfb527f with url='http://135.225.105.160:8004/resources/version/36a64c1e6c9d45bd8f4929436bfb527f/status'
  ✓ Activated version: 36a64c1e6c9d45bd8f4929436bfb527f
Updated resource 'res-action-card-maternal-sepsis-definitions' [translated] -> 470b86c108c449b7b76634894f3e5b35
DEBUG: activating version d6251b948ccf4e988968b4a906613bfc with url='http://135.225.105.160:8004/resources/version/d6251b948ccf4e988968b4a906613bfc/status'
  ✓ Activated version: d6251b948ccf4e988968b4a906613bfc
Updated resource 'res-action-card-maternal-sepsis-emergency-management' [translated] -> 06879dde373e49f89a831489133b0502
DEBUG: activating version 4e64fa65b8d44a83bcdb3e76a68954ed with url='http://135.225.105.160:8004/resources/version/4e64fa65b8d44a83bcdb3e76a68954ed/status'
  ✓ Activated version: 4e64fa65b8d44a83bcdb3e76a68954ed
Updated resource 'res-action-card-emergency-referral-maternal-sepsis' [translated] -> 2cefa54e200b45faa7059d0d4ff58a1a
DEBUG: activating version c06fa59037b34fe1baa96f765d974dfe with url='http://135.225.105.160:8004/resources/version/c06fa59037b34fe1baa96f765d974dfe/status'
  ✓ Activated version: c06fa59037b34fe1baa96f765d974dfe
Updated resource 'res-action-card-algorithm-neonatal-resuscitation' [translated] -> 9c6576748a85423cad957d5e95126fde
DEBUG: activating version e75e6e7adcf84d8facf08e2d7d8dfffa with url='http://135.225.105.160:8004/resources/version/e75e6e7adcf84d8facf08e2d7d8dfffa/status'
  ✓ Activated version: e75e6e7adcf84d8facf08e2d7d8dfffa
Updated resource 'res-action-card-safe-oxygen-management-new-2025' [translated] -> 5092eb637ffc490786fc5845365bbdb9
DEBUG: activating version 7cdc768719fe478185b80b8a090f230f with url='http://135.225.105.160:8004/resources/version/7cdc768719fe478185b80b8a090f230f/status'
  ✓ Activated version: 7cdc768719fe478185b80b8a090f230f
Updated resource 'res-action-card-neonatal-referral' [translated] -> 4b393b9f6432480eb9cb23d6531c8d4f
DEBUG: activating version ebb33a14a6b242b6996b8bfa0a66e905 with url='http://135.225.105.160:8004/resources/version/ebb33a14a6b242b6996b8bfa0a66e905/status'
  ✓ Activated version: ebb33a14a6b242b6996b8bfa0a66e905
Updated resource 'res-action-card-ambu-bag-mask-parts-functions' [translated] -> f496dd499a0a417ebf92c250883ec2e9
DEBUG: activating version ad3a6fb065fa4c768c88ec0d704bda02 with url='http://135.225.105.160:8004/resources/version/ad3a6fb065fa4c768c88ec0d704bda02/status'
  ✓ Activated version: ad3a6fb065fa4c768c88ec0d704bda02
Updated resource 'res-action-card-advance-neonatal-resuscitation' [translated] -> 192ca09576e24821b3f63db4c6f4e4b0
DEBUG: activating version 6da607268c5b49ae9c912f83a1f39746 with url='http://135.225.105.160:8004/resources/version/6da607268c5b49ae9c912f83a1f39746/status'
  ✓ Activated version: 6da607268c5b49ae9c912f83a1f39746
Updated resource 'res-action-card-nbsu-admission-criteria' [translated] -> e6fa93dbcf5646b9a1cbb6a4c44a060a
DEBUG: activating version b5ff1547c6f8435c8d9005fcd5f9dc11 with url='http://135.225.105.160:8004/resources/version/b5ff1547c6f8435c8d9005fcd5f9dc11/status'
  ✓ Activated version: b5ff1547c6f8435c8d9005fcd5f9dc11
Updated resource 'res-action-card-criteria-for-discharge-from-nbsu' [translated] -> a69205e458054857ad480563640c8898
DEBUG: activating version 11f35120855540e692fbb13bb15c5417 with url='http://135.225.105.160:8004/resources/version/11f35120855540e692fbb13bb15c5417/status'
  ✓ Activated version: 11f35120855540e692fbb13bb15c5417
Updated resource 'res-action-card-safe-oxygen-management-new-2025' [translated] -> 5092eb637ffc490786fc5845365bbdb9
DEBUG: activating version a068e171748141bfbde572d987c9b357 with url='http://135.225.105.160:8004/resources/version/a068e171748141bfbde572d987c9b357/status'
  ✓ Activated version: a068e171748141bfbde572d987c9b357
Updated resource 'res-action-card-emergency-referral-for-newborn' [translated] -> 6e2441c8b15d43b8b16710b1bb6877d1
DEBUG: activating version 95b4a26cb12440378b0c0a6c54d6c97f with url='http://135.225.105.160:8004/resources/version/95b4a26cb12440378b0c0a6c54d6c97f/status'
  ✓ Activated version: 95b4a26cb12440378b0c0a6c54d6c97f
Updated resource 'res-action-card-neonatal-jaundice' [translated] -> 7de9a3052e324979bc0a0b48209b839f
DEBUG: activating version c7e2ef772ae64491afc946b6d804a1e9 with url='http://135.225.105.160:8004/resources/version/c7e2ef772ae64491afc946b6d804a1e9/status'
  ✓ Activated version: c7e2ef772ae64491afc946b6d804a1e9
Updated resource 'res-action-card-feeding-and-fluid-therapy' [translated] -> 02aa56b825034d4196ebb1573908a103
DEBUG: activating version 1ae7a58379b643e78625155d6d68e525 with url='http://135.225.105.160:8004/resources/version/1ae7a58379b643e78625155d6d68e525/status'
  ✓ Activated version: 1ae7a58379b643e78625155d6d68e525
Updated resource 'res-action-card-antibiotic-management-ind' [translated] -> 75ecae355a794c87b0bba9d2c4b5db31
DEBUG: activating version ccb829004b054067aedba2ff0ab12755 with url='http://135.225.105.160:8004/resources/version/ccb829004b054067aedba2ff0ab12755/status'
  ✓ Activated version: ccb829004b054067aedba2ff0ab12755
Updated resource 'res-action-card-neonatal-hypoglycemia' [translated] -> 0a70e18f24b34478a5c66f097550e852
DEBUG: activating version a8d47c0223ba44688d9c7a297bee5b36 with url='http://135.225.105.160:8004/resources/version/a8d47c0223ba44688d9c7a297bee5b36/status'
  ✓ Activated version: a8d47c0223ba44688d9c7a297bee5b36
Updated resource 'res-action-card-safe-oxygen-management-new-2025' [translated] -> 5092eb637ffc490786fc5845365bbdb9
DEBUG: activating version fa9e3416ebfa4e52bb03a069798cfa4b with url='http://135.225.105.160:8004/resources/version/fa9e3416ebfa4e52bb03a069798cfa4b/status'
  ✓ Activated version: fa9e3416ebfa4e52bb03a069798cfa4b
Updated resource 'res-action-card-nutritional-supplements-for-lbw-babies' [translated] -> 8ee06afa20464e66813474680be70e58
DEBUG: activating version 6ea78930680a4578a5b27a02ca8193d5 with url='http://135.225.105.160:8004/resources/version/6ea78930680a4578a5b27a02ca8193d5/status'
  ✓ Activated version: 6ea78930680a4578a5b27a02ca8193d5
Updated resource 'res-action-card-emergency-referral-for-newborn' [translated] -> 6e2441c8b15d43b8b16710b1bb6877d1
DEBUG: activating version 6d27fe97dc5740c8a7583a2ae7241749 with url='http://135.225.105.160:8004/resources/version/6d27fe97dc5740c8a7583a2ae7241749/status'
  ✓ Activated version: 6d27fe97dc5740c8a7583a2ae7241749

=== STEP 3: Post KLPs ===
Fetching existing KLPs from API...
Fetched 1762 existing KLPs from API
Posting 611 KLPs from klps.csv...
  → Recovered missing Language ID for KLP via mapping: 70b23178954a41a4a67e38292373733c
Updated KLP 'klp-1-how-many-women-develop-a-mental-health-condition-during-the-perinatal-period' -> 93df55cd82604d03b77dffdd88f4ebab
DEBUG: activating version e8d3d77c1bae4de3b340eca5756cfcea with url='http://135.225.105.160:8004/klps/versions/e8d3d77c1bae4de3b340eca5756cfcea/status'
  ✓ Activated version: e8d3d77c1bae4de3b340eca5756cfcea
  → Recovered missing Language ID for KLP via mapping: 70b23178954a41a4a67e38292373733c
Updated KLP 'klp-1-which-mental-health-condition-often-coexists-with-depression' -> 92dea8923ae84edfa5dcd374d04235ea
DEBUG: activating version 41653041b3dc4cb59c5d1f6d6ec2cfaf with url='http://135.225.105.160:8004/klps/versions/41653041b3dc4cb59c5d1f6d6ec2cfaf/status'
  ✓ Activated version: 41653041b3dc4cb59c5d1f6d6ec2cfaf
  → Recovered missing Language ID for KLP via mapping: 70b23178954a41a4a67e38292373733c
Updated KLP 'klp-1-what-is-the-strongest-predictor-of-a-woman-getting-perinatal-mental-health-conditions' -> 8e10b94b975041c69ec6024bfbaca670
DEBUG: activating version c341e72c840f4e3a930ebd32389461f1 with url='http://135.225.105.160:8004/klps/versions/c341e72c840f4e3a930ebd32389461f1/status'
  ✓ Activated version: c341e72c840f4e3a930ebd32389461f1
  → Recovered missing Language ID for KLP via mapping: 70b23178954a41a4a67e38292373733c
Updated KLP 'klp-1-symptoms-of-perinatal-mental-health-conditions-include' -> 74bcb11bd3684f0e8f876a43f0e79c95
DEBUG: activating version ff80e6ea3c2a473f883ae13b41111110 with url='http://135.225.105.160:8004/klps/versions/ff80e6ea3c2a473f883ae13b41111110/status'
  ✓ Activated version: ff80e6ea3c2a473f883ae13b41111110
  → Recovered missing Language ID for KLP via mapping: 70b23178954a41a4a67e38292373733c
Updated KLP 'klp-1-when-should-you-screen-for-perinatal-mental-illness' -> 82829efac4bc4f4ca83f3e723d5c24ea
DEBUG: activating version 6d7b5d69f1d048589632afcdae8daacf with url='http://135.225.105.160:8004/klps/versions/6d7b5d69f1d048589632afcdae8daacf/status'
  ✓ Activated version: 6d7b5d69f1d048589632afcdae8daacf
  → Recovered missing Language ID for KLP via mapping: 70b23178954a41a4a67e38292373733c
Updated KLP 'klp-1-what-is-not-a-symptom-of-perinatal-depression' -> cafc9efc15d14f86b1ac22eef93fd3c7
DEBUG: activating version 69b1ffb5be7d401f8392eb842b977a17 with url='http://135.225.105.160:8004/klps/versions/69b1ffb5be7d401f8392eb842b977a17/status'
  ✓ Activated version: 69b1ffb5be7d401f8392eb842b977a17
  → Recovered missing Language ID for KLP via mapping: 70b23178954a41a4a67e38292373733c
Updated KLP 'klp-1-what-are-the-two-different-categories-of-bipolar-disorder' -> ad6cc4e354bd4aaab77dc277c608a55a
DEBUG: activating version 827039b42d5a4ce98d1d5db9d2e16c08 with url='http://135.225.105.160:8004/klps/versions/827039b42d5a4ce98d1d5db9d2e16c08/status'
  ✓ Activated version: 827039b42d5a4ce98d1d5db9d2e16c08
  → Recovered missing Language ID for KLP via mapping: 70b23178954a41a4a67e38292373733c
Updated KLP 'klp-1-talking-therapy-counselling-techniques-do-not-include' -> 86953be352ac4f698b2a8419d628f859
DEBUG: activating version 733c7a1b12c94285bae0c27388fce97f with url='http://135.225.105.160:8004/klps/versions/733c7a1b12c94285bae0c27388fce97f/status'
  ✓ Activated version: 733c7a1b12c94285bae0c27388fce97f
  → Recovered missing Language ID for KLP via mapping: 70b23178954a41a4a67e38292373733c
Updated KLP 'klp-1-unmanaged-maternal-depression-can-lead-to-long-term-cognitive-and-emotional-developmental-impairment-of-the-infant-true-or-false' -> a5edac5fc75e4f60bd361dc3c96fe7b2
DEBUG: activating version 572a4532df7045d7941eb16918180a91 with url='http://135.225.105.160:8004/klps/versions/572a4532df7045d7941eb16918180a91/status'
  ✓ Activated version: 572a4532df7045d7941eb16918180a91
  → Recovered missing Language ID for KLP via mapping: 70b23178954a41a4a67e38292373733c
Updated KLP 'klp-1-what-can-caring-for-women-and-families-with-perinatal-mental-health-conditions-lead-to' -> fe08eb3454a44caea716206456e53b89
DEBUG: activating version c716026729974639a3787a60bb1150dc with url='http://135.225.105.160:8004/klps/versions/c716026729974639a3787a60bb1150dc/status'
  ✓ Activated version: c716026729974639a3787a60bb1150dc
  → Recovered missing Language ID for KLP via mapping: 70b23178954a41a4a67e38292373733c
Updated KLP 'klp-1-puerperal-psychosis-usually-occurs' -> 7e2ccaf091664ad39bc9d3d6802ce5a1
DEBUG: activating version 78ac097cfe1d4f58a2788a2cd04c0edb with url='http://135.225.105.160:8004/klps/versions/78ac097cfe1d4f58a2788a2cd04c0edb/status'
  ✓ Activated version: 78ac097cfe1d4f58a2788a2cd04c0edb
  → Recovered missing Language ID for KLP via mapping: 70b23178954a41a4a67e38292373733c
Updated KLP 'klp-1-how-many-partners-experience-postpartum-depression-or-anxiety' -> 4cebf4fb7c68478db7aa9a6f544fa686
DEBUG: activating version d925b940c74441fbab84186b353c4431 with url='http://135.225.105.160:8004/klps/versions/d925b940c74441fbab84186b353c4431/status'
  ✓ Activated version: d925b940c74441fbab84186b353c4431
  → Recovered missing Language ID for KLP via mapping: 70b23178954a41a4a67e38292373733c
Updated KLP 'klp-2-what-causes-perinatal-mental-health-conditions' -> 0ec29a72c2c64bf7b2b27e1849d7df62
DEBUG: activating version f2aeeaa30646467c83b74ede18c4f865 with url='http://135.225.105.160:8004/klps/versions/f2aeeaa30646467c83b74ede18c4f865/status'
  ✓ Activated version: f2aeeaa30646467c83b74ede18c4f865
  → Recovered missing Language ID for KLP via mapping: 70b23178954a41a4a67e38292373733c
Updated KLP 'klp-2-what-are-known-risk-factors-of-developing-a-mental-health-condition-in-the-perinatal-period' -> cec6ffd9bdc34d3cb5be162e482d952a
DEBUG: activating version b85dae2abcbd427fb5c91e5bb0e05595 with url='http://135.225.105.160:8004/klps/versions/b85dae2abcbd427fb5c91e5bb0e05595/status'
  ✓ Activated version: b85dae2abcbd427fb5c91e5bb0e05595
  → Recovered missing Language ID for KLP via mapping: 70b23178954a41a4a67e38292373733c
Updated KLP 'klp-2-poverty-decreases-the-likelihood-of-women-experiencing-postpartum-depression-or-anxiety-true-or-false' -> 4908b41ea107458a9fc3aa84e0b8ea80
DEBUG: activating version fc1dfc4df14b4a81a2f56afda0a6ba81 with url='http://135.225.105.160:8004/klps/versions/fc1dfc4df14b4a81a2f56afda0a6ba81/status'
  ✓ Activated version: fc1dfc4df14b4a81a2f56afda0a6ba81
  → Recovered missing Language ID for KLP via mapping: 70b23178954a41a4a67e38292373733c
Updated KLP 'klp-2-what-are-examples-of-useful-screening-tools-for-the-detection-of-perinatal-mental-health-conditions' -> b8ef1fd2c9f649cbb4dc94be82e58529
DEBUG: activating version 690da5d8ce51453da1731dc823b1f50e with url='http://135.225.105.160:8004/klps/versions/690da5d8ce51453da1731dc823b1f50e/status'
  ✓ Activated version: 690da5d8ce51453da1731dc823b1f50e
  → Recovered missing Language ID for KLP via mapping: 70b23178954a41a4a67e38292373733c
Updated KLP 'klp-2-what-are-treatment-options-for-perinatal-depression' -> c3d744d609154d219cc1318cd6bc779b
DEBUG: activating version 2c9eb3bd3f2c4fb4a1223b97391cdd36 with url='http://135.225.105.160:8004/klps/versions/2c9eb3bd3f2c4fb4a1223b97391cdd36/status'
  ✓ Activated version: 2c9eb3bd3f2c4fb4a1223b97391cdd36
  → Recovered missing Language ID for KLP via mapping: 70b23178954a41a4a67e38292373733c
Updated KLP 'klp-2-the-provision-of-perinatal-mental-health-care-often-requires' -> 96243594d92d475388c524fdb066d2a0
DEBUG: activating version a0c41b93cb974b51a847703bc06553b9 with url='http://135.225.105.160:8004/klps/versions/a0c41b93cb974b51a847703bc06553b9/status'
  ✓ Activated version: a0c41b93cb974b51a847703bc06553b9
  → Recovered missing Language ID for KLP via mapping: 70b23178954a41a4a67e38292373733c
Updated KLP 'klp-2-what-is-the-first-line-management-of-a-woman-who-has-screened-positive-for-perinatal-depression' -> ac202dd8299746e091bd8128b5e4b32c
DEBUG: activating version 0a08a5e7b9dc4aae977ec9cb1f3cd076 with url='http://135.225.105.160:8004/klps/versions/0a08a5e7b9dc4aae977ec9cb1f3cd076/status'
  ✓ Activated version: 0a08a5e7b9dc4aae977ec9cb1f3cd076
  → Recovered missing Language ID for KLP via mapping: 70b23178954a41a4a67e38292373733c
Updated KLP 'klp-2-psychoeducation-includes' -> 67bbd16c548d4f8680e50634c2405bc6
DEBUG: activating version eccd39d65ebb4959879f56a696172b58 with url='http://135.225.105.160:8004/klps/versions/eccd39d65ebb4959879f56a696172b58/status'
  ✓ Activated version: eccd39d65ebb4959879f56a696172b58
  → Recovered missing Language ID for KLP via mapping: 70b23178954a41a4a67e38292373733c
Updated KLP 'klp-2-what-are-not-symptoms-of-bipolar-disorder' -> a10097e298534a18aa4087d33d9804b9
DEBUG: activating version 97d8556caf254813a3bc7208c34cbc3e with url='http://135.225.105.160:8004/klps/versions/97d8556caf254813a3bc7208c34cbc3e/status'
  ✓ Activated version: 97d8556caf254813a3bc7208c34cbc3e
  → Recovered missing Language ID for KLP via mapping: 70b23178954a41a4a67e38292373733c
Updated KLP 'klp-2-anxiety-disorders-are-a-group-of-related-conditions-that-include' -> 2c7645e5373d44b59bc9acf6921da1fa
DEBUG: activating version bce5e84eecd34de59cd5331d62ca2ed9 with url='http://135.225.105.160:8004/klps/versions/bce5e84eecd34de59cd5331d62ca2ed9/status'
  ✓ Activated version: bce5e84eecd34de59cd5331d62ca2ed9
  → Recovered missing Language ID for KLP via mapping: 70b23178954a41a4a67e38292373733c
Updated KLP 'klp-2-symptoms-of-puerperal-psychosis-include-the-rapid-onset-of' -> 40a957a8ef594da0bed23925ab67c45b
DEBUG: activating version 127d7f40d3874b689ee747b21b3536a3 with url='http://135.225.105.160:8004/klps/versions/127d7f40d3874b689ee747b21b3536a3/status'
  ✓ Activated version: 127d7f40d3874b689ee747b21b3536a3
  → Recovered missing Language ID for KLP via mapping: 70b23178954a41a4a67e38292373733c
Updated KLP 'klp-2-infants-of-mothers-who-suffer-from-depression-have-higher-rates-of' -> 0d60ce1a451e42e6b8a0205b81528257
DEBUG: activating version 646f3b7aaa064865a5c349ee684968fd with url='http://135.225.105.160:8004/klps/versions/646f3b7aaa064865a5c349ee684968fd/status'
  ✓ Activated version: 646f3b7aaa064865a5c349ee684968fd
  → Recovered missing Language ID for KLP via mapping: 70b23178954a41a4a67e38292373733c
Updated KLP 'klp-3-what-should-you-do-if-you-experience-negative-personal-consequences-of-caring-for-women-with-perinatal-mental-health-conditions' -> 2024f794d07e40e0b6d87f7bbcb7c03f
DEBUG: activating version 21997c8c02fc4f5db023ca3a6cd04425 with url='http://135.225.105.160:8004/klps/versions/21997c8c02fc4f5db023ca3a6cd04425/status'
  ✓ Activated version: 21997c8c02fc4f5db023ca3a6cd04425
  → Recovered missing Language ID for KLP via mapping: 70b23178954a41a4a67e38292373733c
Updated KLP 'klp-3-people-with-schizophrenia-are-more-likely-to' -> 1d634146278e49c193688c91210423ed
DEBUG: activating version 27d21ee7b3ad471cace915c226da2890 with url='http://135.225.105.160:8004/klps/versions/27d21ee7b3ad471cace915c226da2890/status'
  ✓ Activated version: 27d21ee7b3ad471cace915c226da2890
  → Recovered missing Language ID for KLP via mapping: 70b23178954a41a4a67e38292373733c
Updated KLP 'klp-3-symptoms-of-general-anxiety-disorder-include' -> 0279088e378642e5b6caa7213abd4ade
DEBUG: activating version d7ca23223ed04adaab66f588d30157e2 with url='http://135.225.105.160:8004/klps/versions/d7ca23223ed04adaab66f588d30157e2/status'
  ✓ Activated version: d7ca23223ed04adaab66f588d30157e2
  → Recovered missing Language ID for KLP via mapping: 70b23178954a41a4a67e38292373733c
Updated KLP 'klp-3-people-with-anxiety-often-experience' -> 3190ef1c5ffd42728ea3c8016c6c6193
DEBUG: activating version ac3772c8182241168bd818a89b5bb577 with url='http://135.225.105.160:8004/klps/versions/ac3772c8182241168bd818a89b5bb577/status'
  ✓ Activated version: ac3772c8182241168bd818a89b5bb577
  → Recovered missing Language ID for KLP via mapping: 70b23178954a41a4a67e38292373733c
Updated KLP 'klp-3-why-may-women-not-want-to-disclose-a-history-of-mental-health-conditions' -> 99b31406d5414caf90f92500fda764ec
DEBUG: activating version 056f256573d24f9383aaac81aa540e40 with url='http://135.225.105.160:8004/klps/versions/056f256573d24f9383aaac81aa540e40/status'
  ✓ Activated version: 056f256573d24f9383aaac81aa540e40
  → Recovered missing Language ID for KLP via mapping: 70b23178954a41a4a67e38292373733c
Updated KLP 'klp-3-why-would-you-suspect-that-the-woman-has-depression-and-not-the-baby-blues' -> 33ac1bad187e4c0ea402e89e6bf15fb3
DEBUG: activating version 3e8ab7eb17fb4ee4a56c361ee109c880 with url='http://135.225.105.160:8004/klps/versions/3e8ab7eb17fb4ee4a56c361ee109c880/status'
  ✓ Activated version: 3e8ab7eb17fb4ee4a56c361ee109c880
  → Recovered missing Language ID for KLP via mapping: 70b23178954a41a4a67e38292373733c
Updated KLP 'klp-3-talking-therapy-empathetic-counselling-includes' -> f780372057ab4fca901fad8eaf7b314b
DEBUG: activating version b0bb4dfab28c4463aac1f2cb8424e0d3 with url='http://135.225.105.160:8004/klps/versions/b0bb4dfab28c4463aac1f2cb8424e0d3/status'
  ✓ Activated version: b0bb4dfab28c4463aac1f2cb8424e0d3
  → Recovered missing Language ID for KLP via mapping: 70b23178954a41a4a67e38292373733c
Updated KLP 'klp-3-which-of-the-following-are-guiding-principles-for-clinicians-to-adapt-their-practice-into-trauma-informed-care' -> a18b94f4b88148f29366b6027179e8b0
DEBUG: activating version 29690e250d4c4718b38453882bceea7a with url='http://135.225.105.160:8004/klps/versions/29690e250d4c4718b38453882bceea7a/status'
  ✓ Activated version: 29690e250d4c4718b38453882bceea7a
  → Recovered missing Language ID for KLP via mapping: 70b23178954a41a4a67e38292373733c
Updated KLP 'klp-3-what-percentage-of-the-population-suffer-from-schizophrenia' -> edc00d30128f408fb21a004280852ac9
DEBUG: activating version 86df945e0e8a455f8f1651a14082bbaa with url='http://135.225.105.160:8004/klps/versions/86df945e0e8a455f8f1651a14082bbaa/status'
  ✓ Activated version: 86df945e0e8a455f8f1651a14082bbaa
  → Recovered missing Language ID for KLP via mapping: 70b23178954a41a4a67e38292373733c
Updated KLP 'klp-3-cognitive-behavioural-therapy-cbt-aims-to' -> 86feff0bc6814f07a527d7882c770419
DEBUG: activating version 0268c4dde45941dfada55ee766fdf481 with url='http://135.225.105.160:8004/klps/versions/0268c4dde45941dfada55ee766fdf481/status'
  ✓ Activated version: 0268c4dde45941dfada55ee766fdf481
  → Recovered missing Language ID for KLP via mapping: 70b23178954a41a4a67e38292373733c
Updated KLP 'klp-3-put-these-three-action-principles-of-psychological-first-aid-in-the-correct-order' -> 01cc906b468f4a26be8fe4921ba9f3e8
DEBUG: activating version 8d9cd8308c094b50bc644614dcfecd86 with url='http://135.225.105.160:8004/klps/versions/8d9cd8308c094b50bc644614dcfecd86/status'
  ✓ Activated version: 8d9cd8308c094b50bc644614dcfecd86
  → Recovered missing Language ID for KLP via mapping: 70b23178954a41a4a67e38292373733c
Updated KLP 'klp-3-high-levels-of-cortisol-in-the-blood-due-to-prolonged-maternal-anxiety-can-be-damaging-to-the-foetus-s' -> 6d635a494c4b47eca45bc83ea4266c19
DEBUG: activating version ce980abc2eaa4364a13bac7ac0057470 with url='http://135.225.105.160:8004/klps/versions/ce980abc2eaa4364a13bac7ac0057470/status'
  ✓ Activated version: ce980abc2eaa4364a13bac7ac0057470
  → Recovered missing Language ID for KLP via mapping: 70b23178954a41a4a67e38292373733c
Updated KLP 'klp-1-short-acting-contraceptives-can-only-be-used-over-short-periods-of-time-true-or-false' -> 3084a48a86334b57975b000331fd9182
DEBUG: activating version e04688680b454532b05b6bf4db2c257f with url='http://135.225.105.160:8004/klps/versions/e04688680b454532b05b6bf4db2c257f/status'
  ✓ Activated version: e04688680b454532b05b6bf4db2c257f
  → Recovered missing Language ID for KLP via mapping: 70b23178954a41a4a67e38292373733c
Updated KLP 'klp-1-implant-insertion-aseptic-procedure' -> f3410e0c56c54135ba0d1d89d8c42527
DEBUG: activating version 13063b65062748228108a8471f1a322f with url='http://135.225.105.160:8004/klps/versions/13063b65062748228108a8471f1a322f/status'
  ✓ Activated version: 13063b65062748228108a8471f1a322f
  → Recovered missing Language ID for KLP via mapping: 70b23178954a41a4a67e38292373733c
Updated KLP 'klp-1-if-a-woman-needs-a-new-implant-after-having-one-removed-where-can-the-new-implant-be-inserted' -> 6aea63990c1f4f03829ea0ac210a71a1
DEBUG: activating version 164c5cd6357f403c9a6498e5f10730b1 with url='http://135.225.105.160:8004/klps/versions/164c5cd6357f403c9a6498e5f10730b1/status'
  ✓ Activated version: 164c5cd6357f403c9a6498e5f10730b1
  → Recovered missing Language ID for KLP via mapping: 70b23178954a41a4a67e38292373733c
Updated KLP 'klp-1-after-inserting-the-iud-ius-at-what-length-should-you-cut-the-strings' -> 591216f551a044e594c210c374eb1bfa
DEBUG: activating version f1412c103acf403e881338acd11421d6 with url='http://135.225.105.160:8004/klps/versions/f1412c103acf403e881338acd11421d6/status'
  ✓ Activated version: f1412c103acf403e881338acd11421d6
  → Recovered missing Language ID for KLP via mapping: 70b23178954a41a4a67e38292373733c
Warning: Could not resolve action-card link 'action-card:long-acting-reversible-contraceptiveslarcs_1756990932634'. Candidates: ['res-action-card-india-long-acting-reversible-contraceptiveslarcs', 'res-action-card-long-acting-reversible-contraceptiveslarcs']
  Warning: Link 'action-card:long-acting-reversible-contraceptiveslarcs_1756990932634' not in mapping or could not be resolved, removing from question
Updated KLP 'klp-1-implant-insertion-hiv' -> 752e11a84bfe4abbb46354259f15e1b9
DEBUG: activating version 0ad219523e364e478e5bc93fcd312f5b with url='http://135.225.105.160:8004/klps/versions/0ad219523e364e478e5bc93fcd312f5b/status'
  ✓ Activated version: 0ad219523e364e478e5bc93fcd312f5b
  → Recovered missing Language ID for KLP via mapping: 70b23178954a41a4a67e38292373733c
Updated KLP 'klp-1-healthy-timing-and-spacing-of-pregnancy' -> 00ed0f05b2274c448be95b0236a7db44
DEBUG: activating version e191a4c6b32044349b03c2bc879a48d3 with url='http://135.225.105.160:8004/klps/versions/e191a4c6b32044349b03c2bc879a48d3/status'
  ✓ Activated version: e191a4c6b32044349b03c2bc879a48d3
  → Recovered missing Language ID for KLP via mapping: 70b23178954a41a4a67e38292373733c
Updated KLP 'klp-1-combined-oral-contraceptives-cocs' -> 5596a13b691e4d9191b96c4ff583fd19
DEBUG: activating version af186457737840fe83aa269e7e20ef89 with url='http://135.225.105.160:8004/klps/versions/af186457737840fe83aa269e7e20ef89/status'
  ✓ Activated version: af186457737840fe83aa269e7e20ef89
  → Recovered missing Language ID for KLP via mapping: 70b23178954a41a4a67e38292373733c
Warning: Could not resolve action-card link 'action-card:contraceptive-counsellingind_1757059094580'. Candidates: ['res-action-card-india-contraceptive-counsellingind', 'res-action-card-contraceptive-counsellingind']
  Warning: Link 'action-card:contraceptive-counsellingind_1757059094580' not in mapping or could not be resolved, removing from question
Updated KLP 'klp-1-before-deciding-contraceptive' -> e8455d91ef6b4468a5668de6fce00d24
DEBUG: activating version 8472777bb70d4ae89e42d526eb3e608d with url='http://135.225.105.160:8004/klps/versions/8472777bb70d4ae89e42d526eb3e608d/status'
  ✓ Activated version: 8472777bb70d4ae89e42d526eb3e608d
  → Recovered missing Language ID for KLP via mapping: 70b23178954a41a4a67e38292373733c
Warning: Could not resolve action-card link 'action-card:contraceptive-counsellingind_1757059094580'. Candidates: ['res-action-card-india-contraceptive-counsellingind', 'res-action-card-contraceptive-counsellingind']
  Warning: Link 'action-card:contraceptive-counsellingind_1757059094580' not in mapping or could not be resolved, removing from question
Updated KLP 'klp-1-successful-counselling' -> 3cdc77bca7be4bc4828e7c8c2389b6f8
DEBUG: activating version 6705e30e8cc04791aabc0d5732232ab9 with url='http://135.225.105.160:8004/klps/versions/6705e30e8cc04791aabc0d5732232ab9/status'
  ✓ Activated version: 6705e30e8cc04791aabc0d5732232ab9
  → Recovered missing Language ID for KLP via mapping: 70b23178954a41a4a67e38292373733c
Updated KLP 'klp-1-effectiveness-of-pill' -> 29e13e56ce06466c950a9bc8c957088a
DEBUG: activating version a17273101ae7414c99e2e8a6eef3ba2e with url='http://135.225.105.160:8004/klps/versions/a17273101ae7414c99e2e8a6eef3ba2e/status'
  ✓ Activated version: a17273101ae7414c99e2e8a6eef3ba2e
  → Recovered missing Language ID for KLP via mapping: 70b23178954a41a4a67e38292373733c
Updated KLP 'klp-1-what-type-of-checks-need-to-be-done-before-inserting-an-intrauterine-device-iud-ius' -> 8c0496b907d54367bcc1cfc31ce32050
DEBUG: activating version f86436af153140b9a78201990e3cc742 with url='http://135.225.105.160:8004/klps/versions/f86436af153140b9a78201990e3cc742/status'
  ✓ Activated version: f86436af153140b9a78201990e3cc742
  → Recovered missing Language ID for KLP via mapping: 70b23178954a41a4a67e38292373733c
Updated KLP 'klp-2-which-piece-of-equipment-is-not-needed-when-inserting-an-implant' -> 6c5db6bc467e4a0dae28499441dd0f84
DEBUG: activating version 2b655210c07e4fb484b2d96187f8b472 with url='http://135.225.105.160:8004/klps/versions/2b655210c07e4fb484b2d96187f8b472/status'
  ✓ Activated version: 2b655210c07e4fb484b2d96187f8b472
  → Recovered missing Language ID for KLP via mapping: 70b23178954a41a4a67e38292373733c
Updated KLP 'klp-2-which-methods-are-categorised-as-long-acting-reversible-contraceptives' -> 68fb5e28070a44fcb06c48f1e1bc0190
DEBUG: activating version 09302c7892414fc6b31e7360bd774665 with url='http://135.225.105.160:8004/klps/versions/09302c7892414fc6b31e7360bd774665/status'
  ✓ Activated version: 09302c7892414fc6b31e7360bd774665
  → Recovered missing Language ID for KLP via mapping: 70b23178954a41a4a67e38292373733c
Updated KLP 'klp-2-when-does-a-woman-not-qualify-to-get-an-iud' -> 7f23816febc54e73988ab5ce41d93b2b
DEBUG: activating version 29efa09989df4dcd800ac29583922a51 with url='http://135.225.105.160:8004/klps/versions/29efa09989df4dcd800ac29583922a51/status'
  ✓ Activated version: 29efa09989df4dcd800ac29583922a51
  → Recovered missing Language ID for KLP via mapping: 70b23178954a41a4a67e38292373733c
Updated KLP 'klp-2-when-can-a-women-get-an-implant' -> 91a2764b99044ddca337aaf358f95a1a
DEBUG: activating version 5fa7a737cd3e4a4eaba63ccbfe928ff8 with url='http://135.225.105.160:8004/klps/versions/5fa7a737cd3e4a4eaba63ccbfe928ff8/status'
  ✓ Activated version: 5fa7a737cd3e4a4eaba63ccbfe928ff8
  → Recovered missing Language ID for KLP via mapping: 70b23178954a41a4a67e38292373733c
Warning: Could not resolve action-card link 'action-card:long-acting-reversible-contraceptiveslarcs_1756990932634'. Candidates: ['res-action-card-india-long-acting-reversible-contraceptiveslarcs', 'res-action-card-long-acting-reversible-contraceptiveslarcs']
  Warning: Link 'action-card:long-acting-reversible-contraceptiveslarcs_1756990932634' not in mapping or could not be resolved, removing from question
Updated KLP 'klp-2-iucd-380-a' -> ec32588b39b34cfeb9702c2ca16862d1
DEBUG: activating version 3f70e31550a64659a593baf22b3f7808 with url='http://135.225.105.160:8004/klps/versions/3f70e31550a64659a593baf22b3f7808/status'
  ✓ Activated version: 3f70e31550a64659a593baf22b3f7808
  → Recovered missing Language ID for KLP via mapping: 70b23178954a41a4a67e38292373733c
Warning: Could not resolve procedure link 'procedure:iudius-insertion_1676541229560'. Candidates: ['res-procedure-india-iudius-insertion', 'res-procedure-iudius-insertion']
  Warning: Link 'procedure:iudius-insertion_1676541229560' not in mapping or could not be resolved, removing from question
Updated KLP 'klp-2-what-should-you-recommend-the-woman-to-look-out-for-following-iud-ius-insertion' -> 03f7d919ed944f2fa72baa2946e75565
DEBUG: activating version b3f4efa8cbba49489c5ce793f929386b with url='http://135.225.105.160:8004/klps/versions/b3f4efa8cbba49489c5ce793f929386b/status'
  ✓ Activated version: b3f4efa8cbba49489c5ce793f929386b
  → Recovered missing Language ID for KLP via mapping: 70b23178954a41a4a67e38292373733c
Updated KLP 'klp-2-emergency-contraceptive-pill' -> c850d29f063c4a6784063e60161551e0
DEBUG: activating version 0479f4051e514059894796402483a676 with url='http://135.225.105.160:8004/klps/versions/0479f4051e514059894796402483a676/status'
  ✓ Activated version: 0479f4051e514059894796402483a676
  → Recovered missing Language ID for KLP via mapping: 70b23178954a41a4a67e38292373733c
Updated KLP 'klp-2-mpa-return-to-fertility' -> cdd076a99ce244089c3619c3ddf0e53c
DEBUG: activating version 4d27f3ede1854c9ab3d45ffc8f31197c with url='http://135.225.105.160:8004/klps/versions/4d27f3ede1854c9ab3d45ffc8f31197c/status'
  ✓ Activated version: 4d27f3ede1854c9ab3d45ffc8f31197c
  → Recovered missing Language ID for KLP via mapping: 70b23178954a41a4a67e38292373733c
Updated KLP 'klp-2-ppiucd-contraindication' -> 1edb1c02cc5646dc997f75dd9b4cdb51
DEBUG: activating version 9756b4ed32aa4e37b9a70b2c888800e9 with url='http://135.225.105.160:8004/klps/versions/9756b4ed32aa4e37b9a70b2c888800e9/status'
  ✓ Activated version: 9756b4ed32aa4e37b9a70b2c888800e9
  → Recovered missing Language ID for KLP via mapping: 70b23178954a41a4a67e38292373733c
Updated KLP 'klp-2-which-surgical-procedures-can-be-used-to-perform-tubal-ligation' -> 4bebebd6e9374d459faff02f11fd045f
DEBUG: activating version 8ba0c32ea9fa46238602e082b6da05c2 with url='http://135.225.105.160:8004/klps/versions/8ba0c32ea9fa46238602e082b6da05c2/status'
  ✓ Activated version: 8ba0c32ea9fa46238602e082b6da05c2
  → Recovered missing Language ID for KLP via mapping: 70b23178954a41a4a67e38292373733c
Updated KLP 'klp-2-asking-woman-to-choose-right-contraception-for-her' -> c31327fb28954e29baefa81e87c52529
DEBUG: activating version e2c8ec2455524ba79e5ffee1af34ef89 with url='http://135.225.105.160:8004/klps/versions/e2c8ec2455524ba79e5ffee1af34ef89/status'
  ✓ Activated version: e2c8ec2455524ba79e5ffee1af34ef89
  → Recovered missing Language ID for KLP via mapping: 70b23178954a41a4a67e38292373733c
Updated KLP 'klp-2-what-pain-relief-should-be-administered-before-inserting-a-contraceptive-implant' -> 57a6a25170b14578b5a3433dff9a4aea
DEBUG: activating version cfe7a5bf001c4eeda8bf0ee1867a6f6a with url='http://135.225.105.160:8004/klps/versions/cfe7a5bf001c4eeda8bf0ee1867a6f6a/status'
  ✓ Activated version: cfe7a5bf001c4eeda8bf0ee1867a6f6a
  → Recovered missing Language ID for KLP via mapping: 70b23178954a41a4a67e38292373733c
Updated KLP 'klp-3-mec-categories' -> 57229baba2bc4493a7c71678f32d5124
DEBUG: activating version 603545321a074e018cb47198e3124e56 with url='http://135.225.105.160:8004/klps/versions/603545321a074e018cb47198e3124e56/status'
  ✓ Activated version: 603545321a074e018cb47198e3124e56
  → Recovered missing Language ID for KLP via mapping: 70b23178954a41a4a67e38292373733c
Updated KLP 'klp-3-interval-iucd-insertion' -> d92477e37b11431ca0a4ee6110743ed1
DEBUG: activating version de7fd18e415342199a5b36906d9db631 with url='http://135.225.105.160:8004/klps/versions/de7fd18e415342199a5b36906d9db631/status'
  ✓ Activated version: de7fd18e415342199a5b36906d9db631
  → Recovered missing Language ID for KLP via mapping: 70b23178954a41a4a67e38292373733c
Warning: Could not resolve action-card link 'action-card:long-acting-reversible-contraceptiveslarcs_1756990932634'. Candidates: ['res-action-card-india-long-acting-reversible-contraceptiveslarcs', 'res-action-card-long-acting-reversible-contraceptiveslarcs']
  Warning: Link 'action-card:long-acting-reversible-contraceptiveslarcs_1756990932634' not in mapping or could not be resolved, removing from question
Updated KLP 'klp-3-contraceptive-method-which-lasts-longest' -> 969b6a74b5d84cde9f9aa62d90f12eb7
DEBUG: activating version 082069ff609e4c62a019d9139cd8125d with url='http://135.225.105.160:8004/klps/versions/082069ff609e4c62a019d9139cd8125d/status'
  ✓ Activated version: 082069ff609e4c62a019d9139cd8125d
  → Recovered missing Language ID for KLP via mapping: 70b23178954a41a4a67e38292373733c
Updated KLP 'klp-3-centchroman' -> 40d80b598d4a4fddb051cceea2cc0182
DEBUG: activating version dbb195242b484f008966e4dc12cffbcd with url='http://135.225.105.160:8004/klps/versions/dbb195242b484f008966e4dc12cffbcd/status'
  ✓ Activated version: dbb195242b484f008966e4dc12cffbcd
  → Recovered missing Language ID for KLP via mapping: 70b23178954a41a4a67e38292373733c
Updated KLP 'klp-3-how-iucd-work' -> 7153205d34434cf78af09cdae1e70478
DEBUG: activating version f2e9bf1a4738477daa0709bb523387be with url='http://135.225.105.160:8004/klps/versions/f2e9bf1a4738477daa0709bb523387be/status'
  ✓ Activated version: f2e9bf1a4738477daa0709bb523387be
  → Recovered missing Language ID for KLP via mapping: 70b23178954a41a4a67e38292373733c
Updated KLP 'klp-3-from-the-moment-after-performing-vasectomy-no-contraception-is-needed-to-avoid-pregnancy-true-or-false' -> bb930e3da3484248aaa70e96e73a6edb
DEBUG: activating version ff3b092d33ab43b0a3a0b2392e7e9af8 with url='http://135.225.105.160:8004/klps/versions/ff3b092d33ab43b0a3a0b2392e7e9af8/status'
  ✓ Activated version: ff3b092d33ab43b0a3a0b2392e7e9af8
  → Recovered missing Language ID for KLP via mapping: 70b23178954a41a4a67e38292373733c
Warning: Could not resolve procedure link 'procedure:iudius-insertion_1676541229560'. Candidates: ['res-procedure-india-iudius-insertion', 'res-procedure-iudius-insertion']
  Warning: Link 'procedure:iudius-insertion_1676541229560' not in mapping or could not be resolved, removing from question
Updated KLP 'klp-3-put-these-steps-of-the-non-touch-technique-while-inserting-an-iud-in-the-correct-order' -> db57799687964ac3948ebd3ad3bd8ec6
DEBUG: activating version 4dfb3d91f62f4d6da5363495e2163d67 with url='http://135.225.105.160:8004/klps/versions/4dfb3d91f62f4d6da5363495e2163d67/status'
  ✓ Activated version: 4dfb3d91f62f4d6da5363495e2163d67
  → Recovered missing Language ID for KLP via mapping: 70b23178954a41a4a67e38292373733c
Warning: Could not resolve action-card link 'action-card:long-acting-reversible-contraceptiveslarcs_1756990932634'. Candidates: ['res-action-card-india-long-acting-reversible-contraceptiveslarcs', 'res-action-card-long-acting-reversible-contraceptiveslarcs']
  Warning: Link 'action-card:long-acting-reversible-contraceptiveslarcs_1756990932634' not in mapping or could not be resolved, removing from question
Updated KLP 'klp-3-implant-side-effect' -> 9be0bf050d6344ba9041ccf5b79633db
DEBUG: activating version b0b6426bddf2427694d21d7071f38fc9 with url='http://135.225.105.160:8004/klps/versions/b0b6426bddf2427694d21d7071f38fc9/status'
  ✓ Activated version: b0b6426bddf2427694d21d7071f38fc9
  → Recovered missing Language ID for KLP via mapping: 70b23178954a41a4a67e38292373733c
Updated KLP 'klp-3-condom-benefits' -> 5ac6beacf3dc4904baefb65ed336760f
DEBUG: activating version e37869972de44bd1adefadf0834186b7 with url='http://135.225.105.160:8004/klps/versions/e37869972de44bd1adefadf0834186b7/status'
  ✓ Activated version: e37869972de44bd1adefadf0834186b7
  → Recovered missing Language ID for KLP via mapping: 70b23178954a41a4a67e38292373733c
Updated KLP 'klp-3-emergency-contraception' -> 430d2fe6b3d746fd82d7a524a6c98e3f
DEBUG: activating version 38eb52903e494ee58acdcbc4d1ddb50d with url='http://135.225.105.160:8004/klps/versions/38eb52903e494ee58acdcbc4d1ddb50d/status'
  ✓ Activated version: 38eb52903e494ee58acdcbc4d1ddb50d
  → Recovered missing Language ID for KLP via mapping: 70b23178954a41a4a67e38292373733c
Updated KLP 'klp-3-ppiucd-insertion' -> 4a1c69a03e9e481fb17e8cc294054fa1
DEBUG: activating version 0f44636601294b31932d58b776d69ebc with url='http://135.225.105.160:8004/klps/versions/0f44636601294b31932d58b776d69ebc/status'
  ✓ Activated version: 0f44636601294b31932d58b776d69ebc
  → Recovered missing Language ID for KLP via mapping: 70b23178954a41a4a67e38292373733c
Updated KLP 'klp-3-what-is-the-medical-eligibility-criteria-wheel-used-for' -> 2daaa83b117f4344af7689306d29cc7a
DEBUG: activating version 72ce7910e2a149b2bf1635e65eccf036 with url='http://135.225.105.160:8004/klps/versions/72ce7910e2a149b2bf1635e65eccf036/status'
  ✓ Activated version: 72ce7910e2a149b2bf1635e65eccf036
  → Recovered missing Language ID for KLP via mapping: 70b23178954a41a4a67e38292373733c
Updated KLP 'klp-1-how-many-antenatal-care-contacts-are-recommended-to-prevent-and-identify-complications' -> e0040559095848808e6ce0fb9b0deaa9
DEBUG: activating version 82a82eea85a74f4692a2b8b7d2111c3d with url='http://135.225.105.160:8004/klps/versions/82a82eea85a74f4692a2b8b7d2111c3d/status'
  ✓ Activated version: 82a82eea85a74f4692a2b8b7d2111c3d
  → Recovered missing Language ID for KLP via mapping: 70b23178954a41a4a67e38292373733c
Updated KLP 'klp-1-which-of-the-following-are-true-in-relation-to-the-womans-antenatal-record' -> 7083e126c9054464930b787b67586b45
DEBUG: activating version d609b088e735418dbae0c143375d76cc with url='http://135.225.105.160:8004/klps/versions/d609b088e735418dbae0c143375d76cc/status'
  ✓ Activated version: d609b088e735418dbae0c143375d76cc
  → Recovered missing Language ID for KLP via mapping: 70b23178954a41a4a67e38292373733c
Updated KLP 'klp-1-which-of-the-following-are-provided-as-a-part-of-respectful-maternity-care' -> 324ab596102542b4aea75828d084f24d
DEBUG: activating version ba9cacdae2b048559fc4249d86420c52 with url='http://135.225.105.160:8004/klps/versions/ba9cacdae2b048559fc4249d86420c52/status'
  ✓ Activated version: ba9cacdae2b048559fc4249d86420c52
  → Recovered missing Language ID for KLP via mapping: 70b23178954a41a4a67e38292373733c
Updated KLP 'klp-1-what-should-you-do-during-the-first-contact-in-pregnancy' -> f043d8510e3041a0b1273877c63931dd
DEBUG: activating version 33b2cc6ca7c14335ba0044d2810ced68 with url='http://135.225.105.160:8004/klps/versions/33b2cc6ca7c14335ba0044d2810ced68/status'
  ✓ Activated version: 33b2cc6ca7c14335ba0044d2810ced68
  → Recovered missing Language ID for KLP via mapping: 70b23178954a41a4a67e38292373733c
Updated KLP 'klp-1-choose-the-tests-that-should-be-carried-out-for-all-pregnant-womean-during-the-first-contact' -> f478cdb81d0a452fb713bcc62cce2086
DEBUG: activating version fc8553ebba944a1ea74ae42665416b37 with url='http://135.225.105.160:8004/klps/versions/fc8553ebba944a1ea74ae42665416b37/status'
  ✓ Activated version: fc8553ebba944a1ea74ae42665416b37
  → Recovered missing Language ID for KLP via mapping: 70b23178954a41a4a67e38292373733c
Updated KLP 'klp-1-identify-the-statement-that-describes-a-normal-foetal-palpation-at-34-weeks' -> 3754145fdab948568efb1061ef3562a7
DEBUG: activating version 479c67b508f94a33bd4502bbda6590ce with url='http://135.225.105.160:8004/klps/versions/479c67b508f94a33bd4502bbda6590ce/status'
  ✓ Activated version: 479c67b508f94a33bd4502bbda6590ce
  → Recovered missing Language ID for KLP via mapping: 70b23178954a41a4a67e38292373733c
Updated KLP 'klp-2-which-of-the-following-statements-are-true-in-relation-to-calcium-supplementation-during-pregnancy' -> 25c1bf562ae54cc797167bafba279631
DEBUG: activating version 75a5cd94fde74d4d92104aaaaa1ae95c with url='http://135.225.105.160:8004/klps/versions/75a5cd94fde74d4d92104aaaaa1ae95c/status'
  ✓ Activated version: 75a5cd94fde74d4d92104aaaaa1ae95c
  → Recovered missing Language ID for KLP via mapping: 70b23178954a41a4a67e38292373733c
Warning: Could not resolve video link 'video:/Antenatal Care/routine_antenatal_assessment_of_the_women'. Path segments: ['Antenatal Care', 'routine_antenatal_assessment_of_the_women'], tried prefix='res-video-antenatal-care-', suffix='-routine-antenatal-assessment-of-the-women'
  Warning: Link 'video:/Antenatal Care/routine_antenatal_assessment_of_the_women' not in mapping or could not be resolved, removing from question
Updated KLP 'klp-2-while-screening-a-pregnant-woman-for-pre-eclampsia-which-of-the-following-parameters-will-you-check' -> b8f6b27f400747c28bf837fd34fc3072
DEBUG: activating version 17583494078d49958042257761bcb389 with url='http://135.225.105.160:8004/klps/versions/17583494078d49958042257761bcb389/status'
  ✓ Activated version: 17583494078d49958042257761bcb389
  → Recovered missing Language ID for KLP via mapping: 70b23178954a41a4a67e38292373733c
Warning: Could not resolve video link 'video:/Antenatal Care/routine_antenatal_assessment_of_the_women'. Path segments: ['Antenatal Care', 'routine_antenatal_assessment_of_the_women'], tried prefix='res-video-antenatal-care-', suffix='-routine-antenatal-assessment-of-the-women'
  Warning: Link 'video:/Antenatal Care/routine_antenatal_assessment_of_the_women' not in mapping or could not be resolved, removing from question
Updated KLP 'klp-2-a-woman-comes-for-the-anc-contact-with-shortness-of-breath-and-weakness-what-will-you-check-for' -> 1c63d3a05d104828b436b300792b9f21
DEBUG: activating version ad5153f83c364d6eacf99790c68868cc with url='http://135.225.105.160:8004/klps/versions/ad5153f83c364d6eacf99790c68868cc/status'
  ✓ Activated version: ad5153f83c364d6eacf99790c68868cc
  → Recovered missing Language ID for KLP via mapping: 70b23178954a41a4a67e38292373733c
Updated KLP 'klp-2-name-the-drug-of-choice-for-tocolysis-in-threatened-preterm-labour' -> 966ae8d02b4f4ae38ad751aa367ff310
DEBUG: activating version 073737041cf244cca170f55d63cca58d with url='http://135.225.105.160:8004/klps/versions/073737041cf244cca170f55d63cca58d/status'
  ✓ Activated version: 073737041cf244cca170f55d63cca58d
  → Recovered missing Language ID for KLP via mapping: 70b23178954a41a4a67e38292373733c
Warning: Could not resolve video link 'video:/Antenatal Care/routine_antenatal_assessment_of_the_women'. Path segments: ['Antenatal Care', 'routine_antenatal_assessment_of_the_women'], tried prefix='res-video-antenatal-care-', suffix='-routine-antenatal-assessment-of-the-women'
  Warning: Link 'video:/Antenatal Care/routine_antenatal_assessment_of_the_women' not in mapping or could not be resolved, removing from question
Updated KLP 'klp-2-which-of-the-following-are-signs-of-pre-eclampsia' -> e5792f81992749f8b6811601d97549ed
DEBUG: activating version d0c15e862f9046d189d7478cd729ec70 with url='http://135.225.105.160:8004/klps/versions/d0c15e862f9046d189d7478cd729ec70/status'
  ✓ Activated version: d0c15e862f9046d189d7478cd729ec70
  → Recovered missing Language ID for KLP via mapping: 70b23178954a41a4a67e38292373733c
Warning: Could not resolve video link 'video:/Antenatal Care/routine_antenatal_assessment_of_the_women'. Path segments: ['Antenatal Care', 'routine_antenatal_assessment_of_the_women'], tried prefix='res-video-antenatal-care-', suffix='-routine-antenatal-assessment-of-the-women'
  Warning: Link 'video:/Antenatal Care/routine_antenatal_assessment_of_the_women' not in mapping or could not be resolved, removing from question
Updated KLP 'klp-1-a-woman-with-urinary-tract-infection-usually-presents-with' -> a77e23f1cc79408f81c576615b69037e
DEBUG: activating version 0bfa564003e34ba493ddcf4e4e53fb1e with url='http://135.225.105.160:8004/klps/versions/0bfa564003e34ba493ddcf4e4e53fb1e/status'
  ✓ Activated version: 0bfa564003e34ba493ddcf4e4e53fb1e
  → Recovered missing Language ID for KLP via mapping: 70b23178954a41a4a67e38292373733c
Warning: Could not resolve video link 'video:/Antenatal Care/routine_antenatal_assessment_of_the_women'. Path segments: ['Antenatal Care', 'routine_antenatal_assessment_of_the_women'], tried prefix='res-video-antenatal-care-', suffix='-routine-antenatal-assessment-of-the-women'
  Warning: Link 'video:/Antenatal Care/routine_antenatal_assessment_of_the_women' not in mapping or could not be resolved, removing from question
Updated KLP 'klp-2-which-of-the-following-symptoms-indicate-complications-during-pregnancy' -> 49ec7c0db8cb4a12b5ba4ad29e5a50a5
DEBUG: activating version c0ad6bbf85814ddab1c3b4db4a6f63f2 with url='http://135.225.105.160:8004/klps/versions/c0ad6bbf85814ddab1c3b4db4a6f63f2/status'
  ✓ Activated version: c0ad6bbf85814ddab1c3b4db4a6f63f2
  → Recovered missing Language ID for KLP via mapping: 70b23178954a41a4a67e38292373733c
Updated KLP 'klp-3-what-is-true-about-the-foetal-heart-rate' -> d98d4f6742824abc8d37d98d54cc3d25
DEBUG: activating version b67f062dda5a44c3bf7ff383df65d953 with url='http://135.225.105.160:8004/klps/versions/b67f062dda5a44c3bf7ff383df65d953/status'
  ✓ Activated version: b67f062dda5a44c3bf7ff383df65d953
  → Recovered missing Language ID for KLP via mapping: 70b23178954a41a4a67e38292373733c
Warning: Could not resolve video link 'video:/Antenatal Care/routine_antenatal_assessment_of_the_women'. Path segments: ['Antenatal Care', 'routine_antenatal_assessment_of_the_women'], tried prefix='res-video-antenatal-care-', suffix='-routine-antenatal-assessment-of-the-women'
  Warning: Link 'video:/Antenatal Care/routine_antenatal_assessment_of_the_women' not in mapping or could not be resolved, removing from question
Updated KLP 'klp-3-which-of-the-following-indicate-a-normal-pregnancy' -> 778153c178004beaa89ac72874d7f663
DEBUG: activating version 747be6aed11148e7bc6d8c75100ad964 with url='http://135.225.105.160:8004/klps/versions/747be6aed11148e7bc6d8c75100ad964/status'
  ✓ Activated version: 747be6aed11148e7bc6d8c75100ad964
  → Recovered missing Language ID for KLP via mapping: 70b23178954a41a4a67e38292373733c
Updated KLP 'klp-2-what-are-the-signs-that-indicate-that-the-woman-is-going-into-labour' -> ac690933e2c844848357734dc3ab679e
DEBUG: activating version f360ebd482464d54a4fe8ba088cd193e with url='http://135.225.105.160:8004/klps/versions/f360ebd482464d54a4fe8ba088cd193e/status'
  ✓ Activated version: f360ebd482464d54a4fe8ba088cd193e
  → Recovered missing Language ID for KLP via mapping: 70b23178954a41a4a67e38292373733c
Updated KLP 'klp-3-how-will-you-manage-a-woman-who-has-a-haemoglobin-concentration-of-100g-l' -> 1209c5d9470149f9b22b73fc14e3e80f
DEBUG: activating version 7273e9219841499f81d8984adf782ea2 with url='http://135.225.105.160:8004/klps/versions/7273e9219841499f81d8984adf782ea2/status'
  ✓ Activated version: 7273e9219841499f81d8984adf782ea2
  → Recovered missing Language ID for KLP via mapping: 70b23178954a41a4a67e38292373733c
Updated KLP 'klp-3-which-of-the-following-statements-are-true-in-relation-to-gestational-diabetes-mellitus' -> 434a8651abed46a9ba5d4181edb14a58
DEBUG: activating version 2cf7060b8a85412a9cb764eb252f2403 with url='http://135.225.105.160:8004/klps/versions/2cf7060b8a85412a9cb764eb252f2403/status'
  ✓ Activated version: 2cf7060b8a85412a9cb764eb252f2403
  → Recovered missing Language ID for KLP via mapping: 70b23178954a41a4a67e38292373733c
Updated KLP 'klp-2-while-counselling-the-pregnant-woman-on-nutrition-and-lifestyle-modification-you-should-instruct-her-to' -> 91d625f2b0f440659ff1a390ae1e8a1a
DEBUG: activating version 39412219abd04d999e1ab7aaf8b5e45b with url='http://135.225.105.160:8004/klps/versions/39412219abd04d999e1ab7aaf8b5e45b/status'
  ✓ Activated version: 39412219abd04d999e1ab7aaf8b5e45b
  → Recovered missing Language ID for KLP via mapping: 70b23178954a41a4a67e38292373733c
Updated KLP 'klp-2-how-much-weight-should-a-woman-with-a-bmi-of-27-gain-during-pregnancy' -> 644f1b91df2f4f25a3191897fe58461b
DEBUG: activating version f0291ab7ce9047a88631751a9a6a5f8e with url='http://135.225.105.160:8004/klps/versions/f0291ab7ce9047a88631751a9a6a5f8e/status'
  ✓ Activated version: f0291ab7ce9047a88631751a9a6a5f8e
  → Recovered missing Language ID for KLP via mapping: 70b23178954a41a4a67e38292373733c
Updated KLP 'klp-1-what-are-the-components-of-a-birth-and-emergency-plan' -> 5fd288260db64f8cb6354bfa83936c9c
DEBUG: activating version e6a52f3355ef40c689923936cae4dcea with url='http://135.225.105.160:8004/klps/versions/e6a52f3355ef40c689923936cae4dcea/status'
  ✓ Activated version: e6a52f3355ef40c689923936cae4dcea
  → Recovered missing Language ID for KLP via mapping: 70b23178954a41a4a67e38292373733c
Updated KLP 'klp-2-when-a-pregnant-woman-complains-of-low-back-pain-and-pelvic-pain-what-should-you-recommend' -> 003aa9110e3945ffb4563f92727434ec
DEBUG: activating version 6142514d270c4d32a56aa5d87e505b0b with url='http://135.225.105.160:8004/klps/versions/6142514d270c4d32a56aa5d87e505b0b/status'
  ✓ Activated version: 6142514d270c4d32a56aa5d87e505b0b
  → Recovered missing Language ID for KLP via mapping: 70b23178954a41a4a67e38292373733c
Updated KLP 'klp-1-if-a-pregnant-woman-complains-of-constipation-what-will-be-your-response' -> 81b7fec2282344cb8df88e487623ddad
DEBUG: activating version 70aef80cd3cc45e79b08635dffc039c4 with url='http://135.225.105.160:8004/klps/versions/70aef80cd3cc45e79b08635dffc039c4/status'
  ✓ Activated version: 70aef80cd3cc45e79b08635dffc039c4
  → Recovered missing Language ID for KLP via mapping: 70b23178954a41a4a67e38292373733c
Updated KLP 'klp-2-how-can-you-help-a-pregnant-woman-who-is-having-leg-cramps' -> 482bd5ba98e046e5b6edc2a22a8fd944
DEBUG: activating version 8cb24516017a4f7a8fe9f2feceb79894 with url='http://135.225.105.160:8004/klps/versions/8cb24516017a4f7a8fe9f2feceb79894/status'
  ✓ Activated version: 8cb24516017a4f7a8fe9f2feceb79894
  → Recovered missing Language ID for KLP via mapping: 70b23178954a41a4a67e38292373733c
Updated KLP 'klp-2-what-are-the-signs-that-indicate-that-a-woman-is-a-victim-of-gender-based-violence-or-intimate-partner-violence' -> 6d9b1b9d194f4c6c95b42b57d3335628
DEBUG: activating version 9bcf5141193e417895b280189c5f836e with url='http://135.225.105.160:8004/klps/versions/9bcf5141193e417895b280189c5f836e/status'
  ✓ Activated version: 9bcf5141193e417895b280189c5f836e
  → Recovered missing Language ID for KLP via mapping: 70b23178954a41a4a67e38292373733c
Updated KLP 'klp-3-what-are-the-drugs-that-can-be-given-to-a-woman-with-suspected-preterm-labour-for-foetal-lung-maturity' -> dfd6c83684a445cfb6f714a6eaf2e488
DEBUG: activating version 2cc667070a3c42f4a8b87a45aa365f15 with url='http://135.225.105.160:8004/klps/versions/2cc667070a3c42f4a8b87a45aa365f15/status'
  ✓ Activated version: 2cc667070a3c42f4a8b87a45aa365f15
  → Recovered missing Language ID for KLP via mapping: 70b23178954a41a4a67e38292373733c
Updated KLP 'klp-3-if-a-pregnant-woman-complains-of-pain-swelling-and-tenderness-in-one-calf-muscle-what-will-you-suspect' -> 7a10129d704b46f9b22be0458f57b6a8
DEBUG: activating version a3914ca460d240539891b47ac5fcb5db with url='http://135.225.105.160:8004/klps/versions/a3914ca460d240539891b47ac5fcb5db/status'
  ✓ Activated version: a3914ca460d240539891b47ac5fcb5db
  → Recovered missing Language ID for KLP via mapping: 70b23178954a41a4a67e38292373733c
Updated KLP 'klp-1-before-performing-an-abdominal-examination-you-have-to' -> ecda67250d224ebe8257476b289597ca
DEBUG: activating version 81a4365b6a7549ad81eebeee16c061d1 with url='http://135.225.105.160:8004/klps/versions/81a4365b6a7549ad81eebeee16c061d1/status'
  ✓ Activated version: 81a4365b6a7549ad81eebeee16c061d1
  → Recovered missing Language ID for KLP via mapping: 70b23178954a41a4a67e38292373733c
Updated KLP 'klp-3-which-of-the-following-foetal-heart-readings-indicate-foetal-asphyxia' -> ff78e04191784896a3053754332f7ef1
DEBUG: activating version 0a310f3d0487497fb075f1660fd9f5e7 with url='http://135.225.105.160:8004/klps/versions/0a310f3d0487497fb075f1660fd9f5e7/status'
  ✓ Activated version: 0a310f3d0487497fb075f1660fd9f5e7
  → Recovered missing Language ID for KLP via mapping: 70b23178954a41a4a67e38292373733c
Updated KLP 'klp-1-what-is-the-drug-of-choice-for-the-intermittent-preventive-treatment-of-malaria-in-endemic-areas' -> a2209a6efd9c4d71aca28bc67b70ab24
DEBUG: activating version 0be7ab5ac49e48648187495a715dbd3b with url='http://135.225.105.160:8004/klps/versions/0be7ab5ac49e48648187495a715dbd3b/status'
  ✓ Activated version: 0be7ab5ac49e48648187495a715dbd3b
  → Recovered missing Language ID for KLP via mapping: 70b23178954a41a4a67e38292373733c
Updated KLP 'klp-3-how-can-you-identify-multiple-pregnancy-by-abdominal-examination' -> 19f4df60d7d1498ebce7acad8a6cd726
DEBUG: activating version e9c0255dafcd41378accf8056b9527e6 with url='http://135.225.105.160:8004/klps/versions/e9c0255dafcd41378accf8056b9527e6/status'
  ✓ Activated version: e9c0255dafcd41378accf8056b9527e6
  → Recovered missing Language ID for KLP via mapping: 70b23178954a41a4a67e38292373733c
Updated KLP 'klp-3-identify-the-statements-that-are-true-in-relation-to-preventive-anthelmintic-treatment-during-pregnancy' -> f337c919898146e4a8d67b1097e1a987
DEBUG: activating version 0e279da3381b4a8d8ec3d238536700e6 with url='http://135.225.105.160:8004/klps/versions/0e279da3381b4a8d8ec3d238536700e6/status'
  ✓ Activated version: 0e279da3381b4a8d8ec3d238536700e6
  → Recovered missing Language ID for KLP via mapping: 70b23178954a41a4a67e38292373733c
Updated KLP 'klp-3-a-pregnant-woman-comes-for-her-first-anc-contact-she-has-not-been-immunized-with-tetanus-toxoid-before-how-many-doses-should-be-given-during-pregnancy-and-at-what-interval' -> 1ff1c36badda4052a028ecddf28255c5
DEBUG: activating version 762c34e8162446929999b90f5e98ddfa with url='http://135.225.105.160:8004/klps/versions/762c34e8162446929999b90f5e98ddfa/status'
  ✓ Activated version: 762c34e8162446929999b90f5e98ddfa
  → Recovered missing Language ID for KLP via mapping: 70b23178954a41a4a67e38292373733c
Updated KLP 'klp-1-what-is-the-dose-of-iron-and-folic-acid-supplement-recommended-during-the-antenatal-period' -> 79742e6902b74cd293248cc0de660deb
DEBUG: activating version 49eaef4dfd264f188fc06dea0d84ad02 with url='http://135.225.105.160:8004/klps/versions/49eaef4dfd264f188fc06dea0d84ad02/status'
  ✓ Activated version: 49eaef4dfd264f188fc06dea0d84ad02
  → Recovered missing Language ID for KLP via mapping: 70b23178954a41a4a67e38292373733c
Updated KLP 'klp-3-what-are-the-complications-that-can-be-prevented-by-taking-iron-and-folic-acid-tablets' -> 698b1b6e225e42f8b3da7fdaa39b6bba
DEBUG: activating version 0278a33f768940348e71d271ca4d255f with url='http://135.225.105.160:8004/klps/versions/0278a33f768940348e71d271ca4d255f/status'
  ✓ Activated version: 0278a33f768940348e71d271ca4d255f
  → Recovered missing Language ID for KLP via mapping: 70b23178954a41a4a67e38292373733c
Updated KLP 'klp-3-what-is-the-risk-that-may-occur-if-the-foetus-is-cephalic-and-the-head-is-not-engaged' -> 3c14a09d5e404b749a590a4a0b1b30b2
DEBUG: activating version 90365b66b1814b8caef64a5ea142c928 with url='http://135.225.105.160:8004/klps/versions/90365b66b1814b8caef64a5ea142c928/status'
  ✓ Activated version: 90365b66b1814b8caef64a5ea142c928
  → Recovered missing Language ID for KLP via mapping: 70b23178954a41a4a67e38292373733c
Updated KLP 'klp-1-how-many-postnatal-care-visits-are-recommended' -> 78be3bee552f47019861a76520e0a446
DEBUG: activating version 889641f5e2fa49d1a58a5414cce3354f with url='http://135.225.105.160:8004/klps/versions/889641f5e2fa49d1a58a5414cce3354f/status'
  ✓ Activated version: 889641f5e2fa49d1a58a5414cce3354f
  → Recovered missing Language ID for KLP via mapping: 70b23178954a41a4a67e38292373733c
Updated KLP 'klp-1-when-is-the-woman-in-the-postnatal-period' -> 91f8f647af6c42cdb097fd534a56526d
DEBUG: activating version d92438b532244841bbc50304382d9479 with url='http://135.225.105.160:8004/klps/versions/d92438b532244841bbc50304382d9479/status'
  ✓ Activated version: d92438b532244841bbc50304382d9479
  → Recovered missing Language ID for KLP via mapping: 70b23178954a41a4a67e38292373733c
Updated KLP 'klp-1-which-statements-are-true-regarding-partner-involvement-in-postnatal-care' -> 5b2349d0146d4b939f870d2ebaf47e53
DEBUG: activating version 69f7bf5ac4c74a14ad6485bcda2304b0 with url='http://135.225.105.160:8004/klps/versions/69f7bf5ac4c74a14ad6485bcda2304b0/status'
  ✓ Activated version: 69f7bf5ac4c74a14ad6485bcda2304b0
  → Recovered missing Language ID for KLP via mapping: 70b23178954a41a4a67e38292373733c
Updated KLP 'klp-1-what-does-the-regular-assessments-of-the-mother-include-during-the-first-24-hours-after-birth' -> 7ac541b75107405fb01e5e109dd9240c
DEBUG: activating version 85dbc6732f634a7f8bf2d9c3ed223a64 with url='http://135.225.105.160:8004/klps/versions/85dbc6732f634a7f8bf2d9c3ed223a64/status'
  ✓ Activated version: 85dbc6732f634a7f8bf2d9c3ed223a64
  → Recovered missing Language ID for KLP via mapping: 70b23178954a41a4a67e38292373733c
Updated KLP 'klp-2-pnc-bleeding-after-birth' -> 46238883439b447d95dd4b01f4567c32
DEBUG: activating version 0deecf7c0a814d5cad87cf144f4574b2 with url='http://135.225.105.160:8004/klps/versions/0deecf7c0a814d5cad87cf144f4574b2/status'
  ✓ Activated version: 0deecf7c0a814d5cad87cf144f4574b2
  → Recovered missing Language ID for KLP via mapping: 70b23178954a41a4a67e38292373733c
Updated KLP 'klp-1-what-is-part-of-the-initial-postnatal-care-counselling' -> 3f0a6543dc6d4c7eaa1dfe9ac067fe68
DEBUG: activating version 2cd68432a24442f7a531eb696b13b49a with url='http://135.225.105.160:8004/klps/versions/2cd68432a24442f7a531eb696b13b49a/status'
  ✓ Activated version: 2cd68432a24442f7a531eb696b13b49a
  → Recovered missing Language ID for KLP via mapping: 70b23178954a41a4a67e38292373733c
Updated KLP 'klp-3-for-how-long-should-the-postnatal-woman-be-recommended-to-take-iron-in-anaemia-risk-settings' -> a5a2fa945bd1438093b7ea6066b81d5b
DEBUG: activating version 2f0dbb727e0740d7a5330ad9adc326fc with url='http://135.225.105.160:8004/klps/versions/2f0dbb727e0740d7a5330ad9adc326fc/status'
  ✓ Activated version: 2f0dbb727e0740d7a5330ad9adc326fc
  → Recovered missing Language ID for KLP via mapping: 70b23178954a41a4a67e38292373733c
Updated KLP 'klp-2-what-kind-of-pain-relief-can-you-offer-the-woman-postpartum-for-perineal-pain' -> 15d21fa4297e491bb62f104f5dc83929
DEBUG: activating version e575c959521341378a2a7ee1c55cdca5 with url='http://135.225.105.160:8004/klps/versions/e575c959521341378a2a7ee1c55cdca5/status'
  ✓ Activated version: e575c959521341378a2a7ee1c55cdca5
  → Recovered missing Language ID for KLP via mapping: 70b23178954a41a4a67e38292373733c
Updated KLP 'klp-2-what-are-the-signs-of-postpartum-uterine-infection' -> 27a57115db5a4d01bab418b453673fc2
DEBUG: activating version a5ab910daf8749f883024406d8b06c59 with url='http://135.225.105.160:8004/klps/versions/a5ab910daf8749f883024406d8b06c59/status'
  ✓ Activated version: a5ab910daf8749f883024406d8b06c59
  → Recovered missing Language ID for KLP via mapping: 70b23178954a41a4a67e38292373733c
Updated KLP 'klp-2-what-are-the-signs-of-thromboembolism' -> 9f2b3fd8c3c24318aa89877f50c85614
DEBUG: activating version e09b4874c9564ca7a43ad3c115a36442 with url='http://135.225.105.160:8004/klps/versions/e09b4874c9564ca7a43ad3c115a36442/status'
  ✓ Activated version: e09b4874c9564ca7a43ad3c115a36442
  → Recovered missing Language ID for KLP via mapping: 70b23178954a41a4a67e38292373733c
Updated KLP 'klp-2-dizziness-nausea-and-headache-three-days-postpartum' -> b2bdc9a9b6614685978f62dad2faf9b9
DEBUG: activating version fd3d0124bd81447c860be6edeeb51939 with url='http://135.225.105.160:8004/klps/versions/fd3d0124bd81447c860be6edeeb51939/status'
  ✓ Activated version: fd3d0124bd81447c860be6edeeb51939
  → Recovered missing Language ID for KLP via mapping: 70b23178954a41a4a67e38292373733c
Updated KLP 'klp-3-what-statements-are-correct-regarding-disease-prevention-after-birth' -> e955cb8516174bb4970f5d66fb61619f
DEBUG: activating version 9723b17c99ef4b9f8064b9ddd1368fe4 with url='http://135.225.105.160:8004/klps/versions/9723b17c99ef4b9f8064b9ddd1368fe4/status'
  ✓ Activated version: 9723b17c99ef4b9f8064b9ddd1368fe4
  → Recovered missing Language ID for KLP via mapping: 70b23178954a41a4a67e38292373733c
Updated KLP 'klp-1-upon-discharge-when-should-you-tell-the-mother-to-react-and-contact-you' -> fb8d21760c38448791970a9e24410b65
DEBUG: activating version ae3ffe31f7a541a29c2df08f896be946 with url='http://135.225.105.160:8004/klps/versions/ae3ffe31f7a541a29c2df08f896be946/status'
  ✓ Activated version: ae3ffe31f7a541a29c2df08f896be946
  → Recovered missing Language ID for KLP via mapping: 70b23178954a41a4a67e38292373733c
Updated KLP 'klp-1-newborn-feeding' -> b334cbd484eb489680357a4765ed5770
DEBUG: activating version ef4261e97674421194558a665e08f448 with url='http://135.225.105.160:8004/klps/versions/ef4261e97674421194558a665e08f448/status'
  ✓ Activated version: ef4261e97674421194558a665e08f448
  → Recovered missing Language ID for KLP via mapping: 70b23178954a41a4a67e38292373733c
Updated KLP 'klp-2-which-of-the-following-statements-on-breastfeeding-are-true' -> 04d9714fd3fe487fab5cb02a773676d5
DEBUG: activating version f75e42fdc727454a8631c5b725378bfd with url='http://135.225.105.160:8004/klps/versions/f75e42fdc727454a8631c5b725378bfd/status'
  ✓ Activated version: f75e42fdc727454a8631c5b725378bfd
  → Recovered missing Language ID for KLP via mapping: 70b23178954a41a4a67e38292373733c
Updated KLP 'klp-3-how-much-weight-should-the-newborn-gain-during-the-first-2-4-weeks' -> c3c3ff7aab4149b8a22ef25875424235
DEBUG: activating version ab09905280f84157bc9bc817ece188a0 with url='http://135.225.105.160:8004/klps/versions/ab09905280f84157bc9bc817ece188a0/status'
  ✓ Activated version: ab09905280f84157bc9bc817ece188a0
  → Recovered missing Language ID for KLP via mapping: 70b23178954a41a4a67e38292373733c
Updated KLP 'klp-3-mother-and-newborn-discharge-criteria' -> 119d34e25e8b4803ab272d610195acc4
DEBUG: activating version 0df756ad2015474eaf7b9451762a9a89 with url='http://135.225.105.160:8004/klps/versions/0df756ad2015474eaf7b9451762a9a89/status'
  ✓ Activated version: 0df756ad2015474eaf7b9451762a9a89
  → Recovered missing Language ID for KLP via mapping: 70b23178954a41a4a67e38292373733c
Updated KLP 'klp-2-newborn-cord-care' -> 3bfff3591b8147fbb6f111082204cb11
DEBUG: activating version 0319f103414742ff9c1fc8155158cacc with url='http://135.225.105.160:8004/klps/versions/0319f103414742ff9c1fc8155158cacc/status'
  ✓ Activated version: 0319f103414742ff9c1fc8155158cacc
  → Recovered missing Language ID for KLP via mapping: 70b23178954a41a4a67e38292373733c
Updated KLP 'klp-2-bring-newborn-to-healthcare-facility-immediately' -> a34f57dacc404d82b7d5fd6eef83dcc5
DEBUG: activating version d1c2d0f85eac4be7bf9be4630698df24 with url='http://135.225.105.160:8004/klps/versions/d1c2d0f85eac4be7bf9be4630698df24/status'
  ✓ Activated version: d1c2d0f85eac4be7bf9be4630698df24
  → Recovered missing Language ID for KLP via mapping: 70b23178954a41a4a67e38292373733c
Updated KLP 'klp-1-what-is-the-normal-body-temperature-for-a-newborn' -> 534e6c71f7ea4bdea0de2b8633e5a03b
DEBUG: activating version 3f7a77ec6bc5482bab9cb0f11272fd63 with url='http://135.225.105.160:8004/klps/versions/3f7a77ec6bc5482bab9cb0f11272fd63/status'
  ✓ Activated version: 3f7a77ec6bc5482bab9cb0f11272fd63
  → Recovered missing Language ID for KLP via mapping: 70b23178954a41a4a67e38292373733c
Updated KLP 'klp-3-if-a-woman-experience-breast-engorgement-what-should-you-advise-her-to-do-to-prevent-mastitis' -> f5c1d054d4614ef886d1725ee9f1af0b
DEBUG: activating version 112117ac262a4714a15a1c808d24ef33 with url='http://135.225.105.160:8004/klps/versions/112117ac262a4714a15a1c808d24ef33/status'
  ✓ Activated version: 112117ac262a4714a15a1c808d24ef33
  → Recovered missing Language ID for KLP via mapping: 70b23178954a41a4a67e38292373733c
Updated KLP 'klp-3-newborns-first-bath' -> 351689e63b594581af723467e5dd13de
DEBUG: activating version cc8156a8146641d09f07fd77f17b6e7e with url='http://135.225.105.160:8004/klps/versions/cc8156a8146641d09f07fd77f17b6e7e/status'
  ✓ Activated version: cc8156a8146641d09f07fd77f17b6e7e
  → Recovered missing Language ID for KLP via mapping: 70b23178954a41a4a67e38292373733c
Updated KLP 'klp-3-danger-signs-newborn' -> 739f096cbc5a476d94d016515d8bba62
DEBUG: activating version 98f151d390cc493f83416ff55e004c10 with url='http://135.225.105.160:8004/klps/versions/98f151d390cc493f83416ff55e004c10/status'
  ✓ Activated version: 98f151d390cc493f83416ff55e004c10
  → Recovered missing Language ID for KLP via mapping: 70b23178954a41a4a67e38292373733c
Updated KLP 'klp-1-what-indicates-postnatal-perineal-trauma-infection' -> b876a2f016134785a8e8372f7aa02f14
DEBUG: activating version a5e63222bdce45c5aac7df10bca8bb7e with url='http://135.225.105.160:8004/klps/versions/a5e63222bdce45c5aac7df10bca8bb7e/status'
  ✓ Activated version: a5e63222bdce45c5aac7df10bca8bb7e
  → Recovered missing Language ID for KLP via mapping: 70b23178954a41a4a67e38292373733c
Updated KLP 'klp-2-what-is-true-about-postpartum-blues' -> 290a22ade1444f759e06661a050f56b6
DEBUG: activating version d7f3db80b84f49ff91bbed55b8443684 with url='http://135.225.105.160:8004/klps/versions/d7f3db80b84f49ff91bbed55b8443684/status'
  ✓ Activated version: d7f3db80b84f49ff91bbed55b8443684
  → Recovered missing Language ID for KLP via mapping: 70b23178954a41a4a67e38292373733c
Updated KLP 'klp-3-postpartum-supplementation' -> 0793925e0ec646edad958d4c5a294672
DEBUG: activating version b6e0224fb3b94026971f96ef28725bb5 with url='http://135.225.105.160:8004/klps/versions/b6e0224fb3b94026971f96ef28725bb5/status'
  ✓ Activated version: b6e0224fb3b94026971f96ef28725bb5
  → Recovered missing Language ID for KLP via mapping: 70b23178954a41a4a67e38292373733c
Updated KLP 'klp-2-what-is-important-to-ask-and-know-when-counselling-the-woman-on-postpartum-contraceptives' -> d4a4a0fbdc8b4f31a02d3a45f3e80954
DEBUG: activating version 3ea5d5d4e14748c1ba10fc6203aae63f with url='http://135.225.105.160:8004/klps/versions/3ea5d5d4e14748c1ba10fc6203aae63f/status'
  ✓ Activated version: 3ea5d5d4e14748c1ba10fc6203aae63f
  → Recovered missing Language ID for KLP via mapping: 70b23178954a41a4a67e38292373733c
Updated KLP 'klp-3-contraceptive-methods-and-breastfeeding' -> 429192952d3b47d2a634dc98131b5650
DEBUG: activating version 2741690e20eb4669a1e5cc1c48f3a4f8 with url='http://135.225.105.160:8004/klps/versions/2741690e20eb4669a1e5cc1c48f3a4f8/status'
  ✓ Activated version: 2741690e20eb4669a1e5cc1c48f3a4f8
  → Recovered missing Language ID for KLP via mapping: 70b23178954a41a4a67e38292373733c
Updated KLP 'klp-3-what-are-the-signs-of-an-effective-attachment-when-breastfeeding' -> 48174fcda2a24dcc8fd65376ba05da84
DEBUG: activating version ca75d014e0404dcc8eb5427b9ceadf25 with url='http://135.225.105.160:8004/klps/versions/ca75d014e0404dcc8eb5427b9ceadf25/status'
  ✓ Activated version: ca75d014e0404dcc8eb5427b9ceadf25
  → Recovered missing Language ID for KLP via mapping: 70b23178954a41a4a67e38292373733c
Updated KLP 'klp-2-administration-of-vitamin-k1' -> 365e395116214324a0407301db4e2a4a
DEBUG: activating version ea3eb8e7659743cd8b88d4ca64082a2a with url='http://135.225.105.160:8004/klps/versions/ea3eb8e7659743cd8b88d4ca64082a2a/status'
  ✓ Activated version: ea3eb8e7659743cd8b88d4ca64082a2a
  → Recovered missing Language ID for KLP via mapping: 70b23178954a41a4a67e38292373733c
Updated KLP 'klp-3-what-is-true-about-hiv-infection-and-breastfeeding' -> 21192ea24302498d84ef4fe7cfdf626d
DEBUG: activating version 316047eaddcc4d1da7eda9585dde7e58 with url='http://135.225.105.160:8004/klps/versions/316047eaddcc4d1da7eda9585dde7e58/status'
  ✓ Activated version: 316047eaddcc4d1da7eda9585dde7e58
  → Recovered missing Language ID for KLP via mapping: 70b23178954a41a4a67e38292373733c
Updated KLP 'klp-1-what-should-you-advice-and-support-the-woman-to-do-within-the-first-24-hours-after-birth' -> e9dbc890db864c719f2b26273daf36fa
DEBUG: activating version cfe6cdefbf62494d8a00c756ad10db18 with url='http://135.225.105.160:8004/klps/versions/cfe6cdefbf62494d8a00c756ad10db18/status'
  ✓ Activated version: cfe6cdefbf62494d8a00c756ad10db18
  → Recovered missing Language ID for KLP via mapping: 70b23178954a41a4a67e38292373733c
Updated KLP 'klp-1-what-questions-will-you-ask-a-postpartum-woman-during-the-routine-pnc-assessment' -> c27e22b116d8462fa8fdce421f932e1d
DEBUG: activating version 2fb83aff3bbf41649aa6f52f1d6fa410 with url='http://135.225.105.160:8004/klps/versions/2fb83aff3bbf41649aa6f52f1d6fa410/status'
  ✓ Activated version: 2fb83aff3bbf41649aa6f52f1d6fa410
  → Recovered missing Language ID for KLP via mapping: 70b23178954a41a4a67e38292373733c
Updated KLP 'klp-3-postnatal-visits-lbw-newborn' -> 252b61acbaf34ace85bdf9327676fbe4
DEBUG: activating version 9fd8fba5c59c41d5910e964236605ec7 with url='http://135.225.105.160:8004/klps/versions/9fd8fba5c59c41d5910e964236605ec7/status'
  ✓ Activated version: 9fd8fba5c59c41d5910e964236605ec7
  → Recovered missing Language ID for KLP via mapping: 70b23178954a41a4a67e38292373733c
Updated KLP 'klp-2-when-should-the-mother-alert-you-regarding-the-newborn-within-the-first-24-hours-of-birth' -> 6dd826b1e9e94ecda5b2ce6d2a888cfd
DEBUG: activating version a18180bfb05d471fb4bab0fb2a43597d with url='http://135.225.105.160:8004/klps/versions/a18180bfb05d471fb4bab0fb2a43597d/status'
  ✓ Activated version: a18180bfb05d471fb4bab0fb2a43597d
  → Recovered missing Language ID for KLP via mapping: 70b23178954a41a4a67e38292373733c
Updated KLP 'klp-1-newborn-vomiting' -> e0e36339ce4e44c5a72a5c0549df86db
DEBUG: activating version a0a241ea32ee447880de21206d25a428 with url='http://135.225.105.160:8004/klps/versions/a0a241ea32ee447880de21206d25a428/status'
  ✓ Activated version: a0a241ea32ee447880de21206d25a428
  → Recovered missing Language ID for KLP via mapping: 70b23178954a41a4a67e38292373733c
Updated KLP 'klp-1-gdm-is-an-excess-glucose-level-in-the-blood-with-onset-or-first-recognition-during-pregnancy-true-or-false' -> a09c129864b1460581428dedb62ac389
DEBUG: activating version 1e70fdad1edc449d9fd165a8fd2bafab with url='http://135.225.105.160:8004/klps/versions/1e70fdad1edc449d9fd165a8fd2bafab/status'
  ✓ Activated version: 1e70fdad1edc449d9fd165a8fd2bafab
  → Recovered missing Language ID for KLP via mapping: 70b23178954a41a4a67e38292373733c
Updated KLP 'klp-2-when-can-we-say-that-the-woman-has-gdm' -> e1e490b1d9f94824904759ac6049e93c
DEBUG: activating version 7f231cab8c7e4d7ab3326aa6cdb17947 with url='http://135.225.105.160:8004/klps/versions/7f231cab8c7e4d7ab3326aa6cdb17947/status'
  ✓ Activated version: 7f231cab8c7e4d7ab3326aa6cdb17947
  → Recovered missing Language ID for KLP via mapping: 70b23178954a41a4a67e38292373733c
Updated KLP 'klp-1-which-of-the-following-are-the-possible-maternal-complications-of-gdm' -> 4b5a600f76424667a5fe520a430959e2
DEBUG: activating version 6b478e53e0ff48149ceab1be06f0d9ad with url='http://135.225.105.160:8004/klps/versions/6b478e53e0ff48149ceab1be06f0d9ad/status'
  ✓ Activated version: 6b478e53e0ff48149ceab1be06f0d9ad
  → Recovered missing Language ID for KLP via mapping: 70b23178954a41a4a67e38292373733c
Updated KLP 'klp-2-which-of-the-following-is-a-possible-foetal-risk-of-gdm' -> a843d14e09984f9983cd9d0a59d59599
DEBUG: activating version 4fc5e96dd82740d69e59d5def31055f1 with url='http://135.225.105.160:8004/klps/versions/4fc5e96dd82740d69e59d5def31055f1/status'
  ✓ Activated version: 4fc5e96dd82740d69e59d5def31055f1
  → Recovered missing Language ID for KLP via mapping: 70b23178954a41a4a67e38292373733c
Updated KLP 'klp-3-which-of-the-following-statements-are-true-regarding-gestational-diabetes-mellitus' -> 32354a99c2c144168f4f57dab8f358e8
DEBUG: activating version 355c5466dd99485a95d258981de88d95 with url='http://135.225.105.160:8004/klps/versions/355c5466dd99485a95d258981de88d95/status'
  ✓ Activated version: 355c5466dd99485a95d258981de88d95
  → Recovered missing Language ID for KLP via mapping: 70b23178954a41a4a67e38292373733c
Updated KLP 'klp-1-which-of-the-following-are-risk-factors-of-gdm' -> 45045b78f74642e4a1ba7d1a8f48d874
DEBUG: activating version a90fe6a262d4468ea2dfa5f71c8b0093 with url='http://135.225.105.160:8004/klps/versions/a90fe6a262d4468ea2dfa5f71c8b0093/status'
  ✓ Activated version: a90fe6a262d4468ea2dfa5f71c8b0093
  → Recovered missing Language ID for KLP via mapping: 70b23178954a41a4a67e38292373733c
Updated KLP 'klp-2-a-woman-with-a-family-history-of-diabetes-has-an-increased-risk-of-developing-gdm-during-her-pregnancy-true-or-false' -> db20b92c66704bbb9d885541597c9759
DEBUG: activating version e1f509c35928479fa4e9e24d1e1eff9e with url='http://135.225.105.160:8004/klps/versions/e1f509c35928479fa4e9e24d1e1eff9e/status'
  ✓ Activated version: e1f509c35928479fa4e9e24d1e1eff9e
  → Recovered missing Language ID for KLP via mapping: 70b23178954a41a4a67e38292373733c
Updated KLP 'klp-1-what-is-the-recommended-test-for-diagnosis-of-gdm' -> 709f2778193b4fc69df372868b30d193
DEBUG: activating version 10d129bb261042b2a906bfd067b523ff with url='http://135.225.105.160:8004/klps/versions/10d129bb261042b2a906bfd067b523ff/status'
  ✓ Activated version: 10d129bb261042b2a906bfd067b523ff
  → Recovered missing Language ID for KLP via mapping: 70b23178954a41a4a67e38292373733c
Updated KLP 'klp-1-when-should-the-first-testing-for-diagnosis-of-gdm-be-done' -> 8bb7fb511ccf49a8a991cb71763e8d7b
DEBUG: activating version c7a992c091b649238b1d4efd8a24c352 with url='http://135.225.105.160:8004/klps/versions/c7a992c091b649238b1d4efd8a24c352/status'
  ✓ Activated version: c7a992c091b649238b1d4efd8a24c352
  → Recovered missing Language ID for KLP via mapping: 70b23178954a41a4a67e38292373733c
Updated KLP 'klp-2-when-should-the-second-test-for-diagnosis-of-gdm-be-done' -> 77116eee7b814951ba9ec7dc5c499124
DEBUG: activating version a59eefd2fd2746179ccee865d59dfe71 with url='http://135.225.105.160:8004/klps/versions/a59eefd2fd2746179ccee865d59dfe71/status'
  ✓ Activated version: a59eefd2fd2746179ccee865d59dfe71
  → Recovered missing Language ID for KLP via mapping: 70b23178954a41a4a67e38292373733c
Updated KLP 'klp-3-which-of-the-following-is-true-regarding-screening-for-gdm' -> 5490db80b99c49979ab4625468715790
DEBUG: activating version db895deab46f43b4ab50de4addc22450 with url='http://135.225.105.160:8004/klps/versions/db895deab46f43b4ab50de4addc22450/status'
  ✓ Activated version: db895deab46f43b4ab50de4addc22450
  → Recovered missing Language ID for KLP via mapping: 70b23178954a41a4a67e38292373733c
Updated KLP 'klp-2-what-is-the-2-hour-blood-sugar-cut-off-value-for-the-diagnosis-of-gdm-using-the-ogtt' -> 931878085cfe425888fc91fc9c5f1f2a
DEBUG: activating version 6a09211861f8460491af87997d67bb1c with url='http://135.225.105.160:8004/klps/versions/6a09211861f8460491af87997d67bb1c/status'
  ✓ Activated version: 6a09211861f8460491af87997d67bb1c
  → Recovered missing Language ID for KLP via mapping: 70b23178954a41a4a67e38292373733c
Updated KLP 'klp-2-which-of-the-following-statements-are-correct-in-relation-to-ogtt' -> 70967392682344d388520a871b6757a0
DEBUG: activating version 02f8a0822a5a47c29d64ec5b972adea0 with url='http://135.225.105.160:8004/klps/versions/02f8a0822a5a47c29d64ec5b972adea0/status'
  ✓ Activated version: 02f8a0822a5a47c29d64ec5b972adea0
  → Recovered missing Language ID for KLP via mapping: 70b23178954a41a4a67e38292373733c
Updated KLP 'klp-1-what-is-the-initial-management-of-a-woman-with-gdm' -> b0e2bcb93d59422d860d414b1b64806c
DEBUG: activating version 2858ad26aa3d4b18bc52f8ca6032a94c with url='http://135.225.105.160:8004/klps/versions/2858ad26aa3d4b18bc52f8ca6032a94c/status'
  ✓ Activated version: 2858ad26aa3d4b18bc52f8ca6032a94c
  → Recovered missing Language ID for KLP via mapping: 70b23178954a41a4a67e38292373733c
Updated KLP 'klp-3-after-2-weeks-of-mnt-and-physical-exercise-the-2-hr-ppbs-of-a-gdm-woman-is-115-mg-dl-what-will-be-your-recommendations-for-her' -> 7b7f040927f448029f892dd72018b570
DEBUG: activating version 7349112812d34aa0be6fec1fc0797331 with url='http://135.225.105.160:8004/klps/versions/7349112812d34aa0be6fec1fc0797331/status'
  ✓ Activated version: 7349112812d34aa0be6fec1fc0797331
  → Recovered missing Language ID for KLP via mapping: 70b23178954a41a4a67e38292373733c
Updated KLP 'klp-3-a-pregnant-woman-weighs-69-kg-and-her-height-is-157-cm-under-which-category-does-she-fall-based-on-her-body-mass-index-bmi' -> ea3c79e37e2644c3ab5c8c7c865b6b32
DEBUG: activating version 0cb79bc70b534aad9a6b6da09f5c1aeb with url='http://135.225.105.160:8004/klps/versions/0cb79bc70b534aad9a6b6da09f5c1aeb/status'
  ✓ Activated version: 0cb79bc70b534aad9a6b6da09f5c1aeb
  → Recovered missing Language ID for KLP via mapping: 70b23178954a41a4a67e38292373733c
Updated KLP 'klp-1-what-advice-should-be-given-to-the-woman-when-starting-her-on-medical-nutrition-therapy-select-all-that-is-appropriate' -> e063442921db44838292dfb5c18c4568
DEBUG: activating version aac71faa7c8b4207b44df7ca19b53da3 with url='http://135.225.105.160:8004/klps/versions/aac71faa7c8b4207b44df7ca19b53da3/status'
  ✓ Activated version: aac71faa7c8b4207b44df7ca19b53da3
  → Recovered missing Language ID for KLP via mapping: 70b23178954a41a4a67e38292373733c
Updated KLP 'klp-2-for-a-pregnant-woman-how-many-additional-calories-are-required-during-the-second-and-third-trimester' -> 7ecfc5136ed347418035683e4a0fe9b0
DEBUG: activating version 6ef6995ad52142d88798417654f59c3c with url='http://135.225.105.160:8004/klps/versions/6ef6995ad52142d88798417654f59c3c/status'
  ✓ Activated version: 6ef6995ad52142d88798417654f59c3c
  → Recovered missing Language ID for KLP via mapping: 70b23178954a41a4a67e38292373733c
Updated KLP 'klp-1-which-is-the-first-drug-of-choice-for-the-management-of-gdm' -> b14455cb2e0d459db6f871748a96b570
DEBUG: activating version 5350c5922a5c4fb1b67d61c801dafc81 with url='http://135.225.105.160:8004/klps/versions/5350c5922a5c4fb1b67d61c801dafc81/status'
  ✓ Activated version: 5350c5922a5c4fb1b67d61c801dafc81
  → Recovered missing Language ID for KLP via mapping: 70b23178954a41a4a67e38292373733c
Updated KLP 'klp-2-which-of-the-following-statements-are-true-in-relation-to-insulin-administration' -> 674f79e7b12c48229f862d559aed3aec
DEBUG: activating version ad9d7b170a734edeaa323c38af34b4b4 with url='http://135.225.105.160:8004/klps/versions/ad9d7b170a734edeaa323c38af34b4b4/status'
  ✓ Activated version: ad9d7b170a734edeaa323c38af34b4b4
  → Recovered missing Language ID for KLP via mapping: 70b23178954a41a4a67e38292373733c
Updated KLP 'klp-1-through-which-route-should-insulin-be-administered-daily-for-a-woman-with-gdm' -> 2bab706679644d0eaf2bf389f23ccca8
DEBUG: activating version 3064e73a79ac4df78bcb00a1992df599 with url='http://135.225.105.160:8004/klps/versions/3064e73a79ac4df78bcb00a1992df599/status'
  ✓ Activated version: 3064e73a79ac4df78bcb00a1992df599
  → Recovered missing Language ID for KLP via mapping: 70b23178954a41a4a67e38292373733c
Updated KLP 'klp-3-which-of-the-following-statements-are-true-regarding-metformin-use-for-control-of-blood-sugar' -> 11d56f1896594289b00a6d67239bbdaf
DEBUG: activating version 51a6af7eae0f43a89fd6bbb5c1d87668 with url='http://135.225.105.160:8004/klps/versions/51a6af7eae0f43a89fd6bbb5c1d87668/status'
  ✓ Activated version: 51a6af7eae0f43a89fd6bbb5c1d87668
  → Recovered missing Language ID for KLP via mapping: 70b23178954a41a4a67e38292373733c
Updated KLP 'klp-2-monitor-fasting-2-hour-post-prandial-blood-sugar-bi-weekly-if-the-woman-is-on-metformin-true-or-false' -> 6f47ddf9b4314e69af261754fec0f71d
DEBUG: activating version 610311545bf240d49361fc35ad38fffe with url='http://135.225.105.160:8004/klps/versions/610311545bf240d49361fc35ad38fffe/status'
  ✓ Activated version: 610311545bf240d49361fc35ad38fffe
  → Recovered missing Language ID for KLP via mapping: 70b23178954a41a4a67e38292373733c
Updated KLP 'klp-2-which-of-the-following-statements-are-correct-regarding-antenatal-care-of-pregnant-woman-with-gdm' -> 12395057e7854a1fb9605b64489d0986
DEBUG: activating version e7869c1903a74c7b828c63aff70b149b with url='http://135.225.105.160:8004/klps/versions/e7869c1903a74c7b828c63aff70b149b/status'
  ✓ Activated version: e7869c1903a74c7b828c63aff70b149b
  → Recovered missing Language ID for KLP via mapping: 70b23178954a41a4a67e38292373733c
Updated KLP 'klp-2-which-of-the-following-injection-sites-can-be-used-for-self-administration-of-insulin-injection-select-all-that-apply' -> 8fa048419c05486b9c2dfaeedb56fc65
DEBUG: activating version 20b329781fe448d4bd50eadfa3faa2fb with url='http://135.225.105.160:8004/klps/versions/20b329781fe448d4bd50eadfa3faa2fb/status'
  ✓ Activated version: 20b329781fe448d4bd50eadfa3faa2fb
  → Recovered missing Language ID for KLP via mapping: 70b23178954a41a4a67e38292373733c
Updated KLP 'klp-3-which-of-the-following-are-an-indication-for-referral-of-the-woman-with-gdm-to-a-higher-centre' -> 5b7e21c2e0ab40e992e1df3c9343cb68
DEBUG: activating version 84d8777882404e4fb59f800ea2ae0d68 with url='http://135.225.105.160:8004/klps/versions/84d8777882404e4fb59f800ea2ae0d68/status'
  ✓ Activated version: 84d8777882404e4fb59f800ea2ae0d68
  → Recovered missing Language ID for KLP via mapping: 70b23178954a41a4a67e38292373733c
Updated KLP 'klp-3-which-of-the-following-are-the-symptoms-of-hypoglycemia-in-a-woman-with-gdm' -> 310f3bb666a44695ae679c4f93fda68f
DEBUG: activating version 97d871abab0d45eca4fdf6a681cf20f6 with url='http://135.225.105.160:8004/klps/versions/97d871abab0d45eca4fdf6a681cf20f6/status'
  ✓ Activated version: 97d871abab0d45eca4fdf6a681cf20f6
  → Recovered missing Language ID for KLP via mapping: 70b23178954a41a4a67e38292373733c
Updated KLP 'klp-1-what-steps-should-be-taken-to-manage-hypoglycemia-in-a-gdm-woman' -> 514490bc44ca456db42105446080274f
DEBUG: activating version fec8a541f9e14375a7f25adf9c3c9b5b with url='http://135.225.105.160:8004/klps/versions/fec8a541f9e14375a7f25adf9c3c9b5b/status'
  ✓ Activated version: fec8a541f9e14375a7f25adf9c3c9b5b
  → Recovered missing Language ID for KLP via mapping: 70b23178954a41a4a67e38292373733c
Updated KLP 'klp-3-when-will-you-diagnose-hypoglycemia-in-a-newborn-based-on-the-capillary-blood-glucose-level' -> 3d2725149c604c77af61faf00988ea9d
DEBUG: activating version 20d5d873002445fd94f3ef548d483c76 with url='http://135.225.105.160:8004/klps/versions/20d5d873002445fd94f3ef548d483c76/status'
  ✓ Activated version: 20d5d873002445fd94f3ef548d483c76
  → Recovered missing Language ID for KLP via mapping: 70b23178954a41a4a67e38292373733c
Updated KLP 'klp-3-which-of-the-following-steps-should-be-taken-to-manage-hypoglycemia-in-a-newborn' -> cb57efb6d02441fa8a623e73b2d6ce40
DEBUG: activating version fc03051997884c718929f8d62c2c84f4 with url='http://135.225.105.160:8004/klps/versions/fc03051997884c718929f8d62c2c84f4/status'
  ✓ Activated version: fc03051997884c718929f8d62c2c84f4
  → Recovered missing Language ID for KLP via mapping: 70b23178954a41a4a67e38292373733c
Updated KLP 'klp-2-which-of-the-following-statements-are-false-regarding-care-of-a-newborn-of-a-woman-with-gdm' -> a379ab39bdd64470a0a92c981417b867
DEBUG: activating version 9afb10b3a45141288a17ca4c7adbdebf with url='http://135.225.105.160:8004/klps/versions/9afb10b3a45141288a17ca4c7adbdebf/status'
  ✓ Activated version: 9afb10b3a45141288a17ca4c7adbdebf
  → Recovered missing Language ID for KLP via mapping: 70b23178954a41a4a67e38292373733c
Updated KLP 'klp-3-which-of-the-following-are-signs-of-hypoglycemia-in-a-newborn-select-all-that-apply' -> 29e0c651d2b04180918351b97aad0c03
DEBUG: activating version 69e1f8bbab114377a3a9783f761b8f7e with url='http://135.225.105.160:8004/klps/versions/69e1f8bbab114377a3a9783f761b8f7e/status'
  ✓ Activated version: 69e1f8bbab114377a3a9783f761b8f7e
  → Recovered missing Language ID for KLP via mapping: 70b23178954a41a4a67e38292373733c
Updated KLP 'klp-3-which-of-the-following-are-appropriate-in-relation-to-management-of-labour-and-delivery-of-a-woman-with-gdm' -> eea7f0ad264646ac93c238b068005823
DEBUG: activating version 978e2b200bd247d09039f34cae4e4f1b with url='http://135.225.105.160:8004/klps/versions/978e2b200bd247d09039f34cae4e4f1b/status'
  ✓ Activated version: 978e2b200bd247d09039f34cae4e4f1b
  → Recovered missing Language ID for KLP via mapping: 70b23178954a41a4a67e38292373733c
Updated KLP 'klp-1-in-a-woman-with-gdm-maternal-blood-glucose-levels-usually-return-to-normal-after-delivery' -> f0ef48fddec64d1cba0f95930d649f8d
DEBUG: activating version de20898d16fd4deaa20c6ca7667637a5 with url='http://135.225.105.160:8004/klps/versions/de20898d16fd4deaa20c6ca7667637a5/status'
  ✓ Activated version: de20898d16fd4deaa20c6ca7667637a5
  → Recovered missing Language ID for KLP via mapping: 70b23178954a41a4a67e38292373733c
Updated KLP 'klp-1-which-of-the-following-test-is-recommended-for-after-delivery-of-a-woman-with-gdm-to-evaluate-her-glycaemic-status' -> 124937338c2a41cda9326253329bb867
DEBUG: activating version 414726fd4236458d99f51ef5db7540ce with url='http://135.225.105.160:8004/klps/versions/414726fd4236458d99f51ef5db7540ce/status'
  ✓ Activated version: 414726fd4236458d99f51ef5db7540ce
  → Recovered missing Language ID for KLP via mapping: 70b23178954a41a4a67e38292373733c
Updated KLP 'klp-3-if-a-woman-with-a-history-of-gdm-is-planning-her-next-pregnancy-what-should-be-her-desired-blood-sugar-level' -> 47ff6ef310124cdd83bb51b0b44fc112
DEBUG: activating version 249305e55931434d86a23729c5dd3cdf with url='http://135.225.105.160:8004/klps/versions/249305e55931434d86a23729c5dd3cdf/status'
  ✓ Activated version: 249305e55931434d86a23729c5dd3cdf
  → Recovered missing Language ID for KLP via mapping: 70b23178954a41a4a67e38292373733c
Updated KLP 'klp-2-post-exposure-prophylaxis' -> ec953e66e1bc4545b74761027b082513
DEBUG: activating version 577a338f93ba49728fb81ea1a17fa893 with url='http://135.225.105.160:8004/klps/versions/577a338f93ba49728fb81ea1a17fa893/status'
  ✓ Activated version: 577a338f93ba49728fb81ea1a17fa893
  → Recovered missing Language ID for KLP via mapping: 70b23178954a41a4a67e38292373733c
Updated KLP 'klp-3-antibiotic-prophylaxis' -> 16e910eb72634c54b2f78e6194b294ff
DEBUG: activating version b9c3638abf914133a4145807d6b98c5a with url='http://135.225.105.160:8004/klps/versions/b9c3638abf914133a4145807d6b98c5a/status'
  ✓ Activated version: b9c3638abf914133a4145807d6b98c5a
  → Recovered missing Language ID for KLP via mapping: 70b23178954a41a4a67e38292373733c
Updated KLP 'klp-2-infection-and-germs' -> 3e94fbd836db4033a8bd2f35ff22af36
DEBUG: activating version b48ac388ec1645f3917026f36106576f with url='http://135.225.105.160:8004/klps/versions/b48ac388ec1645f3917026f36106576f/status'
  ✓ Activated version: b48ac388ec1645f3917026f36106576f
  → Recovered missing Language ID for KLP via mapping: 70b23178954a41a4a67e38292373733c
Updated KLP 'klp-2-healthcare-professionals-hands' -> 24fcce80690848e6b4dbe436780bd24b
DEBUG: activating version 7091f5eafb7e4d86b594c158139fb9e3 with url='http://135.225.105.160:8004/klps/versions/7091f5eafb7e4d86b594c158139fb9e3/status'
  ✓ Activated version: 7091f5eafb7e4d86b594c158139fb9e3
  → Recovered missing Language ID for KLP via mapping: 70b23178954a41a4a67e38292373733c
Updated KLP 'klp-1-prevent-infections' -> 892e7aff3dd24dcca66bf1cfad96e946
DEBUG: activating version df2d221f3fca4736ac2d53fbaa0489ab with url='http://135.225.105.160:8004/klps/versions/df2d221f3fca4736ac2d53fbaa0489ab/status'
  ✓ Activated version: df2d221f3fca4736ac2d53fbaa0489ab
  → Recovered missing Language ID for KLP via mapping: 70b23178954a41a4a67e38292373733c
Updated KLP 'klp-1-hand-hygiene-wash-and-alcohol' -> b2023bb6fed349fc9a0791e8910214fb
DEBUG: activating version 2e9a7568c3a94b71947f72481f07ec05 with url='http://135.225.105.160:8004/klps/versions/2e9a7568c3a94b71947f72481f07ec05/status'
  ✓ Activated version: 2e9a7568c3a94b71947f72481f07ec05
  → Recovered missing Language ID for KLP via mapping: 70b23178954a41a4a67e38292373733c
Updated KLP 'klp-2-handrub' -> 8471cc11f85d4b93aa9e7ff971cc5f05
DEBUG: activating version 976062960b2345aeb6e1182da6545ee0 with url='http://135.225.105.160:8004/klps/versions/976062960b2345aeb6e1182da6545ee0/status'
  ✓ Activated version: 976062960b2345aeb6e1182da6545ee0
  → Recovered missing Language ID for KLP via mapping: 70b23178954a41a4a67e38292373733c
Warning: Could not resolve video link 'video:/Infection prevention/injection_safety_WHO'. Path segments: ['Infection prevention', 'injection_safety_WHO'], tried prefix='res-video-infection-prevention-', suffix='-injection-safety-who'
  Warning: Link 'video:/Infection prevention/injection_safety_WHO' not in mapping or could not be resolved, removing from question
Updated KLP 'klp-3-injection-safety' -> d54d0f77628244489b1496dcba1f3c07
DEBUG: activating version 72d6e2fd8a5a4393b33cfd378653b2b4 with url='http://135.225.105.160:8004/klps/versions/72d6e2fd8a5a4393b33cfd378653b2b4/status'
  ✓ Activated version: 72d6e2fd8a5a4393b33cfd378653b2b4
  → Recovered missing Language ID for KLP via mapping: 70b23178954a41a4a67e38292373733c
Updated KLP 'klp-2-five-steps-to-infection-prevention' -> 4f3ffd64f1d14d6b98276ee3b5c89a67
DEBUG: activating version 703b696ac5b5415ba5f57b9b2d35ebd2 with url='http://135.225.105.160:8004/klps/versions/703b696ac5b5415ba5f57b9b2d35ebd2/status'
  ✓ Activated version: 703b696ac5b5415ba5f57b9b2d35ebd2
  → Recovered missing Language ID for KLP via mapping: 70b23178954a41a4a67e38292373733c
Updated KLP 'klp-2-no-jewellery-on-hands' -> 9bda92263c0b4ddf9543c0e812b9d7fc
DEBUG: activating version a92d5d6f90f4439e9ffde483ba0ab5a7 with url='http://135.225.105.160:8004/klps/versions/a92d5d6f90f4439e9ffde483ba0ab5a7/status'
  ✓ Activated version: a92d5d6f90f4439e9ffde483ba0ab5a7
  → Recovered missing Language ID for KLP via mapping: 70b23178954a41a4a67e38292373733c
Warning: Could not resolve video link 'video:/Infection prevention/procedure_for_handwash'. Path segments: ['Infection prevention', 'procedure_for_handwash'], tried prefix='res-video-infection-prevention-', suffix='-procedure-for-handwash'
  Warning: Link 'video:/Infection prevention/procedure_for_handwash' not in mapping or could not be resolved, removing from question
Updated KLP 'klp-3-procedure-for-handwashing' -> 2747bfba7275494e92fd23b8fee71ae6
DEBUG: activating version 592cfac95aa247b9af6b988dab3b9e66 with url='http://135.225.105.160:8004/klps/versions/592cfac95aa247b9af6b988dab3b9e66/status'
  ✓ Activated version: 592cfac95aa247b9af6b988dab3b9e66
  → Recovered missing Language ID for KLP via mapping: 70b23178954a41a4a67e38292373733c
Updated KLP 'klp-3-best-soap-for-handwashing' -> d9f6f4799557483594486980721925c0
DEBUG: activating version 033eb367b716437986f5e56937966fea with url='http://135.225.105.160:8004/klps/versions/033eb367b716437986f5e56937966fea/status'
  ✓ Activated version: 033eb367b716437986f5e56937966fea
  → Recovered missing Language ID for KLP via mapping: 70b23178954a41a4a67e38292373733c
Warning: Could not resolve video link 'video:/Infection prevention/procedure_for_handwash'. Path segments: ['Infection prevention', 'procedure_for_handwash'], tried prefix='res-video-infection-prevention-', suffix='-procedure-for-handwash'
  Warning: Link 'video:/Infection prevention/procedure_for_handwash' not in mapping or could not be resolved, removing from question
Updated KLP 'klp-1-soap-wet-container' -> 6f2de6906c0e4baea1196f39888bf50e
DEBUG: activating version d73c73e564c74360a98c03110bd43bc7 with url='http://135.225.105.160:8004/klps/versions/d73c73e564c74360a98c03110bd43bc7/status'
  ✓ Activated version: d73c73e564c74360a98c03110bd43bc7
  → Recovered missing Language ID for KLP via mapping: 70b23178954a41a4a67e38292373733c
Warning: Could not resolve video link 'video:/Infection prevention/procedure_for_handwash'. Path segments: ['Infection prevention', 'procedure_for_handwash'], tried prefix='res-video-infection-prevention-', suffix='-procedure-for-handwash'
  Warning: Link 'video:/Infection prevention/procedure_for_handwash' not in mapping or could not be resolved, removing from question
Warning: Could not resolve video link 'video:/Infection prevention/procedure_for_handwash'. Path segments: ['Infection prevention', 'procedure_for_handwash'], tried prefix='res-video-infection-prevention-', suffix='-procedure-for-handwash'
  Warning: Link 'video:/Infection prevention/procedure_for_handwash' not in mapping or could not be resolved, removing from question
Updated KLP 'klp-2-towel' -> 208dedd7d1ec4ee8b5acd7c91884d5b6
DEBUG: activating version 63a0ca2ec2cc4c6f9dda818bbaabdfde with url='http://135.225.105.160:8004/klps/versions/63a0ca2ec2cc4c6f9dda818bbaabdfde/status'
  ✓ Activated version: 63a0ca2ec2cc4c6f9dda818bbaabdfde
  → Recovered missing Language ID for KLP via mapping: 70b23178954a41a4a67e38292373733c
Updated KLP 'klp-1-decontamination-of-instruments' -> cfe18136ead54678818099a07283b3b5
DEBUG: activating version 4418b75e15544f7f966cea802202a51a with url='http://135.225.105.160:8004/klps/versions/4418b75e15544f7f966cea802202a51a/status'
  ✓ Activated version: 4418b75e15544f7f966cea802202a51a
  → Recovered missing Language ID for KLP via mapping: 70b23178954a41a4a67e38292373733c
Warning: Could not resolve video link 'video:/Infection prevention/procedure_for_handrub'. Path segments: ['Infection prevention', 'procedure_for_handrub'], tried prefix='res-video-infection-prevention-', suffix='-procedure-for-handrub'
  Warning: Link 'video:/Infection prevention/procedure_for_handrub' not in mapping or could not be resolved, removing from question
Updated KLP 'klp-3-amount-of-handrub' -> 0239d1e0a0b34339bda19085bc23f005
DEBUG: activating version 89956a6c46c94b65951c965fe9972d21 with url='http://135.225.105.160:8004/klps/versions/89956a6c46c94b65951c965fe9972d21/status'
  ✓ Activated version: 89956a6c46c94b65951c965fe9972d21
  → Recovered missing Language ID for KLP via mapping: 70b23178954a41a4a67e38292373733c
Updated KLP 'klp-3-sterilization' -> 2cef7386f17f4901990a086ea9b56a4d
DEBUG: activating version ef5aa375c2f547e19d3a19b30df9b944 with url='http://135.225.105.160:8004/klps/versions/ef5aa375c2f547e19d3a19b30df9b944/status'
  ✓ Activated version: ef5aa375c2f547e19d3a19b30df9b944
  → Recovered missing Language ID for KLP via mapping: 70b23178954a41a4a67e38292373733c
Updated KLP 'klp-2-prevention-of-respiratory-infections-in-waiting-areas' -> 969dc650ca214a2e89da7d7d22fca1b9
DEBUG: activating version dc40417551db477b8f379bb401cb3107 with url='http://135.225.105.160:8004/klps/versions/dc40417551db477b8f379bb401cb3107/status'
  ✓ Activated version: dc40417551db477b8f379bb401cb3107
  → Recovered missing Language ID for KLP via mapping: 70b23178954a41a4a67e38292373733c
Updated KLP 'klp-3-prevention-of-respiratory-infections-while-coughing' -> cd0be6a14fb942f29a7d61409a535b84
DEBUG: activating version d5423b3ba6c545acb22af6272176b45c with url='http://135.225.105.160:8004/klps/versions/d5423b3ba6c545acb22af6272176b45c/status'
  ✓ Activated version: d5423b3ba6c545acb22af6272176b45c
  → Recovered missing Language ID for KLP via mapping: 70b23178954a41a4a67e38292373733c
Updated KLP 'klp-2-handling-sterilized-items' -> 1bc72195ee8c4df6a3b3900b31ddb2e6
DEBUG: activating version f61f42243819419199e6e4a34d12bea6 with url='http://135.225.105.160:8004/klps/versions/f61f42243819419199e6e4a34d12bea6/status'
  ✓ Activated version: f61f42243819419199e6e4a34d12bea6
  → Recovered missing Language ID for KLP via mapping: 70b23178954a41a4a67e38292373733c
Updated KLP 'klp-1-personal-protective-equipment' -> 2a4dc633d6a946578b253f1f88fa3c0c
DEBUG: activating version 7e449ff39f1348d3b59f0b998ad8e652 with url='http://135.225.105.160:8004/klps/versions/7e449ff39f1348d3b59f0b998ad8e652/status'
  ✓ Activated version: 7e449ff39f1348d3b59f0b998ad8e652
  → Recovered missing Language ID for KLP via mapping: 70b23178954a41a4a67e38292373733c
Updated KLP 'klp-3-gloves-for-birth' -> 1cd159d277a74821b167086368dcac9d
DEBUG: activating version 6177629ce39042c3922c05b281d2ff07 with url='http://135.225.105.160:8004/klps/versions/6177629ce39042c3922c05b281d2ff07/status'
  ✓ Activated version: 6177629ce39042c3922c05b281d2ff07
  → Recovered missing Language ID for KLP via mapping: 70b23178954a41a4a67e38292373733c
Updated KLP 'klp-1-gloves-for-different-patients' -> 5f9ec088c81348cdb3894831966fb693
DEBUG: activating version d9873fc9fa714ac18b602c80e12251d1 with url='http://135.225.105.160:8004/klps/versions/d9873fc9fa714ac18b602c80e12251d1/status'
  ✓ Activated version: d9873fc9fa714ac18b602c80e12251d1
  → Recovered missing Language ID for KLP via mapping: 70b23178954a41a4a67e38292373733c
Updated KLP 'klp-3-removing-gloves' -> 82dbafa6e35e4b8ba71b5a25c405def2
DEBUG: activating version 7f6c72e9bb6641ff8b2396ba33d68755 with url='http://135.225.105.160:8004/klps/versions/7f6c72e9bb6641ff8b2396ba33d68755/status'
  ✓ Activated version: 7f6c72e9bb6641ff8b2396ba33d68755
  → Recovered missing Language ID for KLP via mapping: 70b23178954a41a4a67e38292373733c
Updated KLP 'klp-1-segregation-of-bio-medical-waste-yellow' -> bcb97a14883c42dca7b93a1f636f4a09
DEBUG: activating version 609481ac75274268b75f5d3385a82fbd with url='http://135.225.105.160:8004/klps/versions/609481ac75274268b75f5d3385a82fbd/status'
  ✓ Activated version: 609481ac75274268b75f5d3385a82fbd
  → Recovered missing Language ID for KLP via mapping: 70b23178954a41a4a67e38292373733c
Updated KLP 'klp-1-segregation-of-bio-medical-waste-sharps' -> 46db94cfa0074b2fa4d253aefb42a056
DEBUG: activating version fc97303ede7f4550a4c12dcd92aad991 with url='http://135.225.105.160:8004/klps/versions/fc97303ede7f4550a4c12dcd92aad991/status'
  ✓ Activated version: fc97303ede7f4550a4c12dcd92aad991
  → Recovered missing Language ID for KLP via mapping: 70b23178954a41a4a67e38292373733c
Updated KLP 'klp-1-time-for-sterilization' -> 1c7e2dfb83094cd9a7d2379ef554ab0e
DEBUG: activating version 78c4a78a671f425f8d4dea788fed8437 with url='http://135.225.105.160:8004/klps/versions/78c4a78a671f425f8d4dea788fed8437/status'
  ✓ Activated version: 78c4a78a671f425f8d4dea788fed8437
  → Recovered missing Language ID for KLP via mapping: 70b23178954a41a4a67e38292373733c
Updated KLP 'klp-2-spill-management' -> 5da870583b194f7ba5efce336b2cd0fb
DEBUG: activating version 51a30ec3a8534705ab29a2778a931b04 with url='http://135.225.105.160:8004/klps/versions/51a30ec3a8534705ab29a2778a931b04/status'
  ✓ Activated version: 51a30ec3a8534705ab29a2778a931b04
  → Recovered missing Language ID for KLP via mapping: 70b23178954a41a4a67e38292373733c
Updated KLP 'klp-2-chemical-sterilization' -> afbf9db964aa4534b7b055b4f4822dbe
DEBUG: activating version 840fc821a36945a5ac660f6bca5cd368 with url='http://135.225.105.160:8004/klps/versions/840fc821a36945a5ac660f6bca5cd368/status'
  ✓ Activated version: 840fc821a36945a5ac660f6bca5cd368
  → Recovered missing Language ID for KLP via mapping: 70b23178954a41a4a67e38292373733c
Updated KLP 'klp-3-preparation-of-0-5-sodium-hypochlorite-solution' -> 2979bb8ef4894417b57a3c4695d80c83
DEBUG: activating version 4ba6c17d9b2441938acd1c13dc3ce95c with url='http://135.225.105.160:8004/klps/versions/4ba6c17d9b2441938acd1c13dc3ce95c/status'
  ✓ Activated version: 4ba6c17d9b2441938acd1c13dc3ce95c
  → Recovered missing Language ID for KLP via mapping: 70b23178954a41a4a67e38292373733c
Updated KLP 'klp-1-cleaning-and-delivery-bed-ind' -> 4bd956fc54c7424cb272ecdb49f26224
DEBUG: activating version bc46498dfc534936bba7e2503c4efd37 with url='http://135.225.105.160:8004/klps/versions/bc46498dfc534936bba7e2503c4efd37/status'
  ✓ Activated version: bc46498dfc534936bba7e2503c4efd37
  → Recovered missing Language ID for KLP via mapping: 70b23178954a41a4a67e38292373733c
Updated KLP 'klp-2-spread-of-hiv-and-hep-b' -> ae1ca01ded154fb781b9105b5e802cb5
DEBUG: activating version 44187af0ca454276b6e5fb22cfbb0266 with url='http://135.225.105.160:8004/klps/versions/44187af0ca454276b6e5fb22cfbb0266/status'
  ✓ Activated version: 44187af0ca454276b6e5fb22cfbb0266
  → Recovered missing Language ID for KLP via mapping: 70b23178954a41a4a67e38292373733c
Updated KLP 'klp-3-hepatitis-b-prophylaxis' -> e9521423291840c18237668aa4719dfe
DEBUG: activating version fa68c4c60cad48f582f2570cfcffb54d with url='http://135.225.105.160:8004/klps/versions/fa68c4c60cad48f582f2570cfcffb54d/status'
  ✓ Activated version: fa68c4c60cad48f582f2570cfcffb54d
  → Recovered missing Language ID for KLP via mapping: 70b23178954a41a4a67e38292373733c
Updated KLP 'klp-1-recommended-vaccination' -> a8427ad5cf354505b9d5494d3ca9b276
DEBUG: activating version b5c8e3b2602d47cbb4d8f97174e29f6b with url='http://135.225.105.160:8004/klps/versions/b5c8e3b2602d47cbb4d8f97174e29f6b/status'
  ✓ Activated version: b5c8e3b2602d47cbb4d8f97174e29f6b
  → Recovered missing Language ID for KLP via mapping: 70b23178954a41a4a67e38292373733c
Updated KLP 'klp-1-nevirapine-prophylaxis' -> 3c949a2c0ece429bb16035f8206c3d7a
DEBUG: activating version d7d800e89341416f92d4d0ed74e7700b with url='http://135.225.105.160:8004/klps/versions/d7d800e89341416f92d4d0ed74e7700b/status'
  ✓ Activated version: d7d800e89341416f92d4d0ed74e7700b
  → Recovered missing Language ID for KLP via mapping: 70b23178954a41a4a67e38292373733c
Updated KLP 'klp-3-when-hand-hygiene2' -> de36ac0eac604e738e3cda7684773e03
DEBUG: activating version 161e0156643948eebd2a9a42d7d7a87e with url='http://135.225.105.160:8004/klps/versions/161e0156643948eebd2a9a42d7d7a87e/status'
  ✓ Activated version: 161e0156643948eebd2a9a42d7d7a87e
  → Recovered missing Language ID for KLP via mapping: 70b23178954a41a4a67e38292373733c
Updated KLP 'klp-2-unsafe-abortion-globally' -> 24db1dbaaf1b46d8b9574b59f637f36b
DEBUG: activating version b9b3591cfdc34f67a57977b964daa352 with url='http://135.225.105.160:8004/klps/versions/b9b3591cfdc34f67a57977b964daa352/status'
  ✓ Activated version: b9b3591cfdc34f67a57977b964daa352
  → Recovered missing Language ID for KLP via mapping: 70b23178954a41a4a67e38292373733c
Updated KLP 'klp-1-septic-abortion' -> b3456c4cb16f417786e0ad85d5597264
DEBUG: activating version 0932a8ab8a08498e9a5ce0bb2f99bbcb with url='http://135.225.105.160:8004/klps/versions/0932a8ab8a08498e9a5ce0bb2f99bbcb/status'
  ✓ Activated version: 0932a8ab8a08498e9a5ce0bb2f99bbcb
  → Recovered missing Language ID for KLP via mapping: 70b23178954a41a4a67e38292373733c
Updated KLP 'klp-1-complication-to-unsafe-abortion' -> c45d69f64e014e8da2c222e64c537577
DEBUG: activating version 436bddce6b954cac87d741fc25f8bd27 with url='http://135.225.105.160:8004/klps/versions/436bddce6b954cac87d741fc25f8bd27/status'
  ✓ Activated version: 436bddce6b954cac87d741fc25f8bd27
  → Recovered missing Language ID for KLP via mapping: 70b23178954a41a4a67e38292373733c
Updated KLP 'klp-1-urine-test' -> 1e1e4faccf554c8988afbf32c4f45c4a
DEBUG: activating version 1a8148f3b0e14968af0b500495e4af04 with url='http://135.225.105.160:8004/klps/versions/1a8148f3b0e14968af0b500495e4af04/status'
  ✓ Activated version: 1a8148f3b0e14968af0b500495e4af04
  → Recovered missing Language ID for KLP via mapping: 70b23178954a41a4a67e38292373733c
Updated KLP 'klp-2-complication-to-abortion' -> f1aa2320c1cb4d31a24ee3ed3ec97512
DEBUG: activating version 1052808710ff41c78f920966f7db5910 with url='http://135.225.105.160:8004/klps/versions/1052808710ff41c78f920966f7db5910/status'
  ✓ Activated version: 1052808710ff41c78f920966f7db5910
  → Recovered missing Language ID for KLP via mapping: 70b23178954a41a4a67e38292373733c
Updated KLP 'klp-1-fever-and-septic-abortion' -> 5951160c86344904b94cb9620278b439
DEBUG: activating version 29ed4c60e6cc40458657bf81226808c1 with url='http://135.225.105.160:8004/klps/versions/29ed4c60e6cc40458657bf81226808c1/status'
  ✓ Activated version: 29ed4c60e6cc40458657bf81226808c1
  → Recovered missing Language ID for KLP via mapping: 70b23178954a41a4a67e38292373733c
Updated KLP 'klp-2-what-to-measure' -> b44ff612486346438a3671d256f63ef6
DEBUG: activating version efa0e320d490474aa4613b8cc17199ab with url='http://135.225.105.160:8004/klps/versions/efa0e320d490474aa4613b8cc17199ab/status'
  ✓ Activated version: efa0e320d490474aa4613b8cc17199ab
  → Recovered missing Language ID for KLP via mapping: 70b23178954a41a4a67e38292373733c
Updated KLP 'klp-1-signs-of-septic-abortion' -> b19e51bbf47c4320b7f9a276e02105cf
DEBUG: activating version 51b0d9c04ecc4265aa5aae84a00b6208 with url='http://135.225.105.160:8004/klps/versions/51b0d9c04ecc4265aa5aae84a00b6208/status'
  ✓ Activated version: 51b0d9c04ecc4265aa5aae84a00b6208
  → Recovered missing Language ID for KLP via mapping: 70b23178954a41a4a67e38292373733c
Updated KLP 'klp-3-suspect-lower-abdominal-tenderness' -> 0ff85ac52b234b69b4c4ed27e557a002
DEBUG: activating version b75c980ba970470dbda9a2688aea0b8e with url='http://135.225.105.160:8004/klps/versions/b75c980ba970470dbda9a2688aea0b8e/status'
  ✓ Activated version: b75c980ba970470dbda9a2688aea0b8e
  → Recovered missing Language ID for KLP via mapping: 70b23178954a41a4a67e38292373733c
Updated KLP 'klp-1-septic-abortion-can-be-fatal' -> c9bb3532c7684811b662785b9bdacadc
DEBUG: activating version d49f4fc1a57045c9b29c7c57b6d239f2 with url='http://135.225.105.160:8004/klps/versions/d49f4fc1a57045c9b29c7c57b6d239f2/status'
  ✓ Activated version: d49f4fc1a57045c9b29c7c57b6d239f2
  → Recovered missing Language ID for KLP via mapping: 70b23178954a41a4a67e38292373733c
Updated KLP 'klp-2-most-important-action-at-septic-abortion' -> 790b6c9acd8045d4b6756d4c723de449
DEBUG: activating version c62cedc12f004c169ce716ad4a0324a6 with url='http://135.225.105.160:8004/klps/versions/c62cedc12f004c169ce716ad4a0324a6/status'
  ✓ Activated version: c62cedc12f004c169ce716ad4a0324a6
  → Recovered missing Language ID for KLP via mapping: 70b23178954a41a4a67e38292373733c
Updated KLP 'klp-1-action-at-septic-abortion' -> ed41faccda6d4d538be58ba3b31d3cb8
DEBUG: activating version 49df20b6a8d64819a8ab33daea48c749 with url='http://135.225.105.160:8004/klps/versions/49df20b6a8d64819a8ab33daea48c749/status'
  ✓ Activated version: 49df20b6a8d64819a8ab33daea48c749
  → Recovered missing Language ID for KLP via mapping: 70b23178954a41a4a67e38292373733c
Updated KLP 'klp-3-ab-and-evacuation-of-the-uterus' -> 192fe38cceac405eb7e42c0a180ef281
DEBUG: activating version 8de934d1f68d4beaab19d16c5c3a84de with url='http://135.225.105.160:8004/klps/versions/8de934d1f68d4beaab19d16c5c3a84de/status'
  ✓ Activated version: 8de934d1f68d4beaab19d16c5c3a84de
  → Recovered missing Language ID for KLP via mapping: 70b23178954a41a4a67e38292373733c
Updated KLP 'klp-3-which-ab-to-give' -> f597399f67824131811df65c04511d9e
DEBUG: activating version f03ae236ba7a451b890a6599562469f8 with url='http://135.225.105.160:8004/klps/versions/f03ae236ba7a451b890a6599562469f8/status'
  ✓ Activated version: f03ae236ba7a451b890a6599562469f8
  → Recovered missing Language ID for KLP via mapping: 70b23178954a41a4a67e38292373733c
Updated KLP 'klp-1-urgent-management' -> fde0224fcecb4e36b925ced8ce26c4f8
DEBUG: activating version 794ba58d9b524950bebee4783d58a00f with url='http://135.225.105.160:8004/klps/versions/794ba58d9b524950bebee4783d58a00f/status'
  ✓ Activated version: 794ba58d9b524950bebee4783d58a00f
  → Recovered missing Language ID for KLP via mapping: 70b23178954a41a4a67e38292373733c
Updated KLP 'klp-3-correct-order-of-actions' -> 9d07e6114e4c4ab2a3d3bf4de8c82b09
DEBUG: activating version 285f439af4524f3e810d5ae3d83f0262 with url='http://135.225.105.160:8004/klps/versions/285f439af4524f3e810d5ae3d83f0262/status'
  ✓ Activated version: 285f439af4524f3e810d5ae3d83f0262
  → Recovered missing Language ID for KLP via mapping: 70b23178954a41a4a67e38292373733c
Updated KLP 'klp-1-peritonitis' -> ef5b188480bf49aea8e2ef1346ab2182
DEBUG: activating version 62c79b66a7e44d5687af1e6574d2a2de with url='http://135.225.105.160:8004/klps/versions/62c79b66a7e44d5687af1e6574d2a2de/status'
  ✓ Activated version: 62c79b66a7e44d5687af1e6574d2a2de
  → Recovered missing Language ID for KLP via mapping: 70b23178954a41a4a67e38292373733c
Updated KLP 'klp-1-evacuation-of-the-uterus' -> a7204682b7a14857b9ea245c543b7fff
DEBUG: activating version 47377247dd904db891f758bad95840a3 with url='http://135.225.105.160:8004/klps/versions/47377247dd904db891f758bad95840a3/status'
  ✓ Activated version: 47377247dd904db891f758bad95840a3
  → Recovered missing Language ID for KLP via mapping: 70b23178954a41a4a67e38292373733c
Updated KLP 'klp-3-manual-vacuum-aspiration' -> 40255bac5f4147aba6b3a8231d042cee
DEBUG: activating version 3175931bb20a43fa84f050fe2ec8c0e6 with url='http://135.225.105.160:8004/klps/versions/3175931bb20a43fa84f050fe2ec8c0e6/status'
  ✓ Activated version: 3175931bb20a43fa84f050fe2ec8c0e6
  → Recovered missing Language ID for KLP via mapping: 70b23178954a41a4a67e38292373733c
Updated KLP 'klp-3-uterus-size-in-week-12' -> 9549c156714b4a04b0e1387030e99252
DEBUG: activating version 7e9e5044fdb64571b1e3eae10842c125 with url='http://135.225.105.160:8004/klps/versions/7e9e5044fdb64571b1e3eae10842c125/status'
  ✓ Activated version: 7e9e5044fdb64571b1e3eae10842c125
  → Recovered missing Language ID for KLP via mapping: 70b23178954a41a4a67e38292373733c
Updated KLP 'klp-3-preparation-for-mva' -> 4b09b4058aaf42b49c1b1c055d53818d
DEBUG: activating version 039113045f0e40bda049bbc2be4b1924 with url='http://135.225.105.160:8004/klps/versions/039113045f0e40bda049bbc2be4b1924/status'
  ✓ Activated version: 039113045f0e40bda049bbc2be4b1924
  → Recovered missing Language ID for KLP via mapping: 70b23178954a41a4a67e38292373733c
Updated KLP 'klp-3-analgesic-for-mva' -> 27655ffd21044ee4916d1283d09837ae
DEBUG: activating version 3cfa607b10374424ab24a9a0bd4ed13c with url='http://135.225.105.160:8004/klps/versions/3cfa607b10374424ab24a9a0bd4ed13c/status'
  ✓ Activated version: 3cfa607b10374424ab24a9a0bd4ed13c
  → Recovered missing Language ID for KLP via mapping: 70b23178954a41a4a67e38292373733c
Updated KLP 'klp-3-valves-closed' -> 5544c03ff276450b8f2afce7eb8b0885
DEBUG: activating version 59ab559c40894ae68d2f31a03cc732f4 with url='http://135.225.105.160:8004/klps/versions/59ab559c40894ae68d2f31a03cc732f4/status'
  ✓ Activated version: 59ab559c40894ae68d2f31a03cc732f4
  → Recovered missing Language ID for KLP via mapping: 70b23178954a41a4a67e38292373733c
Updated KLP 'klp-2-vacuum-to-mva-syringe' -> 05196eb6bed04ad09c2adfa17a6de4fe
DEBUG: activating version 866a4699ec034300872982bfaf55a4f4 with url='http://135.225.105.160:8004/klps/versions/866a4699ec034300872982bfaf55a4f4/status'
  ✓ Activated version: 866a4699ec034300872982bfaf55a4f4
  → Recovered missing Language ID for KLP via mapping: 70b23178954a41a4a67e38292373733c
Updated KLP 'klp-2-tenaculum' -> 3626752dedd34f7f8f36365016237d8f
DEBUG: activating version 558e8092c50148b5b4277463912bf9d1 with url='http://135.225.105.160:8004/klps/versions/558e8092c50148b5b4277463912bf9d1/status'
  ✓ Activated version: 558e8092c50148b5b4277463912bf9d1
  → Recovered missing Language ID for KLP via mapping: 70b23178954a41a4a67e38292373733c
Updated KLP 'klp-2-dilate-the-cervix' -> 668a99934d7c4a518faceca5fe45bc4a
DEBUG: activating version bb5d56e41c874094a4f81c32a70f3126 with url='http://135.225.105.160:8004/klps/versions/bb5d56e41c874094a4f81c32a70f3126/status'
  ✓ Activated version: bb5d56e41c874094a4f81c32a70f3126
  → Recovered missing Language ID for KLP via mapping: 70b23178954a41a4a67e38292373733c
Updated KLP 'klp-2-no-touch-technique' -> e7f9d1182a4a469a93a36ce681cd408b
DEBUG: activating version b3f50a33f73d492d8e7c4f744558bb97 with url='http://135.225.105.160:8004/klps/versions/b3f50a33f73d492d8e7c4f744558bb97/status'
  ✓ Activated version: b3f50a33f73d492d8e7c4f744558bb97
  → Recovered missing Language ID for KLP via mapping: 70b23178954a41a4a67e38292373733c
Updated KLP 'klp-3-size-of-cannula-for-mva' -> e1e5580c80cd4cc88000d1ad0691d60a
DEBUG: activating version b657a0e2104f4717921079703f7c2b15 with url='http://135.225.105.160:8004/klps/versions/b657a0e2104f4717921079703f7c2b15/status'
  ✓ Activated version: b657a0e2104f4717921079703f7c2b15
  → Recovered missing Language ID for KLP via mapping: 70b23178954a41a4a67e38292373733c
Updated KLP 'klp-2-insert-of-the-cannula' -> 16958ebecea7456ea9345b901680825c
DEBUG: activating version 82309c83dd804cbc885d70f1d7fa3aaf with url='http://135.225.105.160:8004/klps/versions/82309c83dd804cbc885d70f1d7fa3aaf/status'
  ✓ Activated version: 82309c83dd804cbc885d70f1d7fa3aaf
  → Recovered missing Language ID for KLP via mapping: 70b23178954a41a4a67e38292373733c
Updated KLP 'klp-2-attachment-of-the-syringe' -> 3f6d31ac67a14387aab0fdc2e07f7c0b
DEBUG: activating version 23b59ba71d714f9ea681bd3e2df8b389 with url='http://135.225.105.160:8004/klps/versions/23b59ba71d714f9ea681bd3e2df8b389/status'
  ✓ Activated version: 23b59ba71d714f9ea681bd3e2df8b389
  → Recovered missing Language ID for KLP via mapping: 70b23178954a41a4a67e38292373733c
Updated KLP 'klp-2-rotate-and-move-cannula-back-and-forth' -> 7f2e1a0a5b1342f29b78028a31d73222
DEBUG: activating version 8b758d55d7f6471cb52c7c84f5fca438 with url='http://135.225.105.160:8004/klps/versions/8b758d55d7f6471cb52c7c84f5fca438/status'
  ✓ Activated version: 8b758d55d7f6471cb52c7c84f5fca438
  → Recovered missing Language ID for KLP via mapping: 70b23178954a41a4a67e38292373733c
Updated KLP 'klp-1-end-of-suctioning' -> c724e7c8c07b401ea3dab12ec8fcb634
DEBUG: activating version 9b51c267aa1844028aaa3e800528bf2c with url='http://135.225.105.160:8004/klps/versions/9b51c267aa1844028aaa3e800528bf2c/status'
  ✓ Activated version: 9b51c267aa1844028aaa3e800528bf2c
  → Recovered missing Language ID for KLP via mapping: 70b23178954a41a4a67e38292373733c
Updated KLP 'klp-2-use-the-cannula-again' -> 05bb6240be6d45edba231db8290ec231
DEBUG: activating version 132718ea864b4930b99595321017a91c with url='http://135.225.105.160:8004/klps/versions/132718ea864b4930b99595321017a91c/status'
  ✓ Activated version: 132718ea864b4930b99595321017a91c
  → Recovered missing Language ID for KLP via mapping: 70b23178954a41a4a67e38292373733c
Updated KLP 'klp-3-monitoring-after-mva' -> 84276ed464674628b1e8eca2f9b8033e
DEBUG: activating version 20e0eea074194dafa65e28df7e1cbf34 with url='http://135.225.105.160:8004/klps/versions/20e0eea074194dafa65e28df7e1cbf34/status'
  ✓ Activated version: 20e0eea074194dafa65e28df7e1cbf34
  → Recovered missing Language ID for KLP via mapping: 70b23178954a41a4a67e38292373733c
Updated KLP 'klp-3-counselling' -> f1913a2988674fd89ffe3ddf3c8d54b7
DEBUG: activating version 3b7de2aef32247e794a84d339cbeb7e6 with url='http://135.225.105.160:8004/klps/versions/3b7de2aef32247e794a84d339cbeb7e6/status'
  ✓ Activated version: 3b7de2aef32247e794a84d339cbeb7e6
  → Recovered missing Language ID for KLP via mapping: 70b23178954a41a4a67e38292373733c
Updated KLP 'klp-1-advise-before-dismission' -> 16c27a245ab74131ac5d45f55283c03e
DEBUG: activating version eded5d2bfb29499eaee6079cb6692f2a with url='http://135.225.105.160:8004/klps/versions/eded5d2bfb29499eaee6079cb6692f2a/status'
  ✓ Activated version: eded5d2bfb29499eaee6079cb6692f2a
  → Recovered missing Language ID for KLP via mapping: 70b23178954a41a4a67e38292373733c
Updated KLP 'klp-1-severe-preeclampsia' -> 0dea173aca3d422aae9d62974d653b72
DEBUG: activating version 6d3bafa0a8034ae7a31d341b7e606dfa with url='http://135.225.105.160:8004/klps/versions/6d3bafa0a8034ae7a31d341b7e606dfa/status'
  ✓ Activated version: 6d3bafa0a8034ae7a31d341b7e606dfa
  → Recovered missing Language ID for KLP via mapping: 70b23178954a41a4a67e38292373733c
Updated KLP 'klp-2-gestational-hypertension' -> d0f9ac5b3c9f468f818b6ae4bdc05fba
DEBUG: activating version c78fb8949d0241b99d614728f46a3ec0 with url='http://135.225.105.160:8004/klps/versions/c78fb8949d0241b99d614728f46a3ec0/status'
  ✓ Activated version: c78fb8949d0241b99d614728f46a3ec0
  → Recovered missing Language ID for KLP via mapping: 70b23178954a41a4a67e38292373733c
Updated KLP 'klp-2-preeclampsia' -> 8a1114241f354a788384afd650cf83e2
DEBUG: activating version b158934a3baa4850bd6a7c55368eec0a with url='http://135.225.105.160:8004/klps/versions/b158934a3baa4850bd6a7c55368eec0a/status'
  ✓ Activated version: b158934a3baa4850bd6a7c55368eec0a
  → Recovered missing Language ID for KLP via mapping: 70b23178954a41a4a67e38292373733c
Updated KLP 'klp-1-severely-elevated-blood-pressure' -> fbead7f1cdaf449585742ccc1637a798
DEBUG: activating version 678494fdf7624aee872c5464be81d5d8 with url='http://135.225.105.160:8004/klps/versions/678494fdf7624aee872c5464be81d5d8/status'
  ✓ Activated version: 678494fdf7624aee872c5464be81d5d8
  → Recovered missing Language ID for KLP via mapping: 70b23178954a41a4a67e38292373733c
Updated KLP 'klp-1-severe-headache-and-visual-disturbance' -> 41b8aa40c4a2410eaa7b910b67067556
DEBUG: activating version b65ab6b47ffb4a788ec623800915af55 with url='http://135.225.105.160:8004/klps/versions/b65ab6b47ffb4a788ec623800915af55/status'
  ✓ Activated version: b65ab6b47ffb4a788ec623800915af55
  → Recovered missing Language ID for KLP via mapping: 70b23178954a41a4a67e38292373733c
Updated KLP 'klp-1-visual-disturbances-like-silver-lights-or-blurry-vision-eyes' -> ef20b96e64a5423f956dd2fb764b9476
DEBUG: activating version 988b030f5eb04acb832406936b10dd8d with url='http://135.225.105.160:8004/klps/versions/988b030f5eb04acb832406936b10dd8d/status'
  ✓ Activated version: 988b030f5eb04acb832406936b10dd8d
  → Recovered missing Language ID for KLP via mapping: 70b23178954a41a4a67e38292373733c
Updated KLP 'klp-1-upper-abdominal-pain-from-the-liver' -> de3a02cf412e43e290716731dea262b5
DEBUG: activating version e12e2bb7652b4512b1f95855cda4b856 with url='http://135.225.105.160:8004/klps/versions/e12e2bb7652b4512b1f95855cda4b856/status'
  ✓ Activated version: e12e2bb7652b4512b1f95855cda4b856
  → Recovered missing Language ID for KLP via mapping: 70b23178954a41a4a67e38292373733c
Updated KLP 'klp-3-cause-of-oliguria' -> 6a9091b8dee54d618811f5851a424efc
DEBUG: activating version 2a347f780d2942c385798dd3d84c5cfe with url='http://135.225.105.160:8004/klps/versions/2a347f780d2942c385798dd3d84c5cfe/status'
  ✓ Activated version: 2a347f780d2942c385798dd3d84c5cfe
  → Recovered missing Language ID for KLP via mapping: 70b23178954a41a4a67e38292373733c
Updated KLP 'klp-2-eclampsia' -> a42466bd6b904712a41622a37d78e11d
DEBUG: activating version 8226e66b4f7a42859aae19695999bf7a with url='http://135.225.105.160:8004/klps/versions/8226e66b4f7a42859aae19695999bf7a/status'
  ✓ Activated version: 8226e66b4f7a42859aae19695999bf7a
  → Recovered missing Language ID for KLP via mapping: 70b23178954a41a4a67e38292373733c
Updated KLP 'klp-2-eclampsia-normal-blood-pressure' -> b36db006f1434c7e8e7d7c5dd8d7054c
DEBUG: activating version 81b2e731c44a4a4880ac546cdd0d0c62 with url='http://135.225.105.160:8004/klps/versions/81b2e731c44a4a4880ac546cdd0d0c62/status'
  ✓ Activated version: 81b2e731c44a4a4880ac546cdd0d0c62
  → Recovered missing Language ID for KLP via mapping: 70b23178954a41a4a67e38292373733c
Updated KLP 'klp-1-causes-of-pre-eclampsia' -> 7c05b86a9a054b4593430481e464f4be
DEBUG: activating version a4bd917ed415457d9bb31c97e86c7ee6 with url='http://135.225.105.160:8004/klps/versions/a4bd917ed415457d9bb31c97e86c7ee6/status'
  ✓ Activated version: a4bd917ed415457d9bb31c97e86c7ee6
  → Recovered missing Language ID for KLP via mapping: 70b23178954a41a4a67e38292373733c
Updated KLP 'klp-3-anc-blood-pressure' -> 4e34da396ea04241984245435793dfc3
DEBUG: activating version c3aa1a70597d46628752b9ff16e96009 with url='http://135.225.105.160:8004/klps/versions/c3aa1a70597d46628752b9ff16e96009/status'
  ✓ Activated version: c3aa1a70597d46628752b9ff16e96009
  → Recovered missing Language ID for KLP via mapping: 70b23178954a41a4a67e38292373733c
Updated KLP 'klp-3-confirm-bp' -> ddd3f40e0d4d4b29a687e8644c28c31a
DEBUG: activating version 596139ece278487d85d24c141eab6bc0 with url='http://135.225.105.160:8004/klps/versions/596139ece278487d85d24c141eab6bc0/status'
  ✓ Activated version: 596139ece278487d85d24c141eab6bc0
  → Recovered missing Language ID for KLP via mapping: 70b23178954a41a4a67e38292373733c
Updated KLP 'klp-1-keep-systolic-bp-below-160' -> d9b41e96afd44113aebfc87b949c8ab4
DEBUG: activating version d0e09c29ad1a401fa5a1152cb2710e1c with url='http://135.225.105.160:8004/klps/versions/d0e09c29ad1a401fa5a1152cb2710e1c/status'
  ✓ Activated version: d0e09c29ad1a401fa5a1152cb2710e1c
  → Recovered missing Language ID for KLP via mapping: 70b23178954a41a4a67e38292373733c
Updated KLP 'klp-3-labetalol' -> 9725313a204b4610a031bc6b101797c6
DEBUG: activating version b8b7477630444162822ba25b33405c7a with url='http://135.225.105.160:8004/klps/versions/b8b7477630444162822ba25b33405c7a/status'
  ✓ Activated version: b8b7477630444162822ba25b33405c7a
  → Recovered missing Language ID for KLP via mapping: 70b23178954a41a4a67e38292373733c
Updated KLP 'klp-3-methyldopa' -> 4a035ae9cec942f3b27c6cc3b171ef6a
DEBUG: activating version eb6cd4716b6549838035758385d25833 with url='http://135.225.105.160:8004/klps/versions/eb6cd4716b6549838035758385d25833/status'
  ✓ Activated version: eb6cd4716b6549838035758385d25833
  → Recovered missing Language ID for KLP via mapping: 70b23178954a41a4a67e38292373733c
Updated KLP 'klp-1-iv-medication' -> 90c8798c28ee49c18bb61bd4bf447298
DEBUG: activating version 70caa62fc8be43718ad1149a4fbb21a2 with url='http://135.225.105.160:8004/klps/versions/70caa62fc8be43718ad1149a4fbb21a2/status'
  ✓ Activated version: 70caa62fc8be43718ad1149a4fbb21a2
  → Recovered missing Language ID for KLP via mapping: 70b23178954a41a4a67e38292373733c
Updated KLP 'klp-3-hydralazine' -> 2125e42cb0144be78daeeced7a6dcde4
DEBUG: activating version cf492667a2c5402fbd2ce63a1cb345f1 with url='http://135.225.105.160:8004/klps/versions/cf492667a2c5402fbd2ce63a1cb345f1/status'
  ✓ Activated version: cf492667a2c5402fbd2ce63a1cb345f1
  → Recovered missing Language ID for KLP via mapping: 70b23178954a41a4a67e38292373733c
Updated KLP 'klp-2-eclampsia-seizures' -> 0b2d8635d5b947ac8917057be709d99d
DEBUG: activating version 232db82d02b948c69e3f7561e4e47efe with url='http://135.225.105.160:8004/klps/versions/232db82d02b948c69e3f7561e4e47efe/status'
  ✓ Activated version: 232db82d02b948c69e3f7561e4e47efe
  → Recovered missing Language ID for KLP via mapping: 70b23178954a41a4a67e38292373733c
Updated KLP 'klp-1-eclampsia-monitor-1-2-hour' -> dc8348ed06f84901b06dc14c333d53c8
DEBUG: activating version b6e4c2df6c4a442d8cdcd9b02e641f79 with url='http://135.225.105.160:8004/klps/versions/b6e4c2df6c4a442d8cdcd9b02e641f79/status'
  ✓ Activated version: b6e4c2df6c4a442d8cdcd9b02e641f79
  → Recovered missing Language ID for KLP via mapping: 70b23178954a41a4a67e38292373733c
Updated KLP 'klp-2-give-magnesium-sulphate' -> 52c78b36eb6c4dc589c44f2c63d60abd
DEBUG: activating version e1832fef1dcd4de992f8b0840ea7e320 with url='http://135.225.105.160:8004/klps/versions/e1832fef1dcd4de992f8b0840ea7e320/status'
  ✓ Activated version: e1832fef1dcd4de992f8b0840ea7e320
  → Recovered missing Language ID for KLP via mapping: 70b23178954a41a4a67e38292373733c
Updated KLP 'klp-2-toxicity' -> 45422ff123904921a9f19fa875a060cf
DEBUG: activating version 0be1214ece4946c6956a95a4d1bf79ee with url='http://135.225.105.160:8004/klps/versions/0be1214ece4946c6956a95a4d1bf79ee/status'
  ✓ Activated version: 0be1214ece4946c6956a95a4d1bf79ee
  → Recovered missing Language ID for KLP via mapping: 70b23178954a41a4a67e38292373733c
Updated KLP 'klp-2-maintain-dose-magnesium-sulphate' -> eb8ed663e85f4c11a046dac8876eb417
DEBUG: activating version 710729070ab14bc7b299efad6b430ac1 with url='http://135.225.105.160:8004/klps/versions/710729070ab14bc7b299efad6b430ac1/status'
  ✓ Activated version: 710729070ab14bc7b299efad6b430ac1
  → Recovered missing Language ID for KLP via mapping: 70b23178954a41a4a67e38292373733c
Updated KLP 'klp-3-refer-and-eclampsia' -> bbba1ed5c29d4237999c29751410c0ae
DEBUG: activating version a95f41b709f34a7d8ac78141619f736b with url='http://135.225.105.160:8004/klps/versions/a95f41b709f34a7d8ac78141619f736b/status'
  ✓ Activated version: a95f41b709f34a7d8ac78141619f736b
  → Recovered missing Language ID for KLP via mapping: 70b23178954a41a4a67e38292373733c
Updated KLP 'klp-3-lung-maturity' -> abb4b042aac54e8194afc4aa1a0ba914
DEBUG: activating version e279f9a716ae423785f633063d1ad09c with url='http://135.225.105.160:8004/klps/versions/e279f9a716ae423785f633063d1ad09c/status'
  ✓ Activated version: e279f9a716ae423785f633063d1ad09c
  → Recovered missing Language ID for KLP via mapping: 70b23178954a41a4a67e38292373733c
Updated KLP 'klp-2-proteinuria' -> 5b7d5ed5233b4dae8b85fa8d60ed686b
DEBUG: activating version a71becedb9d6488595b2fa763efab50a with url='http://135.225.105.160:8004/klps/versions/a71becedb9d6488595b2fa763efab50a/status'
  ✓ Activated version: a71becedb9d6488595b2fa763efab50a
  → Recovered missing Language ID for KLP via mapping: 70b23178954a41a4a67e38292373733c
Updated KLP 'klp-2-cure-of-pre-eclampsia' -> 121c632e18f34bc2b779704fa1bdeae9
DEBUG: activating version 7e6193e974914d948414bf501974acd8 with url='http://135.225.105.160:8004/klps/versions/7e6193e974914d948414bf501974acd8/status'
  ✓ Activated version: 7e6193e974914d948414bf501974acd8
  → Recovered missing Language ID for KLP via mapping: 70b23178954a41a4a67e38292373733c
Updated KLP 'klp-3-action-eclampsia' -> 346dcde3d5a34fc49faef7e1f5465547
DEBUG: activating version cb75d43d15e7494887d8f5a96e119160 with url='http://135.225.105.160:8004/klps/versions/cb75d43d15e7494887d8f5a96e119160/status'
  ✓ Activated version: cb75d43d15e7494887d8f5a96e119160
  → Recovered missing Language ID for KLP via mapping: 70b23178954a41a4a67e38292373733c
Updated KLP 'klp-3-fluid-overload' -> 545e84863eeb4b7eab48233b91632657
DEBUG: activating version e799ace3d72249b3a7acf0b505a2a4e7 with url='http://135.225.105.160:8004/klps/versions/e799ace3d72249b3a7acf0b505a2a4e7/status'
  ✓ Activated version: e799ace3d72249b3a7acf0b505a2a4e7
  → Recovered missing Language ID for KLP via mapping: 70b23178954a41a4a67e38292373733c
Updated KLP 'klp-1-calcium-gluconate' -> 85841b02d0174505b5c9947db5f76519
DEBUG: activating version ede424fb360c4e7e910f64867f8b8abf with url='http://135.225.105.160:8004/klps/versions/ede424fb360c4e7e910f64867f8b8abf/status'
  ✓ Activated version: ede424fb360c4e7e910f64867f8b8abf
  → Recovered missing Language ID for KLP via mapping: 70b23178954a41a4a67e38292373733c
Updated KLP 'klp-1-antidote-administration' -> 70f35a7ae8984052a9d20c1ce927642e
DEBUG: activating version 37bc1c9116e54329b6050b43d5acf812 with url='http://135.225.105.160:8004/klps/versions/37bc1c9116e54329b6050b43d5acf812/status'
  ✓ Activated version: 37bc1c9116e54329b6050b43d5acf812
  → Recovered missing Language ID for KLP via mapping: 70b23178954a41a4a67e38292373733c
Updated KLP 'klp-3-dose-of-inj-labetalol' -> 400e674162ac4bf890854665b46fe41e
DEBUG: activating version 2d89afd55a0a4f429247389d48842786 with url='http://135.225.105.160:8004/klps/versions/2d89afd55a0a4f429247389d48842786/status'
  ✓ Activated version: 2d89afd55a0a4f429247389d48842786
  → Recovered missing Language ID for KLP via mapping: 70b23178954a41a4a67e38292373733c
Updated KLP 'klp-2-confirmed-elevated-bp' -> 6a8a65930fe14fa49144f1af6f481f63
DEBUG: activating version fdba50565e7b4d79b1b2dc4b4eb6269b with url='http://135.225.105.160:8004/klps/versions/fdba50565e7b4d79b1b2dc4b4eb6269b/status'
  ✓ Activated version: fdba50565e7b4d79b1b2dc4b4eb6269b
  → Recovered missing Language ID for KLP via mapping: 70b23178954a41a4a67e38292373733c
Updated KLP 'klp-2-we-start-antihypertensive-drugs' -> 39eef54a11044daf926f2769f60a919a
DEBUG: activating version e917cf4485844ab2a3c666c123bee050 with url='http://135.225.105.160:8004/klps/versions/e917cf4485844ab2a3c666c123bee050/status'
  ✓ Activated version: e917cf4485844ab2a3c666c123bee050
  → Recovered missing Language ID for KLP via mapping: 70b23178954a41a4a67e38292373733c
Updated KLP 'klp-1-prevention-of-htn-during-pregnancy' -> ada20352757d486ca9593f2c9f8cae4b
DEBUG: activating version 33de89e9bd9e43f6835b202f40e9f6f1 with url='http://135.225.105.160:8004/klps/versions/33de89e9bd9e43f6835b202f40e9f6f1/status'
  ✓ Activated version: 33de89e9bd9e43f6835b202f40e9f6f1
  → Recovered missing Language ID for KLP via mapping: 70b23178954a41a4a67e38292373733c
Updated KLP 'klp-1-the-definition-of-a-normal-birth' -> 8ceb40f7c03b4c8a852522117800e9a7
DEBUG: activating version bcb48f37420045699e328adaeab02a84 with url='http://135.225.105.160:8004/klps/versions/bcb48f37420045699e328adaeab02a84/status'
  ✓ Activated version: bcb48f37420045699e328adaeab02a84
  → Recovered missing Language ID for KLP via mapping: 70b23178954a41a4a67e38292373733c
Updated KLP 'klp-2-a-child-born-in-week-36' -> 160cd50d66ab44bab29fe26fb77daf03
DEBUG: activating version 798c95b5aea94ef6a07d12a726c1e6ea with url='http://135.225.105.160:8004/klps/versions/798c95b5aea94ef6a07d12a726c1e6ea/status'
  ✓ Activated version: 798c95b5aea94ef6a07d12a726c1e6ea
  → Recovered missing Language ID for KLP via mapping: 70b23178954a41a4a67e38292373733c
Updated KLP 'klp-3-start-of-a-spontaneous-normal-birth' -> c6db8982221e4bdc893208bc215a7cf9
DEBUG: activating version 2b8f007615f644d0a004ec024b9b6241 with url='http://135.225.105.160:8004/klps/versions/2b8f007615f644d0a004ec024b9b6241/status'
  ✓ Activated version: 2b8f007615f644d0a004ec024b9b6241
  → Recovered missing Language ID for KLP via mapping: 70b23178954a41a4a67e38292373733c
Updated KLP 'klp-1-what-is-respectful-care' -> 1daf255a2d1d421c84ec2e21c0f2d44d
DEBUG: activating version 1233bb494b524fd2a9f504ac533fa2fe with url='http://135.225.105.160:8004/klps/versions/1233bb494b524fd2a9f504ac533fa2fe/status'
  ✓ Activated version: 1233bb494b524fd2a9f504ac533fa2fe
  → Recovered missing Language ID for KLP via mapping: 70b23178954a41a4a67e38292373733c
Updated KLP 'klp-2-fear-of-being-mistreated' -> 24586f1f93744743a78e625de51a1bb6
DEBUG: activating version 136132efae9747e99b8394b0db4e2290 with url='http://135.225.105.160:8004/klps/versions/136132efae9747e99b8394b0db4e2290/status'
  ✓ Activated version: 136132efae9747e99b8394b0db4e2290
  → Recovered missing Language ID for KLP via mapping: 70b23178954a41a4a67e38292373733c
Updated KLP 'klp-3-the-elements-of-true-respectful-care' -> 789404add35544f3968a3b2501f40549
DEBUG: activating version 14c67b807a2442eeb05805da8be8d8c0 with url='http://135.225.105.160:8004/klps/versions/14c67b807a2442eeb05805da8be8d8c0/status'
  ✓ Activated version: 14c67b807a2442eeb05805da8be8d8c0
  → Recovered missing Language ID for KLP via mapping: 70b23178954a41a4a67e38292373733c
Updated KLP 'klp-1-the-first-thing-you-do' -> d17095298d2547d394bcc6524c7f5582
DEBUG: activating version d95b65304d9647a399a9048793e0fa36 with url='http://135.225.105.160:8004/klps/versions/d95b65304d9647a399a9048793e0fa36/status'
  ✓ Activated version: d95b65304d9647a399a9048793e0fa36
  → Recovered missing Language ID for KLP via mapping: 70b23178954a41a4a67e38292373733c
Updated KLP 'klp-2-what-kind-of-danger-signs-should-be-examined' -> a6f0ac50ae824beaa531925b6fa87446
DEBUG: activating version 23e3203d95a642e79c8f52403624d309 with url='http://135.225.105.160:8004/klps/versions/23e3203d95a642e79c8f52403624d309/status'
  ✓ Activated version: 23e3203d95a642e79c8f52403624d309
  → Recovered missing Language ID for KLP via mapping: 70b23178954a41a4a67e38292373733c
Updated KLP 'klp-3-when-is-her-due-date' -> a7c6216f43ef4056bd5ad6e25a658051
DEBUG: activating version 25c9929af87a4734a9025d03d2e374fb with url='http://135.225.105.160:8004/klps/versions/25c9929af87a4734a9025d03d2e374fb/status'
  ✓ Activated version: 25c9929af87a4734a9025d03d2e374fb
  → Recovered missing Language ID for KLP via mapping: 70b23178954a41a4a67e38292373733c
Updated KLP 'klp-1-strong-contractions-5-6-minutes-apart' -> f677aa9b0e5b4b45940463b5476384c0
DEBUG: activating version cfd39ddddd3f48acb19a471f94c74c24 with url='http://135.225.105.160:8004/klps/versions/cfd39ddddd3f48acb19a471f94c74c24/status'
  ✓ Activated version: cfd39ddddd3f48acb19a471f94c74c24
  → Recovered missing Language ID for KLP via mapping: 70b23178954a41a4a67e38292373733c
Updated KLP 'klp-2-abdominal-examination' -> 3b2cf29b4f4c489499fe8ccabfb13d46
DEBUG: activating version 5686fcffe87f4749a5d65bb823271d22 with url='http://135.225.105.160:8004/klps/versions/5686fcffe87f4749a5d65bb823271d22/status'
  ✓ Activated version: 5686fcffe87f4749a5d65bb823271d22
  → Recovered missing Language ID for KLP via mapping: 70b23178954a41a4a67e38292373733c
Updated KLP 'klp-3-when-performing-a-ve' -> 1dabedbb028b4850bcc5dddb9faaf809
DEBUG: activating version 096e11559f8a4f7b9f9a32fc1bd3de6b with url='http://135.225.105.160:8004/klps/versions/096e11559f8a4f7b9f9a32fc1bd3de6b/status'
  ✓ Activated version: 096e11559f8a4f7b9f9a32fc1bd3de6b
  → Recovered missing Language ID for KLP via mapping: 70b23178954a41a4a67e38292373733c
Updated KLP 'klp-1-good-contractions-with-3-minutes-apart' -> 7a435083f81f42f295c4f6d739b59256
DEBUG: activating version ea375e14e5fc44b7b0af6c5d701674ba with url='http://135.225.105.160:8004/klps/versions/ea375e14e5fc44b7b0af6c5d701674ba/status'
  ✓ Activated version: ea375e14e5fc44b7b0af6c5d701674ba
  → Recovered missing Language ID for KLP via mapping: 70b23178954a41a4a67e38292373733c
Updated KLP 'klp-2-the-documentation-on-the-partograph' -> 15ea6f453df84d858e93510bb914fa1f
DEBUG: activating version da468549091044b49ab52d5abe757e17 with url='http://135.225.105.160:8004/klps/versions/da468549091044b49ab52d5abe757e17/status'
  ✓ Activated version: da468549091044b49ab52d5abe757e17
  → Recovered missing Language ID for KLP via mapping: 70b23178954a41a4a67e38292373733c
Updated KLP 'klp-1-help-the-woman-to-get-good-contractions' -> 3d6e04d4bb9b403aab4f1d1af4971348
DEBUG: activating version 614d15ea19e64627b32f4ba75bb2f4fa with url='http://135.225.105.160:8004/klps/versions/614d15ea19e64627b32f4ba75bb2f4fa/status'
  ✓ Activated version: 614d15ea19e64627b32f4ba75bb2f4fa
  → Recovered missing Language ID for KLP via mapping: 70b23178954a41a4a67e38292373733c
Warning: Could not resolve video link 'video:/Normal labour and birth/support'. Path segments: ['Normal labour and birth', 'support'], tried prefix='res-video-normal-labour-and-birth-', suffix='-support'
  Warning: Link 'video:/Normal labour and birth/support' not in mapping or could not be resolved, removing from question
Updated KLP 'klp-2-when-the-woman-wants-to-stand-up' -> 9650c56c98b648189e06e7e1cd3a34e0
DEBUG: activating version 7a2cc830d43842c3b98a3782f5a1e62e with url='http://135.225.105.160:8004/klps/versions/7a2cc830d43842c3b98a3782f5a1e62e/status'
  ✓ Activated version: 7a2cc830d43842c3b98a3782f5a1e62e
  → Recovered missing Language ID for KLP via mapping: 70b23178954a41a4a67e38292373733c
Warning: Could not resolve video link 'video:/Normal labour and birth/support'. Path segments: ['Normal labour and birth', 'support'], tried prefix='res-video-normal-labour-and-birth-', suffix='-support'
  Warning: Link 'video:/Normal labour and birth/support' not in mapping or could not be resolved, removing from question
Updated KLP 'klp-3-the-woman-cannot-eat-or-drink-during-labour-and-birth' -> fb1265803188441bbd4c556eccf2176d
DEBUG: activating version 1b6acce6b94d4f72a9a09869ca7351bf with url='http://135.225.105.160:8004/klps/versions/1b6acce6b94d4f72a9a09869ca7351bf/status'
  ✓ Activated version: 1b6acce6b94d4f72a9a09869ca7351bf
  → Recovered missing Language ID for KLP via mapping: 70b23178954a41a4a67e38292373733c
Warning: Could not resolve video link 'video:/Normal labour and birth/support'. Path segments: ['Normal labour and birth', 'support'], tried prefix='res-video-normal-labour-and-birth-', suffix='-support'
  Warning: Link 'video:/Normal labour and birth/support' not in mapping or could not be resolved, removing from question
Updated KLP 'klp-1-when-the-woman-is-in-an-upright-position' -> 1734ab65d87c408b92308303169164a7
DEBUG: activating version 3d96cc3f309647d393f9bc4492681345 with url='http://135.225.105.160:8004/klps/versions/3d96cc3f309647d393f9bc4492681345/status'
  ✓ Activated version: 3d96cc3f309647d393f9bc4492681345
  → Recovered missing Language ID for KLP via mapping: 70b23178954a41a4a67e38292373733c
Updated KLP 'klp-2-to-be-on-all-fours-and-give-birth' -> dc8a1eac7bb94463984b823d0f953524
DEBUG: activating version 9f8fec0abd934f18b3d1e433245616ed with url='http://135.225.105.160:8004/klps/versions/9f8fec0abd934f18b3d1e433245616ed/status'
  ✓ Activated version: 9f8fec0abd934f18b3d1e433245616ed
  → Recovered missing Language ID for KLP via mapping: 70b23178954a41a4a67e38292373733c
Warning: Could not resolve video link 'video:/Normal labour and birth/support'. Path segments: ['Normal labour and birth', 'support'], tried prefix='res-video-normal-labour-and-birth-', suffix='-support'
  Warning: Link 'video:/Normal labour and birth/support' not in mapping or could not be resolved, removing from question
Updated KLP 'klp-3-non-pharmacological-pain-relief' -> dd478fe6239d43e3bbe99b41888c1b60
DEBUG: activating version 0bd5852d3b5d416bbb57bd85423f0490 with url='http://135.225.105.160:8004/klps/versions/0bd5852d3b5d416bbb57bd85423f0490/status'
  ✓ Activated version: 0bd5852d3b5d416bbb57bd85423f0490
  → Recovered missing Language ID for KLP via mapping: 70b23178954a41a4a67e38292373733c
Updated KLP 'klp-1-the-woman-can-push-when' -> 80b34ae40511465b9aba67b0cd1813cf
DEBUG: activating version f1d8d4f60aa04f489f3209027b40fdce with url='http://135.225.105.160:8004/klps/versions/f1d8d4f60aa04f489f3209027b40fdce/status'
  ✓ Activated version: f1d8d4f60aa04f489f3209027b40fdce
  → Recovered missing Language ID for KLP via mapping: 70b23178954a41a4a67e38292373733c
Updated KLP 'klp-2-what-needs-to-be-ready-for-the-birth' -> d5f124dc74694a77b23ed3ba944d1520
DEBUG: activating version 698906a007104fd1b8e4a44cf2004c6e with url='http://135.225.105.160:8004/klps/versions/698906a007104fd1b8e4a44cf2004c6e/status'
  ✓ Activated version: 698906a007104fd1b8e4a44cf2004c6e
  → Recovered missing Language ID for KLP via mapping: 70b23178954a41a4a67e38292373733c
Updated KLP 'klp-3-what-should-you-do-during-the-second-stage' -> d1e089d47c7f455ba66cf8f062ed1fb1
DEBUG: activating version 11f5158097624eb7ad5c76ee5137edcf with url='http://135.225.105.160:8004/klps/versions/11f5158097624eb7ad5c76ee5137edcf/status'
  ✓ Activated version: 11f5158097624eb7ad5c76ee5137edcf
  → Recovered missing Language ID for KLP via mapping: 70b23178954a41a4a67e38292373733c
Updated KLP 'klp-1-how-would-you-help-the-woman-to-push' -> 6115bf55ad7a4dfd8bc5de7ac854bcf2
DEBUG: activating version 74454d581f084dbf82cce4b6cc172f93 with url='http://135.225.105.160:8004/klps/versions/74454d581f084dbf82cce4b6cc172f93/status'
  ✓ Activated version: 74454d581f084dbf82cce4b6cc172f93
  → Recovered missing Language ID for KLP via mapping: 70b23178954a41a4a67e38292373733c
Updated KLP 'klp-2-the-woman-can-give-birth-in-any-position-she-wants' -> a8e11a7da1a749ac9966c3e99f2b387b
DEBUG: activating version 1719f268e0fd49ecb44cf6f0997529b0 with url='http://135.225.105.160:8004/klps/versions/1719f268e0fd49ecb44cf6f0997529b0/status'
  ✓ Activated version: 1719f268e0fd49ecb44cf6f0997529b0
  → Recovered missing Language ID for KLP via mapping: 70b23178954a41a4a67e38292373733c
Updated KLP 'klp-3-what-kind-of-practices-should-not-be-performed' -> f54b8f3a975c4648ac2ce11bd07c754a
DEBUG: activating version b97350a73269438d90321b393476b297 with url='http://135.225.105.160:8004/klps/versions/b97350a73269438d90321b393476b297/status'
  ✓ Activated version: b97350a73269438d90321b393476b297
  → Recovered missing Language ID for KLP via mapping: 70b23178954a41a4a67e38292373733c
Updated KLP 'klp-1-before-the-babys-head-is-about-to-be-born' -> c808935e9d314a6ebdbeef0c6570db9c
DEBUG: activating version d79448d5d4af4739bd97056bbfad5c0c with url='http://135.225.105.160:8004/klps/versions/d79448d5d4af4739bd97056bbfad5c0c/status'
  ✓ Activated version: d79448d5d4af4739bd97056bbfad5c0c
  → Recovered missing Language ID for KLP via mapping: 70b23178954a41a4a67e38292373733c
Updated KLP 'klp-2-when-the-babys-head-is-crowning' -> c0f238b375d04f89869e243e5addc9ba
DEBUG: activating version acc67bbdd1ec44bbbf0a93ec29d8db02 with url='http://135.225.105.160:8004/klps/versions/acc67bbdd1ec44bbbf0a93ec29d8db02/status'
  ✓ Activated version: acc67bbdd1ec44bbbf0a93ec29d8db02
  → Recovered missing Language ID for KLP via mapping: 70b23178954a41a4a67e38292373733c
Updated KLP 'klp-3-after-the-head-is-born' -> 5141f4b12ea448959fd6f7876f53d9e3
DEBUG: activating version 27bdd49154b84d4b8cc0e795a5292902 with url='http://135.225.105.160:8004/klps/versions/27bdd49154b84d4b8cc0e795a5292902/status'
  ✓ Activated version: 27bdd49154b84d4b8cc0e795a5292902
  → Recovered missing Language ID for KLP via mapping: 70b23178954a41a4a67e38292373733c
Updated KLP 'klp-1-the-order-of-the-four-steps-for-palpating-the-foetus' -> 3b8902d764894bb0ae79f28bdc5379c1
DEBUG: activating version 779dcc58566e4e4e8d78f2c0d647823a with url='http://135.225.105.160:8004/klps/versions/779dcc58566e4e4e8d78f2c0d647823a/status'
  ✓ Activated version: 779dcc58566e4e4e8d78f2c0d647823a
  → Recovered missing Language ID for KLP via mapping: 70b23178954a41a4a67e38292373733c
Updated KLP 'klp-2-if-you-feel-a-lose-cord-around-the-neck' -> 57e4674923404804b16ec80d4cf744d1
DEBUG: activating version 6c0ffdf86c394b93a799fa26567d19c9 with url='http://135.225.105.160:8004/klps/versions/6c0ffdf86c394b93a799fa26567d19c9/status'
  ✓ Activated version: 6c0ffdf86c394b93a799fa26567d19c9
  → Recovered missing Language ID for KLP via mapping: 70b23178954a41a4a67e38292373733c
Updated KLP 'klp-3-when-the-baby-is-born-with-meconium-and-is-breathing' -> 28583a47d18447899e33ea5cff221818
DEBUG: activating version 1aa4aa1f245c49aaadac21a261cf827a with url='http://135.225.105.160:8004/klps/versions/1aa4aa1f245c49aaadac21a261cf827a/status'
  ✓ Activated version: 1aa4aa1f245c49aaadac21a261cf827a
  → Recovered missing Language ID for KLP via mapping: 70b23178954a41a4a67e38292373733c
Updated KLP 'klp-2-what-do-you-do-when-the-baby-is-born' -> 969ced12ec4044b5bf3f7ec6b5b00b88
DEBUG: activating version 99f7df8dc90c449399a64ced3e69447a with url='http://135.225.105.160:8004/klps/versions/99f7df8dc90c449399a64ced3e69447a/status'
  ✓ Activated version: 99f7df8dc90c449399a64ced3e69447a
  → Recovered missing Language ID for KLP via mapping: 70b23178954a41a4a67e38292373733c
Updated KLP 'klp-3-delivery-of-the-shoulders' -> 0ea3ce0c8a624a6e84654d911e11ca2f
DEBUG: activating version 8db3a987342847ada6b06598f9da093a with url='http://135.225.105.160:8004/klps/versions/8db3a987342847ada6b06598f9da093a/status'
  ✓ Activated version: 8db3a987342847ada6b06598f9da093a
  → Recovered missing Language ID for KLP via mapping: 70b23178954a41a4a67e38292373733c
Updated KLP 'klp-3-first-component-to-be-plot' -> f3c5f45e7b2e45b0ad3fa4acde4723da
DEBUG: activating version 901df244387747c8890c264169c80054 with url='http://135.225.105.160:8004/klps/versions/901df244387747c8890c264169c80054/status'
  ✓ Activated version: 901df244387747c8890c264169c80054
  → Recovered missing Language ID for KLP via mapping: 70b23178954a41a4a67e38292373733c
Updated KLP 'klp-1-partograph' -> bb9dd62846214240a528148275cd1f88
DEBUG: activating version ac0ca0a5f7a54fbfbbf9ab92d06e4ba4 with url='http://135.225.105.160:8004/klps/versions/ac0ca0a5f7a54fbfbbf9ab92d06e4ba4/status'
  ✓ Activated version: ac0ca0a5f7a54fbfbbf9ab92d06e4ba4
  → Recovered missing Language ID for KLP via mapping: 70b23178954a41a4a67e38292373733c
Updated KLP 'klp-2-active-management' -> d78bce063a5f4aad866cb7d81194ff76
DEBUG: activating version b05caa9ef2194691b9d3f0d3a8f74ddb with url='http://135.225.105.160:8004/klps/versions/b05caa9ef2194691b9d3f0d3a8f74ddb/status'
  ✓ Activated version: b05caa9ef2194691b9d3f0d3a8f74ddb
  → Recovered missing Language ID for KLP via mapping: 70b23178954a41a4a67e38292373733c
Updated KLP 'klp-1-uterotonic-drug' -> e6aec43089444afcb6ea507e77067482
DEBUG: activating version b3c60876a99040faba82a005d2f4b38a with url='http://135.225.105.160:8004/klps/versions/b3c60876a99040faba82a005d2f4b38a/status'
  ✓ Activated version: b3c60876a99040faba82a005d2f4b38a
  → Recovered missing Language ID for KLP via mapping: 70b23178954a41a4a67e38292373733c
Updated KLP 'klp-1-oxytocin' -> cd70320e7a8d425182239769fb10aa03
DEBUG: activating version a5b2a62faa0246c5ab6f728cf72fd6d1 with url='http://135.225.105.160:8004/klps/versions/a5b2a62faa0246c5ab6f728cf72fd6d1/status'
  ✓ Activated version: a5b2a62faa0246c5ab6f728cf72fd6d1
  → Recovered missing Language ID for KLP via mapping: 70b23178954a41a4a67e38292373733c
Updated KLP 'klp-1-dose-of-oxytocin' -> 698b2b1d2172420e8683b9218d618f08
DEBUG: activating version 35974de32b494125a2b2679cd907f6a2 with url='http://135.225.105.160:8004/klps/versions/35974de32b494125a2b2679cd907f6a2/status'
  ✓ Activated version: 35974de32b494125a2b2679cd907f6a2
  → Recovered missing Language ID for KLP via mapping: 70b23178954a41a4a67e38292373733c
Updated KLP 'klp-1-when-to-give-oxytocin' -> a3654c8ac2ac424aa7ce010b73078376
DEBUG: activating version d26d94c012f7444e9cf5a003f0281cef with url='http://135.225.105.160:8004/klps/versions/d26d94c012f7444e9cf5a003f0281cef/status'
  ✓ Activated version: d26d94c012f7444e9cf5a003f0281cef
  → Recovered missing Language ID for KLP via mapping: 70b23178954a41a4a67e38292373733c
Updated KLP 'klp-3-storage-of-oxytocin' -> 949e74bec296494ca002b17a5173ac23
DEBUG: activating version cbcb799d1491415c9e63cfcc0bbf1381 with url='http://135.225.105.160:8004/klps/versions/cbcb799d1491415c9e63cfcc0bbf1381/status'
  ✓ Activated version: cbcb799d1491415c9e63cfcc0bbf1381
  → Recovered missing Language ID for KLP via mapping: 70b23178954a41a4a67e38292373733c
Updated KLP 'klp-1-misoprostol' -> eac41bc6a709467aa6150cb3301ef49c
DEBUG: activating version e969988151a4436fafcabe0bdda3f8fa with url='http://135.225.105.160:8004/klps/versions/e969988151a4436fafcabe0bdda3f8fa/status'
  ✓ Activated version: e969988151a4436fafcabe0bdda3f8fa
  → Recovered missing Language ID for KLP via mapping: 70b23178954a41a4a67e38292373733c
Updated KLP 'klp-1-heat-stable-carbetocin' -> 991dbd12877b4b83b7c2903c8e8ffdbc
DEBUG: activating version df60d15862864ce880f7088e6b16fa48 with url='http://135.225.105.160:8004/klps/versions/df60d15862864ce880f7088e6b16fa48/status'
  ✓ Activated version: df60d15862864ce880f7088e6b16fa48
  → Recovered missing Language ID for KLP via mapping: 70b23178954a41a4a67e38292373733c
Updated KLP 'klp-1-when-to-assess-the-newborn' -> cbd06f547f724817b20ffad5def2f953
DEBUG: activating version b0aae069ea184ddca77c6de91f9418c2 with url='http://135.225.105.160:8004/klps/versions/b0aae069ea184ddca77c6de91f9418c2/status'
  ✓ Activated version: b0aae069ea184ddca77c6de91f9418c2
  → Recovered missing Language ID for KLP via mapping: 70b23178954a41a4a67e38292373733c
Updated KLP 'klp-2-thick-meconium' -> d2c22ae6bbc74a869d87f16facbb87d0
DEBUG: activating version 1ec4e232d0334a7f8da45f73c6789081 with url='http://135.225.105.160:8004/klps/versions/1ec4e232d0334a7f8da45f73c6789081/status'
  ✓ Activated version: 1ec4e232d0334a7f8da45f73c6789081
  → Recovered missing Language ID for KLP via mapping: 70b23178954a41a4a67e38292373733c
Updated KLP 'klp-1-suction-thick-meconium' -> d0e84b547e824efc986d6a9a37f5a1a0
DEBUG: activating version 92cc6d505e814945a813e06bf76999c6 with url='http://135.225.105.160:8004/klps/versions/92cc6d505e814945a813e06bf76999c6/status'
  ✓ Activated version: 92cc6d505e814945a813e06bf76999c6
  → Recovered missing Language ID for KLP via mapping: 70b23178954a41a4a67e38292373733c
Updated KLP 'klp-2-dry-of-the-baby' -> b88f48781d7644b292fb97a6691fa127
DEBUG: activating version 3d39e3a1aa3c46b4b59ce9e179f8ab7c with url='http://135.225.105.160:8004/klps/versions/3d39e3a1aa3c46b4b59ce9e179f8ab7c/status'
  ✓ Activated version: 3d39e3a1aa3c46b4b59ce9e179f8ab7c
  → Recovered missing Language ID for KLP via mapping: 70b23178954a41a4a67e38292373733c
Updated KLP 'klp-3-warm-baby' -> ccaa73b243d44275b59cb9f599f408df
DEBUG: activating version 31735ed4370f432a809b1a097cd89bb6 with url='http://135.225.105.160:8004/klps/versions/31735ed4370f432a809b1a097cd89bb6/status'
  ✓ Activated version: 31735ed4370f432a809b1a097cd89bb6
  → Recovered missing Language ID for KLP via mapping: 70b23178954a41a4a67e38292373733c
Updated KLP 'klp-1-newborn-not-breathing-well' -> 32f0e46e28884081a74f4008ee1f023d
DEBUG: activating version 31fe6d4a6f0a4a04abe24d37c0221c33 with url='http://135.225.105.160:8004/klps/versions/31fe6d4a6f0a4a04abe24d37c0221c33/status'
  ✓ Activated version: 31fe6d4a6f0a4a04abe24d37c0221c33
  → Recovered missing Language ID for KLP via mapping: 70b23178954a41a4a67e38292373733c
Updated KLP 'klp-2-stable-newborn' -> 1453dbae005546178d6dc5a32bc92156
DEBUG: activating version 36e1c60d7ee9432cb331484abac7a39e with url='http://135.225.105.160:8004/klps/versions/36e1c60d7ee9432cb331484abac7a39e/status'
  ✓ Activated version: 36e1c60d7ee9432cb331484abac7a39e
  → Recovered missing Language ID for KLP via mapping: 70b23178954a41a4a67e38292373733c
Updated KLP 'klp-3-clamp-umbilical-cord' -> 5942117a278546e7962dd42386d54401
DEBUG: activating version 2b4e677431764add9af4fc6f661dd910 with url='http://135.225.105.160:8004/klps/versions/2b4e677431764add9af4fc6f661dd910/status'
  ✓ Activated version: 2b4e677431764add9af4fc6f661dd910
  → Recovered missing Language ID for KLP via mapping: 70b23178954a41a4a67e38292373733c
Updated KLP 'klp-2-cord-traction' -> af80cdc011fd40599a5cb4204d47e89e
DEBUG: activating version 09e0686e0c814496bb84a3e0600f52dd with url='http://135.225.105.160:8004/klps/versions/09e0686e0c814496bb84a3e0600f52dd/status'
  ✓ Activated version: 09e0686e0c814496bb84a3e0600f52dd
  → Recovered missing Language ID for KLP via mapping: 70b23178954a41a4a67e38292373733c
Updated KLP 'klp-3-counter-pressure-pubic-bone' -> e3170a81fe214e97856b2929e69790c9
DEBUG: activating version e8e0f12ff2694826b6e01d7cea3ad92b with url='http://135.225.105.160:8004/klps/versions/e8e0f12ff2694826b6e01d7cea3ad92b/status'
  ✓ Activated version: e8e0f12ff2694826b6e01d7cea3ad92b
  → Recovered missing Language ID for KLP via mapping: 70b23178954a41a4a67e38292373733c
Updated KLP 'klp-3-rounded-uterus' -> 2175f3041c9b473a9e2312e8d4c1d2e8
DEBUG: activating version 10569d518b164e6db96641350722e34b with url='http://135.225.105.160:8004/klps/versions/10569d518b164e6db96641350722e34b/status'
  ✓ Activated version: 10569d518b164e6db96641350722e34b
  → Recovered missing Language ID for KLP via mapping: 70b23178954a41a4a67e38292373733c
Updated KLP 'klp-3-push-for-the-placenta' -> 2843705d59e5495b82e8d3c5dee6dd28
DEBUG: activating version 2a3c15d46c16420a824dbc62c9cbc874 with url='http://135.225.105.160:8004/klps/versions/2a3c15d46c16420a824dbc62c9cbc874/status'
  ✓ Activated version: 2a3c15d46c16420a824dbc62c9cbc874
  → Recovered missing Language ID for KLP via mapping: 70b23178954a41a4a67e38292373733c
Updated KLP 'klp-1-check-uterus' -> adba6b7eaec444fba38f7455dff3241a
DEBUG: activating version 99fd39b7cb9c4705af152c065f64f806 with url='http://135.225.105.160:8004/klps/versions/99fd39b7cb9c4705af152c065f64f806/status'
  ✓ Activated version: 99fd39b7cb9c4705af152c065f64f806
  → Recovered missing Language ID for KLP via mapping: 70b23178954a41a4a67e38292373733c
Updated KLP 'klp-2-measure-blood-loss' -> bfea68728c27496aa1b996043259805c
DEBUG: activating version 0861211ae87842fd8e3fd098e2ee2b45 with url='http://135.225.105.160:8004/klps/versions/0861211ae87842fd8e3fd098e2ee2b45/status'
  ✓ Activated version: 0861211ae87842fd8e3fd098e2ee2b45
  → Recovered missing Language ID for KLP via mapping: 70b23178954a41a4a67e38292373733c
Updated KLP 'klp-1-examine-the-placenta' -> b942940e7a57498fa56dc509b47db761
DEBUG: activating version 88711f177dcb4a4381d2aab015f7667d with url='http://135.225.105.160:8004/klps/versions/88711f177dcb4a4381d2aab015f7667d/status'
  ✓ Activated version: 88711f177dcb4a4381d2aab015f7667d
  → Recovered missing Language ID for KLP via mapping: 70b23178954a41a4a67e38292373733c
Updated KLP 'klp-2-maternal-surface-of-placenta' -> 8960232ec83940a2b38fdcf5d4bd7606
DEBUG: activating version 5cb8ff0c21ac414385a8f1730dfdac66 with url='http://135.225.105.160:8004/klps/versions/5cb8ff0c21ac414385a8f1730dfdac66/status'
  ✓ Activated version: 5cb8ff0c21ac414385a8f1730dfdac66
  → Recovered missing Language ID for KLP via mapping: 70b23178954a41a4a67e38292373733c
Updated KLP 'klp-2-no-unattended-mother-and-newborn' -> 2c83f336945b45b68fbb3c72c2954f94
DEBUG: activating version 58cf7523d0e24196bf07a9485d2eae69 with url='http://135.225.105.160:8004/klps/versions/58cf7523d0e24196bf07a9485d2eae69/status'
  ✓ Activated version: 58cf7523d0e24196bf07a9485d2eae69
  → Recovered missing Language ID for KLP via mapping: 70b23178954a41a4a67e38292373733c
Updated KLP 'klp-3-skin-to-skin-contact' -> 9cfac5f7fba1447c82e9308d189d9317
DEBUG: activating version 7d86d8cad1984235baaa6ec7dfcba51b with url='http://135.225.105.160:8004/klps/versions/7d86d8cad1984235baaa6ec7dfcba51b/status'
  ✓ Activated version: 7d86d8cad1984235baaa6ec7dfcba51b
  → Recovered missing Language ID for KLP via mapping: 70b23178954a41a4a67e38292373733c
Updated KLP 'klp-1-check-mother-after-birth' -> ae73f7ea43d243349fb5a616524a45aa
DEBUG: activating version 43a5557d18b64d1ca49d8d3dfeb819f4 with url='http://135.225.105.160:8004/klps/versions/43a5557d18b64d1ca49d8d3dfeb819f4/status'
  ✓ Activated version: 43a5557d18b64d1ca49d8d3dfeb819f4
  → Recovered missing Language ID for KLP via mapping: 70b23178954a41a4a67e38292373733c
Updated KLP 'klp-3-how-often-check-mother' -> cbe2b84231754bdcb4d07e8f720cd9f0
DEBUG: activating version a6c7638d9e344e1d861558b538fa3de0 with url='http://135.225.105.160:8004/klps/versions/a6c7638d9e344e1d861558b538fa3de0/status'
  ✓ Activated version: a6c7638d9e344e1d861558b538fa3de0
  → Recovered missing Language ID for KLP via mapping: 70b23178954a41a4a67e38292373733c
Updated KLP 'klp-3-how-often-check-newborn' -> 6aae9200f1b149a78e269b0fd08bc27d
DEBUG: activating version 9954f54dec034796bf2860ce57c9042a with url='http://135.225.105.160:8004/klps/versions/9954f54dec034796bf2860ce57c9042a/status'
  ✓ Activated version: 9954f54dec034796bf2860ce57c9042a
  → Recovered missing Language ID for KLP via mapping: 70b23178954a41a4a67e38292373733c
Updated KLP 'klp-2-check-the-newborn-after-birth' -> 90e6e0c1738943659a0cff1b48f0b96e
DEBUG: activating version 11fada9169a64345a378c0ac38e8ba37 with url='http://135.225.105.160:8004/klps/versions/11fada9169a64345a378c0ac38e8ba37/status'
  ✓ Activated version: 11fada9169a64345a378c0ac38e8ba37
  → Recovered missing Language ID for KLP via mapping: 70b23178954a41a4a67e38292373733c
Updated KLP 'klp-3-cord-monitor' -> 74e8baeed49d41da98591a0c46238467
DEBUG: activating version 927887049d214cb098bba96f71f8e536 with url='http://135.225.105.160:8004/klps/versions/927887049d214cb098bba96f71f8e536/status'
  ✓ Activated version: 927887049d214cb098bba96f71f8e536
  → Recovered missing Language ID for KLP via mapping: 70b23178954a41a4a67e38292373733c
Updated KLP 'klp-2-apgar-score-and-vit-k' -> be5789f019654f2caff4a7423ed07780
DEBUG: activating version bbeff85df98641dd832fa355805666b4 with url='http://135.225.105.160:8004/klps/versions/bbeff85df98641dd832fa355805666b4/status'
  ✓ Activated version: bbeff85df98641dd832fa355805666b4
  → Recovered missing Language ID for KLP via mapping: 70b23178954a41a4a67e38292373733c
Updated KLP 'klp-2-early-breastfeeding-newborn' -> 27bfbc5261b0494c8f1d3b5506d68418
DEBUG: activating version a62a0feaa9154c16b2392a3fdde9b773 with url='http://135.225.105.160:8004/klps/versions/a62a0feaa9154c16b2392a3fdde9b773/status'
  ✓ Activated version: a62a0feaa9154c16b2392a3fdde9b773
  → Recovered missing Language ID for KLP via mapping: 70b23178954a41a4a67e38292373733c
Updated KLP 'klp-3-early-breastfeeding-mother' -> 6fd55d15f5fd41e586669320448c5ea9
DEBUG: activating version d6ad9d4cabef46098ada689a717e4b98 with url='http://135.225.105.160:8004/klps/versions/d6ad9d4cabef46098ada689a717e4b98/status'
  ✓ Activated version: d6ad9d4cabef46098ada689a717e4b98
  → Recovered missing Language ID for KLP via mapping: 70b23178954a41a4a67e38292373733c
Updated KLP 'klp-3-delivery-of-membranes' -> 9b05c0f888d54467a58892af2a3ba643
DEBUG: activating version b67a82598b00484a81495ac040ef8cc1 with url='http://135.225.105.160:8004/klps/versions/b67a82598b00484a81495ac040ef8cc1/status'
  ✓ Activated version: b67a82598b00484a81495ac040ef8cc1
  → Recovered missing Language ID for KLP via mapping: 70b23178954a41a4a67e38292373733c
Updated KLP 'klp-2-estimation-of-blood-loss' -> 42d8057c584f4f739a4a8e12cfb2dd32
DEBUG: activating version 3a0cafba8aea4de69663289d048af1af with url='http://135.225.105.160:8004/klps/versions/3a0cafba8aea4de69663289d048af1af/status'
  ✓ Activated version: 3a0cafba8aea4de69663289d048af1af
  → Recovered missing Language ID for KLP via mapping: 70b23178954a41a4a67e38292373733c
Updated KLP 'klp-1-complication-prolonged-mother' -> c79c0b3b7374464eb139b49bddfd24da
DEBUG: activating version 9833eae45bd44a67b7d6efd2a09065a8 with url='http://135.225.105.160:8004/klps/versions/9833eae45bd44a67b7d6efd2a09065a8/status'
  ✓ Activated version: 9833eae45bd44a67b7d6efd2a09065a8
  → Recovered missing Language ID for KLP via mapping: 70b23178954a41a4a67e38292373733c
Updated KLP 'klp-1-complication-prolonged-infant' -> bcb2cd6b9ce1437d85ec6286545748f0
DEBUG: activating version e14c781ae74444398e6b850f2c769431 with url='http://135.225.105.160:8004/klps/versions/e14c781ae74444398e6b850f2c769431/status'
  ✓ Activated version: e14c781ae74444398e6b850f2c769431
  → Recovered missing Language ID for KLP via mapping: 70b23178954a41a4a67e38292373733c
Updated KLP 'klp-2-causes' -> 6ed8f7e8cf8c405795bb2619cd72ec13
DEBUG: activating version 86c3e8a9378d40bfb625c9a3e40f349e with url='http://135.225.105.160:8004/klps/versions/86c3e8a9378d40bfb625c9a3e40f349e/status'
  ✓ Activated version: 86c3e8a9378d40bfb625c9a3e40f349e
  → Recovered missing Language ID for KLP via mapping: 70b23178954a41a4a67e38292373733c
Updated KLP 'klp-2-power' -> 7ad3c3a894844d8d80e93ec614e8d6f5
DEBUG: activating version 20a90f41c2614c28858ef79beaa2a15f with url='http://135.225.105.160:8004/klps/versions/20a90f41c2614c28858ef79beaa2a15f/status'
  ✓ Activated version: 20a90f41c2614c28858ef79beaa2a15f
  → Recovered missing Language ID for KLP via mapping: 70b23178954a41a4a67e38292373733c
Updated KLP 'klp-3-pelvis-passage' -> 3fe01bf1e4064d70ba83583dbcd380f7
DEBUG: activating version 75d17ede0d3044468f71056a1a69373f with url='http://135.225.105.160:8004/klps/versions/75d17ede0d3044468f71056a1a69373f/status'
  ✓ Activated version: 75d17ede0d3044468f71056a1a69373f
  → Recovered missing Language ID for KLP via mapping: 70b23178954a41a4a67e38292373733c
Updated KLP 'klp-3-small-pelvis' -> d156461058da420c961ec11449519dc4
DEBUG: activating version 56089da264014154acc8cd7388d7d10d with url='http://135.225.105.160:8004/klps/versions/56089da264014154acc8cd7388d7d10d/status'
  ✓ Activated version: 56089da264014154acc8cd7388d7d10d
  → Recovered missing Language ID for KLP via mapping: 70b23178954a41a4a67e38292373733c
Updated KLP 'klp-2-know-small-pelvis' -> 49bb4128e0fa43b6bfcafa063a2e38de
DEBUG: activating version 39afed194cef415aa8a237c15b7c1d89 with url='http://135.225.105.160:8004/klps/versions/39afed194cef415aa8a237c15b7c1d89/status'
  ✓ Activated version: 39afed194cef415aa8a237c15b7c1d89
  → Recovered missing Language ID for KLP via mapping: 70b23178954a41a4a67e38292373733c
Updated KLP 'klp-2-passenger' -> f75c235123884ac1ac72f6fc010ee9ca
DEBUG: activating version c755bacf779b41d6b1de4977da870050 with url='http://135.225.105.160:8004/klps/versions/c755bacf779b41d6b1de4977da870050/status'
  ✓ Activated version: c755bacf779b41d6b1de4977da870050
  → Recovered missing Language ID for KLP via mapping: 70b23178954a41a4a67e38292373733c
Updated KLP 'klp-3-psyche' -> 26a7a4ca345e46e9bff5c6ee86a57c50
DEBUG: activating version 9151be6c8690433ea374c4afb8a02457 with url='http://135.225.105.160:8004/klps/versions/9151be6c8690433ea374c4afb8a02457/status'
  ✓ Activated version: 9151be6c8690433ea374c4afb8a02457
  → Recovered missing Language ID for KLP via mapping: 70b23178954a41a4a67e38292373733c
Updated KLP 'klp-1-pushing' -> 0a3c149203364eb0a49145abb4d471c0
DEBUG: activating version 78fa6df0a6c740949068de2046dae5c8 with url='http://135.225.105.160:8004/klps/versions/78fa6df0a6c740949068de2046dae5c8/status'
  ✓ Activated version: 78fa6df0a6c740949068de2046dae5c8
  → Recovered missing Language ID for KLP via mapping: 70b23178954a41a4a67e38292373733c
Updated KLP 'klp-3-push-how-long' -> de91e9fbd40f443da7d1fef9cdc8f86e
DEBUG: activating version 32f3b3de108043b082517b73378f2033 with url='http://135.225.105.160:8004/klps/versions/32f3b3de108043b082517b73378f2033/status'
  ✓ Activated version: 32f3b3de108043b082517b73378f2033
  → Recovered missing Language ID for KLP via mapping: 70b23178954a41a4a67e38292373733c
Updated KLP 'klp-1-indication-for-vacuum' -> 62b8d13814c94491839cebe6db0337df
DEBUG: activating version a5806303df2548cebd3e09f0216cc5e9 with url='http://135.225.105.160:8004/klps/versions/a5806303df2548cebd3e09f0216cc5e9/status'
  ✓ Activated version: a5806303df2548cebd3e09f0216cc5e9
  → Recovered missing Language ID for KLP via mapping: 70b23178954a41a4a67e38292373733c
Updated KLP 'klp-1-fhr' -> 18ab8d52eaf9440696f1d19b233bf0e8
DEBUG: activating version 674515938c504908a00c7e7f986d9c98 with url='http://135.225.105.160:8004/klps/versions/674515938c504908a00c7e7f986d9c98/status'
  ✓ Activated version: 674515938c504908a00c7e7f986d9c98
  → Recovered missing Language ID for KLP via mapping: 70b23178954a41a4a67e38292373733c
Updated KLP 'klp-2-fhr-and-contractions' -> fdcfcdd8648d4626a3746f7ab427050a
DEBUG: activating version ce91c663e1e24e28aec7d653a6b7a84c with url='http://135.225.105.160:8004/klps/versions/ce91c663e1e24e28aec7d653a6b7a84c/status'
  ✓ Activated version: ce91c663e1e24e28aec7d653a6b7a84c
  → Recovered missing Language ID for KLP via mapping: 70b23178954a41a4a67e38292373733c
Updated KLP 'klp-3-prerequisites-for-vacuum' -> 8dcbf1eb13fe4accb27cfba1d364ba15
DEBUG: activating version dd810bbdeee54cd4bff0038d9b6b9c2c with url='http://135.225.105.160:8004/klps/versions/dd810bbdeee54cd4bff0038d9b6b9c2c/status'
  ✓ Activated version: dd810bbdeee54cd4bff0038d9b6b9c2c
  → Recovered missing Language ID for KLP via mapping: 70b23178954a41a4a67e38292373733c
Updated KLP 'klp-2-complications-to-vacuum-extraction' -> 6b6d56fa009e48efbcd042b5199b4d41
DEBUG: activating version 00064af13c4946b9974bbf25a62b5b42 with url='http://135.225.105.160:8004/klps/versions/00064af13c4946b9974bbf25a62b5b42/status'
  ✓ Activated version: 00064af13c4946b9974bbf25a62b5b42
  → Recovered missing Language ID for KLP via mapping: 70b23178954a41a4a67e38292373733c
Warning: Could not resolve action-card link 'action-card:procedures-by-also_1486848037447'. Candidates: ['res-action-card-india-procedures-by-also', 'res-action-card-procedures-by-also']
  Warning: Link 'action-card:procedures-by-also_1486848037447' not in mapping or could not be resolved, removing from question
Updated KLP 'klp-2-preparation-for-vacuum' -> 651773e35c8e410ca281383840ddc07c
DEBUG: activating version 8c72cbce051144f193750d3da97630ae with url='http://135.225.105.160:8004/klps/versions/8c72cbce051144f193750d3da97630ae/status'
  ✓ Activated version: 8c72cbce051144f193750d3da97630ae
  → Recovered missing Language ID for KLP via mapping: 70b23178954a41a4a67e38292373733c
Updated KLP 'klp-1-give-up-vacuum' -> 7222233b716043679be993089ecf859f
DEBUG: activating version 7d68e72a26ef45daacc7df7ae7e977bb with url='http://135.225.105.160:8004/klps/versions/7d68e72a26ef45daacc7df7ae7e977bb/status'
  ✓ Activated version: 7d68e72a26ef45daacc7df7ae7e977bb
  → Recovered missing Language ID for KLP via mapping: 70b23178954a41a4a67e38292373733c
Updated KLP 'klp-3-incision' -> 60259b560c9d40baa8f0df5e33c54b1a
DEBUG: activating version 83118a9761264ac7b927edf19925900c with url='http://135.225.105.160:8004/klps/versions/83118a9761264ac7b927edf19925900c/status'
  ✓ Activated version: 83118a9761264ac7b927edf19925900c
  → Recovered missing Language ID for KLP via mapping: 70b23178954a41a4a67e38292373733c
Updated KLP 'klp-2-cephalic-occiput-posterior' -> 3baeacc35547422a8e074e0919261d53
DEBUG: activating version 436c7d49da5e4a9682e8d672022eb08f with url='http://135.225.105.160:8004/klps/versions/436c7d49da5e4a9682e8d672022eb08f/status'
  ✓ Activated version: 436c7d49da5e4a9682e8d672022eb08f
  → Recovered missing Language ID for KLP via mapping: 70b23178954a41a4a67e38292373733c
Updated KLP 'klp-3-more-comfortable' -> f56bb22a7bd6483abf95356d621b9e08
DEBUG: activating version 69fd3ab7dae7401a8eb934de68fe9a7b with url='http://135.225.105.160:8004/klps/versions/69fd3ab7dae7401a8eb934de68fe9a7b/status'
  ✓ Activated version: 69fd3ab7dae7401a8eb934de68fe9a7b
  → Recovered missing Language ID for KLP via mapping: 70b23178954a41a4a67e38292373733c
Updated KLP 'klp-3-prolonged-first-stage-latent-phase' -> acecb32471f440ed9e9986e42892930e
DEBUG: activating version f1dca2843834400c98aab740fa40465e with url='http://135.225.105.160:8004/klps/versions/f1dca2843834400c98aab740fa40465e/status'
  ✓ Activated version: f1dca2843834400c98aab740fa40465e
  → Recovered missing Language ID for KLP via mapping: 70b23178954a41a4a67e38292373733c
Updated KLP 'klp-3-contractions-causes-if-not-prolonged-latent-phase' -> 31b5328cba174fadbd851f81a3d9fe24
DEBUG: activating version e017f4597e214cc69f6e37a88edfd37b with url='http://135.225.105.160:8004/klps/versions/e017f4597e214cc69f6e37a88edfd37b/status'
  ✓ Activated version: e017f4597e214cc69f6e37a88edfd37b
  → Recovered missing Language ID for KLP via mapping: 70b23178954a41a4a67e38292373733c
Updated KLP 'klp-1-prolonged-first-stage-active-phase' -> 05f2dcf670494f65bdb3831f5b231157
DEBUG: activating version eb655608c7a3483fa7ec4444e31b856e with url='http://135.225.105.160:8004/klps/versions/eb655608c7a3483fa7ec4444e31b856e/status'
  ✓ Activated version: eb655608c7a3483fa7ec4444e31b856e
  → Recovered missing Language ID for KLP via mapping: 70b23178954a41a4a67e38292373733c
Updated KLP 'klp-2-progress-of-labour' -> ec6cc9161dcd4685af0500b381a32ff2
DEBUG: activating version 552669595fb84ee99eb65512cedf6da0 with url='http://135.225.105.160:8004/klps/versions/552669595fb84ee99eb65512cedf6da0/status'
  ✓ Activated version: 552669595fb84ee99eb65512cedf6da0
  → Recovered missing Language ID for KLP via mapping: 70b23178954a41a4a67e38292373733c
Updated KLP 'klp-1-partograph-with-dilatation-between-alert-and-action-line' -> 04bcc320e7514a018b8a8915a83792d1
DEBUG: activating version 919e756884734e87adfca109a90df0ab with url='http://135.225.105.160:8004/klps/versions/919e756884734e87adfca109a90df0ab/status'
  ✓ Activated version: 919e756884734e87adfca109a90df0ab
  → Recovered missing Language ID for KLP via mapping: 70b23178954a41a4a67e38292373733c
Updated KLP 'klp-2-cervical-dilatation' -> 767fe4cf28f5417cb428bf844a8bab90
DEBUG: activating version b982bfd5d662457f87d59e1ec72f447b with url='http://135.225.105.160:8004/klps/versions/b982bfd5d662457f87d59e1ec72f447b/status'
  ✓ Activated version: b982bfd5d662457f87d59e1ec72f447b
  → Recovered missing Language ID for KLP via mapping: 70b23178954a41a4a67e38292373733c
Updated KLP 'klp-1-immediate-delivery' -> 4ebfd60fb5fc45ce85e03ae9ea9058fa
DEBUG: activating version 9c16757fa5f146e3ab3f25579d93c246 with url='http://135.225.105.160:8004/klps/versions/9c16757fa5f146e3ab3f25579d93c246/status'
  ✓ Activated version: 9c16757fa5f146e3ab3f25579d93c246
  → Recovered missing Language ID for KLP via mapping: 70b23178954a41a4a67e38292373733c
Updated KLP 'klp-1-head-above-the-pubic-bone' -> 94e2b9c6dc094168b35ecb76df433f35
DEBUG: activating version ee6db0d4747446c8a9705bc5114e1d73 with url='http://135.225.105.160:8004/klps/versions/ee6db0d4747446c8a9705bc5114e1d73/status'
  ✓ Activated version: ee6db0d4747446c8a9705bc5114e1d73
  → Recovered missing Language ID for KLP via mapping: 70b23178954a41a4a67e38292373733c
Updated KLP 'klp-3-posterior-fontanelle-where' -> b4475f6598fe4ef5a0d6eb6c33472691
DEBUG: activating version 2827eb4314524d1c9c078bb6102d69b4 with url='http://135.225.105.160:8004/klps/versions/2827eb4314524d1c9c078bb6102d69b4/status'
  ✓ Activated version: 2827eb4314524d1c9c078bb6102d69b4
  → Recovered missing Language ID for KLP via mapping: 70b23178954a41a4a67e38292373733c
Updated KLP 'klp-2-posterior-fontanelle' -> 7f234dd1f9a54676bbcfab21cd630e78
DEBUG: activating version 0e20d0f1d6bc43dc838fe8ba6b2c020d with url='http://135.225.105.160:8004/klps/versions/0e20d0f1d6bc43dc838fe8ba6b2c020d/status'
  ✓ Activated version: 0e20d0f1d6bc43dc838fe8ba6b2c020d
  → Recovered missing Language ID for KLP via mapping: 70b23178954a41a4a67e38292373733c
Updated KLP 'klp-1-placing-the-cup' -> bc8decb8f499465e8148d9d4404b55f0
DEBUG: activating version fc76967bcf5d4f8695afa055927620f0 with url='http://135.225.105.160:8004/klps/versions/fc76967bcf5d4f8695afa055927620f0/status'
  ✓ Activated version: fc76967bcf5d4f8695afa055927620f0
  → Recovered missing Language ID for KLP via mapping: 70b23178954a41a4a67e38292373733c
Updated KLP 'klp-1-check-for-maternal-tissue' -> 68e6039fe30743709217616292bef1e8
DEBUG: activating version 706e4068ce654e0ebf77e05fdd520366 with url='http://135.225.105.160:8004/klps/versions/706e4068ce654e0ebf77e05fdd520366/status'
  ✓ Activated version: 706e4068ce654e0ebf77e05fdd520366
  → Recovered missing Language ID for KLP via mapping: 70b23178954a41a4a67e38292373733c
Updated KLP 'klp-3-flexion-point' -> 36f08153d15040b4a67518427ff25f3c
DEBUG: activating version c31b23668c5042a1ae092aec6083fbb1 with url='http://135.225.105.160:8004/klps/versions/c31b23668c5042a1ae092aec6083fbb1/status'
  ✓ Activated version: c31b23668c5042a1ae092aec6083fbb1
  → Recovered missing Language ID for KLP via mapping: 70b23178954a41a4a67e38292373733c
Updated KLP 'klp-3-intact-perineum' -> 0be3c4ca35af4feb89aa275c10644c9b
DEBUG: activating version e78b9cbcea014124b975fe89600aae1a with url='http://135.225.105.160:8004/klps/versions/e78b9cbcea014124b975fe89600aae1a/status'
  ✓ Activated version: e78b9cbcea014124b975fe89600aae1a
  → Recovered missing Language ID for KLP via mapping: 70b23178954a41a4a67e38292373733c
Updated KLP 'klp-2-prolonged-second-stage' -> 38226fd69e0441d3b26dde8d17bb7563
DEBUG: activating version 8f3c0233d39b48ccb0876379bd3d32b3 with url='http://135.225.105.160:8004/klps/versions/8f3c0233d39b48ccb0876379bd3d32b3/status'
  ✓ Activated version: 8f3c0233d39b48ccb0876379bd3d32b3
  → Recovered missing Language ID for KLP via mapping: 70b23178954a41a4a67e38292373733c
Updated KLP 'klp-2-prolonged-labour-indication' -> 0e133d8a6d674f6da0bdd5805542b71b
DEBUG: activating version ba75ceb21aa8457d81c3d90e2d597643 with url='http://135.225.105.160:8004/klps/versions/ba75ceb21aa8457d81c3d90e2d597643/status'
  ✓ Activated version: ba75ceb21aa8457d81c3d90e2d597643
  → Recovered missing Language ID for KLP via mapping: 70b23178954a41a4a67e38292373733c
Updated KLP 'klp-1-maternal-death' -> 4ecf4de0e79b4c1ea9f7f6c932e7db4f
DEBUG: activating version eb321823217545c99c453ea80d96388c with url='http://135.225.105.160:8004/klps/versions/eb321823217545c99c453ea80d96388c/status'
  ✓ Activated version: eb321823217545c99c453ea80d96388c
  → Recovered missing Language ID for KLP via mapping: 70b23178954a41a4a67e38292373733c
Updated KLP 'klp-1-common-cause-of-pph' -> b6d50d67413240c1b75bec1fc5082f73
DEBUG: activating version 300361e3555549e38d165d0b159483f5 with url='http://135.225.105.160:8004/klps/versions/300361e3555549e38d165d0b159483f5/status'
  ✓ Activated version: 300361e3555549e38d165d0b159483f5
  → Recovered missing Language ID for KLP via mapping: 70b23178954a41a4a67e38292373733c
Updated KLP 'klp-1-steps-of-immediate-management' -> e83fec5552da45bd9dc45b5df811d05a
DEBUG: activating version 244299854e114d48994c62084a824642 with url='http://135.225.105.160:8004/klps/versions/244299854e114d48994c62084a824642/status'
  ✓ Activated version: 244299854e114d48994c62084a824642
  → Recovered missing Language ID for KLP via mapping: 70b23178954a41a4a67e38292373733c
Updated KLP 'klp-1-symptoms-for-pph' -> 8d98294c2d154d52822e37f82d4b34a0
DEBUG: activating version 9f0a9af006084d288d6f5f1db808dd62 with url='http://135.225.105.160:8004/klps/versions/9f0a9af006084d288d6f5f1db808dd62/status'
  ✓ Activated version: 9f0a9af006084d288d6f5f1db808dd62
  → Recovered missing Language ID for KLP via mapping: 70b23178954a41a4a67e38292373733c
Updated KLP 'klp-1-aortic-compression' -> 91d6fdaccabf4219adf6018d5607fe6c
DEBUG: activating version 47fb9eae82a742b888063f760c597b84 with url='http://135.225.105.160:8004/klps/versions/47fb9eae82a742b888063f760c597b84/status'
  ✓ Activated version: 47fb9eae82a742b888063f760c597b84
  → Recovered missing Language ID for KLP via mapping: 70b23178954a41a4a67e38292373733c
Updated KLP 'klp-1-volume-replacement' -> 898bc84bcb3a4c80b2f04d912681a377
DEBUG: activating version 999fb9b30d1a46fa95e3fb5276ad53ff with url='http://135.225.105.160:8004/klps/versions/999fb9b30d1a46fa95e3fb5276ad53ff/status'
  ✓ Activated version: 999fb9b30d1a46fa95e3fb5276ad53ff
  → Recovered missing Language ID for KLP via mapping: 70b23178954a41a4a67e38292373733c
Updated KLP 'klp-3-immediate-management' -> 37811e85e859460fa46c4e47adead76b
DEBUG: activating version ea7427ba338c4601b152c58231104e3f with url='http://135.225.105.160:8004/klps/versions/ea7427ba338c4601b152c58231104e3f/status'
  ✓ Activated version: ea7427ba338c4601b152c58231104e3f
  → Recovered missing Language ID for KLP via mapping: 70b23178954a41a4a67e38292373733c
Updated KLP 'klp-3-uterine-massage-immediate-management' -> b754b04f96bf429798534eb5560ea113
DEBUG: activating version 076b7cd66f994905b362e5600d400dfe with url='http://135.225.105.160:8004/klps/versions/076b7cd66f994905b362e5600d400dfe/status'
  ✓ Activated version: 076b7cd66f994905b362e5600d400dfe
  → Recovered missing Language ID for KLP via mapping: 70b23178954a41a4a67e38292373733c
Updated KLP 'klp-2-oxytocin-dose' -> 3c2ed2b46fb94ddf8082c4f50705c84e
DEBUG: activating version 8cec8e0339d34bb680f7c1862d659e0a with url='http://135.225.105.160:8004/klps/versions/8cec8e0339d34bb680f7c1862d659e0a/status'
  ✓ Activated version: 8cec8e0339d34bb680f7c1862d659e0a
  → Recovered missing Language ID for KLP via mapping: 70b23178954a41a4a67e38292373733c
Updated KLP 'klp-1-uterotonics' -> 248c2f870f7341eca69fcb3749bd0437
DEBUG: activating version f8a3722d403749d1bffd1438ce34a0e7 with url='http://135.225.105.160:8004/klps/versions/f8a3722d403749d1bffd1438ce34a0e7/status'
  ✓ Activated version: f8a3722d403749d1bffd1438ce34a0e7
  → Recovered missing Language ID for KLP via mapping: 70b23178954a41a4a67e38292373733c
Updated KLP 'klp-1-uncontrolled-bleeding' -> 5413e100280043f583b0ecd4475866ac
DEBUG: activating version b9c6b12eb03548b89ed1a004dd3123b4 with url='http://135.225.105.160:8004/klps/versions/b9c6b12eb03548b89ed1a004dd3123b4/status'
  ✓ Activated version: b9c6b12eb03548b89ed1a004dd3123b4
  → Recovered missing Language ID for KLP via mapping: 70b23178954a41a4a67e38292373733c
Updated KLP 'klp-1-bimanual-compression-aortic-compression' -> 416c039751fc42bca8483d1b468732c2
DEBUG: activating version 5759043b97924828a1fe59d2482ad0d6 with url='http://135.225.105.160:8004/klps/versions/5759043b97924828a1fe59d2482ad0d6/status'
  ✓ Activated version: 5759043b97924828a1fe59d2482ad0d6
  → Recovered missing Language ID for KLP via mapping: 70b23178954a41a4a67e38292373733c
Updated KLP 'klp-2-bimanual-compression-procedure' -> 6ca3942ca9364426b896613c1d8c5468
DEBUG: activating version 4e273e7590fc4c0c9e42f4a90ee845a1 with url='http://135.225.105.160:8004/klps/versions/4e273e7590fc4c0c9e42f4a90ee845a1/status'
  ✓ Activated version: 4e273e7590fc4c0c9e42f4a90ee845a1
  → Recovered missing Language ID for KLP via mapping: 70b23178954a41a4a67e38292373733c
Updated KLP 'klp-2-aorta-compression-procedure' -> 1f85b5a48bc64150a1df1f3c0e7e89e5
DEBUG: activating version ac6170ec2f574daeb58822bddad5ddbb with url='http://135.225.105.160:8004/klps/versions/ac6170ec2f574daeb58822bddad5ddbb/status'
  ✓ Activated version: ac6170ec2f574daeb58822bddad5ddbb
  → Recovered missing Language ID for KLP via mapping: 70b23178954a41a4a67e38292373733c
Updated KLP 'klp-3-pph-drugs' -> f0c26c0b40ac41f882a25a335f1772be
DEBUG: activating version 8cbb67771dbe4eb8ace2e38b8d5c77b9 with url='http://135.225.105.160:8004/klps/versions/8cbb67771dbe4eb8ace2e38b8d5c77b9/status'
  ✓ Activated version: 8cbb67771dbe4eb8ace2e38b8d5c77b9
  → Recovered missing Language ID for KLP via mapping: 70b23178954a41a4a67e38292373733c
Updated KLP 'klp-3-ergometrine' -> 8f35db7b77b743609ea7fc2210f5547c
DEBUG: activating version f38758544f0b4b01b92eecfd97f41d2e with url='http://135.225.105.160:8004/klps/versions/f38758544f0b4b01b92eecfd97f41d2e/status'
  ✓ Activated version: f38758544f0b4b01b92eecfd97f41d2e
  → Recovered missing Language ID for KLP via mapping: 70b23178954a41a4a67e38292373733c
Updated KLP 'klp-1-first-degree-tear' -> e78bea8a8d0f41f6bab50386c0f8671e
DEBUG: activating version 19557e68c79d4417a064cb7f6f1dbdf2 with url='http://135.225.105.160:8004/klps/versions/19557e68c79d4417a064cb7f6f1dbdf2/status'
  ✓ Activated version: 19557e68c79d4417a064cb7f6f1dbdf2
  → Recovered missing Language ID for KLP via mapping: 70b23178954a41a4a67e38292373733c
Updated KLP 'klp-2-bleeding-from-a-vaginal-tear' -> 68178dfed843401995be82a8a7dd852b
DEBUG: activating version 3008ac76acd14ac3ba077538060d9697 with url='http://135.225.105.160:8004/klps/versions/3008ac76acd14ac3ba077538060d9697/status'
  ✓ Activated version: 3008ac76acd14ac3ba077538060d9697
  → Recovered missing Language ID for KLP via mapping: 70b23178954a41a4a67e38292373733c
Updated KLP 'klp-2-always-do-a-rectal-exploration' -> 201848ec039844ddbc7893d2852cafd9
DEBUG: activating version 915be98ea97640a5a40e1611088d2703 with url='http://135.225.105.160:8004/klps/versions/915be98ea97640a5a40e1611088d2703/status'
  ✓ Activated version: 915be98ea97640a5a40e1611088d2703
  → Recovered missing Language ID for KLP via mapping: 70b23178954a41a4a67e38292373733c
Updated KLP 'klp-2-placental-tissue-missing' -> 637bdfb78d3b43b3873c6fbe471b7631
DEBUG: activating version 5ee0259e911e43e2a097f29f201f0d0a with url='http://135.225.105.160:8004/klps/versions/5ee0259e911e43e2a097f29f201f0d0a/status'
  ✓ Activated version: 5ee0259e911e43e2a097f29f201f0d0a
  → Recovered missing Language ID for KLP via mapping: 70b23178954a41a4a67e38292373733c
Updated KLP 'klp-2-ubt' -> 636bc1bac2c344d29566af478a9c2140
DEBUG: activating version 37e993acc0a3437a91eff54b7a658101 with url='http://135.225.105.160:8004/klps/versions/37e993acc0a3437a91eff54b7a658101/status'
  ✓ Activated version: 37e993acc0a3437a91eff54b7a658101
  → Recovered missing Language ID for KLP via mapping: 70b23178954a41a4a67e38292373733c
Updated KLP 'klp-3-removal-of-tissue-list-the-actions-in-correct-order' -> a4200e7f1a7f41109e76dde6910537cd
DEBUG: activating version 6343a1279ef64491855307b77dcb49b3 with url='http://135.225.105.160:8004/klps/versions/6343a1279ef64491855307b77dcb49b3/status'
  ✓ Activated version: 6343a1279ef64491855307b77dcb49b3
  → Recovered missing Language ID for KLP via mapping: 70b23178954a41a4a67e38292373733c
Updated KLP 'klp-3-when-to-measure-hemoglobin' -> 8c511072e6ad46f9940015399742a64d
DEBUG: activating version 4df97a6186664afa8375589f960ef509 with url='http://135.225.105.160:8004/klps/versions/4df97a6186664afa8375589f960ef509/status'
  ✓ Activated version: 4df97a6186664afa8375589f960ef509
  → Recovered missing Language ID for KLP via mapping: 70b23178954a41a4a67e38292373733c
Updated KLP 'klp-2-ifa-dose-in-postpartum' -> 98fbfff790754b6da8802995b7185242
DEBUG: activating version f12801a7eb644235a2a6d0c7c516e85e with url='http://135.225.105.160:8004/klps/versions/f12801a7eb644235a2a6d0c7c516e85e/status'
  ✓ Activated version: f12801a7eb644235a2a6d0c7c516e85e
  → Recovered missing Language ID for KLP via mapping: 70b23178954a41a4a67e38292373733c
Updated KLP 'klp-3-tear-management' -> e5be87dcc6ba4049a01c48fdf770409a
DEBUG: activating version 628a771bf8d84b648cd2de1651ce1eee with url='http://135.225.105.160:8004/klps/versions/628a771bf8d84b648cd2de1651ce1eee/status'
  ✓ Activated version: 628a771bf8d84b648cd2de1651ce1eee
  → Recovered missing Language ID for KLP via mapping: 70b23178954a41a4a67e38292373733c
Updated KLP 'klp-3-causes-of-pph' -> 4cae99aa040f42adafbf54fe1581b673
DEBUG: activating version 8f8dd478d8354fcdadc1b7ebd6bda08f with url='http://135.225.105.160:8004/klps/versions/8f8dd478d8354fcdadc1b7ebd6bda08f/status'
  ✓ Activated version: 8f8dd478d8354fcdadc1b7ebd6bda08f
  → Recovered missing Language ID for KLP via mapping: 70b23178954a41a4a67e38292373733c
Updated KLP 'klp-2-correct-position-pph' -> 263c9571e2d1404c820c656c95640446
DEBUG: activating version 93bb000460ab4c53a1c44e016b287036 with url='http://135.225.105.160:8004/klps/versions/93bb000460ab4c53a1c44e016b287036/status'
  ✓ Activated version: 93bb000460ab4c53a1c44e016b287036
  → Recovered missing Language ID for KLP via mapping: 70b23178954a41a4a67e38292373733c
Updated KLP 'klp-2-ubt-deflation' -> bc000d252016447ba977e463b19f6fe3
DEBUG: activating version 8d414d4765d0450bb9fbea86573a6297 with url='http://135.225.105.160:8004/klps/versions/8d414d4765d0450bb9fbea86573a6297/status'
  ✓ Activated version: 8d414d4765d0450bb9fbea86573a6297
  → Recovered missing Language ID for KLP via mapping: 70b23178954a41a4a67e38292373733c
Updated KLP 'klp-3-ubt-insertion' -> bf9c9efb9d454109a7591366ea1a88be
DEBUG: activating version 5f168c79a82448ef90d5cb1815a00859 with url='http://135.225.105.160:8004/klps/versions/5f168c79a82448ef90d5cb1815a00859/status'
  ✓ Activated version: 5f168c79a82448ef90d5cb1815a00859
  → Recovered missing Language ID for KLP via mapping: 70b23178954a41a4a67e38292373733c
Updated KLP 'klp-3-pph-definition' -> da843a23e1e340dcb87946799d600505
DEBUG: activating version d28fa93f640a48fc91750b7ba42166f1 with url='http://135.225.105.160:8004/klps/versions/d28fa93f640a48fc91750b7ba42166f1/status'
  ✓ Activated version: d28fa93f640a48fc91750b7ba42166f1
  → Recovered missing Language ID for KLP via mapping: 70b23178954a41a4a67e38292373733c
Updated KLP 'klp-1-referral-pph' -> 3de22bae628e410ca3fab834dc3f13bd
DEBUG: activating version 87a95990523e48e4ac0ad4df18cb9ef8 with url='http://135.225.105.160:8004/klps/versions/87a95990523e48e4ac0ad4df18cb9ef8/status'
  ✓ Activated version: 87a95990523e48e4ac0ad4df18cb9ef8
  → Recovered missing Language ID for KLP via mapping: 70b23178954a41a4a67e38292373733c
Updated KLP 'klp-2-types-of-pph' -> ede716ed8c78416fb6f049fad2e48d2f
DEBUG: activating version b853c8f02a064542adb8319bd48bdada with url='http://135.225.105.160:8004/klps/versions/b853c8f02a064542adb8319bd48bdada/status'
  ✓ Activated version: b853c8f02a064542adb8319bd48bdada
  → Recovered missing Language ID for KLP via mapping: 70b23178954a41a4a67e38292373733c
Updated KLP 'klp-1-how-aorta-compression' -> 08b5abd65f2f462392a97fa1dcfbddb2
DEBUG: activating version 644a8632e14c4a05b7269889e76a8015 with url='http://135.225.105.160:8004/klps/versions/644a8632e14c4a05b7269889e76a8015/status'
  ✓ Activated version: 644a8632e14c4a05b7269889e76a8015
  → Recovered missing Language ID for KLP via mapping: 70b23178954a41a4a67e38292373733c
Updated KLP 'klp-3-vital-signs-monitoring-pph' -> a82fbacebe964daa9dfb9716ebac83c0
DEBUG: activating version bcc518e7816448e8945c51b88e91d000 with url='http://135.225.105.160:8004/klps/versions/bcc518e7816448e8945c51b88e91d000/status'
  ✓ Activated version: bcc518e7816448e8945c51b88e91d000
  → Recovered missing Language ID for KLP via mapping: 70b23178954a41a4a67e38292373733c
Updated KLP 'klp-2-carbetocin' -> abf97c350ccb4006ae6fae1ce73968b0
DEBUG: activating version 5ae51135572048ef9cddeb7f6451f61e with url='http://135.225.105.160:8004/klps/versions/5ae51135572048ef9cddeb7f6451f61e/status'
  ✓ Activated version: 5ae51135572048ef9cddeb7f6451f61e
  → Recovered missing Language ID for KLP via mapping: 70b23178954a41a4a67e38292373733c
Updated KLP 'klp-1-mother-in-shock' -> 399a7f9863494efbb9e4502266334231
DEBUG: activating version a26b80c06bfa44e5a64deaff552df6a2 with url='http://135.225.105.160:8004/klps/versions/a26b80c06bfa44e5a64deaff552df6a2/status'
  ✓ Activated version: a26b80c06bfa44e5a64deaff552df6a2
  → Recovered missing Language ID for KLP via mapping: 70b23178954a41a4a67e38292373733c
Updated KLP 'klp-1-time-before-placenta-is-born' -> c11eb37717c64ac28da9e552a0567845
DEBUG: activating version 845949a0669248a5bc2d3cce76847997 with url='http://135.225.105.160:8004/klps/versions/845949a0669248a5bc2d3cce76847997/status'
  ✓ Activated version: 845949a0669248a5bc2d3cce76847997
  → Recovered missing Language ID for KLP via mapping: 70b23178954a41a4a67e38292373733c
Updated KLP 'klp-1-remove-manually' -> f1ea2ab83e2e4a9cb9d48d6b8f5f6bac
DEBUG: activating version e6791aed38144ffabb818535835c1b3b with url='http://135.225.105.160:8004/klps/versions/e6791aed38144ffabb818535835c1b3b/status'
  ✓ Activated version: e6791aed38144ffabb818535835c1b3b
  → Recovered missing Language ID for KLP via mapping: 70b23178954a41a4a67e38292373733c
Updated KLP 'klp-1-life-threatening' -> a586763f597b442f8ae37de6b9d94755
DEBUG: activating version ddd89288693f4d6393d1826f987f27a6 with url='http://135.225.105.160:8004/klps/versions/ddd89288693f4d6393d1826f987f27a6/status'
  ✓ Activated version: ddd89288693f4d6393d1826f987f27a6
  → Recovered missing Language ID for KLP via mapping: 70b23178954a41a4a67e38292373733c
Updated KLP 'klp-1-overall-action' -> d980013c8e17459e8eed9b54ba8d22df
DEBUG: activating version c1940af01d364359b5cfa798015e4539 with url='http://135.225.105.160:8004/klps/versions/c1940af01d364359b5cfa798015e4539/status'
  ✓ Activated version: c1940af01d364359b5cfa798015e4539
  → Recovered missing Language ID for KLP via mapping: 70b23178954a41a4a67e38292373733c
Updated KLP 'klp-2-maintain-compression' -> f3e8921813b244edb471bcff083fd0ee
DEBUG: activating version a0dee57678154ef0b39173f23496baf9 with url='http://135.225.105.160:8004/klps/versions/a0dee57678154ef0b39173f23496baf9/status'
  ✓ Activated version: a0dee57678154ef0b39173f23496baf9
  → Recovered missing Language ID for KLP via mapping: 70b23178954a41a4a67e38292373733c
Updated KLP 'klp-3-iv-fluid' -> 490214feeec6403dad81ff8b406fbd7d
DEBUG: activating version cad502c01bd64691b0f00b4145a9da52 with url='http://135.225.105.160:8004/klps/versions/cad502c01bd64691b0f00b4145a9da52/status'
  ✓ Activated version: cad502c01bd64691b0f00b4145a9da52
  → Recovered missing Language ID for KLP via mapping: 70b23178954a41a4a67e38292373733c
Updated KLP 'klp-3-fluid-gives-fast' -> e8d166b6fbeb4042836ed867b80886c4
DEBUG: activating version ad4a0c6b7f41418a80e8b10bf466857a with url='http://135.225.105.160:8004/klps/versions/ad4a0c6b7f41418a80e8b10bf466857a/status'
  ✓ Activated version: ad4a0c6b7f41418a80e8b10bf466857a
  → Recovered missing Language ID for KLP via mapping: 70b23178954a41a4a67e38292373733c
Updated KLP 'klp-3-blood-transfusion' -> 6df2f8bf97dc4344ac6a110b15e633ff
DEBUG: activating version 77560cf033314e538b86d43307d06c08 with url='http://135.225.105.160:8004/klps/versions/77560cf033314e538b86d43307d06c08/status'
  ✓ Activated version: 77560cf033314e538b86d43307d06c08
  → Recovered missing Language ID for KLP via mapping: 70b23178954a41a4a67e38292373733c
Warning: Could not resolve video link 'video:/Manual removal of placenta/gloves'. Path segments: ['Manual removal of placenta', 'gloves'], tried prefix='res-video-manual-removal-of-placenta-', suffix='-gloves'
  Warning: Link 'video:/Manual removal of placenta/gloves' not in mapping or could not be resolved, removing from question
Updated KLP 'klp-3-gloves-and-manual-removal-of-placenta' -> 8ff03b3d635249ed8f76e47e5d4b9752
DEBUG: activating version bce3145bca874d5a8f57d3b78dda6fe0 with url='http://135.225.105.160:8004/klps/versions/bce3145bca874d5a8f57d3b78dda6fe0/status'
  ✓ Activated version: bce3145bca874d5a8f57d3b78dda6fe0
  → Recovered missing Language ID for KLP via mapping: 70b23178954a41a4a67e38292373733c
Updated KLP 'klp-1-right-order-for-removal-of-placenta' -> dff8da847a0040089333d11268b8b617
DEBUG: activating version a2ca6072333b4c94a567315cdc47e216 with url='http://135.225.105.160:8004/klps/versions/a2ca6072333b4c94a567315cdc47e216/status'
  ✓ Activated version: a2ca6072333b4c94a567315cdc47e216
  → Recovered missing Language ID for KLP via mapping: 70b23178954a41a4a67e38292373733c
Updated KLP 'klp-1-the-overall-action-to-control-pph' -> 46cccaf1e18d4fa682085891c55b570a
DEBUG: activating version 6a3267ca9d5046a68bc280d68b1df72f with url='http://135.225.105.160:8004/klps/versions/6a3267ca9d5046a68bc280d68b1df72f/status'
  ✓ Activated version: 6a3267ca9d5046a68bc280d68b1df72f
  → Recovered missing Language ID for KLP via mapping: 70b23178954a41a4a67e38292373733c
Updated KLP 'klp-3-condom-balloon-tamponade' -> 6ae7c7b8d7794d8cb987968dcc8f9da0
DEBUG: activating version 5c1b30ea7794472ab40ce6a5c61ed5c0 with url='http://135.225.105.160:8004/klps/versions/5c1b30ea7794472ab40ce6a5c61ed5c0/status'
  ✓ Activated version: 5c1b30ea7794472ab40ce6a5c61ed5c0
  → Recovered missing Language ID for KLP via mapping: 70b23178954a41a4a67e38292373733c
Updated KLP 'klp-2-day-after-recommendations' -> a21e91b5b3e44677b23369990585be79
DEBUG: activating version ce910a1ef62e4a499113004d40868281 with url='http://135.225.105.160:8004/klps/versions/ce910a1ef62e4a499113004d40868281/status'
  ✓ Activated version: ce910a1ef62e4a499113004d40868281
  → Recovered missing Language ID for KLP via mapping: 70b23178954a41a4a67e38292373733c
Updated KLP 'klp-1-refer-manual-removal' -> 6c96681f5cbb45ac89923c59061000d0
DEBUG: activating version 86f953d72175450dae97ce0954ab21cd with url='http://135.225.105.160:8004/klps/versions/86f953d72175450dae97ce0954ab21cd/status'
  ✓ Activated version: 86f953d72175450dae97ce0954ab21cd
  → Recovered missing Language ID for KLP via mapping: 70b23178954a41a4a67e38292373733c
Updated KLP 'klp-1-manual-removal-bemonc' -> 7bdcff31fbf14a28be914da58aa69f9c
DEBUG: activating version 81d32263b58f4a3f81bad9a99fdfb428 with url='http://135.225.105.160:8004/klps/versions/81d32263b58f4a3f81bad9a99fdfb428/status'
  ✓ Activated version: 81d32263b58f4a3f81bad9a99fdfb428
  → Recovered missing Language ID for KLP via mapping: 70b23178954a41a4a67e38292373733c
Updated KLP 'klp-2-when-manual-removal' -> 56881ed5fc3d40598b2b9767911a111f
DEBUG: activating version 4573e1be59f84bd583cad8712c7f9c76 with url='http://135.225.105.160:8004/klps/versions/4573e1be59f84bd583cad8712c7f9c76/status'
  ✓ Activated version: 4573e1be59f84bd583cad8712c7f9c76
  → Recovered missing Language ID for KLP via mapping: 70b23178954a41a4a67e38292373733c
Updated KLP 'klp-3-heavy-bleeding' -> 5bff42f0eb5d4395867216af7fb3d545
DEBUG: activating version 5d979b9dd59740d18eced1c324abb3db with url='http://135.225.105.160:8004/klps/versions/5d979b9dd59740d18eced1c324abb3db/status'
  ✓ Activated version: 5d979b9dd59740d18eced1c324abb3db
  → Recovered missing Language ID for KLP via mapping: 70b23178954a41a4a67e38292373733c
Updated KLP 'klp-2-excessive-bleeding' -> 560a2a67b2e3466291c1d9d449eae044
DEBUG: activating version 9c2dea3fcbad4c688c28a91fc56efe14 with url='http://135.225.105.160:8004/klps/versions/9c2dea3fcbad4c688c28a91fc56efe14/status'
  ✓ Activated version: 9c2dea3fcbad4c688c28a91fc56efe14
  → Recovered missing Language ID for KLP via mapping: 70b23178954a41a4a67e38292373733c
Updated KLP 'klp-2-stop-bleeding-retained-placenta' -> e52e65b662324370bfb67fb18a1a67ad
DEBUG: activating version ad8c292ee27e41aab071dd3bb54eb12b with url='http://135.225.105.160:8004/klps/versions/ad8c292ee27e41aab071dd3bb54eb12b/status'
  ✓ Activated version: ad8c292ee27e41aab071dd3bb54eb12b
  → Recovered missing Language ID for KLP via mapping: 70b23178954a41a4a67e38292373733c
Updated KLP 'klp-3-resuscitation' -> 8c48904887454483bc7473f235bff28d
DEBUG: activating version 40d4ebe24b24474fbe9d6bda005cfe8d with url='http://135.225.105.160:8004/klps/versions/40d4ebe24b24474fbe9d6bda005cfe8d/status'
  ✓ Activated version: 40d4ebe24b24474fbe9d6bda005cfe8d
  → Recovered missing Language ID for KLP via mapping: 70b23178954a41a4a67e38292373733c
Updated KLP 'klp-3-how-to-manually-remove-the-placenta' -> dc2868bc62ee4ea9951f5ae640641f2b
DEBUG: activating version 654445346d674850b4b15653c3118934 with url='http://135.225.105.160:8004/klps/versions/654445346d674850b4b15653c3118934/status'
  ✓ Activated version: 654445346d674850b4b15653c3118934
  → Recovered missing Language ID for KLP via mapping: 70b23178954a41a4a67e38292373733c
Updated KLP 'klp-1-repeat-intrauterine-palpation' -> c6ed64e6ae0f4449ba8f44cf4dca2652
DEBUG: activating version 116d3e381e744b6a987a0046775b58d3 with url='http://135.225.105.160:8004/klps/versions/116d3e381e744b6a987a0046775b58d3/status'
  ✓ Activated version: 116d3e381e744b6a987a0046775b58d3
  → Recovered missing Language ID for KLP via mapping: 70b23178954a41a4a67e38292373733c
Updated KLP 'klp-3-after-removal-of-placenta' -> d14706468c574b18a533aaea7c7bd604
DEBUG: activating version 40a97417ad5d4f2dbc7113405fb7088d with url='http://135.225.105.160:8004/klps/versions/40a97417ad5d4f2dbc7113405fb7088d/status'
  ✓ Activated version: 40a97417ad5d4f2dbc7113405fb7088d
  → Recovered missing Language ID for KLP via mapping: 70b23178954a41a4a67e38292373733c
Updated KLP 'klp-1-action-right-after-removal-of-placenta' -> 546db5f818b74d5fba20f0c95d303811
DEBUG: activating version 2f90b96c2bd646d1b0e4af30f6001618 with url='http://135.225.105.160:8004/klps/versions/2f90b96c2bd646d1b0e4af30f6001618/status'
  ✓ Activated version: 2f90b96c2bd646d1b0e4af30f6001618
  → Recovered missing Language ID for KLP via mapping: 70b23178954a41a4a67e38292373733c
Updated KLP 'klp-1-blood-inside-uterus-in' -> cce68ed2b9894effae5957f4637a7d44
DEBUG: activating version b193b36ad45d4e3da42702c6a89de2c7 with url='http://135.225.105.160:8004/klps/versions/b193b36ad45d4e3da42702c6a89de2c7/status'
  ✓ Activated version: b193b36ad45d4e3da42702c6a89de2c7
  → Recovered missing Language ID for KLP via mapping: 70b23178954a41a4a67e38292373733c
Updated KLP 'klp-3-broad-spectrum-antibiotics' -> ddcd501c1e12464a81af483b0d5745f2
DEBUG: activating version 5153d47db2a247daaec711cf266aec8a with url='http://135.225.105.160:8004/klps/versions/5153d47db2a247daaec711cf266aec8a/status'
  ✓ Activated version: 5153d47db2a247daaec711cf266aec8a
  → Recovered missing Language ID for KLP via mapping: 70b23178954a41a4a67e38292373733c
Updated KLP 'klp-1-removal-of-placenta' -> 0874766c20234c38bc5dce4b71454975
DEBUG: activating version 9409840a2bfb42da8640a53117de55d8 with url='http://135.225.105.160:8004/klps/versions/9409840a2bfb42da8640a53117de55d8/status'
  ✓ Activated version: 9409840a2bfb42da8640a53117de55d8
  → Recovered missing Language ID for KLP via mapping: 70b23178954a41a4a67e38292373733c
Updated KLP 'klp-3-tranexamic-acid' -> 8c84bba230534c2e86f1fcfe27283299
DEBUG: activating version 18ded04234464423bfacd22b35cbe6ec with url='http://135.225.105.160:8004/klps/versions/18ded04234464423bfacd22b35cbe6ec/status'
  ✓ Activated version: 18ded04234464423bfacd22b35cbe6ec
  → Recovered missing Language ID for KLP via mapping: 70b23178954a41a4a67e38292373733c
Updated KLP 'klp-2-uterine-balloon-tamponade-ubt' -> 7bec80b783d940ebad124d1b12a4be8d
DEBUG: activating version ee976775bf0941c898e7a4bd8f31069a with url='http://135.225.105.160:8004/klps/versions/ee976775bf0941c898e7a4bd8f31069a/status'
  ✓ Activated version: ee976775bf0941c898e7a4bd8f31069a
  → Recovered missing Language ID for KLP via mapping: 70b23178954a41a4a67e38292373733c
Updated KLP 'klp-2-where-to-perform-mrp' -> 8e111f31574c4ae38ed9104487dd0277
DEBUG: activating version 9917abfb9a224603b9c481ebb8284797 with url='http://135.225.105.160:8004/klps/versions/9917abfb9a224603b9c481ebb8284797/status'
  ✓ Activated version: 9917abfb9a224603b9c481ebb8284797
  → Recovered missing Language ID for KLP via mapping: 70b23178954a41a4a67e38292373733c
Updated KLP 'klp-2-how-to-manually-remove-the-placenta' -> 200a97fa094246fcaf5b5f54e863de1d
DEBUG: activating version 1a0114fc10c94b75b0376d953f369611 with url='http://135.225.105.160:8004/klps/versions/1a0114fc10c94b75b0376d953f369611/status'
  ✓ Activated version: 1a0114fc10c94b75b0376d953f369611
  → Recovered missing Language ID for KLP via mapping: 70b23178954a41a4a67e38292373733c
Updated KLP 'klp-2-drug-after-removal-of-placenta-new' -> 9a3447bdf6b14108b6ee0d3f937383e5
DEBUG: activating version a49b571aa4ab45bdaa19eb73104a6411 with url='http://135.225.105.160:8004/klps/versions/a49b571aa4ab45bdaa19eb73104a6411/status'
  ✓ Activated version: a49b571aa4ab45bdaa19eb73104a6411
  → Recovered missing Language ID for KLP via mapping: 70b23178954a41a4a67e38292373733c
Updated KLP 'klp-3-adequate-aorta-compression' -> 75bd1dd7cc834f8c86ac89814d93ab19
DEBUG: activating version 9f5330d820dd4db99e9550e80430d266 with url='http://135.225.105.160:8004/klps/versions/9f5330d820dd4db99e9550e80430d266/status'
  ✓ Activated version: 9f5330d820dd4db99e9550e80430d266
  → Recovered missing Language ID for KLP via mapping: 70b23178954a41a4a67e38292373733c
Updated KLP 'klp-2-anaesthesia' -> d0c97e7f1f0748bfbdf4ead6fdd85f61
DEBUG: activating version 44c9d69db2624f41abba36acd8cc5aff with url='http://135.225.105.160:8004/klps/versions/44c9d69db2624f41abba36acd8cc5aff/status'
  ✓ Activated version: 44c9d69db2624f41abba36acd8cc5aff
  → Recovered missing Language ID for KLP via mapping: 70b23178954a41a4a67e38292373733c
Updated KLP 'klp-2-aorta-compression-and-manual-removal' -> 0c172b7d46c147519063282a157f4611
DEBUG: activating version 15be68f296434ac98e95fc16ae806eda with url='http://135.225.105.160:8004/klps/versions/15be68f296434ac98e95fc16ae806eda/status'
  ✓ Activated version: 15be68f296434ac98e95fc16ae806eda
  → Recovered missing Language ID for KLP via mapping: 70b23178954a41a4a67e38292373733c
Warning: Could not resolve video link 'video:/Manual removal of placenta/IND_ENG_NEW_referral'. Path segments: ['Manual removal of placenta', 'IND_ENG_NEW_referral'], tried prefix='res-video-manual-removal-of-placenta-', suffix='-ind-eng-new-referral'
  Warning: Link 'video:/Manual removal of placenta/IND_ENG_NEW_referral' not in mapping or could not be resolved, removing from question
Updated KLP 'klp-2-referral-mrp' -> 6674ce39d5684ef7be813786fa1b88da
DEBUG: activating version 9e3769f4ca6f4d1991c942da58c0efe6 with url='http://135.225.105.160:8004/klps/versions/9e3769f4ca6f4d1991c942da58c0efe6/status'
  ✓ Activated version: 9e3769f4ca6f4d1991c942da58c0efe6
  → Recovered missing Language ID for KLP via mapping: 70b23178954a41a4a67e38292373733c
Updated KLP 'klp-1-meaning-of-sepsis' -> e90ceef94c394cb2b59b922c8ca1300e
DEBUG: activating version b13d52d25f044adea27cea822ee17850 with url='http://135.225.105.160:8004/klps/versions/b13d52d25f044adea27cea822ee17850/status'
  ✓ Activated version: b13d52d25f044adea27cea822ee17850
  → Recovered missing Language ID for KLP via mapping: 70b23178954a41a4a67e38292373733c
Updated KLP 'klp-1-diagnose-sepsis' -> a4cd198cdad04fab86c116042d89d703
DEBUG: activating version 59baaca4e92d4820ba859a09de08308a with url='http://135.225.105.160:8004/klps/versions/59baaca4e92d4820ba859a09de08308a/status'
  ✓ Activated version: 59baaca4e92d4820ba859a09de08308a
  → Recovered missing Language ID for KLP via mapping: 70b23178954a41a4a67e38292373733c
Updated KLP 'klp-1-septic-shock' -> 73cbba314a2f492ab3045049d787637f
DEBUG: activating version ad756f012ef940ff840f1411b0d7a373 with url='http://135.225.105.160:8004/klps/versions/ad756f012ef940ff840f1411b0d7a373/status'
  ✓ Activated version: ad756f012ef940ff840f1411b0d7a373
  → Recovered missing Language ID for KLP via mapping: 70b23178954a41a4a67e38292373733c
Updated KLP 'klp-1-vital-signs' -> 1717082429fa4bcc859e02f2e97fd9a4
DEBUG: activating version 8b5bf9852977405889f5a2ac03269a06 with url='http://135.225.105.160:8004/klps/versions/8b5bf9852977405889f5a2ac03269a06/status'
  ✓ Activated version: 8b5bf9852977405889f5a2ac03269a06
  → Recovered missing Language ID for KLP via mapping: 70b23178954a41a4a67e38292373733c
Updated KLP 'klp-2-importance-of-fluid-management' -> 5d76fdfe02174765a80e8b174ec2e846
DEBUG: activating version 4c2f8b279155476fa9ecda8eb58125d9 with url='http://135.225.105.160:8004/klps/versions/4c2f8b279155476fa9ecda8eb58125d9/status'
  ✓ Activated version: 4c2f8b279155476fa9ecda8eb58125d9
  → Recovered missing Language ID for KLP via mapping: 70b23178954a41a4a67e38292373733c
Updated KLP 'klp-2-chorioamnionitis-signs-and-symptoms' -> c9d7cfee7ce4483e803b90414457dfb0
DEBUG: activating version 0cf7319f7fa2415ea5146cfda1cd3f24 with url='http://135.225.105.160:8004/klps/versions/0cf7319f7fa2415ea5146cfda1cd3f24/status'
  ✓ Activated version: 0cf7319f7fa2415ea5146cfda1cd3f24
  → Recovered missing Language ID for KLP via mapping: 70b23178954a41a4a67e38292373733c
Updated KLP 'klp-2-fluid-balance-be-calculated' -> 9613c0d86d5f4afcb85b19b149d7d2c7
DEBUG: activating version 2e383a12ba59489e8e5338441ab912df with url='http://135.225.105.160:8004/klps/versions/2e383a12ba59489e8e5338441ab912df/status'
  ✓ Activated version: 2e383a12ba59489e8e5338441ab912df
  → Recovered missing Language ID for KLP via mapping: 70b23178954a41a4a67e38292373733c
Warning: Could not resolve action-card link 'action-card:following-management_1486840964786'. Candidates: ['res-action-card-india-following-management', 'res-action-card-following-management']
  Warning: Link 'action-card:following-management_1486840964786' not in mapping or could not be resolved, removing from question
Updated KLP 'klp-2-fluid-balance-be' -> a28f553f4db44c5aa2b92f5f025ca066
DEBUG: activating version d7c84be9733946b5b1e00a27419fbe51 with url='http://135.225.105.160:8004/klps/versions/d7c84be9733946b5b1e00a27419fbe51/status'
  ✓ Activated version: d7c84be9733946b5b1e00a27419fbe51
  → Recovered missing Language ID for KLP via mapping: 70b23178954a41a4a67e38292373733c
Updated KLP 'klp-2-in-case-of-a-septic-shock-it-should-be-calculated-each-hour' -> 63653ca8ee764a11825ee9de1f7b666a
DEBUG: activating version 095d911fb3b74069977b7f888aee4282 with url='http://135.225.105.160:8004/klps/versions/095d911fb3b74069977b7f888aee4282/status'
  ✓ Activated version: 095d911fb3b74069977b7f888aee4282
  → Recovered missing Language ID for KLP via mapping: 70b23178954a41a4a67e38292373733c
Updated KLP 'klp-2-complications-to-sepsis' -> 26192c1b0db849feaf54503e75b1d6b7
DEBUG: activating version 37ebdbd0a7e04d9daab320236b512d3d with url='http://135.225.105.160:8004/klps/versions/37ebdbd0a7e04d9daab320236b512d3d/status'
  ✓ Activated version: 37ebdbd0a7e04d9daab320236b512d3d
  → Recovered missing Language ID for KLP via mapping: 70b23178954a41a4a67e38292373733c
Updated KLP 'klp-1-initial-management' -> f1cf1c05eb694fe8b22f18b29365dd06
DEBUG: activating version 51a0df85d3fd4e1388422b594781154c with url='http://135.225.105.160:8004/klps/versions/51a0df85d3fd4e1388422b594781154c/status'
  ✓ Activated version: 51a0df85d3fd4e1388422b594781154c
  → Recovered missing Language ID for KLP via mapping: 70b23178954a41a4a67e38292373733c
Updated KLP 'klp-2-circulation' -> 14939980405c4060ba323a8b98b22d80
DEBUG: activating version 7b6e4742d1b44021b25d7241c9e418ec with url='http://135.225.105.160:8004/klps/versions/7b6e4742d1b44021b25d7241c9e418ec/status'
  ✓ Activated version: 7b6e4742d1b44021b25d7241c9e418ec
  → Recovered missing Language ID for KLP via mapping: 70b23178954a41a4a67e38292373733c
Updated KLP 'klp-3-drugs' -> 1f97c6d984fb45a180c730a835e341f8
DEBUG: activating version 895f31d5cbc341a7b208d7aba5102003 with url='http://135.225.105.160:8004/klps/versions/895f31d5cbc341a7b208d7aba5102003/status'
  ✓ Activated version: 895f31d5cbc341a7b208d7aba5102003
  → Recovered missing Language ID for KLP via mapping: 70b23178954a41a4a67e38292373733c
Updated KLP 'klp-3-ampicillin-sepsis' -> 0fa8474886914bde84b90cd945781c9a
DEBUG: activating version 97532a685f4846b38be91da6a71c2067 with url='http://135.225.105.160:8004/klps/versions/97532a685f4846b38be91da6a71c2067/status'
  ✓ Activated version: 97532a685f4846b38be91da6a71c2067
  → Recovered missing Language ID for KLP via mapping: 70b23178954a41a4a67e38292373733c
Updated KLP 'klp-3-gentamicin' -> c04f63cb73564da2ba4ca6354dd9afa4
DEBUG: activating version 46a8042f8724486d8b6227b65adac024 with url='http://135.225.105.160:8004/klps/versions/46a8042f8724486d8b6227b65adac024/status'
  ✓ Activated version: 46a8042f8724486d8b6227b65adac024
  → Recovered missing Language ID for KLP via mapping: 70b23178954a41a4a67e38292373733c
Updated KLP 'klp-3-metronidazole' -> f0e552858d614089a7712accb2c469f1
DEBUG: activating version e435d5c9fd5842939708a50a5758f1f2 with url='http://135.225.105.160:8004/klps/versions/e435d5c9fd5842939708a50a5758f1f2/status'
  ✓ Activated version: e435d5c9fd5842939708a50a5758f1f2
  → Recovered missing Language ID for KLP via mapping: 70b23178954a41a4a67e38292373733c
Updated KLP 'klp-3-diagnosis-for-respiratory-distress' -> 6a3ce5fc2ebe4486add04c147926b939
DEBUG: activating version 1d032e9c271e4298a55803cf14769d62 with url='http://135.225.105.160:8004/klps/versions/1d032e9c271e4298a55803cf14769d62/status'
  ✓ Activated version: 1d032e9c271e4298a55803cf14769d62
  → Recovered missing Language ID for KLP via mapping: 70b23178954a41a4a67e38292373733c
Updated KLP 'klp-3-oxygen-administration' -> 84d94c768350459580da11a4ecf5f721
DEBUG: activating version 60a41b0212f94a909d1e02f81dd7e0f5 with url='http://135.225.105.160:8004/klps/versions/60a41b0212f94a909d1e02f81dd7e0f5/status'
  ✓ Activated version: 60a41b0212f94a909d1e02f81dd7e0f5
  → Recovered missing Language ID for KLP via mapping: 70b23178954a41a4a67e38292373733c
Updated KLP 'klp-3-referral-slip-details' -> 5d22b7a91352409e8eee9ef0db1e19f7
DEBUG: activating version ba3d5d6faf2c48d7b0a7ad7a689900fc with url='http://135.225.105.160:8004/klps/versions/ba3d5d6faf2c48d7b0a7ad7a689900fc/status'
  ✓ Activated version: ba3d5d6faf2c48d7b0a7ad7a689900fc
  → Recovered missing Language ID for KLP via mapping: 70b23178954a41a4a67e38292373733c
Updated KLP 'klp-2-malaria' -> 0ec74ea5537d46459337f01a33578faf
DEBUG: activating version f922da5345d64fa2b4f68bfac65f8d00 with url='http://135.225.105.160:8004/klps/versions/f922da5345d64fa2b4f68bfac65f8d00/status'
  ✓ Activated version: f922da5345d64fa2b4f68bfac65f8d00
  → Recovered missing Language ID for KLP via mapping: 70b23178954a41a4a67e38292373733c
Updated KLP 'klp-3-malaria-drugs' -> f97537d54fc944f5a0c08dfe6152f94d
DEBUG: activating version 61d785d4c1b149b9851bed200863884b with url='http://135.225.105.160:8004/klps/versions/61d785d4c1b149b9851bed200863884b/status'
  ✓ Activated version: 61d785d4c1b149b9851bed200863884b
  → Recovered missing Language ID for KLP via mapping: 70b23178954a41a4a67e38292373733c
Updated KLP 'klp-3-artesunate' -> 156c1bff79f74977901cec3e9457259f
DEBUG: activating version 66f2c0dc99634ed280416624640f37d6 with url='http://135.225.105.160:8004/klps/versions/66f2c0dc99634ed280416624640f37d6/status'
  ✓ Activated version: 66f2c0dc99634ed280416624640f37d6
  → Recovered missing Language ID for KLP via mapping: 70b23178954a41a4a67e38292373733c
Updated KLP 'klp-3-quinine' -> 20ed86b2e1654fe6b1bab4dac0a48e91
DEBUG: activating version ae6e4e0777ec4acd96e3ab56f53ab38e with url='http://135.225.105.160:8004/klps/versions/ae6e4e0777ec4acd96e3ab56f53ab38e/status'
  ✓ Activated version: ae6e4e0777ec4acd96e3ab56f53ab38e
  → Recovered missing Language ID for KLP via mapping: 70b23178954a41a4a67e38292373733c
Updated KLP 'klp-3-dosage-artesunate' -> 261e722c7d5848a0be2f99a550ad5464
DEBUG: activating version 90f9aac38aec4d5aa53b935bff8fd91c with url='http://135.225.105.160:8004/klps/versions/90f9aac38aec4d5aa53b935bff8fd91c/status'
  ✓ Activated version: 90f9aac38aec4d5aa53b935bff8fd91c
  → Recovered missing Language ID for KLP via mapping: 70b23178954a41a4a67e38292373733c
Updated KLP 'klp-3-dosage-quinine' -> 813e93b594be45b4982aa913704670cf
DEBUG: activating version 73fd4f1186694d3cb6f485d0ead272a0 with url='http://135.225.105.160:8004/klps/versions/73fd4f1186694d3cb6f485d0ead272a0/status'
  ✓ Activated version: 73fd4f1186694d3cb6f485d0ead272a0
  → Recovered missing Language ID for KLP via mapping: 70b23178954a41a4a67e38292373733c
Updated KLP 'klp-1-the-6-ws' -> ef07e1b998f347399caa36d3770d3e0d
DEBUG: activating version fdb3a717b9914831b283c6bca81dcf18 with url='http://135.225.105.160:8004/klps/versions/fdb3a717b9914831b283c6bca81dcf18/status'
  ✓ Activated version: fdb3a717b9914831b283c6bca81dcf18
  → Recovered missing Language ID for KLP via mapping: 70b23178954a41a4a67e38292373733c
Updated KLP 'klp-1-art-regimen' -> ded5f80a7efe476d9a954f5112878c3d
DEBUG: activating version e7e7d1f890364cfca1801f104c5575f7 with url='http://135.225.105.160:8004/klps/versions/e7e7d1f890364cfca1801f104c5575f7/status'
  ✓ Activated version: e7e7d1f890364cfca1801f104c5575f7
  → Recovered missing Language ID for KLP via mapping: 70b23178954a41a4a67e38292373733c
Warning: Could not resolve action-card link 'action-card:identify-cause_1486841405518'. Candidates: ['res-action-card-india-identify-cause', 'res-action-card-identify-cause']
  Warning: Link 'action-card:identify-cause_1486841405518' not in mapping or could not be resolved, removing from question
Updated KLP 'klp-2-chorioamnionitis' -> 5267c13faf4c40d5a14e1cdb446dec02
DEBUG: activating version d3c1fd565edd4111ab6de20b9f4ba0bd with url='http://135.225.105.160:8004/klps/versions/d3c1fd565edd4111ab6de20b9f4ba0bd/status'
  ✓ Activated version: d3c1fd565edd4111ab6de20b9f4ba0bd
  → Recovered missing Language ID for KLP via mapping: 70b23178954a41a4a67e38292373733c
Warning: Could not resolve action-card link 'action-card:identify-cause_1486841405518'. Candidates: ['res-action-card-india-identify-cause', 'res-action-card-identify-cause']
  Warning: Link 'action-card:identify-cause_1486841405518' not in mapping or could not be resolved, removing from question
Updated KLP 'klp-2-endometritis' -> 32144b9885304c3f87812441e2d479d8
DEBUG: activating version 63da5415ebc44614ac0c475c1d031cf6 with url='http://135.225.105.160:8004/klps/versions/63da5415ebc44614ac0c475c1d031cf6/status'
  ✓ Activated version: 63da5415ebc44614ac0c475c1d031cf6
  → Recovered missing Language ID for KLP via mapping: 70b23178954a41a4a67e38292373733c
Updated KLP 'klp-1-treatment-for-chorioamnionitis' -> 6bbd70e3034b44fbba78b993d6dc0f47
DEBUG: activating version 692799d0321d45019a550fd5d57e0589 with url='http://135.225.105.160:8004/klps/versions/692799d0321d45019a550fd5d57e0589/status'
  ✓ Activated version: 692799d0321d45019a550fd5d57e0589
  → Recovered missing Language ID for KLP via mapping: 70b23178954a41a4a67e38292373733c
Updated KLP 'klp-1-treatment-for-endometritis' -> 069373d2434e452cb08aad6d67195f57
DEBUG: activating version d01b00879a904f20b3bac15043c99bb2 with url='http://135.225.105.160:8004/klps/versions/d01b00879a904f20b3bac15043c99bb2/status'
  ✓ Activated version: d01b00879a904f20b3bac15043c99bb2
  → Recovered missing Language ID for KLP via mapping: 70b23178954a41a4a67e38292373733c
Updated KLP 'klp-2-endometritis-and-no-effect-of-ab' -> 7c89d3a5d9044a3f8627666997ac41a8
DEBUG: activating version f7681ce167e54f34bb0b27b4e5409a1e with url='http://135.225.105.160:8004/klps/versions/f7681ce167e54f34bb0b27b4e5409a1e/status'
  ✓ Activated version: f7681ce167e54f34bb0b27b4e5409a1e
  → Recovered missing Language ID for KLP via mapping: 70b23178954a41a4a67e38292373733c
Updated KLP 'klp-1-mastitis' -> ff0e1a733618467a8e85ce0594f62f21
DEBUG: activating version d727e1bb550d46c0b4d6fea737f9870b with url='http://135.225.105.160:8004/klps/versions/d727e1bb550d46c0b4d6fea737f9870b/status'
  ✓ Activated version: d727e1bb550d46c0b4d6fea737f9870b
  → Recovered missing Language ID for KLP via mapping: 70b23178954a41a4a67e38292373733c
Updated KLP 'klp-1-breast-abscess' -> 01f40e6f3ec541acbb3fad64c3260f62
DEBUG: activating version 7c9ec4adbb5441c8adf62ff0ca4a3272 with url='http://135.225.105.160:8004/klps/versions/7c9ec4adbb5441c8adf62ff0ca4a3272/status'
  ✓ Activated version: 7c9ec4adbb5441c8adf62ff0ca4a3272
  → Recovered missing Language ID for KLP via mapping: 70b23178954a41a4a67e38292373733c
Updated KLP 'klp-1-wound-infections' -> 9e315255070443aab383575a07dd570c
DEBUG: activating version 59fdff0bbd1e40cba3d60c6d16b90906 with url='http://135.225.105.160:8004/klps/versions/59fdff0bbd1e40cba3d60c6d16b90906/status'
  ✓ Activated version: 59fdff0bbd1e40cba3d60c6d16b90906
  → Recovered missing Language ID for KLP via mapping: 70b23178954a41a4a67e38292373733c
Updated KLP 'klp-2-other-causes-of-infection' -> 347452526e7d4ccd81f00eb22a1265ff
DEBUG: activating version ac7ff302c14c41ca8abb7a87b0053c6e with url='http://135.225.105.160:8004/klps/versions/ac7ff302c14c41ca8abb7a87b0053c6e/status'
  ✓ Activated version: ac7ff302c14c41ca8abb7a87b0053c6e
  → Recovered missing Language ID for KLP via mapping: 70b23178954a41a4a67e38292373733c
Updated KLP 'klp-1-adequate-breathing' -> 68d9d39876144019aa71a802b7e3cdb7
DEBUG: activating version 6128acb7b9d143d496a1b7135d3ec4b7 with url='http://135.225.105.160:8004/klps/versions/6128acb7b9d143d496a1b7135d3ec4b7/status'
  ✓ Activated version: 6128acb7b9d143d496a1b7135d3ec4b7
  → Recovered missing Language ID for KLP via mapping: 70b23178954a41a4a67e38292373733c
Updated KLP 'klp-1-golden-minute' -> a5c85890a74c4ed6a7d9e355eac4e635
DEBUG: activating version b401139bf1ea4bbb85e19693f3dd60cc with url='http://135.225.105.160:8004/klps/versions/b401139bf1ea4bbb85e19693f3dd60cc/status'
  ✓ Activated version: b401139bf1ea4bbb85e19693f3dd60cc
  → Recovered missing Language ID for KLP via mapping: 70b23178954a41a4a67e38292373733c
Updated KLP 'klp-1-assess-the-newborn-after-birth' -> b2736eb71467406ca834ca5c077e6b73
DEBUG: activating version bb09190d977b4ec88a5b69f4cab3d748 with url='http://135.225.105.160:8004/klps/versions/bb09190d977b4ec88a5b69f4cab3d748/status'
  ✓ Activated version: bb09190d977b4ec88a5b69f4cab3d748
  → Recovered missing Language ID for KLP via mapping: 70b23178954a41a4a67e38292373733c
Updated KLP 'klp-2-skin-to-the-mother' -> ebb847ea84cc4808a88af7c968238ba4
DEBUG: activating version bde95a3b6f6247d78ec56b0a5c031d97 with url='http://135.225.105.160:8004/klps/versions/bde95a3b6f6247d78ec56b0a5c031d97/status'
  ✓ Activated version: bde95a3b6f6247d78ec56b0a5c031d97
  → Recovered missing Language ID for KLP via mapping: 70b23178954a41a4a67e38292373733c
Updated KLP 'klp-2-first-step' -> 97b74511ea0242729fd03cc7a02b06d5
DEBUG: activating version c694303d3216417d831dbad3f87cdc1b with url='http://135.225.105.160:8004/klps/versions/c694303d3216417d831dbad3f87cdc1b/status'
  ✓ Activated version: c694303d3216417d831dbad3f87cdc1b
  → Recovered missing Language ID for KLP via mapping: 70b23178954a41a4a67e38292373733c
Updated KLP 'klp-2-meconium-suction' -> 1ceb5ed5bbde451bb62dbc432997ba8b
DEBUG: activating version 203104bc969b451c92fe6caeb9e8858a with url='http://135.225.105.160:8004/klps/versions/203104bc969b451c92fe6caeb9e8858a/status'
  ✓ Activated version: 203104bc969b451c92fe6caeb9e8858a
  → Recovered missing Language ID for KLP via mapping: 70b23178954a41a4a67e38292373733c
Updated KLP 'klp-3-correct-order-suction' -> 10016e175c564464840911d752b28a4e
DEBUG: activating version 86e241d5c7df46abaaf38d94aa11c16f with url='http://135.225.105.160:8004/klps/versions/86e241d5c7df46abaaf38d94aa11c16f/status'
  ✓ Activated version: 86e241d5c7df46abaaf38d94aa11c16f
  → Recovered missing Language ID for KLP via mapping: 70b23178954a41a4a67e38292373733c
Updated KLP 'klp-2-stimulation-the-newborn' -> 37faf9dcdbbd48c1bd2b6d3c631c67f2
DEBUG: activating version 6ebb0c9d15bb48b09e7867e404c96a54 with url='http://135.225.105.160:8004/klps/versions/6ebb0c9d15bb48b09e7867e404c96a54/status'
  ✓ Activated version: 6ebb0c9d15bb48b09e7867e404c96a54
  → Recovered missing Language ID for KLP via mapping: 70b23178954a41a4a67e38292373733c
Updated KLP 'klp-2-newborn-is-not-breathing-well' -> 47642fd0e1b84ea79dafa4749e337cd0
DEBUG: activating version ff646adf8e53428ba3d021dcebd8c893 with url='http://135.225.105.160:8004/klps/versions/ff646adf8e53428ba3d021dcebd8c893/status'
  ✓ Activated version: ff646adf8e53428ba3d021dcebd8c893
  → Recovered missing Language ID for KLP via mapping: 70b23178954a41a4a67e38292373733c
Updated KLP 'klp-1-when-to-resuscitate' -> 6a2e4b2169e444e59014b32282b84ca9
DEBUG: activating version 7cd743a5d1a445bc82677566eb08a553 with url='http://135.225.105.160:8004/klps/versions/7cd743a5d1a445bc82677566eb08a553/status'
  ✓ Activated version: 7cd743a5d1a445bc82677566eb08a553
  → Recovered missing Language ID for KLP via mapping: 70b23178954a41a4a67e38292373733c
Updated KLP 'klp-3-airway-call-for-help' -> 18cdd1e67ea34762b0796a3c80a41ae1
DEBUG: activating version 0d987e3f5b7b4b819f592e8eb3ae47bb with url='http://135.225.105.160:8004/klps/versions/0d987e3f5b7b4b819f592e8eb3ae47bb/status'
  ✓ Activated version: 0d987e3f5b7b4b819f592e8eb3ae47bb
  → Recovered missing Language ID for KLP via mapping: 70b23178954a41a4a67e38292373733c
Updated KLP 'klp-2-airway-position-of-head' -> 733b129f179d4e009141cfeb35746506
DEBUG: activating version 238f4d07ebda446db9453e1d405ea41d with url='http://135.225.105.160:8004/klps/versions/238f4d07ebda446db9453e1d405ea41d/status'
  ✓ Activated version: 238f4d07ebda446db9453e1d405ea41d
  → Recovered missing Language ID for KLP via mapping: 70b23178954a41a4a67e38292373733c
Updated KLP 'klp-1-airway-position-of-mask' -> 8716994da0864bc0b7c37fc577ebc92e
DEBUG: activating version a7598eb8d3464279b196f5c7695a9ec2 with url='http://135.225.105.160:8004/klps/versions/a7598eb8d3464279b196f5c7695a9ec2/status'
  ✓ Activated version: a7598eb8d3464279b196f5c7695a9ec2
  → Recovered missing Language ID for KLP via mapping: 70b23178954a41a4a67e38292373733c
Updated KLP 'klp-1-airway-effective-ventilation' -> eb2f5e8869514d209a6c64febfe39d77
DEBUG: activating version 0e11edc7c2e04457b800d5c57299a8bf with url='http://135.225.105.160:8004/klps/versions/0e11edc7c2e04457b800d5c57299a8bf/status'
  ✓ Activated version: 0e11edc7c2e04457b800d5c57299a8bf
  → Recovered missing Language ID for KLP via mapping: 70b23178954a41a4a67e38292373733c
Updated KLP 'klp-2-number-of-inflation-breaths' -> b459506386744837a2711d3a8c1f9d98
DEBUG: activating version aab9c9c73b8c49d19e30dd09f82a461a with url='http://135.225.105.160:8004/klps/versions/aab9c9c73b8c49d19e30dd09f82a461a/status'
  ✓ Activated version: aab9c9c73b8c49d19e30dd09f82a461a
  → Recovered missing Language ID for KLP via mapping: 70b23178954a41a4a67e38292373733c
Updated KLP 'klp-3-jaw-thrust' -> 5e45e98affc44dddbd02772bda59c868
DEBUG: activating version 2bf393ed3ce74536a05dcf217e7c9900 with url='http://135.225.105.160:8004/klps/versions/2bf393ed3ce74536a05dcf217e7c9900/status'
  ✓ Activated version: 2bf393ed3ce74536a05dcf217e7c9900
  → Recovered missing Language ID for KLP via mapping: 70b23178954a41a4a67e38292373733c
Updated KLP 'klp-2-if-no-chest-movements' -> eaf7183917a842afada8e7f1171755ce
DEBUG: activating version abdcc4396b8c48ed8c55259d660e8070 with url='http://135.225.105.160:8004/klps/versions/abdcc4396b8c48ed8c55259d660e8070/status'
  ✓ Activated version: abdcc4396b8c48ed8c55259d660e8070
  → Recovered missing Language ID for KLP via mapping: 70b23178954a41a4a67e38292373733c
Updated KLP 'klp-2-inflation-breaths' -> c4a383b03a284ffca24c163a20307184
DEBUG: activating version 381c9666220a4c74809d563ee4a06d33 with url='http://135.225.105.160:8004/klps/versions/381c9666220a4c74809d563ee4a06d33/status'
  ✓ Activated version: 381c9666220a4c74809d563ee4a06d33
  → Recovered missing Language ID for KLP via mapping: 70b23178954a41a4a67e38292373733c
Warning: Could not resolve video link 'video:/Neonatal resuscitation/breathing'. Path segments: ['Neonatal resuscitation', 'breathing'], tried prefix='res-video-neonatal-resuscitation-', suffix='-breathing'
  Warning: Link 'video:/Neonatal resuscitation/breathing' not in mapping or could not be resolved, removing from question
Warning: Could not resolve video link 'video:/Neonatal resuscitation/breathing'. Path segments: ['Neonatal resuscitation', 'breathing'], tried prefix='res-video-neonatal-resuscitation-', suffix='-breathing'
  Warning: Link 'video:/Neonatal resuscitation/breathing' not in mapping or could not be resolved, removing from question
Updated KLP 'klp-2-ventilation-breath' -> 62b891534af64f129e7111c938c7511f
DEBUG: activating version 3dddbbb9747448c89f953577b68cda73 with url='http://135.225.105.160:8004/klps/versions/3dddbbb9747448c89f953577b68cda73/status'
  ✓ Activated version: 3dddbbb9747448c89f953577b68cda73
  → Recovered missing Language ID for KLP via mapping: 70b23178954a41a4a67e38292373733c
Warning: Could not resolve video link 'video:/Neonatal resuscitation/breathing'. Path segments: ['Neonatal resuscitation', 'breathing'], tried prefix='res-video-neonatal-resuscitation-', suffix='-breathing'
  Warning: Link 'video:/Neonatal resuscitation/breathing' not in mapping or could not be resolved, removing from question
Updated KLP 'klp-1-not-breathing-well' -> 064fc41c8abe465da9d37df89a0de56e
DEBUG: activating version e7e722be98e04353819cf9d88df8ec5b with url='http://135.225.105.160:8004/klps/versions/e7e722be98e04353819cf9d88df8ec5b/status'
  ✓ Activated version: e7e722be98e04353819cf9d88df8ec5b
  → Recovered missing Language ID for KLP via mapping: 70b23178954a41a4a67e38292373733c
Warning: Could not resolve video link 'video:/Neonatal resuscitation/breathing'. Path segments: ['Neonatal resuscitation', 'breathing'], tried prefix='res-video-neonatal-resuscitation-', suffix='-breathing'
  Warning: Link 'video:/Neonatal resuscitation/breathing' not in mapping or could not be resolved, removing from question
Updated KLP 'klp-1-continue-ventilation-breaths' -> e45e3236a4f04d50a8843a4f13aa1665
DEBUG: activating version a9a0caf3c29e4778ac1b7fcdf6971652 with url='http://135.225.105.160:8004/klps/versions/a9a0caf3c29e4778ac1b7fcdf6971652/status'
  ✓ Activated version: a9a0caf3c29e4778ac1b7fcdf6971652
  → Recovered missing Language ID for KLP via mapping: 70b23178954a41a4a67e38292373733c
Warning: Could not resolve video link 'video:/Neonatal resuscitation/breathing'. Path segments: ['Neonatal resuscitation', 'breathing'], tried prefix='res-video-neonatal-resuscitation-', suffix='-breathing'
  Warning: Link 'video:/Neonatal resuscitation/breathing' not in mapping or could not be resolved, removing from question
Updated KLP 'klp-1-most-important-ventilation-breaths' -> 1aea0db3832c45b7a3441801fc1d96ef
DEBUG: activating version 4a5b34c698d14eb286dfd8cbbbc6555d with url='http://135.225.105.160:8004/klps/versions/4a5b34c698d14eb286dfd8cbbbc6555d/status'
  ✓ Activated version: 4a5b34c698d14eb286dfd8cbbbc6555d
  → Recovered missing Language ID for KLP via mapping: 70b23178954a41a4a67e38292373733c
Warning: Could not resolve video link 'video:/Neonatal resuscitation/breathing'. Path segments: ['Neonatal resuscitation', 'breathing'], tried prefix='res-video-neonatal-resuscitation-', suffix='-breathing'
  Warning: Link 'video:/Neonatal resuscitation/breathing' not in mapping or could not be resolved, removing from question
Updated KLP 'klp-3-rhythm-ventilation-breaths' -> a2915dd7cf6d4b8c9fd034824c0ee528
DEBUG: activating version feac28b90b8844cbb4b48ed1e7842e0a with url='http://135.225.105.160:8004/klps/versions/feac28b90b8844cbb4b48ed1e7842e0a/status'
  ✓ Activated version: feac28b90b8844cbb4b48ed1e7842e0a
  → Recovered missing Language ID for KLP via mapping: 70b23178954a41a4a67e38292373733c
Warning: Could not resolve video link 'video:/Neonatal resuscitation/breathing'. Path segments: ['Neonatal resuscitation', 'breathing'], tried prefix='res-video-neonatal-resuscitation-', suffix='-breathing'
  Warning: Link 'video:/Neonatal resuscitation/breathing' not in mapping or could not be resolved, removing from question
Updated KLP 'klp-3-good-ventilation' -> 6ad2c0d4795d4e609793a4f9ef367542
DEBUG: activating version 2c24ff0e2d004ab59b5fe986fb6138c0 with url='http://135.225.105.160:8004/klps/versions/2c24ff0e2d004ab59b5fe986fb6138c0/status'
  ✓ Activated version: 2c24ff0e2d004ab59b5fe986fb6138c0
  → Recovered missing Language ID for KLP via mapping: 70b23178954a41a4a67e38292373733c
Warning: Could not resolve video link 'video:/Neonatal resuscitation/breathing'. Path segments: ['Neonatal resuscitation', 'breathing'], tried prefix='res-video-neonatal-resuscitation-', suffix='-breathing'
  Warning: Link 'video:/Neonatal resuscitation/breathing' not in mapping or could not be resolved, removing from question
Updated KLP 'klp-3-breathing-assessment2' -> 55432ba48dfb4399aaa9ecf4945eaa03
DEBUG: activating version 18d7a67d2ff245fca157e17da96b9af9 with url='http://135.225.105.160:8004/klps/versions/18d7a67d2ff245fca157e17da96b9af9/status'
  ✓ Activated version: 18d7a67d2ff245fca157e17da96b9af9
  → Recovered missing Language ID for KLP via mapping: 70b23178954a41a4a67e38292373733c
Warning: Could not resolve video link 'video:/Neonatal resuscitation/breathing'. Path segments: ['Neonatal resuscitation', 'breathing'], tried prefix='res-video-neonatal-resuscitation-', suffix='-breathing'
  Warning: Link 'video:/Neonatal resuscitation/breathing' not in mapping or could not be resolved, removing from question
Updated KLP 'klp-1-breathing-assessment1' -> ef4c7052e7eb4a14aa5b7876f284cdbc
DEBUG: activating version b37bf0b20f9840698e9e40e144451614 with url='http://135.225.105.160:8004/klps/versions/b37bf0b20f9840698e9e40e144451614/status'
  ✓ Activated version: b37bf0b20f9840698e9e40e144451614
  → Recovered missing Language ID for KLP via mapping: 70b23178954a41a4a67e38292373733c
Warning: Could not resolve video link 'video:/Neonatal resuscitation/breathing'. Path segments: ['Neonatal resuscitation', 'breathing'], tried prefix='res-video-neonatal-resuscitation-', suffix='-breathing'
  Warning: Link 'video:/Neonatal resuscitation/breathing' not in mapping or could not be resolved, removing from question
Updated KLP 'klp-1-breathing-assessment-continued' -> a472c1cd67fa43358167536bb83a9b6b
DEBUG: activating version 62f99ff4097b4e9cbf88d825a9f5a7a7 with url='http://135.225.105.160:8004/klps/versions/62f99ff4097b4e9cbf88d825a9f5a7a7/status'
  ✓ Activated version: 62f99ff4097b4e9cbf88d825a9f5a7a7
  → Recovered missing Language ID for KLP via mapping: 70b23178954a41a4a67e38292373733c
Updated KLP 'klp-3-action-if-breathing-well' -> 4df7b2bf2eaa40bca39a4c7a76b14ebc
DEBUG: activating version 96286c27be234049943f5a88f1cc102b with url='http://135.225.105.160:8004/klps/versions/96286c27be234049943f5a88f1cc102b/status'
  ✓ Activated version: 96286c27be234049943f5a88f1cc102b
  → Recovered missing Language ID for KLP via mapping: 70b23178954a41a4a67e38292373733c
Warning: Could not resolve video link 'video:/Neonatal resuscitation/breathing'. Path segments: ['Neonatal resuscitation', 'breathing'], tried prefix='res-video-neonatal-resuscitation-', suffix='-breathing'
  Warning: Link 'video:/Neonatal resuscitation/breathing' not in mapping or could not be resolved, removing from question
Updated KLP 'klp-3-nr-give-oxygen' -> 5bb4c7b73eb045f098ee75241dea61a6
DEBUG: activating version 76174fba4f3641b9b24a9e26a8db74ef with url='http://135.225.105.160:8004/klps/versions/76174fba4f3641b9b24a9e26a8db74ef/status'
  ✓ Activated version: 76174fba4f3641b9b24a9e26a8db74ef
  → Recovered missing Language ID for KLP via mapping: 70b23178954a41a4a67e38292373733c
Updated KLP 'klp-2-when-to-stop' -> 8594b90607344f8f9fd19b78722d8a6e
DEBUG: activating version d7354cfadf63467e963bc93187253d7d with url='http://135.225.105.160:8004/klps/versions/d7354cfadf63467e963bc93187253d7d/status'
  ✓ Activated version: d7354cfadf63467e963bc93187253d7d
  → Recovered missing Language ID for KLP via mapping: 70b23178954a41a4a67e38292373733c
Updated KLP 'klp-3-resuscitation-stop-next' -> 9bb6bf463f1a4fb19675bae967bae0ce
DEBUG: activating version 8fb5a92fc18c445db273c996eb615fb7 with url='http://135.225.105.160:8004/klps/versions/8fb5a92fc18c445db273c996eb615fb7/status'
  ✓ Activated version: 8fb5a92fc18c445db273c996eb615fb7
  → Recovered missing Language ID for KLP via mapping: 70b23178954a41a4a67e38292373733c
Updated KLP 'klp-1-skin-to-skin-and-breastfeeding' -> b773ef1c51654c59bbb36f6a761af97d
DEBUG: activating version c33be07b13a64a8aa8e1c16f58b86404 with url='http://135.225.105.160:8004/klps/versions/c33be07b13a64a8aa8e1c16f58b86404/status'
  ✓ Activated version: c33be07b13a64a8aa8e1c16f58b86404
  → Recovered missing Language ID for KLP via mapping: 70b23178954a41a4a67e38292373733c
Updated KLP 'klp-3-monitoring' -> 8551226df8844f4992b636c44fac56a1
DEBUG: activating version 5a4af733097b45608f0b1dba95f582e4 with url='http://135.225.105.160:8004/klps/versions/5a4af733097b45608f0b1dba95f582e4/status'
  ✓ Activated version: 5a4af733097b45608f0b1dba95f582e4
  → Recovered missing Language ID for KLP via mapping: 70b23178954a41a4a67e38292373733c
Updated KLP 'klp-3-low-birth-weight-and-resuscitation' -> 54250edafb594682b06721f5c672b6d1
DEBUG: activating version d6f874c4a7f84a189c290b6a1ffa8388 with url='http://135.225.105.160:8004/klps/versions/d6f874c4a7f84a189c290b6a1ffa8388/status'
  ✓ Activated version: d6f874c4a7f84a189c290b6a1ffa8388
  → Recovered missing Language ID for KLP via mapping: 70b23178954a41a4a67e38292373733c
Updated KLP 'klp-3-challenge-low-birth-weight' -> bf75f434e8374c528c3c93046d6515be
DEBUG: activating version 2e6cc93db4794a35920515d21fb0de25 with url='http://135.225.105.160:8004/klps/versions/2e6cc93db4794a35920515d21fb0de25/status'
  ✓ Activated version: 2e6cc93db4794a35920515d21fb0de25
  → Recovered missing Language ID for KLP via mapping: 70b23178954a41a4a67e38292373733c
Updated KLP 'klp-2-successful-inflation-breaths' -> 3329705470f44e0a89401bf8ecc97425
DEBUG: activating version 9f217368ef0c4bada213e8852e923ed2 with url='http://135.225.105.160:8004/klps/versions/9f217368ef0c4bada213e8852e923ed2/status'
  ✓ Activated version: 9f217368ef0c4bada213e8852e923ed2
  → Recovered missing Language ID for KLP via mapping: 70b23178954a41a4a67e38292373733c
Updated KLP 'klp-1-dosages-antibiotics' -> 8d0cb71afd194712be2cd0c0cfe560dd
DEBUG: activating version 369ff31cc7534ab38b4f632a71262b88 with url='http://135.225.105.160:8004/klps/versions/369ff31cc7534ab38b4f632a71262b88/status'
  ✓ Activated version: 369ff31cc7534ab38b4f632a71262b88
  → Recovered missing Language ID for KLP via mapping: 70b23178954a41a4a67e38292373733c
Warning: Could not resolve video link 'video:/Newborn management/management_of_danger_signs'. Path segments: ['Newborn management', 'management_of_danger_signs'], tried prefix='res-video-newborn-management-', suffix='-management-of-danger-signs'
  Warning: Link 'video:/Newborn management/management_of_danger_signs' not in mapping or could not be resolved, removing from question
Updated KLP 'klp-1-dosage-ampicillin-and-gentamicin' -> f3d70de35b3049db85c90e20df4e9bcb
DEBUG: activating version 1846c78b42614018b0e3da0204df74c2 with url='http://135.225.105.160:8004/klps/versions/1846c78b42614018b0e3da0204df74c2/status'
  ✓ Activated version: 1846c78b42614018b0e3da0204df74c2
  → Recovered missing Language ID for KLP via mapping: 70b23178954a41a4a67e38292373733c
Updated KLP 'klp-1-emergency-signs-newborn' -> bd997d235e734f4c87b381abd1a67774
DEBUG: activating version c5c5be43b63a458787ffd57eb862a442 with url='http://135.225.105.160:8004/klps/versions/c5c5be43b63a458787ffd57eb862a442/status'
  ✓ Activated version: c5c5be43b63a458787ffd57eb862a442
  → Recovered missing Language ID for KLP via mapping: 70b23178954a41a4a67e38292373733c
Updated KLP 'klp-1-approach-assessment-of-newborn' -> 29e69a99e14042eca82f39f418cd69b1
DEBUG: activating version 4640ff88813c4a44940e52a8b17ca7d2 with url='http://135.225.105.160:8004/klps/versions/4640ff88813c4a44940e52a8b17ca7d2/status'
  ✓ Activated version: 4640ff88813c4a44940e52a8b17ca7d2
  → Recovered missing Language ID for KLP via mapping: 70b23178954a41a4a67e38292373733c
Updated KLP 'klp-1-unconscious-newborn' -> 1bc29d4dc7764e678decedaf8b9da499
DEBUG: activating version e7d23f56e541459b8e9ff64d9e36454c with url='http://135.225.105.160:8004/klps/versions/e7d23f56e541459b8e9ff64d9e36454c/status'
  ✓ Activated version: e7d23f56e541459b8e9ff64d9e36454c
  → Recovered missing Language ID for KLP via mapping: 70b23178954a41a4a67e38292373733c
Warning: Could not resolve video link 'video:/Newborn management/management_of_danger_signs'. Path segments: ['Newborn management', 'management_of_danger_signs'], tried prefix='res-video-newborn-management-', suffix='-management-of-danger-signs'
  Warning: Link 'video:/Newborn management/management_of_danger_signs' not in mapping or could not be resolved, removing from question
Updated KLP 'klp-1-airway-management' -> 9aacd4bb1ada48e08201851d07265427
DEBUG: activating version 9556b61ef7004a4bb16183b9bcb15253 with url='http://135.225.105.160:8004/klps/versions/9556b61ef7004a4bb16183b9bcb15253/status'
  ✓ Activated version: 9556b61ef7004a4bb16183b9bcb15253
  → Recovered missing Language ID for KLP via mapping: 70b23178954a41a4a67e38292373733c
Warning: Could not resolve video link 'video:/Newborn management/management_of_danger_signs'. Path segments: ['Newborn management', 'management_of_danger_signs'], tried prefix='res-video-newborn-management-', suffix='-management-of-danger-signs'
  Warning: Link 'video:/Newborn management/management_of_danger_signs' not in mapping or could not be resolved, removing from question
Updated KLP 'klp-1-breathing-emergency-signs' -> a57d6cc923b74721b4a587724b8d6ea1
DEBUG: activating version d15e7915e9f0459da90cdac655728eb0 with url='http://135.225.105.160:8004/klps/versions/d15e7915e9f0459da90cdac655728eb0/status'
  ✓ Activated version: d15e7915e9f0459da90cdac655728eb0
  → Recovered missing Language ID for KLP via mapping: 70b23178954a41a4a67e38292373733c
Warning: Could not resolve video link 'video:/Newborn management/management_of_danger_signs'. Path segments: ['Newborn management', 'management_of_danger_signs'], tried prefix='res-video-newborn-management-', suffix='-management-of-danger-signs'
  Warning: Link 'video:/Newborn management/management_of_danger_signs' not in mapping or could not be resolved, removing from question
Updated KLP 'klp-1-low-respiratory-rate' -> 61827ffdbbac4578a2fc95dbd92cef9d
DEBUG: activating version f2b6644a57984225998e00245360c8e4 with url='http://135.225.105.160:8004/klps/versions/f2b6644a57984225998e00245360c8e4/status'
  ✓ Activated version: f2b6644a57984225998e00245360c8e4
  → Recovered missing Language ID for KLP via mapping: 70b23178954a41a4a67e38292373733c
Warning: Could not resolve video link 'video:/Newborn management/management_of_danger_signs'. Path segments: ['Newborn management', 'management_of_danger_signs'], tried prefix='res-video-newborn-management-', suffix='-management-of-danger-signs'
  Warning: Link 'video:/Newborn management/management_of_danger_signs' not in mapping or could not be resolved, removing from question
Updated KLP 'klp-1-grunting' -> 92fcfd69ab1248b6985d8ad4b7548c8b
DEBUG: activating version 63f0c2dd7f1548efa889866acb8aad68 with url='http://135.225.105.160:8004/klps/versions/63f0c2dd7f1548efa889866acb8aad68/status'
  ✓ Activated version: 63f0c2dd7f1548efa889866acb8aad68
  → Recovered missing Language ID for KLP via mapping: 70b23178954a41a4a67e38292373733c
Warning: Could not resolve video link 'video:/Newborn management/management_of_danger_signs'. Path segments: ['Newborn management', 'management_of_danger_signs'], tried prefix='res-video-newborn-management-', suffix='-management-of-danger-signs'
  Warning: Link 'video:/Newborn management/management_of_danger_signs' not in mapping or could not be resolved, removing from question
Updated KLP 'klp-1-apnoea' -> d9e85bf614e04287b0646af9c0a56988
DEBUG: activating version e26b063959824c5d9399e0ecfb017ab6 with url='http://135.225.105.160:8004/klps/versions/e26b063959824c5d9399e0ecfb017ab6/status'
  ✓ Activated version: e26b063959824c5d9399e0ecfb017ab6
  → Recovered missing Language ID for KLP via mapping: 70b23178954a41a4a67e38292373733c
Warning: Could not resolve video link 'video:/Newborn management/management_of_danger_signs'. Path segments: ['Newborn management', 'management_of_danger_signs'], tried prefix='res-video-newborn-management-', suffix='-management-of-danger-signs'
  Warning: Link 'video:/Newborn management/management_of_danger_signs' not in mapping or could not be resolved, removing from question
Warning: Could not resolve video link 'video:/Newborn management/management_of_danger_signs'. Path segments: ['Newborn management', 'management_of_danger_signs'], tried prefix='res-video-newborn-management-', suffix='-management-of-danger-signs'
  Warning: Link 'video:/Newborn management/management_of_danger_signs' not in mapping or could not be resolved, removing from question
Updated KLP 'klp-1-signs-of-shock' -> 3a8304b7ea9f46ef83f8429aa33bf4ac
DEBUG: activating version 8ca2e21484ff400fa5c287dfa00b11b3 with url='http://135.225.105.160:8004/klps/versions/8ca2e21484ff400fa5c287dfa00b11b3/status'
  ✓ Activated version: 8ca2e21484ff400fa5c287dfa00b11b3
  → Recovered missing Language ID for KLP via mapping: 70b23178954a41a4a67e38292373733c
Warning: Could not resolve video link 'video:/Newborn management/management_of_danger_signs'. Path segments: ['Newborn management', 'management_of_danger_signs'], tried prefix='res-video-newborn-management-', suffix='-management-of-danger-signs'
  Warning: Link 'video:/Newborn management/management_of_danger_signs' not in mapping or could not be resolved, removing from question
Updated KLP 'klp-1-emergency-signs-newborn' -> bd997d235e734f4c87b381abd1a67774
DEBUG: activating version c8ffdd537dcf4256bf2cecdbb8d7a696 with url='http://135.225.105.160:8004/klps/versions/c8ffdd537dcf4256bf2cecdbb8d7a696/status'
  ✓ Activated version: c8ffdd537dcf4256bf2cecdbb8d7a696
  → Recovered missing Language ID for KLP via mapping: 70b23178954a41a4a67e38292373733c
Warning: Could not resolve video link 'video:/Newborn management/management_of_danger_signs'. Path segments: ['Newborn management', 'management_of_danger_signs'], tried prefix='res-video-newborn-management-', suffix='-management-of-danger-signs'
  Warning: Link 'video:/Newborn management/management_of_danger_signs' not in mapping or could not be resolved, removing from question
Updated KLP 'klp-2-hypothermia' -> 8dfd65c76c114c8f9368690711f4a571
DEBUG: activating version 8399bb560a7f40d99c715ad2eb87468c with url='http://135.225.105.160:8004/klps/versions/8399bb560a7f40d99c715ad2eb87468c/status'
  ✓ Activated version: 8399bb560a7f40d99c715ad2eb87468c
  → Recovered missing Language ID for KLP via mapping: 70b23178954a41a4a67e38292373733c
Warning: Could not resolve video link 'video:/Newborn management/management_of_danger_signs'. Path segments: ['Newborn management', 'management_of_danger_signs'], tried prefix='res-video-newborn-management-', suffix='-management-of-danger-signs'
  Warning: Link 'video:/Newborn management/management_of_danger_signs' not in mapping or could not be resolved, removing from question
Updated KLP 'klp-2-emergency-management' -> 5ea14290975544a38aad7ef6d879a424
DEBUG: activating version 095c17096cfb4aa4becb381744916b47 with url='http://135.225.105.160:8004/klps/versions/095c17096cfb4aa4becb381744916b47/status'
  ✓ Activated version: 095c17096cfb4aa4becb381744916b47
  → Recovered missing Language ID for KLP via mapping: 70b23178954a41a4a67e38292373733c
Warning: Could not resolve video link 'video:/Newborn management/management_of_danger_signs'. Path segments: ['Newborn management', 'management_of_danger_signs'], tried prefix='res-video-newborn-management-', suffix='-management-of-danger-signs'
  Warning: Link 'video:/Newborn management/management_of_danger_signs' not in mapping or could not be resolved, removing from question
Updated KLP 'klp-2-emergency-sign-2-week-old-baby' -> 2d91d3e90c2543cf9904abba1cc6dd97
DEBUG: activating version 3d40bcad086d41db94fedc26d734397e with url='http://135.225.105.160:8004/klps/versions/3d40bcad086d41db94fedc26d734397e/status'
  ✓ Activated version: 3d40bcad086d41db94fedc26d734397e
  → Recovered missing Language ID for KLP via mapping: 70b23178954a41a4a67e38292373733c
Warning: Could not resolve video link 'video:/Newborn management/management_of_danger_signs'. Path segments: ['Newborn management', 'management_of_danger_signs'], tried prefix='res-video-newborn-management-', suffix='-management-of-danger-signs'
  Warning: Link 'video:/Newborn management/management_of_danger_signs' not in mapping or could not be resolved, removing from question
Updated KLP 'klp-2-obstructed-airway' -> de3dc52b0e004311904fa2947f04be61
DEBUG: activating version 82eac9aeb3a846b08f7f401c60befa6b with url='http://135.225.105.160:8004/klps/versions/82eac9aeb3a846b08f7f401c60befa6b/status'
  ✓ Activated version: 82eac9aeb3a846b08f7f401c60befa6b
  → Recovered missing Language ID for KLP via mapping: 70b23178954a41a4a67e38292373733c
Warning: Could not resolve video link 'video:/Newborn management/management_of_danger_signs'. Path segments: ['Newborn management', 'management_of_danger_signs'], tried prefix='res-video-newborn-management-', suffix='-management-of-danger-signs'
  Warning: Link 'video:/Newborn management/management_of_danger_signs' not in mapping or could not be resolved, removing from question
Updated KLP 'klp-2-difficulty-breathing' -> 1bbca564a09c4d87872e65d778045079
DEBUG: activating version d6a422f1156444cf9d0bf5941a57a285 with url='http://135.225.105.160:8004/klps/versions/d6a422f1156444cf9d0bf5941a57a285/status'
  ✓ Activated version: d6a422f1156444cf9d0bf5941a57a285
  → Recovered missing Language ID for KLP via mapping: 70b23178954a41a4a67e38292373733c
Updated KLP 'klp-2-drowsy-and-unconscious' -> 780c5bf27ed743a191b014523a5dc3a3
DEBUG: activating version 7b3f4cf2e90c493fa3b4d44ee1c1fec8 with url='http://135.225.105.160:8004/klps/versions/7b3f4cf2e90c493fa3b4d44ee1c1fec8/status'
  ✓ Activated version: 7b3f4cf2e90c493fa3b4d44ee1c1fec8
  → Recovered missing Language ID for KLP via mapping: 70b23178954a41a4a67e38292373733c
Warning: Could not resolve video link 'video:/Newborn management/management_of_danger_signs'. Path segments: ['Newborn management', 'management_of_danger_signs'], tried prefix='res-video-newborn-management-', suffix='-management-of-danger-signs'
  Warning: Link 'video:/Newborn management/management_of_danger_signs' not in mapping or could not be resolved, removing from question
Updated KLP 'klp-2-low-blood-sugar-treatment' -> 75ac40d7c18349b69e2b67f1cf0c761b
DEBUG: activating version 27fc197574b24e209b165cb46d674882 with url='http://135.225.105.160:8004/klps/versions/27fc197574b24e209b165cb46d674882/status'
  ✓ Activated version: 27fc197574b24e209b165cb46d674882
  → Recovered missing Language ID for KLP via mapping: 70b23178954a41a4a67e38292373733c
Warning: Could not resolve video link 'video:/Newborn management/management_of_danger_signs'. Path segments: ['Newborn management', 'management_of_danger_signs'], tried prefix='res-video-newborn-management-', suffix='-management-of-danger-signs'
  Warning: Link 'video:/Newborn management/management_of_danger_signs' not in mapping or could not be resolved, removing from question
Warning: Could not resolve video link 'video:/Newborn management/management_of_danger_signs'. Path segments: ['Newborn management', 'management_of_danger_signs'], tried prefix='res-video-newborn-management-', suffix='-management-of-danger-signs'
  Warning: Link 'video:/Newborn management/management_of_danger_signs' not in mapping or could not be resolved, removing from question
Updated KLP 'klp-2-convulsions' -> c4d68ba6acb14cf3ba38337ce2ee8ff3
DEBUG: activating version 7de716b2faf249129616f7191ac2e7a2 with url='http://135.225.105.160:8004/klps/versions/7de716b2faf249129616f7191ac2e7a2/status'
  ✓ Activated version: 7de716b2faf249129616f7191ac2e7a2
  → Recovered missing Language ID for KLP via mapping: 70b23178954a41a4a67e38292373733c
Updated KLP 'klp-2-phenorbabital' -> e2475fe0208b492db3903ee7f979260a
DEBUG: activating version b3380266130c47bfbc462eb6c3b63b29 with url='http://135.225.105.160:8004/klps/versions/b3380266130c47bfbc462eb6c3b63b29/status'
  ✓ Activated version: b3380266130c47bfbc462eb6c3b63b29
  → Recovered missing Language ID for KLP via mapping: 70b23178954a41a4a67e38292373733c
Warning: Could not resolve video link 'video:/Newborn management/management_of_danger_signs'. Path segments: ['Newborn management', 'management_of_danger_signs'], tried prefix='res-video-newborn-management-', suffix='-management-of-danger-signs'
  Warning: Link 'video:/Newborn management/management_of_danger_signs' not in mapping or could not be resolved, removing from question
Updated KLP 'klp-2-low-temperature' -> c325d5dd0b0a4a70aec382186ee80b49
DEBUG: activating version d7e262520de749a898721a1adc314868 with url='http://135.225.105.160:8004/klps/versions/d7e262520de749a898721a1adc314868/status'
  ✓ Activated version: d7e262520de749a898721a1adc314868
  → Recovered missing Language ID for KLP via mapping: 70b23178954a41a4a67e38292373733c
Warning: Could not resolve video link 'video:/Newborn management/management_of_danger_signs'. Path segments: ['Newborn management', 'management_of_danger_signs'], tried prefix='res-video-newborn-management-', suffix='-management-of-danger-signs'
  Warning: Link 'video:/Newborn management/management_of_danger_signs' not in mapping or could not be resolved, removing from question
Updated KLP 'klp-2-severe-infection' -> 61a0bb49aa22451ea1bed28db9b0addc
DEBUG: activating version 6e8bab6eea144599a22c21a84cb87ad3 with url='http://135.225.105.160:8004/klps/versions/6e8bab6eea144599a22c21a84cb87ad3/status'
  ✓ Activated version: 6e8bab6eea144599a22c21a84cb87ad3
  → Recovered missing Language ID for KLP via mapping: 70b23178954a41a4a67e38292373733c
Warning: Could not resolve video link 'video:/Newborn management/management_of_danger_signs'. Path segments: ['Newborn management', 'management_of_danger_signs'], tried prefix='res-video-newborn-management-', suffix='-management-of-danger-signs'
  Warning: Link 'video:/Newborn management/management_of_danger_signs' not in mapping or could not be resolved, removing from question
Updated KLP 'klp-2-newborn-no-improvement' -> f1135596699343b28f0630dc546472f4
DEBUG: activating version f837eae299e846f8b194a4b1f0a26628 with url='http://135.225.105.160:8004/klps/versions/f837eae299e846f8b194a4b1f0a26628/status'
  ✓ Activated version: f837eae299e846f8b194a4b1f0a26628
  → Recovered missing Language ID for KLP via mapping: 70b23178954a41a4a67e38292373733c
Warning: Could not resolve video link 'video:/Newborn management/management_of_danger_signs'. Path segments: ['Newborn management', 'management_of_danger_signs'], tried prefix='res-video-newborn-management-', suffix='-management-of-danger-signs'
  Warning: Link 'video:/Newborn management/management_of_danger_signs' not in mapping or could not be resolved, removing from question
Updated KLP 'klp-3-risk-of-low-blood-sugar' -> eeca1563c6f24df6ae22549bd88ed480
DEBUG: activating version fa53be3b56fb4d599ef99e7d00c454ae with url='http://135.225.105.160:8004/klps/versions/fa53be3b56fb4d599ef99e7d00c454ae/status'
  ✓ Activated version: fa53be3b56fb4d599ef99e7d00c454ae
  → Recovered missing Language ID for KLP via mapping: 70b23178954a41a4a67e38292373733c
Updated KLP 'klp-3-referral' -> 4754ef5c06e94d6e9c5e57811f058710
DEBUG: activating version 44ff81a09074494193a7fb9d24b37093 with url='http://135.225.105.160:8004/klps/versions/44ff81a09074494193a7fb9d24b37093/status'
  ✓ Activated version: 44ff81a09074494193a7fb9d24b37093
  → Recovered missing Language ID for KLP via mapping: 70b23178954a41a4a67e38292373733c
Warning: Could not resolve video link 'video:/Newborn management/management_of_danger_signs'. Path segments: ['Newborn management', 'management_of_danger_signs'], tried prefix='res-video-newborn-management-', suffix='-management-of-danger-signs'
  Warning: Link 'video:/Newborn management/management_of_danger_signs' not in mapping or could not be resolved, removing from question
Updated KLP 'klp-3-bed-side-diagnostics' -> ac83cd2d3380481c95de8f185af19dff
DEBUG: activating version ce38b5dcf9784b89bc257067e186e3cb with url='http://135.225.105.160:8004/klps/versions/ce38b5dcf9784b89bc257067e186e3cb/status'
  ✓ Activated version: ce38b5dcf9784b89bc257067e186e3cb
  → Recovered missing Language ID for KLP via mapping: 70b23178954a41a4a67e38292373733c
Warning: Could not resolve video link 'video:/Newborn management/management_of_danger_signs'. Path segments: ['Newborn management', 'management_of_danger_signs'], tried prefix='res-video-newborn-management-', suffix='-management-of-danger-signs'
  Warning: Link 'video:/Newborn management/management_of_danger_signs' not in mapping or could not be resolved, removing from question
Updated KLP 'klp-3-safe-oxygen-level' -> 778d5f85cafc4628ade3e0ae4d11fcac
DEBUG: activating version 084633c84d3a4fa29cb08aa8e69db481 with url='http://135.225.105.160:8004/klps/versions/084633c84d3a4fa29cb08aa8e69db481/status'
  ✓ Activated version: 084633c84d3a4fa29cb08aa8e69db481
  → Recovered missing Language ID for KLP via mapping: 70b23178954a41a4a67e38292373733c
Updated KLP 'klp-3-transportation' -> c5fc90683a0749b3a4960ca5f5751c4b
DEBUG: activating version f279f8cd7eb54eebb18e7d97a061a29d with url='http://135.225.105.160:8004/klps/versions/f279f8cd7eb54eebb18e7d97a061a29d/status'
  ✓ Activated version: f279f8cd7eb54eebb18e7d97a061a29d
  → Recovered missing Language ID for KLP via mapping: 70b23178954a41a4a67e38292373733c
Updated KLP 'klp-3-referral-not-possible' -> dfc19ae9c55b447590adba8c0c76d25b
DEBUG: activating version e97bb1123dd94ba1ab4e5aa4f0c9affc with url='http://135.225.105.160:8004/klps/versions/e97bb1123dd94ba1ab4e5aa4f0c9affc/status'
  ✓ Activated version: e97bb1123dd94ba1ab4e5aa4f0c9affc
  → Recovered missing Language ID for KLP via mapping: 70b23178954a41a4a67e38292373733c
Updated KLP 'klp-3-functions-nbsu' -> 2a72ab47832347c28964bf197585a40f
DEBUG: activating version c46006c078bb48349fe7be0745abd0cd with url='http://135.225.105.160:8004/klps/versions/c46006c078bb48349fe7be0745abd0cd/status'
  ✓ Activated version: c46006c078bb48349fe7be0745abd0cd
  → Recovered missing Language ID for KLP via mapping: 70b23178954a41a4a67e38292373733c
Warning: Could not resolve video link 'video:/Newborn management/management_of_danger_signs'. Path segments: ['Newborn management', 'management_of_danger_signs'], tried prefix='res-video-newborn-management-', suffix='-management-of-danger-signs'
  Warning: Link 'video:/Newborn management/management_of_danger_signs' not in mapping or could not be resolved, removing from question
Updated KLP 'klp-3-prevention-respiratory-distress' -> 0aaa1715418744c5a5e1c65e326b5c88
DEBUG: activating version 2c059555b7c44ce28c358f44f44c58e2 with url='http://135.225.105.160:8004/klps/versions/2c059555b7c44ce28c358f44f44c58e2/status'
  ✓ Activated version: 2c059555b7c44ce28c358f44f44c58e2
  → Recovered missing Language ID for KLP via mapping: 70b23178954a41a4a67e38292373733c
Warning: Could not resolve video link 'video:/Newborn management/management_of_danger_signs'. Path segments: ['Newborn management', 'management_of_danger_signs'], tried prefix='res-video-newborn-management-', suffix='-management-of-danger-signs'
  Warning: Link 'video:/Newborn management/management_of_danger_signs' not in mapping or could not be resolved, removing from question
Updated KLP 'klp-3-administration-of-phenobarbital' -> 0bdcc9d3478a46398fca40dc7f4f236d
DEBUG: activating version 1b601d3ed35c4685b7dfa89b6c9ca113 with url='http://135.225.105.160:8004/klps/versions/1b601d3ed35c4685b7dfa89b6c9ca113/status'
  ✓ Activated version: 1b601d3ed35c4685b7dfa89b6c9ca113
  → Recovered missing Language ID for KLP via mapping: 70b23178954a41a4a67e38292373733c
Updated KLP 'klp-3-temperature-management' -> 6e92bdee7aec46c18ba9c5dbb9634974
DEBUG: activating version 321dd872b86e4297b67dd8404563c1ad with url='http://135.225.105.160:8004/klps/versions/321dd872b86e4297b67dd8404563c1ad/status'
  ✓ Activated version: 321dd872b86e4297b67dd8404563c1ad
  → Recovered missing Language ID for KLP via mapping: 70b23178954a41a4a67e38292373733c
Warning: Could not resolve video link 'video:/Newborn management/management_of_danger_signs'. Path segments: ['Newborn management', 'management_of_danger_signs'], tried prefix='res-video-newborn-management-', suffix='-management-of-danger-signs'
  Warning: Link 'video:/Newborn management/management_of_danger_signs' not in mapping or could not be resolved, removing from question
Updated KLP 'klp-3-nbsu-bed-side-diagnostics' -> c1ad7193a1e343dea5f4557a845d7592
DEBUG: activating version 9fcfc99403614c0d8353570c97c90466 with url='http://135.225.105.160:8004/klps/versions/9fcfc99403614c0d8353570c97c90466/status'
  ✓ Activated version: 9fcfc99403614c0d8353570c97c90466
  → Recovered missing Language ID for KLP via mapping: 70b23178954a41a4a67e38292373733c
Updated KLP 'klp-3-what-are-emergency-signs' -> 47352e8b627f4705992c4dbb98156459
DEBUG: activating version f37b872e02b3405280ab2aa87f4cdb08 with url='http://135.225.105.160:8004/klps/versions/f37b872e02b3405280ab2aa87f4cdb08/status'
  ✓ Activated version: f37b872e02b3405280ab2aa87f4cdb08
  → Recovered missing Language ID for KLP via mapping: 70b23178954a41a4a67e38292373733c
Updated KLP 'klp-2-definition-of-low-birthweight' -> c9b95a1868df435eaa74f5a12c0307db
DEBUG: activating version 078707ae4f9f41fa96c1c216a557e7ef with url='http://135.225.105.160:8004/klps/versions/078707ae4f9f41fa96c1c216a557e7ef/status'
  ✓ Activated version: 078707ae4f9f41fa96c1c216a557e7ef
  → Recovered missing Language ID for KLP via mapping: 70b23178954a41a4a67e38292373733c
Updated KLP 'klp-1-preterm-presentation' -> 4b4d8ccac7704cc09592a207563b196c
DEBUG: activating version fe5a39ea208e4ec89442ae155bf7c1a5 with url='http://135.225.105.160:8004/klps/versions/fe5a39ea208e4ec89442ae155bf7c1a5/status'
  ✓ Activated version: fe5a39ea208e4ec89442ae155bf7c1a5
  → Recovered missing Language ID for KLP via mapping: 70b23178954a41a4a67e38292373733c
Updated KLP 'klp-1-initial-care-of-the-low-birth-weight' -> 90ddd255c77d4fb7841dab4be9781ebc
DEBUG: activating version cb4ec38ab8254fa9a3b31c6d6165239d with url='http://135.225.105.160:8004/klps/versions/cb4ec38ab8254fa9a3b31c6d6165239d/status'
  ✓ Activated version: cb4ec38ab8254fa9a3b31c6d6165239d
  → Recovered missing Language ID for KLP via mapping: 70b23178954a41a4a67e38292373733c
Updated KLP 'klp-1-what-is-kangaroo-mother-care' -> 9490aa23909743cdb39faf7113edc537
DEBUG: activating version 0a984a96fa03422bbf5ec19ae8b45eb4 with url='http://135.225.105.160:8004/klps/versions/0a984a96fa03422bbf5ec19ae8b45eb4/status'
  ✓ Activated version: 0a984a96fa03422bbf5ec19ae8b45eb4
  → Recovered missing Language ID for KLP via mapping: 70b23178954a41a4a67e38292373733c
Updated KLP 'klp-2-how-to-kangaroo-mother-care' -> 10bb8e62feac417199621ad21b9d33f6
DEBUG: activating version 0e08328940b24294b4400278c995ee06 with url='http://135.225.105.160:8004/klps/versions/0e08328940b24294b4400278c995ee06/status'
  ✓ Activated version: 0e08328940b24294b4400278c995ee06
  → Recovered missing Language ID for KLP via mapping: 70b23178954a41a4a67e38292373733c
Updated KLP 'klp-3-discharge' -> 77f3df5c79ea433890f8c1b11cde8cea
DEBUG: activating version 00ff7e3079de4c778021ddeeac432e2f with url='http://135.225.105.160:8004/klps/versions/00ff7e3079de4c778021ddeeac432e2f/status'
  ✓ Activated version: 00ff7e3079de4c778021ddeeac432e2f
  → Recovered missing Language ID for KLP via mapping: 70b23178954a41a4a67e38292373733c
Updated KLP 'klp-2-feeding' -> 9663e66beb5942e8a11c498ca2695a5f
DEBUG: activating version 08edcc9631f549338995993c5a662432 with url='http://135.225.105.160:8004/klps/versions/08edcc9631f549338995993c5a662432/status'
  ✓ Activated version: 08edcc9631f549338995993c5a662432
  → Recovered missing Language ID for KLP via mapping: 70b23178954a41a4a67e38292373733c
Updated KLP 'klp-3-unable-to-suck' -> 15f3209906e744e8a2a53f177c63172a
DEBUG: activating version 7ba84cbc0fde49ccaf8f61d07dc5dec9 with url='http://135.225.105.160:8004/klps/versions/7ba84cbc0fde49ccaf8f61d07dc5dec9/status'
  ✓ Activated version: 7ba84cbc0fde49ccaf8f61d07dc5dec9
  → Recovered missing Language ID for KLP via mapping: 70b23178954a41a4a67e38292373733c
Warning: Could not resolve action-card link 'action-card:pediatric-drugs-and-fluids_1486735917639'. Candidates: ['res-action-card-india-pediatric-drugs-and-fluids', 'res-action-card-pediatric-drugs-and-fluids']
  Warning: Link 'action-card:pediatric-drugs-and-fluids_1486735917639' not in mapping or could not be resolved, removing from question
Updated KLP 'klp-1-feeding-schedule' -> c124199fe00946f78a45b6fcf13b3901
DEBUG: activating version a7e9896b8e504fb7aa5aedea2e3a055e with url='http://135.225.105.160:8004/klps/versions/a7e9896b8e504fb7aa5aedea2e3a055e/status'
  ✓ Activated version: a7e9896b8e504fb7aa5aedea2e3a055e
  → Recovered missing Language ID for KLP via mapping: 70b23178954a41a4a67e38292373733c
Updated KLP 'klp-1-non-responsive-newborn' -> 6bff0317c4bc4ee2b1d649686d04d112
DEBUG: activating version 688c65befedf4477a2597321810f750a with url='http://135.225.105.160:8004/klps/versions/688c65befedf4477a2597321810f750a/status'
  ✓ Activated version: 688c65befedf4477a2597321810f750a
  → Recovered missing Language ID for KLP via mapping: 70b23178954a41a4a67e38292373733c
Updated KLP 'klp-2-breathing' -> 88fb3f76edea4de0b26e24ca446ac0aa
DEBUG: activating version 7b8defdafc964e3b949765a97bb77fd2 with url='http://135.225.105.160:8004/klps/versions/7b8defdafc964e3b949765a97bb77fd2/status'
  ✓ Activated version: 7b8defdafc964e3b949765a97bb77fd2
  → Recovered missing Language ID for KLP via mapping: 70b23178954a41a4a67e38292373733c
Updated KLP 'klp-1-rds-symptoms' -> 8427e0bd133046f993d1187fbca519c2
DEBUG: activating version fffe17d4a4464f2f9f76e678439cf9a4 with url='http://135.225.105.160:8004/klps/versions/fffe17d4a4464f2f9f76e678439cf9a4/status'
  ✓ Activated version: fffe17d4a4464f2f9f76e678439cf9a4
  → Recovered missing Language ID for KLP via mapping: 70b23178954a41a4a67e38292373733c
Updated KLP 'klp-2-rds-management' -> 3d356835aa6149fe8a07a9260a9533a4
DEBUG: activating version 0b99ef066d734d1c80e0a383a5b22df1 with url='http://135.225.105.160:8004/klps/versions/0b99ef066d734d1c80e0a383a5b22df1/status'
  ✓ Activated version: 0b99ef066d734d1c80e0a383a5b22df1
  → Recovered missing Language ID for KLP via mapping: 70b23178954a41a4a67e38292373733c
Updated KLP 'klp-3-cpap' -> 06a36adca96c469dbd343b61a2b5faf4
DEBUG: activating version 85c99fed823249aebe65f8f2bcf9eaa1 with url='http://135.225.105.160:8004/klps/versions/85c99fed823249aebe65f8f2bcf9eaa1/status'
  ✓ Activated version: 85c99fed823249aebe65f8f2bcf9eaa1
  → Recovered missing Language ID for KLP via mapping: 70b23178954a41a4a67e38292373733c
Updated KLP 'klp-1-rds-ab' -> 43c8eb7903244690bf00ae0145673e09
DEBUG: activating version d1661915c3b24049b05d34884374c365 with url='http://135.225.105.160:8004/klps/versions/d1661915c3b24049b05d34884374c365/status'
  ✓ Activated version: d1661915c3b24049b05d34884374c365
  → Recovered missing Language ID for KLP via mapping: 70b23178954a41a4a67e38292373733c
Updated KLP 'klp-2-oxygen-therapy' -> c48181bcc732401fa306ae7b95c63cf4
DEBUG: activating version a8ec1f46c4c740cf812db05ad42772d9 with url='http://135.225.105.160:8004/klps/versions/a8ec1f46c4c740cf812db05ad42772d9/status'
  ✓ Activated version: a8ec1f46c4c740cf812db05ad42772d9
  → Recovered missing Language ID for KLP via mapping: 70b23178954a41a4a67e38292373733c
Updated KLP 'klp-3-oxygen-saturation' -> 200e1bb138e34335a301c7a1f488269e
DEBUG: activating version ecee3b3d85284ae29e639763852f7302 with url='http://135.225.105.160:8004/klps/versions/ecee3b3d85284ae29e639763852f7302/status'
  ✓ Activated version: ecee3b3d85284ae29e639763852f7302
  → Recovered missing Language ID for KLP via mapping: 70b23178954a41a4a67e38292373733c
Updated KLP 'klp-2-oxygen-indication' -> 4c3c529c827d49c6a28b97258c4976ff
DEBUG: activating version 088f69d441bf41a6adb437ed13125b2d with url='http://135.225.105.160:8004/klps/versions/088f69d441bf41a6adb437ed13125b2d/status'
  ✓ Activated version: 088f69d441bf41a6adb437ed13125b2d
  → Recovered missing Language ID for KLP via mapping: 70b23178954a41a4a67e38292373733c
Updated KLP 'klp-1-grunting' -> 92fcfd69ab1248b6985d8ad4b7548c8b
DEBUG: activating version dc52459c7be44c42a50f514dee40f470 with url='http://135.225.105.160:8004/klps/versions/dc52459c7be44c42a50f514dee40f470/status'
  ✓ Activated version: dc52459c7be44c42a50f514dee40f470
  → Recovered missing Language ID for KLP via mapping: 70b23178954a41a4a67e38292373733c
Updated KLP 'klp-3-apnea-prevention' -> a7c2395e83884ecca400b2dcec9b01ab
DEBUG: activating version d7c21c78eb43427eafd94d90de39f008 with url='http://135.225.105.160:8004/klps/versions/d7c21c78eb43427eafd94d90de39f008/status'
  ✓ Activated version: d7c21c78eb43427eafd94d90de39f008
  → Recovered missing Language ID for KLP via mapping: 70b23178954a41a4a67e38292373733c
Updated KLP 'klp-3-stable-newborn-management' -> b01c92da28ac4270a4fac681dfb5ab72
DEBUG: activating version 44514a4c502a4e0da9268b503cf890c3 with url='http://135.225.105.160:8004/klps/versions/44514a4c502a4e0da9268b503cf890c3/status'
  ✓ Activated version: 44514a4c502a4e0da9268b503cf890c3
  → Recovered missing Language ID for KLP via mapping: 70b23178954a41a4a67e38292373733c
Updated KLP 'klp-3-jaundice' -> b9f49ce2fced419aa611596b593b3652
DEBUG: activating version 4f7cb421725041dc8de54431f8c5c6fe with url='http://135.225.105.160:8004/klps/versions/4f7cb421725041dc8de54431f8c5c6fe/status'
  ✓ Activated version: 4f7cb421725041dc8de54431f8c5c6fe
  → Recovered missing Language ID for KLP via mapping: 70b23178954a41a4a67e38292373733c
Updated KLP 'klp-2-severe-jaundice' -> 9a911606b428423a8b292d185fc38db1
DEBUG: activating version 7b80eaf16e574c5f8560ebb1c2bc3bbd with url='http://135.225.105.160:8004/klps/versions/7b80eaf16e574c5f8560ebb1c2bc3bbd/status'
  ✓ Activated version: 7b80eaf16e574c5f8560ebb1c2bc3bbd
  → Recovered missing Language ID for KLP via mapping: 70b23178954a41a4a67e38292373733c
Updated KLP 'klp-3-severe-jaundice-jaundice-treatment' -> fac662155b39473dbdc1c1cd3d051c84
DEBUG: activating version 39024db41ac54e03a3315f880efb9cb5 with url='http://135.225.105.160:8004/klps/versions/39024db41ac54e03a3315f880efb9cb5/status'
  ✓ Activated version: 39024db41ac54e03a3315f880efb9cb5
  → Recovered missing Language ID for KLP via mapping: 70b23178954a41a4a67e38292373733c
Updated KLP 'klp-1-vomits' -> 22fe3a261e8d41d39d81e180a82b4922
DEBUG: activating version b3f00ac048a545f8af27ea121eba79a9 with url='http://135.225.105.160:8004/klps/versions/b3f00ac048a545f8af27ea121eba79a9/status'
  ✓ Activated version: b3f00ac048a545f8af27ea121eba79a9
  → Recovered missing Language ID for KLP via mapping: 70b23178954a41a4a67e38292373733c
Updated KLP 'klp-2-necrotizing-enterocolitis' -> f4db78ec27c34b7ebc53bfa28681406a
DEBUG: activating version fe32d0a6b7554307a276a187da9aa302 with url='http://135.225.105.160:8004/klps/versions/fe32d0a6b7554307a276a187da9aa302/status'
  ✓ Activated version: fe32d0a6b7554307a276a187da9aa302
  → Recovered missing Language ID for KLP via mapping: 70b23178954a41a4a67e38292373733c
Updated KLP 'klp-3-necrotizing-enterocolitis-management' -> 7dc9fb2df4d74cbe838f3bbded44a703
DEBUG: activating version 160b99d6915645bd8d73f47580433507 with url='http://135.225.105.160:8004/klps/versions/160b99d6915645bd8d73f47580433507/status'
  ✓ Activated version: 160b99d6915645bd8d73f47580433507
  → Recovered missing Language ID for KLP via mapping: 70b23178954a41a4a67e38292373733c
Updated KLP 'klp-1-lbw-infection' -> cb133d441e3446fa83e0e1aec5467a6a
DEBUG: activating version 851875fddf55467da79e91088fc0e46e with url='http://135.225.105.160:8004/klps/versions/851875fddf55467da79e91088fc0e46e/status'
  ✓ Activated version: 851875fddf55467da79e91088fc0e46e
  → Recovered missing Language ID for KLP via mapping: 70b23178954a41a4a67e38292373733c
Updated KLP 'klp-3-lbw-infection-treatment' -> 9502fb42d1e04d7bacf5402632e1fb57
DEBUG: activating version 1cda5ce1332243388b819f0374f5eaef with url='http://135.225.105.160:8004/klps/versions/1cda5ce1332243388b819f0374f5eaef/status'
  ✓ Activated version: 1cda5ce1332243388b819f0374f5eaef
  → Recovered missing Language ID for KLP via mapping: 70b23178954a41a4a67e38292373733c
Updated KLP 'klp-2-severe-infection' -> 61a0bb49aa22451ea1bed28db9b0addc
DEBUG: activating version b96dfb7b80ba46e799c8ba0268303db0 with url='http://135.225.105.160:8004/klps/versions/b96dfb7b80ba46e799c8ba0268303db0/status'
  ✓ Activated version: b96dfb7b80ba46e799c8ba0268303db0
  → Recovered missing Language ID for KLP via mapping: 70b23178954a41a4a67e38292373733c
Updated KLP 'klp-1-referral-indications' -> 09c99c4caf8543ae834cceb32fca3b6c
DEBUG: activating version 8cd93c0bfb664db9ac4ae6292f24b099 with url='http://135.225.105.160:8004/klps/versions/8cd93c0bfb664db9ac4ae6292f24b099/status'
  ✓ Activated version: 8cd93c0bfb664db9ac4ae6292f24b099
  → Recovered missing Language ID for KLP via mapping: 70b23178954a41a4a67e38292373733c
Updated KLP 'klp-2-referral-safety-rules' -> 2e14fb340f7344c2a0f86c8b28fd0c03
DEBUG: activating version c1031ed300804402a7e0780ea9d0a8bf with url='http://135.225.105.160:8004/klps/versions/c1031ed300804402a7e0780ea9d0a8bf/status'
  ✓ Activated version: c1031ed300804402a7e0780ea9d0a8bf
  → Recovered missing Language ID for KLP via mapping: 70b23178954a41a4a67e38292373733c
Updated KLP 'klp-2-referral-warmth' -> 6a940af4f2f944b2badcc32788483c23
DEBUG: activating version 26f060caa3914ec482ab35f5cda43803 with url='http://135.225.105.160:8004/klps/versions/26f060caa3914ec482ab35f5cda43803/status'
  ✓ Activated version: 26f060caa3914ec482ab35f5cda43803
  → Recovered missing Language ID for KLP via mapping: 70b23178954a41a4a67e38292373733c
Updated KLP 'klp-3-referral-no-option' -> 9af2dc9bd2c74fc690fe02d49af47667
DEBUG: activating version ac9eea971c784c82817330a0b877f470 with url='http://135.225.105.160:8004/klps/versions/ac9eea971c784c82817330a0b877f470/status'
  ✓ Activated version: ac9eea971c784c82817330a0b877f470
  → Recovered missing Language ID for KLP via mapping: 70b23178954a41a4a67e38292373733c
Updated KLP 'klp-1-respectful-care' -> 29753214ae1949c19a75b3f33fedc0d0
DEBUG: activating version aa6b3df41b0f4760a07672b891c818a3 with url='http://135.225.105.160:8004/klps/versions/aa6b3df41b0f4760a07672b891c818a3/status'
  ✓ Activated version: aa6b3df41b0f4760a07672b891c818a3
  → Recovered missing Language ID for KLP via mapping: 70b23178954a41a4a67e38292373733c
Updated KLP 'klp-3-necrotizing-enterocolitis-antibiotics' -> afd12dc05b544535bf8bf6e707b02194
DEBUG: activating version 84cefc038f844414a575251d4433fb53 with url='http://135.225.105.160:8004/klps/versions/84cefc038f844414a575251d4433fb53/status'
  ✓ Activated version: 84cefc038f844414a575251d4433fb53

=== STEP 4: Post Modules ===
Loaded 21 existing module mappings

📋 Modules to be processed:
    1. [PATCH (c565bca6d89c42a28b25b4326879fcf5)] Perinatal Mental Health  (mod-perinatal-mental-health)  [🌍 49bc07fa...]
    2. [PATCH (2d6e73bd881a44cfa7570ee09e4b3a3d)] Modern Contraception  (mod-modern-contraception)  [🌍 49bc07fa...]
    3. [PATCH (379ed6ef1cc043e9976a49cbe81e08b2)] Antenatal Care  (mod-antenatal-care)  [🌍 49bc07fa...]
    4. [PATCH (7d843f9022294d95b2b8bd32025fc098)] Postnatal Care  (mod-postnatal-care)  [🌍 49bc07fa...]
    5. [PATCH (4e91ddbe4abb48cfa2104a1f81eebaf7)] Gestational Diabetes Mellitus  (mod-gestational-diabetes-mellitus)  [🌍 49bc07fa...]
    6. [PATCH (117c6504c3624ac7add070e3b5db2251)] Infection Prevention  (mod-infection-prevention)  [🌍 49bc07fa...]
    7. [PATCH (7f4b6915d61048269be9e6b74aa8f0b9)] Post Abortion Care  (mod-post-abortion-care)  [🌍 49bc07fa...]
    8. [PATCH (5aeeb9c9cc0a4caf9fd018f0ad2e4142)] Hypertension  (mod-hypertension)  [🌍 49bc07fa...]
    9. [PATCH (14d1c8513fa34fcaa7fe9882772a7ca9)] Normal Labour and Birth  (mod-normal-labour-and-birth)  [🌍 49bc07fa...]
   10. [PATCH (ae67526243524dedaff7f81cc457f1b0)] Active Management of Third Stage Labour  (mod-active-management-of-third-stage-labour)  [🌍 49bc07fa...]
   11. [PATCH (cf835a71ae83443b9bcf67cb8edbc6db)] Prolonged Labour  (mod-prolonged-labour)  [🌍 49bc07fa...]
   12. [PATCH (b375dc176a2c4f60918d047fc363e513)] Post Partum Hemorrhage  (mod-post-partum-hemorrhage)  [🌍 49bc07fa...]
   13. [PATCH (8b9a390f02fb40d9bb27b58a6764f86c)] Manual Removal of Placenta  (mod-manual-removal-of-placenta)  [🌍 49bc07fa...]
   14. [PATCH (01c4f8300f8d4f4bba9a677364185dce)] Maternal Sepsis  (mod-maternal-sepsis)  [🌍 49bc07fa...]
   15. [PATCH (f65d1aa187784c3e9180d14db0ee430e)] Neonatal Resuscitation  (mod-neonatal-resuscitation)  [🌍 49bc07fa...]
   16. [PATCH (46fccf0141ae4c8fa395dfdf75ae1734)] Care of The Sick Newborn  (mod-care-of-the-sick-newborn)  [🌍 49bc07fa...]
   17. [PATCH (6765a50eefef40f694221400e167a1af)] Low Birth Weight  (mod-low-birth-weight)  [🌍 49bc07fa...]


  📋 Module 'Perinatal Mental Health' [mod-perinatal-mental-health] resource resolution:
     Videos:     8 slugs → 8 IDs
     ActionCards:5 slugs → 5 IDs
     Procedures: 3 slugs → 3 IDs
     Drugs:      0 slugs → 0 IDs
     KLPs:       36 slugs → 36 IDs
     (sample action_card ID: e2b9a8869bd24d91a2c67b8d810168c4)
  🔄 PATCH → http://135.225.105.160:8004/modules/c565bca6d89c42a28b25b4326879fcf5
     Payload resource counts: videos=8, action_cards=5, procedures=3, drugs=0, klps=36
     language_id=70b23178954a41a4a67e38292373733c, region=india, content_type=translated
  📨 Response: 200
Updated module 'Perinatal Mental Health'
  ✓ Activated module version: 47bc3f7271b2423f8b710c9347a296fe

  📋 Module 'Modern Contraception' [mod-modern-contraception] resource resolution:
     Videos:     9 slugs → 9 IDs
     ActionCards:6 slugs → 6 IDs
     Procedures: 5 slugs → 5 IDs
     Drugs:      7 slugs → 7 IDs
     KLPs:       35 slugs → 35 IDs
     (sample action_card ID: c41be630288b4968bdcc9ffa130bb3bd)
     (sample drug ID: eaf50fd0fb5d4df2a420dd67ced48d0d)
  🔄 PATCH → http://135.225.105.160:8004/modules/2d6e73bd881a44cfa7570ee09e4b3a3d
     Payload resource counts: videos=9, action_cards=6, procedures=5, drugs=7, klps=35
     language_id=70b23178954a41a4a67e38292373733c, region=india, content_type=translated
  📨 Response: 200
Updated module 'Modern Contraception'
  ✓ Activated module version: 0fc9173406d345c8b556fbd65034d391

  📋 Module 'Antenatal Care' [mod-antenatal-care] resource resolution:
     Videos:     7 slugs → 7 IDs
     ActionCards:7 slugs → 7 IDs
     Procedures: 3 slugs → 3 IDs
     Drugs:      11 slugs → 11 IDs
     KLPs:       36 slugs → 36 IDs
     (sample action_card ID: 35a5c21f1bfe4df7bd1814c9dddbd7a5)
     (sample drug ID: 93e0cd32702d4806bdc3c29016cda0fd)
  🔄 PATCH → http://135.225.105.160:8004/modules/379ed6ef1cc043e9976a49cbe81e08b2
     Payload resource counts: videos=7, action_cards=7, procedures=3, drugs=11, klps=36
     language_id=70b23178954a41a4a67e38292373733c, region=india, content_type=translated
  📨 Response: 200
Updated module 'Antenatal Care'
  ✓ Activated module version: 68281c7bcdee4da4a536310d6b8cdec4

  📋 Module 'Postnatal Care' [mod-postnatal-care] resource resolution:
     Videos:     9 slugs → 9 IDs
     ActionCards:2 slugs → 2 IDs
     Procedures: 2 slugs → 2 IDs
     Drugs:      15 slugs → 15 IDs
     KLPs:       36 slugs → 36 IDs
     (sample action_card ID: 3fc0204aacbb473f83331f99fd3fa02e)
     (sample drug ID: ee1c01bd3e0d46c3802dc4867312e58c)
  🔄 PATCH → http://135.225.105.160:8004/modules/7d843f9022294d95b2b8bd32025fc098
     Payload resource counts: videos=9, action_cards=2, procedures=2, drugs=15, klps=36
     language_id=70b23178954a41a4a67e38292373733c, region=india, content_type=translated
  📨 Response: 200
Updated module 'Postnatal Care'
  ✓ Activated module version: 51a390ec16b0451d90505852d8772e84

  📋 Module 'Gestational Diabetes Mellitus' [mod-gestational-diabetes-mellitus] resource resolution:
     Videos:     10 slugs → 10 IDs
     ActionCards:10 slugs → 10 IDs
     Procedures: 6 slugs → 6 IDs
     Drugs:      3 slugs → 3 IDs
     KLPs:       36 slugs → 36 IDs
     (sample action_card ID: cec556f9062e4b5fbb15972e42e664e0)
     (sample drug ID: fd0a86c098b6488bad6a005f46e13e5f)
  🔄 PATCH → http://135.225.105.160:8004/modules/4e91ddbe4abb48cfa2104a1f81eebaf7
     Payload resource counts: videos=10, action_cards=10, procedures=6, drugs=3, klps=36
     language_id=70b23178954a41a4a67e38292373733c, region=india, content_type=translated
  📨 Response: 200
Updated module 'Gestational Diabetes Mellitus'
  ✓ Activated module version: 8df374aa6bb74dac8414a46e64341878

  📋 Module 'Infection Prevention' [mod-infection-prevention] resource resolution:
     Videos:     7 slugs → 7 IDs
     ActionCards:3 slugs → 3 IDs
     Procedures: 5 slugs → 5 IDs
     Drugs:      5 slugs → 5 IDs
     KLPs:       36 slugs → 36 IDs
     (sample action_card ID: 1af5d61e22824f66a0edf75407f1ebb8)
     (sample drug ID: 5a3b5402a8344794821d162918aeaa0d)
  🔄 PATCH → http://135.225.105.160:8004/modules/117c6504c3624ac7add070e3b5db2251
     Payload resource counts: videos=7, action_cards=3, procedures=5, drugs=5, klps=36
     language_id=70b23178954a41a4a67e38292373733c, region=india, content_type=translated
  📨 Response: 200
Updated module 'Infection Prevention'
  ✓ Activated module version: e26ef79217f14820a8984d124307dd05

  📋 Module 'Post Abortion Care' [mod-post-abortion-care] resource resolution:
     Videos:     5 slugs → 5 IDs
     ActionCards:5 slugs → 5 IDs
     Procedures: 3 slugs → 3 IDs
     Drugs:      6 slugs → 6 IDs
     KLPs:       36 slugs → 36 IDs
     (sample action_card ID: 11cd92db0093459e80aa26a40fed9a05)
     (sample drug ID: ee1c01bd3e0d46c3802dc4867312e58c)
  🔄 PATCH → http://135.225.105.160:8004/modules/7f4b6915d61048269be9e6b74aa8f0b9
     Payload resource counts: videos=5, action_cards=5, procedures=3, drugs=6, klps=36
     language_id=70b23178954a41a4a67e38292373733c, region=india, content_type=translated
  📨 Response: 200
Updated module 'Post Abortion Care'
  ✓ Activated module version: 290df29c974e4e6aa8fb63f69f156d79

  📋 Module 'Hypertension' [mod-hypertension] resource resolution:
     Videos:     6 slugs → 6 IDs
     ActionCards:5 slugs → 5 IDs
     Procedures: 3 slugs → 3 IDs
     Drugs:      9 slugs → 9 IDs
     KLPs:       35 slugs → 35 IDs
     (sample action_card ID: 26aa1d2a98114f2481828a3681f9941b)
     (sample drug ID: ce7f266ce2124c738fd21a4b2da22e1a)
  🔄 PATCH → http://135.225.105.160:8004/modules/5aeeb9c9cc0a4caf9fd018f0ad2e4142
     Payload resource counts: videos=6, action_cards=5, procedures=3, drugs=9, klps=35
     language_id=70b23178954a41a4a67e38292373733c, region=india, content_type=translated
  📨 Response: 200
Updated module 'Hypertension'
  ✓ Activated module version: 40b9280b1ef245678f13c41d708d8989

  📋 Module 'Normal Labour and Birth' [mod-normal-labour-and-birth] resource resolution:
     Videos:     9 slugs → 9 IDs
     ActionCards:1 slugs → 1 IDs
     Procedures: 5 slugs → 5 IDs
     Drugs:      2 slugs → 2 IDs
     KLPs:       36 slugs → 36 IDs
     (sample action_card ID: 5a42205d4df4411793fa240f6ee55ff7)
     (sample drug ID: 0a77819fe4a949f1bb519ec2a1e05153)
  🔄 PATCH → http://135.225.105.160:8004/modules/14d1c8513fa34fcaa7fe9882772a7ca9
     Payload resource counts: videos=9, action_cards=1, procedures=5, drugs=2, klps=36
     language_id=70b23178954a41a4a67e38292373733c, region=india, content_type=translated
  📨 Response: 200
Updated module 'Normal Labour and Birth'
  ✓ Activated module version: dfee37f2f64f4c2e8dba25d5aadf45ef

  📋 Module 'Active Management of Third Stage Labour' [mod-active-management-of-third-stage-labour] resource resolution:
     Videos:     9 slugs → 9 IDs
     ActionCards:3 slugs → 3 IDs
     Procedures: 1 slugs → 1 IDs
     Drugs:      3 slugs → 3 IDs
     KLPs:       36 slugs → 36 IDs
     (sample action_card ID: 1d7562c656ce430793ed5d1fd9d4248e)
     (sample drug ID: 0a77819fe4a949f1bb519ec2a1e05153)
  🔄 PATCH → http://135.225.105.160:8004/modules/ae67526243524dedaff7f81cc457f1b0
     Payload resource counts: videos=9, action_cards=3, procedures=1, drugs=3, klps=36
     language_id=70b23178954a41a4a67e38292373733c, region=india, content_type=translated
  📨 Response: 200
Updated module 'Active Management of Third Stage Labour'
  ✓ Activated module version: 3c054541403149e18ec2aa027664733b

  📋 Module 'Prolonged Labour' [mod-prolonged-labour] resource resolution:
     Videos:     6 slugs → 6 IDs
     ActionCards:5 slugs → 5 IDs
     Procedures: 4 slugs → 4 IDs
     Drugs:      2 slugs → 2 IDs
     KLPs:       37 slugs → 37 IDs
     (sample action_card ID: 5a42205d4df4411793fa240f6ee55ff7)
     (sample drug ID: 0a77819fe4a949f1bb519ec2a1e05153)
  🔄 PATCH → http://135.225.105.160:8004/modules/cf835a71ae83443b9bcf67cb8edbc6db
     Payload resource counts: videos=6, action_cards=5, procedures=4, drugs=2, klps=37
     language_id=70b23178954a41a4a67e38292373733c, region=india, content_type=translated
  📨 Response: 200
Updated module 'Prolonged Labour'
  ✓ Activated module version: 8c2e93835ed747478e3e72455c3bd657

  📋 Module 'Post Partum Hemorrhage' [mod-post-partum-hemorrhage] resource resolution:
     Videos:     11 slugs → 11 IDs
     ActionCards:2 slugs → 2 IDs
     Procedures: 7 slugs → 7 IDs
     Drugs:      11 slugs → 11 IDs
     KLPs:       36 slugs → 36 IDs
     (sample action_card ID: 1d7562c656ce430793ed5d1fd9d4248e)
     (sample drug ID: ee1c01bd3e0d46c3802dc4867312e58c)
  🔄 PATCH → http://135.225.105.160:8004/modules/b375dc176a2c4f60918d047fc363e513
     Payload resource counts: videos=11, action_cards=2, procedures=7, drugs=11, klps=36
     language_id=70b23178954a41a4a67e38292373733c, region=india, content_type=translated
  📨 Response: 200
Updated module 'Post Partum Hemorrhage'
  ✓ Activated module version: f93735f8fb644a158924f9ad3bfaf095

  📋 Module 'Manual Removal of Placenta' [mod-manual-removal-of-placenta] resource resolution:
     Videos:     6 slugs → 6 IDs
     ActionCards:1 slugs → 1 IDs
     Procedures: 4 slugs → 4 IDs
     Drugs:      7 slugs → 7 IDs
     KLPs:       36 slugs → 36 IDs
     (sample action_card ID: 3eb50722460a4609806796db1382598b)
     (sample drug ID: ee1c01bd3e0d46c3802dc4867312e58c)
  🔄 PATCH → http://135.225.105.160:8004/modules/8b9a390f02fb40d9bb27b58a6764f86c
     Payload resource counts: videos=6, action_cards=1, procedures=4, drugs=7, klps=36
     language_id=70b23178954a41a4a67e38292373733c, region=india, content_type=translated
  📨 Response: 200
Updated module 'Manual Removal of Placenta'
  ✓ Activated module version: 1db251551f3043dfa76e27282c595034

  📋 Module 'Maternal Sepsis' [mod-maternal-sepsis] resource resolution:
     Videos:     6 slugs → 6 IDs
     ActionCards:3 slugs → 3 IDs
     Procedures: 2 slugs → 2 IDs
     Drugs:      10 slugs → 10 IDs
     KLPs:       36 slugs → 36 IDs
     (sample action_card ID: 470b86c108c449b7b76634894f3e5b35)
     (sample drug ID: ee1c01bd3e0d46c3802dc4867312e58c)
  🔄 PATCH → http://135.225.105.160:8004/modules/01c4f8300f8d4f4bba9a677364185dce
     Payload resource counts: videos=6, action_cards=3, procedures=2, drugs=10, klps=36
     language_id=70b23178954a41a4a67e38292373733c, region=india, content_type=translated
  📨 Response: 200
Updated module 'Maternal Sepsis'
  ✓ Activated module version: fe2a6b136f1d4129844746faa090a280

  📋 Module 'Neonatal Resuscitation' [mod-neonatal-resuscitation] resource resolution:
     Videos:     6 slugs → 6 IDs
     ActionCards:4 slugs → 4 IDs
     Procedures: 0 slugs → 0 IDs
     Drugs:      1 slugs → 1 IDs
     KLPs:       36 slugs → 36 IDs
     (sample action_card ID: 9c6576748a85423cad957d5e95126fde)
     (sample drug ID: 303f58366fbc436f980400120f7158f8)
  🔄 PATCH → http://135.225.105.160:8004/modules/f65d1aa187784c3e9180d14db0ee430e
     Payload resource counts: videos=6, action_cards=4, procedures=0, drugs=1, klps=36
     language_id=70b23178954a41a4a67e38292373733c, region=india, content_type=translated
  📨 Response: 200
Updated module 'Neonatal Resuscitation'
  ✓ Activated module version: 8b98094d36c04127a6aa5bf82692dd4e

  📋 Module 'Care of The Sick Newborn' [mod-care-of-the-sick-newborn] resource resolution:
     Videos:     4 slugs → 4 IDs
     ActionCards:5 slugs → 5 IDs
     Procedures: 3 slugs → 3 IDs
     Drugs:      9 slugs → 9 IDs
     KLPs:       36 slugs → 36 IDs
     (sample action_card ID: 192ca09576e24821b3f63db4c6f4e4b0)
     (sample drug ID: ee1c01bd3e0d46c3802dc4867312e58c)
  🔄 PATCH → http://135.225.105.160:8004/modules/46fccf0141ae4c8fa395dfdf75ae1734
     Payload resource counts: videos=4, action_cards=5, procedures=3, drugs=9, klps=36
     language_id=70b23178954a41a4a67e38292373733c, region=india, content_type=translated
  📨 Response: 200
Updated module 'Care of The Sick Newborn'
  ✓ Activated module version: 595f7f3ab8494f739fcaf4ed414064a9

  📋 Module 'Low Birth Weight' [mod-low-birth-weight] resource resolution:
     Videos:     7 slugs → 7 IDs
     ActionCards:7 slugs → 7 IDs
     Procedures: 5 slugs → 5 IDs
     Drugs:      9 slugs → 9 IDs
     KLPs:       36 slugs → 36 IDs
     (sample action_card ID: 7de9a3052e324979bc0a0b48209b839f)
     (sample drug ID: 39e7a8a87fce402e8686f553f15d4eb2)
  🔄 PATCH → http://135.225.105.160:8004/modules/6765a50eefef40f694221400e167a1af
     Payload resource counts: videos=7, action_cards=7, procedures=5, drugs=9, klps=36
     language_id=70b23178954a41a4a67e38292373733c, region=india, content_type=translated
  📨 Response: 200
Updated module 'Low Birth Weight'
  ✓ Activated module version: 37db13925fea4fa08b403885df7c0f5b

=== STEP 5: Post Categories ===
Starting category migration for language 70b23178954a41a4a67e38292373733c...
Processing category: Sexual & reproductive health
  Found module: Modern Contraception -> 2d6e73bd881a44cfa7570ee09e4b3a3d
  Found module: Safe Abortion -> 0beb5650fef146ac9fe788014136112d
  Found module: Post Abortion Care -> 7f4b6915d61048269be9e6b74aa8f0b9
  Found module: Female Genital Mutilation -> ad0032087cd949218eed128cb3feccdf
  Total modules found: 4
  Creating new category...
  ✓ Activated category version: 21385746840d426e942db73f153180ce (Universal)
Processing category: Pregnancy and birth complications
  Found module: Hypertension -> 5aeeb9c9cc0a4caf9fd018f0ad2e4142
  Found module: Prolonged Labour -> cf835a71ae83443b9bcf67cb8edbc6db
  Found module: Post Partum Hemorrhage -> b375dc176a2c4f60918d047fc363e513
  Found module: Manual Removal of Placenta -> 8b9a390f02fb40d9bb27b58a6764f86c
  Found module: Maternal Sepsis -> 01c4f8300f8d4f4bba9a677364185dce
  Found module: Gestational Diabetes Mellitus -> 4e91ddbe4abb48cfa2104a1f81eebaf7
  Total modules found: 6
  Creating new category...
  ✓ Activated category version: f9daf0de759a44c094a476c487d663e7 (Universal)
Processing category: Maternal health
  Found module: Antenatal Care -> 379ed6ef1cc043e9976a49cbe81e08b2
  Found module: Postnatal Care -> 7d843f9022294d95b2b8bd32025fc098
  Found module: Normal Labour and Birth -> 14d1c8513fa34fcaa7fe9882772a7ca9
  Found module: Active Management of Third Stage Labour -> ae67526243524dedaff7f81cc457f1b0
  Found module: Perinatal Mental Health -> c565bca6d89c42a28b25b4326879fcf5
  Total modules found: 5
  Creating new category...
  ✓ Activated category version: d386fc77333d44f5bf6f0835c0379c9c (Universal)
Processing category: Newborn health
  Found module: Neonatal Resuscitation -> f65d1aa187784c3e9180d14db0ee430e
  Found module: Newborn Management -> 9941fcfec7604852ba537750d7bd959f
  Found module: Low Birth Weight -> 6765a50eefef40f694221400e167a1af
  Found module: Care of The Sick Newborn -> 46fccf0141ae4c8fa395dfdf75ae1734
  Total modules found: 4
  Creating new category...
  ✓ Activated category version: 632a493182614725bd50efcc39347077 (Universal)
Processing category: Infection prevention
  Found module: Infection Prevention -> 117c6504c3624ac7add070e3b5db2251
  Total modules found: 1
  Creating new category...
  ✓ Activated category version: 8763845c8a254026a90e72da5dc40a84 (Universal)
Error linking categories: 404 Client Error: Not Found for url: http://135.225.105.160:8004/languages/70b23178954a41a4a67e38292373733c/link/categories

=== STEP 6: Post Certificates ===
  📂 Loaded 1 local certificate mappings.
  🔄 Fetching all existing certificates from LME for caching...
  ✅ Cached 1 existing certificates from API.

🚀 Starting CERTIFICATE migration...
  Found 159 certificate documents in Cosmos.
  Filtered to 45 unique latest certificates.
  Grouped into 1 certificate families.

================================================================================
Processing Certificate Group 1/1: certificate-2017_1503996242450
================================================================================
  ℹ️ Language-specific migration mode for: Certificate 2017
     Attempting to find existing global certificate...
  → Found in slug cache (cert-certificate-2017): 146aca4d25014bb898b108cb62d467d0
  ✅ Found existing global certificate: 146aca4d25014bb898b108cb62d467d0

  📚 Found 1 valid translation(s) to migrate
     Parent certificate ID: 146aca4d25014bb898b108cb62d467d0

  ────────────────────────────────────────────────────────────────────────────
  🌍 Translation 1/1: Language 49bc07fa-9ad4-816c-17db-e693a28dd40f
  ────────────────────────────────────────────────────────────────────────────

📜 Processing TRANSLATED Certificate: 'Certificate 2017'
   Language: 49bc07fa-9ad4-816c-17db-e693a28dd40f
   Parent ID: 146aca4d25014bb898b108cb62d467d0
  ✅ Content uploaded: e3229601a0d048c5b4e5...
Loaded 1396 asset mappings from file
Downloading icon asset from https://sdacms.blob.core.windows.net/content/assets/images/india/key%20learning%20points/Post%20partum%20hemorrage/two_midwifes.png
Cached and saved asset_id for https://sdacms.blob.core.windows.net/content/assets/images/india/key%20learning%20points/Post%20partum%20hemorrage/two_midwifes.png: 6d4d6ac2e8f043f6988c2a67b66ff160
Using cached asset_id: 6d4d6ac2e8f043f6988c2a67b66ff160
Using cached asset_id: 265066b1f37245e78d8b5d4d91daa725
Using cached asset_id: 626685fa2fc24ca1bb5c5815a3537013
Using cached asset_id: 626685fa2fc24ca1bb5c5815a3537013
Downloading icon asset from https://sdacms.blob.core.windows.net/content/assets/images/india/key%20learning%20points/Post%20partum%20hemorrage/head_down_position.png
Cached and saved asset_id for https://sdacms.blob.core.windows.net/content/assets/images/india/key%20learning%20points/Post%20partum%20hemorrage/head_down_position.png: 99759b5f27b941f29b4446c0b1e34ead
Using cached asset_id: 2313a500dbe140c782f2c7c6eca985a6
Using cached asset_id: d56bb744627342889743bfc605de3e36
Using cached asset_id: d56bb744627342889743bfc605de3e36
Using cached asset_id: 652f6ce5ac204fb5ae9098a91b538f1e
Using cached asset_id: 652f6ce5ac204fb5ae9098a91b538f1e
Using cached asset_id: a11e3401d95a401892ab991fa4d7613a
Using cached asset_id: a11e3401d95a401892ab991fa4d7613a
Using cached asset_id: 862a1b81468441f6910fc90d79caf618
Using cached asset_id: 39173a55f6f648c292abf77aaa0cfdef
Using cached asset_id: 74c373c1cbfb4111b3c4eadbc347ecad
Using cached asset_id: ed43dd5acb754a6e9dcc5ab218191eee
Using cached asset_id: 07c0623200964682b250f1d0f85ce8b8
Using cached asset_id: 07c0623200964682b250f1d0f85ce8b8
Using cached asset_id: 6c2c28fc267840ba9442823cbd3f60dd
Using cached asset_id: 91056b8f5b7e43418779297d238afb3f
Using cached asset_id: 90e4029b075840f38b66fad0213b7116
Using cached asset_id: 6c2c28fc267840ba9442823cbd3f60dd
Using cached asset_id: b5ab3adabc3c4cb99406fe6de67bd140
Using cached asset_id: 209738ad5c954036a9aa4e5c8e4d5b94
Using cached asset_id: a00099b2f2be4032869ad39f2180fced
Using cached asset_id: 3bcefb90a88d44aa8c7edd582cd76549
Using cached asset_id: f098d03e37a94c5488ac815c52263103
Using cached asset_id: af3013019f704e938f62c3d6e0dae069
Using cached asset_id: e7bcfc30d23e4389856a30d10dad805a
Using cached asset_id: 0bbcd11f0c154a44836cf2b3ee438649
Using cached asset_id: 071665aff11745e8bb7bcc348aac3d4e
Using cached asset_id: 88d43a26ec3d4a318aed09c573d2a3e4
Using cached asset_id: 88d43a26ec3d4a318aed09c573d2a3e4
Using cached asset_id: 07c0623200964682b250f1d0f85ce8b8
Using cached asset_id: f6b4b50b5a41427ca8e79755dec4848b
Using cached asset_id: f6b4b50b5a41427ca8e79755dec4848b
Using cached asset_id: 8a42c93f1071415cae987fbbd2c8a559
Using cached asset_id: 6ca939c5b6474ecb9635590a33e3a0e3
Using cached asset_id: 6ca939c5b6474ecb9635590a33e3a0e3
Using cached asset_id: 4821811bdd1449b089762104b61b8a6e
Using cached asset_id: 3f0d751272da4e8a8055e9a35e48c7b0
Using cached asset_id: fb612240fc6e4dc0b0e91bc6d4d0e27f
Using cached asset_id: 8f8d682ac81c4d5ebfc7dd688acc792b
Using cached asset_id: 5d3ed7e990ec49ef890632ec29a60c82
Using cached asset_id: 5d3ed7e990ec49ef890632ec29a60c82
Downloading icon asset from https://sdacms.blob.core.windows.net/content/assets/images/india/key%20learning%20points/Neonatal%20resuscitation/preterm.png
Cached and saved asset_id for https://sdacms.blob.core.windows.net/content/assets/images/india/key%20learning%20points/Neonatal%20resuscitation/preterm.png: 0cf8dc434bbe4cb7a0c1181a417ed558
Using cached asset_id: 8f8d682ac81c4d5ebfc7dd688acc792b
Using cached asset_id: 8f8d682ac81c4d5ebfc7dd688acc792b
Using cached asset_id: 7857b29779f445eabff5c80e82425f0a
Using cached asset_id: 9dee1c385d44498089d965d2b7c54270
Using cached asset_id: 9dee1c385d44498089d965d2b7c54270
Using cached asset_id: 3f0d751272da4e8a8055e9a35e48c7b0
Using cached asset_id: 7c1c9ea7c524487c8712e89030b70ae4
Using cached asset_id: 7c1c9ea7c524487c8712e89030b70ae4
Using cached asset_id: 55e9667996d24b659d0415e3f57c46f3
Using cached asset_id: eef5c7f2b49b44bea5b70027eb4979c8
Using cached asset_id: 3b550ea268624993b2db6798bf0248cd
Using cached asset_id: 57099cca03564bd58764eb60e66750d9
Using cached asset_id: 8f8d682ac81c4d5ebfc7dd688acc792b
Using cached asset_id: 3177457473964621a517d438f488025b
Using cached asset_id: 3177457473964621a517d438f488025b
Using cached asset_id: 16e3150365924445b9eb76666ffe06b2
Using cached asset_id: 4d06ea3b81f8475dbf7fbf747d5dce6d
Downloading icon asset from https://sdacms.blob.core.windows.net/content/assets/images/india/key%20learning%20points/Manual%20removal%20of%20placenta/woman_in_shock.png
Cached and saved asset_id for https://sdacms.blob.core.windows.net/content/assets/images/india/key%20learning%20points/Manual%20removal%20of%20placenta/woman_in_shock.png: b0bf00b6c8e845f296b3fba104b213b5
Using cached asset_id: e31cdca9fc914395b7abf1dbb6f10d75
Downloading icon asset from https://sdacms.blob.core.windows.net/content/assets/images/india/key%20learning%20points/Neonatal%20management/brand_new_baby.png
Cached and saved asset_id for https://sdacms.blob.core.windows.net/content/assets/images/india/key%20learning%20points/Neonatal%20management/brand_new_baby.png: 371fd8d23f9640478db56f36943719ce
Using cached asset_id: 371fd8d23f9640478db56f36943719ce
Using cached asset_id: 267f1ffaf8ac4ea0aeba5b3a10a81709
Using cached asset_id: dacf3d3acbd646f1bf92b6941989aaae
Using cached asset_id: ad0dddb8fb424d8db00e556989ab1f59
  → Creating VERSION via POST http://135.225.105.160:8004/certificates (derived_from_id=146aca4d25014bb898b108cb62d467d0)
  ✅ Certificate created successfully
     Cosmos ID: 5a1589c7-eba8-77d8-8a30-57d50cd8eb33
     LME ID: e53f81955b9d454a84a3ab16b3867d36
  → Activating version 57a0b7f20b6e4fffb852b8b918237584 via PATCH http://135.225.105.160:8004/certificates/versions/57a0b7f20b6e4fffb852b8b918237584/status
  ✅ Version activated successfully.
  ✅ Translation version created: e53f81955b9d454a84a3ab16b3867d36

================================================================================
Certificate migration completed!
================================================================================

=== STEP 7: Post Settings Screens ===
  Filtered settings migration to 1 languages (from languages.csv).
2026-03-23 04:12:57,033 - INFO - Loaded 1 screen data mappings from CSV
2026-03-23 04:12:57,033 - INFO - ============================================================
2026-03-23 04:12:57,033 - INFO - Starting Settings Screen Migration
2026-03-23 04:12:57,033 - INFO - ============================================================
2026-03-23 04:12:57,033 - INFO - ✅ Found existing GLOBAL screen data: bf61683330084723989508837a96fc8b
2026-03-23 04:12:57,033 - INFO -    Skipping Step 1 (original already exists from global migration)
2026-03-23 04:12:57,033 - INFO - 
📌 Step 2: Patching TRANSLATED screen data
2026-03-23 04:12:57,033 - INFO - ----------------------------------------
2026-03-23 04:12:57,033 - INFO - 
🌐 Processing: 49bc07fa-9ad4-816c-17db-e693a28dd40f (region=india)
2026-03-23 04:12:57,148 - INFO -    Found 12 about sections
2026-03-23 04:12:57,148 - INFO -    Processing section: thankyou
Downloading icon asset from https://sdacms.blob.core.windows.net/content/assets/images/africa/https%3A//sdacms.blob.core.windows.net/content/assets/images/india/logos/World_Diabetic_Foundation.png
Error downloading icon asset https://sdacms.blob.core.windows.net/content/assets/images/africa/https%3A//sdacms.blob.core.windows.net/content/assets/images/india/logos/World_Diabetic_Foundation.png: 404 Client Error: The specified blob does not exist. for url: https://sdacms.blob.core.windows.net/content/assets/images/africa/https%3A//sdacms.blob.core.windows.net/content/assets/images/india/logos/World_Diabetic_Foundation.png
2026-03-23 04:12:57,428 - INFO -    ✅ thankyou: content=20f52bbd1750403c9fac1422c1ca0a0f, icon=None
2026-03-23 04:12:57,428 - INFO -    Processing section: feedback-and-troubleshooting
2026-03-23 04:12:57,585 - INFO -    ✅ feedback-and-troubleshooting: content=a3de8bb1b1c14f50bc7962973a72e42e, icon=None
2026-03-23 04:12:57,585 - INFO -    Processing section: background-survey
2026-03-23 04:12:57,709 - INFO -    ✅ background-survey: content=03e2a5899b604be681a5f0bcbe94773b, icon=None
2026-03-23 04:12:57,710 - INFO -    Processing section: lp-introduction
2026-03-23 04:12:57,824 - INFO -    ✅ lp-introduction: content=cbfab25719bf44c690a46194f35dc168, icon=None
2026-03-23 04:12:57,824 - INFO -    Processing section: introduction
2026-03-23 04:12:57,933 - INFO -    ✅ introduction: content=7172da6806124b6b8a826335c110f157, icon=None
2026-03-23 04:12:57,933 - INFO -    Processing section: welcome
Downloading icon asset from https://sdacms.blob.core.windows.net/content/assets/images/africa/https%3A//sdacms.blob.core.windows.net/content/assets/images/india/icon/module/active_management_of_third_stage_labour_alt.png
Error downloading icon asset https://sdacms.blob.core.windows.net/content/assets/images/africa/https%3A//sdacms.blob.core.windows.net/content/assets/images/india/icon/module/active_management_of_third_stage_labour_alt.png: 404 Client Error: The specified blob does not exist. for url: https://sdacms.blob.core.windows.net/content/assets/images/africa/https%3A//sdacms.blob.core.windows.net/content/assets/images/india/icon/module/active_management_of_third_stage_labour_alt.png
2026-03-23 04:12:58,217 - INFO -    ✅ welcome: content=0c11f17f656d4cc3b6e7f65e9bd105b3, icon=None
2026-03-23 04:12:58,218 - INFO -    Processing section: comingsoon
2026-03-23 04:12:58,345 - INFO -    ✅ comingsoon: content=0b9553208f5241e2988fffd4f8d2e8cf, icon=None
2026-03-23 04:12:58,346 - INFO -    Processing section: upq-introduction
2026-03-23 04:12:58,467 - INFO -    ✅ upq-introduction: content=56452babd78c4c12ab82aca7b52ee982, icon=None
2026-03-23 04:12:58,467 - INFO -    Processing section: developers
Downloading icon asset from https://sdacms.blob.core.windows.net/content/assets/images/africa/https%3A//sdacms.blob.core.windows.net/content/assets/images/india/logos/Developer%20logos_India.png
Error downloading icon asset https://sdacms.blob.core.windows.net/content/assets/images/africa/https%3A//sdacms.blob.core.windows.net/content/assets/images/india/logos/Developer%20logos_India.png: 404 Client Error: The specified blob does not exist. for url: https://sdacms.blob.core.windows.net/content/assets/images/africa/https%3A//sdacms.blob.core.windows.net/content/assets/images/india/logos/Developer%20logos_India.png
2026-03-23 04:12:58,777 - INFO -    ✅ developers: content=949260cd86b547069729eaf6bb7a6290, icon=None
2026-03-23 04:12:58,778 - INFO -    Processing section: disclaimer
2026-03-23 04:12:58,887 - INFO -    ✅ disclaimer: content=0fbf331667ef40ca9f95b5314440442c, icon=None
2026-03-23 04:12:58,887 - INFO -    Processing section: copyright
2026-03-23 04:12:58,999 - INFO -    ✅ copyright: content=b57d76197d484197b2fc535637dc01c1, icon=None
2026-03-23 04:12:58,999 - INFO -    Processing section: upq-thankyou
2026-03-23 04:12:59,107 - INFO -    ✅ upq-thankyou: content=80f6db9f473947fc80c19d885546393a, icon=None
2026-03-23 04:12:59,107 - INFO - PATCHing translated screen data to http://135.225.105.160:8004/settings-screens/bf61683330084723989508837a96fc8b
2026-03-23 04:12:59,303 - INFO - ✅ Created translated screen data for india (lang=70b23178954a41a4a67e38292373733c)
2026-03-23 04:12:59,350 - INFO -    ✓ Activated screen data version: db94b43ae3dd43ae9c6e9780da9a6117
2026-03-23 04:12:59,350 - INFO - 
============================================================
2026-03-23 04:12:59,351 - INFO - Settings Screen Migration Complete! (1 languages patched)
2026-03-23 04:12:59,351 - INFO - ============================================================

=== STEP 8: Post Onboarding Flows ===
  ⚠️  Mapping file not found: /home/azureuser/test/content_migrator/data/mappings/onboarding_mapping.csv
  ❌ No onboarding_flow_id available. Run global migration first.
  Onboarding: 0 patched, 1 skipped.

=== STAGE 2 COMPLETE ===
Languages, resources, KLPs, modules, categories, certificates, settings screens, and onboarding flows posted.
