[csv_resource_map] Loaded 21 modules from CSV resource map.
Starting Stage 2 (posting from CSVs), starting from: languages...
Loaded 4 existing language mappings
Loaded 188 queued resource slugs
Loaded 1085 existing resource mappings
Loaded 499 queued KLP slugs
Loaded 886 existing KLP mappings
Loaded 14 queued module slugs

=== STEP 1: Post Languages ===
Successfully posted language: Arabic-MSF
Skipping cosmos_id 2d9ef8a4-5277-6f3f-7f88-3db2cfb9c610; mapping already exists

=== STEP 2: Post Resources ===
Ensuring linked resources exist (creating placeholders)...
Fetching existing resources from API to prevent duplication...
Loaded 968 existing resource mappings from API.
  → Recovered missing Language ID for Resource via mapping: 06400ef3d7b040c19e96efe6c6c99991
  → Recovered missing Language ID for Resource via mapping: 06400ef3d7b040c19e96efe6c6c99991
  → Recovered missing Language ID for Resource via mapping: 06400ef3d7b040c19e96efe6c6c99991
  → Recovered missing Language ID for Resource via mapping: 06400ef3d7b040c19e96efe6c6c99991
  → Recovered missing Language ID for Resource via mapping: 06400ef3d7b040c19e96efe6c6c99991
  → Recovered missing Language ID for Resource via mapping: 06400ef3d7b040c19e96efe6c6c99991
  → Recovered missing Language ID for Resource via mapping: 06400ef3d7b040c19e96efe6c6c99991
  → Recovered missing Language ID for Resource via mapping: 06400ef3d7b040c19e96efe6c6c99991
  → Recovered missing Language ID for Resource via mapping: 06400ef3d7b040c19e96efe6c6c99991
  → Recovered missing Language ID for Resource via mapping: 06400ef3d7b040c19e96efe6c6c99991
  → Recovered missing Language ID for Resource via mapping: 06400ef3d7b040c19e96efe6c6c99991
  → Recovered missing Language ID for Resource via mapping: 06400ef3d7b040c19e96efe6c6c99991
  → Recovered missing Language ID for Resource via mapping: 06400ef3d7b040c19e96efe6c6c99991
  → Recovered missing Language ID for Resource via mapping: 06400ef3d7b040c19e96efe6c6c99991
  → Recovered missing Language ID for Resource via mapping: 06400ef3d7b040c19e96efe6c6c99991
  → Recovered missing Language ID for Resource via mapping: 06400ef3d7b040c19e96efe6c6c99991
  → Recovered missing Language ID for Resource via mapping: 06400ef3d7b040c19e96efe6c6c99991
  → Recovered missing Language ID for Resource via mapping: 06400ef3d7b040c19e96efe6c6c99991
  → Recovered missing Language ID for Resource via mapping: 06400ef3d7b040c19e96efe6c6c99991
  → Recovered missing Language ID for Resource via mapping: 06400ef3d7b040c19e96efe6c6c99991
  → Recovered missing Language ID for Resource via mapping: 06400ef3d7b040c19e96efe6c6c99991
  → Recovered missing Language ID for Resource via mapping: 06400ef3d7b040c19e96efe6c6c99991
  → Recovered missing Language ID for Resource via mapping: 06400ef3d7b040c19e96efe6c6c99991
  → Recovered missing Language ID for Resource via mapping: 06400ef3d7b040c19e96efe6c6c99991
  → Recovered missing Language ID for Resource via mapping: 06400ef3d7b040c19e96efe6c6c99991
  → Recovered missing Language ID for Resource via mapping: 06400ef3d7b040c19e96efe6c6c99991
  → Recovered missing Language ID for Resource via mapping: 06400ef3d7b040c19e96efe6c6c99991
  → Recovered missing Language ID for Resource via mapping: 06400ef3d7b040c19e96efe6c6c99991
  → Recovered missing Language ID for Resource via mapping: 06400ef3d7b040c19e96efe6c6c99991
  → Recovered missing Language ID for Resource via mapping: 06400ef3d7b040c19e96efe6c6c99991
  → Recovered missing Language ID for Resource via mapping: 06400ef3d7b040c19e96efe6c6c99991
  → Recovered missing Language ID for Resource via mapping: 06400ef3d7b040c19e96efe6c6c99991
  → Recovered missing Language ID for Resource via mapping: 06400ef3d7b040c19e96efe6c6c99991
  → Recovered missing Language ID for Resource via mapping: 06400ef3d7b040c19e96efe6c6c99991
  → Recovered missing Language ID for Resource via mapping: 06400ef3d7b040c19e96efe6c6c99991
  → Recovered missing Language ID for Resource via mapping: 06400ef3d7b040c19e96efe6c6c99991
  → Recovered missing Language ID for Resource via mapping: 06400ef3d7b040c19e96efe6c6c99991
  → Recovered missing Language ID for Resource via mapping: 06400ef3d7b040c19e96efe6c6c99991
  → Recovered missing Language ID for Resource via mapping: 06400ef3d7b040c19e96efe6c6c99991
  → Recovered missing Language ID for Resource via mapping: 06400ef3d7b040c19e96efe6c6c99991
  → Recovered missing Language ID for Resource via mapping: 06400ef3d7b040c19e96efe6c6c99991
  → Recovered missing Language ID for Resource via mapping: 06400ef3d7b040c19e96efe6c6c99991
  → Recovered missing Language ID for Resource via mapping: 06400ef3d7b040c19e96efe6c6c99991
  → Recovered missing Language ID for Resource via mapping: 06400ef3d7b040c19e96efe6c6c99991
  → Recovered missing Language ID for Resource via mapping: 06400ef3d7b040c19e96efe6c6c99991
  → Recovered missing Language ID for Resource via mapping: 06400ef3d7b040c19e96efe6c6c99991
  → Recovered missing Language ID for Resource via mapping: 06400ef3d7b040c19e96efe6c6c99991
  → Recovered missing Language ID for Resource via mapping: 06400ef3d7b040c19e96efe6c6c99991
  → Recovered missing Language ID for Resource via mapping: 06400ef3d7b040c19e96efe6c6c99991
  → Recovered missing Language ID for Resource via mapping: 06400ef3d7b040c19e96efe6c6c99991
  → Recovered missing Language ID for Resource via mapping: 06400ef3d7b040c19e96efe6c6c99991
  → Recovered missing Language ID for Resource via mapping: 06400ef3d7b040c19e96efe6c6c99991
  → Recovered missing Language ID for Resource via mapping: 06400ef3d7b040c19e96efe6c6c99991
  → Recovered missing Language ID for Resource via mapping: 06400ef3d7b040c19e96efe6c6c99991
  → Recovered missing Language ID for Resource via mapping: 06400ef3d7b040c19e96efe6c6c99991
  → Recovered missing Language ID for Resource via mapping: 06400ef3d7b040c19e96efe6c6c99991
  → Recovered missing Language ID for Resource via mapping: 06400ef3d7b040c19e96efe6c6c99991
  → Recovered missing Language ID for Resource via mapping: 06400ef3d7b040c19e96efe6c6c99991
  → Recovered missing Language ID for Resource via mapping: 06400ef3d7b040c19e96efe6c6c99991
  → Recovered missing Language ID for Resource via mapping: 06400ef3d7b040c19e96efe6c6c99991
  → Recovered missing Language ID for Resource via mapping: 06400ef3d7b040c19e96efe6c6c99991
  → Recovered missing Language ID for Resource via mapping: 06400ef3d7b040c19e96efe6c6c99991
  → Recovered missing Language ID for Resource via mapping: 06400ef3d7b040c19e96efe6c6c99991
  → Recovered missing Language ID for Resource via mapping: 06400ef3d7b040c19e96efe6c6c99991
  → Recovered missing Language ID for Resource via mapping: 06400ef3d7b040c19e96efe6c6c99991
  → Recovered missing Language ID for Resource via mapping: 06400ef3d7b040c19e96efe6c6c99991
  → Recovered missing Language ID for Resource via mapping: 06400ef3d7b040c19e96efe6c6c99991
  → Recovered missing Language ID for Resource via mapping: 06400ef3d7b040c19e96efe6c6c99991
  → Recovered missing Language ID for Resource via mapping: 06400ef3d7b040c19e96efe6c6c99991
  → Recovered missing Language ID for Resource via mapping: 06400ef3d7b040c19e96efe6c6c99991
  → Recovered missing Language ID for Resource via mapping: 06400ef3d7b040c19e96efe6c6c99991
  → Recovered missing Language ID for Resource via mapping: 06400ef3d7b040c19e96efe6c6c99991
  → Recovered missing Language ID for Resource via mapping: 06400ef3d7b040c19e96efe6c6c99991
  → Recovered missing Language ID for Resource via mapping: 06400ef3d7b040c19e96efe6c6c99991
  → Recovered missing Language ID for Resource via mapping: 06400ef3d7b040c19e96efe6c6c99991
  → Recovered missing Language ID for Resource via mapping: 06400ef3d7b040c19e96efe6c6c99991
  → Recovered missing Language ID for Resource via mapping: 06400ef3d7b040c19e96efe6c6c99991
  → Recovered missing Language ID for Resource via mapping: 06400ef3d7b040c19e96efe6c6c99991
  → Recovered missing Language ID for Resource via mapping: 06400ef3d7b040c19e96efe6c6c99991
  → Recovered missing Language ID for Resource via mapping: 06400ef3d7b040c19e96efe6c6c99991
  → Recovered missing Language ID for Resource via mapping: 06400ef3d7b040c19e96efe6c6c99991
  → Recovered missing Language ID for Resource via mapping: 06400ef3d7b040c19e96efe6c6c99991
  → Recovered missing Language ID for Resource via mapping: 06400ef3d7b040c19e96efe6c6c99991
  → Recovered missing Language ID for Resource via mapping: 06400ef3d7b040c19e96efe6c6c99991
  → Recovered missing Language ID for Resource via mapping: 06400ef3d7b040c19e96efe6c6c99991
  → Recovered missing Language ID for Resource via mapping: 06400ef3d7b040c19e96efe6c6c99991
  → Recovered missing Language ID for Resource via mapping: 06400ef3d7b040c19e96efe6c6c99991
  → Recovered missing Language ID for Resource via mapping: 06400ef3d7b040c19e96efe6c6c99991
  → Recovered missing Language ID for Resource via mapping: 06400ef3d7b040c19e96efe6c6c99991
  → Recovered missing Language ID for Resource via mapping: 06400ef3d7b040c19e96efe6c6c99991
  → Recovered missing Language ID for Resource via mapping: 06400ef3d7b040c19e96efe6c6c99991
  → Recovered missing Language ID for Resource via mapping: 06400ef3d7b040c19e96efe6c6c99991
  → Recovered missing Language ID for Resource via mapping: 06400ef3d7b040c19e96efe6c6c99991
  → Recovered missing Language ID for Resource via mapping: 06400ef3d7b040c19e96efe6c6c99991
  → Recovered missing Language ID for Resource via mapping: 06400ef3d7b040c19e96efe6c6c99991
  → Recovered missing Language ID for Resource via mapping: 06400ef3d7b040c19e96efe6c6c99991
  → Recovered missing Language ID for Resource via mapping: 06400ef3d7b040c19e96efe6c6c99991
  → Recovered missing Language ID for Resource via mapping: 06400ef3d7b040c19e96efe6c6c99991
  → Recovered missing Language ID for Resource via mapping: 06400ef3d7b040c19e96efe6c6c99991
  → Recovered missing Language ID for Resource via mapping: 06400ef3d7b040c19e96efe6c6c99991
  → Recovered missing Language ID for Resource via mapping: 06400ef3d7b040c19e96efe6c6c99991
  → Recovered missing Language ID for Resource via mapping: 06400ef3d7b040c19e96efe6c6c99991
  → Recovered missing Language ID for Resource via mapping: 06400ef3d7b040c19e96efe6c6c99991
  → Recovered missing Language ID for Resource via mapping: 06400ef3d7b040c19e96efe6c6c99991
  → Recovered missing Language ID for Resource via mapping: 06400ef3d7b040c19e96efe6c6c99991
  → Recovered missing Language ID for Resource via mapping: 06400ef3d7b040c19e96efe6c6c99991
  → Recovered missing Language ID for Resource via mapping: 06400ef3d7b040c19e96efe6c6c99991
  → Recovered missing Language ID for Resource via mapping: 06400ef3d7b040c19e96efe6c6c99991
  → Recovered missing Language ID for Resource via mapping: 06400ef3d7b040c19e96efe6c6c99991
  → Recovered missing Language ID for Resource via mapping: 06400ef3d7b040c19e96efe6c6c99991
  → Recovered missing Language ID for Resource via mapping: 06400ef3d7b040c19e96efe6c6c99991
  → Recovered missing Language ID for Resource via mapping: 06400ef3d7b040c19e96efe6c6c99991
  → Recovered missing Language ID for Resource via mapping: 06400ef3d7b040c19e96efe6c6c99991
  → Recovered missing Language ID for Resource via mapping: 06400ef3d7b040c19e96efe6c6c99991
  → Recovered missing Language ID for Resource via mapping: 06400ef3d7b040c19e96efe6c6c99991
  → Recovered missing Language ID for Resource via mapping: 06400ef3d7b040c19e96efe6c6c99991
  → Recovered missing Language ID for Resource via mapping: 06400ef3d7b040c19e96efe6c6c99991
  → Recovered missing Language ID for Resource via mapping: 06400ef3d7b040c19e96efe6c6c99991
  → Recovered missing Language ID for Resource via mapping: 06400ef3d7b040c19e96efe6c6c99991
  → Recovered missing Language ID for Resource via mapping: 06400ef3d7b040c19e96efe6c6c99991
  → Recovered missing Language ID for Resource via mapping: 06400ef3d7b040c19e96efe6c6c99991
  → Recovered missing Language ID for Resource via mapping: 06400ef3d7b040c19e96efe6c6c99991
  → Recovered missing Language ID for Resource via mapping: 06400ef3d7b040c19e96efe6c6c99991
  → Recovered missing Language ID for Resource via mapping: 06400ef3d7b040c19e96efe6c6c99991
  → Recovered missing Language ID for Resource via mapping: 06400ef3d7b040c19e96efe6c6c99991
  → Recovered missing Language ID for Resource via mapping: 06400ef3d7b040c19e96efe6c6c99991
  → Recovered missing Language ID for Resource via mapping: 06400ef3d7b040c19e96efe6c6c99991
  → Recovered missing Language ID for Resource via mapping: 06400ef3d7b040c19e96efe6c6c99991
  → Recovered missing Language ID for Resource via mapping: 06400ef3d7b040c19e96efe6c6c99991
  → Recovered missing Language ID for Resource via mapping: 06400ef3d7b040c19e96efe6c6c99991
  → Recovered missing Language ID for Resource via mapping: 06400ef3d7b040c19e96efe6c6c99991
  → Recovered missing Language ID for Resource via mapping: 06400ef3d7b040c19e96efe6c6c99991
  → Recovered missing Language ID for Resource via mapping: 06400ef3d7b040c19e96efe6c6c99991
  → Recovered missing Language ID for Resource via mapping: 06400ef3d7b040c19e96efe6c6c99991
  → Recovered missing Language ID for Resource via mapping: 06400ef3d7b040c19e96efe6c6c99991
  → Recovered missing Language ID for Resource via mapping: 06400ef3d7b040c19e96efe6c6c99991
  → Recovered missing Language ID for Resource via mapping: 06400ef3d7b040c19e96efe6c6c99991
  → Recovered missing Language ID for Resource via mapping: 06400ef3d7b040c19e96efe6c6c99991
  → Recovered missing Language ID for Resource via mapping: 06400ef3d7b040c19e96efe6c6c99991
  → Recovered missing Language ID for Resource via mapping: 06400ef3d7b040c19e96efe6c6c99991
  → Recovered missing Language ID for Resource via mapping: 06400ef3d7b040c19e96efe6c6c99991
  → Recovered missing Language ID for Resource via mapping: 06400ef3d7b040c19e96efe6c6c99991
  → Recovered missing Language ID for Resource via mapping: 06400ef3d7b040c19e96efe6c6c99991
  → Recovered missing Language ID for Resource via mapping: 06400ef3d7b040c19e96efe6c6c99991
  → Recovered missing Language ID for Resource via mapping: 06400ef3d7b040c19e96efe6c6c99991
  → Recovered missing Language ID for Resource via mapping: 06400ef3d7b040c19e96efe6c6c99991
  → Recovered missing Language ID for Resource via mapping: 06400ef3d7b040c19e96efe6c6c99991
  → Recovered missing Language ID for Resource via mapping: 06400ef3d7b040c19e96efe6c6c99991
  → Recovered missing Language ID for Resource via mapping: 06400ef3d7b040c19e96efe6c6c99991
  → Recovered missing Language ID for Resource via mapping: 06400ef3d7b040c19e96efe6c6c99991
  → Recovered missing Language ID for Resource via mapping: 06400ef3d7b040c19e96efe6c6c99991
  → Recovered missing Language ID for Resource via mapping: 06400ef3d7b040c19e96efe6c6c99991
  → Recovered missing Language ID for Resource via mapping: 06400ef3d7b040c19e96efe6c6c99991
  → Recovered missing Language ID for Resource via mapping: 06400ef3d7b040c19e96efe6c6c99991
  → Recovered missing Language ID for Resource via mapping: 06400ef3d7b040c19e96efe6c6c99991
  → Recovered missing Language ID for Resource via mapping: 06400ef3d7b040c19e96efe6c6c99991
  → Recovered missing Language ID for Resource via mapping: 06400ef3d7b040c19e96efe6c6c99991
  → Recovered missing Language ID for Resource via mapping: 06400ef3d7b040c19e96efe6c6c99991
  → Recovered missing Language ID for Resource via mapping: 06400ef3d7b040c19e96efe6c6c99991
  → Recovered missing Language ID for Resource via mapping: 06400ef3d7b040c19e96efe6c6c99991
  → Recovered missing Language ID for Resource via mapping: 06400ef3d7b040c19e96efe6c6c99991
  → Recovered missing Language ID for Resource via mapping: 06400ef3d7b040c19e96efe6c6c99991
  → Recovered missing Language ID for Resource via mapping: 06400ef3d7b040c19e96efe6c6c99991
  → Recovered missing Language ID for Resource via mapping: 06400ef3d7b040c19e96efe6c6c99991
  → Recovered missing Language ID for Resource via mapping: 06400ef3d7b040c19e96efe6c6c99991
  → Recovered missing Language ID for Resource via mapping: 06400ef3d7b040c19e96efe6c6c99991
  → Recovered missing Language ID for Resource via mapping: 06400ef3d7b040c19e96efe6c6c99991
  → Recovered missing Language ID for Resource via mapping: 06400ef3d7b040c19e96efe6c6c99991
  → Recovered missing Language ID for Resource via mapping: 06400ef3d7b040c19e96efe6c6c99991
  → Recovered missing Language ID for Resource via mapping: 06400ef3d7b040c19e96efe6c6c99991
  → Recovered missing Language ID for Resource via mapping: 06400ef3d7b040c19e96efe6c6c99991
  → Recovered missing Language ID for Resource via mapping: 06400ef3d7b040c19e96efe6c6c99991
  → Recovered missing Language ID for Resource via mapping: 06400ef3d7b040c19e96efe6c6c99991
  → Recovered missing Language ID for Resource via mapping: 06400ef3d7b040c19e96efe6c6c99991
  → Recovered missing Language ID for Resource via mapping: 06400ef3d7b040c19e96efe6c6c99991
  → Recovered missing Language ID for Resource via mapping: 06400ef3d7b040c19e96efe6c6c99991
  → Recovered missing Language ID for Resource via mapping: 06400ef3d7b040c19e96efe6c6c99991
  → Recovered missing Language ID for Resource via mapping: 06400ef3d7b040c19e96efe6c6c99991
  → Recovered missing Language ID for Resource via mapping: 06400ef3d7b040c19e96efe6c6c99991
  → Recovered missing Language ID for Resource via mapping: 06400ef3d7b040c19e96efe6c6c99991
  → Recovered missing Language ID for Resource via mapping: 06400ef3d7b040c19e96efe6c6c99991
  → Recovered missing Language ID for Resource via mapping: 06400ef3d7b040c19e96efe6c6c99991
  → Recovered missing Language ID for Resource via mapping: 06400ef3d7b040c19e96efe6c6c99991
  → Recovered missing Language ID for Resource via mapping: 06400ef3d7b040c19e96efe6c6c99991
  → Recovered missing Language ID for Resource via mapping: 06400ef3d7b040c19e96efe6c6c99991
  → Recovered missing Language ID for Resource via mapping: 06400ef3d7b040c19e96efe6c6c99991
  → Recovered missing Language ID for Resource via mapping: 06400ef3d7b040c19e96efe6c6c99991
  → Recovered missing Language ID for Resource via mapping: 06400ef3d7b040c19e96efe6c6c99991
  → Recovered missing Language ID for Resource via mapping: 06400ef3d7b040c19e96efe6c6c99991
  → Recovered missing Language ID for Resource via mapping: 06400ef3d7b040c19e96efe6c6c99991
  → Recovered missing Language ID for Resource via mapping: 06400ef3d7b040c19e96efe6c6c99991
  → Recovered missing Language ID for Resource via mapping: 06400ef3d7b040c19e96efe6c6c99991
  → Recovered missing Language ID for Resource via mapping: 06400ef3d7b040c19e96efe6c6c99991
  → Recovered missing Language ID for Resource via mapping: 06400ef3d7b040c19e96efe6c6c99991
  → Recovered missing Language ID for Resource via mapping: 06400ef3d7b040c19e96efe6c6c99991
  → Recovered missing Language ID for Resource via mapping: 06400ef3d7b040c19e96efe6c6c99991
  → Recovered missing Language ID for Resource via mapping: 06400ef3d7b040c19e96efe6c6c99991
  → Recovered missing Language ID for Resource via mapping: 06400ef3d7b040c19e96efe6c6c99991
  → Recovered missing Language ID for Resource via mapping: 06400ef3d7b040c19e96efe6c6c99991
  → Recovered missing Language ID for Resource via mapping: 06400ef3d7b040c19e96efe6c6c99991
  → Recovered missing Language ID for Resource via mapping: 06400ef3d7b040c19e96efe6c6c99991
  → Recovered missing Language ID for Resource via mapping: 06400ef3d7b040c19e96efe6c6c99991
  → Recovered missing Language ID for Resource via mapping: 06400ef3d7b040c19e96efe6c6c99991
  → Recovered missing Language ID for Resource via mapping: 06400ef3d7b040c19e96efe6c6c99991
  → Recovered missing Language ID for Resource via mapping: 06400ef3d7b040c19e96efe6c6c99991
  → Recovered missing Language ID for Resource via mapping: 06400ef3d7b040c19e96efe6c6c99991
  → Recovered missing Language ID for Resource via mapping: 06400ef3d7b040c19e96efe6c6c99991
  → Recovered missing Language ID for Resource via mapping: 06400ef3d7b040c19e96efe6c6c99991
  → Recovered missing Language ID for Resource via mapping: 06400ef3d7b040c19e96efe6c6c99991
  → Recovered missing Language ID for Resource via mapping: 06400ef3d7b040c19e96efe6c6c99991
  → Recovered missing Language ID for Resource via mapping: 06400ef3d7b040c19e96efe6c6c99991
  → Recovered missing Language ID for Resource via mapping: 06400ef3d7b040c19e96efe6c6c99991
  → Recovered missing Language ID for Resource via mapping: 06400ef3d7b040c19e96efe6c6c99991
  → Recovered missing Language ID for Resource via mapping: 06400ef3d7b040c19e96efe6c6c99991
  → Recovered missing Language ID for Resource via mapping: 06400ef3d7b040c19e96efe6c6c99991
  → Recovered missing Language ID for Resource via mapping: 06400ef3d7b040c19e96efe6c6c99991
  → Recovered missing Language ID for Resource via mapping: 06400ef3d7b040c19e96efe6c6c99991
  → Recovered missing Language ID for Resource via mapping: 06400ef3d7b040c19e96efe6c6c99991
  → Recovered missing Language ID for Resource via mapping: 06400ef3d7b040c19e96efe6c6c99991
  → Recovered missing Language ID for Resource via mapping: 06400ef3d7b040c19e96efe6c6c99991
  → Recovered missing Language ID for Resource via mapping: 06400ef3d7b040c19e96efe6c6c99991
  → Recovered missing Language ID for Resource via mapping: 06400ef3d7b040c19e96efe6c6c99991
  → Recovered missing Language ID for Resource via mapping: 06400ef3d7b040c19e96efe6c6c99991
  → Recovered missing Language ID for Resource via mapping: 06400ef3d7b040c19e96efe6c6c99991
  → Recovered missing Language ID for Resource via mapping: 06400ef3d7b040c19e96efe6c6c99991
  → Recovered missing Language ID for Resource via mapping: 06400ef3d7b040c19e96efe6c6c99991
  → Recovered missing Language ID for Resource via mapping: 06400ef3d7b040c19e96efe6c6c99991
  → Recovered missing Language ID for Resource via mapping: 06400ef3d7b040c19e96efe6c6c99991
  → Recovered missing Language ID for Resource via mapping: 06400ef3d7b040c19e96efe6c6c99991
  → Recovered missing Language ID for Resource via mapping: 06400ef3d7b040c19e96efe6c6c99991
  → Recovered missing Language ID for Resource via mapping: 06400ef3d7b040c19e96efe6c6c99991
  → Recovered missing Language ID for Resource via mapping: 06400ef3d7b040c19e96efe6c6c99991
  → Recovered missing Language ID for Resource via mapping: 06400ef3d7b040c19e96efe6c6c99991
  → Recovered missing Language ID for Resource via mapping: 06400ef3d7b040c19e96efe6c6c99991
  → Recovered missing Language ID for Resource via mapping: 06400ef3d7b040c19e96efe6c6c99991
  → Recovered missing Language ID for Resource via mapping: 06400ef3d7b040c19e96efe6c6c99991
  → Recovered missing Language ID for Resource via mapping: 06400ef3d7b040c19e96efe6c6c99991
  → Recovered missing Language ID for Resource via mapping: 06400ef3d7b040c19e96efe6c6c99991
  → Recovered missing Language ID for Resource via mapping: 06400ef3d7b040c19e96efe6c6c99991
  → Recovered missing Language ID for Resource via mapping: 06400ef3d7b040c19e96efe6c6c99991
  → Recovered missing Language ID for Resource via mapping: 06400ef3d7b040c19e96efe6c6c99991
  → Recovered missing Language ID for Resource via mapping: 06400ef3d7b040c19e96efe6c6c99991
  → Recovered missing Language ID for Resource via mapping: 06400ef3d7b040c19e96efe6c6c99991
  → Recovered missing Language ID for Resource via mapping: 06400ef3d7b040c19e96efe6c6c99991
  → Recovered missing Language ID for Resource via mapping: 06400ef3d7b040c19e96efe6c6c99991
  → Recovered missing Language ID for Resource via mapping: 06400ef3d7b040c19e96efe6c6c99991
  → Recovered missing Language ID for Resource via mapping: 06400ef3d7b040c19e96efe6c6c99991
  → Recovered missing Language ID for Resource via mapping: 06400ef3d7b040c19e96efe6c6c99991
  → Recovered missing Language ID for Resource via mapping: 06400ef3d7b040c19e96efe6c6c99991
  → Recovered missing Language ID for Resource via mapping: 06400ef3d7b040c19e96efe6c6c99991
  → Recovered missing Language ID for Resource via mapping: 06400ef3d7b040c19e96efe6c6c99991
  → Recovered missing Language ID for Resource via mapping: 06400ef3d7b040c19e96efe6c6c99991
  → Recovered missing Language ID for Resource via mapping: 06400ef3d7b040c19e96efe6c6c99991
  → Recovered missing Language ID for Resource via mapping: 06400ef3d7b040c19e96efe6c6c99991
  → Recovered missing Language ID for Resource via mapping: 06400ef3d7b040c19e96efe6c6c99991
  → Recovered missing Language ID for Resource via mapping: 06400ef3d7b040c19e96efe6c6c99991
  → Recovered missing Language ID for Resource via mapping: 06400ef3d7b040c19e96efe6c6c99991
  → Recovered missing Language ID for Resource via mapping: 06400ef3d7b040c19e96efe6c6c99991
  → Recovered missing Language ID for Resource via mapping: 06400ef3d7b040c19e96efe6c6c99991
  → Recovered missing Language ID for Resource via mapping: 06400ef3d7b040c19e96efe6c6c99991
  → Recovered missing Language ID for Resource via mapping: 06400ef3d7b040c19e96efe6c6c99991
  → Recovered missing Language ID for Resource via mapping: 06400ef3d7b040c19e96efe6c6c99991
  → Recovered missing Language ID for Resource via mapping: 06400ef3d7b040c19e96efe6c6c99991
  → Recovered missing Language ID for Resource via mapping: 06400ef3d7b040c19e96efe6c6c99991
  → Recovered missing Language ID for Resource via mapping: 06400ef3d7b040c19e96efe6c6c99991
  → Recovered missing Language ID for Resource via mapping: 06400ef3d7b040c19e96efe6c6c99991
  → Recovered missing Language ID for Resource via mapping: 06400ef3d7b040c19e96efe6c6c99991
  → Recovered missing Language ID for Resource via mapping: 06400ef3d7b040c19e96efe6c6c99991
  → Recovered missing Language ID for Resource via mapping: 06400ef3d7b040c19e96efe6c6c99991
  → Recovered missing Language ID for Resource via mapping: 06400ef3d7b040c19e96efe6c6c99991
  → Recovered missing Language ID for Resource via mapping: 06400ef3d7b040c19e96efe6c6c99991
  → Recovered missing Language ID for Resource via mapping: 06400ef3d7b040c19e96efe6c6c99991
  → Recovered missing Language ID for Resource via mapping: 06400ef3d7b040c19e96efe6c6c99991
  → Recovered missing Language ID for Resource via mapping: 06400ef3d7b040c19e96efe6c6c99991
  → Recovered missing Language ID for Resource via mapping: 06400ef3d7b040c19e96efe6c6c99991
  → Recovered missing Language ID for Resource via mapping: 06400ef3d7b040c19e96efe6c6c99991
  → Recovered missing Language ID for Resource via mapping: 06400ef3d7b040c19e96efe6c6c99991
  → Recovered missing Language ID for Resource via mapping: 06400ef3d7b040c19e96efe6c6c99991
  → Recovered missing Language ID for Resource via mapping: 06400ef3d7b040c19e96efe6c6c99991
  → Recovered missing Language ID for Resource via mapping: 06400ef3d7b040c19e96efe6c6c99991
  → Recovered missing Language ID for Resource via mapping: 06400ef3d7b040c19e96efe6c6c99991
  → Recovered missing Language ID for Resource via mapping: 06400ef3d7b040c19e96efe6c6c99991
  → Recovered missing Language ID for Resource via mapping: 06400ef3d7b040c19e96efe6c6c99991
  → Recovered missing Language ID for Resource via mapping: 06400ef3d7b040c19e96efe6c6c99991
  → Recovered missing Language ID for Resource via mapping: 06400ef3d7b040c19e96efe6c6c99991
  → Recovered missing Language ID for Resource via mapping: 06400ef3d7b040c19e96efe6c6c99991
  → Recovered missing Language ID for Resource via mapping: 06400ef3d7b040c19e96efe6c6c99991
  → Recovered missing Language ID for Resource via mapping: 06400ef3d7b040c19e96efe6c6c99991
  → Recovered missing Language ID for Resource via mapping: 06400ef3d7b040c19e96efe6c6c99991
  → Recovered missing Language ID for Resource via mapping: 06400ef3d7b040c19e96efe6c6c99991
  → Recovered missing Language ID for Resource via mapping: 06400ef3d7b040c19e96efe6c6c99991
  → Recovered missing Language ID for Resource via mapping: 06400ef3d7b040c19e96efe6c6c99991
  → Recovered missing Language ID for Resource via mapping: 06400ef3d7b040c19e96efe6c6c99991
  → Recovered missing Language ID for Resource via mapping: 06400ef3d7b040c19e96efe6c6c99991
  → Recovered missing Language ID for Resource via mapping: 06400ef3d7b040c19e96efe6c6c99991
  → Recovered missing Language ID for Resource via mapping: 06400ef3d7b040c19e96efe6c6c99991
  → Recovered missing Language ID for Resource via mapping: 06400ef3d7b040c19e96efe6c6c99991
  → Recovered missing Language ID for Resource via mapping: 06400ef3d7b040c19e96efe6c6c99991
  → Recovered missing Language ID for Resource via mapping: 06400ef3d7b040c19e96efe6c6c99991
  → Recovered missing Language ID for Resource via mapping: 06400ef3d7b040c19e96efe6c6c99991
  → Recovered missing Language ID for Resource via mapping: 06400ef3d7b040c19e96efe6c6c99991
  → Recovered missing Language ID for Resource via mapping: 06400ef3d7b040c19e96efe6c6c99991
  → Recovered missing Language ID for Resource via mapping: 06400ef3d7b040c19e96efe6c6c99991
  → Recovered missing Language ID for Resource via mapping: 06400ef3d7b040c19e96efe6c6c99991
  → Recovered missing Language ID for Resource via mapping: 06400ef3d7b040c19e96efe6c6c99991
  → Recovered missing Language ID for Resource via mapping: 06400ef3d7b040c19e96efe6c6c99991
  → Recovered missing Language ID for Resource via mapping: 06400ef3d7b040c19e96efe6c6c99991
  → Recovered missing Language ID for Resource via mapping: 06400ef3d7b040c19e96efe6c6c99991
  → Recovered missing Language ID for Resource via mapping: 06400ef3d7b040c19e96efe6c6c99991
  → Recovered missing Language ID for Resource via mapping: 06400ef3d7b040c19e96efe6c6c99991
  → Recovered missing Language ID for Resource via mapping: 06400ef3d7b040c19e96efe6c6c99991
  → Recovered missing Language ID for Resource via mapping: 06400ef3d7b040c19e96efe6c6c99991
  → Recovered missing Language ID for Resource via mapping: 06400ef3d7b040c19e96efe6c6c99991
  → Recovered missing Language ID for Resource via mapping: 06400ef3d7b040c19e96efe6c6c99991
  → Recovered missing Language ID for Resource via mapping: 06400ef3d7b040c19e96efe6c6c99991
  → Recovered missing Language ID for Resource via mapping: 06400ef3d7b040c19e96efe6c6c99991
  → Recovered missing Language ID for Resource via mapping: 06400ef3d7b040c19e96efe6c6c99991
  → Recovered missing Language ID for Resource via mapping: 06400ef3d7b040c19e96efe6c6c99991
  → Recovered missing Language ID for Resource via mapping: 06400ef3d7b040c19e96efe6c6c99991
  → Recovered missing Language ID for Resource via mapping: 06400ef3d7b040c19e96efe6c6c99991
  → Recovered missing Language ID for Resource via mapping: 06400ef3d7b040c19e96efe6c6c99991
  → Recovered missing Language ID for Resource via mapping: 06400ef3d7b040c19e96efe6c6c99991
  → Recovered missing Language ID for Resource via mapping: 06400ef3d7b040c19e96efe6c6c99991
  → Recovered missing Language ID for Resource via mapping: 06400ef3d7b040c19e96efe6c6c99991
  → Recovered missing Language ID for Resource via mapping: 06400ef3d7b040c19e96efe6c6c99991
  → Recovered missing Language ID for Resource via mapping: 06400ef3d7b040c19e96efe6c6c99991
  → Recovered missing Language ID for Resource via mapping: 06400ef3d7b040c19e96efe6c6c99991
  → Recovered missing Language ID for Resource via mapping: 06400ef3d7b040c19e96efe6c6c99991
  → Recovered missing Language ID for Resource via mapping: 06400ef3d7b040c19e96efe6c6c99991
  → Recovered missing Language ID for Resource via mapping: 06400ef3d7b040c19e96efe6c6c99991
  → Recovered missing Language ID for Resource via mapping: 06400ef3d7b040c19e96efe6c6c99991
  → Recovered missing Language ID for Resource via mapping: 06400ef3d7b040c19e96efe6c6c99991
  → Recovered missing Language ID for Resource via mapping: 06400ef3d7b040c19e96efe6c6c99991
  → Recovered missing Language ID for Resource via mapping: 06400ef3d7b040c19e96efe6c6c99991
  → Recovered missing Language ID for Resource via mapping: 06400ef3d7b040c19e96efe6c6c99991
  → Recovered missing Language ID for Resource via mapping: 06400ef3d7b040c19e96efe6c6c99991
  → Recovered missing Language ID for Resource via mapping: 06400ef3d7b040c19e96efe6c6c99991
  → Recovered missing Language ID for Resource via mapping: 06400ef3d7b040c19e96efe6c6c99991
  → Recovered missing Language ID for Resource via mapping: 06400ef3d7b040c19e96efe6c6c99991
  → Recovered missing Language ID for Resource via mapping: 06400ef3d7b040c19e96efe6c6c99991
  → Recovered missing Language ID for Resource via mapping: 06400ef3d7b040c19e96efe6c6c99991
  → Recovered missing Language ID for Resource via mapping: 06400ef3d7b040c19e96efe6c6c99991
  → Recovered missing Language ID for Resource via mapping: 06400ef3d7b040c19e96efe6c6c99991
  → Recovered missing Language ID for Resource via mapping: 06400ef3d7b040c19e96efe6c6c99991
  → Recovered missing Language ID for Resource via mapping: 06400ef3d7b040c19e96efe6c6c99991
  → Recovered missing Language ID for Resource via mapping: 06400ef3d7b040c19e96efe6c6c99991
  → Recovered missing Language ID for Resource via mapping: 06400ef3d7b040c19e96efe6c6c99991
  → Recovered missing Language ID for Resource via mapping: 06400ef3d7b040c19e96efe6c6c99991
  → Recovered missing Language ID for Resource via mapping: 06400ef3d7b040c19e96efe6c6c99991
  → Recovered missing Language ID for Resource via mapping: 06400ef3d7b040c19e96efe6c6c99991
  → Recovered missing Language ID for Resource via mapping: 06400ef3d7b040c19e96efe6c6c99991
  → Recovered missing Language ID for Resource via mapping: 06400ef3d7b040c19e96efe6c6c99991
  → Recovered missing Language ID for Resource via mapping: 06400ef3d7b040c19e96efe6c6c99991
  → Recovered missing Language ID for Resource via mapping: 06400ef3d7b040c19e96efe6c6c99991
  → Recovered missing Language ID for Resource via mapping: 06400ef3d7b040c19e96efe6c6c99991
  → Recovered missing Language ID for Resource via mapping: 06400ef3d7b040c19e96efe6c6c99991
  → Recovered missing Language ID for Resource via mapping: 06400ef3d7b040c19e96efe6c6c99991
  → Recovered missing Language ID for Resource via mapping: 06400ef3d7b040c19e96efe6c6c99991
  → Recovered missing Language ID for Resource via mapping: 06400ef3d7b040c19e96efe6c6c99991
  → Recovered missing Language ID for Resource via mapping: 06400ef3d7b040c19e96efe6c6c99991
  → Recovered missing Language ID for Resource via mapping: 06400ef3d7b040c19e96efe6c6c99991
  → Recovered missing Language ID for Resource via mapping: 06400ef3d7b040c19e96efe6c6c99991
  → Recovered missing Language ID for Resource via mapping: 06400ef3d7b040c19e96efe6c6c99991
  → Recovered missing Language ID for Resource via mapping: 06400ef3d7b040c19e96efe6c6c99991
  → Recovered missing Language ID for Resource via mapping: 06400ef3d7b040c19e96efe6c6c99991
  → Recovered missing Language ID for Resource via mapping: 06400ef3d7b040c19e96efe6c6c99991
  → Recovered missing Language ID for Resource via mapping: 06400ef3d7b040c19e96efe6c6c99991
  → Recovered missing Language ID for Resource via mapping: 06400ef3d7b040c19e96efe6c6c99991
  → Recovered missing Language ID for Resource via mapping: 06400ef3d7b040c19e96efe6c6c99991
  → Recovered missing Language ID for Resource via mapping: 06400ef3d7b040c19e96efe6c6c99991
  → Recovered missing Language ID for Resource via mapping: 06400ef3d7b040c19e96efe6c6c99991
  → Recovered missing Language ID for Resource via mapping: 06400ef3d7b040c19e96efe6c6c99991
  → Recovered missing Language ID for Resource via mapping: 06400ef3d7b040c19e96efe6c6c99991
  → Recovered missing Language ID for Resource via mapping: 06400ef3d7b040c19e96efe6c6c99991
  → Recovered missing Language ID for Resource via mapping: 06400ef3d7b040c19e96efe6c6c99991
  → Recovered missing Language ID for Resource via mapping: 06400ef3d7b040c19e96efe6c6c99991
  → Recovered missing Language ID for Resource via mapping: 06400ef3d7b040c19e96efe6c6c99991
  → Recovered missing Language ID for Resource via mapping: 06400ef3d7b040c19e96efe6c6c99991
  → Recovered missing Language ID for Resource via mapping: 06400ef3d7b040c19e96efe6c6c99991
  → Recovered missing Language ID for Resource via mapping: 06400ef3d7b040c19e96efe6c6c99991
  → Recovered missing Language ID for Resource via mapping: 06400ef3d7b040c19e96efe6c6c99991
  → Recovered missing Language ID for Resource via mapping: 06400ef3d7b040c19e96efe6c6c99991
  → Recovered missing Language ID for Resource via mapping: 06400ef3d7b040c19e96efe6c6c99991
  → Recovered missing Language ID for Resource via mapping: 06400ef3d7b040c19e96efe6c6c99991
  → Recovered missing Language ID for Resource via mapping: 06400ef3d7b040c19e96efe6c6c99991
  → Recovered missing Language ID for Resource via mapping: 06400ef3d7b040c19e96efe6c6c99991
  → Recovered missing Language ID for Resource via mapping: 06400ef3d7b040c19e96efe6c6c99991
  → Recovered missing Language ID for Resource via mapping: 06400ef3d7b040c19e96efe6c6c99991
  → Recovered missing Language ID for Resource via mapping: 06400ef3d7b040c19e96efe6c6c99991
  → Recovered missing Language ID for Resource via mapping: 06400ef3d7b040c19e96efe6c6c99991
  → Recovered missing Language ID for Resource via mapping: 06400ef3d7b040c19e96efe6c6c99991
  → Recovered missing Language ID for Resource via mapping: 06400ef3d7b040c19e96efe6c6c99991
  → Recovered missing Language ID for Resource via mapping: 06400ef3d7b040c19e96efe6c6c99991
  → Recovered missing Language ID for Resource via mapping: 06400ef3d7b040c19e96efe6c6c99991
  → Recovered missing Language ID for Resource via mapping: 06400ef3d7b040c19e96efe6c6c99991
  → Recovered missing Language ID for Resource via mapping: 06400ef3d7b040c19e96efe6c6c99991
  → Recovered missing Language ID for Resource via mapping: 06400ef3d7b040c19e96efe6c6c99991
Updated resource 'res-drug-post-exposure-prophylaxis-pep' [adapted] -> c931d5e9c6b845e38cd7ad943daa9c05
  ✓ Activated version: 7179c61f910e45dfad20391cb5604a4c
Updated resource 'res-drug-ampicillin' [adapted] -> 43bb1ffca2dd4cc39ad053f7a3c6fcc1
  ✓ Activated version: ced4b4895fae471e82db92a8a116c8ff
Updated resource 'res-drug-diazepam' [adapted] -> fa164a1830c34740b8a5e3f52a2d99cb
  ✓ Activated version: f8605beb66ef4235a5e572c188446f87
Updated resource 'res-drug-gentamicin' [adapted] -> e93dce99276148ddbc9a17267c8a3019
  ✓ Activated version: d65c2209e0a64647a6efe6e29577cacd
Updated resource 'res-drug-ibuprofen' [adapted] -> 03fb82fe88f94a97b8bb868f9304ab3e
  ✓ Activated version: e55b416e37574f56b76b638f3e244d27
Updated resource 'res-drug-indomethacin' [adapted] -> 84219df4ae604e9d8c816471642bbf83
  ✓ Activated version: ae154facf6d64ba79f6410fc49f930e2
Updated resource 'res-drug-metronidazole' [adapted] -> 6059c50b5d9f43aeacb0f173ce2a17f6
  ✓ Activated version: a49ec620da3a40349b71a2ca01aa7840
Updated resource 'res-drug-morphine' [adapted] -> acd56f2a2f8f4812a25ee36d3b81dcc0
  ✓ Activated version: 279fbcdadc584c84a8d8719bde6e0323
Updated resource 'res-drug-calcium-gluconate' [adapted] -> 042917dc302749ff84d221bf6529136d
  ✓ Activated version: cdd4568e102a4ad18a2ae3bf32df1f11
Updated resource 'res-drug-dexamethasone' [adapted] -> 96c048a8b6264fe3950df4192d54829a
  ✓ Activated version: 6348b1c6a6284acabb919769fc83a992
Updated resource 'res-drug-hydralazine' [adapted] -> b9a8b0598e1c46e49d4c925dff84e867
  ✓ Activated version: 92d7de59b6654a86a633020acfce3fe2
Updated resource 'res-drug-labetalol' [adapted] -> b9808901bc3a45fc89761de346ac311f
  ✓ Activated version: 463cd19de82f488c9d35c00088ae6cb4
Updated resource 'res-drug-lidocaine' [adapted] -> 4d72f151dc1e46e1a304f64db96f26bf
  ✓ Activated version: 59076c2b00eb4bccb553a9c707730afc
Updated resource 'res-drug-magnesium-sulphate' [adapted] -> a7bc6e3c0e9e420492f575558a1dd688
  ✓ Activated version: 88eceb808e29446491bc2f71cbd62490
Updated resource 'res-drug-methyldopa' [adapted] -> 5719affb0bfb4c13a4d62fda6d6f23ca
  ✓ Activated version: d8b51928fbe74bc2aa202c16f6797df6
Updated resource 'res-drug-nifedipine' [adapted] -> 1ed3d8279c2e49d4930b378a819eb6b9
  ✓ Activated version: 5178d8af11e044f0b757e667d39ec5f3
Updated resource 'res-drug-oxytocin' [adapted] -> 8134a1b103c64d459f5a22ef0859a669
  ✓ Activated version: e35b8610a815483e92fadb5903823318
Updated resource 'res-drug-misoprostol' [adapted] -> 1ad5e35a0e4e4cec9e7fc137d85ed493
  ✓ Activated version: 83b5a43e934d48e08a7b3d8cb67fc5f9
Updated resource 'res-drug-antibiotic-eye-drops' [adapted] -> 7f979a838f724fbc824cf4e8870208a7
  ✓ Activated version: ddcb24dfc938433b83fd3a3f947ef835
Updated resource 'res-drug-chlorhexidine' [adapted] -> 87b956a132624d2d908f8d2a5fb929b6
  ✓ Activated version: cd228720656e4015b01de8210953f865
Updated resource 'res-drug-misoprostol' [adapted] -> 1ad5e35a0e4e4cec9e7fc137d85ed493
  ✓ Activated version: 83b5a43e934d48e08a7b3d8cb67fc5f9
Updated resource 'res-drug-oxytocin' [adapted] -> 8134a1b103c64d459f5a22ef0859a669
  ✓ Activated version: e35b8610a815483e92fadb5903823318
Updated resource 'res-drug-vitamin-k' [adapted] -> 98a17f50d52c494091e82cc8af4a1267
  ✓ Activated version: c2a3195a775b4edcb89a8295911e452d
Updated resource 'res-drug-oxytocin' [adapted] -> 8134a1b103c64d459f5a22ef0859a669
  ✓ Activated version: e35b8610a815483e92fadb5903823318
Updated resource 'res-drug-ampicillin' [adapted] -> 43bb1ffca2dd4cc39ad053f7a3c6fcc1
  ✓ Activated version: ced4b4895fae471e82db92a8a116c8ff
Updated resource 'res-drug-diazepam' [adapted] -> fa164a1830c34740b8a5e3f52a2d99cb
  ✓ Activated version: f8605beb66ef4235a5e572c188446f87
Updated resource 'res-drug-ergometrine' [adapted] -> 2e600c6b443440e8acb6a72da07c1b85
  ✓ Activated version: 1d1604da54e74dd9a826f8932e01fd89
Updated resource 'res-drug-iron' [adapted] -> 18f94590377f4f67b7bbeca44d990ac1
  ✓ Activated version: ba7664ad2c964c368657b4a33af3c4e9
Updated resource 'res-drug-misoprostol' [adapted] -> 1ad5e35a0e4e4cec9e7fc137d85ed493
  ✓ Activated version: 83b5a43e934d48e08a7b3d8cb67fc5f9
Updated resource 'res-drug-morphine' [adapted] -> acd56f2a2f8f4812a25ee36d3b81dcc0
  ✓ Activated version: 279fbcdadc584c84a8d8719bde6e0323
Updated resource 'res-drug-oxytocin' [adapted] -> 8134a1b103c64d459f5a22ef0859a669
  ✓ Activated version: e35b8610a815483e92fadb5903823318
Updated resource 'res-drug-tranexamic-acid' [adapted] -> efec554769984a3189ac19d86b2f2014
  ✓ Activated version: 8731de8a3f394b19909e5bd55f717e45
Updated resource 'res-drug-lidocaine' [adapted] -> 4d72f151dc1e46e1a304f64db96f26bf
  ✓ Activated version: 59076c2b00eb4bccb553a9c707730afc
Updated resource 'res-drug-ampicillin' [adapted] -> 43bb1ffca2dd4cc39ad053f7a3c6fcc1
  ✓ Activated version: ced4b4895fae471e82db92a8a116c8ff
Updated resource 'res-drug-diazepam' [adapted] -> fa164a1830c34740b8a5e3f52a2d99cb
  ✓ Activated version: f8605beb66ef4235a5e572c188446f87
Updated resource 'res-drug-ergometrine' [adapted] -> 2e600c6b443440e8acb6a72da07c1b85
  ✓ Activated version: 1d1604da54e74dd9a826f8932e01fd89
Updated resource 'res-drug-iron' [adapted] -> 18f94590377f4f67b7bbeca44d990ac1
  ✓ Activated version: ba7664ad2c964c368657b4a33af3c4e9
Updated resource 'res-drug-morphine' [adapted] -> acd56f2a2f8f4812a25ee36d3b81dcc0
  ✓ Activated version: 279fbcdadc584c84a8d8719bde6e0323
Updated resource 'res-drug-misoprostol' [adapted] -> 1ad5e35a0e4e4cec9e7fc137d85ed493
  ✓ Activated version: 83b5a43e934d48e08a7b3d8cb67fc5f9
Updated resource 'res-drug-oxytocin' [adapted] -> 8134a1b103c64d459f5a22ef0859a669
  ✓ Activated version: e35b8610a815483e92fadb5903823318
Updated resource 'res-drug-tranexamic-acid' [adapted] -> efec554769984a3189ac19d86b2f2014
  ✓ Activated version: 8731de8a3f394b19909e5bd55f717e45
Updated resource 'res-drug-ampicillin' [adapted] -> 43bb1ffca2dd4cc39ad053f7a3c6fcc1
  ✓ Activated version: ced4b4895fae471e82db92a8a116c8ff
Updated resource 'res-drug-artesunate' [adapted] -> a77b770a890840ea83822337e8f75f96
  ✓ Activated version: e760f9382d834b51a1b82a5ae013e5af
Updated resource 'res-drug-betamethasone' [adapted] -> 68ad36d39eff4e28b00df56e3c8d0ee1
  ✓ Activated version: 762b52cf0b144e11b8821c3eafe1eda1
Updated resource 'res-drug-chloramphenicol' [adapted] -> 0b162e3b7424405489bd287bcc2ec3de
  ✓ Activated version: a3b1f664a5fb43bba37ffed55ca45478
Updated resource 'res-drug-dexamethasone' [adapted] -> 96c048a8b6264fe3950df4192d54829a
  ✓ Activated version: 6348b1c6a6284acabb919769fc83a992
Updated resource 'res-drug-dicloxacillin' [adapted] -> 935dd56a652a4d17bc2ef1efa1c0cb2c
  ✓ Activated version: d13dbff996404a78af411135d65edc6c
Updated resource 'res-drug-gentamicin' [adapted] -> e93dce99276148ddbc9a17267c8a3019
  ✓ Activated version: d65c2209e0a64647a6efe6e29577cacd
Updated resource 'res-drug-metronidazole' [adapted] -> 6059c50b5d9f43aeacb0f173ce2a17f6
  ✓ Activated version: a49ec620da3a40349b71a2ca01aa7840
Updated resource 'res-drug-penicillin-g-benzylpenicillin' [adapted] -> 5f0f7a53c8fc40989e81d930f4403b9c
  ✓ Activated version: 20aeec68f27044aa90cce870684e1851
Updated resource 'res-drug-quinine' [adapted] -> 6c50f9ca2bfc47a49da29a45f465d130
  ✓ Activated version: 4be9d51506cb48c185dccf5378621732
Updated resource 'res-drug-ceftriaxone' [adapted] -> f9c06be97a3c467088cb60483edf973d
  ✓ Activated version: 932d518d595f49f6914e12c29b46a790
Updated resource 'res-drug-ampicillin' [adapted] -> 43bb1ffca2dd4cc39ad053f7a3c6fcc1
  ✓ Activated version: ced4b4895fae471e82db92a8a116c8ff
Updated resource 'res-drug-ceftriaxone' [adapted] -> f9c06be97a3c467088cb60483edf973d
  ✓ Activated version: 932d518d595f49f6914e12c29b46a790
Updated resource 'res-drug-gentamicin' [adapted] -> e93dce99276148ddbc9a17267c8a3019
  ✓ Activated version: d65c2209e0a64647a6efe6e29577cacd
Updated resource 'res-drug-phenobarbital' [adapted] -> ee2e85a6881841dab0e74110c9fb7b01
  ✓ Activated version: a5da65fdff474acd8b6e446d1efa555d
Updated resource 'res-drug-ampicillin' [adapted] -> 43bb1ffca2dd4cc39ad053f7a3c6fcc1
  ✓ Activated version: ced4b4895fae471e82db92a8a116c8ff
Updated resource 'res-drug-antibiotic-eye-drops' [adapted] -> 7f979a838f724fbc824cf4e8870208a7
  ✓ Activated version: ddcb24dfc938433b83fd3a3f947ef835
Updated resource 'res-drug-betamethasone' [adapted] -> 68ad36d39eff4e28b00df56e3c8d0ee1
  ✓ Activated version: 762b52cf0b144e11b8821c3eafe1eda1
Updated resource 'res-drug-ceftriaxone' [adapted] -> f9c06be97a3c467088cb60483edf973d
  ✓ Activated version: 932d518d595f49f6914e12c29b46a790
Updated resource 'res-drug-chlorhexidine' [adapted] -> 87b956a132624d2d908f8d2a5fb929b6
  ✓ Activated version: cd228720656e4015b01de8210953f865
Updated resource 'res-drug-dexamethasone' [adapted] -> 96c048a8b6264fe3950df4192d54829a
  ✓ Activated version: 6348b1c6a6284acabb919769fc83a992
Updated resource 'res-drug-gentamicin' [adapted] -> e93dce99276148ddbc9a17267c8a3019
  ✓ Activated version: d65c2209e0a64647a6efe6e29577cacd
Updated resource 'res-drug-phenobarbital' [adapted] -> ee2e85a6881841dab0e74110c9fb7b01
  ✓ Activated version: a5da65fdff474acd8b6e446d1efa555d
Updated resource 'res-drug-vitamin-k' [adapted] -> 98a17f50d52c494091e82cc8af4a1267
  ✓ Activated version: c2a3195a775b4edcb89a8295911e452d
Updated resource 'res-drug-diclofenac' [adapted] -> 4e899a185c3c49178fb5a2450af56939
  ✓ Activated version: 2f2e1fb229224a2b945ffdc1727c3cbc
Updated resource 'res-drug-ibuprofen' [adapted] -> 03fb82fe88f94a97b8bb868f9304ab3e
  ✓ Activated version: e55b416e37574f56b76b638f3e244d27
Updated resource 'res-drug-lidocaine' [adapted] -> 4d72f151dc1e46e1a304f64db96f26bf
  ✓ Activated version: 59076c2b00eb4bccb553a9c707730afc
Updated resource 'res-drug-paracetamol' [adapted] -> 09425da9efba4c2fa9b62fa1d0d810f1
  ✓ Activated version: fb463042ed3045ec9c0056aa350dc627
Updated resource 'res-procedure-mixing-alcohol-based-handrub' [adapted] -> 9c1b3d6b1b044d25a5eec88a1a423b34
  ✓ Activated version: e541c9ef95004507a2d1a205662b1b75
Updated resource 'res-procedure-minimize-the-spread-of-covid-19-at-the-health-facility' [adapted] -> d5ef0311a8f643a5b0a6ec9b2bde704c
  ✓ Activated version: 616125879b2d47a29baf93e93efee1da
Updated resource 'res-procedure-five-steps-to-beat-covid-19' [adapted] -> beedffe145554fc682e228998ec25a1f
  ✓ Activated version: d27f5575be194e88bd06151ad017320e
Updated resource 'res-procedure-symptoms-of-covid-19' [adapted] -> 261bbce8cbbf4a13bdfc031c27b003b3
  ✓ Activated version: 7117f37b0b934b8ba86ce182183a4f31
Updated resource 'res-procedure-are-pregnant-women-an-at-risk-group' [adapted] -> 6edd929701c245a4b9210921346f5972
  ✓ Activated version: ef4d3aa2a562418aa74dfaf246eca84e
Updated resource 'res-procedure-vertical-transmission-and-newborn-risk' [adapted] -> 2307eec14a4840c7b26277476b5cf91d
  ✓ Activated version: a7e9a96d6a4844b8b42fe3ebb6998446
Updated resource 'res-procedure-care-during-pregnancy-and-birth' [adapted] -> 7e097f71938d4cc189f6306c15b877e1
  ✓ Activated version: db6bcaf3016d4dabacc6243c10ff166a
Updated resource 'res-procedure-breastfeeding-and-covid-19' [adapted] -> f731a0a2ffc240dba94e68650aaef895
  ✓ Activated version: 2c15ae2fed56450db4d524847b55486a
Updated resource 'res-procedure-mixing-alcohol-based-handrub' [adapted] -> 9c1b3d6b1b044d25a5eec88a1a423b34
  ✓ Activated version: e541c9ef95004507a2d1a205662b1b75
Updated resource 'res-procedure-cleaning-manual-vacuum-aspirator' [adapted] -> 5d438ee63287425da88fbf890d88e704
  ✓ Activated version: cf89b225d32b4035b7d3a74a3b5a25c0
Updated resource 'res-procedure-urine-catheter' [adapted] -> 62d6cd63bf764d6c930eb1a96b10bf52
  ✓ Activated version: 000a43daf72c4a7db4b93f508399496a
Updated resource 'res-procedure-urine-catheter' [adapted] -> 62d6cd63bf764d6c930eb1a96b10bf52
  ✓ Activated version: 000a43daf72c4a7db4b93f508399496a
Updated resource 'res-procedure-follow-up-visits' [adapted] -> 5f5fb17569964924b25a99a72dd1d208
  ✓ Activated version: 93a8ed20fbd04b19b7080091f44962db
Updated resource 'res-procedure-initial-assessment' [adapted] -> eb50ab514d9c4ea594444ce11bb3c165
  ✓ Activated version: ff014ec88f4244fea0c580631edbb99b
Updated resource 'res-procedure-calculate-due-date-and-ga' [adapted] -> dbbee44618c3411fa1006266837e14c2
  ✓ Activated version: 0b6640de710142dd9f8d02bf032c389c
Updated resource 'res-procedure-abdominal-examination' [adapted] -> a677618ba12e4a5e89c2699106886c1f
  ✓ Activated version: 6fa74b3cc0674ff0ba9a82f65a305667
Updated resource 'res-procedure-foetal-heart-rate' [adapted] -> 1f870be16c904b15ada37974848332e3
  ✓ Activated version: 1c2226e4b35f4d4bbd5f1bc11b7fe97f
Updated resource 'res-procedure-vaginal-examination' [adapted] -> bf58b05cdafc4b78a45d59a617fa60d4
  ✓ Activated version: d8e099d695da4514ae7ede2f56d0636c
Updated resource 'res-procedure-monitoring' [adapted] -> 35065d823b404f64bc3961f67bd506e3
  ✓ Activated version: 991bfc226ebf4896ab61d9fffee085be
Updated resource 'res-procedure-breastfeeding' [adapted] -> 204b53d129214ea898cafe9217a18be9
  ✓ Activated version: 739ee45ca0cf41a3af94eadfee3f517a
Updated resource 'res-procedure-urine-catheter' [adapted] -> 62d6cd63bf764d6c930eb1a96b10bf52
  ✓ Activated version: 000a43daf72c4a7db4b93f508399496a
Updated resource 'res-procedure-foetal-heart-rate' [adapted] -> 1f870be16c904b15ada37974848332e3
  ✓ Activated version: 1c2226e4b35f4d4bbd5f1bc11b7fe97f
Updated resource 'res-procedure-vacuum-extractor' [adapted] -> afac8731991045aa9e6c3a20b4f1a051
  ✓ Activated version: 913470c1d97048f985b3584c3fb7ab0b
Updated resource 'res-procedure-urine-catheter' [adapted] -> 62d6cd63bf764d6c930eb1a96b10bf52
  ✓ Activated version: 000a43daf72c4a7db4b93f508399496a
Updated resource 'res-procedure-condom-balloon-tamponade' [adapted] -> 1019d4bc3d0146c99a70b23f045d2a77
  ✓ Activated version: 1c162da75c3a4ec1a113a037b2c3d4d6
Updated resource 'res-procedure-non-pneumatic-anti-shock-garment' [adapted] -> bd2615dce72441058b0f3c09234d6c0f
  ✓ Activated version: db26679e3d874a0b80123352e2d1e99b
Updated resource 'res-procedure-urine-catheter' [adapted] -> 62d6cd63bf764d6c930eb1a96b10bf52
  ✓ Activated version: 000a43daf72c4a7db4b93f508399496a
Updated resource 'res-procedure-condom-balloon-tamponade' [adapted] -> 1019d4bc3d0146c99a70b23f045d2a77
  ✓ Activated version: 1c162da75c3a4ec1a113a037b2c3d4d6
Updated resource 'res-procedure-urine-catheter' [adapted] -> 62d6cd63bf764d6c930eb1a96b10bf52
  ✓ Activated version: 000a43daf72c4a7db4b93f508399496a
Updated resource 'res-procedure-nasogastric-tube' [adapted] -> 443eb72f84b04f81b5c9efe322f6c08d
  ✓ Activated version: f405a9929ecc4e8e98a598cfc7018c41
Updated resource 'res-procedure-breastfeeding' [adapted] -> 204b53d129214ea898cafe9217a18be9
  ✓ Activated version: 739ee45ca0cf41a3af94eadfee3f517a
Updated resource 'res-procedure-nasogastric-tube' [adapted] -> 443eb72f84b04f81b5c9efe322f6c08d
  ✓ Activated version: f405a9929ecc4e8e98a598cfc7018c41
Updated resource 'res-procedure-breastfeeding' [adapted] -> 204b53d129214ea898cafe9217a18be9
  ✓ Activated version: 739ee45ca0cf41a3af94eadfee3f517a
Updated resource 'res-procedure-deinfibulation' [adapted] -> 76ce3053418b41e69ae9063cc535bac2
  ✓ Activated version: f6086c8a4def409aa3d69f71a18eef74
Updated resource 'res-action-card-checklist-1' [adapted] -> 20431c8ddbce455aae84863775f4244b
  ✓ Activated version: 8977d2d069d44f5eaacbbb4a779dfead
Updated resource 'res-action-card-checklist-2' [adapted] -> dca8e70f172047cd97808e82b3e6a19f
  ✓ Activated version: cd20ddc5d5a24e42835ced12ea79a0eb
Updated resource 'res-action-card-postnatal-care' [adapted] -> cc45fb373f1a41b489e1a5759652e163
  ✓ Activated version: 7004f87ae4ba4cbab3b02ea5ec141d54
Updated resource 'res-action-card-post-abortion-care-definitions' [adapted] -> 85ac5351c9534af3bc580c5dc27bd23a
  ✓ Activated version: 47453dd5c56a4f46b3bfcdb3a780680d
Updated resource 'res-action-card-post-abortion-care-emergency-management' [adapted] -> 6cf2a95f458047b58d973ea78600fb5d
  ✓ Activated version: 63a9f6580019423e85f68ae6e404b6f7
Updated resource 'res-action-card-post-abortion-care-following-management' [adapted] -> adaf3c1078af44859721fa42ec6921f9
  ✓ Activated version: 11751c20059446679414b0536203db77
Updated resource 'res-action-card-glasgow-coma-scale' [adapted] -> 40e2c6ff1957418c9e75875a6c822e5e
  ✓ Activated version: 4d3bb9a20431465f877ec328256e5866
Updated resource 'res-action-card-emergency-referral-post-abortion-care' [adapted] -> a4eea7deaa76487ab34130ae5299e7f2
  ✓ Activated version: bca8731fad0b4a6ab7bc67c76dbaf89c
Updated resource 'res-action-card-hypertension-definitions' [adapted] -> 452c591b18054e5e970947415b13a795
  ✓ Activated version: 84d2c902de454635ac2b2dacc0744fe1
Updated resource 'res-action-card-hypertension-management-hypertension' [adapted] -> 55ee9e62f2704351afef270cdfe8f9ea
  ✓ Activated version: 63e5e85047624b26a95009848e4a7d84
Updated resource 'res-action-card-hypertension-management-eclampsia' [adapted] -> dec5fb6753024db196a34439b7be0009
  ✓ Activated version: daae8ce13e644d7a89580ba8db22739d
Updated resource 'res-action-card-emergency-referral-hypertension' [adapted] -> f72e62c51c464e9fa43d6afc3e65fcbb
  ✓ Activated version: 9b55f7817161454a888585804b4f5d72
Updated resource 'res-action-card-newborn-management-routine-care' [adapted] -> 4913403514e9444b942a1c7fa5ab07df
  ✓ Activated version: b3914c4d327d4e97a571f414fc6913d7
Updated resource 'res-action-card-essential-steps-for-amtsl' [adapted] -> ebc53807a3a34e33aeb345db010b7050
  ✓ Activated version: 4937f9aed2a743499129ab5ffe1c315e
Updated resource 'res-action-card-vacuum-delivery-indications' [adapted] -> 5ce558be037c46c989da5f8e208e715e
  ✓ Activated version: e950c9cfb72e41a5b7a5b48d6f429c1c
Updated resource 'res-action-card-vacuum-delivery-prerequisites' [adapted] -> 0ff0bb660f8e45d5afae94066769a035
  ✓ Activated version: a6659553a2984ac1b55ca96cf3662afd
Updated resource 'res-action-card-vacuum-delivery-procedure-as-by-also' [adapted] -> d2fa6384547a46cdb4172133de5c9599
  ✓ Activated version: 48ebdf09d51441c1b6affea5a0c55efa
Updated resource 'res-action-card-emergency-referral-prolonged-labour' [adapted] -> 9b80dd9f4f3c4fcc88047586d5c7011e
  ✓ Activated version: 127912232663423ea7244ed87ed96cd7
Updated resource 'res-action-card-post-partum-hemorrage-uterus' [adapted] -> 7bd8b32b3d204b99a96fefc4b3076dd4
  ✓ Activated version: 9276e6d41e5e45c0a4c73680d6dd0a21
Updated resource 'res-action-card-post-partum-hemorrage-head' [adapted] -> a5f29df71fae4f7e94a97f8f57d6ac13
  ✓ Activated version: fbe081d7099c4cb19d745ffd56a30e61
Updated resource 'res-action-card-post-partum-hemorrage-arms' [adapted] -> 45dd50a9c71547e8a2200fcccd724aac
  ✓ Activated version: 7a77ca77e84a4b91a405a8c52650d1d2
Updated resource 'res-action-card-treatment-of-anaemia-after-pph' [adapted] -> 6b3780d120aa4fd9a5fe016a36a65d2b
  ✓ Activated version: 6509fd1d0f1f45f6a46eceec377c1251
Updated resource 'res-action-card-emergency-referral-post-partum-hemorrhage' [adapted] -> aaa781f9f2bc42f78f798ac2a702ce5b
  ✓ Activated version: 6c2b3c72113547fb9f8969f34b35a523
Updated resource 'res-action-card-emergency-referral-manual-removal-of-placenta' [adapted] -> 9f32f51d326f405598f8fd31016426c6
  ✓ Activated version: cc98e5d2b2804d5ba569886284c8356c
Updated resource 'res-action-card-maternal-sepsis-definitions' [adapted] -> bae18cccac614d51838abc2224ace2dc
  ✓ Activated version: 818e5d3fa2c64b489cc5699b1f222f61
Updated resource 'res-action-card-glasgow-coma-scale' [adapted] -> 40e2c6ff1957418c9e75875a6c822e5e
  ✓ Activated version: 4d3bb9a20431465f877ec328256e5866
Updated resource 'res-action-card-maternal-sepsis-emergency-management' [adapted] -> 3403c0dcde9e40ee85849e96a5bfc015
  ✓ Activated version: 6855f9a0d0174fc88e45e5ad67adac64
Updated resource 'res-action-card-maternal-sepsis-following-management' [adapted] -> 60ff72c323414f72b2f485caa9c12845
  ✓ Activated version: 83e97b7ab62d4c1e86e41d2613c92225
Updated resource 'res-action-card-maternal-sepsis-identify-cause' [adapted] -> d35c7a27f7294b12864eb6ea3f3be107
  ✓ Activated version: b986399a249f42c8a0cfdf80d76f0846
Updated resource 'res-action-card-emergency-referral-maternal-sepsis' [adapted] -> 25362e90ffc34f31aea401beba23e3c7
  ✓ Activated version: 8f19508dc40b42439abe0201d70fc967
Updated resource 'res-action-card-neonatal-resuscitation' [adapted] -> 432cb4ead25243aa8dce185291fbafdb
  ✓ Activated version: 998c8aef4fd34df7bab2f9e7b0fa5712
Updated resource 'res-action-card-safe-oxygen-therapy' [adapted] -> 0e7f7eb0452a44e182f8fb177e2547a1
  ✓ Activated version: 676e7b5636114916827dcd66684b96d4
Updated resource 'res-action-card-newborn-management-pediatric-drugs-and-fluids' [adapted] -> 9f7f7437d3f847528faf71e45bec1156
  ✓ Activated version: ccbf28be649e4a78b28e91436ce6883e
Updated resource 'res-action-card-emergency-referral-for-newborn' [adapted] -> 8d29cadea07449b980b28ee617cac8fc
  ✓ Activated version: 5eabe9ee26b74c46a4be229deeedd2b6
Updated resource 'res-action-card-newborn-management-prevention' [adapted] -> 4c87c436ae1e467eab670a23e28625ef
  ✓ Activated version: 45a40fc405504e8f88ef30ea8ef21156
Updated resource 'res-action-card-neonatal-jaundice' [adapted] -> ab1321fc7db3407abc1479207d48acc7
  ✓ Activated version: 27952acfdae24d2ab041296c61cd7d5d
Updated resource 'res-action-card-newborn-management-routine-care' [adapted] -> 4913403514e9444b942a1c7fa5ab07df
  ✓ Activated version: b3914c4d327d4e97a571f414fc6913d7
Updated resource 'res-action-card-newborn-management-danger-signs' [adapted] -> 3b4106e2e5f54b81b24828dbb4676b60
  ✓ Activated version: 1e3d9807b2d54b4da6a30ce659c921b3
Updated resource 'res-action-card-newborn-management-management-of-danger-signs' [adapted] -> 4c62b91b54684543ac4b4ed48bb6117e
  ✓ Activated version: 4636129b5c5947eb9d887a08932fd2b1
Updated resource 'res-action-card-antibiotic-management' [adapted] -> 6a718972a16647b19aa95c4d7e35a9c5
  ✓ Activated version: c4a6c47047774d248939461584decffe
Updated resource 'res-action-card-newborn-management-pediatric-drugs-and-fluids' [adapted] -> 9f7f7437d3f847528faf71e45bec1156
  ✓ Activated version: ccbf28be649e4a78b28e91436ce6883e
Updated resource 'res-action-card-safe-oxygen-therapy' [adapted] -> 0e7f7eb0452a44e182f8fb177e2547a1
  ✓ Activated version: 676e7b5636114916827dcd66684b96d4
Updated resource 'res-action-card-emergency-referral-for-newborn' [adapted] -> 8d29cadea07449b980b28ee617cac8fc
  ✓ Activated version: 5eabe9ee26b74c46a4be229deeedd2b6
Updated resource 'res-action-card-newborn-management-prevention' [adapted] -> 4c87c436ae1e467eab670a23e28625ef
  ✓ Activated version: 45a40fc405504e8f88ef30ea8ef21156
Updated resource 'res-action-card-neonatal-jaundice' [adapted] -> ab1321fc7db3407abc1479207d48acc7
  ✓ Activated version: 27952acfdae24d2ab041296c61cd7d5d
Updated resource 'res-action-card-antibiotic-management' [adapted] -> 6a718972a16647b19aa95c4d7e35a9c5
  ✓ Activated version: c4a6c47047774d248939461584decffe
Updated resource 'res-action-card-newborn-management-pediatric-drugs-and-fluids' [adapted] -> 9f7f7437d3f847528faf71e45bec1156
  ✓ Activated version: ccbf28be649e4a78b28e91436ce6883e
Updated resource 'res-action-card-safe-oxygen-therapy' [adapted] -> 0e7f7eb0452a44e182f8fb177e2547a1
  ✓ Activated version: 676e7b5636114916827dcd66684b96d4
Updated resource 'res-action-card-emergency-referral-newborn-management' [adapted] -> 77e04fad6fa4400fbf0fc621a8f81b1d
  ✓ Activated version: 149ec4a8abce49388debccdf7a9a80d4
Updated resource 'res-action-card-definition-and-complications' [adapted] -> f44474874fc24f1da6375c89f94b02c7
  ✓ Activated version: 2be889c2ecad44dfacf290f219d4c822
  → POSTing video resource 'res-video-arabic-msf-covid-19-covid-19' directly (no global original)
Created resource 'res-video-arabic-msf-covid-19-covid-19' [translated] -> 0ed9ff82ba8f4d4a996368087479bb8b
  ✓ Activated version: 86aaa0be966140148c8222f6c7275ba5
  → POSTing video resource 'res-video-arabic-msf-infection-prevention-intro' directly (no global original)
Created resource 'res-video-arabic-msf-infection-prevention-intro' [translated] -> 25238fda569f439498101e60bd48cb96
  ✓ Activated version: 38042198f8b440f983ca720fd0460564
  → POSTing video resource 'res-video-arabic-msf-infection-prevention-hand-hygiene' directly (no global original)
Created resource 'res-video-arabic-msf-infection-prevention-hand-hygiene' [translated] -> 78db57a97e6a4352a67979929f3ddc5c
  ✓ Activated version: ec4c27cd27b44f2fa2d8671ee610580f
  → POSTing video resource 'res-video-arabic-msf-infection-prevention-procedure-for-handwash' directly (no global original)
Created resource 'res-video-arabic-msf-infection-prevention-procedure-for-handwash' [translated] -> c0c0756114664664b638e6aa67b24905
  ✓ Activated version: d845776a416f4bf8bd00a9071d0a377e
  → POSTing video resource 'res-video-arabic-msf-infection-prevention-procedure-for-handrub' directly (no global original)
Created resource 'res-video-arabic-msf-infection-prevention-procedure-for-handrub' [translated] -> d0c82a30b4f44fa6b85fe8d39f359004
  ✓ Activated version: d34da1ddaebd4c02b08169114cb587bf
  → POSTing video resource 'res-video-arabic-msf-infection-prevention-personal-protective-equipment' directly (no global original)
Created resource 'res-video-arabic-msf-infection-prevention-personal-protective-equipment' [translated] -> fab600fd64064e8394f6517d11eb9c92
  ✓ Activated version: afff3349f9f1427182b6b47b663eeb12
  → POSTing video resource 'res-video-arabic-msf-infection-prevention-cleaning-decontamination' directly (no global original)
Created resource 'res-video-arabic-msf-infection-prevention-cleaning-decontamination' [translated] -> 54ef20a78e9648d8b71aa0720b171bbf
  ✓ Activated version: 531eaae1de5c4fa9a38ef46a8ff0846a
  → POSTing video resource 'res-video-arabic-msf-infection-prevention-storage' directly (no global original)
Created resource 'res-video-arabic-msf-infection-prevention-storage' [translated] -> 20e0e626759948888daa988dc17f7766
  ✓ Activated version: 628340434f7b43d5b54f1338dbb75216
  → POSTing video resource 'res-video-arabic-msf-infection-prevention-housekeeping' directly (no global original)
Created resource 'res-video-arabic-msf-infection-prevention-housekeeping' [translated] -> c18cacd57256427f88e88a708b5941e9
  ✓ Activated version: b1e2e88687cd45768a1cfa590118a8b8
  → POSTing video resource 'res-video-arabic-msf-infection-prevention-hiv-hepatitis-b-prevention' directly (no global original)
Created resource 'res-video-arabic-msf-infection-prevention-hiv-hepatitis-b-prevention' [translated] -> 69980c14ef2e4ab9bc6b3bf6214b8535
  ✓ Activated version: 2e257b74d2ca41568fa560ab8237abf3
  → POSTing video resource 'res-video-arabic-msf-post-abortion-care-intro' directly (no global original)
Created resource 'res-video-arabic-msf-post-abortion-care-intro' [translated] -> b5370ea6608c4a8d967949d1a769b4cd
  ✓ Activated version: f15f689584c84698bf72eef5aa96a705
  → POSTing video resource 'res-video-arabic-msf-post-abortion-care-how-to-diagnose' directly (no global original)
Created resource 'res-video-arabic-msf-post-abortion-care-how-to-diagnose' [translated] -> 0c9b8d94cff147c590aa9a933e32785e
  ✓ Activated version: 44ed86fee797488c9ecfc3f8b8ad7a84
  → POSTing video resource 'res-video-arabic-msf-post-abortion-care-how-to-manage' directly (no global original)
Created resource 'res-video-arabic-msf-post-abortion-care-how-to-manage' [translated] -> 9f1072a5b32843bcb003f277ee65c24c
  ✓ Activated version: e0236087b2b74bc0a391a44c088da042
  → POSTing video resource 'res-video-arabic-msf-post-abortion-care-evacuation-of-the-uterus' directly (no global original)
Created resource 'res-video-arabic-msf-post-abortion-care-evacuation-of-the-uterus' [translated] -> 3e096e8023cc4375a55e45d8077d66f5
  ✓ Activated version: 545f36b3ac13472eb930fec53b6532eb
  → POSTing video resource 'res-video-arabic-msf-post-abortion-care-manual-vacuum-aspiration' directly (no global original)
Created resource 'res-video-arabic-msf-post-abortion-care-manual-vacuum-aspiration' [translated] -> bbe340b5cd6644ac99fb5e9f916fea3c
  ✓ Activated version: 288bf40ea681453e9bf4f1b7dba4d11f
  → POSTing video resource 'res-video-arabic-msf-hypertension-intro' directly (no global original)
Created resource 'res-video-arabic-msf-hypertension-intro' [translated] -> 83b3be5fa17c47d3aced7b6583bf4a8a
  ✓ Activated version: b18fb8c4d31b4c799c817cf16f38979f
  → POSTing video resource 'res-video-arabic-msf-hypertension-definitions' directly (no global original)
Created resource 'res-video-arabic-msf-hypertension-definitions' [translated] -> 913d844905364179b0a1f51d4cb080cd
  ✓ Activated version: 7919fc549cf641459ac6e889c785d944
  → POSTing video resource 'res-video-arabic-msf-hypertension-causes' directly (no global original)
Created resource 'res-video-arabic-msf-hypertension-causes' [translated] -> 8cc8e7fa4da9446c860924b58e6b3fa9
  ✓ Activated version: ddb7b6a2f77a4b388d692fbc790396f6
  → POSTing video resource 'res-video-arabic-msf-hypertension-how-to-diagnose' directly (no global original)
Created resource 'res-video-arabic-msf-hypertension-how-to-diagnose' [translated] -> 973fdd936ff64a6587594dc30d1e135b
  ✓ Activated version: c4f24019f4224b609afa950ab07ea4ba
  → POSTing video resource 'res-video-arabic-msf-hypertension-management-of-hypertension' directly (no global original)
Created resource 'res-video-arabic-msf-hypertension-management-of-hypertension' [translated] -> 078382b482f44a5aa61f0b2b9ffd65d8
  ✓ Activated version: 927c4e5d3fdf4723a1729d2e807161d5
  → POSTing video resource 'res-video-arabic-msf-hypertension-severe-preeclampsia-eclampsia' directly (no global original)
Created resource 'res-video-arabic-msf-hypertension-severe-preeclampsia-eclampsia' [translated] -> 2ff0257c84ad44d9843f6715973befb1
  ✓ Activated version: ef0faebfe7fe48e7b2682610d6375712
  → POSTing video resource 'res-video-arabic-msf-normal-labour-and-birth-intro' directly (no global original)
Created resource 'res-video-arabic-msf-normal-labour-and-birth-intro' [translated] -> c88fd4b83f4d4ea6ad0b3197d971e315
  ✓ Activated version: 17a4e00f9ab24054afeaff57f9116a4d
  → POSTing video resource 'res-video-arabic-msf-normal-labour-and-birth-respectful-care' directly (no global original)
Created resource 'res-video-arabic-msf-normal-labour-and-birth-respectful-care' [translated] -> 9a086d25b24349e7aa2452028fdbc358
  ✓ Activated version: a8e3f4f9f5be4fe095d49f8ad653bc68
  → POSTing video resource 'res-video-arabic-msf-normal-labour-and-birth-initial-assessment' directly (no global original)
Created resource 'res-video-arabic-msf-normal-labour-and-birth-initial-assessment' [translated] -> 14fc2c959d664e33bb8999878d6cfd65
  ✓ Activated version: 00d42a6d458741d3b2ebb4a3432b7727
  → POSTing video resource 'res-video-arabic-msf-normal-labour-and-birth-1st-stage-latent-phase' directly (no global original)
Created resource 'res-video-arabic-msf-normal-labour-and-birth-1st-stage-latent-phase' [translated] -> d40876fe1abd49ee9923ea06ad8a4b09
  ✓ Activated version: 4a8c469414b449a2bb81f72c3572ab91
  → POSTing video resource 'res-video-arabic-msf-normal-labour-and-birth-1st-stage-active-phase' directly (no global original)
Created resource 'res-video-arabic-msf-normal-labour-and-birth-1st-stage-active-phase' [translated] -> 6c678547261e429f98e2df56296ac4cd
  ✓ Activated version: a09bc0f3edc6490cb54c8b9350ea593d
  → POSTing video resource 'res-video-arabic-msf-normal-labour-and-birth-support' directly (no global original)
Created resource 'res-video-arabic-msf-normal-labour-and-birth-support' [translated] -> 907be50da96247dab6787c531e421271
  ✓ Activated version: 4364f7f6f9054c1e9f3e2ec73cc85aab
  → POSTing video resource 'res-video-arabic-msf-normal-labour-and-birth-2nd-stage-cervix-fully-dilated' directly (no global original)
Created resource 'res-video-arabic-msf-normal-labour-and-birth-2nd-stage-cervix-fully-dilated' [translated] -> 390fb5b0778d4ecbba414efe336da9bf
  ✓ Activated version: 4c2857a59c5c491da32475d4b0ee4dac
  → POSTing video resource 'res-video-arabic-msf-normal-labour-and-birth-2nd-stage-delivering-the-baby' directly (no global original)
Created resource 'res-video-arabic-msf-normal-labour-and-birth-2nd-stage-delivering-the-baby' [translated] -> beeda3b538544dcaabe42b24a07bef14
  ✓ Activated version: 8dd297c409da458d8dec6107ed097cd9
  → POSTing video resource 'res-video-arabic-msf-active-management-of-third-stage-labour-intro' directly (no global original)
Created resource 'res-video-arabic-msf-active-management-of-third-stage-labour-intro' [translated] -> 08edaca301fe4e27a83be3ac5fbe340a
  ✓ Activated version: 3514021456794645a7dca0c41c4d5c01
  → POSTing video resource 'res-video-arabic-msf-active-management-of-third-stage-labour-give-a-uterotonic-drug' directly (no global original)
Created resource 'res-video-arabic-msf-active-management-of-third-stage-labour-give-a-uterotonic-drug' [translated] -> fa5b5b7ad9f743b88e3f4e4e9111a5c3
  ✓ Activated version: 08b9a13131404760bc8df381acdbdf8e
  → POSTing video resource 'res-video-arabic-msf-active-management-of-third-stage-labour-assess-the-newborn' directly (no global original)
Created resource 'res-video-arabic-msf-active-management-of-third-stage-labour-assess-the-newborn' [translated] -> d17de335fad44fa09b584e7e01b6f99a
  ✓ Activated version: 5661513d57f443bdb17b5787656acf6f
  → POSTing video resource 'res-video-arabic-msf-active-management-of-third-stage-labour-clamp-and-cut-the-umbilical-cord' directly (no global original)
Created resource 'res-video-arabic-msf-active-management-of-third-stage-labour-clamp-and-cut-the-umbilical-cord' [translated] -> 76b61b186b6245e38c3a122bb1386860
  ✓ Activated version: ad26188ff03f4ba8938c1c09d5ce7f06
  → POSTing video resource 'res-video-arabic-msf-active-management-of-third-stage-labour-controlled-cord-traction' directly (no global original)
Created resource 'res-video-arabic-msf-active-management-of-third-stage-labour-controlled-cord-traction' [translated] -> 1a99ba544ed545748a32c5114b08c66f
  ✓ Activated version: 842521a4bec741dd82b0f4d072108ac4
  → POSTing video resource 'res-video-arabic-msf-active-management-of-third-stage-labour-examine-the-placenta' directly (no global original)
Created resource 'res-video-arabic-msf-active-management-of-third-stage-labour-examine-the-placenta' [translated] -> 535bd1925c3d45cb9c1311e66ab0637f
  ✓ Activated version: 7f8c8028cbaf45a182743629530415fa
  → POSTing video resource 'res-video-arabic-msf-active-management-of-third-stage-labour-monitoring' directly (no global original)
Created resource 'res-video-arabic-msf-active-management-of-third-stage-labour-monitoring' [translated] -> ba11785f128d4f18891b4dfd7b8cb648
  ✓ Activated version: d04e630693db47ddbb9b9ae15a76f8ef
  → POSTing video resource 'res-video-arabic-msf-prolonged-labour-intro' directly (no global original)
Created resource 'res-video-arabic-msf-prolonged-labour-intro' [translated] -> d7ffa3018e284823bc8e30372468fa2a
  ✓ Activated version: c5566fdebb9c4846981ea51d7958d096
  → POSTing video resource 'res-video-arabic-msf-prolonged-labour-causes' directly (no global original)
Created resource 'res-video-arabic-msf-prolonged-labour-causes' [translated] -> 378423c73678445faa6fbceb08578b62
  ✓ Activated version: c41a7c5a6db74709aa522062f9949ee9
  → POSTing video resource 'res-video-arabic-msf-prolonged-labour-1st-stage-latent-phase' directly (no global original)
Created resource 'res-video-arabic-msf-prolonged-labour-1st-stage-latent-phase' [translated] -> 41f875e6a13c4b52bdb67eb183d7feef
  ✓ Activated version: 9f326b6820e64729bd191772150b82eb
  → POSTing video resource 'res-video-arabic-msf-prolonged-labour-1st-stage-active-phase' directly (no global original)
Created resource 'res-video-arabic-msf-prolonged-labour-1st-stage-active-phase' [translated] -> 95797e95aeb246afb64bdf25f3162bb3
  ✓ Activated version: d27538bcd2c74353b4e2ded419125dc4
  → POSTing video resource 'res-video-arabic-msf-prolonged-labour-2nd-stage-prolonged' directly (no global original)
Created resource 'res-video-arabic-msf-prolonged-labour-2nd-stage-prolonged' [translated] -> ef558bb676464e03bebf16fa6285b824
  ✓ Activated version: b68adb5ec4334cfd944ff251ffcc8731
  → POSTing video resource 'res-video-arabic-msf-prolonged-labour-2nd-stage-vacuum-extraction' directly (no global original)
Created resource 'res-video-arabic-msf-prolonged-labour-2nd-stage-vacuum-extraction' [translated] -> 1876a1032a5e42628117ef0ac2972f1e
  ✓ Activated version: d5f7453b2020446ba9f7be4063e1581a
  → POSTing video resource 'res-video-arabic-msf-post-partum-hemorrhage-intro' directly (no global original)
Created resource 'res-video-arabic-msf-post-partum-hemorrhage-intro' [translated] -> 2bf0600bce5d440da813f05af31fd1a6
  ✓ Activated version: 050d6595ad714a4cbf953aa68fbde5f1
  → POSTing video resource 'res-video-arabic-msf-post-partum-hemorrhage-immediate-management' directly (no global original)
Created resource 'res-video-arabic-msf-post-partum-hemorrhage-immediate-management' [translated] -> 4dd24d2b3aa244dfb865b264556ae73e
  ✓ Activated version: b8b665214b2f49eb808f163dcb50eb22
  → POSTing video resource 'res-video-arabic-msf-post-partum-hemorrhage-causes-of-bleeding' directly (no global original)
Created resource 'res-video-arabic-msf-post-partum-hemorrhage-causes-of-bleeding' [translated] -> cf577b39933e4bd0afd44d520da32a4f
  ✓ Activated version: aa943e7b7b0d4353992ae01730d85c56
  → POSTing video resource 'res-video-arabic-msf-post-partum-hemorrhage-emergency-management-for-shock' directly (no global original)
Created resource 'res-video-arabic-msf-post-partum-hemorrhage-emergency-management-for-shock' [translated] -> a2d84b2f50c442d582a7b5ec111cd964
  ✓ Activated version: 891cc5c8e3ed4a639de1990df1bf994a
  → POSTing video resource 'res-video-arabic-msf-post-partum-hemorrhage-bimanual-compression' directly (no global original)
Created resource 'res-video-arabic-msf-post-partum-hemorrhage-bimanual-compression' [translated] -> 3bdfa9760c5a43c6b83de5e166474b3c
  ✓ Activated version: 88523d3fec72439193e308cbf0e04413
  → POSTing video resource 'res-video-arabic-msf-post-partum-hemorrhage-aorta-compression' directly (no global original)
Created resource 'res-video-arabic-msf-post-partum-hemorrhage-aorta-compression' [translated] -> 2fc86498b77e42828568aecc7ab771c8
  ✓ Activated version: eb33735e7d5f4c64b17a50dd24fd3f21
  → POSTing video resource 'res-video-arabic-msf-post-partum-hemorrhage-uterine-balloon-tamponade' directly (no global original)
Created resource 'res-video-arabic-msf-post-partum-hemorrhage-uterine-balloon-tamponade' [translated] -> c305821cb3a2461c8a2c824cc81f0d0b
  ✓ Activated version: 3a4a3c28d0f948b99f375e5a709e2b83
  → POSTing video resource 'res-video-arabic-msf-post-partum-hemorrhage-retained-placenta-fragments' directly (no global original)
Created resource 'res-video-arabic-msf-post-partum-hemorrhage-retained-placenta-fragments' [translated] -> 55c5bcf76f4d44c588f30972f2527e5e
  ✓ Activated version: 99141706123146a9b6fab143b4b43a69
  → POSTing video resource 'res-video-arabic-msf-post-partum-hemorrhage-bleeding-tears' directly (no global original)
Created resource 'res-video-arabic-msf-post-partum-hemorrhage-bleeding-tears' [translated] -> 8d7c694a4bc441d198305b15323fe01a
  ✓ Activated version: c55d8fb1fc5d4651b10d41be26d80e65
  → POSTing video resource 'res-video-arabic-msf-post-partum-hemorrhage-monitoring-after-bleeding' directly (no global original)
Created resource 'res-video-arabic-msf-post-partum-hemorrhage-monitoring-after-bleeding' [translated] -> 654232bda1264aaeb5e129290cd4c5ad
  ✓ Activated version: df6986e8c68b46ae9cd3f3bfa5d20df9
  → POSTing video resource 'res-video-arabic-msf-manual-removal-of-placenta-intro' directly (no global original)
Created resource 'res-video-arabic-msf-manual-removal-of-placenta-intro' [translated] -> d329a0e620344caeafacec77a4c449c0
  ✓ Activated version: 1f1456ee25144c81b5f06def7a6a9988
  → POSTing video resource 'res-video-arabic-msf-manual-removal-of-placenta-resuscitation' directly (no global original)
Created resource 'res-video-arabic-msf-manual-removal-of-placenta-resuscitation' [translated] -> 8b497dc9c0294403bcf055643b232502
  ✓ Activated version: 4f78b20c090e493285de9c6b432c1164
  → POSTing video resource 'res-video-arabic-msf-manual-removal-of-placenta-drugs-before-removal' directly (no global original)
Created resource 'res-video-arabic-msf-manual-removal-of-placenta-drugs-before-removal' [translated] -> 13fe44453ac24990bbda9351286379a7
  ✓ Activated version: 71de1de3ae7a48e897ac9b5087775235
  → POSTing video resource 'res-video-arabic-msf-manual-removal-of-placenta-gloves' directly (no global original)
Created resource 'res-video-arabic-msf-manual-removal-of-placenta-gloves' [translated] -> c4ffd6deb1644bd5a051038d32747d3c
  ✓ Activated version: e5c2f62d9dd14c8290bb9ca584296768
  → POSTing video resource 'res-video-arabic-msf-manual-removal-of-placenta-remove-the-placenta' directly (no global original)
Created resource 'res-video-arabic-msf-manual-removal-of-placenta-remove-the-placenta' [translated] -> 138f4306d6d64a27a41d9f01b10c7bc6
  ✓ Activated version: a7cdd051f8e14cc2b8205112b224a292
  → POSTing video resource 'res-video-arabic-msf-manual-removal-of-placenta-drugs-after-removal' directly (no global original)
Created resource 'res-video-arabic-msf-manual-removal-of-placenta-drugs-after-removal' [translated] -> 093653932bb04e5ab49b5766f44e1df7
  ✓ Activated version: ec8b0943a20e4b1699fe481ab51884ce
  → POSTing video resource 'res-video-arabic-msf-manual-removal-of-placenta-monitoring' directly (no global original)
Created resource 'res-video-arabic-msf-manual-removal-of-placenta-monitoring' [translated] -> 8c086d5e38574bb7a2aeaf3269fbd45e
  ✓ Activated version: efa05d4fce0e4a869b5232cf1862a7c1
  → POSTing video resource 'res-video-arabic-msf-maternal-sepsis-intro' directly (no global original)
Created resource 'res-video-arabic-msf-maternal-sepsis-intro' [translated] -> ba421ee90b034c62bc0e7f9c3dcc7ce4
  ✓ Activated version: 5e8469d9f0914d24ba9f3cb5bf64cc2c
  → POSTing video resource 'res-video-arabic-msf-maternal-sepsis-how-to-diagnose-definitions' directly (no global original)
Created resource 'res-video-arabic-msf-maternal-sepsis-how-to-diagnose-definitions' [translated] -> e86c0c2bf0c042d3a75760cacd3f4bca
  ✓ Activated version: 5153ec9b156444869eed1005bad78d1f
  → POSTing video resource 'res-video-arabic-msf-maternal-sepsis-how-to-manage' directly (no global original)
Created resource 'res-video-arabic-msf-maternal-sepsis-how-to-manage' [translated] -> b2bbf0e51d7942a1ac349f30d4d9cbe0
  ✓ Activated version: 59e1711ce8ce445c9103f48ba94efcfc
  → POSTing video resource 'res-video-arabic-msf-maternal-sepsis-following-management' directly (no global original)
Created resource 'res-video-arabic-msf-maternal-sepsis-following-management' [translated] -> daa6b2d36eaa421f98b166d59dd17fd1
  ✓ Activated version: afcd9eece2ee4bc08b97b3d7beeb0c57
  → POSTing video resource 'res-video-arabic-msf-maternal-sepsis-origin-of-infection' directly (no global original)
Created resource 'res-video-arabic-msf-maternal-sepsis-origin-of-infection' [translated] -> 1befbc6fac03470ca82af7fdb0f855ee
  ✓ Activated version: df81494b32474316bacfa44bd8465c96
  → POSTing video resource 'res-video-arabic-msf-maternal-sepsis-hiv' directly (no global original)
Created resource 'res-video-arabic-msf-maternal-sepsis-hiv' [translated] -> e700ad87f80d4f3782490844055efe5e
  ✓ Activated version: 348152002b9443fd9eb4f2e14ec56f85
  → POSTing video resource 'res-video-arabic-msf-neonatal-resuscitation-intro' directly (no global original)
Created resource 'res-video-arabic-msf-neonatal-resuscitation-intro' [translated] -> 7e9054bc8c64404cac76616130644e86
  ✓ Activated version: 88be7475c5f64e9abed6d01006af21f0
  → POSTing video resource 'res-video-arabic-msf-neonatal-resuscitation-assess-the-newborn' directly (no global original)
Created resource 'res-video-arabic-msf-neonatal-resuscitation-assess-the-newborn' [translated] -> 30592f5616db4571a5f2dc0bbbd8defc
  ✓ Activated version: d6c9f681c8cc4c6da068a3ad6ff7ffe2
  → POSTing video resource 'res-video-arabic-msf-neonatal-resuscitation-airway' directly (no global original)
Created resource 'res-video-arabic-msf-neonatal-resuscitation-airway' [translated] -> b7bae954be2d49bda89648abcbea57d3
  ✓ Activated version: 52fb3e73c4614641a8e7f85e0c221a85
  → POSTing video resource 'res-video-arabic-msf-neonatal-resuscitation-when-to-stop-resuscitation' directly (no global original)
Created resource 'res-video-arabic-msf-neonatal-resuscitation-when-to-stop-resuscitation' [translated] -> 9403360496504278a1e30eeb50cbc606
  ✓ Activated version: 70dc6630933c45bb8cab3577669d6743
  → POSTing video resource 'res-video-arabic-msf-neonatal-resuscitation-monitoring' directly (no global original)
Created resource 'res-video-arabic-msf-neonatal-resuscitation-monitoring' [translated] -> 04a29cc84b5e4fb2a5dfd5df6b057d4e
  ✓ Activated version: 57de191250a34b11bf222875be184e1f
  → POSTing video resource 'res-video-arabic-msf-neonatal-resuscitation-referral' directly (no global original)
Created resource 'res-video-arabic-msf-neonatal-resuscitation-referral' [translated] -> 255fa1faddf54817a2a6cbba7e955d73
  ✓ Activated version: bacbdc0b1b1c4e8d9676dc1e0056a067
  → POSTing video resource 'res-video-arabic-msf-newborn-management-intro' directly (no global original)
Created resource 'res-video-arabic-msf-newborn-management-intro' [translated] -> a9546c09166c4ef39c5d261539abfe67
  ✓ Activated version: 2cc716c417a7460491a67517674d3dc8
  → POSTing video resource 'res-video-arabic-msf-newborn-management-prevention' directly (no global original)
Created resource 'res-video-arabic-msf-newborn-management-prevention' [translated] -> 7342a1b7da8d4b3cab62c2b74f5375b6
  ✓ Activated version: b1a89355a3ec4922abb6622c9e8a2db4
  → POSTing video resource 'res-video-arabic-msf-newborn-management-initial-care-of-the-newborn' directly (no global original)
Created resource 'res-video-arabic-msf-newborn-management-initial-care-of-the-newborn' [translated] -> 1f03a7bd6815462ea34f72fd65978879
  ✓ Activated version: 01ca0435eeb84901a69cb8414a075746
  → POSTing video resource 'res-video-arabic-msf-newborn-management-danger-signs' directly (no global original)
Created resource 'res-video-arabic-msf-newborn-management-danger-signs' [translated] -> e4b788bc5bef4a9a900dd31a1deeadfc
  ✓ Activated version: 7882ec57ab3141cab92edcccad7bca4a
  → POSTing video resource 'res-video-arabic-msf-newborn-management-referral' directly (no global original)
Created resource 'res-video-arabic-msf-newborn-management-referral' [translated] -> 09567966ffc14caa8ee336c7e681af25
  ✓ Activated version: f9a842ef143e4ebf83ebe023b2e0f876
  → POSTing video resource 'res-video-arabic-msf-low-birth-weight-intro' directly (no global original)
Created resource 'res-video-arabic-msf-low-birth-weight-intro' [translated] -> ccf207fbde1c4ffc8762f99bdcc107da
  ✓ Activated version: a0a14e8d9cec45af89c930d671bcd429
  → POSTing video resource 'res-video-arabic-msf-low-birth-weight-initial-care-of-the-low-birth-weight' directly (no global original)
Created resource 'res-video-arabic-msf-low-birth-weight-initial-care-of-the-low-birth-weight' [translated] -> e22ca5c42bd64070886b8ad0101b50a5
  ✓ Activated version: 2b67958428314f95af0ea4947faa6c43
  → POSTing video resource 'res-video-arabic-msf-low-birth-weight-kangaroo-mother-care' directly (no global original)
Created resource 'res-video-arabic-msf-low-birth-weight-kangaroo-mother-care' [translated] -> 1eb8c7e1e5a24683859f35e145625545
  ✓ Activated version: 7d01f69583794b9baa7d24b23868e2d7
  → POSTing video resource 'res-video-arabic-msf-low-birth-weight-feeding' directly (no global original)
Created resource 'res-video-arabic-msf-low-birth-weight-feeding' [translated] -> bf8d66bf27be487a9c724c61bafdc49d
  ✓ Activated version: 973a1f99e94040d196224b3eebd33232
  → POSTing video resource 'res-video-arabic-msf-low-birth-weight-danger-signs' directly (no global original)
Created resource 'res-video-arabic-msf-low-birth-weight-danger-signs' [translated] -> 5a90064b66544439806e944fe1a8402c
  ✓ Activated version: 37b03ee799254cb987738b2de93a767f
  → POSTing video resource 'res-video-arabic-msf-low-birth-weight-referral' directly (no global original)
Created resource 'res-video-arabic-msf-low-birth-weight-referral' [translated] -> 68a64b985c2d470d8e0490e3f9f31a85
  ✓ Activated version: a4fbc0622e8444c9a823e1228edf46f2
  → POSTing video resource 'res-video-arabic-msf-low-birth-weight-respectful-care' directly (no global original)
Created resource 'res-video-arabic-msf-low-birth-weight-respectful-care' [translated] -> 8b31e54b27114e6ab22b252702389d5f
  ✓ Activated version: 12c3627b10a64c559058bf049bd2ecc9
  → POSTing video resource 'res-video-arabic-msf-female-genital-mutilation-intro' directly (no global original)
Created resource 'res-video-arabic-msf-female-genital-mutilation-intro' [translated] -> 3d7eb1673f6c4d9fbb6aadbd5495a455
  ✓ Activated version: ffde95749efa4659a211f6f31405544a
  → POSTing video resource 'res-video-arabic-msf-female-genital-mutilation-the-types-of-fgm' directly (no global original)
Created resource 'res-video-arabic-msf-female-genital-mutilation-the-types-of-fgm' [translated] -> 37882b3c35264e4396b020302dbc4faa
  ✓ Activated version: 42402a5bac05434abece47009841790e
  → POSTing video resource 'res-video-arabic-msf-female-genital-mutilation-immediate-health-risks' directly (no global original)
Created resource 'res-video-arabic-msf-female-genital-mutilation-immediate-health-risks' [translated] -> 9426cf04b7be46a19bc05f5aa6254d15
  ✓ Activated version: 08582cd2e22b44619bc42db1af62f001
  → POSTing video resource 'res-video-arabic-msf-female-genital-mutilation-birth-complications' directly (no global original)
Created resource 'res-video-arabic-msf-female-genital-mutilation-birth-complications' [translated] -> f4bada6c326e4717a9387ff1fd61d275
  ✓ Activated version: 1b3b974e7dc6443cb240fb13913a5fdc
  → POSTing video resource 'res-video-arabic-msf-female-genital-mutilation-management-of-a-pregnant-woman-with-fgm' directly (no global original)
Created resource 'res-video-arabic-msf-female-genital-mutilation-management-of-a-pregnant-woman-with-fgm' [translated] -> b07d308dad6b42728002da9c32b48c2b
  ✓ Activated version: 9b4e08d9a6594c8aa4d3b1207050f620
  → POSTing video resource 'res-video-arabic-msf-female-genital-mutilation-deinfibulation' directly (no global original)
Created resource 'res-video-arabic-msf-female-genital-mutilation-deinfibulation' [translated] -> 47054339b6fb4b80bf4bfd879b4f5040
  ✓ Activated version: f2afa712e5194bbabaf05036aaffb61f
  → POSTing video resource 'res-video-arabic-msf-female-genital-mutilation-labour-with-fgm' directly (no global original)
Created resource 'res-video-arabic-msf-female-genital-mutilation-labour-with-fgm' [translated] -> a2abccad710e43f8a080a0eb06915f0d
  ✓ Activated version: cfb6ad80049e4be09e80fa526efd7a44
  → POSTing video resource 'res-video-arabic-msf-female-genital-mutilation-counsel-the-woman-and-her-husband' directly (no global original)
Created resource 'res-video-arabic-msf-female-genital-mutilation-counsel-the-woman-and-her-husband' [translated] -> c9040a7c41eb472084fc5e584239b07c
  ✓ Activated version: a79564f9ccd54be482f44386de5db3cc
Updated resource 'res-drug-post-exposure-prophylaxis-pep' [translated] -> c931d5e9c6b845e38cd7ad943daa9c05
  ✓ Activated version: 2aed968153464524b0818f8d6646c26a
Updated resource 'res-drug-ampicillin' [translated] -> 43bb1ffca2dd4cc39ad053f7a3c6fcc1
  ✓ Activated version: 2d3ab12b2b634e1da2fa6687bc515608
Updated resource 'res-drug-diazepam' [translated] -> fa164a1830c34740b8a5e3f52a2d99cb
  ✓ Activated version: 7f6672ab412b4ff0a62397d224d3ae61
Updated resource 'res-drug-gentamicin' [translated] -> e93dce99276148ddbc9a17267c8a3019
  ✓ Activated version: d814112b6bd64e1fb5e5d8d85c5bdbe5
Updated resource 'res-drug-ibuprofen' [translated] -> 03fb82fe88f94a97b8bb868f9304ab3e
  ✓ Activated version: 26dbc78a05d447febbc75e5c3f311d22
Updated resource 'res-drug-indomethacin' [translated] -> 84219df4ae604e9d8c816471642bbf83
  ✓ Activated version: 70cffb43401f4c3cad32d297fe2c12d8
Updated resource 'res-drug-metronidazole' [translated] -> 6059c50b5d9f43aeacb0f173ce2a17f6
  ✓ Activated version: 4975b8a32f6d45688cf8145d39c03bfc
Updated resource 'res-drug-morphine' [translated] -> acd56f2a2f8f4812a25ee36d3b81dcc0
  ✓ Activated version: ae8eaae36e0745a6a67bfa83f83febc8
Updated resource 'res-drug-calcium-gluconate' [translated] -> 042917dc302749ff84d221bf6529136d
  ✓ Activated version: f70cc730eb034293b1364a2fe2cd5976
Updated resource 'res-drug-dexamethasone' [translated] -> 96c048a8b6264fe3950df4192d54829a
  ✓ Activated version: 72907ebbde834c56b2c5e801a258d56c
Updated resource 'res-drug-hydralazine' [translated] -> b9a8b0598e1c46e49d4c925dff84e867
  ✓ Activated version: 4884c60dbdbe4802a089bd5e5a652a36
Updated resource 'res-drug-labetalol' [translated] -> b9808901bc3a45fc89761de346ac311f
  ✓ Activated version: 879cb060394b4e6eb3f4f2d13450c366
Updated resource 'res-drug-lidocaine' [translated] -> 4d72f151dc1e46e1a304f64db96f26bf
  ✓ Activated version: 76fcb2f8f5b249a79f263f5bc223599c
Updated resource 'res-drug-magnesium-sulphate' [translated] -> a7bc6e3c0e9e420492f575558a1dd688
  ✓ Activated version: 6b5b53e346d84c3e93baaaa1b2b05e84
Updated resource 'res-drug-methyldopa' [translated] -> 5719affb0bfb4c13a4d62fda6d6f23ca
  ✓ Activated version: 9240531be82041c69bc35034045717e5
Updated resource 'res-drug-nifedipine' [translated] -> 1ed3d8279c2e49d4930b378a819eb6b9
  ✓ Activated version: 8ce7a710e2a542c6893b64e486361317
Updated resource 'res-drug-oxytocin' [translated] -> 8134a1b103c64d459f5a22ef0859a669
  ✓ Activated version: 8434f3b5f3b44602b858b829287430e6
Updated resource 'res-drug-misoprostol' [translated] -> 1ad5e35a0e4e4cec9e7fc137d85ed493
  ✓ Activated version: e1e1ca5cf49949e4bcfc144f0405c96c
Updated resource 'res-drug-antibiotic-eye-drops' [translated] -> 7f979a838f724fbc824cf4e8870208a7
  ✓ Activated version: ab738b3f2eae42f986fcdeb9112c9b0c
Updated resource 'res-drug-chlorhexidine' [translated] -> 87b956a132624d2d908f8d2a5fb929b6
  ✓ Activated version: 30544e5d0d2a4638854f618c4af8245b
Updated resource 'res-drug-misoprostol' [translated] -> 1ad5e35a0e4e4cec9e7fc137d85ed493
  ✓ Activated version: 29fe3ba5fd04470cb66e420587b32a23
Updated resource 'res-drug-oxytocin' [translated] -> 8134a1b103c64d459f5a22ef0859a669
  ✓ Activated version: c05b27869fc24eb8a08c23ffad84fa39
Updated resource 'res-drug-vitamin-k' [translated] -> 98a17f50d52c494091e82cc8af4a1267
  ✓ Activated version: a301dd9c808c4803bfaf06e551a53a06
Updated resource 'res-drug-oxytocin' [translated] -> 8134a1b103c64d459f5a22ef0859a669
  ✓ Activated version: 02f3585f4185409eae5415b43cc2fd10
Updated resource 'res-drug-ampicillin' [translated] -> 43bb1ffca2dd4cc39ad053f7a3c6fcc1
  ✓ Activated version: 2a103f0fefd84afca3f2f58808e2deb3
Updated resource 'res-drug-diazepam' [translated] -> fa164a1830c34740b8a5e3f52a2d99cb
  ✓ Activated version: 848d2739e5ac4a94b806b86ab912f60a
Updated resource 'res-drug-ergometrine' [translated] -> 2e600c6b443440e8acb6a72da07c1b85
  ✓ Activated version: da61c82086884ce988f4409dff8eecc4
Updated resource 'res-drug-iron' [translated] -> 18f94590377f4f67b7bbeca44d990ac1
  ✓ Activated version: c9807dc7196041c2897716fa27a5b574
Updated resource 'res-drug-misoprostol' [translated] -> 1ad5e35a0e4e4cec9e7fc137d85ed493
  ✓ Activated version: 2340ccab76034e0b992384b8579d229d
Updated resource 'res-drug-morphine' [translated] -> acd56f2a2f8f4812a25ee36d3b81dcc0
  ✓ Activated version: 78e4a772708544ac877fe101f6ecafaa
Updated resource 'res-drug-oxytocin' [translated] -> 8134a1b103c64d459f5a22ef0859a669
  ✓ Activated version: 111064118ac34642b7c5c20b5e35d4be
Updated resource 'res-drug-tranexamic-acid' [translated] -> efec554769984a3189ac19d86b2f2014
  ✓ Activated version: 070da6dc5be443bf9af391cfd8a9275c
Updated resource 'res-drug-lidocaine' [translated] -> 4d72f151dc1e46e1a304f64db96f26bf
  ✓ Activated version: 546d89250c39440ab6d1bdf9cb9c6650
Updated resource 'res-drug-ampicillin' [translated] -> 43bb1ffca2dd4cc39ad053f7a3c6fcc1
  ✓ Activated version: c4e2cd949b0d448d8c1e36f3f7560a3d
Updated resource 'res-drug-diazepam' [translated] -> fa164a1830c34740b8a5e3f52a2d99cb
  ✓ Activated version: 3f3e8659b4434e88a8c959ce86885d02
Updated resource 'res-drug-ergometrine' [translated] -> 2e600c6b443440e8acb6a72da07c1b85
  ✓ Activated version: 152da51da94546e6ba69f5bdde425b6a
Updated resource 'res-drug-iron' [translated] -> 18f94590377f4f67b7bbeca44d990ac1
  ✓ Activated version: 5d89bc2c99e64649afeea16f2db08087
Updated resource 'res-drug-morphine' [translated] -> acd56f2a2f8f4812a25ee36d3b81dcc0
  ✓ Activated version: 82412cbf4f6a42e88d480a5baca53aa0
Updated resource 'res-drug-misoprostol' [translated] -> 1ad5e35a0e4e4cec9e7fc137d85ed493
  ✓ Activated version: d7d8d91e85044fb9a5aa8d8d9d79b375
Updated resource 'res-drug-oxytocin' [translated] -> 8134a1b103c64d459f5a22ef0859a669
  ✓ Activated version: a67509b6b0094a318050a09e8dd9b9c5
Updated resource 'res-drug-tranexamic-acid' [translated] -> efec554769984a3189ac19d86b2f2014
  ✓ Activated version: 78cc94e9ec49473686b4af2946fec175
Updated resource 'res-drug-ampicillin' [translated] -> 43bb1ffca2dd4cc39ad053f7a3c6fcc1
  ✓ Activated version: 57111b4b9252408da455e17634aa9839
Updated resource 'res-drug-artesunate' [translated] -> a77b770a890840ea83822337e8f75f96
  ✓ Activated version: f1f4d29fb7204001aa79393b366ca068
Updated resource 'res-drug-betamethasone' [translated] -> 68ad36d39eff4e28b00df56e3c8d0ee1
  ✓ Activated version: 8d854a9b68b9422c8c0fbb4e529a4f36
Updated resource 'res-drug-chloramphenicol' [translated] -> 0b162e3b7424405489bd287bcc2ec3de
  ✓ Activated version: 678b5ebb41a34c789b8cc7033705ccb2
Updated resource 'res-drug-dexamethasone' [translated] -> 96c048a8b6264fe3950df4192d54829a
  ✓ Activated version: 3a0c4a8e0d2d49b2bfee9da8dc99a987
Updated resource 'res-drug-dicloxacillin' [translated] -> 935dd56a652a4d17bc2ef1efa1c0cb2c
  ✓ Activated version: 1852c042d9734d44bad2733e868cf4e5
Updated resource 'res-drug-gentamicin' [translated] -> e93dce99276148ddbc9a17267c8a3019
  ✓ Activated version: 526bd80d77874b63980fbb6b932c4cbf
Updated resource 'res-drug-metronidazole' [translated] -> 6059c50b5d9f43aeacb0f173ce2a17f6
  ✓ Activated version: b1d6e667abf943e3b34b63ac970dbd68
Updated resource 'res-drug-penicillin-g-benzylpenicillin' [translated] -> 5f0f7a53c8fc40989e81d930f4403b9c
  ✓ Activated version: 4a440e1c5215413fa16f1de4b7261056
Updated resource 'res-drug-quinine' [translated] -> 6c50f9ca2bfc47a49da29a45f465d130
  ✓ Activated version: af86b7030bca4122ab58dcf7f3b6bb77
Updated resource 'res-drug-ceftriaxone' [translated] -> f9c06be97a3c467088cb60483edf973d
  ✓ Activated version: 754e0740fb15470f9111e24991c8f4e5
Updated resource 'res-drug-ampicillin' [translated] -> 43bb1ffca2dd4cc39ad053f7a3c6fcc1
  ✓ Activated version: 62b0eb6260114eb889769cea7dbb49a1
Updated resource 'res-drug-ceftriaxone' [translated] -> f9c06be97a3c467088cb60483edf973d
  ✓ Activated version: 032f7375d0314b3fa1c9e428f59805c4
Updated resource 'res-drug-gentamicin' [translated] -> e93dce99276148ddbc9a17267c8a3019
  ✓ Activated version: 6fb8a73300974d7bafb92eaa7795605d
Updated resource 'res-drug-phenobarbital' [translated] -> ee2e85a6881841dab0e74110c9fb7b01
  ✓ Activated version: 8cfe9c47302745eb8c6a247b3dd58848
Updated resource 'res-drug-ampicillin' [translated] -> 43bb1ffca2dd4cc39ad053f7a3c6fcc1
  ✓ Activated version: f824733b5f1a4d67b25c8d7543e5318f
Updated resource 'res-drug-antibiotic-eye-drops' [translated] -> 7f979a838f724fbc824cf4e8870208a7
  ✓ Activated version: a1d1a5c5efcf4211af913cb04fc8d209
Updated resource 'res-drug-betamethasone' [translated] -> 68ad36d39eff4e28b00df56e3c8d0ee1
  ✓ Activated version: c51e32fbf0cd45c5b0e070fb2080dd43
Updated resource 'res-drug-ceftriaxone' [translated] -> f9c06be97a3c467088cb60483edf973d
  ✓ Activated version: 9234836a7848439dba175de4c5bb59ce
Updated resource 'res-drug-chlorhexidine' [translated] -> 87b956a132624d2d908f8d2a5fb929b6
  ✓ Activated version: 1fa9f1f397f544f38a4155082fe0e686
Updated resource 'res-drug-dexamethasone' [translated] -> 96c048a8b6264fe3950df4192d54829a
  ✓ Activated version: 08f6d439f1ed47ad9a15712060cbe9a7
Updated resource 'res-drug-gentamicin' [translated] -> e93dce99276148ddbc9a17267c8a3019
  ✓ Activated version: bd45526a14a94874a5cf5a40935443dd
Updated resource 'res-drug-phenobarbital' [translated] -> ee2e85a6881841dab0e74110c9fb7b01
  ✓ Activated version: edf7f29159404a029ccc0f211e69b8af
Updated resource 'res-drug-vitamin-k' [translated] -> 98a17f50d52c494091e82cc8af4a1267
  ✓ Activated version: 07394d97ed6e429caa361474a56a1d50
Updated resource 'res-drug-diclofenac' [translated] -> 4e899a185c3c49178fb5a2450af56939
  ✓ Activated version: 470157a123804500b4ebcf22608192ca
Updated resource 'res-drug-ibuprofen' [translated] -> 03fb82fe88f94a97b8bb868f9304ab3e
  ✓ Activated version: 943efb5ba3504225a33a1a35e45f167d
Updated resource 'res-drug-lidocaine' [translated] -> 4d72f151dc1e46e1a304f64db96f26bf
  ✓ Activated version: ca58831e016346148b8d0aa6f80a4f83
Updated resource 'res-drug-paracetamol' [translated] -> 09425da9efba4c2fa9b62fa1d0d810f1
  ✓ Activated version: 8df9451bf76c477dac8e0d980df58080
Updated resource 'res-procedure-mixing-alcohol-based-handrub' [translated] -> 9c1b3d6b1b044d25a5eec88a1a423b34
  ✓ Activated version: 66b45aed8b344edb9c15473bc50302c2
Updated resource 'res-procedure-minimize-the-spread-of-covid-19-at-the-health-facility' [translated] -> d5ef0311a8f643a5b0a6ec9b2bde704c
  ✓ Activated version: aced11beffed4db9b0cd184918661c13
Updated resource 'res-procedure-five-steps-to-beat-covid-19' [translated] -> beedffe145554fc682e228998ec25a1f
  ✓ Activated version: 0a43175cb7904d878a7543b810a937c8
Updated resource 'res-procedure-symptoms-of-covid-19' [translated] -> 261bbce8cbbf4a13bdfc031c27b003b3
  ✓ Activated version: f4a4c09ec5ac4f1eb3c98980298ba4fc
Updated resource 'res-procedure-are-pregnant-women-an-at-risk-group' [translated] -> 6edd929701c245a4b9210921346f5972
  ✓ Activated version: be8cf20d521d4a46839cb3fb72ddcac8
Updated resource 'res-procedure-vertical-transmission-and-newborn-risk' [translated] -> 2307eec14a4840c7b26277476b5cf91d
  ✓ Activated version: aca07399f4654e34a7ba6b9fa0a7d857
Updated resource 'res-procedure-care-during-pregnancy-and-birth' [translated] -> 7e097f71938d4cc189f6306c15b877e1
  ✓ Activated version: ade20e8570ed41258802b7d2bf9999ee
Updated resource 'res-procedure-breastfeeding-and-covid-19' [translated] -> f731a0a2ffc240dba94e68650aaef895
  ✓ Activated version: 6fe7f61951964f0f9f9208a9090fa4e6
Updated resource 'res-procedure-mixing-alcohol-based-handrub' [translated] -> 9c1b3d6b1b044d25a5eec88a1a423b34
  ✓ Activated version: 4f070ca77c5a49a6a9e5d7441931baa2
Updated resource 'res-procedure-cleaning-manual-vacuum-aspirator' [translated] -> 5d438ee63287425da88fbf890d88e704
  ✓ Activated version: 9f5d077f00054d16952e23d66f83e11e
Updated resource 'res-procedure-urine-catheter' [translated] -> 62d6cd63bf764d6c930eb1a96b10bf52
  ✓ Activated version: afe0dda2f1f9430a8b8d35c2607b81f7
Updated resource 'res-procedure-urine-catheter' [translated] -> 62d6cd63bf764d6c930eb1a96b10bf52
  ✓ Activated version: c4cde84b75874319b375469d459d0de8
Updated resource 'res-procedure-follow-up-visits' [translated] -> 5f5fb17569964924b25a99a72dd1d208
  ✓ Activated version: f729ac76c4494fcab457390e6918a60b
Updated resource 'res-procedure-initial-assessment' [translated] -> eb50ab514d9c4ea594444ce11bb3c165
  ✓ Activated version: 514808f73df04c12a5e20bcf061ff145
Updated resource 'res-procedure-calculate-due-date-and-ga' [translated] -> dbbee44618c3411fa1006266837e14c2
  ✓ Activated version: d71e73aa47164fddac9ca3e37a11f921
Updated resource 'res-procedure-abdominal-examination' [translated] -> a677618ba12e4a5e89c2699106886c1f
  ✓ Activated version: 04a950e7728b4f2090bd23c62ac32d06
Updated resource 'res-procedure-foetal-heart-rate' [translated] -> 1f870be16c904b15ada37974848332e3
  ✓ Activated version: 259926def6e94c6589c9e0267c5666eb
Updated resource 'res-procedure-vaginal-examination' [translated] -> bf58b05cdafc4b78a45d59a617fa60d4
  ✓ Activated version: c1503d81e06b4ba9bac8508e71f5778c
Updated resource 'res-procedure-monitoring' [translated] -> 35065d823b404f64bc3961f67bd506e3
  ✓ Activated version: f70a6b18186a432c85aad3de8a9b527a
Updated resource 'res-procedure-breastfeeding' [translated] -> 204b53d129214ea898cafe9217a18be9
  ✓ Activated version: 90fe4cbf55234d5b9f44839744503e76
Updated resource 'res-procedure-urine-catheter' [translated] -> 62d6cd63bf764d6c930eb1a96b10bf52
  ✓ Activated version: 95319beea90e4fa9af4c0d27cd8432a4
Updated resource 'res-procedure-foetal-heart-rate' [translated] -> 1f870be16c904b15ada37974848332e3
  ✓ Activated version: 89fd17e0d76641b6927136771cae3ca9
Updated resource 'res-procedure-vacuum-extractor' [translated] -> afac8731991045aa9e6c3a20b4f1a051
  ✓ Activated version: 7eb82a16c9c047ad893af7693c292839
Updated resource 'res-procedure-urine-catheter' [translated] -> 62d6cd63bf764d6c930eb1a96b10bf52
  ✓ Activated version: ac45e105b8e949d199bda48180134af4
Updated resource 'res-procedure-condom-balloon-tamponade' [translated] -> 1019d4bc3d0146c99a70b23f045d2a77
  ✓ Activated version: 4440026d15514a618d48b412b5648d09
Updated resource 'res-procedure-non-pneumatic-anti-shock-garment' [translated] -> bd2615dce72441058b0f3c09234d6c0f
  ✓ Activated version: 4d88eb7cf08149c285b1efb3f9f26bd9
Updated resource 'res-procedure-urine-catheter' [translated] -> 62d6cd63bf764d6c930eb1a96b10bf52
  ✓ Activated version: a819c66d8ade4ffca610a1c1f5e75891
Updated resource 'res-procedure-condom-balloon-tamponade' [translated] -> 1019d4bc3d0146c99a70b23f045d2a77
  ✓ Activated version: a4d8a015aec54a1c929431a77a0f2303
Updated resource 'res-procedure-urine-catheter' [translated] -> 62d6cd63bf764d6c930eb1a96b10bf52
  ✓ Activated version: 59672db2287348ceacaa02572b287eb7
Updated resource 'res-procedure-nasogastric-tube' [translated] -> 443eb72f84b04f81b5c9efe322f6c08d
  ✓ Activated version: 92d9e4c75d0f4372a6c5d8ce871e1797
Updated resource 'res-procedure-breastfeeding' [translated] -> 204b53d129214ea898cafe9217a18be9
  ✓ Activated version: 6783e847cb074c45a8fc3665d5e9a8a2
Updated resource 'res-procedure-nasogastric-tube' [translated] -> 443eb72f84b04f81b5c9efe322f6c08d
  ✓ Activated version: bb418fcf60f64262a1cf0745bffef968
Updated resource 'res-procedure-breastfeeding' [translated] -> 204b53d129214ea898cafe9217a18be9
  ✓ Activated version: 025f4277f6bd4557bc30d61a11500415
Updated resource 'res-procedure-deinfibulation' [translated] -> 76ce3053418b41e69ae9063cc535bac2
  ✓ Activated version: 34c9dc971d444976922e0ba22becb45a
Updated resource 'res-action-card-checklist-1' [translated] -> 20431c8ddbce455aae84863775f4244b
  ✓ Activated version: 0304ca9c544a40a1ad17a56ff44791e8
Updated resource 'res-action-card-checklist-2' [translated] -> dca8e70f172047cd97808e82b3e6a19f
  ✓ Activated version: b878a7d6b4e144f5b712b5d8e311b60d
Updated resource 'res-action-card-postnatal-care' [translated] -> cc45fb373f1a41b489e1a5759652e163
  ✓ Activated version: b98a09e3a36647469058e15b198cc72a
Updated resource 'res-action-card-post-abortion-care-definitions' [translated] -> 85ac5351c9534af3bc580c5dc27bd23a
  ✓ Activated version: e7378590200246c48110aec6a9f10627
Updated resource 'res-action-card-post-abortion-care-emergency-management' [translated] -> 6cf2a95f458047b58d973ea78600fb5d
  ✓ Activated version: e4759ba3d91749598f9a3f6a0aa6fd28
Updated resource 'res-action-card-post-abortion-care-following-management' [translated] -> adaf3c1078af44859721fa42ec6921f9
  ✓ Activated version: c95f13e1b1604f6ba2b3328ab6cd4e2a
Updated resource 'res-action-card-glasgow-coma-scale' [translated] -> 40e2c6ff1957418c9e75875a6c822e5e
  ✓ Activated version: 02125ae051b8461082f9f905b82a43bc
Updated resource 'res-action-card-emergency-referral-post-abortion-care' [translated] -> a4eea7deaa76487ab34130ae5299e7f2
  ✓ Activated version: 5b834c8416fd4ab6aa9335e34fcd720d
Updated resource 'res-action-card-hypertension-definitions' [translated] -> 452c591b18054e5e970947415b13a795
  ✓ Activated version: 03bebd8f2879419c8e1f0218c86bcd17
Updated resource 'res-action-card-hypertension-management-hypertension' [translated] -> 55ee9e62f2704351afef270cdfe8f9ea
  ✓ Activated version: 6c45d90dfcf747249605f040bde7597c
Updated resource 'res-action-card-hypertension-management-eclampsia' [translated] -> dec5fb6753024db196a34439b7be0009
  ✓ Activated version: 5a0cfa51603f46509e3b7c93627708c3
Updated resource 'res-action-card-emergency-referral-hypertension' [translated] -> f72e62c51c464e9fa43d6afc3e65fcbb
  ✓ Activated version: 06fabf72f468431eb501c9bdde06722b
Updated resource 'res-action-card-newborn-management-routine-care' [translated] -> 4913403514e9444b942a1c7fa5ab07df
  ✓ Activated version: 4e3d88bdf0fd49d699290d1da05c07cb
Updated resource 'res-action-card-essential-steps-for-amtsl' [translated] -> ebc53807a3a34e33aeb345db010b7050
  ✓ Activated version: 81e755e6b00f4f98a9b4c82ecca473e7
Updated resource 'res-action-card-vacuum-delivery-indications' [translated] -> 5ce558be037c46c989da5f8e208e715e
  ✓ Activated version: dcbe725079584b55aa297228adbd2753
Updated resource 'res-action-card-vacuum-delivery-prerequisites' [translated] -> 0ff0bb660f8e45d5afae94066769a035
  ✓ Activated version: 4e1d3c7dab5f498bad95a2874088a098
Updated resource 'res-action-card-vacuum-delivery-procedure-as-by-also' [translated] -> d2fa6384547a46cdb4172133de5c9599
  ✓ Activated version: afc18dff96c24731ae61d9bc95b71093
Updated resource 'res-action-card-emergency-referral-prolonged-labour' [translated] -> 9b80dd9f4f3c4fcc88047586d5c7011e
  ✓ Activated version: 78f4c5afa0124e5e84c1f25ab89201ac
Updated resource 'res-action-card-post-partum-hemorrage-uterus' [translated] -> 7bd8b32b3d204b99a96fefc4b3076dd4
  ✓ Activated version: 1615023d4bd642b59728d7c3d34e9d45
Updated resource 'res-action-card-post-partum-hemorrage-head' [translated] -> a5f29df71fae4f7e94a97f8f57d6ac13
  ✓ Activated version: b1f48449d08f474885dcb78fa37ce120
Updated resource 'res-action-card-post-partum-hemorrage-arms' [translated] -> 45dd50a9c71547e8a2200fcccd724aac
  ✓ Activated version: 68d60ad41f544dc5a43b0a5575bbd61e
Updated resource 'res-action-card-treatment-of-anaemia-after-pph' [translated] -> 6b3780d120aa4fd9a5fe016a36a65d2b
  ✓ Activated version: 0645ae564b2f4ec29b6a01a686418369
Updated resource 'res-action-card-emergency-referral-post-partum-hemorrhage' [translated] -> aaa781f9f2bc42f78f798ac2a702ce5b
  ✓ Activated version: 4b878670b9f941b29a7080d2ee0e347c
Updated resource 'res-action-card-emergency-referral-manual-removal-of-placenta' [translated] -> 9f32f51d326f405598f8fd31016426c6
  ✓ Activated version: 7520b20e803f4a65b086047a70c373ca
Updated resource 'res-action-card-maternal-sepsis-definitions' [translated] -> bae18cccac614d51838abc2224ace2dc
  ✓ Activated version: 8a5145fff6a643839541295fb75c757b
Updated resource 'res-action-card-glasgow-coma-scale' [translated] -> 40e2c6ff1957418c9e75875a6c822e5e
  ✓ Activated version: ae1a89a7fa1e4c5bab1b5e865b154dea
Updated resource 'res-action-card-maternal-sepsis-emergency-management' [translated] -> 3403c0dcde9e40ee85849e96a5bfc015
  ✓ Activated version: dcd2b993c72e4e86a60923f1a4d2f50b
Updated resource 'res-action-card-maternal-sepsis-following-management' [translated] -> 60ff72c323414f72b2f485caa9c12845
  ✓ Activated version: 5981b304aa73406f8d1360d7b490711c
Updated resource 'res-action-card-maternal-sepsis-identify-cause' [translated] -> d35c7a27f7294b12864eb6ea3f3be107
  ✓ Activated version: 52d0331d02114ab5952138a63a36b11a
Updated resource 'res-action-card-emergency-referral-maternal-sepsis' [translated] -> 25362e90ffc34f31aea401beba23e3c7
  ✓ Activated version: 24282402383046018e51c7107adb5ed9
Updated resource 'res-action-card-neonatal-resuscitation' [translated] -> 432cb4ead25243aa8dce185291fbafdb
  ✓ Activated version: 57c115c1fd4240a8b811ea21a193c74e
Updated resource 'res-action-card-safe-oxygen-therapy' [translated] -> 0e7f7eb0452a44e182f8fb177e2547a1
  ✓ Activated version: e4fc1f3a47c4490cbd5254e410b0018a
Updated resource 'res-action-card-newborn-management-pediatric-drugs-and-fluids' [translated] -> 9f7f7437d3f847528faf71e45bec1156
  ✓ Activated version: 235d5ece02a84b7eabfa901d60d505b4
Updated resource 'res-action-card-emergency-referral-for-newborn' [translated] -> 8d29cadea07449b980b28ee617cac8fc
  ✓ Activated version: d8d9d46b30c145d18a17a07a6070bf83
Updated resource 'res-action-card-newborn-management-prevention' [translated] -> 4c87c436ae1e467eab670a23e28625ef
  ✓ Activated version: d91a9654f2ab41b5b64aef14f876ba59
Updated resource 'res-action-card-neonatal-jaundice' [translated] -> ab1321fc7db3407abc1479207d48acc7
  ✓ Activated version: 536e6a770d81468789c7d442ffa5e83f
Updated resource 'res-action-card-newborn-management-routine-care' [translated] -> 4913403514e9444b942a1c7fa5ab07df
  ✓ Activated version: 0703c8905e1b493d87999576c8ca3007
Updated resource 'res-action-card-newborn-management-danger-signs' [translated] -> 3b4106e2e5f54b81b24828dbb4676b60
  ✓ Activated version: 252cd401d95843a0a2bf63f5e46d4d38
Updated resource 'res-action-card-newborn-management-management-of-danger-signs' [translated] -> 4c62b91b54684543ac4b4ed48bb6117e
  ✓ Activated version: 3a3cea79b0164573a19fa7641881f938
Updated resource 'res-action-card-antibiotic-management' [translated] -> 6a718972a16647b19aa95c4d7e35a9c5
  ✓ Activated version: 06b05196897842608457b6bfefc745e3
Updated resource 'res-action-card-newborn-management-pediatric-drugs-and-fluids' [translated] -> 9f7f7437d3f847528faf71e45bec1156
  ✓ Activated version: d37b3d180a28493a86017d222fcb5cab
Updated resource 'res-action-card-safe-oxygen-therapy' [translated] -> 0e7f7eb0452a44e182f8fb177e2547a1
  ✓ Activated version: 10826e6ba8154b4a9ed8fb1da68fb60e
Updated resource 'res-action-card-emergency-referral-for-newborn' [translated] -> 8d29cadea07449b980b28ee617cac8fc
  ✓ Activated version: 075676734f374cceb85f140b3c78da53
Updated resource 'res-action-card-newborn-management-prevention' [translated] -> 4c87c436ae1e467eab670a23e28625ef
  ✓ Activated version: 52707663c1494aab8a7bb8a010126589
Updated resource 'res-action-card-neonatal-jaundice' [translated] -> ab1321fc7db3407abc1479207d48acc7
  ✓ Activated version: ae5d1d9a3dbc420f98afefb40222d99f
Updated resource 'res-action-card-antibiotic-management' [translated] -> 6a718972a16647b19aa95c4d7e35a9c5
  ✓ Activated version: 83de8d93da514563b44ee2008239c3e3
Updated resource 'res-action-card-newborn-management-pediatric-drugs-and-fluids' [translated] -> 9f7f7437d3f847528faf71e45bec1156
  ✓ Activated version: 0537705915fd4ff284b957874a89927a
Updated resource 'res-action-card-safe-oxygen-therapy' [translated] -> 0e7f7eb0452a44e182f8fb177e2547a1
  ✓ Activated version: 5fcce856d5bb47d49ecf2beb017cc256
Updated resource 'res-action-card-emergency-referral-newborn-management' [translated] -> 77e04fad6fa4400fbf0fc621a8f81b1d
  ✓ Activated version: 8368da20ad1b454eb5a3ad710cc3ae9b
Updated resource 'res-action-card-definition-and-complications' [translated] -> f44474874fc24f1da6375c89f94b02c7
  ✓ Activated version: 4e358becd96348d1920f75a6c18324f5

=== STEP 3: Post KLPs ===
Fetching existing KLPs from API...
Fetched 6209 existing KLPs from API
Posting 1002 KLPs from klps.csv...
  → Recovered missing Language ID for KLP via mapping: 06400ef3d7b040c19e96efe6c6c99991
  ✓ Resolved KLP link 'procedure:five-steps-to-beat-covid-19-_1585566132690' → beedffe145554fc682e228998ec25a1f
Updated KLP 'klp-1-five-steps-to-prevent-covid-19' -> f8a0e1858e3247e9b133554d71515284
  ✓ Activated version: 7bc358486cff4929a19423d54d51997e
  → Recovered missing Language ID for KLP via mapping: 06400ef3d7b040c19e96efe6c6c99991
  ✓ Resolved KLP link 'procedure:breastfeeding-and-covid-19_1585565364051' → f731a0a2ffc240dba94e68650aaef895
Updated KLP 'klp-1-breastfeeding-and-covid-19' -> d66e37f0b9fb47fcb9b23180fa05bb52
  ✓ Activated version: 7f09b6d3d8584749a8f56c0924f67733
  → Recovered missing Language ID for KLP via mapping: 06400ef3d7b040c19e96efe6c6c99991
  ✓ Resolved KLP link 'video:/COVID-19/COVID-19' → 4c63ed1272734903baa533a3f90ab1ed
Updated KLP 'klp-1-ppe-and-covid-19' -> 8929f968174449b09d6812502b6171a9
  ✓ Activated version: 6e990def7137473ca090fec1971f0b61
  → Recovered missing Language ID for KLP via mapping: 06400ef3d7b040c19e96efe6c6c99991
  ✓ Resolved KLP link 'procedure:symptoms-of-covid-19_1585563347070' → 261bbce8cbbf4a13bdfc031c27b003b3
Updated KLP 'klp-2-symptoms-of-covid-19' -> 99d41608ee39427c95c80a6e81b53654
  ✓ Activated version: fc74940141b649938d3b01406243c790
  → Recovered missing Language ID for KLP via mapping: 06400ef3d7b040c19e96efe6c6c99991
  ✓ Resolved KLP link 'video:/COVID-19/COVID-19' → 4c63ed1272734903baa533a3f90ab1ed
Updated KLP 'klp-2-hand-hygiene-before-and-after-wearing-ppe' -> 713046be5c0f44458f98eff761002b42
  ✓ Activated version: 786185ca61f54c45b4659cdc2157e20b
  → Recovered missing Language ID for KLP via mapping: 06400ef3d7b040c19e96efe6c6c99991
  ✓ Resolved KLP link 'procedure:are-pregnant-women-an-at-risk-group-_1585563945580' → 6edd929701c245a4b9210921346f5972
Updated KLP 'klp-2-pregnant-women-at-risk-group' -> 7516ceb7c33444beb7e8450fa0186011
  ✓ Activated version: 993439effa854b248ebc14253dfbbc77
  → Recovered missing Language ID for KLP via mapping: 06400ef3d7b040c19e96efe6c6c99991
  ✓ Resolved KLP link 'video:/COVID-19/COVID-19' → 4c63ed1272734903baa533a3f90ab1ed
Updated KLP 'klp-3-when-hand-hygiene' -> ee7e6ce9d6a544ac9ff4dbe9ed2f6402
  ✓ Activated version: 4e206f2c6aa64ed0b0ca81c787d756ac
  → Recovered missing Language ID for KLP via mapping: 06400ef3d7b040c19e96efe6c6c99991
  ✓ Resolved KLP link 'procedure:care-during-pregnancy-and-birth_1585565133736' → 7e097f71938d4cc189f6306c15b877e1
Updated KLP 'klp-3-mode-of-delivery' -> 802851cda1d545c6834dfaed9b53316a
  ✓ Activated version: 030e9cde6e1d4e20b3115178325b80ca
  → Recovered missing Language ID for KLP via mapping: 06400ef3d7b040c19e96efe6c6c99991
  ✓ Resolved KLP link 'procedure:care-during-pregnancy-and-birth_1585565133736' → 7e097f71938d4cc189f6306c15b877e1
Updated KLP 'klp-3-care-during-birth' -> 9b60e5f743f94ffca971e747625dd6f3
  ✓ Activated version: f7e1a4633f864ab192e17ebd3700a1f3
  → Recovered missing Language ID for KLP via mapping: 06400ef3d7b040c19e96efe6c6c99991
  ✓ Resolved KLP link 'procedure:minimize-the-spread-of-covid-19-at-the-health-facility_1585565621400' → d5ef0311a8f643a5b0a6ec9b2bde704c
Updated KLP 'klp-1-correct-order-ppe-put-on' -> 821525a84aae4db9883f75584e118e53
  ✓ Activated version: dadd157150b640caac663b98eb0138bd
  → Recovered missing Language ID for KLP via mapping: 06400ef3d7b040c19e96efe6c6c99991
  ✓ Resolved KLP link 'procedure:minimize-the-spread-of-covid-19-at-the-health-facility_1585565621400' → d5ef0311a8f643a5b0a6ec9b2bde704c
Updated KLP 'klp-1-correct-order-ppe-remove' -> 605011179bf443d794910d36666a2dcb
  ✓ Activated version: 451000bcf91f4c14afca76c8f2fae6a2
  → Recovered missing Language ID for KLP via mapping: 06400ef3d7b040c19e96efe6c6c99991
  ✓ Resolved KLP link 'procedure:minimize-the-spread-of-covid-19-at-the-health-facility_1585565621400' → d5ef0311a8f643a5b0a6ec9b2bde704c
Updated KLP 'klp-1-ppe-for-different-patients' -> 8b94f71a812a4fda8dadc4600162f45b
  ✓ Activated version: 3fc1d48c9a3041b58a51cd7635681aa3
  → Recovered missing Language ID for KLP via mapping: 06400ef3d7b040c19e96efe6c6c99991
  ✓ Resolved KLP link 'video:/COVID-19/hand_hygiene' → b33a20673c654adfa9dfa92c9d235eba
Updated KLP 'klp-1-removing-rings-watches-etc' -> 04d16ea1ba654cb1b7cf67730a2fe3d0
  ✓ Activated version: bb52a90b1a73461ca51722c73ed84c84
  → Recovered missing Language ID for KLP via mapping: 06400ef3d7b040c19e96efe6c6c99991
  ✓ Resolved KLP link 'video:/COVID-19/intro' → 1b5c3218d04e4fdea2cb88a971bd42ff
Updated KLP 'klp-1-covid-19-transmission' -> e1d2eff7be004621b55d3d22fe20c8e1
  ✓ Activated version: de97c21c28034b7b92bab5fbc74211a0
  → Recovered missing Language ID for KLP via mapping: 06400ef3d7b040c19e96efe6c6c99991
  ✓ Resolved KLP link 'action-card:checklist-1_1585909349728' → 20431c8ddbce455aae84863775f4244b
Updated KLP 'klp-1-receiving-a-woman' -> 442f628fed9d4da497df9ea2c7abc03c
  ✓ Activated version: f1693383824a4bd29501e14baa62c8fc
  → Recovered missing Language ID for KLP via mapping: 06400ef3d7b040c19e96efe6c6c99991
  ✓ Resolved KLP link 'procedure:five-steps-to-beat-covid-19-_1585566132690' → beedffe145554fc682e228998ec25a1f
Updated KLP 'klp-1-where-to-sneeze-cough' -> d246b1ec8f6e49f1b0cdc7a92dda7e22
  ✓ Activated version: 814bd11316ba427cab9bcab918d6f477
  → Recovered missing Language ID for KLP via mapping: 06400ef3d7b040c19e96efe6c6c99991
  ✓ Resolved KLP link 'procedure:five-steps-to-beat-covid-19-_1585566132690' → beedffe145554fc682e228998ec25a1f
Updated KLP 'klp-1-feeling-unwell' -> 5704792c18e14f3db65a6a724283baeb
  ✓ Activated version: 6ba03496d109435890ef36180e3e7372
  → Recovered missing Language ID for KLP via mapping: 06400ef3d7b040c19e96efe6c6c99991
  ✓ Resolved KLP link 'procedure:minimize-the-spread-of-covid-19-at-the-health-facility_1585565621400' → d5ef0311a8f643a5b0a6ec9b2bde704c
Updated KLP 'klp-2-management-environment' -> 1a50aee0094d42f7a54c7bf870d8a6d3
  ✓ Activated version: 726f5b45aa02478cbfaf1e0b276789df
  → Recovered missing Language ID for KLP via mapping: 06400ef3d7b040c19e96efe6c6c99991
  ✓ Resolved KLP link 'procedure:breastfeeding-and-covid-19_1585565364051' → f731a0a2ffc240dba94e68650aaef895
Updated KLP 'klp-2-temporarily-separated' -> dc7fbc73781942eea1e6986907e2b660
  ✓ Activated version: 68da7ab7e0054676a499db5b87cdffcb
  → Recovered missing Language ID for KLP via mapping: 06400ef3d7b040c19e96efe6c6c99991
  ✓ Resolved KLP link 'procedure:care-during-pregnancy-and-birth_1585565133736' → 7e097f71938d4cc189f6306c15b877e1
Updated KLP 'klp-2-right-to-quality-of-care' -> 556cfa9885df48f5a66d459199078fec
  ✓ Activated version: 275a0a0cdd5649b496eea5fb896caa33
  → Recovered missing Language ID for KLP via mapping: 06400ef3d7b040c19e96efe6c6c99991
  ✓ Resolved KLP link 'video:/COVID-19/hand_hygiene' → b33a20673c654adfa9dfa92c9d235eba
Updated KLP 'klp-2-need-to-perform-hand-hygiene' -> 92f6dcaf047a4ef39e659ad4e48f151b
  ✓ Activated version: 041e2819c3e0411697e60c406d309e75
  → Recovered missing Language ID for KLP via mapping: 06400ef3d7b040c19e96efe6c6c99991
  ⚠ Ambiguous action-card link 'action-card:antenatal-care-_1589191954840', 2 suffix matches: ['res-action-card-nepal-antenatal-care', 'res-action-card-respectful-antenatal-care']. Using first.
  ✓ Resolved KLP link 'action-card:antenatal-care-_1589191954840' → be1b11912f8444e2ba4b7785dabb7887
Updated KLP 'klp-2-symptoms-of-covid-19-anc-visits' -> 4c939919176141639f51d5b64c8996ea
  ✓ Activated version: 7b6f0bd7cd21450fb8d390269732718c
  → Recovered missing Language ID for KLP via mapping: 06400ef3d7b040c19e96efe6c6c99991
  ✓ Resolved KLP link 'action-card:postnatal-care_1589204113382' → cc45fb373f1a41b489e1a5759652e163
Updated KLP 'klp-2-pnc-remotely' -> dca2e79c649b45f6a4b0d1f2e241aa94
  ✓ Activated version: 4d75988c01f24aefa7fd203a838e99d3
  → Recovered missing Language ID for KLP via mapping: 06400ef3d7b040c19e96efe6c6c99991
  ⚠ Ambiguous action-card link 'action-card:antenatal-care-_1589191954840', 2 suffix matches: ['res-action-card-nepal-antenatal-care', 'res-action-card-respectful-antenatal-care']. Using first.
  ✓ Resolved KLP link 'action-card:antenatal-care-_1589191954840' → be1b11912f8444e2ba4b7785dabb7887
Updated KLP 'klp-2-number-of-anc-visits' -> d1883f3c375b434ea18430c301672430
  ✓ Activated version: c6aab07a780c4508b16ca91d58b49cf2
  → Recovered missing Language ID for KLP via mapping: 06400ef3d7b040c19e96efe6c6c99991
  ✓ Resolved KLP link 'procedure:vertical-transmission-and-newborn-risk-_1585564745051' → 2307eec14a4840c7b26277476b5cf91d
Updated KLP 'klp-2-preventing-transmission-to-newborn' -> db77e35502854fd68498c9e13b853d2c
  ✓ Activated version: 59266b9f2ce04316a9d9a4048b0b4b9f
  → Recovered missing Language ID for KLP via mapping: 06400ef3d7b040c19e96efe6c6c99991
  ✓ Resolved KLP link 'procedure:minimize-the-spread-of-covid-19-at-the-health-facility_1585565621400' → d5ef0311a8f643a5b0a6ec9b2bde704c
Updated KLP 'klp-2-prevent-spreading-at-health-care-facility' -> f216a758e2fa4c2ab1d4b1e88f56ec46
  ✓ Activated version: dded431cc36e476e93a2b144417074db
  → Recovered missing Language ID for KLP via mapping: 06400ef3d7b040c19e96efe6c6c99991
  ✓ Resolved KLP link 'procedure:symptoms-of-covid-19_1585563347070' → 261bbce8cbbf4a13bdfc031c27b003b3
Updated KLP 'klp-3-incubation-covid-19' -> b19ca7d707f54d21b347e6915efa288a
  ✓ Activated version: 5036df66537f4129a3ce9fe2f72b9106
  → Recovered missing Language ID for KLP via mapping: 06400ef3d7b040c19e96efe6c6c99991
  ✓ Resolved KLP link 'action-card:checklist-1_1585909349728' → 20431c8ddbce455aae84863775f4244b
Updated KLP 'klp-3-women-and-companions-hand-hygiene' -> 598c318bfb664757a47a249357242e4c
  ✓ Activated version: 92be8ebd79e14c3a8022ebe75692ff72
  → Recovered missing Language ID for KLP via mapping: 06400ef3d7b040c19e96efe6c6c99991
  ⚠ Ambiguous action-card link 'action-card:antenatal-care-_1589191954840', 2 suffix matches: ['res-action-card-nepal-antenatal-care', 'res-action-card-respectful-antenatal-care']. Using first.
  ✓ Resolved KLP link 'action-card:antenatal-care-_1589191954840' → be1b11912f8444e2ba4b7785dabb7887
Updated KLP 'klp-3-anc-remote-visits' -> ac1abfc971a14d85ab1ac33f63946f69
  ✓ Activated version: f0e1dcc3d62e4b4088fa690e568279b5
  → Recovered missing Language ID for KLP via mapping: 06400ef3d7b040c19e96efe6c6c99991
  ✓ Resolved KLP link 'video:/COVID-19/procedure_for_handwash' → bc6d349cdc814cd6b2192b687f66ca5e
Updated KLP 'klp-3-hand-wash-how-long' -> 067d7370bdac48a39fc1a0ec0579e6d4
  ✓ Activated version: 773d63c958304f91832bc5af9252ce67
  → Recovered missing Language ID for KLP via mapping: 06400ef3d7b040c19e96efe6c6c99991
  ✓ Resolved KLP link 'video:/COVID-19/procedure_for_handrub' → 3f8b84e7bac2456a8104ac3f4885dc72
Updated KLP 'klp-3-handrub-how-long' -> e311c2a90181402b9e4554ae718c03b1
  ✓ Activated version: 79ed6a7b1c1a482e84331e7101547b44
  → Recovered missing Language ID for KLP via mapping: 06400ef3d7b040c19e96efe6c6c99991
  ✓ Resolved KLP link 'procedure:minimize-the-spread-of-covid-19-at-the-health-facility_1585565621400' → d5ef0311a8f643a5b0a6ec9b2bde704c
Updated KLP 'klp-3-remove-ppe-important' -> 44c7e9a4aa82442b9563f532934062cc
  ✓ Activated version: d2f1d174e46641b790b8fa9a5eacffa8
  → Recovered missing Language ID for KLP via mapping: 06400ef3d7b040c19e96efe6c6c99991
  ✓ Resolved KLP link 'procedure:symptoms-of-covid-19_1585563347070' → 261bbce8cbbf4a13bdfc031c27b003b3
Updated KLP 'klp-3-corona-is' -> 931067f93d94443ca51bcec56e46a66f
  ✓ Activated version: bbdffd272e3e4c5ca2486de07ef865dc
  → Recovered missing Language ID for KLP via mapping: 06400ef3d7b040c19e96efe6c6c99991
  ✓ Resolved KLP link 'action-card:postnatal-care_1589204113382' → cc45fb373f1a41b489e1a5759652e163
Updated KLP 'klp-3-covid-19-postpartum-care' -> 1dfd182b30be4c86a1c660627d1c50d4
  ✓ Activated version: 9e0890269e0c443f865638586d68eb50
  → Recovered missing Language ID for KLP via mapping: 06400ef3d7b040c19e96efe6c6c99991
  ✓ Resolved KLP link 'procedure:breastfeeding-and-covid-19_1585565364051' → f731a0a2ffc240dba94e68650aaef895
Updated KLP 'klp-1-breastfeeding-covid-19-positive-mother' -> c7fa4c88478e4530b99130cd53d0115c
  ✓ Activated version: 02f5fad422974579a71c68ee76d94e23
  → Recovered missing Language ID for KLP via mapping: 06400ef3d7b040c19e96efe6c6c99991
  ✓ Resolved KLP link 'video:/Infection prevention/intro' → 34f88845d54c4e81bcd16614f7c92594
  ✓ Resolved KLP link 'video:/Infection prevention/intro' → 34f88845d54c4e81bcd16614f7c92594
Updated KLP 'klp-1-prevent-infections' -> 1c25a487ab4d4416844e93efa9fa388e
  ✓ Activated version: 28689381177f46df8933cc599ba71a24
  → Recovered missing Language ID for KLP via mapping: 06400ef3d7b040c19e96efe6c6c99991
  ✓ Resolved KLP link 'video:/Infection prevention/hand_hygiene' → 41c7f6fe668c4ef589fe36ff01c02eda
Updated KLP 'klp-1-hand-hygiene-wash-and-alcohol' -> ddec0996536c4cae892400dfb22bc7a3
  ✓ Activated version: 8d4fc800de494996968f7944d4748372
  → Recovered missing Language ID for KLP via mapping: 06400ef3d7b040c19e96efe6c6c99991
  ✓ Resolved KLP link 'video:/Infection prevention/hand_hygiene' → 41c7f6fe668c4ef589fe36ff01c02eda
Updated KLP 'klp-1-use-alcohol-based-handrub' -> 7a6875593a4a4c12aa10f501a541b3ac
  ✓ Activated version: 7e19fa160e494799a512aea25783501c
  → Recovered missing Language ID for KLP via mapping: 06400ef3d7b040c19e96efe6c6c99991
  ✓ Resolved KLP link 'video:/Infection prevention/procedure_for_handwash' → 95b95a4913844c628be80f4c0ccf67f0
Updated KLP 'klp-3-soap-for-handwashing' -> 124a5101a53440acabce5500b9f14758
  ✓ Activated version: 512a8637b645453eae87a17fe0846daf
  → Recovered missing Language ID for KLP via mapping: 06400ef3d7b040c19e96efe6c6c99991
  ✓ Resolved KLP link 'video:/Infection prevention/personal_protective_equipment' → 7444c67e48e54efaa385a01abc605328
Updated KLP 'klp-1-personal-protective-equipment' -> 1001097459134651ad1364aff3b679ce
  ✓ Activated version: 0ddcbd86c8f04fa39d0b2bbe24b8ef29
  → Recovered missing Language ID for KLP via mapping: 06400ef3d7b040c19e96efe6c6c99991
  ✓ Resolved KLP link 'video:/Infection prevention/personal_protective_equipment' → 7444c67e48e54efaa385a01abc605328
Updated KLP 'klp-1-gloves-for-different-patients' -> bf118f69b8804abaa5110eef593d08c0
  ✓ Activated version: 2b1a14910e134eadba4144540dd16afe
  → Recovered missing Language ID for KLP via mapping: 06400ef3d7b040c19e96efe6c6c99991
  ✓ Resolved KLP link 'video:/Infection prevention/cleaning_decontamination' → 06d1dc9411ea4d1ead9c908cc187aa21
Updated KLP 'klp-1-soap-solution' -> e50ffecc87be4c53aafd2bb6786d3ec7
  ✓ Activated version: 2972f69794434ab1afa8cf13865579fd
  → Recovered missing Language ID for KLP via mapping: 06400ef3d7b040c19e96efe6c6c99991
  ✓ Resolved KLP link 'video:/Infection prevention/storage' → 042047b05fab444eb5b9083d0749c2dc
Updated KLP 'klp-1-package-of-sterile-items' -> 573e2718d9dd485294e39d195deff3ea
  ✓ Activated version: 1ccc9b777d2f40d9b9c455fecc651fa6
  → Recovered missing Language ID for KLP via mapping: 06400ef3d7b040c19e96efe6c6c99991
  ✓ Resolved KLP link 'video:/Infection prevention/storage' → 042047b05fab444eb5b9083d0749c2dc
Updated KLP 'klp-1-storage-of-sterile-items' -> 5057bfadf29b4f389654f909f85019b9
  ✓ Activated version: b74ac85d91ef4d9f89a3ab33d9a66bd6
  → Recovered missing Language ID for KLP via mapping: 06400ef3d7b040c19e96efe6c6c99991
  ✓ Resolved KLP link 'video:/Infection prevention/housekeeping' → 6886af6d3e8d4dd88e776b5018019cc9
Updated KLP 'klp-1-cleaning-and-delivery-bed' -> 5573b64153bc499286a735bd8cd3dce1
  ✓ Activated version: c87643db5011434f991367bd4dcc7ba2
  → Recovered missing Language ID for KLP via mapping: 06400ef3d7b040c19e96efe6c6c99991
  ✓ Resolved KLP link 'video:/Infection prevention/hiv_hepatitis_b_prevention' → 041e1d5e03a0464a8902346401ddc344
Updated KLP 'klp-1-recommended-vaccination' -> 20e063227c7a40c0abc6e9ebe22f7555
  ✓ Activated version: 79354dc8d8a842dba2d917147eb1f9e7
  → Recovered missing Language ID for KLP via mapping: 06400ef3d7b040c19e96efe6c6c99991
  ✓ Resolved KLP link 'video:/Infection prevention/intro' → 34f88845d54c4e81bcd16614f7c92594
Updated KLP 'klp-2-infection-and-maternal-death' -> 69aa6cc3267c4f869e4fcace62cbe5ff
  ✓ Activated version: 6f3511b1ae7d419b996cd9234cadffed
  → Recovered missing Language ID for KLP via mapping: 06400ef3d7b040c19e96efe6c6c99991
  ✓ Resolved KLP link 'video:/Infection prevention/intro' → 34f88845d54c4e81bcd16614f7c92594
Updated KLP 'klp-2-infection-and-neonatal-death' -> 99454ceb28314636a4ad3e4fe7aba12f
  ✓ Activated version: b55df26cdf9d40caae3ff7527159622c
  → Recovered missing Language ID for KLP via mapping: 06400ef3d7b040c19e96efe6c6c99991
  ✓ Resolved KLP link 'video:/Infection prevention/intro' → 34f88845d54c4e81bcd16614f7c92594
Updated KLP 'klp-2-infection-and-germs' -> cdb366e280984a399e879d2f5586bee5
  ✓ Activated version: c74f3b9b6e174d69bae671cfb80e73a6
  → Recovered missing Language ID for KLP via mapping: 06400ef3d7b040c19e96efe6c6c99991
  ✓ Resolved KLP link 'video:/Infection prevention/intro' → 34f88845d54c4e81bcd16614f7c92594
Updated KLP 'klp-2-healthcare-professionals-hands' -> 7a24f524a78a4e87b6d3152bd6bd2604
  ✓ Activated version: 92fd6de923654490a1126e079d6c2117
  → Recovered missing Language ID for KLP via mapping: 06400ef3d7b040c19e96efe6c6c99991
  ✓ Resolved KLP link 'video:/Infection prevention/hand_hygiene' → 41c7f6fe668c4ef589fe36ff01c02eda
Updated KLP 'klp-2-alcohol-most-effective' -> 4c61b2f394d14cff8f9d4b56e4f521fe
  ✓ Activated version: 882f0963fea84bed840566a207a0b716
  → Recovered missing Language ID for KLP via mapping: 06400ef3d7b040c19e96efe6c6c99991
  ✓ Resolved KLP link 'video:/Infection prevention/hand_hygiene' → 41c7f6fe668c4ef589fe36ff01c02eda
Updated KLP 'klp-2-no-jewellery-on-hands' -> 1b0252032bec4ec39865e75183ec938f
  ✓ Activated version: 9dfd93b9f6af4037ba0635a157f7eec6
  → Recovered missing Language ID for KLP via mapping: 06400ef3d7b040c19e96efe6c6c99991
  ✓ Resolved KLP link 'video:/Infection prevention/procedure_for_handwash' → 95b95a4913844c628be80f4c0ccf67f0
  ✓ Resolved KLP link 'video:/Infection prevention/procedure_for_handwash' → 95b95a4913844c628be80f4c0ccf67f0
Updated KLP 'klp-2-towel' -> ff85db74b2ec488bb0083b776552473a
  ✓ Activated version: 9ae995681f9e4cd78782a40c5916f408
  → Recovered missing Language ID for KLP via mapping: 06400ef3d7b040c19e96efe6c6c99991
  ✓ Resolved KLP link 'video:/Infection prevention/procedure_for_handrub' → 3a89e762a1d14e249824306cf87609df
Updated KLP 'klp-2-when-hand-hygiene1' -> a18771fdb0eb43afbb811499681af667
  ✓ Activated version: bde81dcb3c014228bb429d19fb11401a
  → Recovered missing Language ID for KLP via mapping: 06400ef3d7b040c19e96efe6c6c99991
  ✓ Resolved KLP link 'video:/Infection prevention/storage' → 042047b05fab444eb5b9083d0749c2dc
Updated KLP 'klp-2-order-of-cleaning-and-storage' -> 21ef7c19c1d048bc83e4bb95e6ea901a
  ✓ Activated version: 13ab005d918342ca9ccd30fb0209e930
  → Recovered missing Language ID for KLP via mapping: 06400ef3d7b040c19e96efe6c6c99991
  ✓ Resolved KLP link 'video:/Infection prevention/housekeeping' → 6886af6d3e8d4dd88e776b5018019cc9
Updated KLP 'klp-2-disinfection-solution' -> 658f3e5959e4448b81d5d2496c6454ab
  ✓ Activated version: 51ce5352b6ce4dea81cd00e1b6647b88
  → Recovered missing Language ID for KLP via mapping: 06400ef3d7b040c19e96efe6c6c99991
  ✓ Resolved KLP link 'video:/Infection prevention/hiv_hepatitis_b_prevention' → 041e1d5e03a0464a8902346401ddc344
Updated KLP 'klp-2-spread-of-hiv-and-hep-b' -> c9c5449fcee346789ba76f11b1ea8b63
  ✓ Activated version: 6af2e5bf208d4d6ab29eca57b5d7c842
  → Recovered missing Language ID for KLP via mapping: 06400ef3d7b040c19e96efe6c6c99991
  ✓ Resolved KLP link 'video:/Infection prevention/hand_hygiene' → 41c7f6fe668c4ef589fe36ff01c02eda
Updated KLP 'klp-3-when-hand-hygiene2' -> c8e3f85d9f0445719e894dc081a5976d
  ✓ Activated version: 488571d105734c9f9bff2521805c1626
  → Recovered missing Language ID for KLP via mapping: 06400ef3d7b040c19e96efe6c6c99991
  ✓ Resolved KLP link 'video:/Infection prevention/hand_hygiene' → 41c7f6fe668c4ef589fe36ff01c02eda
Updated KLP 'klp-3-wash-hands' -> cb69d299b0794394be123989755aaf0c
  ✓ Activated version: e32646765768461e90947e4aa98c37aa
  → Recovered missing Language ID for KLP via mapping: 06400ef3d7b040c19e96efe6c6c99991
  ✓ Resolved KLP link 'video:/Infection prevention/procedure_for_handwash' → 95b95a4913844c628be80f4c0ccf67f0
Updated KLP 'klp-3-procedure-for-handwashing' -> 30bbb0534e4248bea83089e87cfaa2b1
  ✓ Activated version: a284959b5da94612bec2538d5d83110d
  → Recovered missing Language ID for KLP via mapping: 06400ef3d7b040c19e96efe6c6c99991
  ✓ Resolved KLP link 'video:/Infection prevention/procedure_for_handrub' → 3a89e762a1d14e249824306cf87609df
Updated KLP 'klp-3-amount-of-handrub' -> 257920a152154166baaa231554f7613b
  ✓ Activated version: 712982579e764fe4a38c504448249dc5
  → Recovered missing Language ID for KLP via mapping: 06400ef3d7b040c19e96efe6c6c99991
  ✓ Resolved KLP link 'procedure:mixing-alcohol-based-handrub_1487245431108' → 9c1b3d6b1b044d25a5eec88a1a423b34
Updated KLP 'klp-3-product-in-alcohol-based-handrub' -> 321caa4df6aa456793da3777886bebd5
  ✓ Activated version: 6ff92b82cb0a4b9ab26754c994e9f572
  → Recovered missing Language ID for KLP via mapping: 06400ef3d7b040c19e96efe6c6c99991
  ✓ Resolved KLP link 'procedure:mixing-alcohol-based-handrub_1487245431108' → 9c1b3d6b1b044d25a5eec88a1a423b34
Updated KLP 'klp-3-label-of-alcohol-based-handrub' -> 57db97f2766849b3a3b365d6673d4b51
  ✓ Activated version: d4831aeff74b4a519b8a182b7a67bbf7
  → Recovered missing Language ID for KLP via mapping: 06400ef3d7b040c19e96efe6c6c99991
  ✓ Resolved KLP link 'video:/Infection prevention/personal_protective_equipment' → 7444c67e48e54efaa385a01abc605328
Updated KLP 'klp-3-removing-gloves' -> 25a4e4df073b41118a5e20bad3803309
  ✓ Activated version: a80f6893c28c4127b578954616404620
  → Recovered missing Language ID for KLP via mapping: 06400ef3d7b040c19e96efe6c6c99991
  ✓ Resolved KLP link 'video:/Infection prevention/personal_protective_equipment' → 7444c67e48e54efaa385a01abc605328
Updated KLP 'klp-3-gloves-for-birth' -> 30fc641b43d1469797a435373b47fb05
  ✓ Activated version: 58aa8eb487a94c8ab3833fdd5fff6a66
  → Recovered missing Language ID for KLP via mapping: 06400ef3d7b040c19e96efe6c6c99991
  ✓ Resolved KLP link 'video:/Infection prevention/housekeeping' → 6886af6d3e8d4dd88e776b5018019cc9
Updated KLP 'klp-3-high-risk-area' -> 6076301b51a043fa89ebb8b7821e5039
  ✓ Activated version: a4b18dfba48642b9bffcb731146d54ad
  → Recovered missing Language ID for KLP via mapping: 06400ef3d7b040c19e96efe6c6c99991
  ✓ Resolved KLP link 'video:/Infection prevention/hiv_hepatitis_b_prevention' → 041e1d5e03a0464a8902346401ddc344
Updated KLP 'klp-3-transmission-most-likely' -> 23f7b7362be843e4b64476bfbb663786
  ✓ Activated version: 064636ed45d441bab80ecb999a7c3d7c
  → Recovered missing Language ID for KLP via mapping: 06400ef3d7b040c19e96efe6c6c99991
  ✓ Resolved KLP link 'video:/Infection prevention/hiv_hepatitis_b_prevention' → 041e1d5e03a0464a8902346401ddc344
Updated KLP 'klp-3-action-if-exposed' -> 1d34eaa17ee34e5faa4474ff17aed5e0
  ✓ Activated version: 19675fc05623442ba44a7885294b8b2a
  → Recovered missing Language ID for KLP via mapping: 06400ef3d7b040c19e96efe6c6c99991
  ✓ Resolved KLP link 'video:/Infection prevention/procedure_for_handwash' → 95b95a4913844c628be80f4c0ccf67f0
Updated KLP 'klp-1-soap-wet-container' -> 54dc32f839bd4217a317799055e8a5a0
  ✓ Activated version: 883dcfa4b22944829ef8b2ab6bb59eb9
  → Recovered missing Language ID for KLP via mapping: 06400ef3d7b040c19e96efe6c6c99991
  ✓ Resolved KLP link 'video:/Infection prevention/procedure_for_handwash' → 95b95a4913844c628be80f4c0ccf67f0
Updated KLP 'klp-1-air-dry-hands' -> 7704a9095894461abd2680f1e0107964
  ✓ Activated version: e8b6a9efef4b4cb8b43d5ee555895c74
  → Recovered missing Language ID for KLP via mapping: 06400ef3d7b040c19e96efe6c6c99991
  ✓ Resolved KLP link 'procedure:mixing-alcohol-based-handrub_1487245431108' → 9c1b3d6b1b044d25a5eec88a1a423b34
Updated KLP 'klp-2-product-in-alcohol-based-handrub-2' -> e9add13959d5408a8ebc8eeffec04580
  ✓ Activated version: 7a880256955b4a1287b5bfa0b0c8ce7e
  → Recovered missing Language ID for KLP via mapping: 06400ef3d7b040c19e96efe6c6c99991
  ✓ Resolved KLP link 'video:/Post abortion care/intro' → 0e2b4270671746e189be4a3c442fed28
Updated KLP 'klp-2-unsafe-abortion-globally' -> db9fa748f65e49a9b8e9d0d5505f6edc
  ✓ Activated version: 2bddb504168d4405865cdf25fdf4dd94
  → Recovered missing Language ID for KLP via mapping: 06400ef3d7b040c19e96efe6c6c99991
  ✓ Resolved KLP link 'video:/Post abortion care/intro' → 0e2b4270671746e189be4a3c442fed28
Updated KLP 'klp-1-septic-abortion' -> b11d7019749f454bbe309312d571aa3f
  ✓ Activated version: 8c1b38514f184f59af1908697b9368fe
  → Recovered missing Language ID for KLP via mapping: 06400ef3d7b040c19e96efe6c6c99991
  ✓ Resolved KLP link 'video:/Post abortion care/how_to_diagnose' → 0c178c0adeaa4bf082e3525815f4d82f
Updated KLP 'klp-1-complication-to-unsafe-abortion' -> a4ac0fc99b7542ba8031959e41898242
  ✓ Activated version: 53c48aff03e14aedbd714b2de9865721
  → Recovered missing Language ID for KLP via mapping: 06400ef3d7b040c19e96efe6c6c99991
  ✓ Resolved KLP link 'video:/Post abortion care/how_to_diagnose' → 0c178c0adeaa4bf082e3525815f4d82f
Updated KLP 'klp-1-urine-test' -> 006e4bc756d84396b56e93944fb35976
  ✓ Activated version: 9696833f15844d53a090449db73475a4
  → Recovered missing Language ID for KLP via mapping: 06400ef3d7b040c19e96efe6c6c99991
  ✓ Resolved KLP link 'video:/Post abortion care/how_to_diagnose' → 0c178c0adeaa4bf082e3525815f4d82f
Updated KLP 'klp-2-complication-to-abortion' -> 8b52116377db4b1183ab6dc89faed3b5
  ✓ Activated version: 37e34bccf267456986c8b055035dd99f
  → Recovered missing Language ID for KLP via mapping: 06400ef3d7b040c19e96efe6c6c99991
  ✓ Resolved KLP link 'video:/Post abortion care/how_to_diagnose' → 0c178c0adeaa4bf082e3525815f4d82f
Updated KLP 'klp-1-fever-and-septic-abortion' -> 7c9e2186f5d94e438f917cca786cf495
  ✓ Activated version: 91308f49cb5c4938b0d5896c03821e5e
  → Recovered missing Language ID for KLP via mapping: 06400ef3d7b040c19e96efe6c6c99991
  ✓ Resolved KLP link 'video:/Post abortion care/how_to_diagnose' → 0c178c0adeaa4bf082e3525815f4d82f
Updated KLP 'klp-2-what-to-measure' -> dd22f13801334a45a4b58a6dea8e94e9
  ✓ Activated version: 2cb2688d08564d35bb4f180705efa0eb
  → Recovered missing Language ID for KLP via mapping: 06400ef3d7b040c19e96efe6c6c99991
  ✓ Resolved KLP link 'video:/Post abortion care/how_to_diagnose' → 0c178c0adeaa4bf082e3525815f4d82f
Updated KLP 'klp-1-signs-of-septic-abortion' -> b9d8fa4121ef46cd9d7ec8fff1817428
  ✓ Activated version: 3416bb72e531420e9656a3d35ab0d981
  → Recovered missing Language ID for KLP via mapping: 06400ef3d7b040c19e96efe6c6c99991
  ✓ Resolved KLP link 'video:/Post abortion care/how_to_diagnose' → 0c178c0adeaa4bf082e3525815f4d82f
Updated KLP 'klp-3-suspect-lower-abdominal-tenderness' -> 1a3197c2be8f406b99ced87a66220c72
  ✓ Activated version: e184e0a78f62402cb37843e1215500e4
  → Recovered missing Language ID for KLP via mapping: 06400ef3d7b040c19e96efe6c6c99991
  ✓ Resolved KLP link 'video:/Post abortion care/how_to_manage' → e1762b494a924056b00c16162e913512
Updated KLP 'klp-1-septic-abortion-can-be-fatal' -> ee2218a76cc84347b9a2dfcc2fb188ec
  ✓ Activated version: 6b2f6371cbc44cc49f8265727c07dc8e
  → Recovered missing Language ID for KLP via mapping: 06400ef3d7b040c19e96efe6c6c99991
  ✓ Resolved KLP link 'video:/Post abortion care/how_to_manage' → e1762b494a924056b00c16162e913512
Updated KLP 'klp-2-most-important-action-at-septic-abortion' -> 143ba1596a144dcda854137c76063458
  ✓ Activated version: d5cc00295a574871a3c7945a80d2ed68
  → Recovered missing Language ID for KLP via mapping: 06400ef3d7b040c19e96efe6c6c99991
  ✓ Resolved KLP link 'video:/Post abortion care/how_to_manage' → e1762b494a924056b00c16162e913512
  ✓ Resolved KLP link 'video:/Post abortion care/how_to_manage' → e1762b494a924056b00c16162e913512
  ✓ Resolved KLP link 'video:/Post abortion care/how_to_manage' → e1762b494a924056b00c16162e913512
Updated KLP 'klp-1-action-at-septic-abortion' -> fbc770dbfdd4448fb6bba72c3faf1e86
  ✓ Activated version: 5ba44195845f4cecb7efc9bcdc2b9c19
  → Recovered missing Language ID for KLP via mapping: 06400ef3d7b040c19e96efe6c6c99991
  ✓ Resolved KLP link 'video:/Post abortion care/how_to_manage' → e1762b494a924056b00c16162e913512
Updated KLP 'klp-3-ab-and-evacuation-of-the-uterus' -> 6085f00f2d114350b4b691bfd179e1f6
  ✓ Activated version: d5accbc5cddd4615905aa80e9b6f42fa
  → Recovered missing Language ID for KLP via mapping: 06400ef3d7b040c19e96efe6c6c99991
  ✓ Resolved KLP link 'video:/Post abortion care/how_to_manage' → e1762b494a924056b00c16162e913512
Updated KLP 'klp-3-which-ab-to-give' -> dd8dfb233c1f40459022ef19843b7645
  ✓ Activated version: 9d1f6d5f90174418847f21b185d41de8
  → Recovered missing Language ID for KLP via mapping: 06400ef3d7b040c19e96efe6c6c99991
  ✓ Resolved KLP link 'video:/Post abortion care/how_to_manage' → e1762b494a924056b00c16162e913512
Updated KLP 'klp-1-urgent-management' -> cc40d70c133c4d218c1704a6b8858d53
  ✓ Activated version: c4af562d381842b49b49f19ec4fe2463
  → Recovered missing Language ID for KLP via mapping: 06400ef3d7b040c19e96efe6c6c99991
  ✓ Resolved KLP link 'video:/Post abortion care/how_to_manage' → e1762b494a924056b00c16162e913512
Updated KLP 'klp-3-correct-order-of-actions' -> 67cb259cf9a34a3c842a03cdb119f8a6
  ✓ Activated version: 1d07884795d64e42b9b56ce6d3696514
  → Recovered missing Language ID for KLP via mapping: 06400ef3d7b040c19e96efe6c6c99991
  ✓ Resolved KLP link 'video:/Post abortion care/how_to_manage' → e1762b494a924056b00c16162e913512
Updated KLP 'klp-1-peritonitis' -> 8706ec0f5335411db357ff2fe72166b2
  ✓ Activated version: 7fc40c7859a84535bbe1e22934cf60fe
  → Recovered missing Language ID for KLP via mapping: 06400ef3d7b040c19e96efe6c6c99991
  ✓ Resolved KLP link 'video:/Post abortion care/evacuation_of_the_uterus' → c2fd39c802f34cb2bbd1a8085a397fca
Updated KLP 'klp-1-evacuation-of-the-uterus' -> 83a3e50713ca4655b577797c2ceb0fc8
  ✓ Activated version: d4e3357cc1d246ffaf7e5a8d3aa3733b
  → Recovered missing Language ID for KLP via mapping: 06400ef3d7b040c19e96efe6c6c99991
  ✓ Resolved KLP link 'video:/Post abortion care/evacuation_of_the_uterus' → c2fd39c802f34cb2bbd1a8085a397fca
Updated KLP 'klp-3-manual-vacuum-aspiration' -> c4a8d97d6e5c46b09386a96679da1bc7
  ✓ Activated version: 8f5f6c35460f4329a4088eba452d491c
  → Recovered missing Language ID for KLP via mapping: 06400ef3d7b040c19e96efe6c6c99991
  ✓ Resolved KLP link 'video:/Post abortion care/evacuation_of_the_uterus' → c2fd39c802f34cb2bbd1a8085a397fca
Updated KLP 'klp-3-uterus-size-in-week-12' -> a16a449b11814186b1e4179fea4677cd
  ✓ Activated version: 3c05e9c1d28449d9900b9f9217e26777
  → Recovered missing Language ID for KLP via mapping: 06400ef3d7b040c19e96efe6c6c99991
  ✓ Resolved KLP link 'video:/Post abortion care/manual_vacuum_aspiration' → ed2ad5567552432cafde7b77e211b1cb
Updated KLP 'klp-3-preparation-for-mva' -> 23d3f224c69a49e0915a33bb409b9892
  ✓ Activated version: 62d0bad3758d44e294264836b4500bef
  → Recovered missing Language ID for KLP via mapping: 06400ef3d7b040c19e96efe6c6c99991
  ✓ Resolved KLP link 'video:/Post abortion care/manual_vacuum_aspiration' → ed2ad5567552432cafde7b77e211b1cb
Updated KLP 'klp-3-analgesic-for-mva' -> 512657daf27e4bf78ded3319d76ee525
  ✓ Activated version: 038938e9764641ce9a35aa274bf10a90
  → Recovered missing Language ID for KLP via mapping: 06400ef3d7b040c19e96efe6c6c99991
  ✓ Resolved KLP link 'video:/Post abortion care/manual_vacuum_aspiration' → ed2ad5567552432cafde7b77e211b1cb
Updated KLP 'klp-3-valves-closed' -> 74eb2e63dbac4660b10838468303fea2
  ✓ Activated version: 8c12fa1e483949748d3002edca358ece
  → Recovered missing Language ID for KLP via mapping: 06400ef3d7b040c19e96efe6c6c99991
  ✓ Resolved KLP link 'video:/Post abortion care/manual_vacuum_aspiration' → ed2ad5567552432cafde7b77e211b1cb
Updated KLP 'klp-2-vacuum-to-mva-syringe' -> 09dd35134e224667a2d36ace5eadd14e
  ✓ Activated version: 3bdb2b0da4644e1b8a8f13b4b61e50f3
  → Recovered missing Language ID for KLP via mapping: 06400ef3d7b040c19e96efe6c6c99991
  ✓ Resolved KLP link 'video:/Post abortion care/manual_vacuum_aspiration' → ed2ad5567552432cafde7b77e211b1cb
Updated KLP 'klp-2-tenaculum' -> b9e05e142f01443e9047402c44273577
  ✓ Activated version: 6852bf6f38314e8992dfe13896d8101a
  → Recovered missing Language ID for KLP via mapping: 06400ef3d7b040c19e96efe6c6c99991
  ✓ Resolved KLP link 'video:/Post abortion care/manual_vacuum_aspiration' → ed2ad5567552432cafde7b77e211b1cb
Updated KLP 'klp-2-dilate-the-cervix' -> 16bb7d99feec41a6ac6e15c6eb200f45
  ✓ Activated version: 2adf41a3080446ce8ca40bafae79bd32
  → Recovered missing Language ID for KLP via mapping: 06400ef3d7b040c19e96efe6c6c99991
  ✓ Resolved KLP link 'video:/Post abortion care/manual_vacuum_aspiration' → ed2ad5567552432cafde7b77e211b1cb
  ✓ Resolved KLP link 'video:/Post abortion care/manual_vacuum_aspiration' → ed2ad5567552432cafde7b77e211b1cb
Updated KLP 'klp-2-no-touch-technique' -> 1c9322ebd6044bfeb0597d1c0b9ace9b
  ✓ Activated version: 2b236dffb2ac4da0872853edb9d8462a
  → Recovered missing Language ID for KLP via mapping: 06400ef3d7b040c19e96efe6c6c99991
  ✓ Resolved KLP link 'video:/Post abortion care/manual_vacuum_aspiration' → ed2ad5567552432cafde7b77e211b1cb
Updated KLP 'klp-3-size-of-cannula-for-mva' -> 6bfabc5ab3d5466e86eea8b204938ca9
  ✓ Activated version: a99c8de43c8d46c2b4d1777acd8aa699
  → Recovered missing Language ID for KLP via mapping: 06400ef3d7b040c19e96efe6c6c99991
  ✓ Resolved KLP link 'video:/Post abortion care/manual_vacuum_aspiration' → ed2ad5567552432cafde7b77e211b1cb
Updated KLP 'klp-2-insert-of-the-cannula' -> 251ea490533640768138c1e1ac9fb269
  ✓ Activated version: ddfccc6c8cd64b60aa0a595c14260725
  → Recovered missing Language ID for KLP via mapping: 06400ef3d7b040c19e96efe6c6c99991
  ✓ Resolved KLP link 'video:/Post abortion care/manual_vacuum_aspiration' → ed2ad5567552432cafde7b77e211b1cb
Updated KLP 'klp-2-attachment-of-the-syringe' -> 39e447dfd257482a89515b11050f3497
  ✓ Activated version: cf17ad2a40694f31bd806325bc0c6125
  → Recovered missing Language ID for KLP via mapping: 06400ef3d7b040c19e96efe6c6c99991
  ✓ Resolved KLP link 'video:/Post abortion care/manual_vacuum_aspiration' → ed2ad5567552432cafde7b77e211b1cb
Updated KLP 'klp-2-rotate-and-move-cannula-back-and-forth' -> ebd9d302c06a438190d32baa40cf0417
  ✓ Activated version: e0e2fe9c3c61420ba18c2011a545db9b
  → Recovered missing Language ID for KLP via mapping: 06400ef3d7b040c19e96efe6c6c99991
  ✓ Resolved KLP link 'video:/Post abortion care/manual_vacuum_aspiration' → ed2ad5567552432cafde7b77e211b1cb
Updated KLP 'klp-1-end-of-suctioning' -> e6bf8008f13d4eb89447e78041804799
  ✓ Activated version: 322e205099f44f678e0281adcf2e9f3e
  → Recovered missing Language ID for KLP via mapping: 06400ef3d7b040c19e96efe6c6c99991
  ✓ Resolved KLP link 'video:/Post abortion care/manual_vacuum_aspiration' → ed2ad5567552432cafde7b77e211b1cb
Updated KLP 'klp-2-use-the-cannula-again' -> 1e2316fc503b4aa0883898b4d221e050
  ✓ Activated version: 74ac0efbc0e9448592b81f61ac5cbacd
  → Recovered missing Language ID for KLP via mapping: 06400ef3d7b040c19e96efe6c6c99991
  ✓ Resolved KLP link 'video:/Post abortion care/manual_vacuum_aspiration' → ed2ad5567552432cafde7b77e211b1cb
Updated KLP 'klp-3-ab-after-mva' -> cf22fe6050244d669b71644038db0f4c
  ✓ Activated version: 42a76eb56a6b4438a41f18b1ea9f3033
  → Recovered missing Language ID for KLP via mapping: 06400ef3d7b040c19e96efe6c6c99991
  ✓ Resolved KLP link 'video:/Post abortion care/manual_vacuum_aspiration' → ed2ad5567552432cafde7b77e211b1cb
Updated KLP 'klp-3-counselling' -> cfef69be089f42a294dfeae7fcd34b92
  ✓ Activated version: 910cfdedf90c4fbc8eb2f47e0ca18df8
  → Recovered missing Language ID for KLP via mapping: 06400ef3d7b040c19e96efe6c6c99991
  ✓ Resolved KLP link 'video:/Post abortion care/manual_vacuum_aspiration' → ed2ad5567552432cafde7b77e211b1cb
  ✓ Resolved KLP link 'video:/Post abortion care/manual_vacuum_aspiration' → ed2ad5567552432cafde7b77e211b1cb
Updated KLP 'klp-1-advise-before-dismission' -> 264eb5523b3941a3aa0b9f70e1d095d4
  ✓ Activated version: 95fa088ada9e44a3b7a25c852406e274
  → Recovered missing Language ID for KLP via mapping: 06400ef3d7b040c19e96efe6c6c99991
  ✓ Resolved KLP link 'video:/Hypertension/definitions' → c5c21be79fb043c19c6663ae67ade4bd
Updated KLP 'klp-1-severe-preeclampsia' -> b526a52b5098492bb986d6cf519281cf
  ✓ Activated version: 8afa37ed34864b22a9783da67d6837c2
  → Recovered missing Language ID for KLP via mapping: 06400ef3d7b040c19e96efe6c6c99991
  ✓ Resolved KLP link 'video:/Hypertension/definitions' → c5c21be79fb043c19c6663ae67ade4bd
Updated KLP 'klp-2-gestational-hypertension' -> 0dfe4ab902284d689690f0b5a192e494
  ✓ Activated version: a197da80610e4447976279b14bd0ab65
  → Recovered missing Language ID for KLP via mapping: 06400ef3d7b040c19e96efe6c6c99991
  ✓ Resolved KLP link 'video:/Hypertension/definitions' → c5c21be79fb043c19c6663ae67ade4bd
Updated KLP 'klp-2-preeclampsia' -> cd67f17f8d164b63947cf64d71f9a9ed
  ✓ Activated version: b50262a7aabf487386b8a7ce164329de
  → Recovered missing Language ID for KLP via mapping: 06400ef3d7b040c19e96efe6c6c99991
  ✓ Resolved KLP link 'video:/Hypertension/definitions' → c5c21be79fb043c19c6663ae67ade4bd
Updated KLP 'klp-1-severely-elevated-blood-pressure' -> 0ee36770cd7f4edb8b804d4f8ff75088
  ✓ Activated version: c873bbedb9c64cb18a0a2bc05fa20150
  → Recovered missing Language ID for KLP via mapping: 06400ef3d7b040c19e96efe6c6c99991
  ✓ Resolved KLP link 'video:/Hypertension/definitions' → c5c21be79fb043c19c6663ae67ade4bd
Updated KLP 'klp-1-severe-headache-and-visual-disturbance' -> 7452e988bd91459993c162873026d32f
  ✓ Activated version: c572839fb9204233a255e847bafa2d37
  → Recovered missing Language ID for KLP via mapping: 06400ef3d7b040c19e96efe6c6c99991
  ✓ Resolved KLP link 'video:/Hypertension/definitions' → c5c21be79fb043c19c6663ae67ade4bd
  ✓ Resolved KLP link 'video:/Hypertension/definitions' → c5c21be79fb043c19c6663ae67ade4bd
Updated KLP 'klp-1-visual-disturbances-like-silver-lights-or-blurry-vision-eyes' -> aef4a440c4cc468d8b72522c9a2276a2
  ✓ Activated version: 03e3e5b137334e6b8365f4517026fb89
  → Recovered missing Language ID for KLP via mapping: 06400ef3d7b040c19e96efe6c6c99991
  ✓ Resolved KLP link 'video:/Hypertension/definitions' → c5c21be79fb043c19c6663ae67ade4bd
Updated KLP 'klp-1-upper-abdominal-pain-from-the-liver' -> 909ead33e4274945b9b7efdb9922fb7b
  ✓ Activated version: c0f9356939c24471a901a1a8039d33e2
  → Recovered missing Language ID for KLP via mapping: 06400ef3d7b040c19e96efe6c6c99991
  ✓ Resolved KLP link 'video:/Hypertension/definitions' → c5c21be79fb043c19c6663ae67ade4bd
Updated KLP 'klp-1-respiratory-distress' -> 4609bfcb3d8b4a3d87a01104de8289de
  ✓ Activated version: f7dab5a005d240d6823f01ad20aa8f23
  → Recovered missing Language ID for KLP via mapping: 06400ef3d7b040c19e96efe6c6c99991
  ✓ Resolved KLP link 'video:/Hypertension/definitions' → c5c21be79fb043c19c6663ae67ade4bd
  ✓ Resolved KLP link 'video:/Hypertension/definitions' → c5c21be79fb043c19c6663ae67ade4bd
Updated KLP 'klp-3-cause-of-oliguria' -> 55b39234f31040a3803bc7bcadde9862
  ✓ Activated version: dd31a19c316e48b48e8b0cabe8dcb84b
  → Recovered missing Language ID for KLP via mapping: 06400ef3d7b040c19e96efe6c6c99991
  ✓ Resolved KLP link 'video:/Hypertension/definitions' → c5c21be79fb043c19c6663ae67ade4bd
Updated KLP 'klp-2-eclampsia' -> 2ea8ee68788c42989a17c8338f00cb8e
  ✓ Activated version: 12524723747f40a7a125510c980abd8b
  → Recovered missing Language ID for KLP via mapping: 06400ef3d7b040c19e96efe6c6c99991
  ✓ Resolved KLP link 'video:/Hypertension/definitions' → c5c21be79fb043c19c6663ae67ade4bd
Updated KLP 'klp-2-eclampsia-normal-blood-pressure' -> eb7a27360b0b44b8984ed72edf96cd3c
  ✓ Activated version: 15f54a8c1f384b6999eec07554a1463a
  → Recovered missing Language ID for KLP via mapping: 06400ef3d7b040c19e96efe6c6c99991
  ✓ Resolved KLP link 'video:/Hypertension/definitions' → c5c21be79fb043c19c6663ae67ade4bd
Updated KLP 'klp-3-differential-diagnosis' -> ac7cd636f91a456db89547317ccfce77
  ✓ Activated version: d3883c08a53e46378dae674c8bbddccf
  → Recovered missing Language ID for KLP via mapping: 06400ef3d7b040c19e96efe6c6c99991
  ✓ Resolved KLP link 'video:/Hypertension/causes' → 637811836d4c432e87f313e47abb6338
Updated KLP 'klp-1-causes-of-pre-eclampsia' -> f7fbbeda96934eb3b487bf9bdb68a376
  ✓ Activated version: 59a631c1e005447f965a10c0c016110c
  → Recovered missing Language ID for KLP via mapping: 06400ef3d7b040c19e96efe6c6c99991
  ✓ Resolved KLP link 'video:/Hypertension/how_to_diagnose' → 5cbe1d8c4370496dbff4bc14991e2ac0
  ✓ Resolved KLP link 'video:/Hypertension/how_to_diagnose' → 5cbe1d8c4370496dbff4bc14991e2ac0
Updated KLP 'klp-3-anc-blood-pressure' -> bc087d88e8e0461bb6f272a962eed488
  ✓ Activated version: bfdddf4124934678834ad3940a5f60a1
  → Recovered missing Language ID for KLP via mapping: 06400ef3d7b040c19e96efe6c6c99991
  ✓ Resolved KLP link 'video:/Hypertension/how_to_diagnose' → 5cbe1d8c4370496dbff4bc14991e2ac0
  ✓ Resolved KLP link 'video:/Hypertension/how_to_diagnose' → 5cbe1d8c4370496dbff4bc14991e2ac0
Updated KLP 'klp-3-confirm-bp' -> 633aa490cf95468885df845c33c47f54
  ✓ Activated version: 78974dccd60c443c80c09d571bbbd683
  → Recovered missing Language ID for KLP via mapping: 06400ef3d7b040c19e96efe6c6c99991
  ✓ Resolved KLP link 'video:/Hypertension/how_to_diagnose' → 5cbe1d8c4370496dbff4bc14991e2ac0
Updated KLP 'klp-2-confirmed-elevated-bp' -> 5d67478926b242a38ca26344204caefc
  ✓ Activated version: 75c05b63aeb443f1b9d09746f1e23a2a
  → Recovered missing Language ID for KLP via mapping: 06400ef3d7b040c19e96efe6c6c99991
  ✓ Resolved KLP link 'video:/Hypertension/management_of_hypertension' → 14f67eb967944c45ab01efbe8f13203c
Updated KLP 'klp-1-keep-systolic-bp-below-160' -> 27f7a04a9acc4dcdba32c46ce7d13fb0
  ✓ Activated version: 3c22016aedf04d95af31155056dbea83
  → Recovered missing Language ID for KLP via mapping: 06400ef3d7b040c19e96efe6c6c99991
  ✓ Resolved KLP link 'video:/Hypertension/management_of_hypertension' → 14f67eb967944c45ab01efbe8f13203c
Updated KLP 'klp-2-keep-diastolic-bp-above-80' -> da93e95ce9fd48a0947f60ed67e8a567
  ✓ Activated version: e322d841bc574ab695c67a7c022569fc
  → Recovered missing Language ID for KLP via mapping: 06400ef3d7b040c19e96efe6c6c99991
  ✓ Resolved KLP link 'drug:labetalol_1490625535572' → b9808901bc3a45fc89761de346ac311f
Updated KLP 'klp-3-labetalol' -> 4931aa0e651b48d08cbfb205d2bc6933
  ✓ Activated version: 1e37a0980ffd4a009157f4edd5bf062c
  → Recovered missing Language ID for KLP via mapping: 06400ef3d7b040c19e96efe6c6c99991
  ✓ Resolved KLP link 'drug:methyldopa_1487111904464' → 5719affb0bfb4c13a4d62fda6d6f23ca
Updated KLP 'klp-3-methyldopa' -> 6c1b64591f6140c5a40d55c06eb3694f
  ✓ Activated version: cc6f8791c1ac4f78b9999e7ebc04d2bf
  → Recovered missing Language ID for KLP via mapping: 06400ef3d7b040c19e96efe6c6c99991
  ✓ Resolved KLP link 'video:/Hypertension/management_of_hypertension' → 14f67eb967944c45ab01efbe8f13203c
Updated KLP 'klp-1-iv-medication' -> 81da8156343a4325865a58804619178a
  ✓ Activated version: c36f4030a701418591389fa079d077e7
  → Recovered missing Language ID for KLP via mapping: 06400ef3d7b040c19e96efe6c6c99991
  ✓ Resolved KLP link 'drug:hydralazine_1487109388353' → b9a8b0598e1c46e49d4c925dff84e867
Updated KLP 'klp-3-hydralazine' -> bb79983cfb4446af85362f6a735caf8a
  ✓ Activated version: 53dd8922002545e08a8116f77b674ffd
  → Recovered missing Language ID for KLP via mapping: 06400ef3d7b040c19e96efe6c6c99991
  ✓ Resolved KLP link 'video:/Hypertension/severe_preeclampsia_eclampsia' → 702aa864442e4757936f4a1368141675
  ✓ Resolved KLP link 'video:/Hypertension/severe_preeclampsia_eclampsia' → 702aa864442e4757936f4a1368141675
Updated KLP 'klp-2-eclampsia-seizures' -> 4af821a619294b8ab5aff271595b9907
  ✓ Activated version: 360e4109b9634af1a447fb27ed859126
  → Recovered missing Language ID for KLP via mapping: 06400ef3d7b040c19e96efe6c6c99991
  ✓ Resolved KLP link 'video:/Hypertension/severe_preeclampsia_eclampsia' → 702aa864442e4757936f4a1368141675
Updated KLP 'klp-1-severe-pre-eclampsia-or-eclampsia' -> f37c4ec6d01d4707af182d7ded13cafa
  ✓ Activated version: 22520576977b4eef9d9c1adb30cb3b7b
  → Recovered missing Language ID for KLP via mapping: 06400ef3d7b040c19e96efe6c6c99991
  ✓ Resolved KLP link 'video:/Hypertension/severe_preeclampsia_eclampsia' → 702aa864442e4757936f4a1368141675
Updated KLP 'klp-1-eclampsia-monitor-1-2-hour' -> a720bd5155804906afa3131eb686da70
  ✓ Activated version: a3a524ad53634f3087856b365c477a3c
  → Recovered missing Language ID for KLP via mapping: 06400ef3d7b040c19e96efe6c6c99991
  ✓ Resolved KLP link 'drug:magnesium-sulphate_1487111473832' → a7bc6e3c0e9e420492f575558a1dd688
Updated KLP 'klp-2-give-magnesium-sulphate' -> df87665ea160461fb327d789e48772c1
  ✓ Activated version: 1256021b43444e3bbe508cb80fd8eeb3
  → Recovered missing Language ID for KLP via mapping: 06400ef3d7b040c19e96efe6c6c99991
  ✓ Resolved KLP link 'video:/Hypertension/severe_preeclampsia_eclampsia' → 702aa864442e4757936f4a1368141675
  ✓ Resolved KLP link 'video:/Hypertension/severe_preeclampsia_eclampsia' → 702aa864442e4757936f4a1368141675
Updated KLP 'klp-2-toxicity' -> 0e9fc270334c45d98f1d97b22f14d4de
  ✓ Activated version: 16c15c2579134efcac795593e379f08b
  → Recovered missing Language ID for KLP via mapping: 06400ef3d7b040c19e96efe6c6c99991
  ✓ Resolved KLP link 'drug:magnesium-sulphate_1487111473832' → a7bc6e3c0e9e420492f575558a1dd688
Updated KLP 'klp-2-maintain-dose-magnesium-sulphate' -> b843e9d21ae641d59ed7790afc2dafdb
  ✓ Activated version: 96077fa2d0a440519bb30ec4554fe073
  → Recovered missing Language ID for KLP via mapping: 06400ef3d7b040c19e96efe6c6c99991
  ✓ Resolved KLP link 'video:/Hypertension/severe_preeclampsia_eclampsia' → 702aa864442e4757936f4a1368141675
Updated KLP 'klp-3-refer-and-eclampsia' -> d0f94c1c05b7495cbc224aa08beccab9
  ✓ Activated version: 87d942969a5d457785cc7de53121c973
  → Recovered missing Language ID for KLP via mapping: 06400ef3d7b040c19e96efe6c6c99991
  ✓ Resolved KLP link 'drug:betamethasone_1487080183154' → 68ad36d39eff4e28b00df56e3c8d0ee1
Updated KLP 'klp-3-lung-maturity' -> ecb7bb69dad44ac7a69f058aa1c69c0b
  ✓ Activated version: e0342f4753a34f9292f875a4da802ced
  → Recovered missing Language ID for KLP via mapping: 06400ef3d7b040c19e96efe6c6c99991
  ✓ Resolved KLP link 'video:/Hypertension/definitions' → c5c21be79fb043c19c6663ae67ade4bd
  ✓ Resolved KLP link 'video:/Hypertension/definitions' → c5c21be79fb043c19c6663ae67ade4bd
Updated KLP 'klp-2-proteinuria' -> 18336f93ee074ef2bc40bfe5828121e4
  ✓ Activated version: d30257da8d1246b3a5f5d20dcb6ff508
  → Recovered missing Language ID for KLP via mapping: 06400ef3d7b040c19e96efe6c6c99991
  ✓ Resolved KLP link 'video:/Hypertension/causes' → 637811836d4c432e87f313e47abb6338
  ✓ Resolved KLP link 'video:/Hypertension/causes' → 637811836d4c432e87f313e47abb6338
Updated KLP 'klp-2-cure-of-pre-eclampsia' -> 04614b67c7cd4be889021e759b837966
  ✓ Activated version: d72daaf22fa04cf79d2809bbd9082b1b
  → Recovered missing Language ID for KLP via mapping: 06400ef3d7b040c19e96efe6c6c99991
  ✓ Resolved KLP link 'video:/Hypertension/management_of_hypertension' → 14f67eb967944c45ab01efbe8f13203c
  ✓ Resolved KLP link 'video:/Hypertension/management_of_hypertension' → 14f67eb967944c45ab01efbe8f13203c
Updated KLP 'klp-3-maternal-death-and-pre-eclampsia' -> a91665da25e84694a2205e17b8a05ac7
  ✓ Activated version: 3ccd934675804447b88a3a01959fcfca
  → Recovered missing Language ID for KLP via mapping: 06400ef3d7b040c19e96efe6c6c99991
  ✓ Resolved KLP link 'video:/Hypertension/severe_preeclampsia_eclampsia' → 702aa864442e4757936f4a1368141675
Updated KLP 'klp-3-action-eclampsia' -> 5c55cc9ce8d04c4393b4af2f2219f6cf
  ✓ Activated version: e67568b881444a469d016ad8518d6e5a
  → Recovered missing Language ID for KLP via mapping: 06400ef3d7b040c19e96efe6c6c99991
  ✓ Resolved KLP link 'video:/Hypertension/severe_preeclampsia_eclampsia' → 702aa864442e4757936f4a1368141675
Updated KLP 'klp-3-fluid-overload' -> a025806ee03142699c6e7f31f401ff90
  ✓ Activated version: 35e4fd043fd149298b12ed0f0c2c6a0e
  → Recovered missing Language ID for KLP via mapping: 06400ef3d7b040c19e96efe6c6c99991
  ✓ Resolved KLP link 'video:/Hypertension/management_of_hypertension' → 14f67eb967944c45ab01efbe8f13203c
Updated KLP 'klp-1-calcium-gluconate' -> ecad6a98b63c4a11a01600ce67ab2fd6
  ✓ Activated version: 6e77598690b3458aa96090318b6bb266
  → Recovered missing Language ID for KLP via mapping: 06400ef3d7b040c19e96efe6c6c99991
  ✓ Resolved KLP link 'video:/Normal labour and birth/intro' → 9c1943ceb928403fa6de5c5c3818fe8e
Updated KLP 'klp-1-the-definition-of-a-normal-birth' -> 04ed1ffa84b64b26b9ed2e179ffb53fa
  ✓ Activated version: 741b684704ad4f759aa9dc524621765c
  → Recovered missing Language ID for KLP via mapping: 06400ef3d7b040c19e96efe6c6c99991
  ✓ Resolved KLP link 'video:/Normal labour and birth/respectful_care' → 09fa28ea29254add91ef9a769db9df5b
Updated KLP 'klp-1-what-is-respectful-care' -> cd0fba16f26343078f95c9b3e949e4f0
  ✓ Activated version: c9a4cff0961f4e80abf47a1c77f8b789
  → Recovered missing Language ID for KLP via mapping: 06400ef3d7b040c19e96efe6c6c99991
  ✓ Resolved KLP link 'video:/Normal labour and birth/intro' → 9c1943ceb928403fa6de5c5c3818fe8e
Updated KLP 'klp-2-a-child-born-in-week-36' -> cdc3fed0df0b440389a3149b2c0e1d70
  ✓ Activated version: 6fc5479e83ec4b34ab81c63529745f99
  → Recovered missing Language ID for KLP via mapping: 06400ef3d7b040c19e96efe6c6c99991
  ✓ Resolved KLP link 'video:/Normal labour and birth/intro' → 9c1943ceb928403fa6de5c5c3818fe8e
Updated KLP 'klp-3-start-of-a-spontaneous-normal-birth' -> 37f4d74e44e144958487ab76e50bea7a
  ✓ Activated version: 00f346a515c24df2b6c5dcbdf080d25a
  → Recovered missing Language ID for KLP via mapping: 06400ef3d7b040c19e96efe6c6c99991
  ✓ Resolved KLP link 'video:/Normal labour and birth/respectful_care' → 09fa28ea29254add91ef9a769db9df5b
Updated KLP 'klp-2-fear-of-being-mistreated' -> 72284541aef047009122827cccea1765
  ✓ Activated version: 8d1555bc279445178c55cce6be328543
  → Recovered missing Language ID for KLP via mapping: 06400ef3d7b040c19e96efe6c6c99991
  ✓ Resolved KLP link 'video:/Normal labour and birth/respectful_care' → 09fa28ea29254add91ef9a769db9df5b
Updated KLP 'klp-3-the-elements-of-true-respectful-care' -> 2929c9fddaba48998213daab217dffbd
  ✓ Activated version: b6d1c3fd9ea44ceaa8a05da9120618db
  → Recovered missing Language ID for KLP via mapping: 06400ef3d7b040c19e96efe6c6c99991
  ✓ Resolved KLP link 'video:/Normal labour and birth/initial_assessment' → 6d96c409b80c4b0b9c2daca5d88d4fb1
Updated KLP 'klp-1-the-first-thing-you-do' -> 56e0e8d4242c4e7eb2905e3a0502a237
  ✓ Activated version: 5baed593ae1a4a04949a3ac5f90a5d00
  → Recovered missing Language ID for KLP via mapping: 06400ef3d7b040c19e96efe6c6c99991
  ✓ Resolved KLP link 'procedure:initial-assessment_1591607594553' → eb50ab514d9c4ea594444ce11bb3c165
Updated KLP 'klp-2-what-kind-of-danger-signs-should-be-examined' -> 05efa56456e44305a3e4321d174e12d2
  ✓ Activated version: f3398b6daa5c498a884fadcac856aaf5
  → Recovered missing Language ID for KLP via mapping: 06400ef3d7b040c19e96efe6c6c99991
  ✓ Resolved KLP link 'procedure:calculate-due-date-and-ga-_1591608714797' → dbbee44618c3411fa1006266837e14c2
Updated KLP 'klp-3-when-is-her-due-date' -> 8aa0b1a722d44838a107b8240dcfec0f
  ✓ Activated version: 2f5e40954b6b4ab7b3b40964b5e1916a
  → Recovered missing Language ID for KLP via mapping: 06400ef3d7b040c19e96efe6c6c99991
  ✓ Resolved KLP link 'video:/Normal labour and birth/1st_stage_latent_phase' → 12779983895a4f6c929d20012b051dd6
Updated KLP 'klp-1-strong-contractions-5-6-minutes-apart' -> 719a459a06224823b47d816207f98cbd
  ✓ Activated version: 4290f30110c84527bae28a51e1abf6bb
  → Recovered missing Language ID for KLP via mapping: 06400ef3d7b040c19e96efe6c6c99991
  ✓ Resolved KLP link 'procedure:abdominal-examination-_1591608971713' → a677618ba12e4a5e89c2699106886c1f
Updated KLP 'klp-2-abdominal-examination' -> e11ea38570584da5bebb158f37a63d35
  ✓ Activated version: b3af7aed295b4830a226177a295145fc
  → Recovered missing Language ID for KLP via mapping: 06400ef3d7b040c19e96efe6c6c99991
  ✓ Resolved KLP link 'procedure:vaginal-examination_1591619208367' → bf58b05cdafc4b78a45d59a617fa60d4
Updated KLP 'klp-3-when-performing-a-ve' -> e9ab873a5473411d8064f2cf0290b307
  ✓ Activated version: b88f6fc0bc2a4d719a5f370fb06f4966
  → Recovered missing Language ID for KLP via mapping: 06400ef3d7b040c19e96efe6c6c99991
  ✓ Resolved KLP link 'video:/Normal labour and birth/1st_stage_active_phase' → 89063ac7a7db4c30a817941197063dc5
Updated KLP 'klp-1-good-contractions-with-3-minutes-apart' -> c312ddb243804cc49cb87c8179ec3068
  ✓ Activated version: 3c15dd436b674c679357edc8f42b0a2b
  → Recovered missing Language ID for KLP via mapping: 06400ef3d7b040c19e96efe6c6c99991
  ✓ Resolved KLP link 'video:/Normal labour and birth/1st_stage_active_phase' → 89063ac7a7db4c30a817941197063dc5
Updated KLP 'klp-2-the-documentation-on-the-partograph' -> 5ce3601a76554ac09276d69795dbcb9f
  ✓ Activated version: 0570c6dea0524dca96b83abbb110940b
  → Recovered missing Language ID for KLP via mapping: 06400ef3d7b040c19e96efe6c6c99991
  ✓ Resolved KLP link 'video:/Normal labour and birth/1st_stage_active_phase' → 89063ac7a7db4c30a817941197063dc5
Updated KLP 'klp-3-the-labour-has-lasted-12-hours' -> d6000263f6294ebf81cffaf31c059080
  ✓ Activated version: ca33a05727364b0f9869c3d64d9dbc54
  → Recovered missing Language ID for KLP via mapping: 06400ef3d7b040c19e96efe6c6c99991
  ✓ Resolved KLP link 'video:/Normal labour and birth/1st_stage_active_phase' → 89063ac7a7db4c30a817941197063dc5
Updated KLP 'klp-1-help-the-woman-to-get-good-contractions' -> b470514844764915aeb2f4dd6d997199
  ✓ Activated version: dbfb65da19c04536880b4330fe9e43a2
  → Recovered missing Language ID for KLP via mapping: 06400ef3d7b040c19e96efe6c6c99991
  ✓ Resolved KLP link 'video:/Normal labour and birth/support' → 25dd162b120341b8b099f3ade17bd1ed
Updated KLP 'klp-2-when-the-woman-wants-to-stand-up' -> 0203211c88d44d89a2b0f95cdd4f165d
  ✓ Activated version: e16611849d4341b795d52b7aef8aa860
  → Recovered missing Language ID for KLP via mapping: 06400ef3d7b040c19e96efe6c6c99991
  ✓ Resolved KLP link 'video:/Normal labour and birth/support' → 25dd162b120341b8b099f3ade17bd1ed
Updated KLP 'klp-3-the-woman-cannot-eat-or-drink-during-labour-and-birth' -> 72714867d6894715b58d3c97e59ee17d
  ✓ Activated version: 0d0e542f8e4d41459d9887d17aa20d5c
  → Recovered missing Language ID for KLP via mapping: 06400ef3d7b040c19e96efe6c6c99991
  ✓ Resolved KLP link 'video:/Normal labour and birth/support' → 25dd162b120341b8b099f3ade17bd1ed
Updated KLP 'klp-1-when-the-woman-is-in-an-upright-position' -> e3f5190a894748118abb660b65cd700b
  ✓ Activated version: 16d927aded5848b1ba32506964071eab
  → Recovered missing Language ID for KLP via mapping: 06400ef3d7b040c19e96efe6c6c99991
  ✓ Resolved KLP link 'video:/Normal labour and birth/2nd_stage_delivering_the_baby' → a4ac484fc9974107b94915d7d55b951c
Updated KLP 'klp-2-to-be-on-all-fours-and-give-birth' -> 0e18f90706c64882a5748b9acd85db19
  ✓ Activated version: 4d4645204fe743138bf90d0dfefa750b
  → Recovered missing Language ID for KLP via mapping: 06400ef3d7b040c19e96efe6c6c99991
  ✓ Resolved KLP link 'video:/Normal labour and birth/support' → 25dd162b120341b8b099f3ade17bd1ed
Updated KLP 'klp-3-non-pharmacological-pain-relief' -> 18d4361748a2412195e76c903f8928fd
  ✓ Activated version: 058bff0478994ffcbd670f910e2c4742
  → Recovered missing Language ID for KLP via mapping: 06400ef3d7b040c19e96efe6c6c99991
  ✓ Resolved KLP link 'video:/Normal labour and birth/2nd_stage_cervix_fully_dilated' → b82affc62ce741bdad7270baf8a13ecc
Updated KLP 'klp-1-the-woman-can-push-when' -> ec8d5438658c457f9b0c965c86f97e22
  ✓ Activated version: e663a16d47e246e793c717229cf44b25
  → Recovered missing Language ID for KLP via mapping: 06400ef3d7b040c19e96efe6c6c99991
  ✓ Resolved KLP link 'video:/Normal labour and birth/2nd_stage_cervix_fully_dilated' → b82affc62ce741bdad7270baf8a13ecc
Updated KLP 'klp-2-what-needs-to-be-ready-for-the-birth' -> b7c2954b81174ae586a214e7077d328d
  ✓ Activated version: d629fd3a2ea6454282dbc55ddda6f509
  → Recovered missing Language ID for KLP via mapping: 06400ef3d7b040c19e96efe6c6c99991
  ✓ Resolved KLP link 'video:/Normal labour and birth/2nd_stage_cervix_fully_dilated' → b82affc62ce741bdad7270baf8a13ecc
Updated KLP 'klp-3-what-should-you-do-during-the-second-stage' -> bb1b917034c74624b190b4ef6d59dd64
  ✓ Activated version: 98a1dc632b5743cc897278e305fb4ce3
  → Recovered missing Language ID for KLP via mapping: 06400ef3d7b040c19e96efe6c6c99991
  ✓ Resolved KLP link 'video:/Normal labour and birth/2nd_stage_delivering_the_baby' → a4ac484fc9974107b94915d7d55b951c
Updated KLP 'klp-1-how-would-you-help-the-woman-to-push' -> 56af6225b985429384393cd862c9d870
  ✓ Activated version: ce52bd7d604b4d3994f0f1ee90e46f5b
  → Recovered missing Language ID for KLP via mapping: 06400ef3d7b040c19e96efe6c6c99991
  ✓ Resolved KLP link 'video:/Normal labour and birth/2nd_stage_delivering_the_baby' → a4ac484fc9974107b94915d7d55b951c
Updated KLP 'klp-2-the-woman-can-give-birth-in-any-position-she-wants' -> 435244cfb5c54ddfaee9e4df67cf2d14
  ✓ Activated version: feb15809dda44983a3ffdeb45b78630d
  → Recovered missing Language ID for KLP via mapping: 06400ef3d7b040c19e96efe6c6c99991
  ✓ Resolved KLP link 'video:/Normal labour and birth/2nd_stage_delivering_the_baby' → a4ac484fc9974107b94915d7d55b951c
Updated KLP 'klp-3-what-kind-of-practices-should-not-be-performed' -> 9ff1cb728b5b47179503cd1950ee5007
  ✓ Activated version: 670ded99cceb48eba23227eb9e2a62ad
  → Recovered missing Language ID for KLP via mapping: 06400ef3d7b040c19e96efe6c6c99991
  ✓ Resolved KLP link 'video:/Normal labour and birth/2nd_stage_delivering_the_baby' → a4ac484fc9974107b94915d7d55b951c
Updated KLP 'klp-1-before-the-babys-head-is-about-to-be-born' -> c50b6aabbaa04a7dab27d804e9c3fb66
  ✓ Activated version: 2d159c132f2d4e40879a651bd2014b1c
  → Recovered missing Language ID for KLP via mapping: 06400ef3d7b040c19e96efe6c6c99991
  ✓ Resolved KLP link 'video:/Normal labour and birth/2nd_stage_delivering_the_baby' → a4ac484fc9974107b94915d7d55b951c
Updated KLP 'klp-3-after-the-head-is-born' -> f1131768331c4db8b0f6f9da541b5339
  ✓ Activated version: 374881425c1943df9c4ae3f9c2339540
  → Recovered missing Language ID for KLP via mapping: 06400ef3d7b040c19e96efe6c6c99991
  ✓ Resolved KLP link 'procedure:abdominal-examination-_1591608971713' → a677618ba12e4a5e89c2699106886c1f
Updated KLP 'klp-1-the-order-of-the-four-steps-for-palpating-the-foetus' -> e350aee6c73943449e431c26985b2bd8
  ✓ Activated version: b20c215c12f345e09653221d1986d8ba
  → Recovered missing Language ID for KLP via mapping: 06400ef3d7b040c19e96efe6c6c99991
  ✓ Resolved KLP link 'video:/Normal labour and birth/2nd_stage_delivering_the_baby' → a4ac484fc9974107b94915d7d55b951c
Updated KLP 'klp-2-if-you-feel-a-lose-cord-around-the-neck' -> 5987ccedb8604a1abc878e167f28fe95
  ✓ Activated version: 11e163314f654f20aed9d7b75ec1ad93
  → Recovered missing Language ID for KLP via mapping: 06400ef3d7b040c19e96efe6c6c99991
  ✓ Resolved KLP link 'video:/Normal labour and birth/2nd_stage_delivering_the_baby' → a4ac484fc9974107b94915d7d55b951c
Updated KLP 'klp-3-when-the-baby-is-born-with-meconium-and-is-breathing' -> e280a19e7969468a897b5fa5c40857b9
  ✓ Activated version: 79ef95f44f8b4841a630f5133bbaa2e2
  → Recovered missing Language ID for KLP via mapping: 06400ef3d7b040c19e96efe6c6c99991
  ✓ Resolved KLP link 'video:/Normal labour and birth/2nd_stage_delivering_the_baby' → a4ac484fc9974107b94915d7d55b951c
Updated KLP 'klp-1-the-baby-is-born-with-thick-meconium-and-does-not-breathe' -> 2b64a627db9245399851f5f86ba7ffdd
  ✓ Activated version: 9c1ca0942f984e65bcde3f248d45ba53
  → Recovered missing Language ID for KLP via mapping: 06400ef3d7b040c19e96efe6c6c99991
  ✓ Resolved KLP link 'video:/Normal labour and birth/2nd_stage_delivering_the_baby' → a4ac484fc9974107b94915d7d55b951c
Updated KLP 'klp-2-what-do-you-do-when-the-baby-is-born' -> c207139dfc4148cda8853c4d893919ce
  ✓ Activated version: b430673357f948dea4fd87909160e149
  → Recovered missing Language ID for KLP via mapping: 06400ef3d7b040c19e96efe6c6c99991
  ✓ Resolved KLP link 'video:/Normal labour and birth/2nd_stage_delivering_the_baby' → a4ac484fc9974107b94915d7d55b951c
Updated KLP 'klp-3-just-after-the-birth-of-the-baby' -> b8e2fe2a102f4004a44c7e5afcd1ad14
  ✓ Activated version: 5256cdb33994434ab01a0e3adcd9000b
  → Recovered missing Language ID for KLP via mapping: 06400ef3d7b040c19e96efe6c6c99991
  ✓ Resolved KLP link 'video:/Active management of third stage labour/intro' → 676a3e4c185a4281bb997a2f77000416
Updated KLP 'klp-2-active-management' -> a3f9821c521a492dbe506af63057ed08
  ✓ Activated version: 58facb6ac0134b2fab069ad927e5ce67
  → Recovered missing Language ID for KLP via mapping: 06400ef3d7b040c19e96efe6c6c99991
  ✓ Resolved KLP link 'video:/Active management of third stage labour/give_a_uterotonic_drug' → 38fd592ca58d4dd9b6c104b0e78e0f9e
Updated KLP 'klp-1-uterotonic-drug' -> eb09804bbb59401bafe96279c7ee8975
  ✓ Activated version: b8c5853f01824e4e914e10fcea20f6c4
  → Recovered missing Language ID for KLP via mapping: 06400ef3d7b040c19e96efe6c6c99991
  ✓ Resolved KLP link 'video:/Active management of third stage labour/give_a_uterotonic_drug' → 38fd592ca58d4dd9b6c104b0e78e0f9e
Updated KLP 'klp-1-oxytocin' -> 37532d3b6cd14d17a3fd21765893447f
  ✓ Activated version: 546c9fd0de134c09a044a4fd87f2b2a0
  → Recovered missing Language ID for KLP via mapping: 06400ef3d7b040c19e96efe6c6c99991
  ✓ Resolved KLP link 'drug:oxytocin_1487156988152' → 8134a1b103c64d459f5a22ef0859a669
Updated KLP 'klp-1-dose-of-oxytocin' -> 5329838feaad4b30b2bd56e3f2783059
  ✓ Activated version: fe02fec358534cd1ae7ffd5f212bc644
  → Recovered missing Language ID for KLP via mapping: 06400ef3d7b040c19e96efe6c6c99991
  ✓ Resolved KLP link 'video:/Active management of third stage labour/give_a_uterotonic_drug' → 38fd592ca58d4dd9b6c104b0e78e0f9e
Updated KLP 'klp-1-when-to-give-oxytocin' -> e7dc04bacc8641c6aa18d4efe96dbedd
  ✓ Activated version: 82ee5b6321384561be28a8c9e78eefe3
  → Recovered missing Language ID for KLP via mapping: 06400ef3d7b040c19e96efe6c6c99991
  ✓ Resolved KLP link 'drug:oxytocin_1487156988152' → 8134a1b103c64d459f5a22ef0859a669
Updated KLP 'klp-3-storage-of-oxytocin' -> d25da7dd3432455a8e4006f25125f7cd
  ✓ Activated version: 19eea0003f0f4f7bbdba643b28b65b7f
  → Recovered missing Language ID for KLP via mapping: 06400ef3d7b040c19e96efe6c6c99991
  ✓ Resolved KLP link 'drug:oxytocin_1487156988152' → 8134a1b103c64d459f5a22ef0859a669
Updated KLP 'klp-1-misoprostol' -> 179e0b3d2045417e81d43858608d70f4
  ✓ Activated version: 824497d390da4eb48134f16f1e29d20d
  → Recovered missing Language ID for KLP via mapping: 06400ef3d7b040c19e96efe6c6c99991
  ✓ Resolved KLP link 'drug:misoprostol_1487112562173' → 1ad5e35a0e4e4cec9e7fc137d85ed493
Updated KLP 'klp-1-heat-stable-carbetocin' -> d55f2a47b7fd4796a7c6c1fd0e26e5cf
  ✓ Activated version: 9aa5f2e7bd2f45faa48aab0fdad6fbe3
  → Recovered missing Language ID for KLP via mapping: 06400ef3d7b040c19e96efe6c6c99991
  ✓ Resolved KLP link 'video:/Active management of third stage labour/assess_the_newborn' → 988baf0b8f084524b093cebf30ea4e3f
Updated KLP 'klp-1-when-to-assess-the-newborn' -> 3f0e813648f54b8591097bcb70e8443f
  ✓ Activated version: 98378082e6ee4c2b9d7234760497dc68
  → Recovered missing Language ID for KLP via mapping: 06400ef3d7b040c19e96efe6c6c99991
  ✓ Resolved KLP link 'video:/Active management of third stage labour/assess_the_newborn' → 988baf0b8f084524b093cebf30ea4e3f
Updated KLP 'klp-2-thick-meconium' -> a130b08c4e6043868c4c742194b6da10
  ✓ Activated version: 6b6c8e827e83493f8e68b5e49f4e1537
  → Recovered missing Language ID for KLP via mapping: 06400ef3d7b040c19e96efe6c6c99991
  ✓ Resolved KLP link 'video:/Active management of third stage labour/assess_the_newborn' → 988baf0b8f084524b093cebf30ea4e3f
Updated KLP 'klp-1-suction-thick-meconium' -> 261eb343138d4f41ac0f81d70e72f2ec
  ✓ Activated version: 288f3a4b0bbd4138b32bae464ea661da
  → Recovered missing Language ID for KLP via mapping: 06400ef3d7b040c19e96efe6c6c99991
  ✓ Resolved KLP link 'video:/Active management of third stage labour/assess_the_newborn' → 988baf0b8f084524b093cebf30ea4e3f
Updated KLP 'klp-2-dry-of-the-baby' -> dbf234db64d54ee3bde100e72af13835
  ✓ Activated version: b821629c93ac47a183b48c213c90cf71
  → Recovered missing Language ID for KLP via mapping: 06400ef3d7b040c19e96efe6c6c99991
  ✓ Resolved KLP link 'video:/Active management of third stage labour/assess_the_newborn' → 988baf0b8f084524b093cebf30ea4e3f
Updated KLP 'klp-3-warm-baby' -> 195fd8ffee6d4586add1be3f30da76d4
  ✓ Activated version: 5f2729e6e31643c3a226f284fcc1af55
  → Recovered missing Language ID for KLP via mapping: 06400ef3d7b040c19e96efe6c6c99991
  ✓ Resolved KLP link 'video:/Active management of third stage labour/assess_the_newborn' → 988baf0b8f084524b093cebf30ea4e3f
Updated KLP 'klp-1-newborn-not-breathing-well' -> e18d825a79f4493bb2eea8725be7386b
  ✓ Activated version: 52eeb39aa3ea420ca3a469781f58b6ed
  → Recovered missing Language ID for KLP via mapping: 06400ef3d7b040c19e96efe6c6c99991
  ✓ Resolved KLP link 'video:/Active management of third stage labour/assess_the_newborn' → 988baf0b8f084524b093cebf30ea4e3f
Updated KLP 'klp-2-stable-newborn' -> f43ad9ab01834358b3cd7ad7a8ae2eca
  ✓ Activated version: 29695b3a1bc6433bbf0ce9d0190e4ab6
  → Recovered missing Language ID for KLP via mapping: 06400ef3d7b040c19e96efe6c6c99991
  ✓ Resolved KLP link 'video:/Active management of third stage labour/clamp_and_cut_the_umbilical_cord' → 5e04242a13f34d7aba742a3659c9c98e
Updated KLP 'klp-3-clamp-umbilical-cord' -> ebf4d7f4cee74417bb2c94e2ed814462
  ✓ Activated version: cdf671aa10d043ff9f9e087e74da8f95
  → Recovered missing Language ID for KLP via mapping: 06400ef3d7b040c19e96efe6c6c99991
  ✓ Resolved KLP link 'video:/Active management of third stage labour/controlled_cord_traction' → 0c936a76f9984a60942ebfa349be6a0b
Updated KLP 'klp-2-cord-traction' -> d771b16de68b4d44bd1d5af179aff0e4
  ✓ Activated version: 1993d31bd19643f5ac57399efa21c982
  → Recovered missing Language ID for KLP via mapping: 06400ef3d7b040c19e96efe6c6c99991
  ✓ Resolved KLP link 'video:/Active management of third stage labour/controlled_cord_traction' → 0c936a76f9984a60942ebfa349be6a0b
Updated KLP 'klp-3-counter-pressure-pubic-bone' -> 9a443ed11eb748f085e50ae120d72a46
  ✓ Activated version: 23f4f960cecb482dabb9f0e2e67ea008
  → Recovered missing Language ID for KLP via mapping: 06400ef3d7b040c19e96efe6c6c99991
  ✓ Resolved KLP link 'video:/Active management of third stage labour/controlled_cord_traction' → 0c936a76f9984a60942ebfa349be6a0b
Updated KLP 'klp-3-rounded-uterus' -> 04c3f66f25b948d28ad7a39ed77fd59a
  ✓ Activated version: 9fef0320c27e410a8a108866d4739b0c
  → Recovered missing Language ID for KLP via mapping: 06400ef3d7b040c19e96efe6c6c99991
  ✓ Resolved KLP link 'video:/Active management of third stage labour/controlled_cord_traction' → 0c936a76f9984a60942ebfa349be6a0b
Updated KLP 'klp-3-push-for-the-placenta' -> 3b0b5f6b00614f93ae988d7e0dee3e96
  ✓ Activated version: f6aaf819580f4441b1f3f0cf1e9cc964
  → Recovered missing Language ID for KLP via mapping: 06400ef3d7b040c19e96efe6c6c99991
  ✓ Resolved KLP link 'video:/Active management of third stage labour/controlled_cord_traction' → 0c936a76f9984a60942ebfa349be6a0b
Updated KLP 'klp-1-check-uterus' -> 3ecc87dfe1e74777b2f46224debb9b59
  ✓ Activated version: ded45eeded764c4e980462353ae76353
  → Recovered missing Language ID for KLP via mapping: 06400ef3d7b040c19e96efe6c6c99991
  ✓ Resolved KLP link 'video:/Active management of third stage labour/controlled_cord_traction' → 0c936a76f9984a60942ebfa349be6a0b
Updated KLP 'klp-2-measure-blood-loss' -> 09f8f7a55ae545d0a3193238a586e01f
  ✓ Activated version: 6756aa1db7724a47b5351fe172489c7a
  → Recovered missing Language ID for KLP via mapping: 06400ef3d7b040c19e96efe6c6c99991
  ✓ Resolved KLP link 'video:/Active management of third stage labour/examine_the_placenta' → ad73551146f146f3891a4edf632a4b40
Updated KLP 'klp-1-examine-the-placenta' -> 9ad04eb30c2d498a9483e34b56bfa4f7
  ✓ Activated version: 57f99b0a86b44e6aad0f69acc6b10276
  → Recovered missing Language ID for KLP via mapping: 06400ef3d7b040c19e96efe6c6c99991
  ✓ Resolved KLP link 'video:/Active management of third stage labour/examine_the_placenta' → ad73551146f146f3891a4edf632a4b40
Updated KLP 'klp-2-maternal-surface-of-placenta' -> 3e4aeab667fb40fb886f46f3ec0c692f
  ✓ Activated version: 109cb5719baf49c4ada251574bdd111a
  → Recovered missing Language ID for KLP via mapping: 06400ef3d7b040c19e96efe6c6c99991
  ✓ Resolved KLP link 'video:/Active management of third stage labour/monitoring' → 28cb0fc1b3a8434c81ed72bc1e7244f6
Updated KLP 'klp-2-no-unattended-mother-and-newborn' -> 22b43e2858044464a625293d934a9ac8
  ✓ Activated version: 872ef0a60f044b408371b03d43248142
  → Recovered missing Language ID for KLP via mapping: 06400ef3d7b040c19e96efe6c6c99991
  ✓ Resolved KLP link 'video:/Active management of third stage labour/monitoring' → 28cb0fc1b3a8434c81ed72bc1e7244f6
Updated KLP 'klp-3-skin-to-skin-contact' -> 2da3eab7ac7645faa6b3d59dad27c812
  ✓ Activated version: 8c6beca95d1f4a37ac8b874cc221718b
  → Recovered missing Language ID for KLP via mapping: 06400ef3d7b040c19e96efe6c6c99991
  ✓ Resolved KLP link 'video:/Active management of third stage labour/monitoring' → 28cb0fc1b3a8434c81ed72bc1e7244f6
Updated KLP 'klp-1-check-mother-after-birth' -> 7480581e19224b93ba222ffee226c390
  ✓ Activated version: 37c55d8244cf49cdad7c6a4eef5ad533
  → Recovered missing Language ID for KLP via mapping: 06400ef3d7b040c19e96efe6c6c99991
  ✓ Resolved KLP link 'video:/Active management of third stage labour/monitoring' → 28cb0fc1b3a8434c81ed72bc1e7244f6
Updated KLP 'klp-3-how-often-check-mother' -> 6374293c5d904dc6b97a0fadfefaadd2
  ✓ Activated version: 1395763afdb64db2bdc159b2d8d0ab0e
  → Recovered missing Language ID for KLP via mapping: 06400ef3d7b040c19e96efe6c6c99991
  ✓ Resolved KLP link 'video:/Active management of third stage labour/monitoring' → 28cb0fc1b3a8434c81ed72bc1e7244f6
Updated KLP 'klp-3-how-often-check-newborn' -> 895844baa1a04c2a9bd98fdc1574ca00
  ✓ Activated version: d1d41af9fd134d8484dc719a5af276f1
  → Recovered missing Language ID for KLP via mapping: 06400ef3d7b040c19e96efe6c6c99991
  ✓ Resolved KLP link 'video:/Active management of third stage labour/monitoring' → 28cb0fc1b3a8434c81ed72bc1e7244f6
Updated KLP 'klp-2-check-the-newborn-after-birth' -> c93e6d65976a443aaaa81e776f730686
  ✓ Activated version: b0a6942c28d54ed693d6c5aacab90072
  → Recovered missing Language ID for KLP via mapping: 06400ef3d7b040c19e96efe6c6c99991
  ✓ Resolved KLP link 'video:/Active management of third stage labour/monitoring' → 28cb0fc1b3a8434c81ed72bc1e7244f6
Updated KLP 'klp-3-cord-monitor' -> fbe2da722d6544a2ba6391e2ef92d9d9
  ✓ Activated version: 4f7f17397c6c4f05914255dee4536854
  → Recovered missing Language ID for KLP via mapping: 06400ef3d7b040c19e96efe6c6c99991
  ✓ Resolved KLP link 'video:/Active management of third stage labour/monitoring' → 28cb0fc1b3a8434c81ed72bc1e7244f6
Updated KLP 'klp-2-apgar-score-and-vit-k' -> 1e851bb232cf433aa8547668dd32189e
  ✓ Activated version: dd460ac915fc4848809633284a933228
  → Recovered missing Language ID for KLP via mapping: 06400ef3d7b040c19e96efe6c6c99991
  ✓ Resolved KLP link 'video:/Active management of third stage labour/monitoring' → 28cb0fc1b3a8434c81ed72bc1e7244f6
Updated KLP 'klp-2-early-breastfeeding-newborn' -> 987d9fac60a948eea2ab2a433cae1d13
  ✓ Activated version: 3ed63fa24d934879ad53516d6bc29f2f
  → Recovered missing Language ID for KLP via mapping: 06400ef3d7b040c19e96efe6c6c99991
  ✓ Resolved KLP link 'video:/Active management of third stage labour/monitoring' → 28cb0fc1b3a8434c81ed72bc1e7244f6
Updated KLP 'klp-3-early-breastfeeding-mother' -> 2b9f3813fccb41d9b08fa63e513b3f7a
  ✓ Activated version: 8b66406a08ec46468ca5172a57c8b4b6
  → Recovered missing Language ID for KLP via mapping: 06400ef3d7b040c19e96efe6c6c99991
  ✓ Resolved KLP link 'video:/Active management of third stage labour/controlled_cord_traction' → 0c936a76f9984a60942ebfa349be6a0b
Updated KLP 'klp-3-delivery-of-membranes' -> c563f5f818cb4e7fbe1d63cc6898ee29
  ✓ Activated version: ceceeb68769846c2ac88a753888b077a
  → Recovered missing Language ID for KLP via mapping: 06400ef3d7b040c19e96efe6c6c99991
  ✓ Resolved KLP link 'video:/Active management of third stage labour/controlled_cord_traction' → 0c936a76f9984a60942ebfa349be6a0b
Updated KLP 'klp-2-estimation-of-blood-loss' -> db3d1b4d3c1d4ab1a87832861e7c06d2
  ✓ Activated version: f984ae8f66a7421f864db57e178c1a5f
  → Recovered missing Language ID for KLP via mapping: 06400ef3d7b040c19e96efe6c6c99991
  ✓ Resolved KLP link 'video:/Prolonged labour/intro' → 6d73c9beae4746ca83f62de30fd96d38
Updated KLP 'klp-1-complication-prolonged-mother' -> c5a8a31cf4da49d7a92db916ffaef08a
  ✓ Activated version: 513a1d8780214c829e5063265b5d8c6d
  → Recovered missing Language ID for KLP via mapping: 06400ef3d7b040c19e96efe6c6c99991
  ✓ Resolved KLP link 'video:/Prolonged labour/intro' → 6d73c9beae4746ca83f62de30fd96d38
Updated KLP 'klp-1-complication-prolonged-infant' -> aa5b89ef52ff41969a3d3e6481ba1a34
  ✓ Activated version: 587ea81267344c7fa80942cbc33456df
  → Recovered missing Language ID for KLP via mapping: 06400ef3d7b040c19e96efe6c6c99991
  ✓ Resolved KLP link 'video:/Prolonged labour/causes' → 3483bdebb6bd483c9cfadff68cb590be
Updated KLP 'klp-2-causes' -> ae2bb26647084a148271a7b6bd6fd035
  ✓ Activated version: 834a3215552743acbb242dc0ed8e082d
  → Recovered missing Language ID for KLP via mapping: 06400ef3d7b040c19e96efe6c6c99991
  ✓ Resolved KLP link 'video:/Prolonged labour/causes' → 3483bdebb6bd483c9cfadff68cb590be
Updated KLP 'klp-2-power' -> 98e5b3642b8c4fefa445993b98507302
  ✓ Activated version: b869953676fd45f3a62d3b46fbc62225
  → Recovered missing Language ID for KLP via mapping: 06400ef3d7b040c19e96efe6c6c99991
  ✓ Resolved KLP link 'video:/Prolonged labour/causes' → 3483bdebb6bd483c9cfadff68cb590be
Updated KLP 'klp-3-pelvis-passage' -> 6b33585d5f5d4832a8e4a386eae47df8
  ✓ Activated version: c6fc0a3c23144b1e85efffad3809d39f
  → Recovered missing Language ID for KLP via mapping: 06400ef3d7b040c19e96efe6c6c99991
  ✓ Resolved KLP link 'video:/Prolonged labour/causes' → 3483bdebb6bd483c9cfadff68cb590be
Updated KLP 'klp-3-small-pelvis' -> 2e224ac181514f3c81c931fbe75a08ca
  ✓ Activated version: 88919a1a3adf4389806d1057797f795f
  → Recovered missing Language ID for KLP via mapping: 06400ef3d7b040c19e96efe6c6c99991
  ✓ Resolved KLP link 'video:/Prolonged labour/causes' → 3483bdebb6bd483c9cfadff68cb590be
Updated KLP 'klp-2-know-small-pelvis' -> 2862ac45f23541eaa21bb362977a8e5f
  ✓ Activated version: 92dbdfb36db64875a09b6eb7e95ab8d3
  → Recovered missing Language ID for KLP via mapping: 06400ef3d7b040c19e96efe6c6c99991
  ✓ Resolved KLP link 'video:/Prolonged labour/causes' → 3483bdebb6bd483c9cfadff68cb590be
Updated KLP 'klp-2-passenger' -> 921373ddb3e4477d85e6fda52fe42c2b
  ✓ Activated version: 08e97911908044c196eabc8531f8ab9c
  → Recovered missing Language ID for KLP via mapping: 06400ef3d7b040c19e96efe6c6c99991
  ✓ Resolved KLP link 'video:/Prolonged labour/causes' → 3483bdebb6bd483c9cfadff68cb590be
Updated KLP 'klp-3-psyche' -> 079064f3585443dca4345b0a81285029
  ✓ Activated version: 553f1cf441b24db6a910c4f147299c97
  → Recovered missing Language ID for KLP via mapping: 06400ef3d7b040c19e96efe6c6c99991
  ✓ Resolved KLP link 'video:/Prolonged labour/2nd_stage_prolonged' → 0c71aee072b34742b80194729d84676a
Updated KLP 'klp-1-pushing' -> 0b7db7428da74915ba83ef4f2c453b7b
  ✓ Activated version: 05beaa9067bd4b46a0db8b1508069ff8
  → Recovered missing Language ID for KLP via mapping: 06400ef3d7b040c19e96efe6c6c99991
  ✓ Resolved KLP link 'video:/Prolonged labour/2nd_stage_prolonged' → 0c71aee072b34742b80194729d84676a
Updated KLP 'klp-3-push-how-long' -> f4575658ec274b7f88bb81a5862b7b84
  ✓ Activated version: a967e1181f41447081f57b152bcd6c34
  → Recovered missing Language ID for KLP via mapping: 06400ef3d7b040c19e96efe6c6c99991
  ✓ Resolved KLP link 'video:/Prolonged labour/2nd_stage_vacuum_extraction' → d3593a8a943b466cbd6d547681996aa6
Updated KLP 'klp-1-indication-for-vacuum' -> b2024fbed57949b7989bcf10ecb4a658
  ✓ Activated version: dc19207892f145ef8af8304e3912519c
  → Recovered missing Language ID for KLP via mapping: 06400ef3d7b040c19e96efe6c6c99991
  ✓ Resolved KLP link 'video:/Prolonged labour/2nd_stage_vacuum_extraction' → d3593a8a943b466cbd6d547681996aa6
Updated KLP 'klp-1-fhr' -> a6cf6393980a428eb6a89d85314dcefc
  ✓ Activated version: 4093bc1d9c674e0da485393a52e52f31
  → Recovered missing Language ID for KLP via mapping: 06400ef3d7b040c19e96efe6c6c99991
  ✓ Resolved KLP link 'video:/Prolonged labour/2nd_stage_vacuum_extraction' → d3593a8a943b466cbd6d547681996aa6
Updated KLP 'klp-2-fhr-and-contractions' -> 747c89ea689b439b8d7ebf27b98e3f1f
  ✓ Activated version: c236ce937c5e441c8acb5381342f69ec
  → Recovered missing Language ID for KLP via mapping: 06400ef3d7b040c19e96efe6c6c99991
  ✓ Resolved KLP link 'procedure:vacuum-extractor_1487245649303' → afac8731991045aa9e6c3a20b4f1a051
Updated KLP 'klp-3-prerequisites-for-vacuum' -> 1f7776fa1ab44002941edf8f1405b8e5
  ✓ Activated version: da0441b09e364f0192ede06dcd3080ea
  → Recovered missing Language ID for KLP via mapping: 06400ef3d7b040c19e96efe6c6c99991
  ✓ Resolved KLP link 'video:/Prolonged labour/2nd_stage_vacuum_extraction' → d3593a8a943b466cbd6d547681996aa6
Updated KLP 'klp-2-complications-to-vacuum-extraction' -> 3577bb56b3724e48a251c4ccfe09157b
  ✓ Activated version: 25297b7f4b7e47449914066178c3c13d
  → Recovered missing Language ID for KLP via mapping: 06400ef3d7b040c19e96efe6c6c99991
  ✓ Resolved action-card link 'action-card:procedures-by-also_1486848037447' via token overlap (2/3 tokens) → res-action-card-vacuum-delivery-procedure-as-by-also
  ✓ Resolved KLP link 'action-card:procedures-by-also_1486848037447' → d2fa6384547a46cdb4172133de5c9599
Updated KLP 'klp-2-preparation-for-vacuum' -> db9ff383fa844608a57505d27ac9c104
  ✓ Activated version: 41461888fb2d4221b52dd5be770943ad
  → Recovered missing Language ID for KLP via mapping: 06400ef3d7b040c19e96efe6c6c99991
  ✓ Resolved KLP link 'video:/Prolonged labour/2nd_stage_vacuum_extraction' → d3593a8a943b466cbd6d547681996aa6
Updated KLP 'klp-1-give-up-vacuum' -> 3507f776940a403baa81abc245245761
  ✓ Activated version: 47d8878df892407aa11f2c32b8b4b84c
  → Recovered missing Language ID for KLP via mapping: 06400ef3d7b040c19e96efe6c6c99991
  ✓ Resolved KLP link 'video:/Prolonged labour/2nd_stage_vacuum_extraction' → d3593a8a943b466cbd6d547681996aa6
Updated KLP 'klp-3-incision' -> 3369026d00a04dacb57fb85f092c409b
  ✓ Activated version: 687e708947d040ad9cd1413b8d0ec240
  → Recovered missing Language ID for KLP via mapping: 06400ef3d7b040c19e96efe6c6c99991
  ✓ Resolved KLP link 'video:/Prolonged labour/causes' → 3483bdebb6bd483c9cfadff68cb590be
Updated KLP 'klp-2-cephalic-occiput-posterior' -> 94e24faa2c154de99d1d53d4e1d1340e
  ✓ Activated version: 91598d779c054c34a290af79c76d2569
  → Recovered missing Language ID for KLP via mapping: 06400ef3d7b040c19e96efe6c6c99991
  ✓ Resolved KLP link 'video:/Prolonged labour/causes' → 3483bdebb6bd483c9cfadff68cb590be
Updated KLP 'klp-3-more-comfortable' -> 2eeb4103b3f244ff89a3369e8cd10506
  ✓ Activated version: 52bef0df5c5a49bfaa7e8a4587a7065a
  → Recovered missing Language ID for KLP via mapping: 06400ef3d7b040c19e96efe6c6c99991
  ✓ Resolved KLP link 'video:/Prolonged labour/1st_stage_latent_phase' → 76d320f0f2874985a3c24cc86f0a9493
Updated KLP 'klp-3-prolonged-first-stage-latent-phase' -> 5d5826b32773431cb7acc6d890032bfa
  ✓ Activated version: 662178cb0d254fd1b46c0c5f9d5a10c0
  → Recovered missing Language ID for KLP via mapping: 06400ef3d7b040c19e96efe6c6c99991
  ✓ Resolved KLP link 'video:/Prolonged labour/1st_stage_latent_phase' → 76d320f0f2874985a3c24cc86f0a9493
Updated KLP 'klp-3-contractions-causes-if-not-prolonged-latent-phase' -> a1ce8cbc87ef4c4284a2025985fffb9f
  ✓ Activated version: 60366ef8916946b4899055a53d9acf2f
  → Recovered missing Language ID for KLP via mapping: 06400ef3d7b040c19e96efe6c6c99991
  ✓ Resolved KLP link 'video:/Prolonged labour/1st_stage_active_phase' → 0b83b2932fe94c47857d315bcf336d7d
Updated KLP 'klp-1-prolonged-first-stage-active-phase' -> e856a33c000f40daa730802878a0c601
  ✓ Activated version: 87fe32c9cd364df09050664c7fe1a9f9
  → Recovered missing Language ID for KLP via mapping: 06400ef3d7b040c19e96efe6c6c99991
  ✓ Resolved KLP link 'video:/Prolonged labour/1st_stage_active_phase' → 0b83b2932fe94c47857d315bcf336d7d
Updated KLP 'klp-2-progress-of-labour' -> 73f055a0f6d8490ba87ba2f3598b6946
  ✓ Activated version: e3c1f6f0fc784d75b0b23527864c43cd
  → Recovered missing Language ID for KLP via mapping: 06400ef3d7b040c19e96efe6c6c99991
  ✓ Resolved KLP link 'video:/Prolonged labour/1st_stage_active_phase' → 0b83b2932fe94c47857d315bcf336d7d
Updated KLP 'klp-1-partograph-with-dilatation-between-alert-and-action-line' -> 04dc755bd9e7404188a722f97cb536ae
  ✓ Activated version: fc4da2fbabcb400cb0f383b7158ed255
  → Recovered missing Language ID for KLP via mapping: 06400ef3d7b040c19e96efe6c6c99991
  ✓ Resolved KLP link 'video:/Prolonged labour/1st_stage_active_phase' → 0b83b2932fe94c47857d315bcf336d7d
Updated KLP 'klp-2-cervical-dilatation' -> 217bde5c2a8c400babf829ec59b87127
  ✓ Activated version: c445824bc3294c61b2bd4e80863eaf0c
  → Recovered missing Language ID for KLP via mapping: 06400ef3d7b040c19e96efe6c6c99991
  ✓ Resolved KLP link 'procedure:foetal-heart-rate_1487245616159' → 1f870be16c904b15ada37974848332e3
Updated KLP 'klp-1-immediate-delivery' -> f3f60d356443461097cac49fe27ab980
  ✓ Activated version: f0756e6fe37a4280aaf42885a8964e0e
  → Recovered missing Language ID for KLP via mapping: 06400ef3d7b040c19e96efe6c6c99991
  ✓ Resolved KLP link 'procedure:vacuum-extractor_1487245649303' → afac8731991045aa9e6c3a20b4f1a051
Updated KLP 'klp-1-head-above-the-pubic-bone' -> ad4b51c1a040467f81335fa4a38ced1c
  ✓ Activated version: 494be518ce06402eb213a18bd4461c14
  → Recovered missing Language ID for KLP via mapping: 06400ef3d7b040c19e96efe6c6c99991
  ✓ Resolved KLP link 'video:/Prolonged labour/2nd_stage_vacuum_extraction' → d3593a8a943b466cbd6d547681996aa6
Updated KLP 'klp-3-posterior-fontanelle-where' -> 87a17bca9b0344118c73713b1af06f6d
  ✓ Activated version: 0aa7670a745a4320956ce7cdd19c3622
  → Recovered missing Language ID for KLP via mapping: 06400ef3d7b040c19e96efe6c6c99991
  ✓ Resolved KLP link 'video:/Prolonged labour/2nd_stage_vacuum_extraction' → d3593a8a943b466cbd6d547681996aa6
Updated KLP 'klp-2-posterior-fontanelle' -> c664b79d86af4bb382c062366cc71077
  ✓ Activated version: 5656173e37114d4fa521d22c43cb9930
  → Recovered missing Language ID for KLP via mapping: 06400ef3d7b040c19e96efe6c6c99991
  ✓ Resolved KLP link 'video:/Prolonged labour/2nd_stage_vacuum_extraction' → d3593a8a943b466cbd6d547681996aa6
Updated KLP 'klp-1-placing-the-cup' -> bc4300e2ec624f008de0426c786d38df
  ✓ Activated version: 80b2c0ee48894974871433d6323121b4
  → Recovered missing Language ID for KLP via mapping: 06400ef3d7b040c19e96efe6c6c99991
  ✓ Resolved KLP link 'video:/Prolonged labour/2nd_stage_vacuum_extraction' → d3593a8a943b466cbd6d547681996aa6
Updated KLP 'klp-1-check-for-maternal-tissue' -> ae9b0380257244069eec8c975caa2c2d
  ✓ Activated version: 120d201082eb4c618823008c4883ab2c
  → Recovered missing Language ID for KLP via mapping: 06400ef3d7b040c19e96efe6c6c99991
  ✓ Resolved KLP link 'video:/Prolonged labour/2nd_stage_vacuum_extraction' → d3593a8a943b466cbd6d547681996aa6
Updated KLP 'klp-3-flexion-point' -> 998e136c4eb549208d10938af7609046
  ✓ Activated version: dd43af05aaea4e1e81dbc888a578168a
  → Recovered missing Language ID for KLP via mapping: 06400ef3d7b040c19e96efe6c6c99991
  ✓ Resolved KLP link 'video:/Prolonged labour/2nd_stage_vacuum_extraction' → d3593a8a943b466cbd6d547681996aa6
Updated KLP 'klp-3-intact-perineum' -> f76daa6db09b4061a27cc763b58957ca
  ✓ Activated version: 20c98778ff344903b9211f884e4b119e
  → Recovered missing Language ID for KLP via mapping: 06400ef3d7b040c19e96efe6c6c99991
  ✓ Resolved KLP link 'video:/Prolonged labour/2nd_stage_prolonged' → 0c71aee072b34742b80194729d84676a
Updated KLP 'klp-2-prolonged-second-stage' -> bf56210b5d01427abad56223321c8fed
  ✓ Activated version: 2ec512ed0eab4d57bd4dceb91121cfcf
  → Recovered missing Language ID for KLP via mapping: 06400ef3d7b040c19e96efe6c6c99991
  ✓ Resolved KLP link 'video:/Post partum hemorrage/intro' → e147292e11364537a991e62ddbee64f4
Updated KLP 'klp-1-maternal-death' -> fe638dee3d574e479d4777337fba8191
  ✓ Activated version: 4eaa86464a354745825843d70a06056e
  → Recovered missing Language ID for KLP via mapping: 06400ef3d7b040c19e96efe6c6c99991
  ✓ Resolved KLP link 'video:/Post partum hemorrage/intro' → e147292e11364537a991e62ddbee64f4
Updated KLP 'klp-1-loss-of-tone' -> 0c661123537648f8919c8226c38e0b52
  ✓ Activated version: 1f78f075d46249c88fffe5242f02a4dd
  → Recovered missing Language ID for KLP via mapping: 06400ef3d7b040c19e96efe6c6c99991
  ✓ Resolved KLP link 'video:/Post partum hemorrage/intro' → e147292e11364537a991e62ddbee64f4
Updated KLP 'klp-1-call-for-help-then-stop-the-bleeding' -> 8a89bb4fa7724734819cde6e726ea0bb
  ✓ Activated version: c10a1f7d125447d2a569c4feabaa0b23
  → Recovered missing Language ID for KLP via mapping: 06400ef3d7b040c19e96efe6c6c99991
  ✓ Resolved KLP link 'video:/Post partum hemorrage/intro' → e147292e11364537a991e62ddbee64f4
Updated KLP 'klp-1-symptoms-for-pph' -> a1c176edc5c14bb98a6c4709562ddd1c
  ✓ Activated version: 9a02736a38c0412290eab8d8e869c9b1
  → Recovered missing Language ID for KLP via mapping: 06400ef3d7b040c19e96efe6c6c99991
  ✓ Resolved KLP link 'video:/Post partum hemorrage/intro' → e147292e11364537a991e62ddbee64f4
Updated KLP 'klp-1-occult-bleeding' -> 2bf320f342af40ee8ea0bd304c5a5a8e
  ✓ Activated version: c8b834a8c0e14e46b1f70c41c3b42daf
  → Recovered missing Language ID for KLP via mapping: 06400ef3d7b040c19e96efe6c6c99991
  ✓ Resolved KLP link 'video:/Post partum hemorrage/intro' → e147292e11364537a991e62ddbee64f4
Updated KLP 'klp-1-moderate-bleeding-characteristics' -> 8c613677849942e4876ccc0691c9a0fe
  ✓ Activated version: 596b513821994c07b44a1cecad897c09
  → Recovered missing Language ID for KLP via mapping: 06400ef3d7b040c19e96efe6c6c99991
  ✓ Resolved KLP link 'video:/Post partum hemorrage/uterus_massage' → d94528515bdd49228d0109a245bc9fd5
Updated KLP 'klp-3-uterine-massage' -> 8e23bf02e8ab4f42aa74f4167fa627aa
  ✓ Activated version: e892bb04a5c940398c7f36a92e20500e
  → Recovered missing Language ID for KLP via mapping: 06400ef3d7b040c19e96efe6c6c99991
  ✓ Resolved KLP link 'video:/Post partum hemorrage/empty_the_bladder' → c0dd6d5b084f4354b144c0d8557a335a
Updated KLP 'klp-2-empty-the-bladder' -> 82f05eac39074f33ad9f3799968d62f0
  ✓ Activated version: a06771f15db44ce8bd046f43903cba56
  → Recovered missing Language ID for KLP via mapping: 06400ef3d7b040c19e96efe6c6c99991
  ✓ Resolved KLP link 'video:/Post partum hemorrage/intro' → e147292e11364537a991e62ddbee64f4
Updated KLP 'klp-1-vital-signs' -> 9618775b348a4a759cfd5e915d5761e4
  ✓ Activated version: 895e7ea86e6244fdaf7998b80a458c71
  → Recovered missing Language ID for KLP via mapping: 06400ef3d7b040c19e96efe6c6c99991
  ✓ Resolved KLP link 'video:/Post partum hemorrage/intro' → e147292e11364537a991e62ddbee64f4
Updated KLP 'klp-1-strong-bleeding-characteristics' -> 8b8593dcfc314919871a665bf9f321ac
  ✓ Activated version: 80d440b51fb645f7b8cc85675112fce6
  → Recovered missing Language ID for KLP via mapping: 06400ef3d7b040c19e96efe6c6c99991
  ✓ Resolved KLP link 'video:/Post partum hemorrage/bimanual_compression' → 38c100ce603e4ff0bb9d567ea74644c7
Updated KLP 'klp-1-bimanual-compression' -> 2f644d57fb1c43c7a3559f9ff6cbe3c4
  ✓ Activated version: 1a9277d097f344bc845571f269ebb3d2
  → Recovered missing Language ID for KLP via mapping: 06400ef3d7b040c19e96efe6c6c99991
  ✓ Resolved KLP link 'video:/Post partum hemorrage/bimanual_compression' → 38c100ce603e4ff0bb9d567ea74644c7
Updated KLP 'klp-2-bimanual-compression-procedure' -> 4c10d926733d4fecb113bde4dba50743
  ✓ Activated version: 900d7e526c894a97a820aab486061978
  → Recovered missing Language ID for KLP via mapping: 06400ef3d7b040c19e96efe6c6c99991
  ✓ Resolved KLP link 'video:/Post partum hemorrage/bimanual_compression' → 38c100ce603e4ff0bb9d567ea74644c7
Updated KLP 'klp-2-bimanual-compression-type-of-gloves' -> 8776fc4cc9a84f5f9b30d268c890f2b9
  ✓ Activated version: 5d9bf614a3fc499bb803bd3dc12d7204
  → Recovered missing Language ID for KLP via mapping: 06400ef3d7b040c19e96efe6c6c99991
  ✓ Resolved KLP link 'drug:tranexamic-acid_1490713231363' → efec554769984a3189ac19d86b2f2014
Updated KLP 'klp-3-pph-drugs' -> 92003978d11043b2adde4185bb705eff
  ✓ Activated version: 4e689bf14ca441329d95808ad9f6287b
  → Recovered missing Language ID for KLP via mapping: 06400ef3d7b040c19e96efe6c6c99991
  ✓ Resolved KLP link 'drug:misoprostol_1487112562173' → 1ad5e35a0e4e4cec9e7fc137d85ed493
Updated KLP 'klp-2-carbetocin' -> fb311237df9d4e08b1cf09cecec93094
  ✓ Activated version: 93c897cb693e44448fdea78a39919020
  → Recovered missing Language ID for KLP via mapping: 06400ef3d7b040c19e96efe6c6c99991
  ✓ Resolved KLP link 'drug:ergometrine_1487103846814' → 2e600c6b443440e8acb6a72da07c1b85
Updated KLP 'klp-3-ergometrine' -> 7f6cadc1814b4a9d84b4f9610415c52d
  ✓ Activated version: 72bb80155bce4c9f9e72dc107955d40d
  → Recovered missing Language ID for KLP via mapping: 06400ef3d7b040c19e96efe6c6c99991
  ✓ Resolved KLP link 'video:/Post partum hemorrage/intro' → e147292e11364537a991e62ddbee64f4
Updated KLP 'klp-1-prioritize-manual-maneuvers' -> ff0e6d29f4144e25819cb77fed8de78c
  ✓ Activated version: 92ae59265701477fbadcc0cfe649cf4f
  → Recovered missing Language ID for KLP via mapping: 06400ef3d7b040c19e96efe6c6c99991
  ✓ Resolved KLP link 'video:/Post partum hemorrage/trauma' → 03559531e6a24145af064889bf7bfd09
Updated KLP 'klp-2-bleeding-from-a-vaginal-tear' -> 3c1486321a0144deb757c58e736d1e07
  ✓ Activated version: c0938e65ce4e4a4e98fb25ba430aa868
  → Recovered missing Language ID for KLP via mapping: 06400ef3d7b040c19e96efe6c6c99991
  ✓ Resolved KLP link 'video:/Post partum hemorrage/trauma' → 03559531e6a24145af064889bf7bfd09
Updated KLP 'klp-2-always-do-a-rectal-exploration' -> 94aa928bfad04597ab87d707d2547759
  ✓ Activated version: 40a17a2f568741f5b2ea9130f8d0d1b0
  → Recovered missing Language ID for KLP via mapping: 06400ef3d7b040c19e96efe6c6c99991
  ✓ Resolved KLP link 'video:/Post partum hemorrage/tissue' → bd4c3c06dfb048ccbdc4ed8364b08477
Updated KLP 'klp-2-placental-tissue-missing' -> 704506d7800343278209f40ccda7051c
  ✓ Activated version: 1898734235264110b52c83cc1b26e9f6
  → Recovered missing Language ID for KLP via mapping: 06400ef3d7b040c19e96efe6c6c99991
  ✓ Resolved KLP link 'video:/Post partum hemorrage/tissue' → bd4c3c06dfb048ccbdc4ed8364b08477
Updated KLP 'klp-2-treatment-if-there-is-placental-tissue-missing' -> d58b268bca0342a6b1c78d947544152f
  ✓ Activated version: e0a4d1086d7e4c7fb31e0b5aec9465bd
  → Recovered missing Language ID for KLP via mapping: 06400ef3d7b040c19e96efe6c6c99991
  ✓ Resolved KLP link 'video:/Post partum hemorrage/tissue' → bd4c3c06dfb048ccbdc4ed8364b08477
Updated KLP 'klp-3-removal-tissue' -> a6b0bda13aec4cc3aa75639684bd61b1
  ✓ Activated version: 71e6e0a4cbce4134862a0dd0a246f300
  → Recovered missing Language ID for KLP via mapping: 06400ef3d7b040c19e96efe6c6c99991
  ✓ Resolved KLP link 'video:/Post partum hemorrage/resuscitation' → 65f22e8fe53243a0ac8af76bf61062b4
Updated KLP 'klp-2-pph-resuscitation' -> 28f62838c1df4fc9af5114daeacf7228
  ✓ Activated version: aba6c5ad45184d519842edf164f3bf5e
  → Recovered missing Language ID for KLP via mapping: 06400ef3d7b040c19e96efe6c6c99991
  ✓ Resolved KLP link 'video:/Post partum hemorrage/monitoring_after_bleeding' → e54c64e3a7e8474bbd75075d9cf95ba4
Updated KLP 'klp-3-when-to-measure-hemoglobin' -> b03a2a2e94724757838e23b81faddec8
  ✓ Activated version: 0b49311308dc4ef08a1255719dcbf86e
  → Recovered missing Language ID for KLP via mapping: 06400ef3d7b040c19e96efe6c6c99991
  ✓ Resolved KLP link 'video:/Post partum hemorrage/monitoring_after_bleeding' → e54c64e3a7e8474bbd75075d9cf95ba4
Updated KLP 'klp-2-observation-after-treatment-pph' -> 574cc786dc10406cbca2a404c61c1da4
  ✓ Activated version: daef5689bf4f4ed78dce93ba15fb556e
  → Recovered missing Language ID for KLP via mapping: 06400ef3d7b040c19e96efe6c6c99991
  ✓ Resolved KLP link 'procedure:condom-balloon-tamponade_1490714664807' → 1019d4bc3d0146c99a70b23f045d2a77
Updated KLP 'klp-3-cbt-is-indicated' -> a65f051172fa41618b7f8279fccc8bda
  ✓ Activated version: a27a1b55706040b4b312fc83e54a50fb
  → Recovered missing Language ID for KLP via mapping: 06400ef3d7b040c19e96efe6c6c99991
  ✓ Resolved KLP link 'action-card:1-uterus_1486846813345' → 7ac874d1693d4b1995029073ea399089
Updated KLP 'klp-3-the-causes-of-vaginal-bleeding' -> fc377553363841deae870dc87d13a2b3
  ✓ Activated version: 4f77ac4533d54345852ae599418dde3f
  → Recovered missing Language ID for KLP via mapping: 06400ef3d7b040c19e96efe6c6c99991
  ✓ Resolved action-card link 'action-card:2-legs_1486846790935' via suffix match → res-action-card-africa-2-legs
  ✓ Resolved KLP link 'action-card:2-legs_1486846790935' → 886c4170c12f42559c303c54adca29af
Updated KLP 'klp-2-positioning-pph' -> 49c7ec47252e471fb8bb0afb0677088a
  ✓ Activated version: ba6067526cdf4a89806730d7f96301cb
  → Recovered missing Language ID for KLP via mapping: 06400ef3d7b040c19e96efe6c6c99991
  ✓ Resolved KLP link 'video:/Post partum hemorrage/resuscitation' → 65f22e8fe53243a0ac8af76bf61062b4
Updated KLP 'klp-2-positioning-vital-organs' -> 55b40e8ecc25491d895febc55fb58513
  ✓ Activated version: 63ebb7c8364e49f5994b4d6500be8c80
  → Recovered missing Language ID for KLP via mapping: 06400ef3d7b040c19e96efe6c6c99991
  ✓ Resolved action-card link 'action-card:2-legs_1486846790935' via suffix match → res-action-card-africa-2-legs
  ✓ Resolved KLP link 'action-card:2-legs_1486846790935' → 886c4170c12f42559c303c54adca29af
Updated KLP 'klp-3-actions-helper-at-the-head' -> 8257f78d8252439c9b6e707db97cdd44
  ✓ Activated version: 86b6fd5f5fe947f0bf28e58e40cb40c0
  → Recovered missing Language ID for KLP via mapping: 06400ef3d7b040c19e96efe6c6c99991
  ✓ Resolved action-card link 'action-card:3-arms_1486846769297' via suffix match → res-action-card-africa-3-arms
  ✓ Resolved KLP link 'action-card:3-arms_1486846769297' → d3c2a5e5eee24a36a2c848ef1663532c
Updated KLP 'klp-3-actions-helper-at-the-arm' -> 7c58b5f3979f4ff5a3b4713be362002a
  ✓ Activated version: 6469bea3a52941338a29d0684d6f020e
  → Recovered missing Language ID for KLP via mapping: 06400ef3d7b040c19e96efe6c6c99991
  ✓ Resolved KLP link 'video:/Post partum hemorrage/monitoring_after_bleeding' → e54c64e3a7e8474bbd75075d9cf95ba4
Updated KLP 'klp-1-referral-pph' -> d49508cdad814b6bb59516af7b92cacd
  ✓ Activated version: 9c50a61d0e2042f58786ae08c0087b96
  → Recovered missing Language ID for KLP via mapping: 06400ef3d7b040c19e96efe6c6c99991
  ✓ Resolved KLP link 'drug:oxytocin_1487156988152' → 8134a1b103c64d459f5a22ef0859a669
Updated KLP 'klp-3-iv-fluids-pph' -> 0a10253308de4c0688a4d523875e6b76
  ✓ Activated version: 26af1fdab8054e6db200caa5258c4c4b
  → Recovered missing Language ID for KLP via mapping: 06400ef3d7b040c19e96efe6c6c99991
  ✓ Resolved KLP link 'video:/Manual removal of placenta/aorta_compression' → 85f1b82a0b034471b9c791cd21e0ca4b
Updated KLP 'klp-1-how-aorta-compression' -> 8301ca9e71c2424b906305275410358b
  ✓ Activated version: 15615214a7ea4d8794a8d65291463b7c
  → Recovered missing Language ID for KLP via mapping: 06400ef3d7b040c19e96efe6c6c99991
  ✓ Resolved KLP link 'video:/Post partum hemorrage/resuscitation' → 65f22e8fe53243a0ac8af76bf61062b4
Updated KLP 'klp-3-cardiovascular-symptoms-pph' -> e924e0bd6c714582a18d2e856efcd6c8
  ✓ Activated version: a3869e290a0741b6ab862e29dd500419
  → Recovered missing Language ID for KLP via mapping: 06400ef3d7b040c19e96efe6c6c99991
  ✓ Resolved KLP link 'video:/Manual removal of placenta/intro' → 205ec9fa88cb4355b42217ead42bf369
Updated KLP 'klp-1-time-before-placenta-is-born' -> 52896e6a04fc41e381d49bf0951561c3
  ✓ Activated version: 7a037e7683c843d9be71e4ad0c6cfc45
  → Recovered missing Language ID for KLP via mapping: 06400ef3d7b040c19e96efe6c6c99991
  ✓ Resolved KLP link 'video:/Manual removal of placenta/intro' → 205ec9fa88cb4355b42217ead42bf369
Updated KLP 'klp-1-remove-manually' -> c54e51f22c7c4983b5c2f4a752145678
  ✓ Activated version: 568e0d7fad234e089ccb23d0d76bf6dd
  → Recovered missing Language ID for KLP via mapping: 06400ef3d7b040c19e96efe6c6c99991
  ✓ Resolved KLP link 'video:/Manual removal of placenta/intro' → 205ec9fa88cb4355b42217ead42bf369
Updated KLP 'klp-1-life-threatening' -> b1dacbcfb20741b1b6a7acb719886803
  ✓ Activated version: 44509c434a3149ec8e6e0c9f3a18f114
  → Recovered missing Language ID for KLP via mapping: 06400ef3d7b040c19e96efe6c6c99991
  ✓ Resolved KLP link 'video:/Manual removal of placenta/intro' → 205ec9fa88cb4355b42217ead42bf369
Updated KLP 'klp-1-overall-action' -> d16b46be6bf84c828608d0f1880a5988
  ✓ Activated version: e9b9f26cb3eb40ff9f90e92cd217ae42
  → Recovered missing Language ID for KLP via mapping: 06400ef3d7b040c19e96efe6c6c99991
  ✓ Resolved KLP link 'video:/Manual removal of placenta/aorta_compression' → 85f1b82a0b034471b9c791cd21e0ca4b
Updated KLP 'klp-3-mother-in-shock' -> 860fea9e7f784bbda229143847ef6f65
  ✓ Activated version: 5077d8be2ff04d928132fc70d6e98636
  → Recovered missing Language ID for KLP via mapping: 06400ef3d7b040c19e96efe6c6c99991
Warning: Could not resolve drug link 'drug:/Manual removal of placenta/aorta_compression'. Candidates: ['res-drug-mena-manual-removal-of-placenta-aorta-compression', 'res-drug-manual-removal-of-placenta-aorta-compression']
  ℹ️  No localized resource found for 'drug:/Manual removal of placenta/aorta_compression' (lang: 2d9ef8a4-5277-6f3f-7f88-3db2cfb9c610). Skipping (no global fallback).
  ⚠ Warning: Link 'drug:/Manual removal of placenta/aorta_compression' could not be resolved or created, removing from question
Updated KLP 'klp-1-pain-relief-1' -> 176bdfd0e90e435a8654dc32aaeb85ae
  ✓ Activated version: 195726a91b4c45bcac47f158d89c0f3a
  → Recovered missing Language ID for KLP via mapping: 06400ef3d7b040c19e96efe6c6c99991
  ✓ Resolved KLP link 'video:/Manual removal of placenta/aorta_compression' → 85f1b82a0b034471b9c791cd21e0ca4b
Updated KLP 'klp-3-adequate-aorta-compression' -> bea179b1c67f496897990b9e9220d1f6
  ✓ Activated version: fb246321e3994beba45ce9cad42fa6c1
  → Recovered missing Language ID for KLP via mapping: 06400ef3d7b040c19e96efe6c6c99991
  ✓ Resolved KLP link 'video:/Manual removal of placenta/aorta_compression' → 85f1b82a0b034471b9c791cd21e0ca4b
Updated KLP 'klp-2-maintain-compression' -> cb3d03375220408a86413fdf11fe5f64
  ✓ Activated version: f32924c237534df6a34502d96ff60f86
  → Recovered missing Language ID for KLP via mapping: 06400ef3d7b040c19e96efe6c6c99991
  ✓ Resolved KLP link 'video:/Manual removal of placenta/resuscitation' → 058a013bad5f46c2bcf856c723bcc017
Updated KLP 'klp-3-iv-fluid' -> 9faf762e80c04d0bad51680d39ee189e
  ✓ Activated version: b9852132ce78471f9050c30d52d01e37
  → Recovered missing Language ID for KLP via mapping: 06400ef3d7b040c19e96efe6c6c99991
  ✓ Resolved KLP link 'video:/Manual removal of placenta/resuscitation' → 058a013bad5f46c2bcf856c723bcc017
Updated KLP 'klp-3-fluid-gives-fast' -> a6551c4b7a554470a961209aac378f7b
  ✓ Activated version: 6704c716c0914094b61a0d48cd34fba4
  → Recovered missing Language ID for KLP via mapping: 06400ef3d7b040c19e96efe6c6c99991
  ✓ Resolved KLP link 'video:/Manual removal of placenta/resuscitation' → 058a013bad5f46c2bcf856c723bcc017
Updated KLP 'klp-3-blood-transfusion' -> 2290f5ca99cd49e2b860ba04c26771b1
  ✓ Activated version: 7c7480fdb5474f40b32941424cff4ff6
  → Recovered missing Language ID for KLP via mapping: 06400ef3d7b040c19e96efe6c6c99991
  ✓ Resolved KLP link 'video:/Manual removal of placenta/drugs_before_removal' → 02e4dcf2d3374bd79248f4c87171fa07
Updated KLP 'klp-2-pain-relief' -> c61e176b72de40129ec75f4f0f3959c4
  ✓ Activated version: bbaf457c9bc943b1aca1e7db3421c531
  → Recovered missing Language ID for KLP via mapping: 06400ef3d7b040c19e96efe6c6c99991
  ✓ Resolved KLP link 'video:/Manual removal of placenta/drugs_before_removal' → 02e4dcf2d3374bd79248f4c87171fa07
Updated KLP 'klp-2-pain-relief-and-aorta-compression' -> 087bfa80c8bf42478801ae319bc7aff4
  ✓ Activated version: 2efa6777e6ec45d599a6ea971a8687fb
  → Recovered missing Language ID for KLP via mapping: 06400ef3d7b040c19e96efe6c6c99991
  ✓ Resolved KLP link 'video:/Manual removal of placenta/gloves' → c7b6f8355c444b5692c11047ef97978d
Updated KLP 'klp-3-gloves-and-manual-removal-of-placenta' -> a013c48f8ce5475390abaf3b98b3a9b2
  ✓ Activated version: 4c6b6f7cc1664279b35fba152543113f
  → Recovered missing Language ID for KLP via mapping: 06400ef3d7b040c19e96efe6c6c99991
  ✓ Resolved KLP link 'video:/Manual removal of placenta/remove_the_placenta' → 58296c6202ba450a99b8d620d71154da
Updated KLP 'klp-1-right-order-for-removal-of-placenta' -> 32b500b885bc4444b6cbd6f2e2a75f3f
  ✓ Activated version: d0683d973c004e7992760e045156ca38
  → Recovered missing Language ID for KLP via mapping: 06400ef3d7b040c19e96efe6c6c99991
  ✓ Resolved KLP link 'video:/Manual removal of placenta/monitoring' → aa56ad13b09449718796bf8f9f710c28
Updated KLP 'klp-1-action-right-after-removal' -> 8c67fdd8f98043bfa80fec8089e69863
  ✓ Activated version: 5875bd3967f945429ed525da744cc352
  → Recovered missing Language ID for KLP via mapping: 06400ef3d7b040c19e96efe6c6c99991
  ✓ Resolved KLP link 'video:/Manual removal of placenta/remove_the_placenta' → 58296c6202ba450a99b8d620d71154da
Updated KLP 'klp-1-the-overall-action-to-control-pph' -> 9b76e4e55ad74662a81018696126bfb6
  ✓ Activated version: a3bea336c0ea477cb3758a36a9942f41
  → Recovered missing Language ID for KLP via mapping: 06400ef3d7b040c19e96efe6c6c99991
  ✓ Resolved KLP link 'procedure:condom-balloon-tamponade_1490714664807' → 1019d4bc3d0146c99a70b23f045d2a77
Updated KLP 'klp-3-condom-balloon-tamponade' -> ecdb56dba39f4838aa331879e7fd7693
  ✓ Activated version: 7e30b67b5c3b4d7daac648d1cef86501
  → Recovered missing Language ID for KLP via mapping: 06400ef3d7b040c19e96efe6c6c99991
  ✓ Resolved KLP link 'video:/Manual removal of placenta/drugs_after_removal' → 4f9f7ac48332441bb72010e7d593269b
Updated KLP 'klp-2-drug-after-removal-of-placenta' -> a7d7d870871d405083bbc37c936c433e
  ✓ Activated version: 129d4182e9a74dcbac7dc87c37f36c29
  → Recovered missing Language ID for KLP via mapping: 06400ef3d7b040c19e96efe6c6c99991
  ✓ Resolved KLP link 'video:/Manual removal of placenta/monitoring' → aa56ad13b09449718796bf8f9f710c28
Updated KLP 'klp-2-day-after-recommendations' -> 9a8c53a104f4435d8fd7803b84b696ca
  ✓ Activated version: 903a8b7509ff4082857403733cbcd877
  → Recovered missing Language ID for KLP via mapping: 06400ef3d7b040c19e96efe6c6c99991
  ✓ Resolved KLP link 'action-card:emergency-referral_1490716065855' → 317a6c7f928c462089bdee8f33d35fff
Updated KLP 'klp-1-refer-manual-removal' -> 927b1fa9257347b4856ee21d06600063
  ✓ Activated version: b52fa3ab85894157ba1033c418687a44
  → Recovered missing Language ID for KLP via mapping: 06400ef3d7b040c19e96efe6c6c99991
Updated KLP 'klp-1-manual-removal-bemonc' -> e431ed93a5f24221be0b6833285341dd
  ✓ Activated version: 383f12d7a6464eb5abad2e921d51e8c1
  → Recovered missing Language ID for KLP via mapping: 06400ef3d7b040c19e96efe6c6c99991
  ✓ Resolved KLP link 'video:/Manual removal of placenta/intro' → 205ec9fa88cb4355b42217ead42bf369
Updated KLP 'klp-2-when-manual-removal' -> 5b1aa03d3d984d90b21053061af9c2d7
  ✓ Activated version: 7cfb26192fd04880b782cbc7a60c9a31
  → Recovered missing Language ID for KLP via mapping: 06400ef3d7b040c19e96efe6c6c99991
  ✓ Resolved KLP link 'video:/Manual removal of placenta/intro' → 205ec9fa88cb4355b42217ead42bf369
Updated KLP 'klp-3-heavy-bleeding' -> 3e38d737adbb432facb0a90ed077d2b9
  ✓ Activated version: c43fa5c433e6400d8524991168ac17f8
  → Recovered missing Language ID for KLP via mapping: 06400ef3d7b040c19e96efe6c6c99991
  ✓ Resolved KLP link 'video:/Manual removal of placenta/intro' → 205ec9fa88cb4355b42217ead42bf369
Updated KLP 'klp-2-blood-inside-uterus' -> b333050ccb2f4205909e5cb70da01b5e
  ✓ Activated version: 3e89be68be214a8b984bcab44ed8f061
  → Recovered missing Language ID for KLP via mapping: 06400ef3d7b040c19e96efe6c6c99991
  ✓ Resolved KLP link 'video:/Manual removal of placenta/intro' → 205ec9fa88cb4355b42217ead42bf369
Updated KLP 'klp-2-excessive-bleeding' -> 051ad864faf3459d9e7648e77c6af1f7
  ✓ Activated version: 1a24b08f486c4884b3fb2ccdd73531f3
  → Recovered missing Language ID for KLP via mapping: 06400ef3d7b040c19e96efe6c6c99991
  ✓ Resolved KLP link 'video:/Manual removal of placenta/aorta_compression' → 85f1b82a0b034471b9c791cd21e0ca4b
Updated KLP 'klp-2-stop-bleeding-retained-placenta' -> f94c006f31aa4f999700e6854e09a86d
  ✓ Activated version: 0f78eb157ffa481f8664a674a502ef13
  → Recovered missing Language ID for KLP via mapping: 06400ef3d7b040c19e96efe6c6c99991
  ✓ Resolved KLP link 'video:/Manual removal of placenta/resuscitation' → 058a013bad5f46c2bcf856c723bcc017
Updated KLP 'klp-3-resuscitation' -> 0a1f31a79e704e24aaa01ed7809ced7c
  ✓ Activated version: 3038c9934b24403eb3e1262a28a2eb0d
  → Recovered missing Language ID for KLP via mapping: 06400ef3d7b040c19e96efe6c6c99991
  ✓ Resolved KLP link 'video:/Manual removal of placenta/resuscitation' → 058a013bad5f46c2bcf856c723bcc017
Updated KLP 'klp-2-stop-compression-at-resuscitation' -> cd28c37c1a42436c83406d98f622df0a
  ✓ Activated version: 4db261c0881a4886a15b77878e43ffcc
  → Recovered missing Language ID for KLP via mapping: 06400ef3d7b040c19e96efe6c6c99991
  ✓ Resolved KLP link 'video:/Manual removal of placenta/remove_the_placenta' → 58296c6202ba450a99b8d620d71154da
Updated KLP 'klp-3-how-to-manually-remove-the-placenta' -> 7eed9458dd564192aa6aadc687afdd52
  ✓ Activated version: 09f8b36089c64b69b54ed2057494edb4
  → Recovered missing Language ID for KLP via mapping: 06400ef3d7b040c19e96efe6c6c99991
  ✓ Resolved KLP link 'video:/Manual removal of placenta/remove_the_placenta' → 58296c6202ba450a99b8d620d71154da
Updated KLP 'klp-2-aorta-compression-and-manual-removal' -> 914958e731ef4027bdb20f5054e0a361
  ✓ Activated version: 77df5f9ce888489099328f421f8462ee
  → Recovered missing Language ID for KLP via mapping: 06400ef3d7b040c19e96efe6c6c99991
  ✓ Resolved KLP link 'video:/Manual removal of placenta/remove_the_placenta' → 58296c6202ba450a99b8d620d71154da
Updated KLP 'klp-1-repeat-intrauterine-palpation' -> 868d4df64d164afdb1815b7a6dd76b32
  ✓ Activated version: df67d822008f4af0b91b63228eaa796c
  → Recovered missing Language ID for KLP via mapping: 06400ef3d7b040c19e96efe6c6c99991
  ✓ Resolved KLP link 'video:/Manual removal of placenta/remove_the_placenta' → 58296c6202ba450a99b8d620d71154da
Updated KLP 'klp-2-manual-compression-ended-aorta-compression' -> a214cdc4c9254c55abb429f2b8ac2e08
  ✓ Activated version: 23bed09a6b60432c925182d2da5cf09e
  → Recovered missing Language ID for KLP via mapping: 06400ef3d7b040c19e96efe6c6c99991
  ✓ Resolved KLP link 'video:/Manual removal of placenta/remove_the_placenta' → 58296c6202ba450a99b8d620d71154da
Updated KLP 'klp-3-action-after-removal' -> eb01b0f033254ec19f53a118a1018de0
  ✓ Activated version: 8d7ab2c33d44413d8be3e03b7d48c577
  → Recovered missing Language ID for KLP via mapping: 06400ef3d7b040c19e96efe6c6c99991
Updated KLP 'klp-3-after-removal-of-placenta' -> 350c897c28be4f0988a92e92910b29c4
  ✓ Activated version: 34648043a69f424bb17f46c08a05b06e
  → Recovered missing Language ID for KLP via mapping: 06400ef3d7b040c19e96efe6c6c99991
  ✓ Resolved KLP link 'video:/Manual removal of placenta/monitoring' → aa56ad13b09449718796bf8f9f710c28
Updated KLP 'klp-1-action-right-after-removal-of-placenta' -> ff492860b62e441791a734de51599237
  ✓ Activated version: 7b55f5216b4e430680d9386697a75b1f
  → Recovered missing Language ID for KLP via mapping: 06400ef3d7b040c19e96efe6c6c99991
  ✓ Resolved KLP link 'video:/Maternal sepsis/intro' → bd3498c63e424f8ab7c5cc291ba80f6e
Updated KLP 'klp-1-meaning-of-sepsis' -> 5175f112ce0048e9a553d6a92dfb5542
  ✓ Activated version: 8924bb9720324cc498ba5718f396bb74
  → Recovered missing Language ID for KLP via mapping: 06400ef3d7b040c19e96efe6c6c99991
  ✓ Resolved KLP link 'video:/Maternal sepsis/how_to_diagnose_definitions' → 4ad35d4aefdc4232908cc798b7374d38
Updated KLP 'klp-1-diagnose-sepsis' -> 2185207c582d4bdabe282d16421d10bb
  ✓ Activated version: 4fbabf6c27aa4ec8bb80bd91e6432f00
  → Recovered missing Language ID for KLP via mapping: 06400ef3d7b040c19e96efe6c6c99991
  ✓ Resolved KLP link 'video:/Maternal sepsis/how_to_diagnose_definitions' → 4ad35d4aefdc4232908cc798b7374d38
Updated KLP 'klp-1-septic-shock' -> 77e66c4f2c0a45099bfe06e2fef1259e
  ✓ Activated version: 899521b442c74ef89a9233c94a73b8df
  → Recovered missing Language ID for KLP via mapping: 06400ef3d7b040c19e96efe6c6c99991
  ✓ Resolved KLP link 'video:/Maternal sepsis/how_to_diagnose_definitions' → 4ad35d4aefdc4232908cc798b7374d38
Updated KLP 'klp-1-vital-signs' -> 9618775b348a4a759cfd5e915d5761e4
  ✓ Activated version: a0038c5ad8274300ba9f3d3917e3af3b
  → Recovered missing Language ID for KLP via mapping: 06400ef3d7b040c19e96efe6c6c99991
  ✓ Resolved KLP link 'video:/Maternal sepsis/following_management' → ecfbe7367701445e9563c95473cc8747
Updated KLP 'klp-2-importance-of-fluid-management' -> 8627a7fd4e4742429bd3339e0175dea1
  ✓ Activated version: 0abaa1bc34524b6c90dc3e9f064dc210
  → Recovered missing Language ID for KLP via mapping: 06400ef3d7b040c19e96efe6c6c99991
  ✓ Resolved KLP link 'video:/Active management of third stage labour/controlled_cord_traction' → 0c936a76f9984a60942ebfa349be6a0b
Updated KLP 'klp-2-assessment-of-fluid-balance' -> 8ab2be40228c401b991b9c53e9123e83
  ✓ Activated version: b09b30f5eb94463db92371f978647b11
  → Recovered missing Language ID for KLP via mapping: 06400ef3d7b040c19e96efe6c6c99991
  ✓ Resolved KLP link 'video:/Maternal sepsis/following_management' → ecfbe7367701445e9563c95473cc8747
Updated KLP 'klp-2-fluid-balance-be-calculated' -> 866397518c8f4aebb37e08ad375d1478
  ✓ Activated version: bf5b5463d87c4524af79ee93cbd3fc25
  → Recovered missing Language ID for KLP via mapping: 06400ef3d7b040c19e96efe6c6c99991
  ⚠ Ambiguous action-card link 'action-card:following-management_1486840964786', 2 suffix matches: ['res-action-card-post-abortion-care-following-management', 'res-action-card-maternal-sepsis-following-management']. Using first.
  ✓ Resolved KLP link 'action-card:following-management_1486840964786' → adaf3c1078af44859721fa42ec6921f9
Updated KLP 'klp-2-fluid-balance-be' -> 9ab80ea0ce7c451eadf9ec89726af9fc
  ✓ Activated version: 0be76449095a4418bbfca4603e6c8914
  → Recovered missing Language ID for KLP via mapping: 06400ef3d7b040c19e96efe6c6c99991
  ✓ Resolved KLP link 'video:/Maternal sepsis/following_management' → ecfbe7367701445e9563c95473cc8747
Updated KLP 'klp-2-in-case-of-a-septic-shock-it-should-be-calculated-each-hour' -> afd77dbc146443239ff221f910c69e94
  ✓ Activated version: 5782347342e94c749d630f22e3796aa4
  → Recovered missing Language ID for KLP via mapping: 06400ef3d7b040c19e96efe6c6c99991
  ✓ Resolved KLP link 'video:/Maternal sepsis/intro' → bd3498c63e424f8ab7c5cc291ba80f6e
Updated KLP 'klp-2-complications-to-sepsis' -> 5ef8bd6f0bb14904a296ce7eaa22656c
  ✓ Activated version: 314e8e0649d04889ba89aae12ec2a436
  → Recovered missing Language ID for KLP via mapping: 06400ef3d7b040c19e96efe6c6c99991
  ✓ Resolved KLP link 'video:/Maternal sepsis/how_to_manage' → 797fd3d77b4a4615ba103f5bc1d31478
Updated KLP 'klp-1-initial-management' -> 49554ab2f2d3434aabdb6fa635107db5
  ✓ Activated version: 7afac5fae1be478ebcd2b578b2a31bdc
  → Recovered missing Language ID for KLP via mapping: 06400ef3d7b040c19e96efe6c6c99991
  ✓ Resolved KLP link 'video:/Maternal sepsis/how_to_manage' → 797fd3d77b4a4615ba103f5bc1d31478
Updated KLP 'klp-2-circulation' -> 6ae99c7b5f0f42c0ae29b0b6283e2081
  ✓ Activated version: 04c36ac1dc6e4cd18e187ec3a5b2baaa
  → Recovered missing Language ID for KLP via mapping: 06400ef3d7b040c19e96efe6c6c99991
  ✓ Resolved KLP link 'video:/Maternal sepsis/how_to_manage' → 797fd3d77b4a4615ba103f5bc1d31478
Updated KLP 'klp-3-drugs' -> 8a614f4290fc4e8bb4a4a8c50daae791
  ✓ Activated version: 8dc632abe8f143a4a0f3bc1f18f71dba
  → Recovered missing Language ID for KLP via mapping: 06400ef3d7b040c19e96efe6c6c99991
  ✓ Resolved KLP link 'video:/Maternal sepsis/how_to_manage' → 797fd3d77b4a4615ba103f5bc1d31478
Updated KLP 'klp-3-ampicillin-sepsis' -> ab888682a418422a8c881e5999fabd9f
  ✓ Activated version: 8f3a5017024f442d8266fe1ac74c12da
  → Recovered missing Language ID for KLP via mapping: 06400ef3d7b040c19e96efe6c6c99991
  ✓ Resolved KLP link 'video:/Maternal sepsis/how_to_manage' → 797fd3d77b4a4615ba103f5bc1d31478
Updated KLP 'klp-3-gentamicin' -> 4fe0d4304e6f4f30ae3338c439be66db
  ✓ Activated version: 871c36e3d11944329b890afa8b019aa9
  → Recovered missing Language ID for KLP via mapping: 06400ef3d7b040c19e96efe6c6c99991
  ✓ Resolved KLP link 'video:/Maternal sepsis/how_to_manage' → 797fd3d77b4a4615ba103f5bc1d31478
Updated KLP 'klp-3-metronidazole' -> 9dc2f05e344547658d26130bcf941c5b
  ✓ Activated version: 87905720ccb549c69bba8479e83a3b8e
  → Recovered missing Language ID for KLP via mapping: 06400ef3d7b040c19e96efe6c6c99991
  ✓ Resolved KLP link 'drug:ceftriaxone_1487080443380' → f9c06be97a3c467088cb60483edf973d
Updated KLP 'klp-3-ceftriaxone' -> 49d531d78d9f41a2b584fac38007e75d
  ✓ Activated version: f4c94c4db3594c10ac97f8b6285f13e1
  → Recovered missing Language ID for KLP via mapping: 06400ef3d7b040c19e96efe6c6c99991
  ✓ Resolved KLP link 'drug:tetracycline_1505122257639' → b3ede20658414376aa0290b795714734
Updated KLP 'klp-3-tetracycline' -> 0ee6a8addf8b4cd0822b45b0f73b605d
  ✓ Activated version: 19d161d086d44c719ef6b6489fb14607
  → Recovered missing Language ID for KLP via mapping: 06400ef3d7b040c19e96efe6c6c99991
  ✓ Resolved KLP link 'drug:chloramphenicol_1487097224306' → 0b162e3b7424405489bd287bcc2ec3de
Updated KLP 'klp-3-chloramphenicol' -> d9568d1d8f224be09e63f993e273a40e
  ✓ Activated version: feb6747c6d184453b9973126e6261cf5
  → Recovered missing Language ID for KLP via mapping: 06400ef3d7b040c19e96efe6c6c99991
  ✓ Resolved KLP link 'video:/Maternal sepsis/origin_of_infection' → c930be63fdcf4e65879771b1ec8346ef
Updated KLP 'klp-2-malaria' -> 56b0a0fb5d4242e6a2e2035b635d6af4
  ✓ Activated version: 7147831df2d44a729c71bf884d36022d
  → Recovered missing Language ID for KLP via mapping: 06400ef3d7b040c19e96efe6c6c99991
  ✓ Resolved KLP link 'video:/Maternal sepsis/origin_of_infection' → c930be63fdcf4e65879771b1ec8346ef
Updated KLP 'klp-3-malaria-drugs' -> d3292b0e8249480cb70ce412657fe8c6
  ✓ Activated version: efa80acb1f234ae693d52ab69a875535
  → Recovered missing Language ID for KLP via mapping: 06400ef3d7b040c19e96efe6c6c99991
  ✓ Resolved KLP link 'drug:artesunate_1487078838130' → a77b770a890840ea83822337e8f75f96
Updated KLP 'klp-3-artesunate' -> 1e92611a000e4fa0bf4957c6a5e78641
  ✓ Activated version: 963c09d796e0416bab210fb1fefeebd6
  → Recovered missing Language ID for KLP via mapping: 06400ef3d7b040c19e96efe6c6c99991
  ✓ Resolved KLP link 'drug:quinine_1487158788622' → 6c50f9ca2bfc47a49da29a45f465d130
Updated KLP 'klp-3-quinine' -> 011c74d7d850402ebb3640afbee7624c
  ✓ Activated version: b4b73f4c7f834939bad6f5b38218c9c8
  → Recovered missing Language ID for KLP via mapping: 06400ef3d7b040c19e96efe6c6c99991
  ✓ Resolved KLP link 'drug:artesunate_1487078838130' → a77b770a890840ea83822337e8f75f96
Updated KLP 'klp-3-dosage-artesunate' -> 87aab23189c04b4dafcacbf52e911cbb
  ✓ Activated version: 1d81780f7fb946cd8c3eef8ea8c31f3e
  → Recovered missing Language ID for KLP via mapping: 06400ef3d7b040c19e96efe6c6c99991
  ✓ Resolved KLP link 'drug:quinine_1487158788622' → 6c50f9ca2bfc47a49da29a45f465d130
Updated KLP 'klp-3-dosage-quinine' -> ffb9f309fc5d40d1a7080d0f19cd0b2c
  ✓ Activated version: 55afcd2b43424109b782c54a9ecdbe4a
  → Recovered missing Language ID for KLP via mapping: 06400ef3d7b040c19e96efe6c6c99991
  ✓ Resolved KLP link 'video:/Maternal sepsis/origin_of_infection' → c930be63fdcf4e65879771b1ec8346ef
Updated KLP 'klp-1-the-6-ws' -> 82b55b928e764ba5b0b62b9ba72a756f
  ✓ Activated version: 412143320ac84a9389b07566266d40f6
  → Recovered missing Language ID for KLP via mapping: 06400ef3d7b040c19e96efe6c6c99991
  ✓ Resolved KLP link 'video:/Maternal sepsis/origin_of_infection' → c930be63fdcf4e65879771b1ec8346ef
Updated KLP 'klp-1-the-6-ws-continue' -> ff31f596a8a640f99c4190df480f2381
  ✓ Activated version: dc4c13fb3992475ba081905d2983e416
  → Recovered missing Language ID for KLP via mapping: 06400ef3d7b040c19e96efe6c6c99991
  ✓ Resolved action-card link 'action-card:identify-cause_1486841405518' via suffix match → res-action-card-maternal-sepsis-identify-cause
  ✓ Resolved KLP link 'action-card:identify-cause_1486841405518' → d35c7a27f7294b12864eb6ea3f3be107
Updated KLP 'klp-2-chorioamnionitis' -> a6bd5e3df0c24a468f221f0b3d2336b3
  ✓ Activated version: 61d05c517ad049398bf309d12516e2f7
  → Recovered missing Language ID for KLP via mapping: 06400ef3d7b040c19e96efe6c6c99991
  ✓ Resolved action-card link 'action-card:identify-cause_1486841405518' via suffix match → res-action-card-maternal-sepsis-identify-cause
  ✓ Resolved KLP link 'action-card:identify-cause_1486841405518' → d35c7a27f7294b12864eb6ea3f3be107
Updated KLP 'klp-2-endometritis' -> 7e5423138d05411aa0753597395f5f85
  ✓ Activated version: ac1d265643c64766876788407e57b339
  → Recovered missing Language ID for KLP via mapping: 06400ef3d7b040c19e96efe6c6c99991
  ✓ Resolved KLP link 'video:/Maternal sepsis/origin_of_infection' → c930be63fdcf4e65879771b1ec8346ef
Updated KLP 'klp-1-treatment-for-chorioamnionitis' -> caea1040f1cf4ba8bed4b46074dc4755
  ✓ Activated version: 1272353c307a4d6b80a78934cf88aa1e
  → Recovered missing Language ID for KLP via mapping: 06400ef3d7b040c19e96efe6c6c99991
  ✓ Resolved KLP link 'video:/Maternal sepsis/origin_of_infection' → c930be63fdcf4e65879771b1ec8346ef
Updated KLP 'klp-1-treatment-for-endometritis' -> 2212a100c1154f8c996aeed001395f67
  ✓ Activated version: bb7059eb01644aad9e2bb3ff5ddf3b98
  → Recovered missing Language ID for KLP via mapping: 06400ef3d7b040c19e96efe6c6c99991
  ✓ Resolved KLP link 'video:/Maternal sepsis/origin_of_infection' → c930be63fdcf4e65879771b1ec8346ef
Updated KLP 'klp-2-endometritis-and-no-effect-of-ab' -> c98c2aa9be494f3098ab8f9ec38b5667
  ✓ Activated version: d126459f7fb842a0b176cadca7042382
  → Recovered missing Language ID for KLP via mapping: 06400ef3d7b040c19e96efe6c6c99991
Updated KLP 'klp-1-mastitis' -> a94b459023584625a81d16ed9cc8ffa9
  ✓ Activated version: f59c36d9d4794550904001019e6803b0
  → Recovered missing Language ID for KLP via mapping: 06400ef3d7b040c19e96efe6c6c99991
  ✓ Resolved KLP link 'video:/Maternal sepsis/origin_of_infection' → c930be63fdcf4e65879771b1ec8346ef
Updated KLP 'klp-1-breast-abscess' -> dc35e018cbfa44d0a39ecdc03062b813
  ✓ Activated version: 28e406bfa5614e30bc49043c0f4277fb
  → Recovered missing Language ID for KLP via mapping: 06400ef3d7b040c19e96efe6c6c99991
  ✓ Resolved KLP link 'video:/Maternal sepsis/origin_of_infection' → c930be63fdcf4e65879771b1ec8346ef
Updated KLP 'klp-1-wound-infections' -> 58e96142f7944bb48a7a632cc7c420a2
  ✓ Activated version: 8ab645f96d2043bb99b334daf6208d3f
  → Recovered missing Language ID for KLP via mapping: 06400ef3d7b040c19e96efe6c6c99991
  ✓ Resolved KLP link 'video:/Maternal sepsis/origin_of_infection' → c930be63fdcf4e65879771b1ec8346ef
Updated KLP 'klp-2-other-causes-of-infection' -> b83d2276a11e4f65973ec9ea90ed2097
  ✓ Activated version: d0224331e70b4ce2be13c36d9dab79c1
  → Recovered missing Language ID for KLP via mapping: 06400ef3d7b040c19e96efe6c6c99991
  ✓ Resolved KLP link 'video:/Neonatal resuscitation/intro' → 60dee959a5404a0ebdf82c91f64e4645
Updated KLP 'klp-1-adequate-breathing' -> 6650e6e7dd244d118434450997365fe3
  ✓ Activated version: 4aa40c45ec384f86bb9a16a9facd1a06
  → Recovered missing Language ID for KLP via mapping: 06400ef3d7b040c19e96efe6c6c99991
  ✓ Resolved KLP link 'video:/Neonatal resuscitation/intro' → 60dee959a5404a0ebdf82c91f64e4645
Updated KLP 'klp-1-golden-minute' -> dd2bc3963e484f958d3f0bfb0e6828db
  ✓ Activated version: 2748ccf7141f44c8b671d6db0576dd5e
  → Recovered missing Language ID for KLP via mapping: 06400ef3d7b040c19e96efe6c6c99991
  ✓ Resolved KLP link 'video:/Neonatal resuscitation/assess_the_newborn' → 2b27bc8250b94438b3673aed3c0f2b8a
Updated KLP 'klp-1-assess-the-newborn-after-birth' -> a8d5822b0b154f1b9e2cd8a44e6ed573
  ✓ Activated version: f71fc16e938647b79263291e3129df97
  → Recovered missing Language ID for KLP via mapping: 06400ef3d7b040c19e96efe6c6c99991
  ✓ Resolved KLP link 'video:/Neonatal resuscitation/assess_the_newborn' → 2b27bc8250b94438b3673aed3c0f2b8a
Updated KLP 'klp-2-skin-to-the-mother' -> 1fe3fec643ce47dda66d9b76d47250cd
  ✓ Activated version: 41008fd5ef3f4cb1ac2d14db10e6aff5
  → Recovered missing Language ID for KLP via mapping: 06400ef3d7b040c19e96efe6c6c99991
  ✓ Resolved KLP link 'video:/Neonatal resuscitation/assess_the_newborn' → 2b27bc8250b94438b3673aed3c0f2b8a
Updated KLP 'klp-2-first-step' -> 4979d043cb644143a9932f444ae5b195
  ✓ Activated version: b25768cc0b7d40dc81bffb534684737a
  → Recovered missing Language ID for KLP via mapping: 06400ef3d7b040c19e96efe6c6c99991
  ✓ Resolved KLP link 'video:/Neonatal resuscitation/assess_the_newborn' → 2b27bc8250b94438b3673aed3c0f2b8a
Updated KLP 'klp-2-meconium-suction' -> 0ca9b9aaa7a2498c96d95fc299118672
  ✓ Activated version: ba6e242391674361b1d498ff7bc31bd7
  → Recovered missing Language ID for KLP via mapping: 06400ef3d7b040c19e96efe6c6c99991
  ✓ Resolved KLP link 'video:/Neonatal resuscitation/assess_the_newborn' → 2b27bc8250b94438b3673aed3c0f2b8a
Updated KLP 'klp-3-correct-order-suction' -> ac1c3a4868604a6aa3a9cc9895c39bb2
  ✓ Activated version: 0a2e855b2dec475da461423229367c71
  → Recovered missing Language ID for KLP via mapping: 06400ef3d7b040c19e96efe6c6c99991
  ✓ Resolved KLP link 'video:/Neonatal resuscitation/assess_the_newborn' → 2b27bc8250b94438b3673aed3c0f2b8a
Updated KLP 'klp-2-stimulation-the-newborn' -> 7dfc055786e34cd3b945e2c8fa4d9ff2
  ✓ Activated version: ff1f69e340464cf4b1bfa8b7a132479e
  → Recovered missing Language ID for KLP via mapping: 06400ef3d7b040c19e96efe6c6c99991
  ✓ Resolved KLP link 'video:/Neonatal resuscitation/assess_the_newborn' → 2b27bc8250b94438b3673aed3c0f2b8a
Updated KLP 'klp-2-newborn-is-not-breathing-well' -> 55ebcdaa2abc4b60a92d916829d6fb7f
  ✓ Activated version: dc57d052d8f84259b8b6efc9dedb7c06
  → Recovered missing Language ID for KLP via mapping: 06400ef3d7b040c19e96efe6c6c99991
  ✓ Resolved KLP link 'video:/Neonatal resuscitation/assess_the_newborn' → 2b27bc8250b94438b3673aed3c0f2b8a
Updated KLP 'klp-1-when-to-resuscitate' -> 6357637fc73c4fb6b3e4d44519d53748
  ✓ Activated version: 1ecd0330551146c082a095019d1cd803
  → Recovered missing Language ID for KLP via mapping: 06400ef3d7b040c19e96efe6c6c99991
  ✓ Resolved KLP link 'video:/Neonatal resuscitation/airway' → 84fc0fd1ce2a427f9c0433cb8e335441
Updated KLP 'klp-3-airway-call-for-help' -> 5f9d3bc946324680aefa06b51e563f29
  ✓ Activated version: 2d916e64c4be4d16ab03bed109405012
  → Recovered missing Language ID for KLP via mapping: 06400ef3d7b040c19e96efe6c6c99991
  ✓ Resolved KLP link 'video:/Neonatal resuscitation/airway' → 84fc0fd1ce2a427f9c0433cb8e335441
Updated KLP 'klp-2-airway-position-of-head' -> dce1f4bd46bf45028794743c3a0d24d1
  ✓ Activated version: db3a0266459e49e6b5691189f92e2606
  → Recovered missing Language ID for KLP via mapping: 06400ef3d7b040c19e96efe6c6c99991
  ✓ Resolved KLP link 'video:/Neonatal resuscitation/airway' → 84fc0fd1ce2a427f9c0433cb8e335441
Updated KLP 'klp-1-airway-position-of-mask' -> 203795a439644e9cb59843baff390ba8
  ✓ Activated version: 605a7a00ac544549b971235f83f3bfd6
  → Recovered missing Language ID for KLP via mapping: 06400ef3d7b040c19e96efe6c6c99991
  ✓ Resolved KLP link 'video:/Neonatal resuscitation/airway' → 84fc0fd1ce2a427f9c0433cb8e335441
Updated KLP 'klp-1-airway-effective-ventilation' -> c976d4f088ef42a78c8379e198e85da2
  ✓ Activated version: c3a9a1f9e0ee4763b2bea9c8972cff55
  → Recovered missing Language ID for KLP via mapping: 06400ef3d7b040c19e96efe6c6c99991
  ✓ Resolved KLP link 'video:/Neonatal resuscitation/airway' → 84fc0fd1ce2a427f9c0433cb8e335441
Updated KLP 'klp-2-number-of-inflation-breaths' -> 5d5442666c7c41b396af6c981a54bfba
  ✓ Activated version: fb3490620d404aa7b68872603bf672c9
  → Recovered missing Language ID for KLP via mapping: 06400ef3d7b040c19e96efe6c6c99991
  ✓ Resolved KLP link 'video:/Neonatal resuscitation/airway' → 84fc0fd1ce2a427f9c0433cb8e335441
Updated KLP 'klp-3-jaw-thrust' -> 0cc22b37d2de4645a1078c31c7ea8204
  ✓ Activated version: 5ed26a7dc0c348bda505d117a0adfc61
  → Recovered missing Language ID for KLP via mapping: 06400ef3d7b040c19e96efe6c6c99991
  ✓ Resolved KLP link 'video:/Neonatal resuscitation/airway' → 84fc0fd1ce2a427f9c0433cb8e335441
Updated KLP 'klp-2-if-no-chest-movements' -> 8e8445f22afa4f3f9417894f28983064
  ✓ Activated version: 0b7fb280fedf4b77936e9ab254114ba6
  → Recovered missing Language ID for KLP via mapping: 06400ef3d7b040c19e96efe6c6c99991
  ✓ Resolved KLP link 'video:/Neonatal resuscitation/airway' → 84fc0fd1ce2a427f9c0433cb8e335441
Updated KLP 'klp-2-inflation-breaths' -> ba1880d49e694bdabcf0bc97415a78a4
  ✓ Activated version: 9707b1de6cb74764b837b7fb626c9a0f
  → Recovered missing Language ID for KLP via mapping: 06400ef3d7b040c19e96efe6c6c99991
  ✓ Resolved KLP link 'video:/Neonatal resuscitation/breathing' → 509a9eb0bebc4d28a5cea657f5a3cb52
  ✓ Resolved KLP link 'video:/Neonatal resuscitation/breathing' → 509a9eb0bebc4d28a5cea657f5a3cb52
Updated KLP 'klp-2-ventilation-breath' -> e57818ebb75b440d9662b53201785c85
  ✓ Activated version: 28ee2081c4714bec96e92d6cef7fd148
  → Recovered missing Language ID for KLP via mapping: 06400ef3d7b040c19e96efe6c6c99991
  ✓ Resolved KLP link 'video:/Neonatal resuscitation/breathing' → 509a9eb0bebc4d28a5cea657f5a3cb52
Updated KLP 'klp-1-not-breathing-well' -> 5cda78536b0e4905803d90ffea2fc388
  ✓ Activated version: 0ba25de72915416abda15c06df6a9ae4
  → Recovered missing Language ID for KLP via mapping: 06400ef3d7b040c19e96efe6c6c99991
  ✓ Resolved KLP link 'video:/Neonatal resuscitation/breathing' → 509a9eb0bebc4d28a5cea657f5a3cb52
Updated KLP 'klp-1-continue-ventilation-breaths' -> 1bfb285cb6824b4d956f907e2d489357
  ✓ Activated version: 0b8d414cad6446bda880897b2c52dc85
  → Recovered missing Language ID for KLP via mapping: 06400ef3d7b040c19e96efe6c6c99991
  ✓ Resolved KLP link 'video:/Neonatal resuscitation/breathing' → 509a9eb0bebc4d28a5cea657f5a3cb52
Updated KLP 'klp-1-most-important-ventilation-breaths' -> 9e3015e680494b7cb83b08b620e4f41e
  ✓ Activated version: 88fe1bfedfff414381b973eb9e8a2577
  → Recovered missing Language ID for KLP via mapping: 06400ef3d7b040c19e96efe6c6c99991
  ✓ Resolved KLP link 'video:/Neonatal resuscitation/breathing' → 509a9eb0bebc4d28a5cea657f5a3cb52
Updated KLP 'klp-3-rhythm-ventilation-breaths' -> 18f8514f0b104cda8d7f32b33794fdee
  ✓ Activated version: a02caec6bac94b3987c1823a96f269f6
  → Recovered missing Language ID for KLP via mapping: 06400ef3d7b040c19e96efe6c6c99991
  ✓ Resolved KLP link 'video:/Neonatal resuscitation/breathing' → 509a9eb0bebc4d28a5cea657f5a3cb52
Updated KLP 'klp-3-good-ventilation' -> 8153071735fb4e87b122807bea0628fc
  ✓ Activated version: b1da9db36e89454e8d051fb046de8dde
  → Recovered missing Language ID for KLP via mapping: 06400ef3d7b040c19e96efe6c6c99991
  ✓ Resolved KLP link 'video:/Neonatal resuscitation/breathing' → 509a9eb0bebc4d28a5cea657f5a3cb52
Updated KLP 'klp-3-breathing-assessment2' -> 189d4bc464124b67b0cd95385c1e8d9d
  ✓ Activated version: b9dc3260278246a0983a12353f0ba00a
  → Recovered missing Language ID for KLP via mapping: 06400ef3d7b040c19e96efe6c6c99991
  ✓ Resolved KLP link 'video:/Neonatal resuscitation/breathing' → 509a9eb0bebc4d28a5cea657f5a3cb52
Updated KLP 'klp-1-breathing-assessment1' -> 83779dadc59648018fea054db02607c6
  ✓ Activated version: be1e13ad7b584ba5ab94a7b2dc43ca79
  → Recovered missing Language ID for KLP via mapping: 06400ef3d7b040c19e96efe6c6c99991
  ✓ Resolved KLP link 'video:/Neonatal resuscitation/breathing' → 509a9eb0bebc4d28a5cea657f5a3cb52
Updated KLP 'klp-1-breathing-assessment-continued' -> 488c9b6bb37943d39c6c91f606f6c8b3
  ✓ Activated version: c14553d1ca03467c8ee587a5303eed0f
  → Recovered missing Language ID for KLP via mapping: 06400ef3d7b040c19e96efe6c6c99991
  ✓ Resolved KLP link 'video:/Neonatal resuscitation/monitoring' → b59f668b7b6841d5b62d002750016657
Updated KLP 'klp-3-action-if-breathing-well' -> 306ffda712d64e198e243c26c7022112
  ✓ Activated version: 144ff067d36543d7b6d2366625f92ece
  → Recovered missing Language ID for KLP via mapping: 06400ef3d7b040c19e96efe6c6c99991
  ✓ Resolved KLP link 'video:/Neonatal resuscitation/breathing' → 509a9eb0bebc4d28a5cea657f5a3cb52
Updated KLP 'klp-3-nr-give-oxygen' -> 198649a0bf714fe9b87408645a3c690e
  ✓ Activated version: b4d569b42d1347d0b79ec640e7eefe73
  → Recovered missing Language ID for KLP via mapping: 06400ef3d7b040c19e96efe6c6c99991
  ✓ Resolved KLP link 'video:/Neonatal resuscitation/when_to_stop_resuscitation' → 3b7b5d47d9a64f79a2ac799ae1e7459b
Updated KLP 'klp-2-when-to-stop' -> b7d4f8f159e7451ba5abeda03d8da005
  ✓ Activated version: f4b3155a0b2a4d9f8c3cad3f2269043b
  → Recovered missing Language ID for KLP via mapping: 06400ef3d7b040c19e96efe6c6c99991
  ✓ Resolved KLP link 'video:/Neonatal resuscitation/when_to_stop_resuscitation' → 3b7b5d47d9a64f79a2ac799ae1e7459b
Updated KLP 'klp-3-resuscitation-stop-next' -> eee1d91e86e64cd280df3613e6cf7542
  ✓ Activated version: 08bd253c5cc64400bfb2088750cbaa5c
  → Recovered missing Language ID for KLP via mapping: 06400ef3d7b040c19e96efe6c6c99991
  ✓ Resolved KLP link 'video:/Neonatal resuscitation/monitoring' → b59f668b7b6841d5b62d002750016657
Updated KLP 'klp-1-skin-to-skin-and-breastfeeding' -> b04cb5147c35405eb4c78c56e7578f50
  ✓ Activated version: 0f4846598b2244e8a44af2083a4bc6b7
  → Recovered missing Language ID for KLP via mapping: 06400ef3d7b040c19e96efe6c6c99991
  ✓ Resolved KLP link 'video:/Neonatal resuscitation/monitoring' → b59f668b7b6841d5b62d002750016657
Updated KLP 'klp-3-monitoring' -> 412557d88ecc4b9c98821ba3d483f818
  ✓ Activated version: 64083a09cfe84b18b61ee690aa481bfa
  → Recovered missing Language ID for KLP via mapping: 06400ef3d7b040c19e96efe6c6c99991
  ✓ Resolved KLP link 'video:/Neonatal resuscitation/monitoring' → b59f668b7b6841d5b62d002750016657
Updated KLP 'klp-3-low-birth-weight-and-resuscitation' -> 8f791a2b119a4808b6f1222fcbcf0132
  ✓ Activated version: 061464e5ab834d25919de57b0b2d6fa2
  → Recovered missing Language ID for KLP via mapping: 06400ef3d7b040c19e96efe6c6c99991
  ✓ Resolved KLP link 'video:/Neonatal resuscitation/monitoring' → b59f668b7b6841d5b62d002750016657
Updated KLP 'klp-3-challenge-low-birth-weight' -> cf3f4ecda5ee492a9ca3114eddf79a3a
  ✓ Activated version: bf15b173838f48cca22caa59eb83c08f
  → Recovered missing Language ID for KLP via mapping: 06400ef3d7b040c19e96efe6c6c99991
  ✓ Resolved KLP link 'video:/Neonatal resuscitation/airway' → 84fc0fd1ce2a427f9c0433cb8e335441
Updated KLP 'klp-2-successful-inflation-breaths' -> 88e5c63323674861b17f2a9c1ce0ce01
  ✓ Activated version: 94ba31d596244acb988893bf277f50a1
  → Recovered missing Language ID for KLP via mapping: 06400ef3d7b040c19e96efe6c6c99991
  ✓ Resolved KLP link 'video:/Newborn management/intro' → d7f460a6362f4b79bbb0d156180a1535
  ✓ Resolved KLP link 'video:/Newborn management/intro' → d7f460a6362f4b79bbb0d156180a1535
Updated KLP 'klp-1-common-causes-of-newborn-death' -> d992b9ff7b004cd2a102854bf56bd785
  ✓ Activated version: 0f5be0c064794136a8cf5791b781e87d
  → Recovered missing Language ID for KLP via mapping: 06400ef3d7b040c19e96efe6c6c99991
  ✓ Resolved KLP link 'video:/Newborn management/intro' → d7f460a6362f4b79bbb0d156180a1535
Updated KLP 'klp-2-death-in-first-week' -> 897e8b4b25bb4f57bdb10522ad47bc15
  ✓ Activated version: e9e1d4e1c8864783960b7bbd8dafdd04
  → Recovered missing Language ID for KLP via mapping: 06400ef3d7b040c19e96efe6c6c99991
  ✓ Resolved KLP link 'video:/Newborn management/prevention' → edc72761afed42329bcb317d045bce7e
  ✓ Resolved KLP link 'drug:betamethasone_1487080183154' → 68ad36d39eff4e28b00df56e3c8d0ee1
Updated KLP 'klp-3-prevent-respiratory-distress-preterm' -> 98113058c13843968cdb3aceb442ac75
  ✓ Activated version: 23e452263965482d8b31cc5c543a8350
  → Recovered missing Language ID for KLP via mapping: 06400ef3d7b040c19e96efe6c6c99991
  ✓ Resolved KLP link 'video:/Newborn management/prevention' → edc72761afed42329bcb317d045bce7e
Updated KLP 'klp-2-risk-factors-infection-newborn' -> e9fa67d71fff45ea9cb8118a94a28958
  ✓ Activated version: 19dd5eec764843b3b59b9e2f0cb24f76
  → Recovered missing Language ID for KLP via mapping: 06400ef3d7b040c19e96efe6c6c99991
  ✓ Resolved KLP link 'video:/Newborn management/prevention' → edc72761afed42329bcb317d045bce7e
Updated KLP 'klp-1-prevent-newborn-infections' -> c74d0943d1934806aa06f8649f331473
  ✓ Activated version: d750efcc32e4421189deec4626e30dad
  → Recovered missing Language ID for KLP via mapping: 06400ef3d7b040c19e96efe6c6c99991
  ✓ Resolved KLP link 'video:/Newborn management/prevention' → edc72761afed42329bcb317d045bce7e
  ✓ Resolved KLP link 'video:/Newborn management/prevention' → edc72761afed42329bcb317d045bce7e
Updated KLP 'klp-3-ab-to-newborn' -> 1d39461cbedc4f60828ad4be9c0f902c
  ✓ Activated version: 09945f17a83c4957a1014c82ee50827c
  → Recovered missing Language ID for KLP via mapping: 06400ef3d7b040c19e96efe6c6c99991
  ✓ Resolved KLP link 'video:/Newborn management/prevention' → edc72761afed42329bcb317d045bce7e
  ✓ Resolved KLP link 'video:/Newborn management/prevention' → edc72761afed42329bcb317d045bce7e
Updated KLP 'klp-2-risk-and-action-after-resuscitation' -> 3391f6f56dd04ed197000bb7cfc82f7d
  ✓ Activated version: eefebb0910e2422fa4f8b9b2124777d5
  → Recovered missing Language ID for KLP via mapping: 06400ef3d7b040c19e96efe6c6c99991
  ✓ Resolved KLP link 'video:/Newborn management/prevention' → edc72761afed42329bcb317d045bce7e
Updated KLP 'klp-2-early-feeding' -> 49e42be0c41c4f19903698eadce01d2f
  ✓ Activated version: 520bbbc0b0b84983b1438a0d825166b1
  → Recovered missing Language ID for KLP via mapping: 06400ef3d7b040c19e96efe6c6c99991
  ✓ Resolved KLP link 'video:/Newborn management/initial_care_of_the_newborn' → ff4bb6f0cb4348fa855aa6c59c740673
Updated KLP 'klp-2-initial-care-of-the-newborn' -> 9c201c9ffc57427dbd39a2a89de25863
  ✓ Activated version: 81d8604fd8b14ef69951864eb8e38d70
  → Recovered missing Language ID for KLP via mapping: 06400ef3d7b040c19e96efe6c6c99991
  ✓ Resolved KLP link 'video:/Newborn management/initial_care_of_the_newborn' → ff4bb6f0cb4348fa855aa6c59c740673
Updated KLP 'klp-1-not-crying-or-breathing-well' -> 5dc004f7c8d14fe5a2b2f5b20367369d
  ✓ Activated version: 56b6220bab01409a8bf0c48eb6e76c9d
  → Recovered missing Language ID for KLP via mapping: 06400ef3d7b040c19e96efe6c6c99991
  ✓ Resolved KLP link 'video:/Newborn management/initial_care_of_the_newborn' → ff4bb6f0cb4348fa855aa6c59c740673
Updated KLP 'klp-1-initial-care-of-the-newborn-actions' -> 68b1af5d74a242adafa1586b448a2b66
  ✓ Activated version: 9c863c05659d4f4497e6a00c6008a809
  → Recovered missing Language ID for KLP via mapping: 06400ef3d7b040c19e96efe6c6c99991
  ✓ Resolved KLP link 'video:/Newborn management/initial_care_of_the_newborn' → ff4bb6f0cb4348fa855aa6c59c740673
Updated KLP 'klp-3-initial-care-of-lbw' -> 4f97ae6e69974020b47a7fa5e2ad7918
  ✓ Activated version: be7764f1cbd34d36a0b69f0cc4eed0d5
  → Recovered missing Language ID for KLP via mapping: 06400ef3d7b040c19e96efe6c6c99991
  ✓ Resolved action-card link 'action-card:pediatric-drugs-and-fluids_1486735917639' via suffix match → res-action-card-newborn-management-pediatric-drugs-and-fluids
  ✓ Resolved KLP link 'action-card:pediatric-drugs-and-fluids_1486735917639' → 9f7f7437d3f847528faf71e45bec1156
Updated KLP 'klp-1-lbw-unable-to-suck-adequately' -> 9933bf6670bb4bdfaeca4decd6480e9d
  ✓ Activated version: c526520e3c674a7e9ed22d0e54b06517
  → Recovered missing Language ID for KLP via mapping: 06400ef3d7b040c19e96efe6c6c99991
  ✓ Resolved KLP link 'video:/Newborn management/danger_signs' → fd650f0a09ec44b5bd50942a2f05d91e
  ✓ Resolved KLP link 'video:/Newborn management/danger_signs' → fd650f0a09ec44b5bd50942a2f05d91e
Updated KLP 'klp-3-signs-of-illness' -> eed4070696e64dd18d6d7cdaa7faa1c2
  ✓ Activated version: 43a9528643f741459a443ed7aeb06d59
  → Recovered missing Language ID for KLP via mapping: 06400ef3d7b040c19e96efe6c6c99991
  ✓ Resolved KLP link 'video:/Newborn management/management_of_danger_signs' → 3f5b9034b6c6478fa19f8f6649f29b80
  ✓ Resolved KLP link 'video:/Newborn management/management_of_danger_signs' → 3f5b9034b6c6478fa19f8f6649f29b80
Updated KLP 'klp-2-management-of-danger-signs' -> 609233cb0e7b46c2b5c2397ae71db316
  ✓ Activated version: d63a5ec1024542deb66f60e7243aacd4
  → Recovered missing Language ID for KLP via mapping: 06400ef3d7b040c19e96efe6c6c99991
  ✓ Resolved KLP link 'video:/Newborn management/danger_signs' → fd650f0a09ec44b5bd50942a2f05d91e
Updated KLP 'klp-2-danger-signs-airway' -> f30f876242aa4156985d52b5839eb4ea
  ✓ Activated version: ef7c0a50c1534e6784aee5c2c4599282
  → Recovered missing Language ID for KLP via mapping: 06400ef3d7b040c19e96efe6c6c99991
  ✓ Resolved KLP link 'video:/Newborn management/danger_signs' → fd650f0a09ec44b5bd50942a2f05d91e
  ✓ Resolved KLP link 'video:/Newborn management/management_of_danger_signs' → 3f5b9034b6c6478fa19f8f6649f29b80
Updated KLP 'klp-1-danger-signs-breathing' -> cf5cc8f92ef746408e37e975802dc2d5
  ✓ Activated version: e2d7870046844ccfbc50742c256c18fb
  → Recovered missing Language ID for KLP via mapping: 06400ef3d7b040c19e96efe6c6c99991
  ✓ Resolved KLP link 'video:/Newborn management/danger_signs' → fd650f0a09ec44b5bd50942a2f05d91e
Updated KLP 'klp-2-grunting' -> 1aebf45af85c49498a4de9872981636a
  ✓ Activated version: 103b26fa86b44b15b4bbd3bc1c9b8a57
  → Recovered missing Language ID for KLP via mapping: 06400ef3d7b040c19e96efe6c6c99991
  ✓ Resolved KLP link 'video:/Newborn management/danger_signs' → fd650f0a09ec44b5bd50942a2f05d91e
Updated KLP 'klp-3-apnoea' -> fbf0d5c8884f42139d543e512d81bf8b
  ✓ Activated version: 0d4a1189e8db4d339083f3ed3700ec08
  → Recovered missing Language ID for KLP via mapping: 06400ef3d7b040c19e96efe6c6c99991
  ✓ Resolved KLP link 'video:/Newborn management/danger_signs' → fd650f0a09ec44b5bd50942a2f05d91e
  ✓ Resolved KLP link 'video:/Newborn management/danger_signs' → fd650f0a09ec44b5bd50942a2f05d91e
Updated KLP 'klp-1-shock' -> 3ab370f3d60a4e35b5e94238fd873b74
  ✓ Activated version: 106831123bdf48a6b254eedfc422245c
  → Recovered missing Language ID for KLP via mapping: 06400ef3d7b040c19e96efe6c6c99991
  ✓ Resolved KLP link 'video:/Newborn management/danger_signs' → fd650f0a09ec44b5bd50942a2f05d91e
  ✓ Resolved KLP link 'video:/Newborn management/danger_signs' → fd650f0a09ec44b5bd50942a2f05d91e
Updated KLP 'klp-1-disability' -> 6bfacfcdec384480b322652610a6bef1
  ✓ Activated version: 106b225d7d394984ae81ae59531923b8
  → Recovered missing Language ID for KLP via mapping: 06400ef3d7b040c19e96efe6c6c99991
  ✓ Resolved KLP link 'video:/Newborn management/danger_signs' → fd650f0a09ec44b5bd50942a2f05d91e
Updated KLP 'klp-1-danger-signs-exposure' -> 30abae5609eb45afbbf7380be2df5b04
  ✓ Activated version: 29b7bdc8b297438c831104dfbd4f2cd3
  → Recovered missing Language ID for KLP via mapping: 06400ef3d7b040c19e96efe6c6c99991
  ✓ Resolved KLP link 'video:/Newborn management/danger_signs' → fd650f0a09ec44b5bd50942a2f05d91e
Updated KLP 'klp-3-jaundice' -> a4ebafaf2d194fe2bbc5482faa084e18
  ✓ Activated version: 4f86dc626b304b788eb47abe6214aca4
  → Recovered missing Language ID for KLP via mapping: 06400ef3d7b040c19e96efe6c6c99991
  ✓ Resolved KLP link 'video:/Newborn management/management_of_danger_signs' → 3f5b9034b6c6478fa19f8f6649f29b80
  ✓ Resolved KLP link 'video:/Newborn management/management_of_danger_signs' → 3f5b9034b6c6478fa19f8f6649f29b80
Updated KLP 'klp-3-management-case' -> 51f20a1096bc4cb9b10572a3a7553b1d
  ✓ Activated version: aafb460c160a428eb23185787af572d4
  → Recovered missing Language ID for KLP via mapping: 06400ef3d7b040c19e96efe6c6c99991
  ✓ Resolved KLP link 'video:/Newborn management/management_of_danger_signs' → 3f5b9034b6c6478fa19f8f6649f29b80
Updated KLP 'klp-1-obstructed-airways' -> 41ac5c712171408a82b9efc9407d69b9
  ✓ Activated version: 80dbfe94aedf4b91950bb97c973a6f12
  → Recovered missing Language ID for KLP via mapping: 06400ef3d7b040c19e96efe6c6c99991
  ✓ Resolved KLP link 'video:/Newborn management/management_of_danger_signs' → 3f5b9034b6c6478fa19f8f6649f29b80
Updated KLP 'klp-3-management-breathing' -> 401be91d40244cc491182a6c1ac46884
  ✓ Activated version: 23306631e522417e917da0807092b014
  → Recovered missing Language ID for KLP via mapping: 06400ef3d7b040c19e96efe6c6c99991
  ✓ Resolved KLP link 'video:/Newborn management/management_of_danger_signs' → 3f5b9034b6c6478fa19f8f6649f29b80
  ✓ Resolved KLP link 'video:/Newborn management/management_of_danger_signs' → 3f5b9034b6c6478fa19f8f6649f29b80
Updated KLP 'klp-2-management-drowsy-and-unconscious' -> 5a31c56d3adc4f1a9965c403306c4835
  ✓ Activated version: 33d10ec8b5d64a2eb44edf6e3e22195e
  → Recovered missing Language ID for KLP via mapping: 06400ef3d7b040c19e96efe6c6c99991
  ✓ Resolved KLP link 'video:/Newborn management/management_of_danger_signs' → 3f5b9034b6c6478fa19f8f6649f29b80
  ✓ Resolved KLP link 'video:/Newborn management/management_of_danger_signs' → 3f5b9034b6c6478fa19f8f6649f29b80
Updated KLP 'klp-2-convulsions' -> e28f2401bc1a4fe791976d73bc7c923f
  ✓ Activated version: 83f508dcf4d24963b125b817b0e89c33
  → Recovered missing Language ID for KLP via mapping: 06400ef3d7b040c19e96efe6c6c99991
  ✓ Resolved KLP link 'drug:phenobarbital_1487158287290' → ee2e85a6881841dab0e74110c9fb7b01
Updated KLP 'klp-3-management-of-danger-signs' -> 26dfc755523f436caf1fceaa0ddbb966
  ✓ Activated version: 77169d0c84b042e097bbeeaa3d0da895
  → Recovered missing Language ID for KLP via mapping: 06400ef3d7b040c19e96efe6c6c99991
  ✓ Resolved KLP link 'video:/Newborn management/management_of_danger_signs' → 3f5b9034b6c6478fa19f8f6649f29b80
Updated KLP 'klp-2-management-jaundice' -> 22a9b62ceaa444e6b98902e822c6fef4
  ✓ Activated version: 27698b8717f04248a940400d069b531b
  → Recovered missing Language ID for KLP via mapping: 06400ef3d7b040c19e96efe6c6c99991
  ✓ Resolved KLP link 'video:/Newborn management/management_of_danger_signs' → 3f5b9034b6c6478fa19f8f6649f29b80
Updated KLP 'klp-3-management-kangaroo-motherhood-care' -> df678fbaeea549b39199e80c97244b49
  ✓ Activated version: 287585d7b0b3466da0b9da04b4663206
  → Recovered missing Language ID for KLP via mapping: 06400ef3d7b040c19e96efe6c6c99991
  ✓ Resolved KLP link 'video:/Newborn management/management_of_danger_signs' → 3f5b9034b6c6478fa19f8f6649f29b80
  ✓ Resolved KLP link 'video:/Newborn management/management_of_danger_signs' → 3f5b9034b6c6478fa19f8f6649f29b80
Updated KLP 'klp-3-management-infections' -> 8a23079ec73748abadc065cd446a3863
  ✓ Activated version: 6deeb35ec8e44790b970e1d7b3a99561
  → Recovered missing Language ID for KLP via mapping: 06400ef3d7b040c19e96efe6c6c99991
  ✓ Resolved KLP link 'video:/Newborn management/management_of_danger_signs' → 3f5b9034b6c6478fa19f8f6649f29b80
Updated KLP 'klp-2-risk-of-low-blood-sugar' -> 95a3de5bc0914263b18a55668aab1eff
  ✓ Activated version: 0f19141247a74abc82c8a78ec84e5673
  → Recovered missing Language ID for KLP via mapping: 06400ef3d7b040c19e96efe6c6c99991
  ✓ Resolved KLP link 'video:/Newborn management/management_of_danger_signs' → 3f5b9034b6c6478fa19f8f6649f29b80
Updated KLP 'klp-3-newborn-cannot-suck' -> d0d8ea4213174248a2ebd7c8fd38c988
  ✓ Activated version: 6f4cf3f9202544b19c2078144cc648b4
  → Recovered missing Language ID for KLP via mapping: 06400ef3d7b040c19e96efe6c6c99991
  ✓ Resolved KLP link 'video:/Newborn management/management_of_danger_signs' → 3f5b9034b6c6478fa19f8f6649f29b80
Updated KLP 'klp-1-rural-facility-newborn-danger-signs' -> 51a856fa6b6344959a0dde99c01e9e15
  ✓ Activated version: db480fab86704da9ad830f95ceaaeb84
  → Recovered missing Language ID for KLP via mapping: 06400ef3d7b040c19e96efe6c6c99991
  ✓ Resolved KLP link 'video:/Newborn management/initial_care_of_the_newborn' → ff4bb6f0cb4348fa855aa6c59c740673
Updated KLP 'klp-1-kangaroo-care' -> 14ae3996ead3407885c62f789e206efa
  ✓ Activated version: 883c4d14cc014a6e8f869d37572f49c3
  → Recovered missing Language ID for KLP via mapping: 06400ef3d7b040c19e96efe6c6c99991
  ✓ Resolved KLP link 'video:/Low birth weight/intro' → c072985d07d4405b8394baf44a0e543d
  ✓ Resolved KLP link 'video:/Low birth weight/intro' → c072985d07d4405b8394baf44a0e543d
Updated KLP 'klp-2-definition-of-low-birthweight' -> e50f799bde3e4a0b8ee90b8f56a2b1f7
  ✓ Activated version: 670b509f50a84898a8bd7745e8dcea30
  → Recovered missing Language ID for KLP via mapping: 06400ef3d7b040c19e96efe6c6c99991
  ✓ Resolved KLP link 'video:/Low birth weight/intro' → c072985d07d4405b8394baf44a0e543d
Updated KLP 'klp-1-preterm-presentation' -> 53514c0c59e846968822d6e8a9b257b7
  ✓ Activated version: 5d956f8d02a1418f980aafe743fba387
  → Recovered missing Language ID for KLP via mapping: 06400ef3d7b040c19e96efe6c6c99991
  ✓ Resolved KLP link 'video:/Low birth weight/initial_care_of_the_low_birth_weight' → db67b02df9f34fd486d1b0600cf220d3
  ✓ Resolved KLP link 'video:/Low birth weight/initial_care_of_the_low_birth_weight' → db67b02df9f34fd486d1b0600cf220d3
  ✓ Resolved KLP link 'video:/Low birth weight/initial_care_of_the_low_birth_weight' → db67b02df9f34fd486d1b0600cf220d3
  ✓ Resolved KLP link 'video:/Low birth weight/initial_care_of_the_low_birth_weight' → db67b02df9f34fd486d1b0600cf220d3
Updated KLP 'klp-1-initial-care-of-the-low-birth-weight' -> 7f7c20d7501e47dc89984bf67c5b1ee9
  ✓ Activated version: c7219c893f8b413f81a955f0522f87aa
  → Recovered missing Language ID for KLP via mapping: 06400ef3d7b040c19e96efe6c6c99991
  ✓ Resolved KLP link 'video:/Low birth weight/kangaroo_mother_care' → dcd530de000949f1936869a12ff185bf
  ✓ Resolved KLP link 'video:/Low birth weight/kangaroo_mother_care' → dcd530de000949f1936869a12ff185bf
Updated KLP 'klp-1-what-is-kangaroo-mother-care' -> f2f74145f7c349eeb91345e8e1b057a4
  ✓ Activated version: 6e8a0c38e6b64ed386c29436f657fa39
  → Recovered missing Language ID for KLP via mapping: 06400ef3d7b040c19e96efe6c6c99991
  ✓ Resolved KLP link 'video:/Low birth weight/kangaroo_mother_care' → dcd530de000949f1936869a12ff185bf
Updated KLP 'klp-2-how-to-kangaroo-mother-care' -> 327561f75017431a8a5424e140f578c9
  ✓ Activated version: a2adcea28ced47738ba94b118ee69818
  → Recovered missing Language ID for KLP via mapping: 06400ef3d7b040c19e96efe6c6c99991
  ✓ Resolved KLP link 'video:/Low birth weight/kangaroo_mother_care' → dcd530de000949f1936869a12ff185bf
Updated KLP 'klp-3-discharge' -> 2e33d4157bd84609a3bb953bfe8aba6b
  ✓ Activated version: 0127015a4db0454580f141ddeba4ee52
  → Recovered missing Language ID for KLP via mapping: 06400ef3d7b040c19e96efe6c6c99991
  ✓ Resolved KLP link 'video:/Low birth weight/feeding' → 99eb5f5dc58249c5b6101de0c12fea97
  ✓ Resolved KLP link 'video:/Low birth weight/feeding' → 99eb5f5dc58249c5b6101de0c12fea97
Updated KLP 'klp-2-feeding' -> 0b233a0ca1f540738b370370bb651ee5
  ✓ Activated version: 04c62c284ad9418e8d8dcb5a467b4226
  → Recovered missing Language ID for KLP via mapping: 06400ef3d7b040c19e96efe6c6c99991
  ✓ Resolved KLP link 'video:/Low birth weight/feeding' → 99eb5f5dc58249c5b6101de0c12fea97
  ✓ Resolved KLP link 'video:/Low birth weight/feeding' → 99eb5f5dc58249c5b6101de0c12fea97
Updated KLP 'klp-3-unable-to-suck' -> a51f534ae9364a4ca76cca4dc95db831
  ✓ Activated version: aadab092fe524955808f424c6cdc56e0
  → Recovered missing Language ID for KLP via mapping: 06400ef3d7b040c19e96efe6c6c99991
  ✓ Resolved action-card link 'action-card:pediatric-drugs-and-fluids_1486735917639' via suffix match → res-action-card-newborn-management-pediatric-drugs-and-fluids
  ✓ Resolved KLP link 'action-card:pediatric-drugs-and-fluids_1486735917639' → 9f7f7437d3f847528faf71e45bec1156
Updated KLP 'klp-1-feeding-schedule' -> 0fb868f2b561447692be6728e575580a
  ✓ Activated version: 647b5539dc354150b645db797bddbf53
  → Recovered missing Language ID for KLP via mapping: 06400ef3d7b040c19e96efe6c6c99991
  ✓ Resolved KLP link 'video:/Low birth weight/danger_signs' → 540e53995b3949588091406beabc182a
Updated KLP 'klp-1-non-responsive-newborn' -> c783e4507e1b4ea09b41011e3f131531
  ✓ Activated version: f05457e0d9ae49d3a2de0a3275a190da
  → Recovered missing Language ID for KLP via mapping: 06400ef3d7b040c19e96efe6c6c99991
  ✓ Resolved KLP link 'video:/Low birth weight/danger_signs' → 540e53995b3949588091406beabc182a
Updated KLP 'klp-2-breathing' -> 27fb169b2f80470faab6047fbcb33c2f
  ✓ Activated version: 27a2416a0ed3427891bca409e74e67ed
  → Recovered missing Language ID for KLP via mapping: 06400ef3d7b040c19e96efe6c6c99991
  ✓ Resolved KLP link 'video:/Low birth weight/danger_signs' → 540e53995b3949588091406beabc182a
Updated KLP 'klp-1-rds-symptoms' -> 55757b734ede4d7f938eab7d50d74a32
  ✓ Activated version: 9fd1c8d0351d48cdb8aaa4d6be83a6e1
  → Recovered missing Language ID for KLP via mapping: 06400ef3d7b040c19e96efe6c6c99991
  ✓ Resolved KLP link 'video:/Low birth weight/danger_signs' → 540e53995b3949588091406beabc182a
Updated KLP 'klp-2-rds-management' -> a2de46cf3d99422a95d75d2b92446bac
  ✓ Activated version: bf15f6358e8f4090a2d0d454f39f8203
  → Recovered missing Language ID for KLP via mapping: 06400ef3d7b040c19e96efe6c6c99991
  ✓ Resolved KLP link 'video:/Low birth weight/danger_signs' → 540e53995b3949588091406beabc182a
Updated KLP 'klp-3-cpap' -> e42649555ba6472cbf435577223fbc35
  ✓ Activated version: 27d14f80a8ce4dcfb8d754bc219c7b44
  → Recovered missing Language ID for KLP via mapping: 06400ef3d7b040c19e96efe6c6c99991
  ✓ Resolved KLP link 'video:/Low birth weight/danger_signs' → 540e53995b3949588091406beabc182a
Updated KLP 'klp-1-rds-ab' -> 2986671c98524f5db95f6ebbb316854b
  ✓ Activated version: 23671c496986488c93d16394dcd9e914
  → Recovered missing Language ID for KLP via mapping: 06400ef3d7b040c19e96efe6c6c99991
  ✓ Resolved KLP link 'video:/Low birth weight/danger_signs' → 540e53995b3949588091406beabc182a
Updated KLP 'klp-2-oxygen-therapy' -> 6e0e3e50407e49d78f8379a5e6f020a5
  ✓ Activated version: 5347b07f78f64ffd85d2f7edf36ef657
  → Recovered missing Language ID for KLP via mapping: 06400ef3d7b040c19e96efe6c6c99991
  ✓ Resolved KLP link 'video:/Low birth weight/danger_signs' → 540e53995b3949588091406beabc182a
Updated KLP 'klp-3-oxygen-saturation' -> 2a8fc4fecd5e41559e5f0034293f22f5
  ✓ Activated version: 0bc7950699f84766ae4f96dc5e8d150a
  → Recovered missing Language ID for KLP via mapping: 06400ef3d7b040c19e96efe6c6c99991
  ✓ Resolved KLP link 'video:/Low birth weight/danger_signs' → 540e53995b3949588091406beabc182a
Updated KLP 'klp-2-oxygen-indication' -> 83c1f2e17a7045e9a66d68ed182f11f0
  ✓ Activated version: 5b2b421a1945423698b2f2596d3e5f32
  → Recovered missing Language ID for KLP via mapping: 06400ef3d7b040c19e96efe6c6c99991
  ✓ Resolved KLP link 'video:/Low birth weight/danger_signs' → 540e53995b3949588091406beabc182a
Updated KLP 'klp-1-grunting' -> 886d92d46b934e35845ad5f1887dcec5
  ✓ Activated version: 0010e0c130b349ea8c188df69fc91536
  → Recovered missing Language ID for KLP via mapping: 06400ef3d7b040c19e96efe6c6c99991
  ✓ Resolved KLP link 'drug:caffeine-citrate_1536653273361' → 8cb2f20981584886903513be5ecef365
Updated KLP 'klp-3-apnea-prevention' -> c7b6f8b2582c467681377b89405b0f94
  ✓ Activated version: aa62e251088347fb9e68c82349d82ca5
  → Recovered missing Language ID for KLP via mapping: 06400ef3d7b040c19e96efe6c6c99991
  ✓ Resolved KLP link 'video:/Low birth weight/danger_signs' → 540e53995b3949588091406beabc182a
Updated KLP 'klp-3-stable-newborn-management' -> 25b70e209e3d4693a5ab0243722dac1e
  ✓ Activated version: cecea56a501f487681909561956c2b45
  → Recovered missing Language ID for KLP via mapping: 06400ef3d7b040c19e96efe6c6c99991
  ✓ Resolved KLP link 'video:/Low birth weight/danger_signs' → 540e53995b3949588091406beabc182a
Updated KLP 'klp-3-jaundice' -> a4ebafaf2d194fe2bbc5482faa084e18
  ✓ Activated version: 5c3b0a2de07f46499346d90e46eba1dd
  → Recovered missing Language ID for KLP via mapping: 06400ef3d7b040c19e96efe6c6c99991
  ✓ Resolved KLP link 'video:/Low birth weight/danger_signs' → 540e53995b3949588091406beabc182a
Updated KLP 'klp-2-severe-jaundice' -> 13221beec1924bdb98cb2d83bc668698
  ✓ Activated version: 421ca6dbf6cd453cb762da3a82f2c07c
  → Recovered missing Language ID for KLP via mapping: 06400ef3d7b040c19e96efe6c6c99991
  ✓ Resolved KLP link 'video:/Low birth weight/danger_signs' → 540e53995b3949588091406beabc182a
Updated KLP 'klp-3-severe-jaundice-jaundice-treatment' -> aea43d4bd0b24bcc966c0db3cc589e43
  ✓ Activated version: f0e2e655c6944677a8194351455157c8
  → Recovered missing Language ID for KLP via mapping: 06400ef3d7b040c19e96efe6c6c99991
  ✓ Resolved KLP link 'video:/Low birth weight/danger_signs' → 540e53995b3949588091406beabc182a
Updated KLP 'klp-1-vomits' -> 9a0269dda404422789505f7ebe058130
  ✓ Activated version: ff1aeacea0c043fb9a652c865a7cbdcd
  → Recovered missing Language ID for KLP via mapping: 06400ef3d7b040c19e96efe6c6c99991
  ✓ Resolved KLP link 'video:/Low birth weight/danger_signs' → 540e53995b3949588091406beabc182a
Updated KLP 'klp-2-necrotizing-enterocolitis' -> 041d7c89bae441ceb66fce742a5c5856
  ✓ Activated version: 1d5bd15de8e848b280786c6062024f93
  → Recovered missing Language ID for KLP via mapping: 06400ef3d7b040c19e96efe6c6c99991
  ✓ Resolved KLP link 'video:/Low birth weight/danger_signs' → 540e53995b3949588091406beabc182a
Updated KLP 'klp-3-necrotizing-enterocolitis-management' -> 1e817c7f44034a909e447294a9b6f68f
  ✓ Activated version: 21e4418fcd484bfa8a0a37ed13ffd6d5
  → Recovered missing Language ID for KLP via mapping: 06400ef3d7b040c19e96efe6c6c99991
  ✓ Resolved KLP link 'video:/Low birth weight/danger_signs' → 540e53995b3949588091406beabc182a
Updated KLP 'klp-3-necrotizing-enterocolitis-ab' -> 3d4ff90c2da04d2c91f00b628b9d19ea
  ✓ Activated version: f0c0f46177b74483bcd0032dbcca7046
  → Recovered missing Language ID for KLP via mapping: 06400ef3d7b040c19e96efe6c6c99991
  ✓ Resolved KLP link 'video:/Low birth weight/danger_signs' → 540e53995b3949588091406beabc182a
Updated KLP 'klp-1-lbw-infection' -> 9f695b50db8045c0b84adc1b2407fb59
  ✓ Activated version: bb6db06cfa444b1597075bf635aa2612
  → Recovered missing Language ID for KLP via mapping: 06400ef3d7b040c19e96efe6c6c99991
  ✓ Resolved KLP link 'video:/Low birth weight/danger_signs' → 540e53995b3949588091406beabc182a
Updated KLP 'klp-3-lbw-infection-treatment' -> 3d8fe96ad66145a7bb29aaf59679384c
  ✓ Activated version: ff289e5cec79489eb13e7971a122e0cf
  → Recovered missing Language ID for KLP via mapping: 06400ef3d7b040c19e96efe6c6c99991
  ✓ Resolved KLP link 'video:/Low birth weight/danger_signs' → 540e53995b3949588091406beabc182a
Updated KLP 'klp-2-severe-infection' -> 1996d232c1344b4ea49d2ee8c8920ec0
  ✓ Activated version: bbac1c28219c4465b5396b5dea97fb5c
  → Recovered missing Language ID for KLP via mapping: 06400ef3d7b040c19e96efe6c6c99991
  ✓ Resolved KLP link 'video:/Low birth weight/referral' → 3a4490b366f34c978afdd63dce9d878b
Updated KLP 'klp-1-referral-indications' -> 6d1620ac23e9418986112c1f058e5462
  ✓ Activated version: 5c48c2ad2bb740ef9d974df6f15577f3
  → Recovered missing Language ID for KLP via mapping: 06400ef3d7b040c19e96efe6c6c99991
  ✓ Resolved KLP link 'video:/Low birth weight/referral' → 3a4490b366f34c978afdd63dce9d878b
Updated KLP 'klp-2-referral-safety-rules' -> 3fdf8d6e4e35416092c99727682a3fba
  ✓ Activated version: a9ccbc9ca0554ee9b7ac151fbac82672
  → Recovered missing Language ID for KLP via mapping: 06400ef3d7b040c19e96efe6c6c99991
  ✓ Resolved KLP link 'video:/Low birth weight/referral' → 3a4490b366f34c978afdd63dce9d878b
Updated KLP 'klp-2-referral-warmth' -> ce2032975a884a1aa48910e735a8a602
  ✓ Activated version: 26889a7a00de43b3abd0576e15a2667d
  → Recovered missing Language ID for KLP via mapping: 06400ef3d7b040c19e96efe6c6c99991
  ✓ Resolved KLP link 'video:/Low birth weight/referral' → 3a4490b366f34c978afdd63dce9d878b
Updated KLP 'klp-3-referral-no-option' -> f72a025462824991ad8b6d5c15a26839
  ✓ Activated version: 3aebd658fef94ef18c510cd341aa6d6b
  → Recovered missing Language ID for KLP via mapping: 06400ef3d7b040c19e96efe6c6c99991
  ✓ Resolved KLP link 'video:/Low birth weight/respectful_care' → 25823a8c5024448cb4a7da31d07ce8ee
Updated KLP 'klp-1-respectful-care' -> 998b5c608c004625b7dfc683582ce087
  ✓ Activated version: 7a121b435abf47f58a6e49b6000add26
  → Recovered missing Language ID for KLP via mapping: 06400ef3d7b040c19e96efe6c6c99991
  ✓ Resolved KLP link 'video:/Female genital mutilation/intro' → d7c4efff9c3f460b94439680210833f0
Updated KLP 'klp-1-fgm-is-an-unhealthy-practice' -> 630affe8ab664ebd8423682d9e1b5c39
  ✓ Activated version: c56cb751afd34326a4736b7d5d6efde6
  → Recovered missing Language ID for KLP via mapping: 06400ef3d7b040c19e96efe6c6c99991
  ✓ Resolved KLP link 'video:/Female genital mutilation/immediate_health_risks' → 520e7f232691406da02e468131a0a462
Updated KLP 'klp-1-fgm-is-a-dangerous-practice' -> 87ac5856e82041e083d8439296af1bc2
  ✓ Activated version: 9e229e6df64a411cac5130dde9343a3d
  → Recovered missing Language ID for KLP via mapping: 06400ef3d7b040c19e96efe6c6c99991
  ✓ Resolved KLP link 'video:/Female genital mutilation/intro' → d7c4efff9c3f460b94439680210833f0
Updated KLP 'klp-2-fgm-is-forbidden' -> 81f798f2fa454dde81f66ae5cbcb6503
  ✓ Activated version: bf00952d7de94431b9a239ccd1bb42ba
  → Recovered missing Language ID for KLP via mapping: 06400ef3d7b040c19e96efe6c6c99991
  ✓ Resolved KLP link 'video:/Female genital mutilation/the_types_of_fgm' → 7a68af5c41764d73bc4cfab09d7746ac
Updated KLP 'klp-1-four-types-of-fgm' -> 7de31a71734e421bbe36c64eb2c6f355
  ✓ Activated version: e1d35d27b8bb4f9cb9f25a22aa589e03
  → Recovered missing Language ID for KLP via mapping: 06400ef3d7b040c19e96efe6c6c99991
  ✓ Resolved KLP link 'video:/Female genital mutilation/the_types_of_fgm' → 7a68af5c41764d73bc4cfab09d7746ac
Updated KLP 'klp-3-mix-of-the-types' -> eb8578e252464d928edc45ac76954492
  ✓ Activated version: 99c6c16db9b14bc09dc8c5cdb326cf4f
  → Recovered missing Language ID for KLP via mapping: 06400ef3d7b040c19e96efe6c6c99991
  ✓ Resolved KLP link 'video:/Female genital mutilation/the_types_of_fgm' → 7a68af5c41764d73bc4cfab09d7746ac
Updated KLP 'klp-2-type-1' -> 6c299790abf24af9b4b0fe369aac9453
  ✓ Activated version: 2b9de957d04347d687ee35eae5d78f7c
  → Recovered missing Language ID for KLP via mapping: 06400ef3d7b040c19e96efe6c6c99991
  ✓ Resolved KLP link 'video:/Female genital mutilation/the_types_of_fgm' → 7a68af5c41764d73bc4cfab09d7746ac
Updated KLP 'klp-2-type-2' -> 06fb779103b64b1d810d1efb3cd57264
  ✓ Activated version: e74eda16f10145619b5e54b1d13bcaa7
  → Recovered missing Language ID for KLP via mapping: 06400ef3d7b040c19e96efe6c6c99991
  ✓ Resolved KLP link 'video:/Female genital mutilation/the_types_of_fgm' → 7a68af5c41764d73bc4cfab09d7746ac
Updated KLP 'klp-2-type-3' -> 7e7eeddf45d9487aa85ff99dbc37585b
  ✓ Activated version: 30c4cde501f44fa485f8bb0b8fc75623
  → Recovered missing Language ID for KLP via mapping: 06400ef3d7b040c19e96efe6c6c99991
  ✓ Resolved KLP link 'video:/Female genital mutilation/the_types_of_fgm' → 7a68af5c41764d73bc4cfab09d7746ac
Updated KLP 'klp-2-type-4' -> 4602cf252b6b4485a319338f41052a57
  ✓ Activated version: c3d27c333b9745c5bd4ba693cb26582b
  → Recovered missing Language ID for KLP via mapping: 06400ef3d7b040c19e96efe6c6c99991
  ✓ Resolved KLP link 'video:/Female genital mutilation/the_types_of_fgm' → 7a68af5c41764d73bc4cfab09d7746ac
  ✓ Resolved KLP link 'video:/Female genital mutilation/the_types_of_fgm' → 7a68af5c41764d73bc4cfab09d7746ac
Updated KLP 'klp-1-type-2-becomes-type-3' -> 3812d5e5a3c14a06a14d5e68e1abfd89
  ✓ Activated version: 8a275a73e69047ff889c91bc3fe40490
  → Recovered missing Language ID for KLP via mapping: 06400ef3d7b040c19e96efe6c6c99991
  ✓ Resolved KLP link 'video:/Female genital mutilation/immediate_health_risks' → 520e7f232691406da02e468131a0a462
Updated KLP 'klp-1-immediate-health-risk' -> c17bb015edb64d179ffa84691e79fe13
  ✓ Activated version: 9ce5f8209c2a46cd8aeedeee725c84ea
  → Recovered missing Language ID for KLP via mapping: 06400ef3d7b040c19e96efe6c6c99991
  ✓ Resolved KLP link 'video:/Female genital mutilation/immediate_health_risks' → 520e7f232691406da02e468131a0a462
Updated KLP 'klp-2-fgm-and-infertility' -> 53a45e47cc8c486783d1c439bd53147f
  ✓ Activated version: a3ade115142b40d5a0003df710993ba5
  → Recovered missing Language ID for KLP via mapping: 06400ef3d7b040c19e96efe6c6c99991
  ✓ Resolved KLP link 'video:/Female genital mutilation/immediate_health_risks' → 520e7f232691406da02e468131a0a462
Updated KLP 'klp-1-long-term-consequences' -> d0350c2b755944bf96f97c1247c57168
  ✓ Activated version: ca1d1d94c133427898d7cd9f54d1ba4f
  → Recovered missing Language ID for KLP via mapping: 06400ef3d7b040c19e96efe6c6c99991
  ✓ Resolved KLP link 'video:/Female genital mutilation/birth_complications' → f99d2a02d2404d51b968b0fb23641ea1
Updated KLP 'klp-3-fgm-antenatal' -> 6630086d3292436380dc0bd6b188b8d2
  ✓ Activated version: ead8730d89eb4179962a9cbd55f5c688
  → Recovered missing Language ID for KLP via mapping: 06400ef3d7b040c19e96efe6c6c99991
  ✓ Resolved KLP link 'video:/Female genital mutilation/birth_complications' → f99d2a02d2404d51b968b0fb23641ea1
Updated KLP 'klp-3-birth-complications' -> 190e563ccdf34b9182ab6671f032559a
  ✓ Activated version: 89bb866fd674414992c49202a4ac2317
  → Recovered missing Language ID for KLP via mapping: 06400ef3d7b040c19e96efe6c6c99991
  ✓ Resolved KLP link 'video:/Female genital mutilation/birth_complications' → f99d2a02d2404d51b968b0fb23641ea1
Updated KLP 'klp-1-why-birth-complications' -> ebdb92f5edde440d8643aadcbb18dc3c
  ✓ Activated version: f2f9ecaa2d1d4c268b42c7751ba897d8
  → Recovered missing Language ID for KLP via mapping: 06400ef3d7b040c19e96efe6c6c99991
  ✓ Resolved KLP link 'video:/Female genital mutilation/management_of_a_pregnant_woman_with_fgm' → e60898ef52d04aa0ad45171af2c7c8c2
Updated KLP 'klp-1-urethra' -> 6098b2344e8d41f694cf85d0ef570f60
  ✓ Activated version: ca4a03d2261e487996feab93ac8c45e2
  → Recovered missing Language ID for KLP via mapping: 06400ef3d7b040c19e96efe6c6c99991
  ✓ Resolved KLP link 'video:/Female genital mutilation/deinfibulation' → e310b21ad1014b7a9a57af4f45755bcc
Updated KLP 'klp-3-deinfibulation-and-urethra' -> e7a82592b2ce47719ebe6b8097bd8371
  ✓ Activated version: 5704f4eb90304a3fbbd69b78b4d0917f
  → Recovered missing Language ID for KLP via mapping: 06400ef3d7b040c19e96efe6c6c99991
  ✓ Resolved KLP link 'video:/Female genital mutilation/deinfibulation' → e310b21ad1014b7a9a57af4f45755bcc
Updated KLP 'klp-2-steps-for-deinfibulation' -> 7c7f2d5b8213465d96f17180cecc081a
  ✓ Activated version: 887ecb5dc1054060a13d5ad9d820de66
  → Recovered missing Language ID for KLP via mapping: 06400ef3d7b040c19e96efe6c6c99991
  ✓ Resolved KLP link 'video:/Female genital mutilation/deinfibulation' → e310b21ad1014b7a9a57af4f45755bcc
Updated KLP 'klp-3-interrupted-sutures' -> 3c38bd10898248749b63ee16092a43c8
  ✓ Activated version: 80681dd6a5804ce18622b3e24a2d7ff5
  → Recovered missing Language ID for KLP via mapping: 06400ef3d7b040c19e96efe6c6c99991
  ✓ Resolved KLP link 'video:/Female genital mutilation/deinfibulation' → e310b21ad1014b7a9a57af4f45755bcc
Updated KLP 'klp-1-analgesia-after-deinfibulation' -> 9fd583ddea5642449b78f5eeadbb7661
  ✓ Activated version: 20bcde0f951141b29d8079697f7f4f2f
  → Recovered missing Language ID for KLP via mapping: 06400ef3d7b040c19e96efe6c6c99991
  ✓ Resolved KLP link 'video:/Female genital mutilation/deinfibulation' → e310b21ad1014b7a9a57af4f45755bcc
Updated KLP 'klp-3-hygiene-for-deinfibulation' -> 836a2b0f5df5493e9efc7b62d1101fc6
  ✓ Activated version: 2e3d5bb258624e128c404ea25d070726
  → Recovered missing Language ID for KLP via mapping: 06400ef3d7b040c19e96efe6c6c99991
  ✓ Resolved KLP link 'video:/Female genital mutilation/management_of_a_pregnant_woman_with_fgm' → e60898ef52d04aa0ad45171af2c7c8c2
Updated KLP 'klp-2-antenatal-deinfibulation' -> a9f0a247809146df9817f1a72dd5e1c4
  ✓ Activated version: cfb128b418004bbe88db07162ddbb6f4
  → Recovered missing Language ID for KLP via mapping: 06400ef3d7b040c19e96efe6c6c99991
  ✓ Resolved KLP link 'video:/Female genital mutilation/management_of_a_pregnant_woman_with_fgm' → e60898ef52d04aa0ad45171af2c7c8c2
Updated KLP 'klp-2-when-antenatal-deinfibulation' -> dc329caef0bd4fd584f8962fd1bb9c83
  ✓ Activated version: f735fdf13af34aacbb7218af5b744d61
  → Recovered missing Language ID for KLP via mapping: 06400ef3d7b040c19e96efe6c6c99991
  ✓ Resolved KLP link 'video:/Female genital mutilation/management_of_a_pregnant_woman_with_fgm' → e60898ef52d04aa0ad45171af2c7c8c2
Updated KLP 'klp-3-whom-to-deinfibulate-at-birth' -> cec0a369d1594fd4827349defff34056
  ✓ Activated version: 00bf638707294a57b7c71609489977e8
  → Recovered missing Language ID for KLP via mapping: 06400ef3d7b040c19e96efe6c6c99991
  ✓ Resolved KLP link 'video:/Female genital mutilation/labour_with_fgm' → 1c25452740c9420a9a6c0a657768f508
Updated KLP 'klp-2-when-deinfibulation-at-birth' -> c156d0741d73417bbeb563b2713d2ebc
  ✓ Activated version: 2957f5f10ca7455a8a9be8dedf5abbd7
  → Recovered missing Language ID for KLP via mapping: 06400ef3d7b040c19e96efe6c6c99991
  ✓ Resolved KLP link 'video:/Female genital mutilation/labour_with_fgm' → 1c25452740c9420a9a6c0a657768f508
Updated KLP 'klp-3-deinfibulation-and-second-stage' -> aeb1130e8cf84ca6ac097f24dd79b11c
  ✓ Activated version: 70a4e76d156240f0ab746be84175d760
  → Recovered missing Language ID for KLP via mapping: 06400ef3d7b040c19e96efe6c6c99991
  ✓ Resolved KLP link 'video:/Female genital mutilation/labour_with_fgm' → 1c25452740c9420a9a6c0a657768f508
  ✓ Resolved KLP link 'video:/Female genital mutilation/labour_with_fgm' → 1c25452740c9420a9a6c0a657768f508
Updated KLP 'klp-2-episiotomy' -> ff6e307e6ab94bc5ad3b3af82a0d82c0
  ✓ Activated version: 3ba7f056261a4d59937813f154d0190b
  → Recovered missing Language ID for KLP via mapping: 06400ef3d7b040c19e96efe6c6c99991
  ✓ Resolved KLP link 'video:/Female genital mutilation/labour_with_fgm' → 1c25452740c9420a9a6c0a657768f508
Updated KLP 'klp-1-episiotomy-procedure' -> fcc3725cc43b40ccae22a2dc8c1d6021
  ✓ Activated version: cd0de02f54d84c2aa0c9c9a14ce31a16
  → Recovered missing Language ID for KLP via mapping: 06400ef3d7b040c19e96efe6c6c99991
  ✓ Resolved KLP link 'video:/Female genital mutilation/labour_with_fgm' → 1c25452740c9420a9a6c0a657768f508
Updated KLP 'klp-1-forbidden-re-infibulation' -> 2a6973b741d5495f98a7e08092daff1e
  ✓ Activated version: 0f841cc469f24102a73ae89a7a9e07e8
  → Recovered missing Language ID for KLP via mapping: 06400ef3d7b040c19e96efe6c6c99991
  ✓ Resolved KLP link 'video:/Female genital mutilation/counsel_the_woman_and_her_husband' → 850cf72a6b1e498da3cb1ae97573780e
Updated KLP 'klp-3-wash-after-deinfibulation' -> 878181a1bcb74b45a1aac8bc767d79f5
  ✓ Activated version: e381a09b0b4c45d0ad05b5be469239ce
  → Recovered missing Language ID for KLP via mapping: 06400ef3d7b040c19e96efe6c6c99991
  ✓ Resolved KLP link 'video:/Female genital mutilation/counsel_the_woman_and_her_husband' → 850cf72a6b1e498da3cb1ae97573780e
Updated KLP 'klp-3-how-to-wash' -> 852c9124272e4a3c902789adf6e45edb
  ✓ Activated version: ca908fdcbaa1427596af718c0c07da31
  → Recovered missing Language ID for KLP via mapping: 06400ef3d7b040c19e96efe6c6c99991
  ✓ Resolved KLP link 'video:/Female genital mutilation/counsel_the_woman_and_her_husband' → 850cf72a6b1e498da3cb1ae97573780e
Updated KLP 'klp-1-re-infibulation-no-health-benefits' -> 21637e8e552e4951a6dfd3899d052680
  ✓ Activated version: 62e7d65611f34696bc00f6d69c8bd4ab
  → Recovered missing Language ID for KLP via mapping: 06400ef3d7b040c19e96efe6c6c99991
  ✓ Resolved KLP link 'video:/Female genital mutilation/counsel_the_woman_and_her_husband' → 850cf72a6b1e498da3cb1ae97573780e
Updated KLP 'klp-3-re-infibulation-is-a-health-risk' -> 243a94a2066445c6ac54b2948a1b80b3
  ✓ Activated version: 8cd7aa66bad04355ab83aaf4c6e31db0
  → Recovered missing Language ID for KLP via mapping: 06400ef3d7b040c19e96efe6c6c99991
  ✓ Resolved KLP link 'video:/Female genital mutilation/counsel_the_woman_and_her_husband' → 850cf72a6b1e498da3cb1ae97573780e
Updated KLP 'klp-3-healthcare-worker-fgm-knowledge' -> ca332fabf4a24457ac872ae1788949ab
  ✓ Activated version: 84ffb1eff8b142efbdaa81489d6b6ebb
  → Recovered missing Language ID for KLP via mapping: 06400ef3d7b040c19e96efe6c6c99991
  ✓ Resolved KLP link 'video:/Female genital mutilation/counsel_the_woman_and_her_husband' → 850cf72a6b1e498da3cb1ae97573780e
Updated KLP 'klp-2-no-fgm-for-newborn-girl' -> c4b6213b5b364658b47849a5432f5ca1
  ✓ Activated version: e2a6ae0eb30d451d8e2d7ee204fb1cdc
  → Recovered missing Language ID for KLP via mapping: 06400ef3d7b040c19e96efe6c6c99991
  ✓ Resolved KLP link 'procedure:five-steps-to-beat-covid-19-_1585566132690' → beedffe145554fc682e228998ec25a1f
Updated KLP 'klp-1-five-steps-to-prevent-covid-19' -> f8a0e1858e3247e9b133554d71515284
  ✓ Activated version: 4520def5cfb94e9e93ed6ad910e04943
  → Recovered missing Language ID for KLP via mapping: 06400ef3d7b040c19e96efe6c6c99991
  ✓ Resolved KLP link 'procedure:breastfeeding-and-covid-19_1585565364051' → f731a0a2ffc240dba94e68650aaef895
Updated KLP 'klp-1-breastfeeding-and-covid-19' -> d66e37f0b9fb47fcb9b23180fa05bb52
  ✓ Activated version: 6219b7edd2bf441dae63f1b5baee25e5
  → Recovered missing Language ID for KLP via mapping: 06400ef3d7b040c19e96efe6c6c99991
  ✓ Resolved KLP link 'video:/COVID-19/COVID-19' → 4c63ed1272734903baa533a3f90ab1ed
Updated KLP 'klp-1-ppe-and-covid-19' -> 8929f968174449b09d6812502b6171a9
  ✓ Activated version: 7b6fa1554c1f4ceeb6452c88eb8dca03
  → Recovered missing Language ID for KLP via mapping: 06400ef3d7b040c19e96efe6c6c99991
  ✓ Resolved KLP link 'procedure:symptoms-of-covid-19_1585563347070' → 261bbce8cbbf4a13bdfc031c27b003b3
Updated KLP 'klp-2-symptoms-of-covid-19' -> 99d41608ee39427c95c80a6e81b53654
  ✓ Activated version: 1914fb40c27d45b3940b4125d7f14830
  → Recovered missing Language ID for KLP via mapping: 06400ef3d7b040c19e96efe6c6c99991
  ✓ Resolved KLP link 'video:/COVID-19/COVID-19' → 4c63ed1272734903baa533a3f90ab1ed
Updated KLP 'klp-2-hand-hygiene-before-and-after-wearing-ppe' -> 713046be5c0f44458f98eff761002b42
  ✓ Activated version: ce2fb85d78ff4c6cac72c1d602870116
  → Recovered missing Language ID for KLP via mapping: 06400ef3d7b040c19e96efe6c6c99991
  ✓ Resolved KLP link 'procedure:are-pregnant-women-an-at-risk-group-_1585563945580' → 6edd929701c245a4b9210921346f5972
Updated KLP 'klp-2-pregnant-women-at-risk-group' -> 7516ceb7c33444beb7e8450fa0186011
  ✓ Activated version: 4a945b1a24444370933f06eeabb0c66e
  → Recovered missing Language ID for KLP via mapping: 06400ef3d7b040c19e96efe6c6c99991
  ✓ Resolved KLP link 'video:/COVID-19/COVID-19' → 4c63ed1272734903baa533a3f90ab1ed
Updated KLP 'klp-3-when-hand-hygiene' -> ee7e6ce9d6a544ac9ff4dbe9ed2f6402
  ✓ Activated version: 6fb67aa1cb94444f9ab0dc37d298add7
  → Recovered missing Language ID for KLP via mapping: 06400ef3d7b040c19e96efe6c6c99991
  ✓ Resolved KLP link 'procedure:care-during-pregnancy-and-birth_1585565133736' → 7e097f71938d4cc189f6306c15b877e1
Updated KLP 'klp-3-mode-of-delivery' -> 802851cda1d545c6834dfaed9b53316a
  ✓ Activated version: 5fe323dd0bd4423aab01c9d10ac066a1
  → Recovered missing Language ID for KLP via mapping: 06400ef3d7b040c19e96efe6c6c99991
  ✓ Resolved KLP link 'procedure:care-during-pregnancy-and-birth_1585565133736' → 7e097f71938d4cc189f6306c15b877e1
Updated KLP 'klp-3-care-during-birth' -> 9b60e5f743f94ffca971e747625dd6f3
  ✓ Activated version: f4af351fe9744cc782653e59ca45bdb2
  → Recovered missing Language ID for KLP via mapping: 06400ef3d7b040c19e96efe6c6c99991
  ✓ Resolved KLP link 'procedure:minimize-the-spread-of-covid-19-at-the-health-facility_1585565621400' → d5ef0311a8f643a5b0a6ec9b2bde704c
Updated KLP 'klp-1-correct-order-ppe-put-on' -> 821525a84aae4db9883f75584e118e53
  ✓ Activated version: 5732c396347e4de5a3c00d6ee31e3c26
  → Recovered missing Language ID for KLP via mapping: 06400ef3d7b040c19e96efe6c6c99991
  ✓ Resolved KLP link 'procedure:minimize-the-spread-of-covid-19-at-the-health-facility_1585565621400' → d5ef0311a8f643a5b0a6ec9b2bde704c
Updated KLP 'klp-1-correct-order-ppe-remove' -> 605011179bf443d794910d36666a2dcb
  ✓ Activated version: 3fed7e0053014302a85f706e7ae064b5
  → Recovered missing Language ID for KLP via mapping: 06400ef3d7b040c19e96efe6c6c99991
  ✓ Resolved KLP link 'procedure:minimize-the-spread-of-covid-19-at-the-health-facility_1585565621400' → d5ef0311a8f643a5b0a6ec9b2bde704c
Updated KLP 'klp-1-ppe-for-different-patients' -> 8b94f71a812a4fda8dadc4600162f45b
  ✓ Activated version: cb8e2f58f7234792b7c633b2a64d0791
  → Recovered missing Language ID for KLP via mapping: 06400ef3d7b040c19e96efe6c6c99991
  ✓ Resolved KLP link 'video:/COVID-19/hand_hygiene' → b33a20673c654adfa9dfa92c9d235eba
Updated KLP 'klp-1-removing-rings-watches-etc' -> 04d16ea1ba654cb1b7cf67730a2fe3d0
  ✓ Activated version: 1a7b324ff37044309ba379302c7e0eb3
  → Recovered missing Language ID for KLP via mapping: 06400ef3d7b040c19e96efe6c6c99991
  ✓ Resolved KLP link 'video:/COVID-19/intro' → 1b5c3218d04e4fdea2cb88a971bd42ff
Updated KLP 'klp-1-covid-19-transmission' -> e1d2eff7be004621b55d3d22fe20c8e1
  ✓ Activated version: d2f853014fdd454b9a86f5aeef74c3ec
  → Recovered missing Language ID for KLP via mapping: 06400ef3d7b040c19e96efe6c6c99991
  ✓ Resolved KLP link 'action-card:checklist-1_1585909349728' → 20431c8ddbce455aae84863775f4244b
Updated KLP 'klp-1-receiving-a-woman' -> 442f628fed9d4da497df9ea2c7abc03c
  ✓ Activated version: 7c49ca17eb49490bb4e406e48d82b6b6
  → Recovered missing Language ID for KLP via mapping: 06400ef3d7b040c19e96efe6c6c99991
  ✓ Resolved KLP link 'procedure:five-steps-to-beat-covid-19-_1585566132690' → beedffe145554fc682e228998ec25a1f
Updated KLP 'klp-1-where-to-sneeze-cough' -> d246b1ec8f6e49f1b0cdc7a92dda7e22
  ✓ Activated version: 43633277be2c4dc899f7ffb8300f80d6
  → Recovered missing Language ID for KLP via mapping: 06400ef3d7b040c19e96efe6c6c99991
  ✓ Resolved KLP link 'procedure:five-steps-to-beat-covid-19-_1585566132690' → beedffe145554fc682e228998ec25a1f
Updated KLP 'klp-1-feeling-unwell' -> 5704792c18e14f3db65a6a724283baeb
  ✓ Activated version: e8fdcf056eba48d4904dd07599730bab
  → Recovered missing Language ID for KLP via mapping: 06400ef3d7b040c19e96efe6c6c99991
  ✓ Resolved KLP link 'procedure:minimize-the-spread-of-covid-19-at-the-health-facility_1585565621400' → d5ef0311a8f643a5b0a6ec9b2bde704c
Updated KLP 'klp-2-management-environment' -> 1a50aee0094d42f7a54c7bf870d8a6d3
  ✓ Activated version: a1b128554ac549239326a3e34a82fee6
  → Recovered missing Language ID for KLP via mapping: 06400ef3d7b040c19e96efe6c6c99991
  ✓ Resolved KLP link 'procedure:breastfeeding-and-covid-19_1585565364051' → f731a0a2ffc240dba94e68650aaef895
Updated KLP 'klp-2-temporarily-separated' -> dc7fbc73781942eea1e6986907e2b660
  ✓ Activated version: 883aa698ee3b4bae8f56687a837d52b1
  → Recovered missing Language ID for KLP via mapping: 06400ef3d7b040c19e96efe6c6c99991
  ✓ Resolved KLP link 'procedure:care-during-pregnancy-and-birth_1585565133736' → 7e097f71938d4cc189f6306c15b877e1
Updated KLP 'klp-2-right-to-quality-of-care' -> 556cfa9885df48f5a66d459199078fec
  ✓ Activated version: 284a5de5a6eb43d6ba3ece0db6d33a4b
  → Recovered missing Language ID for KLP via mapping: 06400ef3d7b040c19e96efe6c6c99991
  ✓ Resolved KLP link 'video:/COVID-19/hand_hygiene' → b33a20673c654adfa9dfa92c9d235eba
Updated KLP 'klp-2-need-to-perform-hand-hygiene' -> 92f6dcaf047a4ef39e659ad4e48f151b
  ✓ Activated version: 177669c05c1f4d0a9edaf9e1fa72a4ce
  → Recovered missing Language ID for KLP via mapping: 06400ef3d7b040c19e96efe6c6c99991
  ⚠ Ambiguous action-card link 'action-card:antenatal-care-_1589191954840', 2 suffix matches: ['res-action-card-nepal-antenatal-care', 'res-action-card-respectful-antenatal-care']. Using first.
  ✓ Resolved KLP link 'action-card:antenatal-care-_1589191954840' → be1b11912f8444e2ba4b7785dabb7887
Updated KLP 'klp-2-symptoms-of-covid-19-anc-visits' -> 4c939919176141639f51d5b64c8996ea
  ✓ Activated version: 82397ae9a21044f29b1bb6d07c2dcff0
  → Recovered missing Language ID for KLP via mapping: 06400ef3d7b040c19e96efe6c6c99991
  ✓ Resolved KLP link 'action-card:postnatal-care_1589204113382' → cc45fb373f1a41b489e1a5759652e163
Updated KLP 'klp-2-pnc-remotely' -> dca2e79c649b45f6a4b0d1f2e241aa94
  ✓ Activated version: 71d66abf8c7d48d6868ac7b926cfc006
  → Recovered missing Language ID for KLP via mapping: 06400ef3d7b040c19e96efe6c6c99991
  ⚠ Ambiguous action-card link 'action-card:antenatal-care-_1589191954840', 2 suffix matches: ['res-action-card-nepal-antenatal-care', 'res-action-card-respectful-antenatal-care']. Using first.
  ✓ Resolved KLP link 'action-card:antenatal-care-_1589191954840' → be1b11912f8444e2ba4b7785dabb7887
Updated KLP 'klp-2-number-of-anc-visits' -> d1883f3c375b434ea18430c301672430
  ✓ Activated version: 933e280e0ec64b079718b39d94e1c3d7
  → Recovered missing Language ID for KLP via mapping: 06400ef3d7b040c19e96efe6c6c99991
  ✓ Resolved KLP link 'procedure:vertical-transmission-and-newborn-risk-_1585564745051' → 2307eec14a4840c7b26277476b5cf91d
Updated KLP 'klp-2-preventing-transmission-to-newborn' -> db77e35502854fd68498c9e13b853d2c
  ✓ Activated version: a574cce464874fb19b3318bed667f24f
  → Recovered missing Language ID for KLP via mapping: 06400ef3d7b040c19e96efe6c6c99991
  ✓ Resolved KLP link 'procedure:minimize-the-spread-of-covid-19-at-the-health-facility_1585565621400' → d5ef0311a8f643a5b0a6ec9b2bde704c
Updated KLP 'klp-2-prevent-spreading-at-health-care-facility' -> f216a758e2fa4c2ab1d4b1e88f56ec46
  ✓ Activated version: fd00054c8fdc4afd8fe10bca770c14c7
  → Recovered missing Language ID for KLP via mapping: 06400ef3d7b040c19e96efe6c6c99991
  ✓ Resolved KLP link 'procedure:symptoms-of-covid-19_1585563347070' → 261bbce8cbbf4a13bdfc031c27b003b3
Updated KLP 'klp-3-incubation-covid-19' -> b19ca7d707f54d21b347e6915efa288a
  ✓ Activated version: 419990abdce447b4bd233d0e8a5131d1
  → Recovered missing Language ID for KLP via mapping: 06400ef3d7b040c19e96efe6c6c99991
  ✓ Resolved KLP link 'action-card:checklist-1_1585909349728' → 20431c8ddbce455aae84863775f4244b
Updated KLP 'klp-3-women-and-companions-hand-hygiene' -> 598c318bfb664757a47a249357242e4c
  ✓ Activated version: ac68db029a854b60b012d50e541525aa
  → Recovered missing Language ID for KLP via mapping: 06400ef3d7b040c19e96efe6c6c99991
  ⚠ Ambiguous action-card link 'action-card:antenatal-care-_1589191954840', 2 suffix matches: ['res-action-card-nepal-antenatal-care', 'res-action-card-respectful-antenatal-care']. Using first.
  ✓ Resolved KLP link 'action-card:antenatal-care-_1589191954840' → be1b11912f8444e2ba4b7785dabb7887
Updated KLP 'klp-3-anc-remote-visits' -> ac1abfc971a14d85ab1ac33f63946f69
  ✓ Activated version: f7dcf0459b6f4d999ce4c94e15024d04
  → Recovered missing Language ID for KLP via mapping: 06400ef3d7b040c19e96efe6c6c99991
  ✓ Resolved KLP link 'video:/COVID-19/procedure_for_handwash' → bc6d349cdc814cd6b2192b687f66ca5e
Updated KLP 'klp-3-hand-wash-how-long' -> 067d7370bdac48a39fc1a0ec0579e6d4
  ✓ Activated version: 51727a6fb70e47f88b31800c0501b6ee
  → Recovered missing Language ID for KLP via mapping: 06400ef3d7b040c19e96efe6c6c99991
  ✓ Resolved KLP link 'video:/COVID-19/procedure_for_handrub' → 3f8b84e7bac2456a8104ac3f4885dc72
Updated KLP 'klp-3-handrub-how-long' -> e311c2a90181402b9e4554ae718c03b1
  ✓ Activated version: 3a3a16aaa1e442a6b54ebd099341b35f
  → Recovered missing Language ID for KLP via mapping: 06400ef3d7b040c19e96efe6c6c99991
  ✓ Resolved KLP link 'procedure:minimize-the-spread-of-covid-19-at-the-health-facility_1585565621400' → d5ef0311a8f643a5b0a6ec9b2bde704c
Updated KLP 'klp-3-remove-ppe-important' -> 44c7e9a4aa82442b9563f532934062cc
  ✓ Activated version: bdf837c1319947e3895c1e5fb3a717f9
  → Recovered missing Language ID for KLP via mapping: 06400ef3d7b040c19e96efe6c6c99991
  ✓ Resolved KLP link 'procedure:symptoms-of-covid-19_1585563347070' → 261bbce8cbbf4a13bdfc031c27b003b3
Updated KLP 'klp-3-corona-is' -> 931067f93d94443ca51bcec56e46a66f
  ✓ Activated version: cb3829b8435f4f73a5adff675045f9b1
  → Recovered missing Language ID for KLP via mapping: 06400ef3d7b040c19e96efe6c6c99991
  ✓ Resolved KLP link 'action-card:postnatal-care_1589204113382' → cc45fb373f1a41b489e1a5759652e163
Updated KLP 'klp-3-covid-19-postpartum-care' -> 1dfd182b30be4c86a1c660627d1c50d4
  ✓ Activated version: eec5309d7e064146926cce9b1ac7953e
  → Recovered missing Language ID for KLP via mapping: 06400ef3d7b040c19e96efe6c6c99991
  ✓ Resolved KLP link 'procedure:breastfeeding-and-covid-19_1585565364051' → f731a0a2ffc240dba94e68650aaef895
Updated KLP 'klp-1-breastfeeding-covid-19-positive-mother' -> c7fa4c88478e4530b99130cd53d0115c
  ✓ Activated version: 9113f4e9008647708235e8b0d8dad74a
  → Recovered missing Language ID for KLP via mapping: 06400ef3d7b040c19e96efe6c6c99991
  ✓ Resolved KLP link 'video:/Infection prevention/intro' → 34f88845d54c4e81bcd16614f7c92594
  ✓ Resolved KLP link 'video:/Infection prevention/intro' → 34f88845d54c4e81bcd16614f7c92594
Updated KLP 'klp-1-prevent-infections' -> 1c25a487ab4d4416844e93efa9fa388e
  ✓ Activated version: cae919b984374ae3b4c35d3011ca1163
  → Recovered missing Language ID for KLP via mapping: 06400ef3d7b040c19e96efe6c6c99991
  ✓ Resolved KLP link 'video:/Infection prevention/hand_hygiene' → 41c7f6fe668c4ef589fe36ff01c02eda
Updated KLP 'klp-1-hand-hygiene-wash-and-alcohol' -> ddec0996536c4cae892400dfb22bc7a3
  ✓ Activated version: cd10586a3fb942c5b41a148ffc02e09b
  → Recovered missing Language ID for KLP via mapping: 06400ef3d7b040c19e96efe6c6c99991
  ✓ Resolved KLP link 'video:/Infection prevention/hand_hygiene' → 41c7f6fe668c4ef589fe36ff01c02eda
Updated KLP 'klp-1-use-alcohol-based-handrub' -> 7a6875593a4a4c12aa10f501a541b3ac
  ✓ Activated version: 905c26f79b9c458ba1a4b7535b01360b
  → Recovered missing Language ID for KLP via mapping: 06400ef3d7b040c19e96efe6c6c99991
  ✓ Resolved KLP link 'video:/Infection prevention/procedure_for_handwash' → 95b95a4913844c628be80f4c0ccf67f0
Updated KLP 'klp-3-soap-for-handwashing' -> 124a5101a53440acabce5500b9f14758
  ✓ Activated version: 43f2d2c074a44589b108bbd21a20efe5
  → Recovered missing Language ID for KLP via mapping: 06400ef3d7b040c19e96efe6c6c99991
  ✓ Resolved KLP link 'video:/Infection prevention/personal_protective_equipment' → 7444c67e48e54efaa385a01abc605328
Updated KLP 'klp-1-personal-protective-equipment' -> 1001097459134651ad1364aff3b679ce
  ✓ Activated version: 11c3fd6ff6424644bab29a77728908ea
  → Recovered missing Language ID for KLP via mapping: 06400ef3d7b040c19e96efe6c6c99991
  ✓ Resolved KLP link 'video:/Infection prevention/personal_protective_equipment' → 7444c67e48e54efaa385a01abc605328
Updated KLP 'klp-1-gloves-for-different-patients' -> bf118f69b8804abaa5110eef593d08c0
  ✓ Activated version: bd0966a967864e85a78235fd91a07dfe
  → Recovered missing Language ID for KLP via mapping: 06400ef3d7b040c19e96efe6c6c99991
  ✓ Resolved KLP link 'video:/Infection prevention/cleaning_decontamination' → 06d1dc9411ea4d1ead9c908cc187aa21
Updated KLP 'klp-1-soap-solution' -> e50ffecc87be4c53aafd2bb6786d3ec7
  ✓ Activated version: 5c3af73a9f574b0f9ed493b545619602
  → Recovered missing Language ID for KLP via mapping: 06400ef3d7b040c19e96efe6c6c99991
  ✓ Resolved KLP link 'video:/Infection prevention/storage' → 042047b05fab444eb5b9083d0749c2dc
Updated KLP 'klp-1-package-of-sterile-items' -> 573e2718d9dd485294e39d195deff3ea
  ✓ Activated version: a998fde9d2164ee7a8f14945ce9f6d82
  → Recovered missing Language ID for KLP via mapping: 06400ef3d7b040c19e96efe6c6c99991
  ✓ Resolved KLP link 'video:/Infection prevention/storage' → 042047b05fab444eb5b9083d0749c2dc
Updated KLP 'klp-1-storage-of-sterile-items' -> 5057bfadf29b4f389654f909f85019b9
  ✓ Activated version: 6b703f8fe6474c84b6d1c82f8b398f68
  → Recovered missing Language ID for KLP via mapping: 06400ef3d7b040c19e96efe6c6c99991
  ✓ Resolved KLP link 'video:/Infection prevention/housekeeping' → 6886af6d3e8d4dd88e776b5018019cc9
Updated KLP 'klp-1-cleaning-and-delivery-bed' -> 5573b64153bc499286a735bd8cd3dce1
  ✓ Activated version: 7fbbcdd56ecd4b17ae7084678ee1d5a0
  → Recovered missing Language ID for KLP via mapping: 06400ef3d7b040c19e96efe6c6c99991
  ✓ Resolved KLP link 'video:/Infection prevention/hiv_hepatitis_b_prevention' → 041e1d5e03a0464a8902346401ddc344
Updated KLP 'klp-1-recommended-vaccination' -> 20e063227c7a40c0abc6e9ebe22f7555
  ✓ Activated version: a97741772e2349b6a5aa133f15aa32aa
  → Recovered missing Language ID for KLP via mapping: 06400ef3d7b040c19e96efe6c6c99991
  ✓ Resolved KLP link 'video:/Infection prevention/intro' → 34f88845d54c4e81bcd16614f7c92594
Updated KLP 'klp-2-infection-and-maternal-death' -> 69aa6cc3267c4f869e4fcace62cbe5ff
  ✓ Activated version: ac5b420483404da5a06e932ab2f03319
  → Recovered missing Language ID for KLP via mapping: 06400ef3d7b040c19e96efe6c6c99991
  ✓ Resolved KLP link 'video:/Infection prevention/intro' → 34f88845d54c4e81bcd16614f7c92594
Updated KLP 'klp-2-infection-and-neonatal-death' -> 99454ceb28314636a4ad3e4fe7aba12f
  ✓ Activated version: 690cbbc4718f42b4986482bdd5942149
  → Recovered missing Language ID for KLP via mapping: 06400ef3d7b040c19e96efe6c6c99991
  ✓ Resolved KLP link 'video:/Infection prevention/intro' → 34f88845d54c4e81bcd16614f7c92594
Updated KLP 'klp-2-infection-and-germs' -> cdb366e280984a399e879d2f5586bee5
  ✓ Activated version: 7d84637f75ef4dab938e48081d8d1204
  → Recovered missing Language ID for KLP via mapping: 06400ef3d7b040c19e96efe6c6c99991
  ✓ Resolved KLP link 'video:/Infection prevention/intro' → 34f88845d54c4e81bcd16614f7c92594
Updated KLP 'klp-2-healthcare-professionals-hands' -> 7a24f524a78a4e87b6d3152bd6bd2604
  ✓ Activated version: c31206ed742e4946bbc647e3c4f095e2
  → Recovered missing Language ID for KLP via mapping: 06400ef3d7b040c19e96efe6c6c99991
  ✓ Resolved KLP link 'video:/Infection prevention/hand_hygiene' → 41c7f6fe668c4ef589fe36ff01c02eda
Updated KLP 'klp-2-alcohol-most-effective' -> 4c61b2f394d14cff8f9d4b56e4f521fe
  ✓ Activated version: 759339a5ea8749d2b653504c179645e7
  → Recovered missing Language ID for KLP via mapping: 06400ef3d7b040c19e96efe6c6c99991
  ✓ Resolved KLP link 'video:/Infection prevention/hand_hygiene' → 41c7f6fe668c4ef589fe36ff01c02eda
Updated KLP 'klp-2-no-jewellery-on-hands' -> 1b0252032bec4ec39865e75183ec938f
  ✓ Activated version: f7f6c87ab1c24be58cef32ef4adb2d4a
  → Recovered missing Language ID for KLP via mapping: 06400ef3d7b040c19e96efe6c6c99991
  ✓ Resolved KLP link 'video:/Infection prevention/procedure_for_handwash' → 95b95a4913844c628be80f4c0ccf67f0
  ✓ Resolved KLP link 'video:/Infection prevention/procedure_for_handwash' → 95b95a4913844c628be80f4c0ccf67f0
Updated KLP 'klp-2-towel' -> ff85db74b2ec488bb0083b776552473a
  ✓ Activated version: 08c435daba0948f1b914db42830041a8
  → Recovered missing Language ID for KLP via mapping: 06400ef3d7b040c19e96efe6c6c99991
  ✓ Resolved KLP link 'video:/Infection prevention/procedure_for_handrub' → 3a89e762a1d14e249824306cf87609df
Updated KLP 'klp-2-when-hand-hygiene1' -> a18771fdb0eb43afbb811499681af667
  ✓ Activated version: 941f34586f304d849de0d1015e2129a7
  → Recovered missing Language ID for KLP via mapping: 06400ef3d7b040c19e96efe6c6c99991
  ✓ Resolved KLP link 'video:/Infection prevention/storage' → 042047b05fab444eb5b9083d0749c2dc
Updated KLP 'klp-2-order-of-cleaning-and-storage' -> 21ef7c19c1d048bc83e4bb95e6ea901a
  ✓ Activated version: f407f8a539aa4afbb9a43ac255f579cc
  → Recovered missing Language ID for KLP via mapping: 06400ef3d7b040c19e96efe6c6c99991
  ✓ Resolved KLP link 'video:/Infection prevention/housekeeping' → 6886af6d3e8d4dd88e776b5018019cc9
Updated KLP 'klp-2-disinfection-solution' -> 658f3e5959e4448b81d5d2496c6454ab
  ✓ Activated version: f5ea4cecd9ca42f1a06e6fa69d70ec73
  → Recovered missing Language ID for KLP via mapping: 06400ef3d7b040c19e96efe6c6c99991
  ✓ Resolved KLP link 'video:/Infection prevention/hiv_hepatitis_b_prevention' → 041e1d5e03a0464a8902346401ddc344
Updated KLP 'klp-2-spread-of-hiv-and-hep-b' -> c9c5449fcee346789ba76f11b1ea8b63
  ✓ Activated version: fda630e0a861414aa0c13e2714b8f1b4
  → Recovered missing Language ID for KLP via mapping: 06400ef3d7b040c19e96efe6c6c99991
  ✓ Resolved KLP link 'video:/Infection prevention/hand_hygiene' → 41c7f6fe668c4ef589fe36ff01c02eda
Updated KLP 'klp-3-when-hand-hygiene2' -> c8e3f85d9f0445719e894dc081a5976d
  ✓ Activated version: bf5e9515934c4ce0ad955ec998b29d1f
  → Recovered missing Language ID for KLP via mapping: 06400ef3d7b040c19e96efe6c6c99991
  ✓ Resolved KLP link 'video:/Infection prevention/hand_hygiene' → 41c7f6fe668c4ef589fe36ff01c02eda
Updated KLP 'klp-3-wash-hands' -> cb69d299b0794394be123989755aaf0c
  ✓ Activated version: 43865d33ccbf455680e4194a6680d244
  → Recovered missing Language ID for KLP via mapping: 06400ef3d7b040c19e96efe6c6c99991
  ✓ Resolved KLP link 'video:/Infection prevention/procedure_for_handwash' → 95b95a4913844c628be80f4c0ccf67f0
Updated KLP 'klp-3-procedure-for-handwashing' -> 30bbb0534e4248bea83089e87cfaa2b1
  ✓ Activated version: 90d45c8bb2894a078cc46ca95ea79af4
  → Recovered missing Language ID for KLP via mapping: 06400ef3d7b040c19e96efe6c6c99991
  ✓ Resolved KLP link 'video:/Infection prevention/procedure_for_handrub' → 3a89e762a1d14e249824306cf87609df
Updated KLP 'klp-3-amount-of-handrub' -> 257920a152154166baaa231554f7613b
  ✓ Activated version: 33c24942903e4495b3f2f48662f8c0ef
  → Recovered missing Language ID for KLP via mapping: 06400ef3d7b040c19e96efe6c6c99991
  ✓ Resolved KLP link 'procedure:mixing-alcohol-based-handrub_1487245431108' → 9c1b3d6b1b044d25a5eec88a1a423b34
Updated KLP 'klp-3-product-in-alcohol-based-handrub' -> 321caa4df6aa456793da3777886bebd5
  ✓ Activated version: e24abead3cd940e7b629266e0906bafd
  → Recovered missing Language ID for KLP via mapping: 06400ef3d7b040c19e96efe6c6c99991
  ✓ Resolved KLP link 'procedure:mixing-alcohol-based-handrub_1487245431108' → 9c1b3d6b1b044d25a5eec88a1a423b34
Updated KLP 'klp-3-label-of-alcohol-based-handrub' -> 57db97f2766849b3a3b365d6673d4b51
  ✓ Activated version: 9eb0e9f7a12c42398a9c4ed0d65bf58a
  → Recovered missing Language ID for KLP via mapping: 06400ef3d7b040c19e96efe6c6c99991
  ✓ Resolved KLP link 'video:/Infection prevention/personal_protective_equipment' → 7444c67e48e54efaa385a01abc605328
Updated KLP 'klp-3-removing-gloves' -> 25a4e4df073b41118a5e20bad3803309
  ✓ Activated version: 511538cf5ae942c58bb22ae609da5bd3
  → Recovered missing Language ID for KLP via mapping: 06400ef3d7b040c19e96efe6c6c99991
  ✓ Resolved KLP link 'video:/Infection prevention/personal_protective_equipment' → 7444c67e48e54efaa385a01abc605328
Updated KLP 'klp-3-gloves-for-birth' -> 30fc641b43d1469797a435373b47fb05
  ✓ Activated version: 13a7ffba61e14e2aa4fd67edd632c653
  → Recovered missing Language ID for KLP via mapping: 06400ef3d7b040c19e96efe6c6c99991
  ✓ Resolved KLP link 'video:/Infection prevention/housekeeping' → 6886af6d3e8d4dd88e776b5018019cc9
Updated KLP 'klp-3-high-risk-area' -> 6076301b51a043fa89ebb8b7821e5039
  ✓ Activated version: cb9ae5019a8f4c9e96ee6add4253079d
  → Recovered missing Language ID for KLP via mapping: 06400ef3d7b040c19e96efe6c6c99991
  ✓ Resolved KLP link 'video:/Infection prevention/hiv_hepatitis_b_prevention' → 041e1d5e03a0464a8902346401ddc344
Updated KLP 'klp-3-transmission-most-likely' -> 23f7b7362be843e4b64476bfbb663786
  ✓ Activated version: 1d99f5f59289405aba750895ffd6ce5c
  → Recovered missing Language ID for KLP via mapping: 06400ef3d7b040c19e96efe6c6c99991
  ✓ Resolved KLP link 'video:/Infection prevention/hiv_hepatitis_b_prevention' → 041e1d5e03a0464a8902346401ddc344
Updated KLP 'klp-3-action-if-exposed' -> 1d34eaa17ee34e5faa4474ff17aed5e0
  ✓ Activated version: 28f8da6297854b3eb9a5088ffcc84d36
  → Recovered missing Language ID for KLP via mapping: 06400ef3d7b040c19e96efe6c6c99991
  ✓ Resolved KLP link 'video:/Infection prevention/procedure_for_handwash' → 95b95a4913844c628be80f4c0ccf67f0
Updated KLP 'klp-1-soap-wet-container' -> 54dc32f839bd4217a317799055e8a5a0
  ✓ Activated version: aab5371d300248d797903e36d4504df2
  → Recovered missing Language ID for KLP via mapping: 06400ef3d7b040c19e96efe6c6c99991
  ✓ Resolved KLP link 'video:/Infection prevention/procedure_for_handwash' → 95b95a4913844c628be80f4c0ccf67f0
Updated KLP 'klp-1-air-dry-hands' -> 7704a9095894461abd2680f1e0107964
  ✓ Activated version: 6849215f387f4e48ae1514c65dd5e5f4
  → Recovered missing Language ID for KLP via mapping: 06400ef3d7b040c19e96efe6c6c99991
  ✓ Resolved KLP link 'procedure:mixing-alcohol-based-handrub_1487245431108' → 9c1b3d6b1b044d25a5eec88a1a423b34
Updated KLP 'klp-2-product-in-alcohol-based-handrub-2' -> e9add13959d5408a8ebc8eeffec04580
  ✓ Activated version: 94e24d164e0b4d4193e8e245a0c72a52
  → Recovered missing Language ID for KLP via mapping: 06400ef3d7b040c19e96efe6c6c99991
  ✓ Resolved KLP link 'video:/Post abortion care/intro' → 0e2b4270671746e189be4a3c442fed28
Updated KLP 'klp-2-unsafe-abortion-globally' -> db9fa748f65e49a9b8e9d0d5505f6edc
  ✓ Activated version: 1f51cd3d9adc4dd996160217cb0e7b21
  → Recovered missing Language ID for KLP via mapping: 06400ef3d7b040c19e96efe6c6c99991
  ✓ Resolved KLP link 'video:/Post abortion care/intro' → 0e2b4270671746e189be4a3c442fed28
Updated KLP 'klp-1-septic-abortion' -> b11d7019749f454bbe309312d571aa3f
  ✓ Activated version: 0815d3509bac45e3963354ec03865989
  → Recovered missing Language ID for KLP via mapping: 06400ef3d7b040c19e96efe6c6c99991
  ✓ Resolved KLP link 'video:/Post abortion care/how_to_diagnose' → 0c178c0adeaa4bf082e3525815f4d82f
Updated KLP 'klp-1-complication-to-unsafe-abortion' -> a4ac0fc99b7542ba8031959e41898242
  ✓ Activated version: 81781acfe9b64675905fb5a6e47bd6a1
  → Recovered missing Language ID for KLP via mapping: 06400ef3d7b040c19e96efe6c6c99991
  ✓ Resolved KLP link 'video:/Post abortion care/how_to_diagnose' → 0c178c0adeaa4bf082e3525815f4d82f
Updated KLP 'klp-1-urine-test' -> 006e4bc756d84396b56e93944fb35976
  ✓ Activated version: 28179bfa620245a99c65dd76409d32e4
  → Recovered missing Language ID for KLP via mapping: 06400ef3d7b040c19e96efe6c6c99991
  ✓ Resolved KLP link 'video:/Post abortion care/how_to_diagnose' → 0c178c0adeaa4bf082e3525815f4d82f
Updated KLP 'klp-2-complication-to-abortion' -> 8b52116377db4b1183ab6dc89faed3b5
  ✓ Activated version: 135f2c5801a64aaf9d7f8c9e861ae9d2
  → Recovered missing Language ID for KLP via mapping: 06400ef3d7b040c19e96efe6c6c99991
  ✓ Resolved KLP link 'video:/Post abortion care/how_to_diagnose' → 0c178c0adeaa4bf082e3525815f4d82f
Updated KLP 'klp-1-fever-and-septic-abortion' -> 7c9e2186f5d94e438f917cca786cf495
  ✓ Activated version: a6080d1036e343248eaa93d25b40cd5e
  → Recovered missing Language ID for KLP via mapping: 06400ef3d7b040c19e96efe6c6c99991
  ✓ Resolved KLP link 'video:/Post abortion care/how_to_diagnose' → 0c178c0adeaa4bf082e3525815f4d82f
Updated KLP 'klp-2-what-to-measure' -> dd22f13801334a45a4b58a6dea8e94e9
  ✓ Activated version: 326cf7dbc60644ebb9133998233265aa
  → Recovered missing Language ID for KLP via mapping: 06400ef3d7b040c19e96efe6c6c99991
  ✓ Resolved KLP link 'video:/Post abortion care/how_to_diagnose' → 0c178c0adeaa4bf082e3525815f4d82f
Updated KLP 'klp-1-signs-of-septic-abortion' -> b9d8fa4121ef46cd9d7ec8fff1817428
  ✓ Activated version: 4b9a61e86dff4295a99d46048a5276cc
  → Recovered missing Language ID for KLP via mapping: 06400ef3d7b040c19e96efe6c6c99991
  ✓ Resolved KLP link 'video:/Post abortion care/how_to_diagnose' → 0c178c0adeaa4bf082e3525815f4d82f
Updated KLP 'klp-3-suspect-lower-abdominal-tenderness' -> 1a3197c2be8f406b99ced87a66220c72
  ✓ Activated version: d41c8b3cdcd248978ead4fcd6253ee37
  → Recovered missing Language ID for KLP via mapping: 06400ef3d7b040c19e96efe6c6c99991
  ✓ Resolved KLP link 'video:/Post abortion care/how_to_manage' → e1762b494a924056b00c16162e913512
Updated KLP 'klp-1-septic-abortion-can-be-fatal' -> ee2218a76cc84347b9a2dfcc2fb188ec
  ✓ Activated version: 2ebdb139298942df8da849e6aa9b78f3
  → Recovered missing Language ID for KLP via mapping: 06400ef3d7b040c19e96efe6c6c99991
  ✓ Resolved KLP link 'video:/Post abortion care/how_to_manage' → e1762b494a924056b00c16162e913512
Updated KLP 'klp-2-most-important-action-at-septic-abortion' -> 143ba1596a144dcda854137c76063458
  ✓ Activated version: d5cb82f850c64bff97a146f5767a004f
  → Recovered missing Language ID for KLP via mapping: 06400ef3d7b040c19e96efe6c6c99991
  ✓ Resolved KLP link 'video:/Post abortion care/how_to_manage' → e1762b494a924056b00c16162e913512
  ✓ Resolved KLP link 'video:/Post abortion care/how_to_manage' → e1762b494a924056b00c16162e913512
  ✓ Resolved KLP link 'video:/Post abortion care/how_to_manage' → e1762b494a924056b00c16162e913512
Updated KLP 'klp-1-action-at-septic-abortion' -> fbc770dbfdd4448fb6bba72c3faf1e86
  ✓ Activated version: 09922290423341ceb17b26d2fc5e5252
  → Recovered missing Language ID for KLP via mapping: 06400ef3d7b040c19e96efe6c6c99991
  ✓ Resolved KLP link 'video:/Post abortion care/how_to_manage' → e1762b494a924056b00c16162e913512
Updated KLP 'klp-3-ab-and-evacuation-of-the-uterus' -> 6085f00f2d114350b4b691bfd179e1f6
  ✓ Activated version: eadc7808578746fc98f3f0d66b1c2c1d
  → Recovered missing Language ID for KLP via mapping: 06400ef3d7b040c19e96efe6c6c99991
  ✓ Resolved KLP link 'video:/Post abortion care/how_to_manage' → e1762b494a924056b00c16162e913512
Updated KLP 'klp-3-which-ab-to-give' -> dd8dfb233c1f40459022ef19843b7645
  ✓ Activated version: ca081f107ace407894e4a8375251d057
  → Recovered missing Language ID for KLP via mapping: 06400ef3d7b040c19e96efe6c6c99991
  ✓ Resolved KLP link 'video:/Post abortion care/how_to_manage' → e1762b494a924056b00c16162e913512
Updated KLP 'klp-1-urgent-management' -> cc40d70c133c4d218c1704a6b8858d53
  ✓ Activated version: ecc6eaf9a7c34cc59a9a111e0beddf41
  → Recovered missing Language ID for KLP via mapping: 06400ef3d7b040c19e96efe6c6c99991
  ✓ Resolved KLP link 'video:/Post abortion care/how_to_manage' → e1762b494a924056b00c16162e913512
Updated KLP 'klp-3-correct-order-of-actions' -> 67cb259cf9a34a3c842a03cdb119f8a6
  ✓ Activated version: 8b5fc86debd747e7a6908848a470dfdb
  → Recovered missing Language ID for KLP via mapping: 06400ef3d7b040c19e96efe6c6c99991
  ✓ Resolved KLP link 'video:/Post abortion care/how_to_manage' → e1762b494a924056b00c16162e913512
Updated KLP 'klp-1-peritonitis' -> 8706ec0f5335411db357ff2fe72166b2
  ✓ Activated version: 37ef6ec898784210bdc39f7612aeb2c9
  → Recovered missing Language ID for KLP via mapping: 06400ef3d7b040c19e96efe6c6c99991
  ✓ Resolved KLP link 'video:/Post abortion care/evacuation_of_the_uterus' → c2fd39c802f34cb2bbd1a8085a397fca
Updated KLP 'klp-1-evacuation-of-the-uterus' -> 83a3e50713ca4655b577797c2ceb0fc8
  ✓ Activated version: 6924238a09bd4bc6ab049706c80329b4
  → Recovered missing Language ID for KLP via mapping: 06400ef3d7b040c19e96efe6c6c99991
  ✓ Resolved KLP link 'video:/Post abortion care/evacuation_of_the_uterus' → c2fd39c802f34cb2bbd1a8085a397fca
Updated KLP 'klp-3-manual-vacuum-aspiration' -> c4a8d97d6e5c46b09386a96679da1bc7
  ✓ Activated version: e5ca275899e4457f8414a058d6a7ad95
  → Recovered missing Language ID for KLP via mapping: 06400ef3d7b040c19e96efe6c6c99991
  ✓ Resolved KLP link 'video:/Post abortion care/evacuation_of_the_uterus' → c2fd39c802f34cb2bbd1a8085a397fca
Updated KLP 'klp-3-uterus-size-in-week-12' -> a16a449b11814186b1e4179fea4677cd
  ✓ Activated version: 4dc041e21f21473892d0589097daf13a
  → Recovered missing Language ID for KLP via mapping: 06400ef3d7b040c19e96efe6c6c99991
  ✓ Resolved KLP link 'video:/Post abortion care/manual_vacuum_aspiration' → ed2ad5567552432cafde7b77e211b1cb
Updated KLP 'klp-3-preparation-for-mva' -> 23d3f224c69a49e0915a33bb409b9892
  ✓ Activated version: 5f43e9632976470b91e45bb9a477e129
  → Recovered missing Language ID for KLP via mapping: 06400ef3d7b040c19e96efe6c6c99991
  ✓ Resolved KLP link 'video:/Post abortion care/manual_vacuum_aspiration' → ed2ad5567552432cafde7b77e211b1cb
Updated KLP 'klp-3-analgesic-for-mva' -> 512657daf27e4bf78ded3319d76ee525
  ✓ Activated version: 7d4b4086a849454eac567223694247d4
  → Recovered missing Language ID for KLP via mapping: 06400ef3d7b040c19e96efe6c6c99991
  ✓ Resolved KLP link 'video:/Post abortion care/manual_vacuum_aspiration' → ed2ad5567552432cafde7b77e211b1cb
Updated KLP 'klp-3-valves-closed' -> 74eb2e63dbac4660b10838468303fea2
  ✓ Activated version: 60f3899a32604e908f8a1ab7035f34a5
  → Recovered missing Language ID for KLP via mapping: 06400ef3d7b040c19e96efe6c6c99991
  ✓ Resolved KLP link 'video:/Post abortion care/manual_vacuum_aspiration' → ed2ad5567552432cafde7b77e211b1cb
Updated KLP 'klp-2-vacuum-to-mva-syringe' -> 09dd35134e224667a2d36ace5eadd14e
  ✓ Activated version: 3892762fb9bd40e9b5b9bb142a8ea724
  → Recovered missing Language ID for KLP via mapping: 06400ef3d7b040c19e96efe6c6c99991
  ✓ Resolved KLP link 'video:/Post abortion care/manual_vacuum_aspiration' → ed2ad5567552432cafde7b77e211b1cb
Updated KLP 'klp-2-tenaculum' -> b9e05e142f01443e9047402c44273577
  ✓ Activated version: 8c81d726765b46bfb1cd41cabbe562a8
  → Recovered missing Language ID for KLP via mapping: 06400ef3d7b040c19e96efe6c6c99991
  ✓ Resolved KLP link 'video:/Post abortion care/manual_vacuum_aspiration' → ed2ad5567552432cafde7b77e211b1cb
Updated KLP 'klp-2-dilate-the-cervix' -> 16bb7d99feec41a6ac6e15c6eb200f45
  ✓ Activated version: 4f9d299ebe5a4424b25d36bc4978926d
  → Recovered missing Language ID for KLP via mapping: 06400ef3d7b040c19e96efe6c6c99991
  ✓ Resolved KLP link 'video:/Post abortion care/manual_vacuum_aspiration' → ed2ad5567552432cafde7b77e211b1cb
  ✓ Resolved KLP link 'video:/Post abortion care/manual_vacuum_aspiration' → ed2ad5567552432cafde7b77e211b1cb
Updated KLP 'klp-2-no-touch-technique' -> 1c9322ebd6044bfeb0597d1c0b9ace9b
  ✓ Activated version: 4dbb09527f37405ebca471b3b7d2e300
  → Recovered missing Language ID for KLP via mapping: 06400ef3d7b040c19e96efe6c6c99991
  ✓ Resolved KLP link 'video:/Post abortion care/manual_vacuum_aspiration' → ed2ad5567552432cafde7b77e211b1cb
Updated KLP 'klp-3-size-of-cannula-for-mva' -> 6bfabc5ab3d5466e86eea8b204938ca9
  ✓ Activated version: 6d1ab79ecd9c4b95b3283c2919e304aa
  → Recovered missing Language ID for KLP via mapping: 06400ef3d7b040c19e96efe6c6c99991
  ✓ Resolved KLP link 'video:/Post abortion care/manual_vacuum_aspiration' → ed2ad5567552432cafde7b77e211b1cb
Updated KLP 'klp-2-insert-of-the-cannula' -> 251ea490533640768138c1e1ac9fb269
  ✓ Activated version: 7adb7bb52080434daf68b68d7abc7d04
  → Recovered missing Language ID for KLP via mapping: 06400ef3d7b040c19e96efe6c6c99991
  ✓ Resolved KLP link 'video:/Post abortion care/manual_vacuum_aspiration' → ed2ad5567552432cafde7b77e211b1cb
Updated KLP 'klp-2-attachment-of-the-syringe' -> 39e447dfd257482a89515b11050f3497
  ✓ Activated version: 2600c2a7cd864cdf9816796ed27922bf
  → Recovered missing Language ID for KLP via mapping: 06400ef3d7b040c19e96efe6c6c99991
  ✓ Resolved KLP link 'video:/Post abortion care/manual_vacuum_aspiration' → ed2ad5567552432cafde7b77e211b1cb
Updated KLP 'klp-2-rotate-and-move-cannula-back-and-forth' -> ebd9d302c06a438190d32baa40cf0417
  ✓ Activated version: 06aa70c314aa4964b363c4340edb6c75
  → Recovered missing Language ID for KLP via mapping: 06400ef3d7b040c19e96efe6c6c99991
  ✓ Resolved KLP link 'video:/Post abortion care/manual_vacuum_aspiration' → ed2ad5567552432cafde7b77e211b1cb
Updated KLP 'klp-1-end-of-suctioning' -> e6bf8008f13d4eb89447e78041804799
  ✓ Activated version: c8a4121eb5404bd8b0e5fd70e82f124c
  → Recovered missing Language ID for KLP via mapping: 06400ef3d7b040c19e96efe6c6c99991
  ✓ Resolved KLP link 'video:/Post abortion care/manual_vacuum_aspiration' → ed2ad5567552432cafde7b77e211b1cb
Updated KLP 'klp-2-use-the-cannula-again' -> 1e2316fc503b4aa0883898b4d221e050
  ✓ Activated version: 82b3a85e83404c07ba1313fce482e95a
  → Recovered missing Language ID for KLP via mapping: 06400ef3d7b040c19e96efe6c6c99991
  ✓ Resolved KLP link 'video:/Post abortion care/manual_vacuum_aspiration' → ed2ad5567552432cafde7b77e211b1cb
Updated KLP 'klp-3-ab-after-mva' -> cf22fe6050244d669b71644038db0f4c
  ✓ Activated version: 589febed486046068e400700f6224ba8
  → Recovered missing Language ID for KLP via mapping: 06400ef3d7b040c19e96efe6c6c99991
  ✓ Resolved KLP link 'video:/Post abortion care/manual_vacuum_aspiration' → ed2ad5567552432cafde7b77e211b1cb
Updated KLP 'klp-3-counselling' -> cfef69be089f42a294dfeae7fcd34b92
  ✓ Activated version: 3dd2c00da1394c61988a0715425f3212
  → Recovered missing Language ID for KLP via mapping: 06400ef3d7b040c19e96efe6c6c99991
  ✓ Resolved KLP link 'video:/Post abortion care/manual_vacuum_aspiration' → ed2ad5567552432cafde7b77e211b1cb
  ✓ Resolved KLP link 'video:/Post abortion care/manual_vacuum_aspiration' → ed2ad5567552432cafde7b77e211b1cb
Updated KLP 'klp-1-advise-before-dismission' -> 264eb5523b3941a3aa0b9f70e1d095d4
  ✓ Activated version: fc710096c5c344a7b1bbc02efac5ad3b
  → Recovered missing Language ID for KLP via mapping: 06400ef3d7b040c19e96efe6c6c99991
  ✓ Resolved KLP link 'video:/Hypertension/definitions' → c5c21be79fb043c19c6663ae67ade4bd
Updated KLP 'klp-1-severe-preeclampsia' -> b526a52b5098492bb986d6cf519281cf
  ✓ Activated version: 1653dc2a42be4bcea6a06abdc0bf0da4
  → Recovered missing Language ID for KLP via mapping: 06400ef3d7b040c19e96efe6c6c99991
  ✓ Resolved KLP link 'video:/Hypertension/definitions' → c5c21be79fb043c19c6663ae67ade4bd
Updated KLP 'klp-2-gestational-hypertension' -> 0dfe4ab902284d689690f0b5a192e494
  ✓ Activated version: 56e0555fef9d42a59b9b82aa435a10e7
  → Recovered missing Language ID for KLP via mapping: 06400ef3d7b040c19e96efe6c6c99991
  ✓ Resolved KLP link 'video:/Hypertension/definitions' → c5c21be79fb043c19c6663ae67ade4bd
Updated KLP 'klp-2-preeclampsia' -> cd67f17f8d164b63947cf64d71f9a9ed
  ✓ Activated version: 05ae62db0dba4b9498d317a84519af5a
  → Recovered missing Language ID for KLP via mapping: 06400ef3d7b040c19e96efe6c6c99991
  ✓ Resolved KLP link 'video:/Hypertension/definitions' → c5c21be79fb043c19c6663ae67ade4bd
Updated KLP 'klp-1-severely-elevated-blood-pressure' -> 0ee36770cd7f4edb8b804d4f8ff75088
  ✓ Activated version: 23be427eaa66449db966b55f979d80ae
  → Recovered missing Language ID for KLP via mapping: 06400ef3d7b040c19e96efe6c6c99991
  ✓ Resolved KLP link 'video:/Hypertension/definitions' → c5c21be79fb043c19c6663ae67ade4bd
Updated KLP 'klp-1-severe-headache-and-visual-disturbance' -> 7452e988bd91459993c162873026d32f
  ✓ Activated version: 28f56a5eb18a42e69237b6ff49ab5cb1
  → Recovered missing Language ID for KLP via mapping: 06400ef3d7b040c19e96efe6c6c99991
  ✓ Resolved KLP link 'video:/Hypertension/definitions' → c5c21be79fb043c19c6663ae67ade4bd
  ✓ Resolved KLP link 'video:/Hypertension/definitions' → c5c21be79fb043c19c6663ae67ade4bd
Updated KLP 'klp-1-visual-disturbances-like-silver-lights-or-blurry-vision-eyes' -> aef4a440c4cc468d8b72522c9a2276a2
  ✓ Activated version: ae1cdbc658ff4ae3927674ca0e1f084e
  → Recovered missing Language ID for KLP via mapping: 06400ef3d7b040c19e96efe6c6c99991
  ✓ Resolved KLP link 'video:/Hypertension/definitions' → c5c21be79fb043c19c6663ae67ade4bd
Updated KLP 'klp-1-upper-abdominal-pain-from-the-liver' -> 909ead33e4274945b9b7efdb9922fb7b
  ✓ Activated version: 5ccc89e76bcc4de599862341f54b8df1
  → Recovered missing Language ID for KLP via mapping: 06400ef3d7b040c19e96efe6c6c99991
  ✓ Resolved KLP link 'video:/Hypertension/definitions' → c5c21be79fb043c19c6663ae67ade4bd
Updated KLP 'klp-1-respiratory-distress' -> 4609bfcb3d8b4a3d87a01104de8289de
  ✓ Activated version: c787e6ece9f848a3a01ad7e5cc76710b
  → Recovered missing Language ID for KLP via mapping: 06400ef3d7b040c19e96efe6c6c99991
  ✓ Resolved KLP link 'video:/Hypertension/definitions' → c5c21be79fb043c19c6663ae67ade4bd
  ✓ Resolved KLP link 'video:/Hypertension/definitions' → c5c21be79fb043c19c6663ae67ade4bd
Updated KLP 'klp-3-cause-of-oliguria' -> 55b39234f31040a3803bc7bcadde9862
  ✓ Activated version: 60352d27e9034227b5ab60ac459dc360
  → Recovered missing Language ID for KLP via mapping: 06400ef3d7b040c19e96efe6c6c99991
  ✓ Resolved KLP link 'video:/Hypertension/definitions' → c5c21be79fb043c19c6663ae67ade4bd
Updated KLP 'klp-2-eclampsia' -> 2ea8ee68788c42989a17c8338f00cb8e
  ✓ Activated version: b5bd7c4e6d04414994ce962793441c89
  → Recovered missing Language ID for KLP via mapping: 06400ef3d7b040c19e96efe6c6c99991
  ✓ Resolved KLP link 'video:/Hypertension/definitions' → c5c21be79fb043c19c6663ae67ade4bd
Updated KLP 'klp-2-eclampsia-normal-blood-pressure' -> eb7a27360b0b44b8984ed72edf96cd3c
  ✓ Activated version: e9f8898806164ae39f3f8558e0ccff97
  → Recovered missing Language ID for KLP via mapping: 06400ef3d7b040c19e96efe6c6c99991
  ✓ Resolved KLP link 'video:/Hypertension/definitions' → c5c21be79fb043c19c6663ae67ade4bd
Updated KLP 'klp-3-differential-diagnosis' -> ac7cd636f91a456db89547317ccfce77
  ✓ Activated version: 0678003ce7dc47bd9da79072d8c44169
  → Recovered missing Language ID for KLP via mapping: 06400ef3d7b040c19e96efe6c6c99991
  ✓ Resolved KLP link 'video:/Hypertension/causes' → 637811836d4c432e87f313e47abb6338
Updated KLP 'klp-1-causes-of-pre-eclampsia' -> f7fbbeda96934eb3b487bf9bdb68a376
  ✓ Activated version: e4a00d4f692d4b279f7fcc48fbd032a1
  → Recovered missing Language ID for KLP via mapping: 06400ef3d7b040c19e96efe6c6c99991
  ✓ Resolved KLP link 'video:/Hypertension/how_to_diagnose' → 5cbe1d8c4370496dbff4bc14991e2ac0
  ✓ Resolved KLP link 'video:/Hypertension/how_to_diagnose' → 5cbe1d8c4370496dbff4bc14991e2ac0
Updated KLP 'klp-3-anc-blood-pressure' -> bc087d88e8e0461bb6f272a962eed488
  ✓ Activated version: 1fbda437ae87470b8a2d2bfb834c1f96
  → Recovered missing Language ID for KLP via mapping: 06400ef3d7b040c19e96efe6c6c99991
  ✓ Resolved KLP link 'video:/Hypertension/how_to_diagnose' → 5cbe1d8c4370496dbff4bc14991e2ac0
  ✓ Resolved KLP link 'video:/Hypertension/how_to_diagnose' → 5cbe1d8c4370496dbff4bc14991e2ac0
Updated KLP 'klp-3-confirm-bp' -> 633aa490cf95468885df845c33c47f54
  ✓ Activated version: 82017d50e2ac46c691fa3595918dc8cc
  → Recovered missing Language ID for KLP via mapping: 06400ef3d7b040c19e96efe6c6c99991
  ✓ Resolved KLP link 'video:/Hypertension/how_to_diagnose' → 5cbe1d8c4370496dbff4bc14991e2ac0
Updated KLP 'klp-2-confirmed-elevated-bp' -> 5d67478926b242a38ca26344204caefc
  ✓ Activated version: 95b748bab6ed4203969081d842115bd5
  → Recovered missing Language ID for KLP via mapping: 06400ef3d7b040c19e96efe6c6c99991
  ✓ Resolved KLP link 'video:/Hypertension/management_of_hypertension' → 14f67eb967944c45ab01efbe8f13203c
Updated KLP 'klp-1-keep-systolic-bp-below-160' -> 27f7a04a9acc4dcdba32c46ce7d13fb0
  ✓ Activated version: e16e3335226344c7bf69ab0d61979ca5
  → Recovered missing Language ID for KLP via mapping: 06400ef3d7b040c19e96efe6c6c99991
  ✓ Resolved KLP link 'video:/Hypertension/management_of_hypertension' → 14f67eb967944c45ab01efbe8f13203c
Updated KLP 'klp-2-keep-diastolic-bp-above-80' -> da93e95ce9fd48a0947f60ed67e8a567
  ✓ Activated version: 10f018f4608044cc8331b41771d52e28
  → Recovered missing Language ID for KLP via mapping: 06400ef3d7b040c19e96efe6c6c99991
  ✓ Resolved KLP link 'drug:labetalol_1490625535572' → b9808901bc3a45fc89761de346ac311f
Updated KLP 'klp-3-labetalol' -> 4931aa0e651b48d08cbfb205d2bc6933
  ✓ Activated version: 099a8d9a3c31459e98488f9f33b6a09c
  → Recovered missing Language ID for KLP via mapping: 06400ef3d7b040c19e96efe6c6c99991
  ✓ Resolved KLP link 'drug:methyldopa_1487111904464' → 5719affb0bfb4c13a4d62fda6d6f23ca
Updated KLP 'klp-3-methyldopa' -> 6c1b64591f6140c5a40d55c06eb3694f
  ✓ Activated version: 7684e265268347cdaeea6a295a3a08ea
  → Recovered missing Language ID for KLP via mapping: 06400ef3d7b040c19e96efe6c6c99991
  ✓ Resolved KLP link 'video:/Hypertension/management_of_hypertension' → 14f67eb967944c45ab01efbe8f13203c
Updated KLP 'klp-1-iv-medication' -> 81da8156343a4325865a58804619178a
  ✓ Activated version: aee1b5090fbc4e03ab8d059099bb759e
  → Recovered missing Language ID for KLP via mapping: 06400ef3d7b040c19e96efe6c6c99991
  ✓ Resolved KLP link 'drug:hydralazine_1487109388353' → b9a8b0598e1c46e49d4c925dff84e867
Updated KLP 'klp-3-hydralazine' -> bb79983cfb4446af85362f6a735caf8a
  ✓ Activated version: 83e4190534274c30bd96fa04e74fa100
  → Recovered missing Language ID for KLP via mapping: 06400ef3d7b040c19e96efe6c6c99991
  ✓ Resolved KLP link 'video:/Hypertension/severe_preeclampsia_eclampsia' → 702aa864442e4757936f4a1368141675
  ✓ Resolved KLP link 'video:/Hypertension/severe_preeclampsia_eclampsia' → 702aa864442e4757936f4a1368141675
Updated KLP 'klp-2-eclampsia-seizures' -> 4af821a619294b8ab5aff271595b9907
  ✓ Activated version: e0d2c8c27db34d0faaccbc13aa7ed9fe
  → Recovered missing Language ID for KLP via mapping: 06400ef3d7b040c19e96efe6c6c99991
  ✓ Resolved KLP link 'video:/Hypertension/severe_preeclampsia_eclampsia' → 702aa864442e4757936f4a1368141675
Updated KLP 'klp-1-severe-pre-eclampsia-or-eclampsia' -> f37c4ec6d01d4707af182d7ded13cafa
  ✓ Activated version: 37ba23ead8644d35b4314b83ed7bad2e
  → Recovered missing Language ID for KLP via mapping: 06400ef3d7b040c19e96efe6c6c99991
  ✓ Resolved KLP link 'video:/Hypertension/severe_preeclampsia_eclampsia' → 702aa864442e4757936f4a1368141675
Updated KLP 'klp-1-eclampsia-monitor-1-2-hour' -> a720bd5155804906afa3131eb686da70
  ✓ Activated version: 1a587a18836d458086e780531856c80c
  → Recovered missing Language ID for KLP via mapping: 06400ef3d7b040c19e96efe6c6c99991
  ✓ Resolved KLP link 'drug:magnesium-sulphate_1487111473832' → a7bc6e3c0e9e420492f575558a1dd688
Updated KLP 'klp-2-give-magnesium-sulphate' -> df87665ea160461fb327d789e48772c1
  ✓ Activated version: ebfc431e3342438da70e20b18ebe6903
  → Recovered missing Language ID for KLP via mapping: 06400ef3d7b040c19e96efe6c6c99991
  ✓ Resolved KLP link 'video:/Hypertension/severe_preeclampsia_eclampsia' → 702aa864442e4757936f4a1368141675
  ✓ Resolved KLP link 'video:/Hypertension/severe_preeclampsia_eclampsia' → 702aa864442e4757936f4a1368141675
Updated KLP 'klp-2-toxicity' -> 0e9fc270334c45d98f1d97b22f14d4de
  ✓ Activated version: 2a51fbc5011c4ebe949ccecfa3ec3f28
  → Recovered missing Language ID for KLP via mapping: 06400ef3d7b040c19e96efe6c6c99991
  ✓ Resolved KLP link 'drug:magnesium-sulphate_1487111473832' → a7bc6e3c0e9e420492f575558a1dd688
Updated KLP 'klp-2-maintain-dose-magnesium-sulphate' -> b843e9d21ae641d59ed7790afc2dafdb
  ✓ Activated version: 56bdd40a9340431594138dd71677e93b
  → Recovered missing Language ID for KLP via mapping: 06400ef3d7b040c19e96efe6c6c99991
  ✓ Resolved KLP link 'video:/Hypertension/severe_preeclampsia_eclampsia' → 702aa864442e4757936f4a1368141675
Updated KLP 'klp-3-refer-and-eclampsia' -> d0f94c1c05b7495cbc224aa08beccab9
  ✓ Activated version: 79fb0d2e41f843fdb7ca7da8bfb168e7
  → Recovered missing Language ID for KLP via mapping: 06400ef3d7b040c19e96efe6c6c99991
  ✓ Resolved KLP link 'drug:betamethasone_1487080183154' → 68ad36d39eff4e28b00df56e3c8d0ee1
Updated KLP 'klp-3-lung-maturity' -> ecb7bb69dad44ac7a69f058aa1c69c0b
  ✓ Activated version: 157b8123dc1646169d09cd1176b75cc0
  → Recovered missing Language ID for KLP via mapping: 06400ef3d7b040c19e96efe6c6c99991
  ✓ Resolved KLP link 'video:/Hypertension/definitions' → c5c21be79fb043c19c6663ae67ade4bd
  ✓ Resolved KLP link 'video:/Hypertension/definitions' → c5c21be79fb043c19c6663ae67ade4bd
Updated KLP 'klp-2-proteinuria' -> 18336f93ee074ef2bc40bfe5828121e4
  ✓ Activated version: 2b33ae44cd1a49d990a64d15313104e1
  → Recovered missing Language ID for KLP via mapping: 06400ef3d7b040c19e96efe6c6c99991
  ✓ Resolved KLP link 'video:/Hypertension/causes' → 637811836d4c432e87f313e47abb6338
  ✓ Resolved KLP link 'video:/Hypertension/causes' → 637811836d4c432e87f313e47abb6338
Updated KLP 'klp-2-cure-of-pre-eclampsia' -> 04614b67c7cd4be889021e759b837966
  ✓ Activated version: 88cf74797d78436aa1693bc095f6351d
  → Recovered missing Language ID for KLP via mapping: 06400ef3d7b040c19e96efe6c6c99991
  ✓ Resolved KLP link 'video:/Hypertension/management_of_hypertension' → 14f67eb967944c45ab01efbe8f13203c
  ✓ Resolved KLP link 'video:/Hypertension/management_of_hypertension' → 14f67eb967944c45ab01efbe8f13203c
Updated KLP 'klp-3-maternal-death-and-pre-eclampsia' -> a91665da25e84694a2205e17b8a05ac7
  ✓ Activated version: bf90f60c02c74391ae42d5be81258f14
  → Recovered missing Language ID for KLP via mapping: 06400ef3d7b040c19e96efe6c6c99991
  ✓ Resolved KLP link 'video:/Hypertension/severe_preeclampsia_eclampsia' → 702aa864442e4757936f4a1368141675
Updated KLP 'klp-3-action-eclampsia' -> 5c55cc9ce8d04c4393b4af2f2219f6cf
  ✓ Activated version: ce42e3742e4c4d48b535cd0bf3d54c1c
  → Recovered missing Language ID for KLP via mapping: 06400ef3d7b040c19e96efe6c6c99991
  ✓ Resolved KLP link 'video:/Hypertension/severe_preeclampsia_eclampsia' → 702aa864442e4757936f4a1368141675
Updated KLP 'klp-3-fluid-overload' -> a025806ee03142699c6e7f31f401ff90
  ✓ Activated version: 4730c61ced774546b0295bff75697371
  → Recovered missing Language ID for KLP via mapping: 06400ef3d7b040c19e96efe6c6c99991
  ✓ Resolved KLP link 'video:/Hypertension/management_of_hypertension' → 14f67eb967944c45ab01efbe8f13203c
Updated KLP 'klp-1-calcium-gluconate' -> ecad6a98b63c4a11a01600ce67ab2fd6
  ✓ Activated version: b294c4d4d45e4e3cb4862bf78fa2404b
  → Recovered missing Language ID for KLP via mapping: 06400ef3d7b040c19e96efe6c6c99991
  ✓ Resolved KLP link 'video:/Normal labour and birth/intro' → 9c1943ceb928403fa6de5c5c3818fe8e
Updated KLP 'klp-1-the-definition-of-a-normal-birth' -> 04ed1ffa84b64b26b9ed2e179ffb53fa
  ✓ Activated version: 5169ca7a74a5404ab2cda46e382c090b
  → Recovered missing Language ID for KLP via mapping: 06400ef3d7b040c19e96efe6c6c99991
  ✓ Resolved KLP link 'video:/Normal labour and birth/respectful_care' → 09fa28ea29254add91ef9a769db9df5b
Updated KLP 'klp-1-what-is-respectful-care' -> cd0fba16f26343078f95c9b3e949e4f0
  ✓ Activated version: c411949cca9d4cc18b190539fe33f0dc
  → Recovered missing Language ID for KLP via mapping: 06400ef3d7b040c19e96efe6c6c99991
  ✓ Resolved KLP link 'video:/Normal labour and birth/intro' → 9c1943ceb928403fa6de5c5c3818fe8e
Updated KLP 'klp-2-a-child-born-in-week-36' -> cdc3fed0df0b440389a3149b2c0e1d70
  ✓ Activated version: 77877ee32ce64d2081f27cff1069bba8
  → Recovered missing Language ID for KLP via mapping: 06400ef3d7b040c19e96efe6c6c99991
  ✓ Resolved KLP link 'video:/Normal labour and birth/intro' → 9c1943ceb928403fa6de5c5c3818fe8e
Updated KLP 'klp-3-start-of-a-spontaneous-normal-birth' -> 37f4d74e44e144958487ab76e50bea7a
  ✓ Activated version: 4ac00fca39614153985fa41fea2bfefc
  → Recovered missing Language ID for KLP via mapping: 06400ef3d7b040c19e96efe6c6c99991
  ✓ Resolved KLP link 'video:/Normal labour and birth/respectful_care' → 09fa28ea29254add91ef9a769db9df5b
Updated KLP 'klp-2-fear-of-being-mistreated' -> 72284541aef047009122827cccea1765
  ✓ Activated version: beb330d72086461f9248340d80d2417f
  → Recovered missing Language ID for KLP via mapping: 06400ef3d7b040c19e96efe6c6c99991
  ✓ Resolved KLP link 'video:/Normal labour and birth/respectful_care' → 09fa28ea29254add91ef9a769db9df5b
Updated KLP 'klp-3-the-elements-of-true-respectful-care' -> 2929c9fddaba48998213daab217dffbd
  ✓ Activated version: 104aae634b3242c6a1c6a8b59427096a
  → Recovered missing Language ID for KLP via mapping: 06400ef3d7b040c19e96efe6c6c99991
  ✓ Resolved KLP link 'video:/Normal labour and birth/initial_assessment' → 6d96c409b80c4b0b9c2daca5d88d4fb1
Updated KLP 'klp-1-the-first-thing-you-do' -> 56e0e8d4242c4e7eb2905e3a0502a237
  ✓ Activated version: 29441969c3cb47729a2c216ca5143f16
  → Recovered missing Language ID for KLP via mapping: 06400ef3d7b040c19e96efe6c6c99991
  ✓ Resolved KLP link 'procedure:initial-assessment_1591607594553' → eb50ab514d9c4ea594444ce11bb3c165
Updated KLP 'klp-2-what-kind-of-danger-signs-should-be-examined' -> 05efa56456e44305a3e4321d174e12d2
  ✓ Activated version: 0d9dc1bb611d4133a8407d7ea47586b1
  → Recovered missing Language ID for KLP via mapping: 06400ef3d7b040c19e96efe6c6c99991
  ✓ Resolved KLP link 'procedure:calculate-due-date-and-ga-_1591608714797' → dbbee44618c3411fa1006266837e14c2
Updated KLP 'klp-3-when-is-her-due-date' -> 8aa0b1a722d44838a107b8240dcfec0f
  ✓ Activated version: 9d77a2e481644a25af41c5fb810e8431
  → Recovered missing Language ID for KLP via mapping: 06400ef3d7b040c19e96efe6c6c99991
  ✓ Resolved KLP link 'video:/Normal labour and birth/1st_stage_latent_phase' → 12779983895a4f6c929d20012b051dd6
Updated KLP 'klp-1-strong-contractions-5-6-minutes-apart' -> 719a459a06224823b47d816207f98cbd
  ✓ Activated version: bf1b100e585d449cb5b6c48fbd4f6f89
  → Recovered missing Language ID for KLP via mapping: 06400ef3d7b040c19e96efe6c6c99991
  ✓ Resolved KLP link 'procedure:abdominal-examination-_1591608971713' → a677618ba12e4a5e89c2699106886c1f
Updated KLP 'klp-2-abdominal-examination' -> e11ea38570584da5bebb158f37a63d35
  ✓ Activated version: 0daab14445fe492ca13a78dec23c93ea
  → Recovered missing Language ID for KLP via mapping: 06400ef3d7b040c19e96efe6c6c99991
  ✓ Resolved KLP link 'procedure:vaginal-examination_1591619208367' → bf58b05cdafc4b78a45d59a617fa60d4
Updated KLP 'klp-3-when-performing-a-ve' -> e9ab873a5473411d8064f2cf0290b307
  ✓ Activated version: f988505935a14a6b8b26e620c62a8d03
  → Recovered missing Language ID for KLP via mapping: 06400ef3d7b040c19e96efe6c6c99991
  ✓ Resolved KLP link 'video:/Normal labour and birth/1st_stage_active_phase' → 89063ac7a7db4c30a817941197063dc5
Updated KLP 'klp-1-good-contractions-with-3-minutes-apart' -> c312ddb243804cc49cb87c8179ec3068
  ✓ Activated version: 5d0da48837264d4eade0dd5e36ded7f1
  → Recovered missing Language ID for KLP via mapping: 06400ef3d7b040c19e96efe6c6c99991
  ✓ Resolved KLP link 'video:/Normal labour and birth/1st_stage_active_phase' → 89063ac7a7db4c30a817941197063dc5
Updated KLP 'klp-2-the-documentation-on-the-partograph' -> 5ce3601a76554ac09276d69795dbcb9f
  ✓ Activated version: 0fdfc12e27c545cca1f99749007a3a14
  → Recovered missing Language ID for KLP via mapping: 06400ef3d7b040c19e96efe6c6c99991
  ✓ Resolved KLP link 'video:/Normal labour and birth/1st_stage_active_phase' → 89063ac7a7db4c30a817941197063dc5
Updated KLP 'klp-3-the-labour-has-lasted-12-hours' -> d6000263f6294ebf81cffaf31c059080
  ✓ Activated version: b90db27ef5be446b8e1c110c62f7d534
  → Recovered missing Language ID for KLP via mapping: 06400ef3d7b040c19e96efe6c6c99991
  ✓ Resolved KLP link 'video:/Normal labour and birth/1st_stage_active_phase' → 89063ac7a7db4c30a817941197063dc5
Updated KLP 'klp-1-help-the-woman-to-get-good-contractions' -> b470514844764915aeb2f4dd6d997199
  ✓ Activated version: 2243511038ce40ec9d297838d4328529
  → Recovered missing Language ID for KLP via mapping: 06400ef3d7b040c19e96efe6c6c99991
  ✓ Resolved KLP link 'video:/Normal labour and birth/support' → 25dd162b120341b8b099f3ade17bd1ed
Updated KLP 'klp-2-when-the-woman-wants-to-stand-up' -> 0203211c88d44d89a2b0f95cdd4f165d
  ✓ Activated version: 917350b92846407d8535e646e90734c8
  → Recovered missing Language ID for KLP via mapping: 06400ef3d7b040c19e96efe6c6c99991
  ✓ Resolved KLP link 'video:/Normal labour and birth/support' → 25dd162b120341b8b099f3ade17bd1ed
Updated KLP 'klp-3-the-woman-cannot-eat-or-drink-during-labour-and-birth' -> 72714867d6894715b58d3c97e59ee17d
  ✓ Activated version: a86458afa7594796a4f859c73a6bac83
  → Recovered missing Language ID for KLP via mapping: 06400ef3d7b040c19e96efe6c6c99991
  ✓ Resolved KLP link 'video:/Normal labour and birth/support' → 25dd162b120341b8b099f3ade17bd1ed
Updated KLP 'klp-1-when-the-woman-is-in-an-upright-position' -> e3f5190a894748118abb660b65cd700b
  ✓ Activated version: ce4827516e7d4363aec9861d3cc85316
  → Recovered missing Language ID for KLP via mapping: 06400ef3d7b040c19e96efe6c6c99991
  ✓ Resolved KLP link 'video:/Normal labour and birth/2nd_stage_delivering_the_baby' → a4ac484fc9974107b94915d7d55b951c
Updated KLP 'klp-2-to-be-on-all-fours-and-give-birth' -> 0e18f90706c64882a5748b9acd85db19
  ✓ Activated version: 3d0aab3700e148d5940b924a1b580ec4
  → Recovered missing Language ID for KLP via mapping: 06400ef3d7b040c19e96efe6c6c99991
  ✓ Resolved KLP link 'video:/Normal labour and birth/support' → 25dd162b120341b8b099f3ade17bd1ed
Updated KLP 'klp-3-non-pharmacological-pain-relief' -> 18d4361748a2412195e76c903f8928fd
  ✓ Activated version: 13f548d53b174ec8ad03d68ef872094d
  → Recovered missing Language ID for KLP via mapping: 06400ef3d7b040c19e96efe6c6c99991
  ✓ Resolved KLP link 'video:/Normal labour and birth/2nd_stage_cervix_fully_dilated' → b82affc62ce741bdad7270baf8a13ecc
Updated KLP 'klp-1-the-woman-can-push-when' -> ec8d5438658c457f9b0c965c86f97e22
  ✓ Activated version: ea5ac4654c104063be36617f37dd23ea
  → Recovered missing Language ID for KLP via mapping: 06400ef3d7b040c19e96efe6c6c99991
  ✓ Resolved KLP link 'video:/Normal labour and birth/2nd_stage_cervix_fully_dilated' → b82affc62ce741bdad7270baf8a13ecc
Updated KLP 'klp-2-what-needs-to-be-ready-for-the-birth' -> b7c2954b81174ae586a214e7077d328d
  ✓ Activated version: 177e3fb0ec1f4360a7601d0f639c3c48
  → Recovered missing Language ID for KLP via mapping: 06400ef3d7b040c19e96efe6c6c99991
  ✓ Resolved KLP link 'video:/Normal labour and birth/2nd_stage_cervix_fully_dilated' → b82affc62ce741bdad7270baf8a13ecc
Updated KLP 'klp-3-what-should-you-do-during-the-second-stage' -> bb1b917034c74624b190b4ef6d59dd64
  ✓ Activated version: 73ac7de3de374e76a4d4da3350a2ba07
  → Recovered missing Language ID for KLP via mapping: 06400ef3d7b040c19e96efe6c6c99991
  ✓ Resolved KLP link 'video:/Normal labour and birth/2nd_stage_delivering_the_baby' → a4ac484fc9974107b94915d7d55b951c
Updated KLP 'klp-1-how-would-you-help-the-woman-to-push' -> 56af6225b985429384393cd862c9d870
  ✓ Activated version: 938fc3aabea848629139da8f7c2c963e
  → Recovered missing Language ID for KLP via mapping: 06400ef3d7b040c19e96efe6c6c99991
  ✓ Resolved KLP link 'video:/Normal labour and birth/2nd_stage_delivering_the_baby' → a4ac484fc9974107b94915d7d55b951c
Updated KLP 'klp-2-the-woman-can-give-birth-in-any-position-she-wants' -> 435244cfb5c54ddfaee9e4df67cf2d14
  ✓ Activated version: 0a8af313c10d417fa382487d0848ee51
  → Recovered missing Language ID for KLP via mapping: 06400ef3d7b040c19e96efe6c6c99991
  ✓ Resolved KLP link 'video:/Normal labour and birth/2nd_stage_delivering_the_baby' → a4ac484fc9974107b94915d7d55b951c
Updated KLP 'klp-3-what-kind-of-practices-should-not-be-performed' -> 9ff1cb728b5b47179503cd1950ee5007
  ✓ Activated version: a2369713918041d8a3d14618739c63ee
  → Recovered missing Language ID for KLP via mapping: 06400ef3d7b040c19e96efe6c6c99991
  ✓ Resolved KLP link 'video:/Normal labour and birth/2nd_stage_delivering_the_baby' → a4ac484fc9974107b94915d7d55b951c
Updated KLP 'klp-1-before-the-babys-head-is-about-to-be-born' -> c50b6aabbaa04a7dab27d804e9c3fb66
  ✓ Activated version: 9c229e5b582c4750a3a190af3e72a365
  → Recovered missing Language ID for KLP via mapping: 06400ef3d7b040c19e96efe6c6c99991
  ✓ Resolved KLP link 'video:/Normal labour and birth/2nd_stage_delivering_the_baby' → a4ac484fc9974107b94915d7d55b951c
Updated KLP 'klp-3-after-the-head-is-born' -> f1131768331c4db8b0f6f9da541b5339
  ✓ Activated version: 94270adcec254c5596add9763f9e9706
  → Recovered missing Language ID for KLP via mapping: 06400ef3d7b040c19e96efe6c6c99991
  ✓ Resolved KLP link 'procedure:abdominal-examination-_1591608971713' → a677618ba12e4a5e89c2699106886c1f
Updated KLP 'klp-1-the-order-of-the-four-steps-for-palpating-the-foetus' -> e350aee6c73943449e431c26985b2bd8
  ✓ Activated version: edb07f78b86542c8b7c7519a60bfe971
  → Recovered missing Language ID for KLP via mapping: 06400ef3d7b040c19e96efe6c6c99991
  ✓ Resolved KLP link 'video:/Normal labour and birth/2nd_stage_delivering_the_baby' → a4ac484fc9974107b94915d7d55b951c
Updated KLP 'klp-2-if-you-feel-a-lose-cord-around-the-neck' -> 5987ccedb8604a1abc878e167f28fe95
  ✓ Activated version: 9ca84ae74d0441a4b7b8c0550f99fab8
  → Recovered missing Language ID for KLP via mapping: 06400ef3d7b040c19e96efe6c6c99991
  ✓ Resolved KLP link 'video:/Normal labour and birth/2nd_stage_delivering_the_baby' → a4ac484fc9974107b94915d7d55b951c
Updated KLP 'klp-3-when-the-baby-is-born-with-meconium-and-is-breathing' -> e280a19e7969468a897b5fa5c40857b9
  ✓ Activated version: 5be50e158a9848019bbf0d1e96658350
  → Recovered missing Language ID for KLP via mapping: 06400ef3d7b040c19e96efe6c6c99991
  ✓ Resolved KLP link 'video:/Normal labour and birth/2nd_stage_delivering_the_baby' → a4ac484fc9974107b94915d7d55b951c
Updated KLP 'klp-1-the-baby-is-born-with-thick-meconium-and-does-not-breathe' -> 2b64a627db9245399851f5f86ba7ffdd
  ✓ Activated version: 371ed4d5616b49dc99d1b1437a3e6202
  → Recovered missing Language ID for KLP via mapping: 06400ef3d7b040c19e96efe6c6c99991
  ✓ Resolved KLP link 'video:/Normal labour and birth/2nd_stage_delivering_the_baby' → a4ac484fc9974107b94915d7d55b951c
Updated KLP 'klp-2-what-do-you-do-when-the-baby-is-born' -> c207139dfc4148cda8853c4d893919ce
  ✓ Activated version: d4cc9ca4a2794f87aa22e2d66f260bd4
  → Recovered missing Language ID for KLP via mapping: 06400ef3d7b040c19e96efe6c6c99991
  ✓ Resolved KLP link 'video:/Normal labour and birth/2nd_stage_delivering_the_baby' → a4ac484fc9974107b94915d7d55b951c
Updated KLP 'klp-3-just-after-the-birth-of-the-baby' -> b8e2fe2a102f4004a44c7e5afcd1ad14
  ✓ Activated version: dd35f9609bbf4ec6b4d0ef531d78a0c1
  → Recovered missing Language ID for KLP via mapping: 06400ef3d7b040c19e96efe6c6c99991
  ✓ Resolved KLP link 'video:/Active management of third stage labour/intro' → 676a3e4c185a4281bb997a2f77000416
Updated KLP 'klp-2-active-management' -> a3f9821c521a492dbe506af63057ed08
  ✓ Activated version: 647ae492f7164ffcaa8f225bf56e72ea
  → Recovered missing Language ID for KLP via mapping: 06400ef3d7b040c19e96efe6c6c99991
  ✓ Resolved KLP link 'video:/Active management of third stage labour/give_a_uterotonic_drug' → 38fd592ca58d4dd9b6c104b0e78e0f9e
Updated KLP 'klp-1-uterotonic-drug' -> eb09804bbb59401bafe96279c7ee8975
  ✓ Activated version: c8551b9f646d45959e4045a9dc968b9f
  → Recovered missing Language ID for KLP via mapping: 06400ef3d7b040c19e96efe6c6c99991
  ✓ Resolved KLP link 'video:/Active management of third stage labour/give_a_uterotonic_drug' → 38fd592ca58d4dd9b6c104b0e78e0f9e
Updated KLP 'klp-1-oxytocin' -> 37532d3b6cd14d17a3fd21765893447f
  ✓ Activated version: 0bbc64a279e645b98ce575f4ed543a63
  → Recovered missing Language ID for KLP via mapping: 06400ef3d7b040c19e96efe6c6c99991
  ✓ Resolved KLP link 'drug:oxytocin_1487156988152' → 8134a1b103c64d459f5a22ef0859a669
Updated KLP 'klp-1-dose-of-oxytocin' -> 5329838feaad4b30b2bd56e3f2783059
  ✓ Activated version: b8e614aead0246c587136052f5d655e1
  → Recovered missing Language ID for KLP via mapping: 06400ef3d7b040c19e96efe6c6c99991
  ✓ Resolved KLP link 'video:/Active management of third stage labour/give_a_uterotonic_drug' → 38fd592ca58d4dd9b6c104b0e78e0f9e
Updated KLP 'klp-1-when-to-give-oxytocin' -> e7dc04bacc8641c6aa18d4efe96dbedd
  ✓ Activated version: 1ea74592629f432b84532c2306fcbba9
  → Recovered missing Language ID for KLP via mapping: 06400ef3d7b040c19e96efe6c6c99991
  ✓ Resolved KLP link 'drug:oxytocin_1487156988152' → 8134a1b103c64d459f5a22ef0859a669
Updated KLP 'klp-3-storage-of-oxytocin' -> d25da7dd3432455a8e4006f25125f7cd
  ✓ Activated version: a488dbaee3f141d7aa84bbe083e03c99
  → Recovered missing Language ID for KLP via mapping: 06400ef3d7b040c19e96efe6c6c99991
  ✓ Resolved KLP link 'drug:oxytocin_1487156988152' → 8134a1b103c64d459f5a22ef0859a669
Updated KLP 'klp-1-misoprostol' -> 179e0b3d2045417e81d43858608d70f4
  ✓ Activated version: af3b88532a804310a5cbb1277d7523b0
  → Recovered missing Language ID for KLP via mapping: 06400ef3d7b040c19e96efe6c6c99991
  ✓ Resolved KLP link 'drug:misoprostol_1487112562173' → 1ad5e35a0e4e4cec9e7fc137d85ed493
Updated KLP 'klp-1-heat-stable-carbetocin' -> d55f2a47b7fd4796a7c6c1fd0e26e5cf
  ✓ Activated version: cc1820c8a92642d19eb2ddbdb40b4388
  → Recovered missing Language ID for KLP via mapping: 06400ef3d7b040c19e96efe6c6c99991
  ✓ Resolved KLP link 'video:/Active management of third stage labour/assess_the_newborn' → 988baf0b8f084524b093cebf30ea4e3f
Updated KLP 'klp-1-when-to-assess-the-newborn' -> 3f0e813648f54b8591097bcb70e8443f
  ✓ Activated version: 9b72810ae50a4b1e88a29cf75d3ba6d7
  → Recovered missing Language ID for KLP via mapping: 06400ef3d7b040c19e96efe6c6c99991
  ✓ Resolved KLP link 'video:/Active management of third stage labour/assess_the_newborn' → 988baf0b8f084524b093cebf30ea4e3f
Updated KLP 'klp-2-thick-meconium' -> a130b08c4e6043868c4c742194b6da10
  ✓ Activated version: a2ffa95402524c789277ba983ca80437
  → Recovered missing Language ID for KLP via mapping: 06400ef3d7b040c19e96efe6c6c99991
  ✓ Resolved KLP link 'video:/Active management of third stage labour/assess_the_newborn' → 988baf0b8f084524b093cebf30ea4e3f
Updated KLP 'klp-1-suction-thick-meconium' -> 261eb343138d4f41ac0f81d70e72f2ec
  ✓ Activated version: 95df3ece008d4b3695aaf1f3e33a0bee
  → Recovered missing Language ID for KLP via mapping: 06400ef3d7b040c19e96efe6c6c99991
  ✓ Resolved KLP link 'video:/Active management of third stage labour/assess_the_newborn' → 988baf0b8f084524b093cebf30ea4e3f
Updated KLP 'klp-2-dry-of-the-baby' -> dbf234db64d54ee3bde100e72af13835
  ✓ Activated version: 8ab75596c8794b5bb7686e74da07ba25
  → Recovered missing Language ID for KLP via mapping: 06400ef3d7b040c19e96efe6c6c99991
  ✓ Resolved KLP link 'video:/Active management of third stage labour/assess_the_newborn' → 988baf0b8f084524b093cebf30ea4e3f
Updated KLP 'klp-3-warm-baby' -> 195fd8ffee6d4586add1be3f30da76d4
  ✓ Activated version: 52984677ccaa437297a203a495c079fa
  → Recovered missing Language ID for KLP via mapping: 06400ef3d7b040c19e96efe6c6c99991
  ✓ Resolved KLP link 'video:/Active management of third stage labour/assess_the_newborn' → 988baf0b8f084524b093cebf30ea4e3f
Updated KLP 'klp-1-newborn-not-breathing-well' -> e18d825a79f4493bb2eea8725be7386b
  ✓ Activated version: 12852aa0bfd644b9b4baf649396d1388
  → Recovered missing Language ID for KLP via mapping: 06400ef3d7b040c19e96efe6c6c99991
  ✓ Resolved KLP link 'video:/Active management of third stage labour/assess_the_newborn' → 988baf0b8f084524b093cebf30ea4e3f
Updated KLP 'klp-2-stable-newborn' -> f43ad9ab01834358b3cd7ad7a8ae2eca
  ✓ Activated version: ec530df9059b4346b6e86612f82d072f
  → Recovered missing Language ID for KLP via mapping: 06400ef3d7b040c19e96efe6c6c99991
  ✓ Resolved KLP link 'video:/Active management of third stage labour/clamp_and_cut_the_umbilical_cord' → 5e04242a13f34d7aba742a3659c9c98e
Updated KLP 'klp-3-clamp-umbilical-cord' -> ebf4d7f4cee74417bb2c94e2ed814462
  ✓ Activated version: 6553c3e8131140baa7d5436078ba7f09
  → Recovered missing Language ID for KLP via mapping: 06400ef3d7b040c19e96efe6c6c99991
  ✓ Resolved KLP link 'video:/Active management of third stage labour/controlled_cord_traction' → 0c936a76f9984a60942ebfa349be6a0b
Updated KLP 'klp-2-cord-traction' -> d771b16de68b4d44bd1d5af179aff0e4
  ✓ Activated version: 109998c5fd51495f8b9e1451bd830fe4
  → Recovered missing Language ID for KLP via mapping: 06400ef3d7b040c19e96efe6c6c99991
  ✓ Resolved KLP link 'video:/Active management of third stage labour/controlled_cord_traction' → 0c936a76f9984a60942ebfa349be6a0b
Updated KLP 'klp-3-counter-pressure-pubic-bone' -> 9a443ed11eb748f085e50ae120d72a46
  ✓ Activated version: 89c63284ff884faead8d63f5f3a8ed55
  → Recovered missing Language ID for KLP via mapping: 06400ef3d7b040c19e96efe6c6c99991
  ✓ Resolved KLP link 'video:/Active management of third stage labour/controlled_cord_traction' → 0c936a76f9984a60942ebfa349be6a0b
Updated KLP 'klp-3-rounded-uterus' -> 04c3f66f25b948d28ad7a39ed77fd59a
  ✓ Activated version: 001059944d2241c094936c3bc7acfdb8
  → Recovered missing Language ID for KLP via mapping: 06400ef3d7b040c19e96efe6c6c99991
  ✓ Resolved KLP link 'video:/Active management of third stage labour/controlled_cord_traction' → 0c936a76f9984a60942ebfa349be6a0b
Updated KLP 'klp-3-push-for-the-placenta' -> 3b0b5f6b00614f93ae988d7e0dee3e96
  ✓ Activated version: aa9a5d69197942daaca9afdbcbd4f76c
  → Recovered missing Language ID for KLP via mapping: 06400ef3d7b040c19e96efe6c6c99991
  ✓ Resolved KLP link 'video:/Active management of third stage labour/controlled_cord_traction' → 0c936a76f9984a60942ebfa349be6a0b
Updated KLP 'klp-1-check-uterus' -> 3ecc87dfe1e74777b2f46224debb9b59
  ✓ Activated version: 54d91710b2c44712ae957684319875b9
  → Recovered missing Language ID for KLP via mapping: 06400ef3d7b040c19e96efe6c6c99991
  ✓ Resolved KLP link 'video:/Active management of third stage labour/controlled_cord_traction' → 0c936a76f9984a60942ebfa349be6a0b
Updated KLP 'klp-2-measure-blood-loss' -> 09f8f7a55ae545d0a3193238a586e01f
  ✓ Activated version: 8f8681ed599e4687a992bffcc33da3b1
  → Recovered missing Language ID for KLP via mapping: 06400ef3d7b040c19e96efe6c6c99991
  ✓ Resolved KLP link 'video:/Active management of third stage labour/examine_the_placenta' → ad73551146f146f3891a4edf632a4b40
Updated KLP 'klp-1-examine-the-placenta' -> 9ad04eb30c2d498a9483e34b56bfa4f7
  ✓ Activated version: 62ea54d1ca0748bba533e554e91b33f7
  → Recovered missing Language ID for KLP via mapping: 06400ef3d7b040c19e96efe6c6c99991
  ✓ Resolved KLP link 'video:/Active management of third stage labour/examine_the_placenta' → ad73551146f146f3891a4edf632a4b40
Updated KLP 'klp-2-maternal-surface-of-placenta' -> 3e4aeab667fb40fb886f46f3ec0c692f
  ✓ Activated version: ac8c3c545d9942939d41cffae5dd5f81
  → Recovered missing Language ID for KLP via mapping: 06400ef3d7b040c19e96efe6c6c99991
  ✓ Resolved KLP link 'video:/Active management of third stage labour/monitoring' → 28cb0fc1b3a8434c81ed72bc1e7244f6
Updated KLP 'klp-2-no-unattended-mother-and-newborn' -> 22b43e2858044464a625293d934a9ac8
  ✓ Activated version: 0e41d2b649324022873dafdd613a4fb9
  → Recovered missing Language ID for KLP via mapping: 06400ef3d7b040c19e96efe6c6c99991
  ✓ Resolved KLP link 'video:/Active management of third stage labour/monitoring' → 28cb0fc1b3a8434c81ed72bc1e7244f6
Updated KLP 'klp-3-skin-to-skin-contact' -> 2da3eab7ac7645faa6b3d59dad27c812
  ✓ Activated version: 889a2dc6c0364ab3a28927dfdfc38a2f
  → Recovered missing Language ID for KLP via mapping: 06400ef3d7b040c19e96efe6c6c99991
  ✓ Resolved KLP link 'video:/Active management of third stage labour/monitoring' → 28cb0fc1b3a8434c81ed72bc1e7244f6
Updated KLP 'klp-1-check-mother-after-birth' -> 7480581e19224b93ba222ffee226c390
  ✓ Activated version: 2df3771a784f49019e56d6527da68fe7
  → Recovered missing Language ID for KLP via mapping: 06400ef3d7b040c19e96efe6c6c99991
  ✓ Resolved KLP link 'video:/Active management of third stage labour/monitoring' → 28cb0fc1b3a8434c81ed72bc1e7244f6
Updated KLP 'klp-3-how-often-check-mother' -> 6374293c5d904dc6b97a0fadfefaadd2
  ✓ Activated version: 9ded85f47a134a9b8af2714ff6a2da9b
  → Recovered missing Language ID for KLP via mapping: 06400ef3d7b040c19e96efe6c6c99991
  ✓ Resolved KLP link 'video:/Active management of third stage labour/monitoring' → 28cb0fc1b3a8434c81ed72bc1e7244f6
Updated KLP 'klp-3-how-often-check-newborn' -> 895844baa1a04c2a9bd98fdc1574ca00
  ✓ Activated version: 70d5353479b64c88ac1dec041e3d2d37
  → Recovered missing Language ID for KLP via mapping: 06400ef3d7b040c19e96efe6c6c99991
  ✓ Resolved KLP link 'video:/Active management of third stage labour/monitoring' → 28cb0fc1b3a8434c81ed72bc1e7244f6
Updated KLP 'klp-2-check-the-newborn-after-birth' -> c93e6d65976a443aaaa81e776f730686
  ✓ Activated version: 4e66952022dd4a8cb20a959030b555c3
  → Recovered missing Language ID for KLP via mapping: 06400ef3d7b040c19e96efe6c6c99991
  ✓ Resolved KLP link 'video:/Active management of third stage labour/monitoring' → 28cb0fc1b3a8434c81ed72bc1e7244f6
Updated KLP 'klp-3-cord-monitor' -> fbe2da722d6544a2ba6391e2ef92d9d9
  ✓ Activated version: 21c097bc453e43e88eee958c760833a6
  → Recovered missing Language ID for KLP via mapping: 06400ef3d7b040c19e96efe6c6c99991
  ✓ Resolved KLP link 'video:/Active management of third stage labour/monitoring' → 28cb0fc1b3a8434c81ed72bc1e7244f6
Updated KLP 'klp-2-apgar-score-and-vit-k' -> 1e851bb232cf433aa8547668dd32189e
  ✓ Activated version: 37bdd74f9acd451d92161198f46557af
  → Recovered missing Language ID for KLP via mapping: 06400ef3d7b040c19e96efe6c6c99991
  ✓ Resolved KLP link 'video:/Active management of third stage labour/monitoring' → 28cb0fc1b3a8434c81ed72bc1e7244f6
Updated KLP 'klp-2-early-breastfeeding-newborn' -> 987d9fac60a948eea2ab2a433cae1d13
  ✓ Activated version: c43b1196195e43fcb4cae21f38eeefa2
  → Recovered missing Language ID for KLP via mapping: 06400ef3d7b040c19e96efe6c6c99991
  ✓ Resolved KLP link 'video:/Active management of third stage labour/monitoring' → 28cb0fc1b3a8434c81ed72bc1e7244f6
Updated KLP 'klp-3-early-breastfeeding-mother' -> 2b9f3813fccb41d9b08fa63e513b3f7a
  ✓ Activated version: 32009e0f297a406194dc0bd4b8ed6680
  → Recovered missing Language ID for KLP via mapping: 06400ef3d7b040c19e96efe6c6c99991
  ✓ Resolved KLP link 'video:/Active management of third stage labour/controlled_cord_traction' → 0c936a76f9984a60942ebfa349be6a0b
Updated KLP 'klp-3-delivery-of-membranes' -> c563f5f818cb4e7fbe1d63cc6898ee29
  ✓ Activated version: b68d3ccfd4044de78366c38a9b5aae50
  → Recovered missing Language ID for KLP via mapping: 06400ef3d7b040c19e96efe6c6c99991
  ✓ Resolved KLP link 'video:/Active management of third stage labour/controlled_cord_traction' → 0c936a76f9984a60942ebfa349be6a0b
Updated KLP 'klp-2-estimation-of-blood-loss' -> db3d1b4d3c1d4ab1a87832861e7c06d2
  ✓ Activated version: 41c20a5f9897480f9e30bed161e46731
  → Recovered missing Language ID for KLP via mapping: 06400ef3d7b040c19e96efe6c6c99991
  ✓ Resolved KLP link 'video:/Prolonged labour/intro' → 6d73c9beae4746ca83f62de30fd96d38
Updated KLP 'klp-1-complication-prolonged-mother' -> c5a8a31cf4da49d7a92db916ffaef08a
  ✓ Activated version: 5d69d690ae0b423abaab73782ab4eb3b
  → Recovered missing Language ID for KLP via mapping: 06400ef3d7b040c19e96efe6c6c99991
  ✓ Resolved KLP link 'video:/Prolonged labour/intro' → 6d73c9beae4746ca83f62de30fd96d38
Updated KLP 'klp-1-complication-prolonged-infant' -> aa5b89ef52ff41969a3d3e6481ba1a34
  ✓ Activated version: eb99bc71f3cc4d9a8ef19851024a738e
  → Recovered missing Language ID for KLP via mapping: 06400ef3d7b040c19e96efe6c6c99991
  ✓ Resolved KLP link 'video:/Prolonged labour/causes' → 3483bdebb6bd483c9cfadff68cb590be
Updated KLP 'klp-2-causes' -> ae2bb26647084a148271a7b6bd6fd035
  ✓ Activated version: 44d95e10307040bfb4174e66884d0601
  → Recovered missing Language ID for KLP via mapping: 06400ef3d7b040c19e96efe6c6c99991
  ✓ Resolved KLP link 'video:/Prolonged labour/causes' → 3483bdebb6bd483c9cfadff68cb590be
Updated KLP 'klp-2-power' -> 98e5b3642b8c4fefa445993b98507302
  ✓ Activated version: 17b97cb607044342b8a4891437d81861
  → Recovered missing Language ID for KLP via mapping: 06400ef3d7b040c19e96efe6c6c99991
  ✓ Resolved KLP link 'video:/Prolonged labour/causes' → 3483bdebb6bd483c9cfadff68cb590be
Updated KLP 'klp-3-pelvis-passage' -> 6b33585d5f5d4832a8e4a386eae47df8
  ✓ Activated version: 68ef78b1aa4e4abebf0474599dd3c9dd
  → Recovered missing Language ID for KLP via mapping: 06400ef3d7b040c19e96efe6c6c99991
  ✓ Resolved KLP link 'video:/Prolonged labour/causes' → 3483bdebb6bd483c9cfadff68cb590be
Updated KLP 'klp-3-small-pelvis' -> 2e224ac181514f3c81c931fbe75a08ca
  ✓ Activated version: 8421b65e5e0940dd82bd7dee71503482
  → Recovered missing Language ID for KLP via mapping: 06400ef3d7b040c19e96efe6c6c99991
  ✓ Resolved KLP link 'video:/Prolonged labour/causes' → 3483bdebb6bd483c9cfadff68cb590be
Updated KLP 'klp-2-know-small-pelvis' -> 2862ac45f23541eaa21bb362977a8e5f
  ✓ Activated version: 39c6712f2e094eabae785a9ee94be62f
  → Recovered missing Language ID for KLP via mapping: 06400ef3d7b040c19e96efe6c6c99991
  ✓ Resolved KLP link 'video:/Prolonged labour/causes' → 3483bdebb6bd483c9cfadff68cb590be
Updated KLP 'klp-2-passenger' -> 921373ddb3e4477d85e6fda52fe42c2b
  ✓ Activated version: e39fb8db00074fb2a2a676faf7775805
  → Recovered missing Language ID for KLP via mapping: 06400ef3d7b040c19e96efe6c6c99991
  ✓ Resolved KLP link 'video:/Prolonged labour/causes' → 3483bdebb6bd483c9cfadff68cb590be
Updated KLP 'klp-3-psyche' -> 079064f3585443dca4345b0a81285029
  ✓ Activated version: 6b34307c59a0417c9778f4fe5ad26174
  → Recovered missing Language ID for KLP via mapping: 06400ef3d7b040c19e96efe6c6c99991
  ✓ Resolved KLP link 'video:/Prolonged labour/2nd_stage_prolonged' → 0c71aee072b34742b80194729d84676a
Updated KLP 'klp-1-pushing' -> 0b7db7428da74915ba83ef4f2c453b7b
  ✓ Activated version: 02e61429939345128f58f12d6c30b783
  → Recovered missing Language ID for KLP via mapping: 06400ef3d7b040c19e96efe6c6c99991
  ✓ Resolved KLP link 'video:/Prolonged labour/2nd_stage_prolonged' → 0c71aee072b34742b80194729d84676a
Updated KLP 'klp-3-push-how-long' -> f4575658ec274b7f88bb81a5862b7b84
  ✓ Activated version: afc14f96f20e4bc29ee80df8709056d3
  → Recovered missing Language ID for KLP via mapping: 06400ef3d7b040c19e96efe6c6c99991
  ✓ Resolved KLP link 'video:/Prolonged labour/2nd_stage_vacuum_extraction' → d3593a8a943b466cbd6d547681996aa6
Updated KLP 'klp-1-indication-for-vacuum' -> b2024fbed57949b7989bcf10ecb4a658
  ✓ Activated version: bef315e1cfeb43aaa22411de63781979
  → Recovered missing Language ID for KLP via mapping: 06400ef3d7b040c19e96efe6c6c99991
  ✓ Resolved KLP link 'video:/Prolonged labour/2nd_stage_vacuum_extraction' → d3593a8a943b466cbd6d547681996aa6
Updated KLP 'klp-1-fhr' -> a6cf6393980a428eb6a89d85314dcefc
  ✓ Activated version: 1755cceb3a294ffdbc93c75397240242
  → Recovered missing Language ID for KLP via mapping: 06400ef3d7b040c19e96efe6c6c99991
  ✓ Resolved KLP link 'video:/Prolonged labour/2nd_stage_vacuum_extraction' → d3593a8a943b466cbd6d547681996aa6
Updated KLP 'klp-2-fhr-and-contractions' -> 747c89ea689b439b8d7ebf27b98e3f1f
  ✓ Activated version: 9f175b8f7c1d478f93f9f86850a8e86e
  → Recovered missing Language ID for KLP via mapping: 06400ef3d7b040c19e96efe6c6c99991
  ✓ Resolved KLP link 'procedure:vacuum-extractor_1487245649303' → afac8731991045aa9e6c3a20b4f1a051
Updated KLP 'klp-3-prerequisites-for-vacuum' -> 1f7776fa1ab44002941edf8f1405b8e5
  ✓ Activated version: 2bb54c64d765421293ec9c936b3002be
  → Recovered missing Language ID for KLP via mapping: 06400ef3d7b040c19e96efe6c6c99991
  ✓ Resolved KLP link 'video:/Prolonged labour/2nd_stage_vacuum_extraction' → d3593a8a943b466cbd6d547681996aa6
Updated KLP 'klp-2-complications-to-vacuum-extraction' -> 3577bb56b3724e48a251c4ccfe09157b
  ✓ Activated version: c1770b07c60e4b77921308ec553af822
  → Recovered missing Language ID for KLP via mapping: 06400ef3d7b040c19e96efe6c6c99991
  ✓ Resolved action-card link 'action-card:procedures-by-also_1486848037447' via token overlap (2/3 tokens) → res-action-card-vacuum-delivery-procedure-as-by-also
  ✓ Resolved KLP link 'action-card:procedures-by-also_1486848037447' → d2fa6384547a46cdb4172133de5c9599
Updated KLP 'klp-2-preparation-for-vacuum' -> db9ff383fa844608a57505d27ac9c104
  ✓ Activated version: f2c088859ec0488aaf7711329e64414f
  → Recovered missing Language ID for KLP via mapping: 06400ef3d7b040c19e96efe6c6c99991
  ✓ Resolved KLP link 'video:/Prolonged labour/2nd_stage_vacuum_extraction' → d3593a8a943b466cbd6d547681996aa6
Updated KLP 'klp-1-give-up-vacuum' -> 3507f776940a403baa81abc245245761
  ✓ Activated version: 2de5b255de514745b136f833a6b368fb
  → Recovered missing Language ID for KLP via mapping: 06400ef3d7b040c19e96efe6c6c99991
  ✓ Resolved KLP link 'video:/Prolonged labour/2nd_stage_vacuum_extraction' → d3593a8a943b466cbd6d547681996aa6
Updated KLP 'klp-3-incision' -> 3369026d00a04dacb57fb85f092c409b
  ✓ Activated version: 278ccbf8139849a19cbd5eb774187da6
  → Recovered missing Language ID for KLP via mapping: 06400ef3d7b040c19e96efe6c6c99991
  ✓ Resolved KLP link 'video:/Prolonged labour/causes' → 3483bdebb6bd483c9cfadff68cb590be
Updated KLP 'klp-2-cephalic-occiput-posterior' -> 94e24faa2c154de99d1d53d4e1d1340e
  ✓ Activated version: b9880fd82d4e4dbfab72a2e0acf7da11
  → Recovered missing Language ID for KLP via mapping: 06400ef3d7b040c19e96efe6c6c99991
  ✓ Resolved KLP link 'video:/Prolonged labour/causes' → 3483bdebb6bd483c9cfadff68cb590be
Updated KLP 'klp-3-more-comfortable' -> 2eeb4103b3f244ff89a3369e8cd10506
  ✓ Activated version: 7ab7a3b347734435aced015ba1b1608b
  → Recovered missing Language ID for KLP via mapping: 06400ef3d7b040c19e96efe6c6c99991
  ✓ Resolved KLP link 'video:/Prolonged labour/1st_stage_latent_phase' → 76d320f0f2874985a3c24cc86f0a9493
Updated KLP 'klp-3-prolonged-first-stage-latent-phase' -> 5d5826b32773431cb7acc6d890032bfa
  ✓ Activated version: 3550595fcd9c4abaa2f3d3cbac96251e
  → Recovered missing Language ID for KLP via mapping: 06400ef3d7b040c19e96efe6c6c99991
  ✓ Resolved KLP link 'video:/Prolonged labour/1st_stage_latent_phase' → 76d320f0f2874985a3c24cc86f0a9493
Updated KLP 'klp-3-contractions-causes-if-not-prolonged-latent-phase' -> a1ce8cbc87ef4c4284a2025985fffb9f
  ✓ Activated version: 508b70e94d0748c8a5150fa5f3f6d107
  → Recovered missing Language ID for KLP via mapping: 06400ef3d7b040c19e96efe6c6c99991
  ✓ Resolved KLP link 'video:/Prolonged labour/1st_stage_active_phase' → 0b83b2932fe94c47857d315bcf336d7d
Updated KLP 'klp-1-prolonged-first-stage-active-phase' -> e856a33c000f40daa730802878a0c601
  ✓ Activated version: 4fa1cbabaebc4970be97dfa0a6c2844f
  → Recovered missing Language ID for KLP via mapping: 06400ef3d7b040c19e96efe6c6c99991
  ✓ Resolved KLP link 'video:/Prolonged labour/1st_stage_active_phase' → 0b83b2932fe94c47857d315bcf336d7d
Updated KLP 'klp-2-progress-of-labour' -> 73f055a0f6d8490ba87ba2f3598b6946
  ✓ Activated version: 77825abb5a70422bb86b1ab6cc07941f
  → Recovered missing Language ID for KLP via mapping: 06400ef3d7b040c19e96efe6c6c99991
  ✓ Resolved KLP link 'video:/Prolonged labour/1st_stage_active_phase' → 0b83b2932fe94c47857d315bcf336d7d
Updated KLP 'klp-1-partograph-with-dilatation-between-alert-and-action-line' -> 04dc755bd9e7404188a722f97cb536ae
  ✓ Activated version: 04a9cd15f54d4231953cfa311d86793e
  → Recovered missing Language ID for KLP via mapping: 06400ef3d7b040c19e96efe6c6c99991
  ✓ Resolved KLP link 'video:/Prolonged labour/1st_stage_active_phase' → 0b83b2932fe94c47857d315bcf336d7d
Updated KLP 'klp-2-cervical-dilatation' -> 217bde5c2a8c400babf829ec59b87127
  ✓ Activated version: b493a304909b432abd101453fc1678ca
  → Recovered missing Language ID for KLP via mapping: 06400ef3d7b040c19e96efe6c6c99991
  ✓ Resolved KLP link 'procedure:foetal-heart-rate_1487245616159' → 1f870be16c904b15ada37974848332e3
Updated KLP 'klp-1-immediate-delivery' -> f3f60d356443461097cac49fe27ab980
  ✓ Activated version: e6e21ebab7604e21a1ed25d17ce95492
  → Recovered missing Language ID for KLP via mapping: 06400ef3d7b040c19e96efe6c6c99991
  ✓ Resolved KLP link 'procedure:vacuum-extractor_1487245649303' → afac8731991045aa9e6c3a20b4f1a051
Updated KLP 'klp-1-head-above-the-pubic-bone' -> ad4b51c1a040467f81335fa4a38ced1c
  ✓ Activated version: aebf020819574bc891a1c6f5c45dc697
  → Recovered missing Language ID for KLP via mapping: 06400ef3d7b040c19e96efe6c6c99991
  ✓ Resolved KLP link 'video:/Prolonged labour/2nd_stage_vacuum_extraction' → d3593a8a943b466cbd6d547681996aa6
Updated KLP 'klp-3-posterior-fontanelle-where' -> 87a17bca9b0344118c73713b1af06f6d
  ✓ Activated version: f022e0e92b694bebb77a8219ef61f008
  → Recovered missing Language ID for KLP via mapping: 06400ef3d7b040c19e96efe6c6c99991
  ✓ Resolved KLP link 'video:/Prolonged labour/2nd_stage_vacuum_extraction' → d3593a8a943b466cbd6d547681996aa6
Updated KLP 'klp-2-posterior-fontanelle' -> c664b79d86af4bb382c062366cc71077
  ✓ Activated version: 4756515617bb4ba7bd3c2705c12ba359
  → Recovered missing Language ID for KLP via mapping: 06400ef3d7b040c19e96efe6c6c99991
  ✓ Resolved KLP link 'video:/Prolonged labour/2nd_stage_vacuum_extraction' → d3593a8a943b466cbd6d547681996aa6
Updated KLP 'klp-1-placing-the-cup' -> bc4300e2ec624f008de0426c786d38df
  ✓ Activated version: fe8bf76f4e2649b789d9cd178fb81126
  → Recovered missing Language ID for KLP via mapping: 06400ef3d7b040c19e96efe6c6c99991
  ✓ Resolved KLP link 'video:/Prolonged labour/2nd_stage_vacuum_extraction' → d3593a8a943b466cbd6d547681996aa6
Updated KLP 'klp-1-check-for-maternal-tissue' -> ae9b0380257244069eec8c975caa2c2d
  ✓ Activated version: 3d523025bd924c15a1ae9995f446d789
  → Recovered missing Language ID for KLP via mapping: 06400ef3d7b040c19e96efe6c6c99991
  ✓ Resolved KLP link 'video:/Prolonged labour/2nd_stage_vacuum_extraction' → d3593a8a943b466cbd6d547681996aa6
Updated KLP 'klp-3-flexion-point' -> 998e136c4eb549208d10938af7609046
  ✓ Activated version: 6a82d5d9deab438bb17823afe6d1d28d
  → Recovered missing Language ID for KLP via mapping: 06400ef3d7b040c19e96efe6c6c99991
  ✓ Resolved KLP link 'video:/Prolonged labour/2nd_stage_vacuum_extraction' → d3593a8a943b466cbd6d547681996aa6
Updated KLP 'klp-3-intact-perineum' -> f76daa6db09b4061a27cc763b58957ca
  ✓ Activated version: 80bbcca67bd44549ac91fa4c2084c81c
  → Recovered missing Language ID for KLP via mapping: 06400ef3d7b040c19e96efe6c6c99991
  ✓ Resolved KLP link 'video:/Prolonged labour/2nd_stage_prolonged' → 0c71aee072b34742b80194729d84676a
Updated KLP 'klp-2-prolonged-second-stage' -> bf56210b5d01427abad56223321c8fed
  ✓ Activated version: 928cc12c1d164a4daa1b5e7a3af17ecf
  → Recovered missing Language ID for KLP via mapping: 06400ef3d7b040c19e96efe6c6c99991
  ✓ Resolved KLP link 'video:/Post partum hemorrage/intro' → e147292e11364537a991e62ddbee64f4
Updated KLP 'klp-1-maternal-death' -> fe638dee3d574e479d4777337fba8191
  ✓ Activated version: 5ceed24b9a3b44969e8b48a1baa5112b
  → Recovered missing Language ID for KLP via mapping: 06400ef3d7b040c19e96efe6c6c99991
  ✓ Resolved KLP link 'video:/Post partum hemorrage/intro' → e147292e11364537a991e62ddbee64f4
Updated KLP 'klp-1-loss-of-tone' -> 0c661123537648f8919c8226c38e0b52
  ✓ Activated version: c8c181db23b94ab9803653ee4bbc355b
  → Recovered missing Language ID for KLP via mapping: 06400ef3d7b040c19e96efe6c6c99991
  ✓ Resolved KLP link 'video:/Post partum hemorrage/intro' → e147292e11364537a991e62ddbee64f4
Updated KLP 'klp-1-call-for-help-then-stop-the-bleeding' -> 8a89bb4fa7724734819cde6e726ea0bb
  ✓ Activated version: b56e4d7a031d463db70c203808c8cae3
  → Recovered missing Language ID for KLP via mapping: 06400ef3d7b040c19e96efe6c6c99991
  ✓ Resolved KLP link 'video:/Post partum hemorrage/intro' → e147292e11364537a991e62ddbee64f4
Updated KLP 'klp-1-symptoms-for-pph' -> a1c176edc5c14bb98a6c4709562ddd1c
  ✓ Activated version: dd891ea340a949b492a5a85397618f1c
  → Recovered missing Language ID for KLP via mapping: 06400ef3d7b040c19e96efe6c6c99991
  ✓ Resolved KLP link 'video:/Post partum hemorrage/intro' → e147292e11364537a991e62ddbee64f4
Updated KLP 'klp-1-occult-bleeding' -> 2bf320f342af40ee8ea0bd304c5a5a8e
  ✓ Activated version: 3fe8ef7ca13a474791f7adfcd0dbfd1b
  → Recovered missing Language ID for KLP via mapping: 06400ef3d7b040c19e96efe6c6c99991
  ✓ Resolved KLP link 'video:/Post partum hemorrage/intro' → e147292e11364537a991e62ddbee64f4
Updated KLP 'klp-1-moderate-bleeding-characteristics' -> 8c613677849942e4876ccc0691c9a0fe
  ✓ Activated version: 944a3a38086b418ebbf14002242ea8fb
  → Recovered missing Language ID for KLP via mapping: 06400ef3d7b040c19e96efe6c6c99991
  ✓ Resolved KLP link 'video:/Post partum hemorrage/uterus_massage' → d94528515bdd49228d0109a245bc9fd5
Updated KLP 'klp-3-uterine-massage' -> 8e23bf02e8ab4f42aa74f4167fa627aa
  ✓ Activated version: 9bf059f6ae5d4dc683fbb9be660b947c
  → Recovered missing Language ID for KLP via mapping: 06400ef3d7b040c19e96efe6c6c99991
  ✓ Resolved KLP link 'video:/Post partum hemorrage/empty_the_bladder' → c0dd6d5b084f4354b144c0d8557a335a
Updated KLP 'klp-2-empty-the-bladder' -> 82f05eac39074f33ad9f3799968d62f0
  ✓ Activated version: 1c0920ee26964a4a9519fff65c34c48c
  → Recovered missing Language ID for KLP via mapping: 06400ef3d7b040c19e96efe6c6c99991
  ✓ Resolved KLP link 'video:/Post partum hemorrage/intro' → e147292e11364537a991e62ddbee64f4
Updated KLP 'klp-1-vital-signs' -> 9618775b348a4a759cfd5e915d5761e4
  ✓ Activated version: 1f4fab64097b46089adf40fced6aebae
  → Recovered missing Language ID for KLP via mapping: 06400ef3d7b040c19e96efe6c6c99991
  ✓ Resolved KLP link 'video:/Post partum hemorrage/intro' → e147292e11364537a991e62ddbee64f4
Updated KLP 'klp-1-strong-bleeding-characteristics' -> 8b8593dcfc314919871a665bf9f321ac
  ✓ Activated version: 85f1860b0dee41ae9e71d53d65f1455d
  → Recovered missing Language ID for KLP via mapping: 06400ef3d7b040c19e96efe6c6c99991
  ✓ Resolved KLP link 'video:/Post partum hemorrage/bimanual_compression' → 38c100ce603e4ff0bb9d567ea74644c7
Updated KLP 'klp-1-bimanual-compression' -> 2f644d57fb1c43c7a3559f9ff6cbe3c4
  ✓ Activated version: 6a9926986216482e9e8e4ccc182f9d97
  → Recovered missing Language ID for KLP via mapping: 06400ef3d7b040c19e96efe6c6c99991
  ✓ Resolved KLP link 'video:/Post partum hemorrage/bimanual_compression' → 38c100ce603e4ff0bb9d567ea74644c7
Updated KLP 'klp-2-bimanual-compression-procedure' -> 4c10d926733d4fecb113bde4dba50743
  ✓ Activated version: 89d0d79fe4ee4438be22ca30b5dbe831
  → Recovered missing Language ID for KLP via mapping: 06400ef3d7b040c19e96efe6c6c99991
  ✓ Resolved KLP link 'video:/Post partum hemorrage/bimanual_compression' → 38c100ce603e4ff0bb9d567ea74644c7
Updated KLP 'klp-2-bimanual-compression-type-of-gloves' -> 8776fc4cc9a84f5f9b30d268c890f2b9
  ✓ Activated version: 8830a7362a5c415aab059c151ee31ca4
  → Recovered missing Language ID for KLP via mapping: 06400ef3d7b040c19e96efe6c6c99991
  ✓ Resolved KLP link 'drug:tranexamic-acid_1490713231363' → efec554769984a3189ac19d86b2f2014
Updated KLP 'klp-3-pph-drugs' -> 92003978d11043b2adde4185bb705eff
  ✓ Activated version: e0ea152356fe45d9b030988074d30eae
  → Recovered missing Language ID for KLP via mapping: 06400ef3d7b040c19e96efe6c6c99991
  ✓ Resolved KLP link 'drug:misoprostol_1487112562173' → 1ad5e35a0e4e4cec9e7fc137d85ed493
Updated KLP 'klp-2-carbetocin' -> fb311237df9d4e08b1cf09cecec93094
  ✓ Activated version: 164c416ac36a4361803dbab9738613ca
  → Recovered missing Language ID for KLP via mapping: 06400ef3d7b040c19e96efe6c6c99991
  ✓ Resolved KLP link 'drug:ergometrine_1487103846814' → 2e600c6b443440e8acb6a72da07c1b85
Updated KLP 'klp-3-ergometrine' -> 7f6cadc1814b4a9d84b4f9610415c52d
  ✓ Activated version: 88d4e626b44e4b799482e3db367f7da2
  → Recovered missing Language ID for KLP via mapping: 06400ef3d7b040c19e96efe6c6c99991
  ✓ Resolved KLP link 'video:/Post partum hemorrage/intro' → e147292e11364537a991e62ddbee64f4
Updated KLP 'klp-1-prioritize-manual-maneuvers' -> ff0e6d29f4144e25819cb77fed8de78c
  ✓ Activated version: 45e14235bfdc49f8ab9eb4be000c4324
  → Recovered missing Language ID for KLP via mapping: 06400ef3d7b040c19e96efe6c6c99991
  ✓ Resolved KLP link 'video:/Post partum hemorrage/trauma' → 03559531e6a24145af064889bf7bfd09
Updated KLP 'klp-2-bleeding-from-a-vaginal-tear' -> 3c1486321a0144deb757c58e736d1e07
  ✓ Activated version: 281405da4a2342aa9545003e5ff928c1
  → Recovered missing Language ID for KLP via mapping: 06400ef3d7b040c19e96efe6c6c99991
  ✓ Resolved KLP link 'video:/Post partum hemorrage/trauma' → 03559531e6a24145af064889bf7bfd09
Updated KLP 'klp-2-always-do-a-rectal-exploration' -> 94aa928bfad04597ab87d707d2547759
  ✓ Activated version: 66f5d14f594543159b506ab234112f98
  → Recovered missing Language ID for KLP via mapping: 06400ef3d7b040c19e96efe6c6c99991
  ✓ Resolved KLP link 'video:/Post partum hemorrage/tissue' → bd4c3c06dfb048ccbdc4ed8364b08477
Updated KLP 'klp-2-placental-tissue-missing' -> 704506d7800343278209f40ccda7051c
  ✓ Activated version: ff92932da436478e87b31117fa4e75cd
  → Recovered missing Language ID for KLP via mapping: 06400ef3d7b040c19e96efe6c6c99991
  ✓ Resolved KLP link 'video:/Post partum hemorrage/tissue' → bd4c3c06dfb048ccbdc4ed8364b08477
Updated KLP 'klp-2-treatment-if-there-is-placental-tissue-missing' -> d58b268bca0342a6b1c78d947544152f
  ✓ Activated version: 943980b291e4479187da4b0827c42075
  → Recovered missing Language ID for KLP via mapping: 06400ef3d7b040c19e96efe6c6c99991
  ✓ Resolved KLP link 'video:/Post partum hemorrage/tissue' → bd4c3c06dfb048ccbdc4ed8364b08477
Updated KLP 'klp-3-removal-tissue' -> a6b0bda13aec4cc3aa75639684bd61b1
  ✓ Activated version: 52ba3904e31445088aaeb5aa08901930
  → Recovered missing Language ID for KLP via mapping: 06400ef3d7b040c19e96efe6c6c99991
  ✓ Resolved KLP link 'video:/Post partum hemorrage/resuscitation' → 65f22e8fe53243a0ac8af76bf61062b4
Updated KLP 'klp-2-pph-resuscitation' -> 28f62838c1df4fc9af5114daeacf7228
  ✓ Activated version: 8668da3202a34f78a556afe02a88236c
  → Recovered missing Language ID for KLP via mapping: 06400ef3d7b040c19e96efe6c6c99991
  ✓ Resolved KLP link 'video:/Post partum hemorrage/monitoring_after_bleeding' → e54c64e3a7e8474bbd75075d9cf95ba4
Updated KLP 'klp-3-when-to-measure-hemoglobin' -> b03a2a2e94724757838e23b81faddec8
  ✓ Activated version: 30db4ee79a82494c80b8cce2715eb819
  → Recovered missing Language ID for KLP via mapping: 06400ef3d7b040c19e96efe6c6c99991
  ✓ Resolved KLP link 'video:/Post partum hemorrage/monitoring_after_bleeding' → e54c64e3a7e8474bbd75075d9cf95ba4
Updated KLP 'klp-2-observation-after-treatment-pph' -> 574cc786dc10406cbca2a404c61c1da4
  ✓ Activated version: a632050a57cb4d388f09f789c96a1720
  → Recovered missing Language ID for KLP via mapping: 06400ef3d7b040c19e96efe6c6c99991
  ✓ Resolved KLP link 'procedure:condom-balloon-tamponade_1490714664807' → 1019d4bc3d0146c99a70b23f045d2a77
Updated KLP 'klp-3-cbt-is-indicated' -> a65f051172fa41618b7f8279fccc8bda
  ✓ Activated version: 3ee464b41e164a61bf1b4db4c785db7b
  → Recovered missing Language ID for KLP via mapping: 06400ef3d7b040c19e96efe6c6c99991
  ✓ Resolved KLP link 'action-card:1-uterus_1486846813345' → 7ac874d1693d4b1995029073ea399089
Updated KLP 'klp-3-the-causes-of-vaginal-bleeding' -> fc377553363841deae870dc87d13a2b3
  ✓ Activated version: cf5e010af0684f769952ea6cb740ad7e
  → Recovered missing Language ID for KLP via mapping: 06400ef3d7b040c19e96efe6c6c99991
  ✓ Resolved action-card link 'action-card:2-legs_1486846790935' via suffix match → res-action-card-africa-2-legs
  ✓ Resolved KLP link 'action-card:2-legs_1486846790935' → 886c4170c12f42559c303c54adca29af
Updated KLP 'klp-2-positioning-pph' -> 49c7ec47252e471fb8bb0afb0677088a
  ✓ Activated version: 0d8c446963324accba105de7f6173b8b
  → Recovered missing Language ID for KLP via mapping: 06400ef3d7b040c19e96efe6c6c99991
  ✓ Resolved KLP link 'video:/Post partum hemorrage/resuscitation' → 65f22e8fe53243a0ac8af76bf61062b4
Updated KLP 'klp-2-positioning-vital-organs' -> 55b40e8ecc25491d895febc55fb58513
  ✓ Activated version: 7eb7ded411a740bb978bda368e259757
  → Recovered missing Language ID for KLP via mapping: 06400ef3d7b040c19e96efe6c6c99991
  ✓ Resolved action-card link 'action-card:2-legs_1486846790935' via suffix match → res-action-card-africa-2-legs
  ✓ Resolved KLP link 'action-card:2-legs_1486846790935' → 886c4170c12f42559c303c54adca29af
Updated KLP 'klp-3-actions-helper-at-the-head' -> 8257f78d8252439c9b6e707db97cdd44
  ✓ Activated version: b5177af73d8946e8bafdbbf6c9bf809d
  → Recovered missing Language ID for KLP via mapping: 06400ef3d7b040c19e96efe6c6c99991
  ✓ Resolved action-card link 'action-card:3-arms_1486846769297' via suffix match → res-action-card-africa-3-arms
  ✓ Resolved KLP link 'action-card:3-arms_1486846769297' → d3c2a5e5eee24a36a2c848ef1663532c
Updated KLP 'klp-3-actions-helper-at-the-arm' -> 7c58b5f3979f4ff5a3b4713be362002a
  ✓ Activated version: add596ae11c64fe0a10b86ffaa518deb
  → Recovered missing Language ID for KLP via mapping: 06400ef3d7b040c19e96efe6c6c99991
  ✓ Resolved KLP link 'video:/Post partum hemorrage/monitoring_after_bleeding' → e54c64e3a7e8474bbd75075d9cf95ba4
Updated KLP 'klp-1-referral-pph' -> d49508cdad814b6bb59516af7b92cacd
  ✓ Activated version: 837f8ad42a7b4725a9929dbce8e11be8
  → Recovered missing Language ID for KLP via mapping: 06400ef3d7b040c19e96efe6c6c99991
  ✓ Resolved KLP link 'drug:oxytocin_1487156988152' → 8134a1b103c64d459f5a22ef0859a669
Updated KLP 'klp-3-iv-fluids-pph' -> 0a10253308de4c0688a4d523875e6b76
  ✓ Activated version: e629c25cc8794a539e45d34d03d350ed
  → Recovered missing Language ID for KLP via mapping: 06400ef3d7b040c19e96efe6c6c99991
  ✓ Resolved KLP link 'video:/Manual removal of placenta/aorta_compression' → 85f1b82a0b034471b9c791cd21e0ca4b
Updated KLP 'klp-1-how-aorta-compression' -> 8301ca9e71c2424b906305275410358b
  ✓ Activated version: 82abded8dc9248fbabd64c44695f54a7
  → Recovered missing Language ID for KLP via mapping: 06400ef3d7b040c19e96efe6c6c99991
  ✓ Resolved KLP link 'video:/Post partum hemorrage/resuscitation' → 65f22e8fe53243a0ac8af76bf61062b4
Updated KLP 'klp-3-cardiovascular-symptoms-pph' -> e924e0bd6c714582a18d2e856efcd6c8
  ✓ Activated version: b6dc5695fa4b4e9a900c9c7e68d661bc
  → Recovered missing Language ID for KLP via mapping: 06400ef3d7b040c19e96efe6c6c99991
  ✓ Resolved KLP link 'video:/Manual removal of placenta/intro' → 205ec9fa88cb4355b42217ead42bf369
Updated KLP 'klp-1-time-before-placenta-is-born' -> 52896e6a04fc41e381d49bf0951561c3
  ✓ Activated version: af51efbef3fc4d22b4598ac86f2eef8e
  → Recovered missing Language ID for KLP via mapping: 06400ef3d7b040c19e96efe6c6c99991
  ✓ Resolved KLP link 'video:/Manual removal of placenta/intro' → 205ec9fa88cb4355b42217ead42bf369
Updated KLP 'klp-1-remove-manually' -> c54e51f22c7c4983b5c2f4a752145678
  ✓ Activated version: 45b212fede8b412481ed054d89905a0b
  → Recovered missing Language ID for KLP via mapping: 06400ef3d7b040c19e96efe6c6c99991
  ✓ Resolved KLP link 'video:/Manual removal of placenta/intro' → 205ec9fa88cb4355b42217ead42bf369
Updated KLP 'klp-1-life-threatening' -> b1dacbcfb20741b1b6a7acb719886803
  ✓ Activated version: 018edc21875647c9a677de1069cb3e88
  → Recovered missing Language ID for KLP via mapping: 06400ef3d7b040c19e96efe6c6c99991
  ✓ Resolved KLP link 'video:/Manual removal of placenta/intro' → 205ec9fa88cb4355b42217ead42bf369
Updated KLP 'klp-1-overall-action' -> d16b46be6bf84c828608d0f1880a5988
  ✓ Activated version: 2b9c27fa12444f389d731bf7fa835fda
  → Recovered missing Language ID for KLP via mapping: 06400ef3d7b040c19e96efe6c6c99991
  ✓ Resolved KLP link 'video:/Manual removal of placenta/aorta_compression' → 85f1b82a0b034471b9c791cd21e0ca4b
Updated KLP 'klp-3-mother-in-shock' -> 860fea9e7f784bbda229143847ef6f65
  ✓ Activated version: c3e7d3fbc7b1433a8da80952a5ba756a
  → Recovered missing Language ID for KLP via mapping: 06400ef3d7b040c19e96efe6c6c99991
Warning: Could not resolve drug link 'drug:/Manual removal of placenta/aorta_compression'. Candidates: ['res-drug-mena-manual-removal-of-placenta-aorta-compression', 'res-drug-manual-removal-of-placenta-aorta-compression']
  ℹ️  No localized resource found for 'drug:/Manual removal of placenta/aorta_compression' (lang: 2d9ef8a4-5277-6f3f-7f88-3db2cfb9c610). Skipping (no global fallback).
  ⚠ Warning: Link 'drug:/Manual removal of placenta/aorta_compression' could not be resolved or created, removing from question
Updated KLP 'klp-1-pain-relief-1' -> 176bdfd0e90e435a8654dc32aaeb85ae
  ✓ Activated version: 2e5babfe13424a4ab217d8a690b09a3d
  → Recovered missing Language ID for KLP via mapping: 06400ef3d7b040c19e96efe6c6c99991
  ✓ Resolved KLP link 'video:/Manual removal of placenta/aorta_compression' → 85f1b82a0b034471b9c791cd21e0ca4b
Updated KLP 'klp-3-adequate-aorta-compression' -> bea179b1c67f496897990b9e9220d1f6
  ✓ Activated version: 9b88e3941c7e4c98b62b110f017c900b
  → Recovered missing Language ID for KLP via mapping: 06400ef3d7b040c19e96efe6c6c99991
  ✓ Resolved KLP link 'video:/Manual removal of placenta/aorta_compression' → 85f1b82a0b034471b9c791cd21e0ca4b
Updated KLP 'klp-2-maintain-compression' -> cb3d03375220408a86413fdf11fe5f64
  ✓ Activated version: 07cde90bba094560981f1bbc9ae593af
  → Recovered missing Language ID for KLP via mapping: 06400ef3d7b040c19e96efe6c6c99991
  ✓ Resolved KLP link 'video:/Manual removal of placenta/resuscitation' → 058a013bad5f46c2bcf856c723bcc017
Updated KLP 'klp-3-iv-fluid' -> 9faf762e80c04d0bad51680d39ee189e
  ✓ Activated version: b30663f898d540a3b3748e019a97e522
  → Recovered missing Language ID for KLP via mapping: 06400ef3d7b040c19e96efe6c6c99991
  ✓ Resolved KLP link 'video:/Manual removal of placenta/resuscitation' → 058a013bad5f46c2bcf856c723bcc017
Updated KLP 'klp-3-fluid-gives-fast' -> a6551c4b7a554470a961209aac378f7b
  ✓ Activated version: 88bd207d0b594ab9b5b36a4187d21751
  → Recovered missing Language ID for KLP via mapping: 06400ef3d7b040c19e96efe6c6c99991
  ✓ Resolved KLP link 'video:/Manual removal of placenta/resuscitation' → 058a013bad5f46c2bcf856c723bcc017
Updated KLP 'klp-3-blood-transfusion' -> 2290f5ca99cd49e2b860ba04c26771b1
  ✓ Activated version: 8eed8d78d7c44485b31cc1ba9ef4f064
  → Recovered missing Language ID for KLP via mapping: 06400ef3d7b040c19e96efe6c6c99991
  ✓ Resolved KLP link 'video:/Manual removal of placenta/drugs_before_removal' → 02e4dcf2d3374bd79248f4c87171fa07
Updated KLP 'klp-2-pain-relief' -> c61e176b72de40129ec75f4f0f3959c4
  ✓ Activated version: 5838ad0c6b47488e92573b2bf7f1e58b
  → Recovered missing Language ID for KLP via mapping: 06400ef3d7b040c19e96efe6c6c99991
  ✓ Resolved KLP link 'video:/Manual removal of placenta/drugs_before_removal' → 02e4dcf2d3374bd79248f4c87171fa07
Updated KLP 'klp-2-pain-relief-and-aorta-compression' -> 087bfa80c8bf42478801ae319bc7aff4
  ✓ Activated version: 72de9d116b3a42febd5ca9a7d7602725
  → Recovered missing Language ID for KLP via mapping: 06400ef3d7b040c19e96efe6c6c99991
  ✓ Resolved KLP link 'video:/Manual removal of placenta/gloves' → c7b6f8355c444b5692c11047ef97978d
Updated KLP 'klp-3-gloves-and-manual-removal-of-placenta' -> a013c48f8ce5475390abaf3b98b3a9b2
  ✓ Activated version: 7c28cff664304765922fa0b4fc5f61a2
  → Recovered missing Language ID for KLP via mapping: 06400ef3d7b040c19e96efe6c6c99991
  ✓ Resolved KLP link 'video:/Manual removal of placenta/remove_the_placenta' → 58296c6202ba450a99b8d620d71154da
Updated KLP 'klp-1-right-order-for-removal-of-placenta' -> 32b500b885bc4444b6cbd6f2e2a75f3f
  ✓ Activated version: f80bd6ee3b1e4c3f9070719938c044e8
  → Recovered missing Language ID for KLP via mapping: 06400ef3d7b040c19e96efe6c6c99991
  ✓ Resolved KLP link 'video:/Manual removal of placenta/monitoring' → aa56ad13b09449718796bf8f9f710c28
Updated KLP 'klp-1-action-right-after-removal' -> 8c67fdd8f98043bfa80fec8089e69863
  ✓ Activated version: a30dcdaacc73432a80c319c09e4daf1e
  → Recovered missing Language ID for KLP via mapping: 06400ef3d7b040c19e96efe6c6c99991
  ✓ Resolved KLP link 'video:/Manual removal of placenta/remove_the_placenta' → 58296c6202ba450a99b8d620d71154da
Updated KLP 'klp-1-the-overall-action-to-control-pph' -> 9b76e4e55ad74662a81018696126bfb6
  ✓ Activated version: da3341a1aa5c4e8c8349fd73feff17dd
  → Recovered missing Language ID for KLP via mapping: 06400ef3d7b040c19e96efe6c6c99991
  ✓ Resolved KLP link 'procedure:condom-balloon-tamponade_1490714664807' → 1019d4bc3d0146c99a70b23f045d2a77
Updated KLP 'klp-3-condom-balloon-tamponade' -> ecdb56dba39f4838aa331879e7fd7693
  ✓ Activated version: a4dd2ee675cf4ae1a43f70d780e52c50
  → Recovered missing Language ID for KLP via mapping: 06400ef3d7b040c19e96efe6c6c99991
  ✓ Resolved KLP link 'video:/Manual removal of placenta/drugs_after_removal' → 4f9f7ac48332441bb72010e7d593269b
Updated KLP 'klp-2-drug-after-removal-of-placenta' -> a7d7d870871d405083bbc37c936c433e
  ✓ Activated version: 0739dc7ae4b249b8a656bb10a06337da
  → Recovered missing Language ID for KLP via mapping: 06400ef3d7b040c19e96efe6c6c99991
  ✓ Resolved KLP link 'video:/Manual removal of placenta/monitoring' → aa56ad13b09449718796bf8f9f710c28
Updated KLP 'klp-2-day-after-recommendations' -> 9a8c53a104f4435d8fd7803b84b696ca
  ✓ Activated version: ce0fa7440316409a97c16d36e8f85372
  → Recovered missing Language ID for KLP via mapping: 06400ef3d7b040c19e96efe6c6c99991
  ✓ Resolved KLP link 'action-card:emergency-referral_1490716065855' → 317a6c7f928c462089bdee8f33d35fff
Updated KLP 'klp-1-refer-manual-removal' -> 927b1fa9257347b4856ee21d06600063
  ✓ Activated version: 2bbebf8f08af417d89730616a0db6cfc
  → Recovered missing Language ID for KLP via mapping: 06400ef3d7b040c19e96efe6c6c99991
Updated KLP 'klp-1-manual-removal-bemonc' -> e431ed93a5f24221be0b6833285341dd
  ✓ Activated version: 324b24d6f44f45b99ea20cabb2bac8e6
  → Recovered missing Language ID for KLP via mapping: 06400ef3d7b040c19e96efe6c6c99991
  ✓ Resolved KLP link 'video:/Manual removal of placenta/intro' → 205ec9fa88cb4355b42217ead42bf369
Updated KLP 'klp-2-when-manual-removal' -> 5b1aa03d3d984d90b21053061af9c2d7
  ✓ Activated version: a8d988d4b7cc4068ac4850f1b1fd5439
  → Recovered missing Language ID for KLP via mapping: 06400ef3d7b040c19e96efe6c6c99991
  ✓ Resolved KLP link 'video:/Manual removal of placenta/intro' → 205ec9fa88cb4355b42217ead42bf369
Updated KLP 'klp-3-heavy-bleeding' -> 3e38d737adbb432facb0a90ed077d2b9
  ✓ Activated version: 09fdd5a893374295ac4f48e60c99d419
  → Recovered missing Language ID for KLP via mapping: 06400ef3d7b040c19e96efe6c6c99991
  ✓ Resolved KLP link 'video:/Manual removal of placenta/intro' → 205ec9fa88cb4355b42217ead42bf369
Updated KLP 'klp-2-blood-inside-uterus' -> b333050ccb2f4205909e5cb70da01b5e
  ✓ Activated version: 974a2e1eda4647db9016f55f6c105197
  → Recovered missing Language ID for KLP via mapping: 06400ef3d7b040c19e96efe6c6c99991
  ✓ Resolved KLP link 'video:/Manual removal of placenta/intro' → 205ec9fa88cb4355b42217ead42bf369
Updated KLP 'klp-2-excessive-bleeding' -> 051ad864faf3459d9e7648e77c6af1f7
  ✓ Activated version: 9d14645fd6c74bfb9b23e9fbc0564985
  → Recovered missing Language ID for KLP via mapping: 06400ef3d7b040c19e96efe6c6c99991
  ✓ Resolved KLP link 'video:/Manual removal of placenta/aorta_compression' → 85f1b82a0b034471b9c791cd21e0ca4b
Updated KLP 'klp-2-stop-bleeding-retained-placenta' -> f94c006f31aa4f999700e6854e09a86d
  ✓ Activated version: d9a96b6e10694a61a71328efd52f95ed
  → Recovered missing Language ID for KLP via mapping: 06400ef3d7b040c19e96efe6c6c99991
  ✓ Resolved KLP link 'video:/Manual removal of placenta/resuscitation' → 058a013bad5f46c2bcf856c723bcc017
Updated KLP 'klp-3-resuscitation' -> 0a1f31a79e704e24aaa01ed7809ced7c
  ✓ Activated version: 675ae58e24b64022988cb3ac1d4b00e9
  → Recovered missing Language ID for KLP via mapping: 06400ef3d7b040c19e96efe6c6c99991
  ✓ Resolved KLP link 'video:/Manual removal of placenta/resuscitation' → 058a013bad5f46c2bcf856c723bcc017
Updated KLP 'klp-2-stop-compression-at-resuscitation' -> cd28c37c1a42436c83406d98f622df0a
  ✓ Activated version: 0f7dc04a5e8d4e8ea9c03a854418fc9d
  → Recovered missing Language ID for KLP via mapping: 06400ef3d7b040c19e96efe6c6c99991
  ✓ Resolved KLP link 'video:/Manual removal of placenta/remove_the_placenta' → 58296c6202ba450a99b8d620d71154da
Updated KLP 'klp-3-how-to-manually-remove-the-placenta' -> 7eed9458dd564192aa6aadc687afdd52
  ✓ Activated version: 6f8c40e739374efca4a581375b350798
  → Recovered missing Language ID for KLP via mapping: 06400ef3d7b040c19e96efe6c6c99991
  ✓ Resolved KLP link 'video:/Manual removal of placenta/remove_the_placenta' → 58296c6202ba450a99b8d620d71154da
Updated KLP 'klp-2-aorta-compression-and-manual-removal' -> 914958e731ef4027bdb20f5054e0a361
  ✓ Activated version: 056cf606c9f84ffd844910f86c8267ae
  → Recovered missing Language ID for KLP via mapping: 06400ef3d7b040c19e96efe6c6c99991
  ✓ Resolved KLP link 'video:/Manual removal of placenta/remove_the_placenta' → 58296c6202ba450a99b8d620d71154da
Updated KLP 'klp-1-repeat-intrauterine-palpation' -> 868d4df64d164afdb1815b7a6dd76b32
  ✓ Activated version: 8ea59456115b4ae292dbbe3dd36f128c
  → Recovered missing Language ID for KLP via mapping: 06400ef3d7b040c19e96efe6c6c99991
  ✓ Resolved KLP link 'video:/Manual removal of placenta/remove_the_placenta' → 58296c6202ba450a99b8d620d71154da
Updated KLP 'klp-2-manual-compression-ended-aorta-compression' -> a214cdc4c9254c55abb429f2b8ac2e08
  ✓ Activated version: 50025088ff5548658626fbccefe2ed70
  → Recovered missing Language ID for KLP via mapping: 06400ef3d7b040c19e96efe6c6c99991
  ✓ Resolved KLP link 'video:/Manual removal of placenta/remove_the_placenta' → 58296c6202ba450a99b8d620d71154da
Updated KLP 'klp-3-action-after-removal' -> eb01b0f033254ec19f53a118a1018de0
  ✓ Activated version: 6b23e5b782c940d5a187d24b01d7dc07
  → Recovered missing Language ID for KLP via mapping: 06400ef3d7b040c19e96efe6c6c99991
Updated KLP 'klp-3-after-removal-of-placenta' -> 350c897c28be4f0988a92e92910b29c4
  ✓ Activated version: b6d98e6d37cd451e8b1d7153664ab3eb
  → Recovered missing Language ID for KLP via mapping: 06400ef3d7b040c19e96efe6c6c99991
  ✓ Resolved KLP link 'video:/Manual removal of placenta/monitoring' → aa56ad13b09449718796bf8f9f710c28
Updated KLP 'klp-1-action-right-after-removal-of-placenta' -> ff492860b62e441791a734de51599237
  ✓ Activated version: 549e2d4ea4ac4828889c341e330a066b
  → Recovered missing Language ID for KLP via mapping: 06400ef3d7b040c19e96efe6c6c99991
  ✓ Resolved KLP link 'video:/Maternal sepsis/intro' → bd3498c63e424f8ab7c5cc291ba80f6e
Updated KLP 'klp-1-meaning-of-sepsis' -> 5175f112ce0048e9a553d6a92dfb5542
  ✓ Activated version: 660123d7531a43829942e5d81dd89aad
  → Recovered missing Language ID for KLP via mapping: 06400ef3d7b040c19e96efe6c6c99991
  ✓ Resolved KLP link 'video:/Maternal sepsis/how_to_diagnose_definitions' → 4ad35d4aefdc4232908cc798b7374d38
Updated KLP 'klp-1-diagnose-sepsis' -> 2185207c582d4bdabe282d16421d10bb
  ✓ Activated version: 832de00367354276a5dae73f677f01d6
  → Recovered missing Language ID for KLP via mapping: 06400ef3d7b040c19e96efe6c6c99991
  ✓ Resolved KLP link 'video:/Maternal sepsis/how_to_diagnose_definitions' → 4ad35d4aefdc4232908cc798b7374d38
Updated KLP 'klp-1-septic-shock' -> 77e66c4f2c0a45099bfe06e2fef1259e
  ✓ Activated version: 21ac6c2640d74fe3a48580b146d9e2d2
  → Recovered missing Language ID for KLP via mapping: 06400ef3d7b040c19e96efe6c6c99991
  ✓ Resolved KLP link 'video:/Maternal sepsis/how_to_diagnose_definitions' → 4ad35d4aefdc4232908cc798b7374d38
Updated KLP 'klp-1-vital-signs' -> 9618775b348a4a759cfd5e915d5761e4
  ✓ Activated version: 8f45c9ff83c147d886c8d1c45fe1d43c
  → Recovered missing Language ID for KLP via mapping: 06400ef3d7b040c19e96efe6c6c99991
  ✓ Resolved KLP link 'video:/Maternal sepsis/following_management' → ecfbe7367701445e9563c95473cc8747
Updated KLP 'klp-2-importance-of-fluid-management' -> 8627a7fd4e4742429bd3339e0175dea1
  ✓ Activated version: 7d3d2c98064b4428ae192b3ce9aba633
  → Recovered missing Language ID for KLP via mapping: 06400ef3d7b040c19e96efe6c6c99991
  ✓ Resolved KLP link 'video:/Active management of third stage labour/controlled_cord_traction' → 0c936a76f9984a60942ebfa349be6a0b
Updated KLP 'klp-2-assessment-of-fluid-balance' -> 8ab2be40228c401b991b9c53e9123e83
  ✓ Activated version: 679dbecfbf314139be435e3a4fa6f0a6
  → Recovered missing Language ID for KLP via mapping: 06400ef3d7b040c19e96efe6c6c99991
  ✓ Resolved KLP link 'video:/Maternal sepsis/following_management' → ecfbe7367701445e9563c95473cc8747
Updated KLP 'klp-2-fluid-balance-be-calculated' -> 866397518c8f4aebb37e08ad375d1478
  ✓ Activated version: cb068ab826e94e28875eb920564ffb76
  → Recovered missing Language ID for KLP via mapping: 06400ef3d7b040c19e96efe6c6c99991
  ⚠ Ambiguous action-card link 'action-card:following-management_1486840964786', 2 suffix matches: ['res-action-card-post-abortion-care-following-management', 'res-action-card-maternal-sepsis-following-management']. Using first.
  ✓ Resolved KLP link 'action-card:following-management_1486840964786' → adaf3c1078af44859721fa42ec6921f9
Updated KLP 'klp-2-fluid-balance-be' -> 9ab80ea0ce7c451eadf9ec89726af9fc
  ✓ Activated version: 7e69a0d2278b41a298891886ab903507
  → Recovered missing Language ID for KLP via mapping: 06400ef3d7b040c19e96efe6c6c99991
  ✓ Resolved KLP link 'video:/Maternal sepsis/following_management' → ecfbe7367701445e9563c95473cc8747
Updated KLP 'klp-2-in-case-of-a-septic-shock-it-should-be-calculated-each-hour' -> afd77dbc146443239ff221f910c69e94
  ✓ Activated version: 54e4b4be0263493da770746a58cd758c
  → Recovered missing Language ID for KLP via mapping: 06400ef3d7b040c19e96efe6c6c99991
  ✓ Resolved KLP link 'video:/Maternal sepsis/intro' → bd3498c63e424f8ab7c5cc291ba80f6e
Updated KLP 'klp-2-complications-to-sepsis' -> 5ef8bd6f0bb14904a296ce7eaa22656c
  ✓ Activated version: 00161a329c5d450e97f46106f338c3a2
  → Recovered missing Language ID for KLP via mapping: 06400ef3d7b040c19e96efe6c6c99991
  ✓ Resolved KLP link 'video:/Maternal sepsis/how_to_manage' → 797fd3d77b4a4615ba103f5bc1d31478
Updated KLP 'klp-1-initial-management' -> 49554ab2f2d3434aabdb6fa635107db5
  ✓ Activated version: 35ab37bc1a8b424d83c6d49e80ef6cb4
  → Recovered missing Language ID for KLP via mapping: 06400ef3d7b040c19e96efe6c6c99991
  ✓ Resolved KLP link 'video:/Maternal sepsis/how_to_manage' → 797fd3d77b4a4615ba103f5bc1d31478
Updated KLP 'klp-2-circulation' -> 6ae99c7b5f0f42c0ae29b0b6283e2081
  ✓ Activated version: 73da7130bfad456582299cc8eb48c56f
  → Recovered missing Language ID for KLP via mapping: 06400ef3d7b040c19e96efe6c6c99991
  ✓ Resolved KLP link 'video:/Maternal sepsis/how_to_manage' → 797fd3d77b4a4615ba103f5bc1d31478
Updated KLP 'klp-3-drugs' -> 8a614f4290fc4e8bb4a4a8c50daae791
  ✓ Activated version: 0a2040a1015645bb99ebb61b1ed8c582
  → Recovered missing Language ID for KLP via mapping: 06400ef3d7b040c19e96efe6c6c99991
  ✓ Resolved KLP link 'video:/Maternal sepsis/how_to_manage' → 797fd3d77b4a4615ba103f5bc1d31478
Updated KLP 'klp-3-ampicillin-sepsis' -> ab888682a418422a8c881e5999fabd9f
  ✓ Activated version: e9908031415847d391a720f026ceb633
  → Recovered missing Language ID for KLP via mapping: 06400ef3d7b040c19e96efe6c6c99991
  ✓ Resolved KLP link 'video:/Maternal sepsis/how_to_manage' → 797fd3d77b4a4615ba103f5bc1d31478
Updated KLP 'klp-3-gentamicin' -> 4fe0d4304e6f4f30ae3338c439be66db
  ✓ Activated version: 61f6f022e33a47dab5a1a0993b3a8254
  → Recovered missing Language ID for KLP via mapping: 06400ef3d7b040c19e96efe6c6c99991
  ✓ Resolved KLP link 'video:/Maternal sepsis/how_to_manage' → 797fd3d77b4a4615ba103f5bc1d31478
Updated KLP 'klp-3-metronidazole' -> 9dc2f05e344547658d26130bcf941c5b
  ✓ Activated version: cfb0f8cb13a646049b0ed5414277c499
  → Recovered missing Language ID for KLP via mapping: 06400ef3d7b040c19e96efe6c6c99991
  ✓ Resolved KLP link 'drug:ceftriaxone_1487080443380' → f9c06be97a3c467088cb60483edf973d
Updated KLP 'klp-3-ceftriaxone' -> 49d531d78d9f41a2b584fac38007e75d
  ✓ Activated version: 28416c56dc814411a13076fa7300ebcb
  → Recovered missing Language ID for KLP via mapping: 06400ef3d7b040c19e96efe6c6c99991
  ✓ Resolved KLP link 'drug:tetracycline_1505122257639' → b3ede20658414376aa0290b795714734
Updated KLP 'klp-3-tetracycline' -> 0ee6a8addf8b4cd0822b45b0f73b605d
  ✓ Activated version: 163476611bf84ff7a380e8ac681ff67e
  → Recovered missing Language ID for KLP via mapping: 06400ef3d7b040c19e96efe6c6c99991
  ✓ Resolved KLP link 'drug:chloramphenicol_1487097224306' → 0b162e3b7424405489bd287bcc2ec3de
Updated KLP 'klp-3-chloramphenicol' -> d9568d1d8f224be09e63f993e273a40e
  ✓ Activated version: 4c6df800c9274184b029f1f631bbc67b
  → Recovered missing Language ID for KLP via mapping: 06400ef3d7b040c19e96efe6c6c99991
  ✓ Resolved KLP link 'video:/Maternal sepsis/origin_of_infection' → c930be63fdcf4e65879771b1ec8346ef
Updated KLP 'klp-2-malaria' -> 56b0a0fb5d4242e6a2e2035b635d6af4
  ✓ Activated version: 7a072d6812d8434ba90df29ce3b34c77
  → Recovered missing Language ID for KLP via mapping: 06400ef3d7b040c19e96efe6c6c99991
  ✓ Resolved KLP link 'video:/Maternal sepsis/origin_of_infection' → c930be63fdcf4e65879771b1ec8346ef
Updated KLP 'klp-3-malaria-drugs' -> d3292b0e8249480cb70ce412657fe8c6
  ✓ Activated version: 3c98b9a6282b447981a34f22051d3c4a
  → Recovered missing Language ID for KLP via mapping: 06400ef3d7b040c19e96efe6c6c99991
  ✓ Resolved KLP link 'drug:artesunate_1487078838130' → a77b770a890840ea83822337e8f75f96
Updated KLP 'klp-3-artesunate' -> 1e92611a000e4fa0bf4957c6a5e78641
  ✓ Activated version: 526d9401ee814f92a7d76a133e876dda
  → Recovered missing Language ID for KLP via mapping: 06400ef3d7b040c19e96efe6c6c99991
  ✓ Resolved KLP link 'drug:quinine_1487158788622' → 6c50f9ca2bfc47a49da29a45f465d130
Updated KLP 'klp-3-quinine' -> 011c74d7d850402ebb3640afbee7624c
  ✓ Activated version: 5f41886f8f1943068ba8ae5d9612e357
  → Recovered missing Language ID for KLP via mapping: 06400ef3d7b040c19e96efe6c6c99991
  ✓ Resolved KLP link 'drug:artesunate_1487078838130' → a77b770a890840ea83822337e8f75f96
Updated KLP 'klp-3-dosage-artesunate' -> 87aab23189c04b4dafcacbf52e911cbb
  ✓ Activated version: 695755f8ec5e46feaa91bd29558a6f52
  → Recovered missing Language ID for KLP via mapping: 06400ef3d7b040c19e96efe6c6c99991
  ✓ Resolved KLP link 'drug:quinine_1487158788622' → 6c50f9ca2bfc47a49da29a45f465d130
Updated KLP 'klp-3-dosage-quinine' -> ffb9f309fc5d40d1a7080d0f19cd0b2c
  ✓ Activated version: a536e6a75f9c42a6be577607238116d2
  → Recovered missing Language ID for KLP via mapping: 06400ef3d7b040c19e96efe6c6c99991
  ✓ Resolved KLP link 'video:/Maternal sepsis/origin_of_infection' → c930be63fdcf4e65879771b1ec8346ef
Updated KLP 'klp-1-the-6-ws' -> 82b55b928e764ba5b0b62b9ba72a756f
  ✓ Activated version: b1e2fde34b404a22a904619a8a7b20dd
  → Recovered missing Language ID for KLP via mapping: 06400ef3d7b040c19e96efe6c6c99991
  ✓ Resolved KLP link 'video:/Maternal sepsis/origin_of_infection' → c930be63fdcf4e65879771b1ec8346ef
Updated KLP 'klp-1-the-6-ws-continue' -> ff31f596a8a640f99c4190df480f2381
  ✓ Activated version: f658217a1a7b42848fccbd7f6ae11705
  → Recovered missing Language ID for KLP via mapping: 06400ef3d7b040c19e96efe6c6c99991
  ✓ Resolved action-card link 'action-card:identify-cause_1486841405518' via suffix match → res-action-card-maternal-sepsis-identify-cause
  ✓ Resolved KLP link 'action-card:identify-cause_1486841405518' → d35c7a27f7294b12864eb6ea3f3be107
Updated KLP 'klp-2-chorioamnionitis' -> a6bd5e3df0c24a468f221f0b3d2336b3
  ✓ Activated version: ce3ab5b41b134bdf8dd203eda5f20529
  → Recovered missing Language ID for KLP via mapping: 06400ef3d7b040c19e96efe6c6c99991
  ✓ Resolved action-card link 'action-card:identify-cause_1486841405518' via suffix match → res-action-card-maternal-sepsis-identify-cause
  ✓ Resolved KLP link 'action-card:identify-cause_1486841405518' → d35c7a27f7294b12864eb6ea3f3be107
Updated KLP 'klp-2-endometritis' -> 7e5423138d05411aa0753597395f5f85
  ✓ Activated version: 24a61a5ecfa2466aa1b7abf05dafd8ab
  → Recovered missing Language ID for KLP via mapping: 06400ef3d7b040c19e96efe6c6c99991
  ✓ Resolved KLP link 'video:/Maternal sepsis/origin_of_infection' → c930be63fdcf4e65879771b1ec8346ef
Updated KLP 'klp-1-treatment-for-chorioamnionitis' -> caea1040f1cf4ba8bed4b46074dc4755
  ✓ Activated version: 897bc6f3810749b18ca8ba54834c0c54
  → Recovered missing Language ID for KLP via mapping: 06400ef3d7b040c19e96efe6c6c99991
  ✓ Resolved KLP link 'video:/Maternal sepsis/origin_of_infection' → c930be63fdcf4e65879771b1ec8346ef
Updated KLP 'klp-1-treatment-for-endometritis' -> 2212a100c1154f8c996aeed001395f67
  ✓ Activated version: 4ff7be8f87134f36a8cec8e98485b978
  → Recovered missing Language ID for KLP via mapping: 06400ef3d7b040c19e96efe6c6c99991
  ✓ Resolved KLP link 'video:/Maternal sepsis/origin_of_infection' → c930be63fdcf4e65879771b1ec8346ef
Updated KLP 'klp-2-endometritis-and-no-effect-of-ab' -> c98c2aa9be494f3098ab8f9ec38b5667
  ✓ Activated version: efdf2f4684f14f658b08cff13da8d27a
  → Recovered missing Language ID for KLP via mapping: 06400ef3d7b040c19e96efe6c6c99991
Updated KLP 'klp-1-mastitis' -> a94b459023584625a81d16ed9cc8ffa9
  ✓ Activated version: 8f2b535f852f4dbdba2fec88004ee5ae
  → Recovered missing Language ID for KLP via mapping: 06400ef3d7b040c19e96efe6c6c99991
  ✓ Resolved KLP link 'video:/Maternal sepsis/origin_of_infection' → c930be63fdcf4e65879771b1ec8346ef
Updated KLP 'klp-1-breast-abscess' -> dc35e018cbfa44d0a39ecdc03062b813
  ✓ Activated version: 5c9494283d6d482d8f31e370fa3ebf3d
  → Recovered missing Language ID for KLP via mapping: 06400ef3d7b040c19e96efe6c6c99991
  ✓ Resolved KLP link 'video:/Maternal sepsis/origin_of_infection' → c930be63fdcf4e65879771b1ec8346ef
Updated KLP 'klp-1-wound-infections' -> 58e96142f7944bb48a7a632cc7c420a2
  ✓ Activated version: f65a59aa443f4d85a94555ff8bb1e095
  → Recovered missing Language ID for KLP via mapping: 06400ef3d7b040c19e96efe6c6c99991
  ✓ Resolved KLP link 'video:/Maternal sepsis/origin_of_infection' → c930be63fdcf4e65879771b1ec8346ef
Updated KLP 'klp-2-other-causes-of-infection' -> b83d2276a11e4f65973ec9ea90ed2097
  ✓ Activated version: 11a65e0b5b004feead2de71059c3d9e1
  → Recovered missing Language ID for KLP via mapping: 06400ef3d7b040c19e96efe6c6c99991
  ✓ Resolved KLP link 'video:/Neonatal resuscitation/intro' → 60dee959a5404a0ebdf82c91f64e4645
Updated KLP 'klp-1-adequate-breathing' -> 6650e6e7dd244d118434450997365fe3
  ✓ Activated version: bfef4d7eaca54c9ca4083deeac449606
  → Recovered missing Language ID for KLP via mapping: 06400ef3d7b040c19e96efe6c6c99991
  ✓ Resolved KLP link 'video:/Neonatal resuscitation/intro' → 60dee959a5404a0ebdf82c91f64e4645
Updated KLP 'klp-1-golden-minute' -> dd2bc3963e484f958d3f0bfb0e6828db
  ✓ Activated version: 2c69011fc60940c98ce2a05ba4579b84
  → Recovered missing Language ID for KLP via mapping: 06400ef3d7b040c19e96efe6c6c99991
  ✓ Resolved KLP link 'video:/Neonatal resuscitation/assess_the_newborn' → 2b27bc8250b94438b3673aed3c0f2b8a
Updated KLP 'klp-1-assess-the-newborn-after-birth' -> a8d5822b0b154f1b9e2cd8a44e6ed573
  ✓ Activated version: 6f74cd7f30e34e2d80f7bf1c2729f899
  → Recovered missing Language ID for KLP via mapping: 06400ef3d7b040c19e96efe6c6c99991
  ✓ Resolved KLP link 'video:/Neonatal resuscitation/assess_the_newborn' → 2b27bc8250b94438b3673aed3c0f2b8a
Updated KLP 'klp-2-skin-to-the-mother' -> 1fe3fec643ce47dda66d9b76d47250cd
  ✓ Activated version: cbde50715f764b0ea63f3f7b13d7ec7a
  → Recovered missing Language ID for KLP via mapping: 06400ef3d7b040c19e96efe6c6c99991
  ✓ Resolved KLP link 'video:/Neonatal resuscitation/assess_the_newborn' → 2b27bc8250b94438b3673aed3c0f2b8a
Updated KLP 'klp-2-first-step' -> 4979d043cb644143a9932f444ae5b195
  ✓ Activated version: d82e56f7544f41d693a771542e870c45
  → Recovered missing Language ID for KLP via mapping: 06400ef3d7b040c19e96efe6c6c99991
  ✓ Resolved KLP link 'video:/Neonatal resuscitation/assess_the_newborn' → 2b27bc8250b94438b3673aed3c0f2b8a
Updated KLP 'klp-2-meconium-suction' -> 0ca9b9aaa7a2498c96d95fc299118672
  ✓ Activated version: 8d86670e285248488ecd64dcf9d2c184
  → Recovered missing Language ID for KLP via mapping: 06400ef3d7b040c19e96efe6c6c99991
  ✓ Resolved KLP link 'video:/Neonatal resuscitation/assess_the_newborn' → 2b27bc8250b94438b3673aed3c0f2b8a
Updated KLP 'klp-3-correct-order-suction' -> ac1c3a4868604a6aa3a9cc9895c39bb2
  ✓ Activated version: 1eb3e98844154adfba2b24c12ef1bbe4
  → Recovered missing Language ID for KLP via mapping: 06400ef3d7b040c19e96efe6c6c99991
  ✓ Resolved KLP link 'video:/Neonatal resuscitation/assess_the_newborn' → 2b27bc8250b94438b3673aed3c0f2b8a
Updated KLP 'klp-2-stimulation-the-newborn' -> 7dfc055786e34cd3b945e2c8fa4d9ff2
  ✓ Activated version: e87036d95a6f44388912d84211c22eee
  → Recovered missing Language ID for KLP via mapping: 06400ef3d7b040c19e96efe6c6c99991
  ✓ Resolved KLP link 'video:/Neonatal resuscitation/assess_the_newborn' → 2b27bc8250b94438b3673aed3c0f2b8a
Updated KLP 'klp-2-newborn-is-not-breathing-well' -> 55ebcdaa2abc4b60a92d916829d6fb7f
  ✓ Activated version: d2ae4e7bbc444693bf59923b3748963e
  → Recovered missing Language ID for KLP via mapping: 06400ef3d7b040c19e96efe6c6c99991
  ✓ Resolved KLP link 'video:/Neonatal resuscitation/assess_the_newborn' → 2b27bc8250b94438b3673aed3c0f2b8a
Updated KLP 'klp-1-when-to-resuscitate' -> 6357637fc73c4fb6b3e4d44519d53748
  ✓ Activated version: 223092f721dc41eea6d7a9e8e2efac3e
  → Recovered missing Language ID for KLP via mapping: 06400ef3d7b040c19e96efe6c6c99991
  ✓ Resolved KLP link 'video:/Neonatal resuscitation/airway' → 84fc0fd1ce2a427f9c0433cb8e335441
Updated KLP 'klp-3-airway-call-for-help' -> 5f9d3bc946324680aefa06b51e563f29
  ✓ Activated version: 7dc330e250434e7db5c94dd18dd25171
  → Recovered missing Language ID for KLP via mapping: 06400ef3d7b040c19e96efe6c6c99991
  ✓ Resolved KLP link 'video:/Neonatal resuscitation/airway' → 84fc0fd1ce2a427f9c0433cb8e335441
Updated KLP 'klp-2-airway-position-of-head' -> dce1f4bd46bf45028794743c3a0d24d1
  ✓ Activated version: 12a5d205ed954e75a63838295bc3bea1
  → Recovered missing Language ID for KLP via mapping: 06400ef3d7b040c19e96efe6c6c99991
  ✓ Resolved KLP link 'video:/Neonatal resuscitation/airway' → 84fc0fd1ce2a427f9c0433cb8e335441
Updated KLP 'klp-1-airway-position-of-mask' -> 203795a439644e9cb59843baff390ba8
  ✓ Activated version: 8eb5184565504a1db2ecc87cf70b9a9d
  → Recovered missing Language ID for KLP via mapping: 06400ef3d7b040c19e96efe6c6c99991
  ✓ Resolved KLP link 'video:/Neonatal resuscitation/airway' → 84fc0fd1ce2a427f9c0433cb8e335441
Updated KLP 'klp-1-airway-effective-ventilation' -> c976d4f088ef42a78c8379e198e85da2
  ✓ Activated version: 012a93805083440b99678b5c7dfe1d12
  → Recovered missing Language ID for KLP via mapping: 06400ef3d7b040c19e96efe6c6c99991
  ✓ Resolved KLP link 'video:/Neonatal resuscitation/airway' → 84fc0fd1ce2a427f9c0433cb8e335441
Updated KLP 'klp-2-number-of-inflation-breaths' -> 5d5442666c7c41b396af6c981a54bfba
  ✓ Activated version: 29fded4aae384e30a1382a256886fe4e
  → Recovered missing Language ID for KLP via mapping: 06400ef3d7b040c19e96efe6c6c99991
  ✓ Resolved KLP link 'video:/Neonatal resuscitation/airway' → 84fc0fd1ce2a427f9c0433cb8e335441
Updated KLP 'klp-3-jaw-thrust' -> 0cc22b37d2de4645a1078c31c7ea8204
  ✓ Activated version: 375242dc0f064eaca122896146be0bd6
  → Recovered missing Language ID for KLP via mapping: 06400ef3d7b040c19e96efe6c6c99991
  ✓ Resolved KLP link 'video:/Neonatal resuscitation/airway' → 84fc0fd1ce2a427f9c0433cb8e335441
Updated KLP 'klp-2-if-no-chest-movements' -> 8e8445f22afa4f3f9417894f28983064
  ✓ Activated version: d26711d2e38341ba908194ed4beac760
  → Recovered missing Language ID for KLP via mapping: 06400ef3d7b040c19e96efe6c6c99991
  ✓ Resolved KLP link 'video:/Neonatal resuscitation/airway' → 84fc0fd1ce2a427f9c0433cb8e335441
Updated KLP 'klp-2-inflation-breaths' -> ba1880d49e694bdabcf0bc97415a78a4
  ✓ Activated version: d9d6d7c7291a4ece863fec94f2d74653
  → Recovered missing Language ID for KLP via mapping: 06400ef3d7b040c19e96efe6c6c99991
  ✓ Resolved KLP link 'video:/Neonatal resuscitation/breathing' → 509a9eb0bebc4d28a5cea657f5a3cb52
  ✓ Resolved KLP link 'video:/Neonatal resuscitation/breathing' → 509a9eb0bebc4d28a5cea657f5a3cb52
Updated KLP 'klp-2-ventilation-breath' -> e57818ebb75b440d9662b53201785c85
  ✓ Activated version: c2a2e08b5d754825a493448e0d83a6d6
  → Recovered missing Language ID for KLP via mapping: 06400ef3d7b040c19e96efe6c6c99991
  ✓ Resolved KLP link 'video:/Neonatal resuscitation/breathing' → 509a9eb0bebc4d28a5cea657f5a3cb52
Updated KLP 'klp-1-not-breathing-well' -> 5cda78536b0e4905803d90ffea2fc388
  ✓ Activated version: 3d0087a54f714542af25418ec57bf73b
  → Recovered missing Language ID for KLP via mapping: 06400ef3d7b040c19e96efe6c6c99991
  ✓ Resolved KLP link 'video:/Neonatal resuscitation/breathing' → 509a9eb0bebc4d28a5cea657f5a3cb52
Updated KLP 'klp-1-continue-ventilation-breaths' -> 1bfb285cb6824b4d956f907e2d489357
  ✓ Activated version: 352af4d23b394e518e1e70bc4e30b2e1
  → Recovered missing Language ID for KLP via mapping: 06400ef3d7b040c19e96efe6c6c99991
  ✓ Resolved KLP link 'video:/Neonatal resuscitation/breathing' → 509a9eb0bebc4d28a5cea657f5a3cb52
Updated KLP 'klp-1-most-important-ventilation-breaths' -> 9e3015e680494b7cb83b08b620e4f41e
  ✓ Activated version: 5fdcecabfc814716bf6760e9ed156bd9
  → Recovered missing Language ID for KLP via mapping: 06400ef3d7b040c19e96efe6c6c99991
  ✓ Resolved KLP link 'video:/Neonatal resuscitation/breathing' → 509a9eb0bebc4d28a5cea657f5a3cb52
Updated KLP 'klp-3-rhythm-ventilation-breaths' -> 18f8514f0b104cda8d7f32b33794fdee
  ✓ Activated version: 33f9ccd3b06546de9976d1795e0e94c6
  → Recovered missing Language ID for KLP via mapping: 06400ef3d7b040c19e96efe6c6c99991
  ✓ Resolved KLP link 'video:/Neonatal resuscitation/breathing' → 509a9eb0bebc4d28a5cea657f5a3cb52
Updated KLP 'klp-3-good-ventilation' -> 8153071735fb4e87b122807bea0628fc
  ✓ Activated version: 30b07c3a7a3b4e748e42d100bde59f5e
  → Recovered missing Language ID for KLP via mapping: 06400ef3d7b040c19e96efe6c6c99991
  ✓ Resolved KLP link 'video:/Neonatal resuscitation/breathing' → 509a9eb0bebc4d28a5cea657f5a3cb52
Updated KLP 'klp-3-breathing-assessment2' -> 189d4bc464124b67b0cd95385c1e8d9d
  ✓ Activated version: 306915d7542d43daac94359d7aba1b88
  → Recovered missing Language ID for KLP via mapping: 06400ef3d7b040c19e96efe6c6c99991
  ✓ Resolved KLP link 'video:/Neonatal resuscitation/breathing' → 509a9eb0bebc4d28a5cea657f5a3cb52
Updated KLP 'klp-1-breathing-assessment1' -> 83779dadc59648018fea054db02607c6
  ✓ Activated version: c62f290d65494c59839404db545c0a28
  → Recovered missing Language ID for KLP via mapping: 06400ef3d7b040c19e96efe6c6c99991
  ✓ Resolved KLP link 'video:/Neonatal resuscitation/breathing' → 509a9eb0bebc4d28a5cea657f5a3cb52
Updated KLP 'klp-1-breathing-assessment-continued' -> 488c9b6bb37943d39c6c91f606f6c8b3
  ✓ Activated version: 5fed33553d724504a26dec6b9253eb5d
  → Recovered missing Language ID for KLP via mapping: 06400ef3d7b040c19e96efe6c6c99991
  ✓ Resolved KLP link 'video:/Neonatal resuscitation/monitoring' → b59f668b7b6841d5b62d002750016657
Updated KLP 'klp-3-action-if-breathing-well' -> 306ffda712d64e198e243c26c7022112
  ✓ Activated version: f5925529011c46e09f70a489be8430fe
  → Recovered missing Language ID for KLP via mapping: 06400ef3d7b040c19e96efe6c6c99991
  ✓ Resolved KLP link 'video:/Neonatal resuscitation/breathing' → 509a9eb0bebc4d28a5cea657f5a3cb52
Updated KLP 'klp-3-nr-give-oxygen' -> 198649a0bf714fe9b87408645a3c690e
  ✓ Activated version: 462f8f9b66f44624840a4619fc1aa3e5
  → Recovered missing Language ID for KLP via mapping: 06400ef3d7b040c19e96efe6c6c99991
  ✓ Resolved KLP link 'video:/Neonatal resuscitation/when_to_stop_resuscitation' → 3b7b5d47d9a64f79a2ac799ae1e7459b
Updated KLP 'klp-2-when-to-stop' -> b7d4f8f159e7451ba5abeda03d8da005
  ✓ Activated version: c123fd64dac343a890d4868dc7835713
  → Recovered missing Language ID for KLP via mapping: 06400ef3d7b040c19e96efe6c6c99991
  ✓ Resolved KLP link 'video:/Neonatal resuscitation/when_to_stop_resuscitation' → 3b7b5d47d9a64f79a2ac799ae1e7459b
Updated KLP 'klp-3-resuscitation-stop-next' -> eee1d91e86e64cd280df3613e6cf7542
  ✓ Activated version: 9d5cdb6d706642f78c6be2a198f25ae9
  → Recovered missing Language ID for KLP via mapping: 06400ef3d7b040c19e96efe6c6c99991
  ✓ Resolved KLP link 'video:/Neonatal resuscitation/monitoring' → b59f668b7b6841d5b62d002750016657
Updated KLP 'klp-1-skin-to-skin-and-breastfeeding' -> b04cb5147c35405eb4c78c56e7578f50
  ✓ Activated version: a4922c1c250f4238b0aa9d3cf7cd97a5
  → Recovered missing Language ID for KLP via mapping: 06400ef3d7b040c19e96efe6c6c99991
  ✓ Resolved KLP link 'video:/Neonatal resuscitation/monitoring' → b59f668b7b6841d5b62d002750016657
Updated KLP 'klp-3-monitoring' -> 412557d88ecc4b9c98821ba3d483f818
  ✓ Activated version: feef8c2bc1c643c7b9021c41e1d26fd7
  → Recovered missing Language ID for KLP via mapping: 06400ef3d7b040c19e96efe6c6c99991
  ✓ Resolved KLP link 'video:/Neonatal resuscitation/monitoring' → b59f668b7b6841d5b62d002750016657
Updated KLP 'klp-3-low-birth-weight-and-resuscitation' -> 8f791a2b119a4808b6f1222fcbcf0132
  ✓ Activated version: 70c85fd3c2bc458ca4caa57d880a5025
  → Recovered missing Language ID for KLP via mapping: 06400ef3d7b040c19e96efe6c6c99991
  ✓ Resolved KLP link 'video:/Neonatal resuscitation/monitoring' → b59f668b7b6841d5b62d002750016657
Updated KLP 'klp-3-challenge-low-birth-weight' -> cf3f4ecda5ee492a9ca3114eddf79a3a
  ✓ Activated version: eef16bfbf5b3479197ce75174187a8bc
  → Recovered missing Language ID for KLP via mapping: 06400ef3d7b040c19e96efe6c6c99991
  ✓ Resolved KLP link 'video:/Neonatal resuscitation/airway' → 84fc0fd1ce2a427f9c0433cb8e335441
Updated KLP 'klp-2-successful-inflation-breaths' -> 88e5c63323674861b17f2a9c1ce0ce01
  ✓ Activated version: e343bcdbc33b44308c4340a0696dfb9e
  → Recovered missing Language ID for KLP via mapping: 06400ef3d7b040c19e96efe6c6c99991
  ✓ Resolved KLP link 'video:/Newborn management/intro' → d7f460a6362f4b79bbb0d156180a1535
  ✓ Resolved KLP link 'video:/Newborn management/intro' → d7f460a6362f4b79bbb0d156180a1535
Updated KLP 'klp-1-common-causes-of-newborn-death' -> d992b9ff7b004cd2a102854bf56bd785
  ✓ Activated version: f5f49c16e5904b2aa5054ee4a4c3eb9d
  → Recovered missing Language ID for KLP via mapping: 06400ef3d7b040c19e96efe6c6c99991
  ✓ Resolved KLP link 'video:/Newborn management/intro' → d7f460a6362f4b79bbb0d156180a1535
Updated KLP 'klp-2-death-in-first-week' -> 897e8b4b25bb4f57bdb10522ad47bc15
  ✓ Activated version: 46aa403f45a54f32bcde908df7609f34
  → Recovered missing Language ID for KLP via mapping: 06400ef3d7b040c19e96efe6c6c99991
  ✓ Resolved KLP link 'video:/Newborn management/prevention' → edc72761afed42329bcb317d045bce7e
  ✓ Resolved KLP link 'drug:betamethasone_1487080183154' → 68ad36d39eff4e28b00df56e3c8d0ee1
Updated KLP 'klp-3-prevent-respiratory-distress-preterm' -> 98113058c13843968cdb3aceb442ac75
  ✓ Activated version: 3045ddc241254ebb8945d08d8834d9e2
  → Recovered missing Language ID for KLP via mapping: 06400ef3d7b040c19e96efe6c6c99991
  ✓ Resolved KLP link 'video:/Newborn management/prevention' → edc72761afed42329bcb317d045bce7e
Updated KLP 'klp-2-risk-factors-infection-newborn' -> e9fa67d71fff45ea9cb8118a94a28958
  ✓ Activated version: cf022f2a53cb4d55b4d4bc0b4b442b06
  → Recovered missing Language ID for KLP via mapping: 06400ef3d7b040c19e96efe6c6c99991
  ✓ Resolved KLP link 'video:/Newborn management/prevention' → edc72761afed42329bcb317d045bce7e
Updated KLP 'klp-1-prevent-newborn-infections' -> c74d0943d1934806aa06f8649f331473
  ✓ Activated version: f538f5b2cbf041798e12431983087c37
  → Recovered missing Language ID for KLP via mapping: 06400ef3d7b040c19e96efe6c6c99991
  ✓ Resolved KLP link 'video:/Newborn management/prevention' → edc72761afed42329bcb317d045bce7e
  ✓ Resolved KLP link 'video:/Newborn management/prevention' → edc72761afed42329bcb317d045bce7e
Updated KLP 'klp-3-ab-to-newborn' -> 1d39461cbedc4f60828ad4be9c0f902c
  ✓ Activated version: cffcf61932824f8a813047b47f0f4ad6
  → Recovered missing Language ID for KLP via mapping: 06400ef3d7b040c19e96efe6c6c99991
  ✓ Resolved KLP link 'video:/Newborn management/prevention' → edc72761afed42329bcb317d045bce7e
  ✓ Resolved KLP link 'video:/Newborn management/prevention' → edc72761afed42329bcb317d045bce7e
Updated KLP 'klp-2-risk-and-action-after-resuscitation' -> 3391f6f56dd04ed197000bb7cfc82f7d
  ✓ Activated version: f20a16beb7d6492bacc01368959a5d10
  → Recovered missing Language ID for KLP via mapping: 06400ef3d7b040c19e96efe6c6c99991
  ✓ Resolved KLP link 'video:/Newborn management/prevention' → edc72761afed42329bcb317d045bce7e
Updated KLP 'klp-2-early-feeding' -> 49e42be0c41c4f19903698eadce01d2f
  ✓ Activated version: 7f4b75ac22e44f47b9ae8b5703a239e1
  → Recovered missing Language ID for KLP via mapping: 06400ef3d7b040c19e96efe6c6c99991
  ✓ Resolved KLP link 'video:/Newborn management/initial_care_of_the_newborn' → ff4bb6f0cb4348fa855aa6c59c740673
Updated KLP 'klp-2-initial-care-of-the-newborn' -> 9c201c9ffc57427dbd39a2a89de25863
  ✓ Activated version: 48fa832f75464933ad162af9dca81291
  → Recovered missing Language ID for KLP via mapping: 06400ef3d7b040c19e96efe6c6c99991
  ✓ Resolved KLP link 'video:/Newborn management/initial_care_of_the_newborn' → ff4bb6f0cb4348fa855aa6c59c740673
Updated KLP 'klp-1-not-crying-or-breathing-well' -> 5dc004f7c8d14fe5a2b2f5b20367369d
  ✓ Activated version: c2ed1612e09646258969bc3d97ce3e2e
  → Recovered missing Language ID for KLP via mapping: 06400ef3d7b040c19e96efe6c6c99991
  ✓ Resolved KLP link 'video:/Newborn management/initial_care_of_the_newborn' → ff4bb6f0cb4348fa855aa6c59c740673
Updated KLP 'klp-1-initial-care-of-the-newborn-actions' -> 68b1af5d74a242adafa1586b448a2b66
  ✓ Activated version: d8910684f9e34e88aa73d72433d34792
  → Recovered missing Language ID for KLP via mapping: 06400ef3d7b040c19e96efe6c6c99991
  ✓ Resolved KLP link 'video:/Newborn management/initial_care_of_the_newborn' → ff4bb6f0cb4348fa855aa6c59c740673
Updated KLP 'klp-3-initial-care-of-lbw' -> 4f97ae6e69974020b47a7fa5e2ad7918
  ✓ Activated version: 7461820d82ec440c897060115863641f
  → Recovered missing Language ID for KLP via mapping: 06400ef3d7b040c19e96efe6c6c99991
  ✓ Resolved action-card link 'action-card:pediatric-drugs-and-fluids_1486735917639' via suffix match → res-action-card-newborn-management-pediatric-drugs-and-fluids
  ✓ Resolved KLP link 'action-card:pediatric-drugs-and-fluids_1486735917639' → 9f7f7437d3f847528faf71e45bec1156
Updated KLP 'klp-1-lbw-unable-to-suck-adequately' -> 9933bf6670bb4bdfaeca4decd6480e9d
  ✓ Activated version: cc11817ba52c4e168a3eb309ffd14389
  → Recovered missing Language ID for KLP via mapping: 06400ef3d7b040c19e96efe6c6c99991
  ✓ Resolved KLP link 'video:/Newborn management/danger_signs' → fd650f0a09ec44b5bd50942a2f05d91e
  ✓ Resolved KLP link 'video:/Newborn management/danger_signs' → fd650f0a09ec44b5bd50942a2f05d91e
Updated KLP 'klp-3-signs-of-illness' -> eed4070696e64dd18d6d7cdaa7faa1c2
  ✓ Activated version: 3bb7aa2e8f3c410baa7a31d3f6af85ac
  → Recovered missing Language ID for KLP via mapping: 06400ef3d7b040c19e96efe6c6c99991
  ✓ Resolved KLP link 'video:/Newborn management/management_of_danger_signs' → 3f5b9034b6c6478fa19f8f6649f29b80
  ✓ Resolved KLP link 'video:/Newborn management/management_of_danger_signs' → 3f5b9034b6c6478fa19f8f6649f29b80
Updated KLP 'klp-2-management-of-danger-signs' -> 609233cb0e7b46c2b5c2397ae71db316
  ✓ Activated version: 30049fc67f4e4e5daeaee12c5e5120b5
  → Recovered missing Language ID for KLP via mapping: 06400ef3d7b040c19e96efe6c6c99991
  ✓ Resolved KLP link 'video:/Newborn management/danger_signs' → fd650f0a09ec44b5bd50942a2f05d91e
Updated KLP 'klp-2-danger-signs-airway' -> f30f876242aa4156985d52b5839eb4ea
  ✓ Activated version: feff25a905724ad2aa18953f09882df3
  → Recovered missing Language ID for KLP via mapping: 06400ef3d7b040c19e96efe6c6c99991
  ✓ Resolved KLP link 'video:/Newborn management/danger_signs' → fd650f0a09ec44b5bd50942a2f05d91e
  ✓ Resolved KLP link 'video:/Newborn management/management_of_danger_signs' → 3f5b9034b6c6478fa19f8f6649f29b80
Updated KLP 'klp-1-danger-signs-breathing' -> cf5cc8f92ef746408e37e975802dc2d5
  ✓ Activated version: 5c90e18df805485e87e86cc06013b23c
  → Recovered missing Language ID for KLP via mapping: 06400ef3d7b040c19e96efe6c6c99991
  ✓ Resolved KLP link 'video:/Newborn management/danger_signs' → fd650f0a09ec44b5bd50942a2f05d91e
Updated KLP 'klp-2-grunting' -> 1aebf45af85c49498a4de9872981636a
  ✓ Activated version: fef81e5225014018b5d0297760b7d074
  → Recovered missing Language ID for KLP via mapping: 06400ef3d7b040c19e96efe6c6c99991
  ✓ Resolved KLP link 'video:/Newborn management/danger_signs' → fd650f0a09ec44b5bd50942a2f05d91e
Updated KLP 'klp-3-apnoea' -> fbf0d5c8884f42139d543e512d81bf8b
  ✓ Activated version: f56c37a433184b9cb5ec014a6dcdc5d9
  → Recovered missing Language ID for KLP via mapping: 06400ef3d7b040c19e96efe6c6c99991
  ✓ Resolved KLP link 'video:/Newborn management/danger_signs' → fd650f0a09ec44b5bd50942a2f05d91e
  ✓ Resolved KLP link 'video:/Newborn management/danger_signs' → fd650f0a09ec44b5bd50942a2f05d91e
Updated KLP 'klp-1-shock' -> 3ab370f3d60a4e35b5e94238fd873b74
  ✓ Activated version: 07a1f504ec27451eb047f8f15d5c9678
  → Recovered missing Language ID for KLP via mapping: 06400ef3d7b040c19e96efe6c6c99991
  ✓ Resolved KLP link 'video:/Newborn management/danger_signs' → fd650f0a09ec44b5bd50942a2f05d91e
  ✓ Resolved KLP link 'video:/Newborn management/danger_signs' → fd650f0a09ec44b5bd50942a2f05d91e
Updated KLP 'klp-1-disability' -> 6bfacfcdec384480b322652610a6bef1
  ✓ Activated version: f4cca9cda23249c48fbec8f00896b663
  → Recovered missing Language ID for KLP via mapping: 06400ef3d7b040c19e96efe6c6c99991
  ✓ Resolved KLP link 'video:/Newborn management/danger_signs' → fd650f0a09ec44b5bd50942a2f05d91e
Updated KLP 'klp-1-danger-signs-exposure' -> 30abae5609eb45afbbf7380be2df5b04
  ✓ Activated version: c3565ea12da24edb8dff75509ce328a1
  → Recovered missing Language ID for KLP via mapping: 06400ef3d7b040c19e96efe6c6c99991
  ✓ Resolved KLP link 'video:/Newborn management/danger_signs' → fd650f0a09ec44b5bd50942a2f05d91e
Updated KLP 'klp-3-jaundice' -> a4ebafaf2d194fe2bbc5482faa084e18
  ✓ Activated version: adf57bf49c564e78b237000a23b016d8
  → Recovered missing Language ID for KLP via mapping: 06400ef3d7b040c19e96efe6c6c99991
  ✓ Resolved KLP link 'video:/Newborn management/management_of_danger_signs' → 3f5b9034b6c6478fa19f8f6649f29b80
  ✓ Resolved KLP link 'video:/Newborn management/management_of_danger_signs' → 3f5b9034b6c6478fa19f8f6649f29b80
Updated KLP 'klp-3-management-case' -> 51f20a1096bc4cb9b10572a3a7553b1d
  ✓ Activated version: 6cac49380c854416a0e098d48f3f21b2
  → Recovered missing Language ID for KLP via mapping: 06400ef3d7b040c19e96efe6c6c99991
  ✓ Resolved KLP link 'video:/Newborn management/management_of_danger_signs' → 3f5b9034b6c6478fa19f8f6649f29b80
Updated KLP 'klp-1-obstructed-airways' -> 41ac5c712171408a82b9efc9407d69b9
  ✓ Activated version: d3d62dfd112d41559c48b9483cef4f3d
  → Recovered missing Language ID for KLP via mapping: 06400ef3d7b040c19e96efe6c6c99991
  ✓ Resolved KLP link 'video:/Newborn management/management_of_danger_signs' → 3f5b9034b6c6478fa19f8f6649f29b80
Updated KLP 'klp-3-management-breathing' -> 401be91d40244cc491182a6c1ac46884
  ✓ Activated version: 9d8d9c2db53f4e50910eec4151fc750f
  → Recovered missing Language ID for KLP via mapping: 06400ef3d7b040c19e96efe6c6c99991
  ✓ Resolved KLP link 'video:/Newborn management/management_of_danger_signs' → 3f5b9034b6c6478fa19f8f6649f29b80
  ✓ Resolved KLP link 'video:/Newborn management/management_of_danger_signs' → 3f5b9034b6c6478fa19f8f6649f29b80
Updated KLP 'klp-2-management-drowsy-and-unconscious' -> 5a31c56d3adc4f1a9965c403306c4835
  ✓ Activated version: 4e79a453ea0c4024ae4d81c67d5dffd9
  → Recovered missing Language ID for KLP via mapping: 06400ef3d7b040c19e96efe6c6c99991
  ✓ Resolved KLP link 'video:/Newborn management/management_of_danger_signs' → 3f5b9034b6c6478fa19f8f6649f29b80
  ✓ Resolved KLP link 'video:/Newborn management/management_of_danger_signs' → 3f5b9034b6c6478fa19f8f6649f29b80
Updated KLP 'klp-2-convulsions' -> e28f2401bc1a4fe791976d73bc7c923f
  ✓ Activated version: 78de363db8be440dbadd44d3dae86999
  → Recovered missing Language ID for KLP via mapping: 06400ef3d7b040c19e96efe6c6c99991
  ✓ Resolved KLP link 'drug:phenobarbital_1487158287290' → ee2e85a6881841dab0e74110c9fb7b01
Updated KLP 'klp-3-management-of-danger-signs' -> 26dfc755523f436caf1fceaa0ddbb966
  ✓ Activated version: 5380ada480af4f429e01477a594ce9c6
  → Recovered missing Language ID for KLP via mapping: 06400ef3d7b040c19e96efe6c6c99991
  ✓ Resolved KLP link 'video:/Newborn management/management_of_danger_signs' → 3f5b9034b6c6478fa19f8f6649f29b80
Updated KLP 'klp-2-management-jaundice' -> 22a9b62ceaa444e6b98902e822c6fef4
  ✓ Activated version: ee9e8e5027094e62bc4b2650b36e938b
  → Recovered missing Language ID for KLP via mapping: 06400ef3d7b040c19e96efe6c6c99991
  ✓ Resolved KLP link 'video:/Newborn management/management_of_danger_signs' → 3f5b9034b6c6478fa19f8f6649f29b80
Updated KLP 'klp-3-management-kangaroo-motherhood-care' -> df678fbaeea549b39199e80c97244b49
  ✓ Activated version: 25b6b0a52c7540718357a5d64e65c508
  → Recovered missing Language ID for KLP via mapping: 06400ef3d7b040c19e96efe6c6c99991
  ✓ Resolved KLP link 'video:/Newborn management/management_of_danger_signs' → 3f5b9034b6c6478fa19f8f6649f29b80
  ✓ Resolved KLP link 'video:/Newborn management/management_of_danger_signs' → 3f5b9034b6c6478fa19f8f6649f29b80
Updated KLP 'klp-3-management-infections' -> 8a23079ec73748abadc065cd446a3863
  ✓ Activated version: c4651530e0984211882789c6c2cce2b3
  → Recovered missing Language ID for KLP via mapping: 06400ef3d7b040c19e96efe6c6c99991
  ✓ Resolved KLP link 'video:/Newborn management/management_of_danger_signs' → 3f5b9034b6c6478fa19f8f6649f29b80
Updated KLP 'klp-2-risk-of-low-blood-sugar' -> 95a3de5bc0914263b18a55668aab1eff
  ✓ Activated version: bc5f509206dd4ef69a333b6eed1b8a98
  → Recovered missing Language ID for KLP via mapping: 06400ef3d7b040c19e96efe6c6c99991
  ✓ Resolved KLP link 'video:/Newborn management/management_of_danger_signs' → 3f5b9034b6c6478fa19f8f6649f29b80
Updated KLP 'klp-3-newborn-cannot-suck' -> d0d8ea4213174248a2ebd7c8fd38c988
  ✓ Activated version: 440f287fb7864c6997455b5cd2732c1e
  → Recovered missing Language ID for KLP via mapping: 06400ef3d7b040c19e96efe6c6c99991
  ✓ Resolved KLP link 'video:/Newborn management/management_of_danger_signs' → 3f5b9034b6c6478fa19f8f6649f29b80
Updated KLP 'klp-1-rural-facility-newborn-danger-signs' -> 51a856fa6b6344959a0dde99c01e9e15
  ✓ Activated version: 199e432dca6b4f8486f360ed240ebc21
  → Recovered missing Language ID for KLP via mapping: 06400ef3d7b040c19e96efe6c6c99991
  ✓ Resolved KLP link 'video:/Newborn management/initial_care_of_the_newborn' → ff4bb6f0cb4348fa855aa6c59c740673
Updated KLP 'klp-1-kangaroo-care' -> 14ae3996ead3407885c62f789e206efa
  ✓ Activated version: abcfa9e9f190410a9fabb35af7d939f2
  → Recovered missing Language ID for KLP via mapping: 06400ef3d7b040c19e96efe6c6c99991
  ✓ Resolved KLP link 'video:/Low birth weight/intro' → c072985d07d4405b8394baf44a0e543d
  ✓ Resolved KLP link 'video:/Low birth weight/intro' → c072985d07d4405b8394baf44a0e543d
Updated KLP 'klp-2-definition-of-low-birthweight' -> e50f799bde3e4a0b8ee90b8f56a2b1f7
  ✓ Activated version: b96f3a293fca447fba54308ffced33f3
  → Recovered missing Language ID for KLP via mapping: 06400ef3d7b040c19e96efe6c6c99991
  ✓ Resolved KLP link 'video:/Low birth weight/intro' → c072985d07d4405b8394baf44a0e543d
Updated KLP 'klp-1-preterm-presentation' -> 53514c0c59e846968822d6e8a9b257b7
  ✓ Activated version: dc42a59d2fc3483c97aeb64dbd17beeb
  → Recovered missing Language ID for KLP via mapping: 06400ef3d7b040c19e96efe6c6c99991
  ✓ Resolved KLP link 'video:/Low birth weight/initial_care_of_the_low_birth_weight' → db67b02df9f34fd486d1b0600cf220d3
  ✓ Resolved KLP link 'video:/Low birth weight/initial_care_of_the_low_birth_weight' → db67b02df9f34fd486d1b0600cf220d3
  ✓ Resolved KLP link 'video:/Low birth weight/initial_care_of_the_low_birth_weight' → db67b02df9f34fd486d1b0600cf220d3
  ✓ Resolved KLP link 'video:/Low birth weight/initial_care_of_the_low_birth_weight' → db67b02df9f34fd486d1b0600cf220d3
Updated KLP 'klp-1-initial-care-of-the-low-birth-weight' -> 7f7c20d7501e47dc89984bf67c5b1ee9
  ✓ Activated version: 86dcbec1d6244f0fb36b9a4b26469ff3
  → Recovered missing Language ID for KLP via mapping: 06400ef3d7b040c19e96efe6c6c99991
  ✓ Resolved KLP link 'video:/Low birth weight/kangaroo_mother_care' → dcd530de000949f1936869a12ff185bf
  ✓ Resolved KLP link 'video:/Low birth weight/kangaroo_mother_care' → dcd530de000949f1936869a12ff185bf
Updated KLP 'klp-1-what-is-kangaroo-mother-care' -> f2f74145f7c349eeb91345e8e1b057a4
  ✓ Activated version: dcd4d02a83ca4bff88e0e076bd798ac9
  → Recovered missing Language ID for KLP via mapping: 06400ef3d7b040c19e96efe6c6c99991
  ✓ Resolved KLP link 'video:/Low birth weight/kangaroo_mother_care' → dcd530de000949f1936869a12ff185bf
Updated KLP 'klp-2-how-to-kangaroo-mother-care' -> 327561f75017431a8a5424e140f578c9
  ✓ Activated version: 1788c4289d9f4a4b8fd881659985b60d
  → Recovered missing Language ID for KLP via mapping: 06400ef3d7b040c19e96efe6c6c99991
  ✓ Resolved KLP link 'video:/Low birth weight/kangaroo_mother_care' → dcd530de000949f1936869a12ff185bf
Updated KLP 'klp-3-discharge' -> 2e33d4157bd84609a3bb953bfe8aba6b
  ✓ Activated version: 1326b420bab04e699911c97f33e94c89
  → Recovered missing Language ID for KLP via mapping: 06400ef3d7b040c19e96efe6c6c99991
  ✓ Resolved KLP link 'video:/Low birth weight/feeding' → 99eb5f5dc58249c5b6101de0c12fea97
  ✓ Resolved KLP link 'video:/Low birth weight/feeding' → 99eb5f5dc58249c5b6101de0c12fea97
Updated KLP 'klp-2-feeding' -> 0b233a0ca1f540738b370370bb651ee5
  ✓ Activated version: b31f745151d44c8390213d1a378cf7db
  → Recovered missing Language ID for KLP via mapping: 06400ef3d7b040c19e96efe6c6c99991
  ✓ Resolved KLP link 'video:/Low birth weight/feeding' → 99eb5f5dc58249c5b6101de0c12fea97
  ✓ Resolved KLP link 'video:/Low birth weight/feeding' → 99eb5f5dc58249c5b6101de0c12fea97
Updated KLP 'klp-3-unable-to-suck' -> a51f534ae9364a4ca76cca4dc95db831
  ✓ Activated version: 365750666834452dace7f9ce43bb5d54
  → Recovered missing Language ID for KLP via mapping: 06400ef3d7b040c19e96efe6c6c99991
  ✓ Resolved action-card link 'action-card:pediatric-drugs-and-fluids_1486735917639' via suffix match → res-action-card-newborn-management-pediatric-drugs-and-fluids
  ✓ Resolved KLP link 'action-card:pediatric-drugs-and-fluids_1486735917639' → 9f7f7437d3f847528faf71e45bec1156
Updated KLP 'klp-1-feeding-schedule' -> 0fb868f2b561447692be6728e575580a
  ✓ Activated version: 551fecaebbfc460ebd603088a3af4805
  → Recovered missing Language ID for KLP via mapping: 06400ef3d7b040c19e96efe6c6c99991
  ✓ Resolved KLP link 'video:/Low birth weight/danger_signs' → 540e53995b3949588091406beabc182a
Updated KLP 'klp-1-non-responsive-newborn' -> c783e4507e1b4ea09b41011e3f131531
  ✓ Activated version: 882b7ff99dc0451b84446bf695dca03a
  → Recovered missing Language ID for KLP via mapping: 06400ef3d7b040c19e96efe6c6c99991
  ✓ Resolved KLP link 'video:/Low birth weight/danger_signs' → 540e53995b3949588091406beabc182a
Updated KLP 'klp-2-breathing' -> 27fb169b2f80470faab6047fbcb33c2f
  ✓ Activated version: b12e023ca9254876be82f23fbc141a79
  → Recovered missing Language ID for KLP via mapping: 06400ef3d7b040c19e96efe6c6c99991
  ✓ Resolved KLP link 'video:/Low birth weight/danger_signs' → 540e53995b3949588091406beabc182a
Updated KLP 'klp-1-rds-symptoms' -> 55757b734ede4d7f938eab7d50d74a32
  ✓ Activated version: 949ecd19b97740bf9177a87cab8832f7
  → Recovered missing Language ID for KLP via mapping: 06400ef3d7b040c19e96efe6c6c99991
  ✓ Resolved KLP link 'video:/Low birth weight/danger_signs' → 540e53995b3949588091406beabc182a
Updated KLP 'klp-2-rds-management' -> a2de46cf3d99422a95d75d2b92446bac
  ✓ Activated version: df884a276c934ac289f3f1acaf4e4b5e
  → Recovered missing Language ID for KLP via mapping: 06400ef3d7b040c19e96efe6c6c99991
  ✓ Resolved KLP link 'video:/Low birth weight/danger_signs' → 540e53995b3949588091406beabc182a
Updated KLP 'klp-3-cpap' -> e42649555ba6472cbf435577223fbc35
  ✓ Activated version: a7502a7b747c4d93b07af50fad03fb4e
  → Recovered missing Language ID for KLP via mapping: 06400ef3d7b040c19e96efe6c6c99991
  ✓ Resolved KLP link 'video:/Low birth weight/danger_signs' → 540e53995b3949588091406beabc182a
Updated KLP 'klp-1-rds-ab' -> 2986671c98524f5db95f6ebbb316854b
  ✓ Activated version: 3822234c53014b16a92931c069fea1d9
  → Recovered missing Language ID for KLP via mapping: 06400ef3d7b040c19e96efe6c6c99991
  ✓ Resolved KLP link 'video:/Low birth weight/danger_signs' → 540e53995b3949588091406beabc182a
Updated KLP 'klp-2-oxygen-therapy' -> 6e0e3e50407e49d78f8379a5e6f020a5
  ✓ Activated version: 070d37d4e08a44efb340b51883eb2a81
  → Recovered missing Language ID for KLP via mapping: 06400ef3d7b040c19e96efe6c6c99991
  ✓ Resolved KLP link 'video:/Low birth weight/danger_signs' → 540e53995b3949588091406beabc182a
Updated KLP 'klp-3-oxygen-saturation' -> 2a8fc4fecd5e41559e5f0034293f22f5
  ✓ Activated version: 0ccfcf113a2d40d590086fc4eaa5e958
  → Recovered missing Language ID for KLP via mapping: 06400ef3d7b040c19e96efe6c6c99991
  ✓ Resolved KLP link 'video:/Low birth weight/danger_signs' → 540e53995b3949588091406beabc182a
Updated KLP 'klp-2-oxygen-indication' -> 83c1f2e17a7045e9a66d68ed182f11f0
  ✓ Activated version: 89974507934742cebec4f0794d5fa246
  → Recovered missing Language ID for KLP via mapping: 06400ef3d7b040c19e96efe6c6c99991
  ✓ Resolved KLP link 'video:/Low birth weight/danger_signs' → 540e53995b3949588091406beabc182a
Updated KLP 'klp-1-grunting' -> 886d92d46b934e35845ad5f1887dcec5
  ✓ Activated version: e3d104b9d461492e9c918a8ced35fbcd
  → Recovered missing Language ID for KLP via mapping: 06400ef3d7b040c19e96efe6c6c99991
  ✓ Resolved KLP link 'drug:caffeine-citrate_1536653273361' → 8cb2f20981584886903513be5ecef365
Updated KLP 'klp-3-apnea-prevention' -> c7b6f8b2582c467681377b89405b0f94
  ✓ Activated version: 756a2c5a9e424c43beeec36415ecdd58
  → Recovered missing Language ID for KLP via mapping: 06400ef3d7b040c19e96efe6c6c99991
  ✓ Resolved KLP link 'video:/Low birth weight/danger_signs' → 540e53995b3949588091406beabc182a
Updated KLP 'klp-3-stable-newborn-management' -> 25b70e209e3d4693a5ab0243722dac1e
  ✓ Activated version: 615361969b8049c1975c30a34ce13874
  → Recovered missing Language ID for KLP via mapping: 06400ef3d7b040c19e96efe6c6c99991
  ✓ Resolved KLP link 'video:/Low birth weight/danger_signs' → 540e53995b3949588091406beabc182a
Updated KLP 'klp-3-jaundice' -> a4ebafaf2d194fe2bbc5482faa084e18
  ✓ Activated version: 035247799d8f49688d49bb3d711f515b
  → Recovered missing Language ID for KLP via mapping: 06400ef3d7b040c19e96efe6c6c99991
  ✓ Resolved KLP link 'video:/Low birth weight/danger_signs' → 540e53995b3949588091406beabc182a
Updated KLP 'klp-2-severe-jaundice' -> 13221beec1924bdb98cb2d83bc668698
  ✓ Activated version: 84c904bf77eb45148c9fd13b40ec2949
  → Recovered missing Language ID for KLP via mapping: 06400ef3d7b040c19e96efe6c6c99991
  ✓ Resolved KLP link 'video:/Low birth weight/danger_signs' → 540e53995b3949588091406beabc182a
Updated KLP 'klp-3-severe-jaundice-jaundice-treatment' -> aea43d4bd0b24bcc966c0db3cc589e43
  ✓ Activated version: 21439d6aec2a4250b5e1cdf6e5508cde
  → Recovered missing Language ID for KLP via mapping: 06400ef3d7b040c19e96efe6c6c99991
  ✓ Resolved KLP link 'video:/Low birth weight/danger_signs' → 540e53995b3949588091406beabc182a
Updated KLP 'klp-1-vomits' -> 9a0269dda404422789505f7ebe058130
  ✓ Activated version: 4b1d3eebfcba4e4aa84bda2d34ed3a24
  → Recovered missing Language ID for KLP via mapping: 06400ef3d7b040c19e96efe6c6c99991
  ✓ Resolved KLP link 'video:/Low birth weight/danger_signs' → 540e53995b3949588091406beabc182a
Updated KLP 'klp-2-necrotizing-enterocolitis' -> 041d7c89bae441ceb66fce742a5c5856
  ✓ Activated version: a3c800523a4f447384f48f941f029462
  → Recovered missing Language ID for KLP via mapping: 06400ef3d7b040c19e96efe6c6c99991
  ✓ Resolved KLP link 'video:/Low birth weight/danger_signs' → 540e53995b3949588091406beabc182a
Updated KLP 'klp-3-necrotizing-enterocolitis-management' -> 1e817c7f44034a909e447294a9b6f68f
  ✓ Activated version: aec73419a6fe479699c40060cdc6e46b
  → Recovered missing Language ID for KLP via mapping: 06400ef3d7b040c19e96efe6c6c99991
  ✓ Resolved KLP link 'video:/Low birth weight/danger_signs' → 540e53995b3949588091406beabc182a
Updated KLP 'klp-3-necrotizing-enterocolitis-ab' -> 3d4ff90c2da04d2c91f00b628b9d19ea
  ✓ Activated version: 7aa8f0d06adf4cbfac7ab4eea532b5af
  → Recovered missing Language ID for KLP via mapping: 06400ef3d7b040c19e96efe6c6c99991
  ✓ Resolved KLP link 'video:/Low birth weight/danger_signs' → 540e53995b3949588091406beabc182a
Updated KLP 'klp-1-lbw-infection' -> 9f695b50db8045c0b84adc1b2407fb59
  ✓ Activated version: befe8a8345884adc8b9b686fa308e654
  → Recovered missing Language ID for KLP via mapping: 06400ef3d7b040c19e96efe6c6c99991
  ✓ Resolved KLP link 'video:/Low birth weight/danger_signs' → 540e53995b3949588091406beabc182a
Updated KLP 'klp-3-lbw-infection-treatment' -> 3d8fe96ad66145a7bb29aaf59679384c
  ✓ Activated version: f3a586f9be3648389532aa49d0e9c74f
  → Recovered missing Language ID for KLP via mapping: 06400ef3d7b040c19e96efe6c6c99991
  ✓ Resolved KLP link 'video:/Low birth weight/danger_signs' → 540e53995b3949588091406beabc182a
Updated KLP 'klp-2-severe-infection' -> 1996d232c1344b4ea49d2ee8c8920ec0
  ✓ Activated version: 91efe214772e436b969b5b88c88f1064
  → Recovered missing Language ID for KLP via mapping: 06400ef3d7b040c19e96efe6c6c99991
  ✓ Resolved KLP link 'video:/Low birth weight/referral' → 3a4490b366f34c978afdd63dce9d878b
Updated KLP 'klp-1-referral-indications' -> 6d1620ac23e9418986112c1f058e5462
  ✓ Activated version: cc119e78efef470fa796774bf99b9597
  → Recovered missing Language ID for KLP via mapping: 06400ef3d7b040c19e96efe6c6c99991
  ✓ Resolved KLP link 'video:/Low birth weight/referral' → 3a4490b366f34c978afdd63dce9d878b
Updated KLP 'klp-2-referral-safety-rules' -> 3fdf8d6e4e35416092c99727682a3fba
  ✓ Activated version: da89b0949af644a384abd9935db1b8dc
  → Recovered missing Language ID for KLP via mapping: 06400ef3d7b040c19e96efe6c6c99991
  ✓ Resolved KLP link 'video:/Low birth weight/referral' → 3a4490b366f34c978afdd63dce9d878b
Updated KLP 'klp-2-referral-warmth' -> ce2032975a884a1aa48910e735a8a602
  ✓ Activated version: 1468fb00f8d94661b0d9e756b64d160c
  → Recovered missing Language ID for KLP via mapping: 06400ef3d7b040c19e96efe6c6c99991
  ✓ Resolved KLP link 'video:/Low birth weight/referral' → 3a4490b366f34c978afdd63dce9d878b
Updated KLP 'klp-3-referral-no-option' -> f72a025462824991ad8b6d5c15a26839
  ✓ Activated version: fa677643826d43429a2303e84450f113
  → Recovered missing Language ID for KLP via mapping: 06400ef3d7b040c19e96efe6c6c99991
  ✓ Resolved KLP link 'video:/Low birth weight/respectful_care' → 25823a8c5024448cb4a7da31d07ce8ee
Updated KLP 'klp-1-respectful-care' -> 998b5c608c004625b7dfc683582ce087
  ✓ Activated version: cf01b3cffae74acf84f15b66b79102a5
  → Recovered missing Language ID for KLP via mapping: 06400ef3d7b040c19e96efe6c6c99991
  ✓ Resolved KLP link 'video:/Female genital mutilation/intro' → d7c4efff9c3f460b94439680210833f0
Updated KLP 'klp-1-fgm-is-an-unhealthy-practice' -> 630affe8ab664ebd8423682d9e1b5c39
  ✓ Activated version: 885c32fa21624683a88a32da31acbc55
  → Recovered missing Language ID for KLP via mapping: 06400ef3d7b040c19e96efe6c6c99991
  ✓ Resolved KLP link 'video:/Female genital mutilation/immediate_health_risks' → 520e7f232691406da02e468131a0a462
Updated KLP 'klp-1-fgm-is-a-dangerous-practice' -> 87ac5856e82041e083d8439296af1bc2
  ✓ Activated version: 42b00c2e5c9e423799c3556faf4f0659
  → Recovered missing Language ID for KLP via mapping: 06400ef3d7b040c19e96efe6c6c99991
  ✓ Resolved KLP link 'video:/Female genital mutilation/intro' → d7c4efff9c3f460b94439680210833f0
Updated KLP 'klp-2-fgm-is-forbidden' -> 81f798f2fa454dde81f66ae5cbcb6503
  ✓ Activated version: e5a62443d262487ba217fbee90e9fd6d
  → Recovered missing Language ID for KLP via mapping: 06400ef3d7b040c19e96efe6c6c99991
  ✓ Resolved KLP link 'video:/Female genital mutilation/the_types_of_fgm' → 7a68af5c41764d73bc4cfab09d7746ac
Updated KLP 'klp-1-four-types-of-fgm' -> 7de31a71734e421bbe36c64eb2c6f355
  ✓ Activated version: 2fef7623bfa346eea7c59781f1482e02
  → Recovered missing Language ID for KLP via mapping: 06400ef3d7b040c19e96efe6c6c99991
  ✓ Resolved KLP link 'video:/Female genital mutilation/the_types_of_fgm' → 7a68af5c41764d73bc4cfab09d7746ac
Updated KLP 'klp-3-mix-of-the-types' -> eb8578e252464d928edc45ac76954492
  ✓ Activated version: 63d591551d2344b4b8af66080ecfced1
  → Recovered missing Language ID for KLP via mapping: 06400ef3d7b040c19e96efe6c6c99991
  ✓ Resolved KLP link 'video:/Female genital mutilation/the_types_of_fgm' → 7a68af5c41764d73bc4cfab09d7746ac
Updated KLP 'klp-2-type-1' -> 6c299790abf24af9b4b0fe369aac9453
  ✓ Activated version: f1b57cc3b41146b0bd1f98727611503e
  → Recovered missing Language ID for KLP via mapping: 06400ef3d7b040c19e96efe6c6c99991
  ✓ Resolved KLP link 'video:/Female genital mutilation/the_types_of_fgm' → 7a68af5c41764d73bc4cfab09d7746ac
Updated KLP 'klp-2-type-2' -> 06fb779103b64b1d810d1efb3cd57264
  ✓ Activated version: f551f7dfa68f4248b6bf41ae8e6252bd
  → Recovered missing Language ID for KLP via mapping: 06400ef3d7b040c19e96efe6c6c99991
  ✓ Resolved KLP link 'video:/Female genital mutilation/the_types_of_fgm' → 7a68af5c41764d73bc4cfab09d7746ac
Updated KLP 'klp-2-type-3' -> 7e7eeddf45d9487aa85ff99dbc37585b
  ✓ Activated version: a9cf659e19f548d4a08ae842aa82e46f
  → Recovered missing Language ID for KLP via mapping: 06400ef3d7b040c19e96efe6c6c99991
  ✓ Resolved KLP link 'video:/Female genital mutilation/the_types_of_fgm' → 7a68af5c41764d73bc4cfab09d7746ac
Updated KLP 'klp-2-type-4' -> 4602cf252b6b4485a319338f41052a57
  ✓ Activated version: 23fa0a93b2f04cd6abba8c63634a5ab7
  → Recovered missing Language ID for KLP via mapping: 06400ef3d7b040c19e96efe6c6c99991
  ✓ Resolved KLP link 'video:/Female genital mutilation/the_types_of_fgm' → 7a68af5c41764d73bc4cfab09d7746ac
  ✓ Resolved KLP link 'video:/Female genital mutilation/the_types_of_fgm' → 7a68af5c41764d73bc4cfab09d7746ac
Updated KLP 'klp-1-type-2-becomes-type-3' -> 3812d5e5a3c14a06a14d5e68e1abfd89
  ✓ Activated version: fbdeb66b66504966a3bc88eb9f82d1df
  → Recovered missing Language ID for KLP via mapping: 06400ef3d7b040c19e96efe6c6c99991
  ✓ Resolved KLP link 'video:/Female genital mutilation/immediate_health_risks' → 520e7f232691406da02e468131a0a462
Updated KLP 'klp-1-immediate-health-risk' -> c17bb015edb64d179ffa84691e79fe13
  ✓ Activated version: 5fa53843ff784203a74260346b37ef26
  → Recovered missing Language ID for KLP via mapping: 06400ef3d7b040c19e96efe6c6c99991
  ✓ Resolved KLP link 'video:/Female genital mutilation/immediate_health_risks' → 520e7f232691406da02e468131a0a462
Updated KLP 'klp-2-fgm-and-infertility' -> 53a45e47cc8c486783d1c439bd53147f
  ✓ Activated version: e176b5d5ec994f8a8f40895606ece605
  → Recovered missing Language ID for KLP via mapping: 06400ef3d7b040c19e96efe6c6c99991
  ✓ Resolved KLP link 'video:/Female genital mutilation/immediate_health_risks' → 520e7f232691406da02e468131a0a462
Updated KLP 'klp-1-long-term-consequences' -> d0350c2b755944bf96f97c1247c57168
  ✓ Activated version: 8a207d4a3d8249f5bb09c541518beaf0
  → Recovered missing Language ID for KLP via mapping: 06400ef3d7b040c19e96efe6c6c99991
  ✓ Resolved KLP link 'video:/Female genital mutilation/birth_complications' → f99d2a02d2404d51b968b0fb23641ea1
Updated KLP 'klp-3-fgm-antenatal' -> 6630086d3292436380dc0bd6b188b8d2
  ✓ Activated version: 47f311cb7a624940a2d109ad8672d6c3
  → Recovered missing Language ID for KLP via mapping: 06400ef3d7b040c19e96efe6c6c99991
  ✓ Resolved KLP link 'video:/Female genital mutilation/birth_complications' → f99d2a02d2404d51b968b0fb23641ea1
Updated KLP 'klp-3-birth-complications' -> 190e563ccdf34b9182ab6671f032559a
  ✓ Activated version: 142713850b5947948c75f710715bdee8
  → Recovered missing Language ID for KLP via mapping: 06400ef3d7b040c19e96efe6c6c99991
  ✓ Resolved KLP link 'video:/Female genital mutilation/birth_complications' → f99d2a02d2404d51b968b0fb23641ea1
Updated KLP 'klp-1-why-birth-complications' -> ebdb92f5edde440d8643aadcbb18dc3c
  ✓ Activated version: f9546e674fcd4662b5b47e65f8de586a
  → Recovered missing Language ID for KLP via mapping: 06400ef3d7b040c19e96efe6c6c99991
  ✓ Resolved KLP link 'video:/Female genital mutilation/management_of_a_pregnant_woman_with_fgm' → e60898ef52d04aa0ad45171af2c7c8c2
Updated KLP 'klp-1-urethra' -> 6098b2344e8d41f694cf85d0ef570f60
  ✓ Activated version: 28bdfc75975043fe87feda2443d6ce1b
  → Recovered missing Language ID for KLP via mapping: 06400ef3d7b040c19e96efe6c6c99991
  ✓ Resolved KLP link 'video:/Female genital mutilation/deinfibulation' → e310b21ad1014b7a9a57af4f45755bcc
Updated KLP 'klp-3-deinfibulation-and-urethra' -> e7a82592b2ce47719ebe6b8097bd8371
  ✓ Activated version: afb222b1b751403080aa702ecfb22952
  → Recovered missing Language ID for KLP via mapping: 06400ef3d7b040c19e96efe6c6c99991
  ✓ Resolved KLP link 'video:/Female genital mutilation/deinfibulation' → e310b21ad1014b7a9a57af4f45755bcc
Updated KLP 'klp-2-steps-for-deinfibulation' -> 7c7f2d5b8213465d96f17180cecc081a
  ✓ Activated version: 73b0ca9f30cf43c894896fc14d26715f
  → Recovered missing Language ID for KLP via mapping: 06400ef3d7b040c19e96efe6c6c99991
  ✓ Resolved KLP link 'video:/Female genital mutilation/deinfibulation' → e310b21ad1014b7a9a57af4f45755bcc
Updated KLP 'klp-3-interrupted-sutures' -> 3c38bd10898248749b63ee16092a43c8
  ✓ Activated version: ba5fb1ea34fa44e08263df0ac63fe088
  → Recovered missing Language ID for KLP via mapping: 06400ef3d7b040c19e96efe6c6c99991
  ✓ Resolved KLP link 'video:/Female genital mutilation/deinfibulation' → e310b21ad1014b7a9a57af4f45755bcc
Updated KLP 'klp-1-analgesia-after-deinfibulation' -> 9fd583ddea5642449b78f5eeadbb7661
  ✓ Activated version: 38ef4da60f1749cb9f9984e81132527f
  → Recovered missing Language ID for KLP via mapping: 06400ef3d7b040c19e96efe6c6c99991
  ✓ Resolved KLP link 'video:/Female genital mutilation/deinfibulation' → e310b21ad1014b7a9a57af4f45755bcc
Updated KLP 'klp-3-hygiene-for-deinfibulation' -> 836a2b0f5df5493e9efc7b62d1101fc6
  ✓ Activated version: 026e524cb6724e9fa66bf3ad1ae715fb
  → Recovered missing Language ID for KLP via mapping: 06400ef3d7b040c19e96efe6c6c99991
  ✓ Resolved KLP link 'video:/Female genital mutilation/management_of_a_pregnant_woman_with_fgm' → e60898ef52d04aa0ad45171af2c7c8c2
Updated KLP 'klp-2-antenatal-deinfibulation' -> a9f0a247809146df9817f1a72dd5e1c4
  ✓ Activated version: 8b3a3fea2d714686b659a20c239e88ba
  → Recovered missing Language ID for KLP via mapping: 06400ef3d7b040c19e96efe6c6c99991
  ✓ Resolved KLP link 'video:/Female genital mutilation/management_of_a_pregnant_woman_with_fgm' → e60898ef52d04aa0ad45171af2c7c8c2
Updated KLP 'klp-2-when-antenatal-deinfibulation' -> dc329caef0bd4fd584f8962fd1bb9c83
  ✓ Activated version: 29a5cda4a2fb493b8bfd3e0556c6e8b7
  → Recovered missing Language ID for KLP via mapping: 06400ef3d7b040c19e96efe6c6c99991
  ✓ Resolved KLP link 'video:/Female genital mutilation/management_of_a_pregnant_woman_with_fgm' → e60898ef52d04aa0ad45171af2c7c8c2
Updated KLP 'klp-3-whom-to-deinfibulate-at-birth' -> cec0a369d1594fd4827349defff34056
  ✓ Activated version: 446e24c6a94740adbc2aab7808f7ed2f
  → Recovered missing Language ID for KLP via mapping: 06400ef3d7b040c19e96efe6c6c99991
  ✓ Resolved KLP link 'video:/Female genital mutilation/labour_with_fgm' → 1c25452740c9420a9a6c0a657768f508
Updated KLP 'klp-2-when-deinfibulation-at-birth' -> c156d0741d73417bbeb563b2713d2ebc
  ✓ Activated version: 6175d09ecf6b479a8e4275e8b16311e7
  → Recovered missing Language ID for KLP via mapping: 06400ef3d7b040c19e96efe6c6c99991
  ✓ Resolved KLP link 'video:/Female genital mutilation/labour_with_fgm' → 1c25452740c9420a9a6c0a657768f508
Updated KLP 'klp-3-deinfibulation-and-second-stage' -> aeb1130e8cf84ca6ac097f24dd79b11c
  ✓ Activated version: 0bc8009863924c40986478e45ace212f
  → Recovered missing Language ID for KLP via mapping: 06400ef3d7b040c19e96efe6c6c99991
  ✓ Resolved KLP link 'video:/Female genital mutilation/labour_with_fgm' → 1c25452740c9420a9a6c0a657768f508
  ✓ Resolved KLP link 'video:/Female genital mutilation/labour_with_fgm' → 1c25452740c9420a9a6c0a657768f508
Updated KLP 'klp-2-episiotomy' -> ff6e307e6ab94bc5ad3b3af82a0d82c0
  ✓ Activated version: 96b0ebd9192743ada3067a86b92be75d
  → Recovered missing Language ID for KLP via mapping: 06400ef3d7b040c19e96efe6c6c99991
  ✓ Resolved KLP link 'video:/Female genital mutilation/labour_with_fgm' → 1c25452740c9420a9a6c0a657768f508
Updated KLP 'klp-1-episiotomy-procedure' -> fcc3725cc43b40ccae22a2dc8c1d6021
  ✓ Activated version: ee693d43907d4b72a63e7812ffb0a552
  → Recovered missing Language ID for KLP via mapping: 06400ef3d7b040c19e96efe6c6c99991
  ✓ Resolved KLP link 'video:/Female genital mutilation/labour_with_fgm' → 1c25452740c9420a9a6c0a657768f508
Updated KLP 'klp-1-forbidden-re-infibulation' -> 2a6973b741d5495f98a7e08092daff1e
  ✓ Activated version: c5c8ebcad6054fa6b4d9c517d62c6651
  → Recovered missing Language ID for KLP via mapping: 06400ef3d7b040c19e96efe6c6c99991
  ✓ Resolved KLP link 'video:/Female genital mutilation/counsel_the_woman_and_her_husband' → 850cf72a6b1e498da3cb1ae97573780e
Updated KLP 'klp-3-wash-after-deinfibulation' -> 878181a1bcb74b45a1aac8bc767d79f5
  ✓ Activated version: 01678319323a4511ae3d34ecfbb72963
  → Recovered missing Language ID for KLP via mapping: 06400ef3d7b040c19e96efe6c6c99991
  ✓ Resolved KLP link 'video:/Female genital mutilation/counsel_the_woman_and_her_husband' → 850cf72a6b1e498da3cb1ae97573780e
Updated KLP 'klp-3-how-to-wash' -> 852c9124272e4a3c902789adf6e45edb
  ✓ Activated version: b75dd7e4e7014c4f8901d142ae7c1130
  → Recovered missing Language ID for KLP via mapping: 06400ef3d7b040c19e96efe6c6c99991
  ✓ Resolved KLP link 'video:/Female genital mutilation/counsel_the_woman_and_her_husband' → 850cf72a6b1e498da3cb1ae97573780e
Updated KLP 'klp-1-re-infibulation-no-health-benefits' -> 21637e8e552e4951a6dfd3899d052680
  ✓ Activated version: e9562582530c4f768008380e323588ba
  → Recovered missing Language ID for KLP via mapping: 06400ef3d7b040c19e96efe6c6c99991
  ✓ Resolved KLP link 'video:/Female genital mutilation/counsel_the_woman_and_her_husband' → 850cf72a6b1e498da3cb1ae97573780e
Updated KLP 'klp-3-re-infibulation-is-a-health-risk' -> 243a94a2066445c6ac54b2948a1b80b3
  ✓ Activated version: 9bc94a4097a646f28bab7df8de279a49
  → Recovered missing Language ID for KLP via mapping: 06400ef3d7b040c19e96efe6c6c99991
  ✓ Resolved KLP link 'video:/Female genital mutilation/counsel_the_woman_and_her_husband' → 850cf72a6b1e498da3cb1ae97573780e
Updated KLP 'klp-3-healthcare-worker-fgm-knowledge' -> ca332fabf4a24457ac872ae1788949ab
  ✓ Activated version: ec9fb6480c8a4db68e0131cc5fd40095
  → Recovered missing Language ID for KLP via mapping: 06400ef3d7b040c19e96efe6c6c99991
  ✓ Resolved KLP link 'video:/Female genital mutilation/counsel_the_woman_and_her_husband' → 850cf72a6b1e498da3cb1ae97573780e
Updated KLP 'klp-2-no-fgm-for-newborn-girl' -> c4b6213b5b364658b47849a5432f5ca1
  ✓ Activated version: 921f3df842564d7aafa35736abd8abf5

=== STEP 4: Post Modules ===
Loaded 21 existing module mappings

📋 Modules to be processed:
    1. [PATCH (aff65399296e4f868e7acd7ba06a777d)] COVID-19  (mod-covid-19)  [🌍 2d9ef8a4...]
    2. [PATCH (23797e3082584b668def13e0e07153e2)] Infection Prevention  (mod-infection-prevention)  [🌍 2d9ef8a4...]
    3. [PATCH (b61ec3c00af14144aa450181f99b04f9)] Post Abortion Care  (mod-post-abortion-care)  [🌍 2d9ef8a4...]
    4. [PATCH (06c86234427f400aa4d0faa89db0042b)] Hypertension  (mod-hypertension)  [🌍 2d9ef8a4...]
    5. [PATCH (9039beed1f1344b98ef2791eef464521)] Normal Labour and Birth  (mod-normal-labour-and-birth)  [🌍 2d9ef8a4...]
    6. [PATCH (2398966e5ad04b7a8ca4b1d8fa5d9d5a)] Active Management of Third Stage Labour  (mod-active-management-of-third-stage-labour)  [🌍 2d9ef8a4...]
    7. [PATCH (2e06113c65e143ecbe0079db43cca836)] Prolonged Labour  (mod-prolonged-labour)  [🌍 2d9ef8a4...]
    8. [PATCH (b06901908baa45da945932ddaee9a687)] Post Partum Hemorrhage  (mod-post-partum-hemorrhage)  [🌍 2d9ef8a4...]
    9. [PATCH (9543dedfdf624f6cbd6cbcfcd884b831)] Manual Removal of Placenta  (mod-manual-removal-of-placenta)  [🌍 2d9ef8a4...]
   10. [PATCH (e1c53f1d9deb4bddb3dc2f483a5563e3)] Maternal Sepsis  (mod-maternal-sepsis)  [🌍 2d9ef8a4...]
   11. [PATCH (bf13284c87324027984bad13d9ff2b0b)] Neonatal Resuscitation  (mod-neonatal-resuscitation)  [🌍 2d9ef8a4...]
   12. [PATCH (7e11192051d24aeb8eb8c2f4a211b768)] Newborn Management  (mod-newborn-management)  [🌍 2d9ef8a4...]
   13. [PATCH (5e675325027a4c46803363dfaf1abaec)] Low Birth Weight  (mod-low-birth-weight)  [🌍 2d9ef8a4...]
   14. [PATCH (4bb8465d789b42888c064c6934df864f)] Female Genital Mutilation  (mod-female-genital-mutilation)  [🌍 2d9ef8a4...]


  📋 Module 'COVID-19' [mod-covid-19] resource resolution:
     Videos:     1 slugs → 1 IDs
     ActionCards:3 slugs → 3 IDs
     Procedures: 8 slugs → 8 IDs
     Drugs:      0 slugs → 0 IDs
     KLPs:       35 slugs → 35 IDs
     (sample action_card ID: 20431c8ddbce455aae84863775f4244b)
  🔄 PATCH → http://135.225.105.160:8005/modules/aff65399296e4f868e7acd7ba06a777d
     Payload resource counts: videos=1, action_cards=3, procedures=8, drugs=0, klps=35
     language_id=06400ef3d7b040c19e96efe6c6c99991, region=mena, content_type=translated
  📨 Response: 200
Updated module 'COVID-19'
  ✓ Activated module version: e9b6ec37ed6c4d8aadafa8f7c60a4dbb

  📋 Module 'Infection Prevention' [mod-infection-prevention] resource resolution:
     Videos:     9 slugs → 9 IDs
     ActionCards:0 slugs → 0 IDs
     Procedures: 1 slugs → 1 IDs
     Drugs:      1 slugs → 1 IDs
     KLPs:       36 slugs → 36 IDs
     (sample drug ID: c931d5e9c6b845e38cd7ad943daa9c05)
  🔄 PATCH → http://135.225.105.160:8005/modules/23797e3082584b668def13e0e07153e2
     Payload resource counts: videos=9, action_cards=0, procedures=1, drugs=1, klps=36
     language_id=06400ef3d7b040c19e96efe6c6c99991, region=mena, content_type=translated
  📨 Response: 200
Updated module 'Infection Prevention'
  ✓ Activated module version: b7ddaa742a25477e9b96ac91659ce9f4

  📋 Module 'Post Abortion Care' [mod-post-abortion-care] resource resolution:
     Videos:     5 slugs → 5 IDs
     ActionCards:5 slugs → 5 IDs
     Procedures: 2 slugs → 2 IDs
     Drugs:      7 slugs → 7 IDs
     KLPs:       36 slugs → 36 IDs
     (sample action_card ID: 85ac5351c9534af3bc580c5dc27bd23a)
     (sample drug ID: 43bb1ffca2dd4cc39ad053f7a3c6fcc1)
  🔄 PATCH → http://135.225.105.160:8005/modules/b61ec3c00af14144aa450181f99b04f9
     Payload resource counts: videos=5, action_cards=5, procedures=2, drugs=7, klps=36
     language_id=06400ef3d7b040c19e96efe6c6c99991, region=mena, content_type=translated
  📨 Response: 200
Updated module 'Post Abortion Care'
  ✓ Activated module version: 160ffbe0f62f45f2ba1d55922ec18dfb

  📋 Module 'Hypertension' [mod-hypertension] resource resolution:
     Videos:     6 slugs → 6 IDs
     ActionCards:4 slugs → 4 IDs
     Procedures: 2 slugs → 2 IDs
     Drugs:      8 slugs → 8 IDs
     KLPs:       36 slugs → 36 IDs
     (sample action_card ID: 452c591b18054e5e970947415b13a795)
     (sample drug ID: 042917dc302749ff84d221bf6529136d)
  🔄 PATCH → http://135.225.105.160:8005/modules/06c86234427f400aa4d0faa89db0042b
     Payload resource counts: videos=6, action_cards=4, procedures=2, drugs=8, klps=36
     language_id=06400ef3d7b040c19e96efe6c6c99991, region=mena, content_type=translated
  📨 Response: 200
Updated module 'Hypertension'
  ✓ Activated module version: 32248cae345f4845bdd24d30a88ecb82

  📋 Module 'Normal Labour and Birth' [mod-normal-labour-and-birth] resource resolution:
     Videos:     8 slugs → 8 IDs
     ActionCards:0 slugs → 0 IDs
     Procedures: 6 slugs → 6 IDs
     Drugs:      2 slugs → 2 IDs
     KLPs:       35 slugs → 35 IDs
     (sample drug ID: 8134a1b103c64d459f5a22ef0859a669)
  🔄 PATCH → http://135.225.105.160:8005/modules/9039beed1f1344b98ef2791eef464521
     Payload resource counts: videos=8, action_cards=0, procedures=6, drugs=2, klps=35
     language_id=06400ef3d7b040c19e96efe6c6c99991, region=mena, content_type=translated
  📨 Response: 200
Updated module 'Normal Labour and Birth'
  ✓ Activated module version: fcbc5b764b264480b3449cd7868a9c2f

  📋 Module 'Active Management of Third Stage Labour' [mod-active-management-of-third-stage-labour] resource resolution:
     Videos:     7 slugs → 7 IDs
     ActionCards:2 slugs → 2 IDs
     Procedures: 1 slugs → 1 IDs
     Drugs:      5 slugs → 5 IDs
     KLPs:       36 slugs → 36 IDs
     (sample action_card ID: 4913403514e9444b942a1c7fa5ab07df)
     (sample drug ID: 7f979a838f724fbc824cf4e8870208a7)
  🔄 PATCH → http://135.225.105.160:8005/modules/2398966e5ad04b7a8ca4b1d8fa5d9d5a
     Payload resource counts: videos=7, action_cards=2, procedures=1, drugs=5, klps=36
     language_id=06400ef3d7b040c19e96efe6c6c99991, region=mena, content_type=translated
  📨 Response: 200
Updated module 'Active Management of Third Stage Labour'
  ✓ Activated module version: 3ed829e2bb7a452f8c2ff6137d613488

  📋 Module 'Prolonged Labour' [mod-prolonged-labour] resource resolution:
     Videos:     6 slugs → 6 IDs
     ActionCards:4 slugs → 4 IDs
     Procedures: 3 slugs → 3 IDs
     Drugs:      1 slugs → 1 IDs
     KLPs:       36 slugs → 36 IDs
     (sample action_card ID: 5ce558be037c46c989da5f8e208e715e)
     (sample drug ID: 8134a1b103c64d459f5a22ef0859a669)
  🔄 PATCH → http://135.225.105.160:8005/modules/2e06113c65e143ecbe0079db43cca836
     Payload resource counts: videos=6, action_cards=4, procedures=3, drugs=1, klps=36
     language_id=06400ef3d7b040c19e96efe6c6c99991, region=mena, content_type=translated
  📨 Response: 200
Updated module 'Prolonged Labour'
  ✓ Activated module version: 260ad65b1f4147bb95b8099f38baaaa5

  📋 Module 'Post Partum Hemorrhage' [mod-post-partum-hemorrhage] resource resolution:
     Videos:     10 slugs → 10 IDs
     ActionCards:5 slugs → 5 IDs
     Procedures: 3 slugs → 3 IDs
     Drugs:      9 slugs → 9 IDs
     KLPs:       35 slugs → 35 IDs
     (sample action_card ID: 7bd8b32b3d204b99a96fefc4b3076dd4)
     (sample drug ID: 43bb1ffca2dd4cc39ad053f7a3c6fcc1)
  🔄 PATCH → http://135.225.105.160:8005/modules/b06901908baa45da945932ddaee9a687
     Payload resource counts: videos=10, action_cards=5, procedures=3, drugs=9, klps=35
     language_id=06400ef3d7b040c19e96efe6c6c99991, region=mena, content_type=translated
  📨 Response: 200
Updated module 'Post Partum Hemorrhage'
  ✓ Activated module version: 38af74fa4dab49ebba61ea7a88678e46

  📋 Module 'Manual Removal of Placenta' [mod-manual-removal-of-placenta] resource resolution:
     Videos:     7 slugs → 7 IDs
     ActionCards:1 slugs → 1 IDs
     Procedures: 2 slugs → 2 IDs
     Drugs:      8 slugs → 8 IDs
     KLPs:       36 slugs → 36 IDs
     (sample action_card ID: 9f32f51d326f405598f8fd31016426c6)
     (sample drug ID: 43bb1ffca2dd4cc39ad053f7a3c6fcc1)
  🔄 PATCH → http://135.225.105.160:8005/modules/9543dedfdf624f6cbd6cbcfcd884b831
     Payload resource counts: videos=7, action_cards=1, procedures=2, drugs=8, klps=36
     language_id=06400ef3d7b040c19e96efe6c6c99991, region=mena, content_type=translated
  📨 Response: 200
Updated module 'Manual Removal of Placenta'
  ✓ Activated module version: da594de50f3240a2b5625d4ee3a4223d

  📋 Module 'Maternal Sepsis' [mod-maternal-sepsis] resource resolution:
     Videos:     6 slugs → 6 IDs
     ActionCards:6 slugs → 6 IDs
     Procedures: 1 slugs → 1 IDs
     Drugs:      11 slugs → 11 IDs
     KLPs:       36 slugs → 36 IDs
     (sample action_card ID: bae18cccac614d51838abc2224ace2dc)
     (sample drug ID: 43bb1ffca2dd4cc39ad053f7a3c6fcc1)
  🔄 PATCH → http://135.225.105.160:8005/modules/e1c53f1d9deb4bddb3dc2f483a5563e3
     Payload resource counts: videos=6, action_cards=6, procedures=1, drugs=11, klps=36
     language_id=06400ef3d7b040c19e96efe6c6c99991, region=mena, content_type=translated
  📨 Response: 200
Updated module 'Maternal Sepsis'
  ✓ Activated module version: c1ba942dda5546308cda2976fc826f3d

  📋 Module 'Neonatal Resuscitation' [mod-neonatal-resuscitation] resource resolution:
     Videos:     6 slugs → 6 IDs
     ActionCards:4 slugs → 4 IDs
     Procedures: 0 slugs → 0 IDs
     Drugs:      4 slugs → 4 IDs
     KLPs:       36 slugs → 36 IDs
     (sample action_card ID: 432cb4ead25243aa8dce185291fbafdb)
     (sample drug ID: 43bb1ffca2dd4cc39ad053f7a3c6fcc1)
  🔄 PATCH → http://135.225.105.160:8005/modules/bf13284c87324027984bad13d9ff2b0b
     Payload resource counts: videos=6, action_cards=4, procedures=0, drugs=4, klps=36
     language_id=06400ef3d7b040c19e96efe6c6c99991, region=mena, content_type=translated
  📨 Response: 200
Updated module 'Neonatal Resuscitation'
  ✓ Activated module version: 16aa62da276b4ef4934bd5a780f85415

  📋 Module 'Newborn Management' [mod-newborn-management] resource resolution:
     Videos:     5 slugs → 5 IDs
     ActionCards:9 slugs → 9 IDs
     Procedures: 2 slugs → 2 IDs
     Drugs:      9 slugs → 9 IDs
     KLPs:       36 slugs → 36 IDs
     (sample action_card ID: 4c87c436ae1e467eab670a23e28625ef)
     (sample drug ID: 43bb1ffca2dd4cc39ad053f7a3c6fcc1)
  🔄 PATCH → http://135.225.105.160:8005/modules/7e11192051d24aeb8eb8c2f4a211b768
     Payload resource counts: videos=5, action_cards=9, procedures=2, drugs=9, klps=36
     language_id=06400ef3d7b040c19e96efe6c6c99991, region=mena, content_type=translated
  📨 Response: 200
Updated module 'Newborn Management'
  ✓ Activated module version: 6478aaa82c334b31b68efdeece1af4d4

  📋 Module 'Low Birth Weight' [mod-low-birth-weight] resource resolution:
     Videos:     7 slugs → 7 IDs
     ActionCards:6 slugs → 6 IDs
     Procedures: 2 slugs → 2 IDs
     Drugs:      0 slugs → 0 IDs
     KLPs:       36 slugs → 36 IDs
     (sample action_card ID: 4c87c436ae1e467eab670a23e28625ef)
  🔄 PATCH → http://135.225.105.160:8005/modules/5e675325027a4c46803363dfaf1abaec
     Payload resource counts: videos=7, action_cards=6, procedures=2, drugs=0, klps=36
     language_id=06400ef3d7b040c19e96efe6c6c99991, region=mena, content_type=translated
  📨 Response: 200
Updated module 'Low Birth Weight'
  ✓ Activated module version: 61c3c6d5efb2485ebee37990b06bd1fe

  📋 Module 'Female Genital Mutilation' [mod-female-genital-mutilation] resource resolution:
     Videos:     8 slugs → 8 IDs
     ActionCards:1 slugs → 1 IDs
     Procedures: 1 slugs → 1 IDs
     Drugs:      4 slugs → 4 IDs
     KLPs:       36 slugs → 36 IDs
     (sample action_card ID: f44474874fc24f1da6375c89f94b02c7)
     (sample drug ID: 4e899a185c3c49178fb5a2450af56939)
  🔄 PATCH → http://135.225.105.160:8005/modules/4bb8465d789b42888c064c6934df864f
     Payload resource counts: videos=8, action_cards=1, procedures=1, drugs=4, klps=36
     language_id=06400ef3d7b040c19e96efe6c6c99991, region=mena, content_type=translated
  📨 Response: 200
Updated module 'Female Genital Mutilation'
  ✓ Activated module version: 17e604215e11425081fac4f1d180329a

=== STEP 5: Post Categories ===
Starting category migration for language 82cf03f748ee49d68a609424b66f66c2...
Processing category: Sexual & reproductive health
  Found module: Modern Contraception -> 1a1ec4e37835464d849df7303d76d8a1
  Found module: Safe Abortion -> 9358239678804705982f6b2ac2ff3b3b
  Found module: Post Abortion Care -> b61ec3c00af14144aa450181f99b04f9
  Found module: Female Genital Mutilation -> 4bb8465d789b42888c064c6934df864f
  Total modules found: 4
  Category exists: 63d4f4f92e5c4c18a8fa659900304237, patching...
  ✓ Activated category version: 6ebeb33148f84c06ad16ff1df42b86a8 (Universal)
Processing category: Pregnancy and birth complications
  Found module: Hypertension -> 06c86234427f400aa4d0faa89db0042b
  Found module: Prolonged Labour -> 2e06113c65e143ecbe0079db43cca836
  Found module: Post Partum Hemorrhage -> b06901908baa45da945932ddaee9a687
  Found module: Manual Removal of Placenta -> 9543dedfdf624f6cbd6cbcfcd884b831
  Found module: Maternal Sepsis -> e1c53f1d9deb4bddb3dc2f483a5563e3
  Found module: Gestational Diabetes Mellitus -> 0604e1ba8e664ec1b926096561791d30
  Total modules found: 6
  Category exists: a9cd24195fa24de88953082c05a427e8, patching...
  ✓ Activated category version: 89def9742c734118ad34628cafa68b8e (Universal)
Processing category: Maternal health
  Found module: Antenatal Care -> 586330f5ef7c4898a22b172751a886df
  Found module: Postnatal Care -> ee6b4844a39e44fc81dfa3ef203af63d
  Found module: Normal Labour and Birth -> 9039beed1f1344b98ef2791eef464521
  Found module: Active Management of Third Stage Labour -> 2398966e5ad04b7a8ca4b1d8fa5d9d5a
  Found module: Perinatal Mental Health -> 796c4efdd27a4d699a2e377e03514ebb
  Total modules found: 5
  Category exists: faa0f8f589424a0296bd34c818822e3b, patching...
  ✓ Activated category version: 0109e97834304ed9967e688e5736ed23 (Universal)
Processing category: Newborn health
  Found module: Neonatal Resuscitation -> bf13284c87324027984bad13d9ff2b0b
  Found module: Newborn Management -> 7e11192051d24aeb8eb8c2f4a211b768
  Found module: Low Birth Weight -> 5e675325027a4c46803363dfaf1abaec
  Found module: Care of The Sick Newborn -> 96d554b8d3d44bcebc375b43b73a5030
  Total modules found: 4
  Category exists: bc1b2aa16e214539a6405fc34bd55036, patching...
  ✓ Activated category version: 591ca4c030ad42ef8b6d089967001b10 (Universal)
Processing category: Infection prevention
  Found module: Infection Prevention -> 23797e3082584b668def13e0e07153e2
  Total modules found: 1
  Category exists: 28b0e5ed8dac4e6fa0197b89815b7e16, patching...
  ✓ Activated category version: a6a44e71bfff4a50b0a921783e1d58f5 (Universal)
Category migration complete. 5 categories processed.
Starting category migration for language a08966cf4d2c4e9db93a60fe37aca4d6...
Processing category: Sexual & reproductive health
  Found module: Modern Contraception -> 1a1ec4e37835464d849df7303d76d8a1
  Found module: Safe Abortion -> 9358239678804705982f6b2ac2ff3b3b
  Found module: Post Abortion Care -> b61ec3c00af14144aa450181f99b04f9
  Found module: Female Genital Mutilation -> 4bb8465d789b42888c064c6934df864f
  Total modules found: 4
  Category exists: 63d4f4f92e5c4c18a8fa659900304237, patching...
  ✓ Activated category version: f86627b00e2a414582ddb79340182758 (Universal)
Processing category: Pregnancy and birth complications
  Found module: Hypertension -> 06c86234427f400aa4d0faa89db0042b
  Found module: Prolonged Labour -> 2e06113c65e143ecbe0079db43cca836
  Found module: Post Partum Hemorrhage -> b06901908baa45da945932ddaee9a687
  Found module: Manual Removal of Placenta -> 9543dedfdf624f6cbd6cbcfcd884b831
  Found module: Maternal Sepsis -> e1c53f1d9deb4bddb3dc2f483a5563e3
  Found module: Gestational Diabetes Mellitus -> 0604e1ba8e664ec1b926096561791d30
  Total modules found: 6
  Category exists: a9cd24195fa24de88953082c05a427e8, patching...
  ✓ Activated category version: fa251e090ec740b38ba50d8abd688ac7 (Universal)
Processing category: Maternal health
  Found module: Antenatal Care -> 586330f5ef7c4898a22b172751a886df
  Found module: Postnatal Care -> ee6b4844a39e44fc81dfa3ef203af63d
  Found module: Normal Labour and Birth -> 9039beed1f1344b98ef2791eef464521
  Found module: Active Management of Third Stage Labour -> 2398966e5ad04b7a8ca4b1d8fa5d9d5a
  Found module: Perinatal Mental Health -> 796c4efdd27a4d699a2e377e03514ebb
  Total modules found: 5
  Category exists: faa0f8f589424a0296bd34c818822e3b, patching...
  ✓ Activated category version: b093ef79597f4269a16cf651164751e9 (Universal)
Processing category: Newborn health
  Found module: Neonatal Resuscitation -> bf13284c87324027984bad13d9ff2b0b
  Found module: Newborn Management -> 7e11192051d24aeb8eb8c2f4a211b768
  Found module: Low Birth Weight -> 5e675325027a4c46803363dfaf1abaec
  Found module: Care of The Sick Newborn -> 96d554b8d3d44bcebc375b43b73a5030
  Total modules found: 4
  Category exists: bc1b2aa16e214539a6405fc34bd55036, patching...
  ✓ Activated category version: bda14b5199804bdb940d35405d2c3f24 (Universal)
Processing category: Infection prevention
  Found module: Infection Prevention -> 23797e3082584b668def13e0e07153e2
  Total modules found: 1
  Category exists: 28b0e5ed8dac4e6fa0197b89815b7e16, patching...
  ✓ Activated category version: 46be3b08f8d846cbaa452c79da4d0ce4 (Universal)
Category migration complete. 5 categories processed.
Starting category migration for language 22e3f4588c9d4b75b6ad515cac765d4d...
Processing category: Sexual & reproductive health
  Found module: Modern Contraception -> 1a1ec4e37835464d849df7303d76d8a1
  Found module: Safe Abortion -> 9358239678804705982f6b2ac2ff3b3b
  Found module: Post Abortion Care -> b61ec3c00af14144aa450181f99b04f9
  Found module: Female Genital Mutilation -> 4bb8465d789b42888c064c6934df864f
  Total modules found: 4
  Category exists: 63d4f4f92e5c4c18a8fa659900304237, patching...
  ✓ Activated category version: ba19e656d01448259169dbfef921970d (Universal)
Processing category: Pregnancy and birth complications
  Found module: Hypertension -> 06c86234427f400aa4d0faa89db0042b
  Found module: Prolonged Labour -> 2e06113c65e143ecbe0079db43cca836
  Found module: Post Partum Hemorrhage -> b06901908baa45da945932ddaee9a687
  Found module: Manual Removal of Placenta -> 9543dedfdf624f6cbd6cbcfcd884b831
  Found module: Maternal Sepsis -> e1c53f1d9deb4bddb3dc2f483a5563e3
  Found module: Gestational Diabetes Mellitus -> 0604e1ba8e664ec1b926096561791d30
  Total modules found: 6
  Category exists: a9cd24195fa24de88953082c05a427e8, patching...
  ✓ Activated category version: aaef03a93cb94af5914fd51cef01b379 (Universal)
Processing category: Maternal health
  Found module: Antenatal Care -> 586330f5ef7c4898a22b172751a886df
  Found module: Postnatal Care -> ee6b4844a39e44fc81dfa3ef203af63d
  Found module: Normal Labour and Birth -> 9039beed1f1344b98ef2791eef464521
  Found module: Active Management of Third Stage Labour -> 2398966e5ad04b7a8ca4b1d8fa5d9d5a
  Found module: Perinatal Mental Health -> 796c4efdd27a4d699a2e377e03514ebb
  Total modules found: 5
  Category exists: faa0f8f589424a0296bd34c818822e3b, patching...
  ✓ Activated category version: 81d7f83071de45e9b869ada231e85df4 (Universal)
Processing category: Newborn health
  Found module: Neonatal Resuscitation -> bf13284c87324027984bad13d9ff2b0b
  Found module: Newborn Management -> 7e11192051d24aeb8eb8c2f4a211b768
  Found module: Low Birth Weight -> 5e675325027a4c46803363dfaf1abaec
  Found module: Care of The Sick Newborn -> 96d554b8d3d44bcebc375b43b73a5030
  Total modules found: 4
  Category exists: bc1b2aa16e214539a6405fc34bd55036, patching...
  ✓ Activated category version: b1e58a7adba54522863173ddc6272e3a (Universal)
Processing category: Infection prevention
  Found module: Infection Prevention -> 23797e3082584b668def13e0e07153e2
  Total modules found: 1
  Category exists: 28b0e5ed8dac4e6fa0197b89815b7e16, patching...
  ✓ Activated category version: 2685c8693e4a408191874b1401a37bd9 (Universal)
Category migration complete. 5 categories processed.
Starting category migration for language b41a54f4df3a46f7b6126175876ff19b...
Processing category: Sexual & reproductive health
  Found module: Modern Contraception -> 1a1ec4e37835464d849df7303d76d8a1
  Found module: Safe Abortion -> 9358239678804705982f6b2ac2ff3b3b
  Found module: Post Abortion Care -> b61ec3c00af14144aa450181f99b04f9
  Found module: Female Genital Mutilation -> 4bb8465d789b42888c064c6934df864f
  Total modules found: 4
  Category exists: 63d4f4f92e5c4c18a8fa659900304237, patching...
  ✓ Activated category version: 48134bcffc4443e1843121e0faa834e9 (Universal)
Processing category: Pregnancy and birth complications
  Found module: Hypertension -> 06c86234427f400aa4d0faa89db0042b
  Found module: Prolonged Labour -> 2e06113c65e143ecbe0079db43cca836
  Found module: Post Partum Hemorrhage -> b06901908baa45da945932ddaee9a687
  Found module: Manual Removal of Placenta -> 9543dedfdf624f6cbd6cbcfcd884b831
  Found module: Maternal Sepsis -> e1c53f1d9deb4bddb3dc2f483a5563e3
  Found module: Gestational Diabetes Mellitus -> 0604e1ba8e664ec1b926096561791d30
  Total modules found: 6
  Category exists: a9cd24195fa24de88953082c05a427e8, patching...
  ✓ Activated category version: eef2138f8f3b4672b5c2e8abee8f417a (Universal)
Processing category: Maternal health
  Found module: Antenatal Care -> 586330f5ef7c4898a22b172751a886df
  Found module: Postnatal Care -> ee6b4844a39e44fc81dfa3ef203af63d
  Found module: Normal Labour and Birth -> 9039beed1f1344b98ef2791eef464521
  Found module: Active Management of Third Stage Labour -> 2398966e5ad04b7a8ca4b1d8fa5d9d5a
  Found module: Perinatal Mental Health -> 796c4efdd27a4d699a2e377e03514ebb
  Total modules found: 5
  Category exists: faa0f8f589424a0296bd34c818822e3b, patching...
  ✓ Activated category version: d33813d664464b35897d5aba5d2b8da6 (Universal)
Processing category: Newborn health
  Found module: Neonatal Resuscitation -> bf13284c87324027984bad13d9ff2b0b
  Found module: Newborn Management -> 7e11192051d24aeb8eb8c2f4a211b768
  Found module: Low Birth Weight -> 5e675325027a4c46803363dfaf1abaec
  Found module: Care of The Sick Newborn -> 96d554b8d3d44bcebc375b43b73a5030
  Total modules found: 4
  Category exists: bc1b2aa16e214539a6405fc34bd55036, patching...
  ✓ Activated category version: 9ca8216b6c57481dac244434d41c6231 (Universal)
Processing category: Infection prevention
  Found module: Infection Prevention -> 23797e3082584b668def13e0e07153e2
  Total modules found: 1
  Category exists: 28b0e5ed8dac4e6fa0197b89815b7e16, patching...
  ✓ Activated category version: 6352a0b3774841039696207975ac8680 (Universal)
Category migration complete. 5 categories processed.
Starting category migration for language 06400ef3d7b040c19e96efe6c6c99991...
Processing category: Sexual & reproductive health
  Found module: Modern Contraception -> 1a1ec4e37835464d849df7303d76d8a1
  Found module: Safe Abortion -> 9358239678804705982f6b2ac2ff3b3b
  Found module: Post Abortion Care -> b61ec3c00af14144aa450181f99b04f9
  Found module: Female Genital Mutilation -> 4bb8465d789b42888c064c6934df864f
  Total modules found: 4
  Category exists: 63d4f4f92e5c4c18a8fa659900304237, patching...
  ✓ Activated category version: 5e4ab1b1281947aea9a07ae27a2f5180 (Universal)
Processing category: Pregnancy and birth complications
  Found module: Hypertension -> 06c86234427f400aa4d0faa89db0042b
  Found module: Prolonged Labour -> 2e06113c65e143ecbe0079db43cca836
  Found module: Post Partum Hemorrhage -> b06901908baa45da945932ddaee9a687
  Found module: Manual Removal of Placenta -> 9543dedfdf624f6cbd6cbcfcd884b831
  Found module: Maternal Sepsis -> e1c53f1d9deb4bddb3dc2f483a5563e3
  Found module: Gestational Diabetes Mellitus -> 0604e1ba8e664ec1b926096561791d30
  Total modules found: 6
  Category exists: a9cd24195fa24de88953082c05a427e8, patching...
  ✓ Activated category version: cf271bdad03c4c4491adbcf276de4f8b (Universal)
Processing category: Maternal health
  Found module: Antenatal Care -> 586330f5ef7c4898a22b172751a886df
  Found module: Postnatal Care -> ee6b4844a39e44fc81dfa3ef203af63d
  Found module: Normal Labour and Birth -> 9039beed1f1344b98ef2791eef464521
  Found module: Active Management of Third Stage Labour -> 2398966e5ad04b7a8ca4b1d8fa5d9d5a
  Found module: Perinatal Mental Health -> 796c4efdd27a4d699a2e377e03514ebb
  Total modules found: 5
  Category exists: faa0f8f589424a0296bd34c818822e3b, patching...
  ✓ Activated category version: cb157f0271584526ab30feccf8ce4659 (Universal)
Processing category: Newborn health
  Found module: Neonatal Resuscitation -> bf13284c87324027984bad13d9ff2b0b
  Found module: Newborn Management -> 7e11192051d24aeb8eb8c2f4a211b768
  Found module: Low Birth Weight -> 5e675325027a4c46803363dfaf1abaec
  Found module: Care of The Sick Newborn -> 96d554b8d3d44bcebc375b43b73a5030
  Total modules found: 4
  Category exists: bc1b2aa16e214539a6405fc34bd55036, patching...
  ✓ Activated category version: d8986f6275734f64abafe8a07396f3c2 (Universal)
Processing category: Infection prevention
  Found module: Infection Prevention -> 23797e3082584b668def13e0e07153e2
  Total modules found: 1
  Category exists: 28b0e5ed8dac4e6fa0197b89815b7e16, patching...
  ✓ Activated category version: 98095ae46dd94a1587386f8b04e60c6f (Universal)
Category migration complete. 5 categories processed.

=== STEP 6: Post Certificates ===
  📂 Loaded 4 local certificate mappings.
  🔄 Fetching all existing certificates from LME for caching...
  ✅ Cached 3 existing certificates from API.

🚀 Starting CERTIFICATE migration...
  Found 159 certificate documents in Cosmos.
  Filtered to 45 unique latest certificates.
  Grouped into 1 certificate families.

================================================================================
Processing Certificate Group 1/1: certificate-2017_1503996242450
================================================================================
  ℹ️ Language-specific migration mode for: Certificate 2017
     Attempting to find existing global certificate...
  → Found in slug cache (cert-certificate-2017): d55f26790bec4bffb95491afe9e59065
  ✅ Found existing global certificate: d55f26790bec4bffb95491afe9e59065

  ℹ️ No valid translations to migrate for this certificate.

================================================================================
Certificate migration completed!
================================================================================

=== STEP 7: Post Settings Screens ===
  Filtered settings migration to 5 languages (from languages.csv).
2026-03-28 09:06:45,866 - INFO - Loaded 1 screen data mappings from CSV
2026-03-28 09:06:45,866 - INFO - ============================================================
2026-03-28 09:06:45,866 - INFO - Starting Settings Screen Migration
2026-03-28 09:06:45,866 - INFO - ============================================================
2026-03-28 09:06:45,867 - INFO - ✅ Found existing GLOBAL screen data: 71cce027c2cc479dbc36c927bb25f458
2026-03-28 09:06:45,867 - INFO -    Skipping Step 1 (original already exists from global migration)
2026-03-28 09:06:45,867 - INFO - 
📌 Step 2: Patching TRANSLATED screen data
2026-03-28 09:06:45,867 - INFO - ----------------------------------------
2026-03-28 09:06:45,867 - INFO - 
🌐 Processing: 49bc07fa-9ad4-816c-17db-e693a28dd40f (region=india)
2026-03-28 09:06:45,988 - INFO -    Found 12 about sections
2026-03-28 09:06:45,988 - INFO -    Processing section: thankyou
Loaded 3255 asset mappings from file
Using cached asset_id: e65107a7ed644b7aa4a77ccd2804cd38
2026-03-28 09:06:46,128 - INFO -    ✅ thankyou: content=f98e50436f774317b9b19eef3ec13399, icon=e65107a7ed644b7aa4a77ccd2804cd38
2026-03-28 09:06:46,128 - INFO -    Processing section: feedback-and-troubleshooting
2026-03-28 09:06:46,242 - INFO -    ✅ feedback-and-troubleshooting: content=e43af271a3a94b4bbe70ae2e815608fd, icon=None
2026-03-28 09:06:46,242 - INFO -    Processing section: background-survey
2026-03-28 09:06:46,365 - INFO -    ✅ background-survey: content=63a7edfd25f741078b68cae3f10fcf00, icon=None
2026-03-28 09:06:46,365 - INFO -    Processing section: lp-introduction
2026-03-28 09:06:46,515 - INFO -    ✅ lp-introduction: content=470a8c2f058e4a18a874d1d5df34ec01, icon=None
2026-03-28 09:06:46,516 - INFO -    Processing section: introduction
2026-03-28 09:06:46,624 - INFO -    ✅ introduction: content=c128baf7293f4251b43c09a098fadaf5, icon=None
2026-03-28 09:06:46,624 - INFO -    Processing section: welcome
Using cached asset_id: a611db88bb1b4ec1919c7aea7d5b915d
2026-03-28 09:06:46,741 - INFO -    ✅ welcome: content=5ce0e5161ff74d0ead68f64a311472dd, icon=a611db88bb1b4ec1919c7aea7d5b915d
2026-03-28 09:06:46,741 - INFO -    Processing section: comingsoon
2026-03-28 09:06:46,870 - INFO -    ✅ comingsoon: content=34bc5b4c1e204e7e966d1a6bdf17f3b4, icon=None
2026-03-28 09:06:46,870 - INFO -    Processing section: upq-introduction
2026-03-28 09:06:47,006 - INFO -    ✅ upq-introduction: content=4642ee8ab9144d4b9bd2fee66a4eee83, icon=None
2026-03-28 09:06:47,008 - INFO -    Processing section: developers
Using cached asset_id: bfcd3e2f97d64aa3a9198c0a31011525
2026-03-28 09:06:47,168 - INFO -    ✅ developers: content=061abadb36f14dcfbfb76ae45e177d5d, icon=bfcd3e2f97d64aa3a9198c0a31011525
2026-03-28 09:06:47,168 - INFO -    Processing section: disclaimer
2026-03-28 09:06:47,279 - INFO -    ✅ disclaimer: content=bac6500e5d664b76ac70f68581504266, icon=None
2026-03-28 09:06:47,279 - INFO -    Processing section: copyright
2026-03-28 09:06:47,417 - INFO -    ✅ copyright: content=ec671d36c2134638a233d4bf66bb5f99, icon=None
2026-03-28 09:06:47,417 - INFO -    Processing section: upq-thankyou
2026-03-28 09:06:47,527 - INFO -    ✅ upq-thankyou: content=a5aafbc86d0c4ac5a0c485f779befe3b, icon=None
2026-03-28 09:06:47,528 - INFO - PATCHing translated screen data to http://135.225.105.160:8005/settings-screens/71cce027c2cc479dbc36c927bb25f458
2026-03-28 09:06:47,829 - INFO - ✅ Created translated screen data for india (lang=82cf03f748ee49d68a609424b66f66c2)
2026-03-28 09:06:47,893 - INFO -    ✓ Activated screen data version: d6be33c7f6e141199968abcc1f87fe87
2026-03-28 09:06:47,894 - INFO - 
🌐 Processing: 6a146956-9f21-206a-98cf-55db7b0a8301 (region=africa)
2026-03-28 09:06:48,015 - INFO -    Found 12 about sections
2026-03-28 09:06:48,015 - INFO -    Processing section: introduction
2026-03-28 09:06:48,128 - INFO -    ✅ introduction: content=c292353216794c2da0f2bebd3a4ea6ce, icon=None
2026-03-28 09:06:48,128 - INFO -    Processing section: lp-introduction
2026-03-28 09:06:48,245 - INFO -    ✅ lp-introduction: content=1259506b4c5440e3acb8fc58be790d24, icon=None
2026-03-28 09:06:48,245 - INFO -    Processing section: feedback-and-troubleshooting
2026-03-28 09:06:48,358 - INFO -    ✅ feedback-and-troubleshooting: content=9a5bae7ae9a84e10842106337ada1073, icon=None
2026-03-28 09:06:48,359 - INFO -    Processing section: background-survey
2026-03-28 09:06:48,474 - INFO -    ✅ background-survey: content=b2ddc068cca34033a6a891b14ef08c45, icon=None
2026-03-28 09:06:48,474 - INFO -    Processing section: upq-introduction
2026-03-28 09:06:48,593 - INFO -    ✅ upq-introduction: content=4e04a2d035994a59a13f59c7bce4a4a9, icon=None
2026-03-28 09:06:48,594 - INFO -    Processing section: comingsoon
2026-03-28 09:06:48,722 - INFO -    ✅ comingsoon: content=e3dafbb9773b45f2969dcce7ccb7ff28, icon=None
2026-03-28 09:06:48,722 - INFO -    Processing section: upq-thankyou
2026-03-28 09:06:48,851 - INFO -    ✅ upq-thankyou: content=dcfb65b9f253405c870ff9210d258fba, icon=None
2026-03-28 09:06:48,851 - INFO -    Processing section: welcome
Using cached asset_id: cd442b65918840e79dd0bf721cdf65e8
2026-03-28 09:06:48,988 - INFO -    ✅ welcome: content=3860e6acf0924f259c327d40e375760c, icon=cd442b65918840e79dd0bf721cdf65e8
2026-03-28 09:06:48,989 - INFO -    Processing section: disclaimer
2026-03-28 09:06:49,102 - INFO -    ✅ disclaimer: content=e7c4a79e43894617a46242c8d62cb4b0, icon=None
2026-03-28 09:06:49,102 - INFO -    Processing section: thankyou
Using cached asset_id: 234df0a20e5242bdb9f02b7cdc61b7db
2026-03-28 09:06:49,225 - INFO -    ✅ thankyou: content=aaddd8017de3404892ca39efc085e3d9, icon=234df0a20e5242bdb9f02b7cdc61b7db
2026-03-28 09:06:49,225 - INFO -    Processing section: developers
Using cached asset_id: e2272f9618d54d8993c94271bc936c70
2026-03-28 09:06:49,330 - INFO -    ✅ developers: content=c2b12cc64efd4f009a4fd8ba395708f3, icon=e2272f9618d54d8993c94271bc936c70
2026-03-28 09:06:49,330 - INFO -    Processing section: copyright
2026-03-28 09:06:49,436 - INFO -    ✅ copyright: content=b8b0389ad45d4d029d3784f652c46d3f, icon=None
2026-03-28 09:06:49,436 - INFO - PATCHing translated screen data to http://135.225.105.160:8005/settings-screens/71cce027c2cc479dbc36c927bb25f458
2026-03-28 09:06:49,683 - INFO - ✅ Created translated screen data for africa (lang=a08966cf4d2c4e9db93a60fe37aca4d6)
2026-03-28 09:06:49,760 - INFO -    ✓ Activated screen data version: 8d7068dc6968421e8a8042688dcc8c32
2026-03-28 09:06:49,760 - INFO - 
🌐 Processing: f3bb22c9-d64b-26e3-cbf9-e5418e905fb1 (region=africa)
2026-03-28 09:06:49,887 - INFO -    Found 12 about sections
2026-03-28 09:06:49,887 - INFO -    Processing section: lp-introduction
2026-03-28 09:06:50,025 - INFO -    ✅ lp-introduction: content=0a9eeced34fb419495c4368fdb43bebb, icon=None
2026-03-28 09:06:50,025 - INFO -    Processing section: introduction
2026-03-28 09:06:50,155 - INFO -    ✅ introduction: content=0c04c32bbedd44df97078d0ffb0c122d, icon=None
2026-03-28 09:06:50,155 - INFO -    Processing section: feedback-and-troubleshooting
2026-03-28 09:06:50,280 - INFO -    ✅ feedback-and-troubleshooting: content=0c181a3dc2b1423598d964288505eab6, icon=None
2026-03-28 09:06:50,280 - INFO -    Processing section: upq-introduction
2026-03-28 09:06:50,387 - INFO -    ✅ upq-introduction: content=aa3d3f0af1394309b82ee07246ac9432, icon=None
2026-03-28 09:06:50,387 - INFO -    Processing section: background-survey
2026-03-28 09:06:50,494 - INFO -    ✅ background-survey: content=4b9913932ac649baac8283f287a43491, icon=None
2026-03-28 09:06:50,494 - INFO -    Processing section: comingsoon
2026-03-28 09:06:50,614 - INFO -    ✅ comingsoon: content=7b5641d5e0d24d858cc81b098fe2e699, icon=None
2026-03-28 09:06:50,614 - INFO -    Processing section: upq-thankyou
2026-03-28 09:06:50,743 - INFO -    ✅ upq-thankyou: content=330ca663e9c44a33854543b0cc733403, icon=None
2026-03-28 09:06:50,743 - INFO -    Processing section: disclaimer
2026-03-28 09:06:50,857 - INFO -    ✅ disclaimer: content=50f09bbf299b40b1ab9eec981f2fbe3e, icon=None
2026-03-28 09:06:50,857 - INFO -    Processing section: welcome
Using cached asset_id: cd442b65918840e79dd0bf721cdf65e8
2026-03-28 09:06:50,969 - INFO -    ✅ welcome: content=68eea8faaf26410084471ca08bcebf95, icon=cd442b65918840e79dd0bf721cdf65e8
2026-03-28 09:06:50,969 - INFO -    Processing section: copyright
2026-03-28 09:06:51,087 - INFO -    ✅ copyright: content=b6f583ec39cf464f9f27057425cdc89a, icon=None
2026-03-28 09:06:51,087 - INFO -    Processing section: thankyou
Using cached asset_id: 234df0a20e5242bdb9f02b7cdc61b7db
2026-03-28 09:06:51,211 - INFO -    ✅ thankyou: content=5728cb876fa241cf95ca631159da9e42, icon=234df0a20e5242bdb9f02b7cdc61b7db
2026-03-28 09:06:51,211 - INFO -    Processing section: developers
Using cached asset_id: e2272f9618d54d8993c94271bc936c70
2026-03-28 09:06:51,329 - INFO -    ✅ developers: content=55adb7582d3a4e1a8122de9627f2301c, icon=e2272f9618d54d8993c94271bc936c70
2026-03-28 09:06:51,329 - INFO - PATCHing translated screen data to http://135.225.105.160:8005/settings-screens/71cce027c2cc479dbc36c927bb25f458
2026-03-28 09:06:51,570 - INFO - ✅ Created translated screen data for africa (lang=22e3f4588c9d4b75b6ad515cac765d4d)
2026-03-28 09:06:51,633 - INFO -    ✓ Activated screen data version: 8740e117601e41acaebe84c7d4449735
2026-03-28 09:06:51,633 - INFO - 
🌐 Processing: 7cf6efab-a9d7-54d2-2cbd-ec82efe4a7da (region=africa)
2026-03-28 09:06:51,733 - WARNING - No about sections for 7cf6efab-a9d7-54d2-2cbd-ec82efe4a7da
2026-03-28 09:06:51,733 - INFO - 
🌐 Processing: 2d9ef8a4-5277-6f3f-7f88-3db2cfb9c610 (region=mena)
2026-03-28 09:06:51,835 - INFO -    Found 7 about sections
2026-03-28 09:06:51,835 - INFO -    Processing section: feedback-and-troubleshooting
2026-03-28 09:06:51,966 - INFO -    ✅ feedback-and-troubleshooting: content=4646693a61984f51afc7ceb4cece1d32, icon=None
2026-03-28 09:06:51,966 - INFO -    Processing section: disclaimer
2026-03-28 09:06:52,084 - INFO -    ✅ disclaimer: content=ce5c22e6e1054457aa3b3070cd0da9ca, icon=None
2026-03-28 09:06:52,084 - INFO -    Processing section: thankyou
Downloading icon asset from https://sdacms.blob.core.windows.net/content/assets/images/mena/logos/UNFPA_J_J.png
Cached and saved asset_id for https://sdacms.blob.core.windows.net/content/assets/images/mena/logos/UNFPA_J_J.png: 9b6f2d5476d24ebc809402ed1b55450c
2026-03-28 09:06:52,573 - INFO -    ✅ thankyou: content=0d174c8900334d298706442db4263ea2, icon=9b6f2d5476d24ebc809402ed1b55450c
2026-03-28 09:06:52,573 - INFO -    Processing section: copyright
2026-03-28 09:06:52,702 - INFO -    ✅ copyright: content=2438902cf89742b696532dc4ae7ef57c, icon=None
2026-03-28 09:06:52,702 - INFO -    Processing section: lp-introduction
2026-03-28 09:06:52,808 - INFO -    ✅ lp-introduction: content=eb21cb35c31a478caad6a15134c16f9e, icon=None
2026-03-28 09:06:52,808 - INFO -    Processing section: welcome
Downloading icon asset from https://sdacms.blob.core.windows.net/content/assets/images/mena/icon/module/active_management_of_third_stage_labour_alt.png
Cached and saved asset_id for https://sdacms.blob.core.windows.net/content/assets/images/mena/icon/module/active_management_of_third_stage_labour_alt.png: f218663526f24fd8bdc0c183962fcf10
2026-03-28 09:06:53,284 - INFO -    ✅ welcome: content=3be940ece3fe4ada906e37b626024b55, icon=f218663526f24fd8bdc0c183962fcf10
2026-03-28 09:06:53,284 - INFO -    Processing section: introduction
2026-03-28 09:06:53,410 - INFO -    ✅ introduction: content=55fbbf615daf4682a1b2aedc9ccccf83, icon=None
2026-03-28 09:06:53,410 - INFO - PATCHing translated screen data to http://135.225.105.160:8005/settings-screens/71cce027c2cc479dbc36c927bb25f458
2026-03-28 09:06:53,608 - INFO - ✅ Created translated screen data for mena (lang=06400ef3d7b040c19e96efe6c6c99991)
2026-03-28 09:06:53,699 - INFO -    ✓ Activated screen data version: 0b6f2d1da72d46b99e28a8d9f8cd7ff3
2026-03-28 09:06:53,699 - INFO - 
============================================================
2026-03-28 09:06:53,699 - INFO - Settings Screen Migration Complete! (4 languages patched)
2026-03-28 09:06:53,699 - INFO - ============================================================

=== STEP 8: Post Onboarding Flows ===
  ⚠️  Mapping file not found: /home/azureuser/prod/sdp_dms/data/mappings/onboarding_mapping.csv
  ❌ No onboarding_flow_id available. Run global migration first.
  ⚠️  Mapping file not found: /home/azureuser/prod/sdp_dms/data/mappings/onboarding_mapping.csv
  ❌ No onboarding_flow_id available. Run global migration first.
  ⚠️  Mapping file not found: /home/azureuser/prod/sdp_dms/data/mappings/onboarding_mapping.csv
  ❌ No onboarding_flow_id available. Run global migration first.
  ⚠️  Mapping file not found: /home/azureuser/prod/sdp_dms/data/mappings/onboarding_mapping.csv
  ❌ No onboarding_flow_id available. Run global migration first.
  ⚠️  Mapping file not found: /home/azureuser/prod/sdp_dms/data/mappings/onboarding_mapping.csv
  ❌ No onboarding_flow_id available. Run global migration first.
  Onboarding: 0 patched, 5 skipped.

=== STAGE 2 COMPLETE ===
Languages, resources, KLPs, modules, categories, certificates, settings screens, and onboarding flows posted.
