[csv_resource_map] Loaded 21 modules from CSV resource map.
Starting Stage 1 (queue-only) migration...

=== STEP 1: Language Queue ===
Starting language migration...
Found 1 languages to migrate
Migrating language: English (ID: 7cf6efab-a9d7-54d2-2cbd-ec82efe4a7da)
Warning: country_code.csv not found
Warning: language_name.csv not found
Warning: No autonym script found for language 'English'
Queued language payload -> /home/azureuser/test/content_migrator/data/processed_data/languages.csv
Language migration completed!

=== STEP 1.5: Generate Module List from Content Bundle ===
  ⬇ Downloading: https://sdacms.blob.core.windows.net/content/7cf6efab-a9d7-54d2-2cbd-ec82efe4a7da/content-bundle.json
  ✓ 7cf6efab-a9d7-54d2-2cbd-ec82efe4a7da: 17 modules found
  ✅ module_list.json updated: 17 modules
Module list ready: 17 modules for target language(s)

=== STEP 2: Module Queue (includes resources) ===
Loaded 511 existing resource mappings
DEBUG: ResourceMigrator loaded ACTIVATE_KLP_VERSION: http://135.225.105.160:8004/klps/versions/{version_id}/status
Loaded 885 existing KLP mappings
🚀 Starting module migration (queue stage)...
Loaded 21 existing module mappings
Filtering migration for language ID: 7cf6efab-a9d7-54d2-2cbd-ec82efe4a7da
Processing languages: ['7cf6efab-a9d7-54d2-2cbd-ec82efe4a7da']
Downloading content-bundle.json for translated language '7cf6efab-a9d7-54d2-2cbd-ec82efe4a7da'...
  ⬇ Downloading: https://sdacms.blob.core.windows.net/content/7cf6efab-a9d7-54d2-2cbd-ec82efe4a7da/content-bundle.json
Found 17 modules from content-bundle.json for 7cf6efab-a9d7-54d2-2cbd-ec82efe4a7da
Writing translated module summary to /home/azureuser/test/content_migrator/data/translated_module_data/translated_module_resource_summary_7cf6efab-a9d7-54d2-2cbd-ec82efe4a7da.csv...
  → Found English title from Cosmos (key='postnatal-care_1708335696684'): 'Postnatal Care'
[ModuleMigrator] Using Cosmos doc resource lists for TRANSLATED module 'postnatal-care_1708335696684' (lang: 7cf6efab-a9d7-54d2-2cbd-ec82efe4a7da)
  actionCards: 2 keys
  procedures: 2 keys
  drugs: 13 keys
  keyLearningPoints: 36 keys
  videos: 9 keys
  ⚠ STRUCTURAL VIOLATION: Global identity document not found in Cosmos for localized module 'postnatal-care'. Proceeding with placeholder title: Postnatal Care
  Step 1: Preparing module resources (queue)...
Loaded 511 existing resource mappings
Mapping language:   7cf6efab-a9d7-54d2-2cbd-ec82efe4a7da
  DEBUG: Found 9 videos in module
Loaded 1401 asset mappings from file
Downloading video asset from https://sdacms.blob.core.windows.net/content/assets/videos/english%20WHO/Postnatal%20Care/intro.mp4
Error downloading video asset https://sdacms.blob.core.windows.net/content/assets/videos/english%20WHO/Postnatal%20Care/intro.mp4: 404 Client Error: The specified blob does not exist. for url: https://sdacms.blob.core.windows.net/content/assets/videos/english%20WHO/Postnatal%20Care/intro.mp4
Video icon URL: english%20WHO/Postnatal%20Care/intro
Video icon URL: english%20WHO/Postnatal%20Care/intro
Downloading video_icon asset from https://sdacms.blob.core.windows.net/content/assets/videos/english%20WHO/Postnatal%20Care/intro.png
Error downloading video_icon asset https://sdacms.blob.core.windows.net/content/assets/videos/english%20WHO/Postnatal%20Care/intro.png: 404 Client Error: The specified blob does not exist. for url: https://sdacms.blob.core.windows.net/content/assets/videos/english%20WHO/Postnatal%20Care/intro.png
Skipping video '/english WHO/Postnatal Care/intro' - missing asset upload
Downloading video asset from https://sdacms.blob.core.windows.net/content/assets/videos/english%20WHO/Postnatal%20Care/postnatal_care_schedule.mp4
Error downloading video asset https://sdacms.blob.core.windows.net/content/assets/videos/english%20WHO/Postnatal%20Care/postnatal_care_schedule.mp4: 404 Client Error: The specified blob does not exist. for url: https://sdacms.blob.core.windows.net/content/assets/videos/english%20WHO/Postnatal%20Care/postnatal_care_schedule.mp4
Video icon URL: english%20WHO/Postnatal%20Care/postnatal_care_schedule
Video icon URL: english%20WHO/Postnatal%20Care/postnatal_care_schedule
Downloading video_icon asset from https://sdacms.blob.core.windows.net/content/assets/videos/english%20WHO/Postnatal%20Care/postnatal_care_schedule.png
Error downloading video_icon asset https://sdacms.blob.core.windows.net/content/assets/videos/english%20WHO/Postnatal%20Care/postnatal_care_schedule.png: 404 Client Error: The specified blob does not exist. for url: https://sdacms.blob.core.windows.net/content/assets/videos/english%20WHO/Postnatal%20Care/postnatal_care_schedule.png
Skipping video '/english WHO/Postnatal Care/postnatal_care_schedule' - missing asset upload
Downloading video asset from https://sdacms.blob.core.windows.net/content/assets/videos/english%20WHO/Postnatal%20Care/initial_postnatal_assessment.mp4
Error downloading video asset https://sdacms.blob.core.windows.net/content/assets/videos/english%20WHO/Postnatal%20Care/initial_postnatal_assessment.mp4: 404 Client Error: The specified blob does not exist. for url: https://sdacms.blob.core.windows.net/content/assets/videos/english%20WHO/Postnatal%20Care/initial_postnatal_assessment.mp4
Video icon URL: english%20WHO/Postnatal%20Care/initial_postnatal_assessment
Video icon URL: english%20WHO/Postnatal%20Care/initial_postnatal_assessment
Downloading video_icon asset from https://sdacms.blob.core.windows.net/content/assets/videos/english%20WHO/Postnatal%20Care/initial_postnatal_assessment.png
Error downloading video_icon asset https://sdacms.blob.core.windows.net/content/assets/videos/english%20WHO/Postnatal%20Care/initial_postnatal_assessment.png: 404 Client Error: The specified blob does not exist. for url: https://sdacms.blob.core.windows.net/content/assets/videos/english%20WHO/Postnatal%20Care/initial_postnatal_assessment.png
Skipping video '/english WHO/Postnatal Care/initial_postnatal_assessment' - missing asset upload
Downloading video asset from https://sdacms.blob.core.windows.net/content/assets/videos/english%20WHO/Postnatal%20Care/postnatal_care_counselling.mp4
Error downloading video asset https://sdacms.blob.core.windows.net/content/assets/videos/english%20WHO/Postnatal%20Care/postnatal_care_counselling.mp4: 404 Client Error: The specified blob does not exist. for url: https://sdacms.blob.core.windows.net/content/assets/videos/english%20WHO/Postnatal%20Care/postnatal_care_counselling.mp4
Video icon URL: english%20WHO/Postnatal%20Care/postnatal_care_counselling
Video icon URL: english%20WHO/Postnatal%20Care/postnatal_care_counselling
Downloading video_icon asset from https://sdacms.blob.core.windows.net/content/assets/videos/english%20WHO/Postnatal%20Care/postnatal_care_counselling.png
Error downloading video_icon asset https://sdacms.blob.core.windows.net/content/assets/videos/english%20WHO/Postnatal%20Care/postnatal_care_counselling.png: 404 Client Error: The specified blob does not exist. for url: https://sdacms.blob.core.windows.net/content/assets/videos/english%20WHO/Postnatal%20Care/postnatal_care_counselling.png
Skipping video '/english WHO/Postnatal Care/postnatal_care_counselling' - missing asset upload
Downloading video asset from https://sdacms.blob.core.windows.net/content/assets/videos/english%20WHO/Postnatal%20Care/routine_postnatal_assessment_and_care.mp4
Error downloading video asset https://sdacms.blob.core.windows.net/content/assets/videos/english%20WHO/Postnatal%20Care/routine_postnatal_assessment_and_care.mp4: 404 Client Error: The specified blob does not exist. for url: https://sdacms.blob.core.windows.net/content/assets/videos/english%20WHO/Postnatal%20Care/routine_postnatal_assessment_and_care.mp4
Video icon URL: english%20WHO/Postnatal%20Care/routine_postnatal_assessment_and_care
Video icon URL: english%20WHO/Postnatal%20Care/routine_postnatal_assessment_and_care
Downloading video_icon asset from https://sdacms.blob.core.windows.net/content/assets/videos/english%20WHO/Postnatal%20Care/routine_postnatal_assessment_and_care.png
Error downloading video_icon asset https://sdacms.blob.core.windows.net/content/assets/videos/english%20WHO/Postnatal%20Care/routine_postnatal_assessment_and_care.png: 404 Client Error: The specified blob does not exist. for url: https://sdacms.blob.core.windows.net/content/assets/videos/english%20WHO/Postnatal%20Care/routine_postnatal_assessment_and_care.png
Skipping video '/english WHO/Postnatal Care/routine_postnatal_assessment_and_care' - missing asset upload
Downloading video asset from https://sdacms.blob.core.windows.net/content/assets/videos/english%20WHO/Postnatal%20Care/postnatal_pain_management.mp4
Error downloading video asset https://sdacms.blob.core.windows.net/content/assets/videos/english%20WHO/Postnatal%20Care/postnatal_pain_management.mp4: 404 Client Error: The specified blob does not exist. for url: https://sdacms.blob.core.windows.net/content/assets/videos/english%20WHO/Postnatal%20Care/postnatal_pain_management.mp4
Video icon URL: english%20WHO/Postnatal%20Care/postnatal_pain_management
Video icon URL: english%20WHO/Postnatal%20Care/postnatal_pain_management
Downloading video_icon asset from https://sdacms.blob.core.windows.net/content/assets/videos/english%20WHO/Postnatal%20Care/postnatal_pain_management.png
Error downloading video_icon asset https://sdacms.blob.core.windows.net/content/assets/videos/english%20WHO/Postnatal%20Care/postnatal_pain_management.png: 404 Client Error: The specified blob does not exist. for url: https://sdacms.blob.core.windows.net/content/assets/videos/english%20WHO/Postnatal%20Care/postnatal_pain_management.png
Skipping video '/english WHO/Postnatal Care/postnatal_pain_management' - missing asset upload
Downloading video asset from https://sdacms.blob.core.windows.net/content/assets/videos/english%20WHO/Postnatal%20Care/care_of_the_newborn.mp4
Error downloading video asset https://sdacms.blob.core.windows.net/content/assets/videos/english%20WHO/Postnatal%20Care/care_of_the_newborn.mp4: 404 Client Error: The specified blob does not exist. for url: https://sdacms.blob.core.windows.net/content/assets/videos/english%20WHO/Postnatal%20Care/care_of_the_newborn.mp4
Video icon URL: english%20WHO/Postnatal%20Care/care_of_the_newborn
Video icon URL: english%20WHO/Postnatal%20Care/care_of_the_newborn
Downloading video_icon asset from https://sdacms.blob.core.windows.net/content/assets/videos/english%20WHO/Postnatal%20Care/care_of_the_newborn.png
Error downloading video_icon asset https://sdacms.blob.core.windows.net/content/assets/videos/english%20WHO/Postnatal%20Care/care_of_the_newborn.png: 404 Client Error: The specified blob does not exist. for url: https://sdacms.blob.core.windows.net/content/assets/videos/english%20WHO/Postnatal%20Care/care_of_the_newborn.png
Skipping video '/english WHO/Postnatal Care/care_of_the_newborn' - missing asset upload
Downloading video asset from https://sdacms.blob.core.windows.net/content/assets/videos/english%20WHO/Postnatal%20Care/routine_assessment_of_the_newborn.mp4
Error downloading video asset https://sdacms.blob.core.windows.net/content/assets/videos/english%20WHO/Postnatal%20Care/routine_assessment_of_the_newborn.mp4: 404 Client Error: The specified blob does not exist. for url: https://sdacms.blob.core.windows.net/content/assets/videos/english%20WHO/Postnatal%20Care/routine_assessment_of_the_newborn.mp4
Video icon URL: english%20WHO/Postnatal%20Care/routine_assessment_of_the_newborn
Video icon URL: english%20WHO/Postnatal%20Care/routine_assessment_of_the_newborn
Downloading video_icon asset from https://sdacms.blob.core.windows.net/content/assets/videos/english%20WHO/Postnatal%20Care/routine_assessment_of_the_newborn.png
Error downloading video_icon asset https://sdacms.blob.core.windows.net/content/assets/videos/english%20WHO/Postnatal%20Care/routine_assessment_of_the_newborn.png: 404 Client Error: The specified blob does not exist. for url: https://sdacms.blob.core.windows.net/content/assets/videos/english%20WHO/Postnatal%20Care/routine_assessment_of_the_newborn.png
Skipping video '/english WHO/Postnatal Care/routine_assessment_of_the_newborn' - missing asset upload
Downloading video asset from https://sdacms.blob.core.windows.net/content/assets/videos/english%20WHO/Postnatal%20Care/newborn_care_counselling.mp4
Error downloading video asset https://sdacms.blob.core.windows.net/content/assets/videos/english%20WHO/Postnatal%20Care/newborn_care_counselling.mp4: 404 Client Error: The specified blob does not exist. for url: https://sdacms.blob.core.windows.net/content/assets/videos/english%20WHO/Postnatal%20Care/newborn_care_counselling.mp4
Video icon URL: english%20WHO/Postnatal%20Care/newborn_care_counselling
Video icon URL: english%20WHO/Postnatal%20Care/newborn_care_counselling
Downloading video_icon asset from https://sdacms.blob.core.windows.net/content/assets/videos/english%20WHO/Postnatal%20Care/newborn_care_counselling.png
Error downloading video_icon asset https://sdacms.blob.core.windows.net/content/assets/videos/english%20WHO/Postnatal%20Care/newborn_care_counselling.png: 404 Client Error: The specified blob does not exist. for url: https://sdacms.blob.core.windows.net/content/assets/videos/english%20WHO/Postnatal%20Care/newborn_care_counselling.png
Skipping video '/english WHO/Postnatal Care/newborn_care_counselling' - missing asset upload
  DEBUG: Found 2 action cards in module
Mapping language:   7cf6efab-a9d7-54d2-2cbd-ec82efe4a7da
Using cached asset_id: cc1db5d2da8a4bb1bf6ac4b90ab021f9
CACHED: Saved new asset_id 'f848c4437a814c1ebb18ee802db56b29' for path 'https://sdacms.blob.core.windows.net/content/assets/images/africa/richtext/postnatal_assessment_newborn.png'
CACHED: Saved new asset_id '64b64c0a0115445aa7ffbd07faa3cf5d' for path 'https://sdacms.blob.core.windows.net/content/assets/images/africa/richtext/infant_growth_and_development.png'
CACHED: Saved new asset_id '1bdefa0409d34356a1a67cab2b2081ba' for path 'https://sdacms.blob.core.windows.net/content/assets/images/africa/icon/actioncard/newborn_weight_monitoring.png'
CACHED: Saved new asset_id '6c4466c3f8c2411b91feb3720e1ad559' for path 'https://sdacms.blob.core.windows.net/content/assets/images/africa/icon/actioncard/weight_loss_or_gain.png'
CACHED: Saved new asset_id '79d4a3fc647a40a4bccb2ab45dc9ddf5' for path 'https://sdacms.blob.core.windows.net/content/assets/images/africa/richtext/skin_pustules.png'
CACHED: Saved new asset_id '056f6dfc7eaf4f83a005396033bb32ff' for path 'https://sdacms.blob.core.windows.net/content/assets/images/africa/richtext/eye_infection.png'
CACHED: Saved new asset_id '5af7e3a642dc44a3a39796a4d790ecd1' for path 'https://sdacms.blob.core.windows.net/content/assets/images/africa/richtext/immunization_schedule.png'
Saved Markdown: /home/azureuser/test/content_migrator/data/temp_data/newborn_original.md
Saved Markdown: /home/azureuser/test/content_migrator/data/temp_data/newborn_adapted_africa.md
Saved Markdown: /home/azureuser/test/content_migrator/data/temp_data/newborn_translated_action_card.md
  📎 Linking 7 embedded asset(s) to markdown upload
Created action-card resource: title='Newborn' description='Newborn' icon='cc1db5d2da8a4bb1bf6ac4b90ab021f9' content='e40713a0b0584359945cda283fb001be' language_id='7cf6efab-a9d7-54d2-2cbd-ec82efe4a7da' region='africa' content_type='original' created_by='natalia@maternity.dk' level=None questions=None derived_from_id=None
  📎 Linking 7 embedded asset(s) to markdown upload
Created action-card resource: title='Newborn' description='Newborn' icon='cc1db5d2da8a4bb1bf6ac4b90ab021f9' content='788d3384face4b8ebbbe46f9ad84b301' language_id='7cf6efab-a9d7-54d2-2cbd-ec82efe4a7da' region='africa' content_type='adapted' created_by='natalia@maternity.dk' level=None questions=None derived_from_id=None
  📎 Linking 7 embedded asset(s) to markdown upload
Created action-card resource: title='Newborn' description='Newborn' icon='cc1db5d2da8a4bb1bf6ac4b90ab021f9' content='a6aeed93caa948d090c03853e99ca5b6' language_id='7cf6efab-a9d7-54d2-2cbd-ec82efe4a7da' region='africa' content_type='translated' created_by='natalia@maternity.dk' level=None questions=None derived_from_id=None
  ℹ️  No screens translation found for 'action-card:newborn_1707484087588', using original
Queuing action-card: res-action-card-newborn (Source: 'Newborn')
  ⚠ SKIP: Localized action card 'mother-new-2025_1761819804127' not found in 7cf6efab-a9d7-54d2-2cbd-ec82efe4a7da.
Mapping language:   7cf6efab-a9d7-54d2-2cbd-ec82efe4a7da
  DEBUG: Found 2 procedures in module
Using cached asset_id: 75e9ee1956574ffca3ee97443884d110
Saved Markdown: /home/azureuser/test/content_migrator/data/temp_data/pelvic_floor_muscle_exercises_original.md
Saved Markdown: /home/azureuser/test/content_migrator/data/temp_data/pelvic_floor_muscle_exercises_adapted_africa.md
Saved Markdown: /home/azureuser/test/content_migrator/data/temp_data/pelvic_floor_muscle_exercises_translated_action_card.md
Created action-card resource: title='Pelvic floor muscle exercises' description='Pelvic floor muscle exercises' icon='75e9ee1956574ffca3ee97443884d110' content='b9340bd0d3e8430796d30407321283d7' language_id='7cf6efab-a9d7-54d2-2cbd-ec82efe4a7da' region='africa' content_type='original' created_by='frederikke@maternity.dk' level=None questions=None derived_from_id=None
Created action-card resource: title='Pelvic floor muscle exercises' description='Pelvic floor muscle exercises' icon='75e9ee1956574ffca3ee97443884d110' content='4788a544c1d14a9f82fe2803a0e40711' language_id='7cf6efab-a9d7-54d2-2cbd-ec82efe4a7da' region='africa' content_type='adapted' created_by='frederikke@maternity.dk' level=None questions=None derived_from_id=None
Created action-card resource: title='Pelvic floor muscle exercises' description='Pelvic floor muscle exercises' icon='75e9ee1956574ffca3ee97443884d110' content='a5edb45f4d3b43248d5a637f076f282c' language_id='7cf6efab-a9d7-54d2-2cbd-ec82efe4a7da' region='africa' content_type='translated' created_by='frederikke@maternity.dk' level=None questions=None derived_from_id=None
  ℹ️  No screens translation found for 'procedure:pelvic-floor-muscle-exercises_1707916177442', using original
Queuing procedure: res-procedure-pelvic-floor-muscle-exercises (Source: 'Pelvic floor muscle exercises')
Using cached asset_id: 4d02924a8d4f4a59b164b2a70fc83daa
CACHED: Saved new asset_id '33fda4dba42d474e8a442f6122ce9747' for path 'https://sdacms.blob.core.windows.net/content/assets/images/africa/richtext/breastfeeding.png'
CACHED: Saved new asset_id 'ba0ca73052aa44e1974de2d1e6ada0bc' for path 'https://sdacms.blob.core.windows.net/content/assets/images/africa/richtext/effective_positioning.png'
CACHED: Saved new asset_id '7daa3d0797544e929bf6c4ce5032694d' for path 'https://sdacms.blob.core.windows.net/content/assets/images/africa/richtext/ineffective_sucking.png'
CACHED: Saved new asset_id '776715301b474f928bd431365f48e69c' for path 'https://sdacms.blob.core.windows.net/content/assets/images/africa/richtext/mastitis.png'
CACHED: Saved new asset_id 'ecfd008579e540dbbc4d26042aabd738' for path 'https://sdacms.blob.core.windows.net/content/assets/images/africa/richtext/breast_engorgement.png'
CACHED: Saved new asset_id '778fda11f46349b0a57762c65af79691' for path 'https://sdacms.blob.core.windows.net/content/assets/images/africa/richtext/alternative_feeding_methods.png'
CACHED: Saved new asset_id 'add7925f32674dc4a957842b92acc37f' for path 'https://sdacms.blob.core.windows.net/content/assets/images/africa/richtext/milk_by_cup.png'
CACHED: Saved new asset_id '86c6121b0e9c483d8ee2d51e0d5232e1' for path 'https://sdacms.blob.core.windows.net/content/assets/images/africa/richtext/supporting_mother_who_is_not_breastfeeding.png'
Saved Markdown: /home/azureuser/test/content_migrator/data/temp_data/comprehensive_breastfeeding_global_original.md
Saved Markdown: /home/azureuser/test/content_migrator/data/temp_data/comprehensive_breastfeeding_global_adapted_africa.md
Saved Markdown: /home/azureuser/test/content_migrator/data/temp_data/comprehensive_breastfeeding_global_translated_action_card.md
  📎 Linking 8 embedded asset(s) to markdown upload
Created action-card resource: title='Comprehensive Breastfeeding(Global)' description='Comprehensive Breastfeeding(Global)' icon='4d02924a8d4f4a59b164b2a70fc83daa' content='351cbc9825cd4503aa3b04f58ed58151' language_id='7cf6efab-a9d7-54d2-2cbd-ec82efe4a7da' region='africa' content_type='original' created_by='natalia@maternity.dk' level=None questions=None derived_from_id=None
  📎 Linking 8 embedded asset(s) to markdown upload
Created action-card resource: title='Comprehensive Breastfeeding(Global)' description='Comprehensive Breastfeeding(Global)' icon='4d02924a8d4f4a59b164b2a70fc83daa' content='5618a71cf6f74543ae357bd62791e5a2' language_id='7cf6efab-a9d7-54d2-2cbd-ec82efe4a7da' region='africa' content_type='adapted' created_by='natalia@maternity.dk' level=None questions=None derived_from_id=None
  📎 Linking 8 embedded asset(s) to markdown upload
Created action-card resource: title='Comprehensive Breastfeeding(Global)' description='Comprehensive Breastfeeding(Global)' icon='4d02924a8d4f4a59b164b2a70fc83daa' content='f4f3d23178b04c6b854ba43fd2715707' language_id='7cf6efab-a9d7-54d2-2cbd-ec82efe4a7da' region='africa' content_type='translated' created_by='natalia@maternity.dk' level=None questions=None derived_from_id=None
  ✓ Screens translation for procedure description: 'Comprehensive breastfeeding...'
Queuing procedure: res-procedure-comprehensive-breastfeeding-global (Source: 'Comprehensive Breastfeeding(Global)')
Using cached asset_id: 9fdbdb5ed40a482fa8384459ec35c162
  ✓ Module icon uploaded for drugs: 9fdbdb5e...
Mapping language:   7cf6efab-a9d7-54d2-2cbd-ec82efe4a7da
  DEBUG: Found 13 drugs in module
  ✓ Drug inheriting module icon: 9fdbdb5e...
Saved Markdown: /home/azureuser/test/content_migrator/data/temp_data/ampicillin_original.md
Saved Markdown: /home/azureuser/test/content_migrator/data/temp_data/ampicillin_adapted_africa.md
Saved Markdown: /home/azureuser/test/content_migrator/data/temp_data/ampicillin_translated_action_card.md
Created action-card resource: title='Ampicillin' description='Ampicillin' icon='9fdbdb5ed40a482fa8384459ec35c162' content='2efdf2dc9b8a4b5ebf79574b3ba7ba06' language_id='7cf6efab-a9d7-54d2-2cbd-ec82efe4a7da' region='africa' content_type='original' created_by='nanna@maternity.dk' level=None questions=None derived_from_id=None
Created action-card resource: title='Ampicillin' description='Ampicillin' icon='9fdbdb5ed40a482fa8384459ec35c162' content='8dcd2a16c9e34d87a88c6552aa62d5af' language_id='7cf6efab-a9d7-54d2-2cbd-ec82efe4a7da' region='africa' content_type='adapted' created_by='nanna@maternity.dk' level=None questions=None derived_from_id=None
Created action-card resource: title='Ampicillin' description='Ampicillin' icon='9fdbdb5ed40a482fa8384459ec35c162' content='8d35318105bc467787bea8cfb42fa478' language_id='7cf6efab-a9d7-54d2-2cbd-ec82efe4a7da' region='africa' content_type='translated' created_by='nanna@maternity.dk' level=None questions=None derived_from_id=None
  ℹ️  No screens translation found for 'drug:ampicillin_1486975748548', using original
Queuing drug: res-drug-ampicillin (Source: 'Ampicillin')
  ✓ Drug inheriting module icon: 9fdbdb5e...
Saved Markdown: /home/azureuser/test/content_migrator/data/temp_data/bcg_vaccine_original.md
Saved Markdown: /home/azureuser/test/content_migrator/data/temp_data/bcg_vaccine_adapted_africa.md
Saved Markdown: /home/azureuser/test/content_migrator/data/temp_data/bcg_vaccine_translated_action_card.md
Created action-card resource: title='BCG vaccine' description='BCG vaccine' icon='9fdbdb5ed40a482fa8384459ec35c162' content='f1f36f9f9f644bc1a1b6a7541b6c2016' language_id='7cf6efab-a9d7-54d2-2cbd-ec82efe4a7da' region='africa' content_type='original' created_by='nanna@maternity.dk' level=None questions=None derived_from_id=None
Created action-card resource: title='BCG vaccine' description='BCG vaccine' icon='9fdbdb5ed40a482fa8384459ec35c162' content='4756c5a633b04b24b33beb778e1e8ae5' language_id='7cf6efab-a9d7-54d2-2cbd-ec82efe4a7da' region='africa' content_type='adapted' created_by='nanna@maternity.dk' level=None questions=None derived_from_id=None
Created action-card resource: title='BCG vaccine' description='BCG vaccine' icon='9fdbdb5ed40a482fa8384459ec35c162' content='28a955e644124cd7970dfaeae6eb4fe4' language_id='7cf6efab-a9d7-54d2-2cbd-ec82efe4a7da' region='africa' content_type='translated' created_by='nanna@maternity.dk' level=None questions=None derived_from_id=None
  ℹ️  No screens translation found for 'drug:bcg-vaccine-_1708342776189', using original
Queuing drug: res-drug-bcg-vaccine (Source: 'BCG vaccine')
  ✓ Drug inheriting module icon: 9fdbdb5e...
Saved Markdown: /home/azureuser/test/content_migrator/data/temp_data/ceftriaxone_original.md
Saved Markdown: /home/azureuser/test/content_migrator/data/temp_data/ceftriaxone_adapted_africa.md
Saved Markdown: /home/azureuser/test/content_migrator/data/temp_data/ceftriaxone_translated_action_card.md
Created action-card resource: title='Ceftriaxone' description='Ceftriaxone' icon='9fdbdb5ed40a482fa8384459ec35c162' content='3f0c424c210e429da08fa130e6b0b891' language_id='7cf6efab-a9d7-54d2-2cbd-ec82efe4a7da' region='africa' content_type='original' created_by='nanna@maternity.dk' level=None questions=None derived_from_id=None
Created action-card resource: title='Ceftriaxone' description='Ceftriaxone' icon='9fdbdb5ed40a482fa8384459ec35c162' content='6ccd092cd46449c58e29f1b2ca572467' language_id='7cf6efab-a9d7-54d2-2cbd-ec82efe4a7da' region='africa' content_type='adapted' created_by='nanna@maternity.dk' level=None questions=None derived_from_id=None
Created action-card resource: title='Ceftriaxone' description='Ceftriaxone' icon='9fdbdb5ed40a482fa8384459ec35c162' content='bb51f9233cc34b22a0f1958e5b374ea7' language_id='7cf6efab-a9d7-54d2-2cbd-ec82efe4a7da' region='africa' content_type='translated' created_by='nanna@maternity.dk' level=None questions=None derived_from_id=None
  ℹ️  No screens translation found for 'drug:ceftriaxone_1487080443380', using original
Queuing drug: res-drug-ceftriaxone (Source: 'Ceftriaxone')
  ✓ Drug inheriting module icon: 9fdbdb5e...
Saved Markdown: /home/azureuser/test/content_migrator/data/temp_data/cloxacillin_original.md
Saved Markdown: /home/azureuser/test/content_migrator/data/temp_data/cloxacillin_adapted_africa.md
Saved Markdown: /home/azureuser/test/content_migrator/data/temp_data/cloxacillin_translated_action_card.md
Created action-card resource: title='Cloxacillin' description='Cloxacillin' icon='9fdbdb5ed40a482fa8384459ec35c162' content='7dd2bdb6f55b4386b038564675302dc9' language_id='7cf6efab-a9d7-54d2-2cbd-ec82efe4a7da' region='africa' content_type='original' created_by='nanna@maternity.dk' level=None questions=None derived_from_id=None
Created action-card resource: title='Cloxacillin' description='Cloxacillin' icon='9fdbdb5ed40a482fa8384459ec35c162' content='8b7d3c861d5a40b08838acf3233726fd' language_id='7cf6efab-a9d7-54d2-2cbd-ec82efe4a7da' region='africa' content_type='adapted' created_by='nanna@maternity.dk' level=None questions=None derived_from_id=None
Created action-card resource: title='Cloxacillin' description='Cloxacillin' icon='9fdbdb5ed40a482fa8384459ec35c162' content='084647dff8124dd98a725836ec63b227' language_id='7cf6efab-a9d7-54d2-2cbd-ec82efe4a7da' region='africa' content_type='translated' created_by='nanna@maternity.dk' level=None questions=None derived_from_id=None
  ℹ️  No screens translation found for 'drug:cloxacillin_1510747764922', using original
Queuing drug: res-drug-cloxacillin (Source: 'Cloxacillin')
  ✓ Drug inheriting module icon: 9fdbdb5e...
Saved Markdown: /home/azureuser/test/content_migrator/data/temp_data/dtp_containing_vaccine_original.md
Saved Markdown: /home/azureuser/test/content_migrator/data/temp_data/dtp_containing_vaccine_adapted_africa.md
Saved Markdown: /home/azureuser/test/content_migrator/data/temp_data/dtp_containing_vaccine_translated_action_card.md
Created action-card resource: title='DTP containing vaccine' description='DTP containing vaccine' icon='9fdbdb5ed40a482fa8384459ec35c162' content='7f772313279e4301bf8f8de8dd78ec68' language_id='7cf6efab-a9d7-54d2-2cbd-ec82efe4a7da' region='africa' content_type='original' created_by='nanna@maternity.dk' level=None questions=None derived_from_id=None
Created action-card resource: title='DTP containing vaccine' description='DTP containing vaccine' icon='9fdbdb5ed40a482fa8384459ec35c162' content='5a35ba9c28d444e881bc6778c6354e50' language_id='7cf6efab-a9d7-54d2-2cbd-ec82efe4a7da' region='africa' content_type='adapted' created_by='nanna@maternity.dk' level=None questions=None derived_from_id=None
Created action-card resource: title='DTP containing vaccine' description='DTP containing vaccine' icon='9fdbdb5ed40a482fa8384459ec35c162' content='1ff66119242246b3892526983da14f6b' language_id='7cf6efab-a9d7-54d2-2cbd-ec82efe4a7da' region='africa' content_type='translated' created_by='nanna@maternity.dk' level=None questions=None derived_from_id=None
  ℹ️  No screens translation found for 'drug:dtp-containing-vaccine-_1708343530011', using original
Queuing drug: res-drug-dtp-containing-vaccine (Source: 'DTP containing vaccine')
  ✓ Drug inheriting module icon: 9fdbdb5e...
Saved Markdown: /home/azureuser/test/content_migrator/data/temp_data/gentamicin_original.md
Saved Markdown: /home/azureuser/test/content_migrator/data/temp_data/gentamicin_adapted_africa.md
Saved Markdown: /home/azureuser/test/content_migrator/data/temp_data/gentamicin_translated_action_card.md
Created action-card resource: title='Gentamicin' description='Gentamicin' icon='9fdbdb5ed40a482fa8384459ec35c162' content='b89e6e85d06847cd97f1be299b184122' language_id='7cf6efab-a9d7-54d2-2cbd-ec82efe4a7da' region='africa' content_type='original' created_by='nanna@maternity.dk' level=None questions=None derived_from_id=None
Created action-card resource: title='Gentamicin' description='Gentamicin' icon='9fdbdb5ed40a482fa8384459ec35c162' content='fe85dcd6148f48aa8289d5c0f86eb154' language_id='7cf6efab-a9d7-54d2-2cbd-ec82efe4a7da' region='africa' content_type='adapted' created_by='nanna@maternity.dk' level=None questions=None derived_from_id=None
Created action-card resource: title='Gentamicin' description='Gentamicin' icon='9fdbdb5ed40a482fa8384459ec35c162' content='d53ebd6539f24acb9637f13a4e21309a' language_id='7cf6efab-a9d7-54d2-2cbd-ec82efe4a7da' region='africa' content_type='translated' created_by='nanna@maternity.dk' level=None questions=None derived_from_id=None
  ℹ️  No screens translation found for 'drug:gentamicin_1487679704293', using original
Queuing drug: res-drug-gentamicin (Source: 'Gentamicin')
  ℹ️  No drugs document found for key 'gentian-violet-paint-_1708340420818' with langId='7cf6efab-a9d7-54d2-2cbd-ec82efe4a7da'.
  ℹ️  No Drugs document found for key 'gentian-violet-paint-_1708340420818' with langId='7cf6efab-a9d7-54d2-2cbd-ec82efe4a7da'.
  ⚠ SKIP: Localized drug 'gentian-violet-paint-_1708340420818' not found in 7cf6efab-a9d7-54d2-2cbd-ec82efe4a7da.
  ✓ Drug inheriting module icon: 9fdbdb5e...
Saved Markdown: /home/azureuser/test/content_migrator/data/temp_data/haemophilus_influenzae_type_b_vaccine_hib_vaccine_original.md
Saved Markdown: /home/azureuser/test/content_migrator/data/temp_data/haemophilus_influenzae_type_b_vaccine_hib_vaccine_adapted_africa.md
Saved Markdown: /home/azureuser/test/content_migrator/data/temp_data/haemophilus_influenzae_type_b_vaccine_hib_vaccine_translated_action_card.md
Created action-card resource: title='Haemophilus influenzae type b vaccine (Hib vaccine)' description='Haemophilus influenzae type b vaccine (Hib vaccine)' icon='9fdbdb5ed40a482fa8384459ec35c162' content='344151348c9b4a7089fb7e75ac98547c' language_id='7cf6efab-a9d7-54d2-2cbd-ec82efe4a7da' region='africa' content_type='original' created_by='nanna@maternity.dk' level=None questions=None derived_from_id=None
Created action-card resource: title='Haemophilus influenzae type b vaccine (Hib vaccine)' description='Haemophilus influenzae type b vaccine (Hib vaccine)' icon='9fdbdb5ed40a482fa8384459ec35c162' content='b9f4d49c3a9940a79a5f265ff49580f3' language_id='7cf6efab-a9d7-54d2-2cbd-ec82efe4a7da' region='africa' content_type='adapted' created_by='nanna@maternity.dk' level=None questions=None derived_from_id=None
Created action-card resource: title='Haemophilus influenzae type b vaccine (Hib vaccine)' description='Haemophilus influenzae type b vaccine (Hib vaccine)' icon='9fdbdb5ed40a482fa8384459ec35c162' content='7c7ac1f2224d432ca07b8405c4a3467b' language_id='7cf6efab-a9d7-54d2-2cbd-ec82efe4a7da' region='africa' content_type='translated' created_by='nanna@maternity.dk' level=None questions=None derived_from_id=None
  ℹ️  No screens translation found for 'drug:haemophilus-influenzae-type-b-vaccine-hib-vaccine-_1708343792490', using original
Queuing drug: res-drug-haemophilus-influenzae-type-b-vaccine-hib-vaccine (Source: 'Haemophilus influenzae type b vaccine (Hib vaccine)')
  ✓ Drug inheriting module icon: 9fdbdb5e...
Saved Markdown: /home/azureuser/test/content_migrator/data/temp_data/hepatitis_b_vaccine_hbv_original.md
Saved Markdown: /home/azureuser/test/content_migrator/data/temp_data/hepatitis_b_vaccine_hbv_adapted_africa.md
Saved Markdown: /home/azureuser/test/content_migrator/data/temp_data/hepatitis_b_vaccine_hbv_translated_action_card.md
Created action-card resource: title='Hepatitis B Vaccine (HBV)' description='Hepatitis B Vaccine (HBV)' icon='9fdbdb5ed40a482fa8384459ec35c162' content='54f6b37929204decbb70e366b6769d0b' language_id='7cf6efab-a9d7-54d2-2cbd-ec82efe4a7da' region='africa' content_type='original' created_by='nanna@maternity.dk' level=None questions=None derived_from_id=None
Created action-card resource: title='Hepatitis B Vaccine (HBV)' description='Hepatitis B Vaccine (HBV)' icon='9fdbdb5ed40a482fa8384459ec35c162' content='ecbb2ab2f0c74d4a911708448ade2554' language_id='7cf6efab-a9d7-54d2-2cbd-ec82efe4a7da' region='africa' content_type='adapted' created_by='nanna@maternity.dk' level=None questions=None derived_from_id=None
Created action-card resource: title='Hepatitis B Vaccine (HBV)' description='Hepatitis B Vaccine (HBV)' icon='9fdbdb5ed40a482fa8384459ec35c162' content='e51da140f6c84619a703140e882aca8e' language_id='7cf6efab-a9d7-54d2-2cbd-ec82efe4a7da' region='africa' content_type='translated' created_by='nanna@maternity.dk' level=None questions=None derived_from_id=None
  ℹ️  No screens translation found for 'drug:hepatitis-b-vaccine-hbv-_1708343661372', using original
Queuing drug: res-drug-hepatitis-b-vaccine-hbv (Source: 'Hepatitis B Vaccine (HBV)')
  ✓ Drug inheriting module icon: 9fdbdb5e...
Saved Markdown: /home/azureuser/test/content_migrator/data/temp_data/oral_polio_vaccine_opv_original.md
Saved Markdown: /home/azureuser/test/content_migrator/data/temp_data/oral_polio_vaccine_opv_adapted_africa.md
Saved Markdown: /home/azureuser/test/content_migrator/data/temp_data/oral_polio_vaccine_opv_translated_action_card.md
Created action-card resource: title='Oral Polio Vaccine (OPV)' description='Oral Polio Vaccine (OPV)' icon='9fdbdb5ed40a482fa8384459ec35c162' content='53e3ae6bc96f452fb8869af9fb9ed404' language_id='7cf6efab-a9d7-54d2-2cbd-ec82efe4a7da' region='africa' content_type='original' created_by='nanna@maternity.dk' level=None questions=None derived_from_id=None
Created action-card resource: title='Oral Polio Vaccine (OPV)' description='Oral Polio Vaccine (OPV)' icon='9fdbdb5ed40a482fa8384459ec35c162' content='2008dd906bbd45908bc47c76b28eb38e' language_id='7cf6efab-a9d7-54d2-2cbd-ec82efe4a7da' region='africa' content_type='adapted' created_by='nanna@maternity.dk' level=None questions=None derived_from_id=None
Created action-card resource: title='Oral Polio Vaccine (OPV)' description='Oral Polio Vaccine (OPV)' icon='9fdbdb5ed40a482fa8384459ec35c162' content='1d946bfe55f04b8e9605cd9f87b0333c' language_id='7cf6efab-a9d7-54d2-2cbd-ec82efe4a7da' region='africa' content_type='translated' created_by='nanna@maternity.dk' level=None questions=None derived_from_id=None
  ℹ️  No screens translation found for 'drug:oral-polio-vaccine-opv-_1708343038007', using original
Queuing drug: res-drug-oral-polio-vaccine-opv (Source: 'Oral Polio Vaccine (OPV)')
  ✓ Drug inheriting module icon: 9fdbdb5e...
Saved Markdown: /home/azureuser/test/content_migrator/data/temp_data/pneumococcal_conjugate_original.md
Saved Markdown: /home/azureuser/test/content_migrator/data/temp_data/pneumococcal_conjugate_adapted_africa.md
Saved Markdown: /home/azureuser/test/content_migrator/data/temp_data/pneumococcal_conjugate_translated_action_card.md
Created action-card resource: title='Pneumococcal conjugate' description='Pneumococcal conjugate' icon='9fdbdb5ed40a482fa8384459ec35c162' content='d663958f56e14527bcd267b5668aa68c' language_id='7cf6efab-a9d7-54d2-2cbd-ec82efe4a7da' region='africa' content_type='original' created_by='nanna@maternity.dk' level=None questions=None derived_from_id=None
Created action-card resource: title='Pneumococcal conjugate' description='Pneumococcal conjugate' icon='9fdbdb5ed40a482fa8384459ec35c162' content='4450504eea8c4c5e97020e290630de29' language_id='7cf6efab-a9d7-54d2-2cbd-ec82efe4a7da' region='africa' content_type='adapted' created_by='nanna@maternity.dk' level=None questions=None derived_from_id=None
Created action-card resource: title='Pneumococcal conjugate' description='Pneumococcal conjugate' icon='9fdbdb5ed40a482fa8384459ec35c162' content='1217caac6ee140c88114c3e987db2843' language_id='7cf6efab-a9d7-54d2-2cbd-ec82efe4a7da' region='africa' content_type='translated' created_by='nanna@maternity.dk' level=None questions=None derived_from_id=None
  ℹ️  No screens translation found for 'drug:pneumococcal-conjugate-_1708343922630', using original
Queuing drug: res-drug-pneumococcal-conjugate (Source: 'Pneumococcal conjugate')
  ✓ Drug inheriting module icon: 9fdbdb5e...
Saved Markdown: /home/azureuser/test/content_migrator/data/temp_data/rotavirus_vaccine_original.md
Saved Markdown: /home/azureuser/test/content_migrator/data/temp_data/rotavirus_vaccine_adapted_africa.md
Saved Markdown: /home/azureuser/test/content_migrator/data/temp_data/rotavirus_vaccine_translated_action_card.md
Created action-card resource: title='Rotavirus vaccine' description='Rotavirus vaccine' icon='9fdbdb5ed40a482fa8384459ec35c162' content='3d8bb3b64d704881bb8efb08e4f44dbb' language_id='7cf6efab-a9d7-54d2-2cbd-ec82efe4a7da' region='africa' content_type='original' created_by='nanna@maternity.dk' level=None questions=None derived_from_id=None
Created action-card resource: title='Rotavirus vaccine' description='Rotavirus vaccine' icon='9fdbdb5ed40a482fa8384459ec35c162' content='2a39ef3437024c0aa1e84176b3a188ab' language_id='7cf6efab-a9d7-54d2-2cbd-ec82efe4a7da' region='africa' content_type='adapted' created_by='nanna@maternity.dk' level=None questions=None derived_from_id=None
Created action-card resource: title='Rotavirus vaccine' description='Rotavirus vaccine' icon='9fdbdb5ed40a482fa8384459ec35c162' content='a47f5d65002140b4a1b30150c304c00a' language_id='7cf6efab-a9d7-54d2-2cbd-ec82efe4a7da' region='africa' content_type='translated' created_by='nanna@maternity.dk' level=None questions=None derived_from_id=None
  ℹ️  No screens translation found for 'drug:rotavirus-vaccine-_1708344061677', using original
Queuing drug: res-drug-rotavirus-vaccine (Source: 'Rotavirus vaccine')
  ✓ Drug inheriting module icon: 9fdbdb5e...
Saved Markdown: /home/azureuser/test/content_migrator/data/temp_data/vitamin_d_original.md
Saved Markdown: /home/azureuser/test/content_migrator/data/temp_data/vitamin_d_adapted_africa.md
Saved Markdown: /home/azureuser/test/content_migrator/data/temp_data/vitamin_d_translated_action_card.md
Created action-card resource: title='Vitamin D' description='Vitamin D' icon='9fdbdb5ed40a482fa8384459ec35c162' content='02293aeb40164df0891d9f13c132ff31' language_id='7cf6efab-a9d7-54d2-2cbd-ec82efe4a7da' region='africa' content_type='original' created_by='nanna@maternity.dk' level=None questions=None derived_from_id=None
Created action-card resource: title='Vitamin D' description='Vitamin D' icon='9fdbdb5ed40a482fa8384459ec35c162' content='66d8d4b94a6f482cb8423d663c56fa84' language_id='7cf6efab-a9d7-54d2-2cbd-ec82efe4a7da' region='africa' content_type='adapted' created_by='nanna@maternity.dk' level=None questions=None derived_from_id=None
Created action-card resource: title='Vitamin D' description='Vitamin D' icon='9fdbdb5ed40a482fa8384459ec35c162' content='aa0dfb03a16c40ac9f2bb0efda25e0cd' language_id='7cf6efab-a9d7-54d2-2cbd-ec82efe4a7da' region='africa' content_type='translated' created_by='nanna@maternity.dk' level=None questions=None derived_from_id=None
  ℹ️  No screens translation found for 'drug:vitamin-d_1708339629029', using original
Queuing drug: res-drug-vitamin-d (Source: 'Vitamin D')
Mapping language:   7cf6efab-a9d7-54d2-2cbd-ec82efe4a7da
  ℹ️  No key-learning-points document found for key 'how-many-postnatal-care-visits-are-recommended-_1708338097739' with langId='7cf6efab-a9d7-54d2-2cbd-ec82efe4a7da'.
  ℹ️  No keyLearningPoints document found for key 'how-many-postnatal-care-visits-are-recommended-_1708338097739' with langId='7cf6efab-a9d7-54d2-2cbd-ec82efe4a7da'.
  ⚠ SKIP: Localized KLP 'how-many-postnatal-care-visits-are-recommended-_1708338097739' not found in 7cf6efab-a9d7-54d2-2cbd-ec82efe4a7da.
  ℹ️  No key-learning-points document found for key 'when-is-the-woman-in-the-postnatal-period-_1708426438628' with langId='7cf6efab-a9d7-54d2-2cbd-ec82efe4a7da'.
  ℹ️  No keyLearningPoints document found for key 'when-is-the-woman-in-the-postnatal-period-_1708426438628' with langId='7cf6efab-a9d7-54d2-2cbd-ec82efe4a7da'.
  ⚠ SKIP: Localized KLP 'when-is-the-woman-in-the-postnatal-period-_1708426438628' not found in 7cf6efab-a9d7-54d2-2cbd-ec82efe4a7da.
Using cached asset_id: 36e194fe872e4dfe961032d77e73ce38
  ✓ KLP question 1 icon uploaded: 36e194fe...
  ℹ️  No screens translation found for 'key-learning-point:which-statements-are-true-regarding-partner-involvement-in-postnatal-care-_1708430570426'
Queued KLP to klps.csv: klp-1-which-statements-are-true-regarding-partner-involvement-in-postnatal-care
Using cached asset_id: f1a1f106868c4b54b42d707d5569c2c5
  ✓ KLP question 1 icon uploaded: f1a1f106...
  ℹ️  No screens translation found for 'key-learning-point:what-does-the-regular-assessments-of-the-mother-include-during-the-first-24-hours-after-birth_1708430664113'
Queued KLP to klps.csv: klp-1-what-does-the-regular-assessments-of-the-mother-include-during-the-first-24-hours-after-birth
Using cached asset_id: 9210dd87f1bd43dd85ab40979207f33b
  ✓ KLP question 1 icon uploaded: 9210dd87...
  ℹ️  No screens translation found for 'key-learning-point:the-postnatal-woman-contacts-you-because-she-experiences-bleeding-after-birth-when-should-you-advise-her-to-go-to-the-hospital-_1708431210835'
Queued KLP to klps.csv: klp-2-pnc-bleeding-after-birth
Using cached asset_id: 56454e3954884f7585eac25fbd1638be
  ✓ KLP question 1 icon uploaded: 56454e39...
  ℹ️  No screens translation found for 'key-learning-point:what-is-part-of-the-initial-postnatal-care-counselling_1708433312183'
Queued KLP to klps.csv: klp-1-what-is-part-of-the-initial-postnatal-care-counselling
Using cached asset_id: af5b5129d3504e26b920796fd4471c99
  ✓ KLP question 1 icon uploaded: af5b5129...
  ℹ️  No screens translation found for 'key-learning-point:for-how-long-should-the-postnatal-woman-be-recommended-to-take-iron-in-anaemia-risk-settings-_1708433412906'
Queued KLP to klps.csv: klp-3-for-how-long-should-the-postnatal-woman-be-recommended-to-take-iron-in-anaemia-risk-settings
Using cached asset_id: 02533b213284403b8316dfed13acfa4c
  ✓ KLP question 1 icon uploaded: 02533b21...
  ℹ️  No screens translation found for 'key-learning-point:what-kind-of-pain-relief-can-you-offer-the-woman-postpartum-for-perineal-pain_1708433540634'
Queued KLP to klps.csv: klp-2-what-kind-of-pain-relief-can-you-offer-the-woman-postpartum-for-perineal-pain
  ℹ️  No key-learning-points document found for key 'what-are-the-signs-of-postpartum-uterine-infection-_1708433641400' with langId='7cf6efab-a9d7-54d2-2cbd-ec82efe4a7da'.
  ℹ️  No keyLearningPoints document found for key 'what-are-the-signs-of-postpartum-uterine-infection-_1708433641400' with langId='7cf6efab-a9d7-54d2-2cbd-ec82efe4a7da'.
  ⚠ SKIP: Localized KLP 'what-are-the-signs-of-postpartum-uterine-infection-_1708433641400' not found in 7cf6efab-a9d7-54d2-2cbd-ec82efe4a7da.
  ℹ️  No key-learning-points document found for key 'what-are-the-signs-of-thromboembolism_1708433758043' with langId='7cf6efab-a9d7-54d2-2cbd-ec82efe4a7da'.
  ℹ️  No keyLearningPoints document found for key 'what-are-the-signs-of-thromboembolism_1708433758043' with langId='7cf6efab-a9d7-54d2-2cbd-ec82efe4a7da'.
  ⚠ SKIP: Localized KLP 'what-are-the-signs-of-thromboembolism_1708433758043' not found in 7cf6efab-a9d7-54d2-2cbd-ec82efe4a7da.
Using cached asset_id: 2098b6e1e31f47519e30235e48ff06f4
  ✓ KLP question 1 icon uploaded: 2098b6e1...
  ℹ️  No screens translation found for 'key-learning-point:a-woman-comes-to-the-health-facility-with-dizziness-nausea-and-headache-three-days-postpartum-what-do-you-do-_1708434509039'
Queued KLP to klps.csv: klp-2-dizziness-nausea-and-headache-three-days-postpartum
  ℹ️  No key-learning-points document found for key 'what-statements-are-correct-regarding-disease-prevention-after-birth-_1708434621907' with langId='7cf6efab-a9d7-54d2-2cbd-ec82efe4a7da'.
  ℹ️  No keyLearningPoints document found for key 'what-statements-are-correct-regarding-disease-prevention-after-birth-_1708434621907' with langId='7cf6efab-a9d7-54d2-2cbd-ec82efe4a7da'.
  ⚠ SKIP: Localized KLP 'what-statements-are-correct-regarding-disease-prevention-after-birth-_1708434621907' not found in 7cf6efab-a9d7-54d2-2cbd-ec82efe4a7da.
Using cached asset_id: 8b5309c834804e6297b86f899a61e055
  ✓ KLP question 1 icon uploaded: 8b5309c8...
  ℹ️  No screens translation found for 'key-learning-point:upon-discharge-when-should-you-tell-the-mother-to-react-and-contact-you-_1708434687399'
Queued KLP to klps.csv: klp-1-upon-discharge-when-should-you-tell-the-mother-to-react-and-contact-you
  ℹ️  No key-learning-points document found for key 'which-screenings-are-recommended-for-all-newborns-upon-discharge_1708434992846' with langId='7cf6efab-a9d7-54d2-2cbd-ec82efe4a7da'.
  ℹ️  No keyLearningPoints document found for key 'which-screenings-are-recommended-for-all-newborns-upon-discharge_1708434992846' with langId='7cf6efab-a9d7-54d2-2cbd-ec82efe4a7da'.
  ⚠ SKIP: Localized KLP 'which-screenings-are-recommended-for-all-newborns-upon-discharge_1708434992846' not found in 7cf6efab-a9d7-54d2-2cbd-ec82efe4a7da.
Using cached asset_id: 965719f3f60e4d2dbfb5adb6fafcbfa6
  ✓ KLP question 1 icon uploaded: 965719f3...
  ℹ️  No screens translation found for 'key-learning-point:which-of-the-following-statements-on-breastfeeding-are-true_1708435604514'
Queued KLP to klps.csv: klp-2-which-of-the-following-statements-on-breastfeeding-are-true
Using cached asset_id: d24d0cb8b5da49309489969b979834d4
  ✓ KLP question 1 icon uploaded: d24d0cb8...
  ℹ️  No screens translation found for 'key-learning-point:how-much-weight-should-the-newborn-gain-during-the-first-2-4-weeks-_1708435704014'
Queued KLP to klps.csv: klp-3-how-much-weight-should-the-newborn-gain-during-the-first-2-4-weeks
Using cached asset_id: 4855c7d34a7944a19f1c37bc32629271
  ✓ KLP question 1 icon uploaded: 4855c7d3...
  ℹ️  No screens translation found for 'key-learning-point:what-is-true-regarding-newborn-weight-monitoring-_1708436407320'
Queued KLP to klps.csv: klp-3-what-is-true-regarding-newborn-weight-monitoring
  ℹ️  No key-learning-points document found for key 'what-percentage-of-chlorhexidine-solution-should-you-apply-to-the-umbilical-cord-in-settings-where-harmful-cord-practices-are-done-_1708436546013' with langId='7cf6efab-a9d7-54d2-2cbd-ec82efe4a7da'.
  ℹ️  No keyLearningPoints document found for key 'what-percentage-of-chlorhexidine-solution-should-you-apply-to-the-umbilical-cord-in-settings-where-harmful-cord-practices-are-done-_1708436546013' with langId='7cf6efab-a9d7-54d2-2cbd-ec82efe4a7da'.
  ⚠ SKIP: Localized KLP 'what-percentage-of-chlorhexidine-solution-should-you-apply-to-the-umbilical-cord-in-settings-where-harmful-cord-practices-are-done-_1708436546013' not found in 7cf6efab-a9d7-54d2-2cbd-ec82efe4a7da.
Using cached asset_id: 3136aed61b1242d5aec04668d00a9c42
  ✓ KLP question 1 icon uploaded: 3136aed6...
  ℹ️  No screens translation found for 'key-learning-point:what-is-true-about-yellowing-of-the-skin-jaundice-in-the-newborn-_1708436847651'
Queued KLP to klps.csv: klp-2-what-is-true-about-yellowing-of-the-skin-jaundice-in-the-newborn
Using cached asset_id: 5b60b7b100d147f69bb10322e374d30a
  ✓ KLP question 1 icon uploaded: 5b60b7b1...
  ℹ️  No screens translation found for 'key-learning-point:what-is-the-normal-body-temperature-for-a-newborn-_1708436962803'
Queued KLP to klps.csv: klp-1-what-is-the-normal-body-temperature-for-a-newborn
Using cached asset_id: a70afd8ad6d745dca30fa5858860c513
  ✓ KLP question 1 icon uploaded: a70afd8a...
  ℹ️  No screens translation found for 'key-learning-point:if-a-woman-experience-breast-engorgement-what-should-you-advise-her-to-do-to-prevent-mastitis-_1708437156156'
Queued KLP to klps.csv: klp-3-if-a-woman-experience-breast-engorgement-what-should-you-advise-her-to-do-to-prevent-mastitis
Using cached asset_id: e4ae4a241b9c4c37ace0a27f2c211846
  ✓ KLP question 1 icon uploaded: e4ae4a24...
  ℹ️  No screens translation found for 'key-learning-point:which-statement-about-breastfeeding-is-false_1708936530265'
Queued KLP to klps.csv: klp-3-which-statement-about-breastfeeding-is-false
Using cached asset_id: 09b44bfc444348b1aa610210f0f8ada8
  ✓ KLP question 1 icon uploaded: 09b44bfc...
  ℹ️  No screens translation found for 'key-learning-point:what-can-be-the-cause-of-sore-and-cracked-nipples-_1708937645129'
Queued KLP to klps.csv: klp-3-what-can-be-the-cause-of-sore-and-cracked-nipples
  ℹ️  No key-learning-points document found for key 'what-indicates-postnatal-perineal-traumainfection_1708937721413' with langId='7cf6efab-a9d7-54d2-2cbd-ec82efe4a7da'.
  ℹ️  No keyLearningPoints document found for key 'what-indicates-postnatal-perineal-traumainfection_1708937721413' with langId='7cf6efab-a9d7-54d2-2cbd-ec82efe4a7da'.
  ⚠ SKIP: Localized KLP 'what-indicates-postnatal-perineal-traumainfection_1708937721413' not found in 7cf6efab-a9d7-54d2-2cbd-ec82efe4a7da.
Using cached asset_id: 9ad3a14c598b45a1a3170abf62c9114a
  ✓ KLP question 1 icon uploaded: 9ad3a14c...
  ℹ️  No screens translation found for 'key-learning-point:what-is-true-about-postpartum-blues-_1708937836407'
Queued KLP to klps.csv: klp-2-what-is-true-about-postpartum-blues
Using cached asset_id: d477d2a3640c47829e576238d13ad183
  ✓ KLP question 1 icon uploaded: d477d2a3...
  ℹ️  No screens translation found for 'key-learning-point:how-would-you-treat-anaemia-postpartum_1708948712736'
Queued KLP to klps.csv: klp-3-how-would-you-treat-anaemia-postpartum
  ℹ️  No key-learning-points document found for key 'what-is-important-to-ask-and-know-when-counselling-the-woman-on-postpartum-contraceptives-_1708950020663' with langId='7cf6efab-a9d7-54d2-2cbd-ec82efe4a7da'.
  ℹ️  No keyLearningPoints document found for key 'what-is-important-to-ask-and-know-when-counselling-the-woman-on-postpartum-contraceptives-_1708950020663' with langId='7cf6efab-a9d7-54d2-2cbd-ec82efe4a7da'.
  ⚠ SKIP: Localized KLP 'what-is-important-to-ask-and-know-when-counselling-the-woman-on-postpartum-contraceptives-_1708950020663' not found in 7cf6efab-a9d7-54d2-2cbd-ec82efe4a7da.
  ℹ️  No key-learning-points document found for key 'which-contraceptive-methods-are-recommended-to-use-immediately-postpartum-if-the-woman-is-breastfeeding-_1708950346709' with langId='7cf6efab-a9d7-54d2-2cbd-ec82efe4a7da'.
  ℹ️  No keyLearningPoints document found for key 'which-contraceptive-methods-are-recommended-to-use-immediately-postpartum-if-the-woman-is-breastfeeding-_1708950346709' with langId='7cf6efab-a9d7-54d2-2cbd-ec82efe4a7da'.
  ⚠ SKIP: Localized KLP 'which-contraceptive-methods-are-recommended-to-use-immediately-postpartum-if-the-woman-is-breastfeeding-_1708950346709' not found in 7cf6efab-a9d7-54d2-2cbd-ec82efe4a7da.
  ℹ️  No key-learning-points document found for key 'what-are-the-signs-of-an-effective-attachment-when-breastfeeding-_1708950498224' with langId='7cf6efab-a9d7-54d2-2cbd-ec82efe4a7da'.
  ℹ️  No keyLearningPoints document found for key 'what-are-the-signs-of-an-effective-attachment-when-breastfeeding-_1708950498224' with langId='7cf6efab-a9d7-54d2-2cbd-ec82efe4a7da'.
  ⚠ SKIP: Localized KLP 'what-are-the-signs-of-an-effective-attachment-when-breastfeeding-_1708950498224' not found in 7cf6efab-a9d7-54d2-2cbd-ec82efe4a7da.
Using cached asset_id: e6951b863f074a41bb18b05f24888483
  ✓ KLP question 1 icon uploaded: e6951b86...
  ℹ️  No screens translation found for 'key-learning-point:what-is-the-correct-order-for-how-to-treat-an-eye-infection-in-the-newborn-_1708950643620'
Queued KLP to klps.csv: klp-2-what-is-the-correct-order-for-how-to-treat-an-eye-infection-in-the-newborn
  ℹ️  No key-learning-points document found for key 'what-is-true-about-hiv-infection-and-breastfeeding-_1708951024256' with langId='7cf6efab-a9d7-54d2-2cbd-ec82efe4a7da'.
  ℹ️  No keyLearningPoints document found for key 'what-is-true-about-hiv-infection-and-breastfeeding-_1708951024256' with langId='7cf6efab-a9d7-54d2-2cbd-ec82efe4a7da'.
  ⚠ SKIP: Localized KLP 'what-is-true-about-hiv-infection-and-breastfeeding-_1708951024256' not found in 7cf6efab-a9d7-54d2-2cbd-ec82efe4a7da.
Using cached asset_id: f1a1f106868c4b54b42d707d5569c2c5
  ✓ KLP question 1 icon uploaded: f1a1f106...
  ℹ️  No screens translation found for 'key-learning-point:what-should-you-advice-and-support-the-woman-to-do-within-the-first-24-hours-after-birth-_1708951275859'
Queued KLP to klps.csv: klp-1-what-should-you-advice-and-support-the-woman-to-do-within-the-first-24-hours-after-birth
Using cached asset_id: 96cda28c00e44abd9987f250928ca1a3
  ✓ KLP question 1 icon uploaded: 96cda28c...
  ℹ️  No screens translation found for 'key-learning-point:what-questions-will-you-ask-a-postpartum-woman-during-the-routine-pnc-assessment_1708951398534'
Queued KLP to klps.csv: klp-1-what-questions-will-you-ask-a-postpartum-woman-during-the-routine-pnc-assessment
Using cached asset_id: ca57c1b01fc24fef8c8233e479efcc15
  ✓ KLP question 1 icon uploaded: ca57c1b0...
  ℹ️  No screens translation found for 'key-learning-point:what-is-false-about-safe-sleep-for-the-newborn-_1708951986869'
Queued KLP to klps.csv: klp-3-what-is-false-about-safe-sleep-for-the-newborn
  ℹ️  No key-learning-points document found for key 'when-should-the-mother-alert-you-regarding-the-newborn-within-the-first-24-hours-of-birth_1708952123305' with langId='7cf6efab-a9d7-54d2-2cbd-ec82efe4a7da'.
  ℹ️  No keyLearningPoints document found for key 'when-should-the-mother-alert-you-regarding-the-newborn-within-the-first-24-hours-of-birth_1708952123305' with langId='7cf6efab-a9d7-54d2-2cbd-ec82efe4a7da'.
  ⚠ SKIP: Localized KLP 'when-should-the-mother-alert-you-regarding-the-newborn-within-the-first-24-hours-of-birth_1708952123305' not found in 7cf6efab-a9d7-54d2-2cbd-ec82efe4a7da.
  ℹ️  No key-learning-points document found for key 'when-should-urine-output-be-checked-and-documented_1709890195495' with langId='7cf6efab-a9d7-54d2-2cbd-ec82efe4a7da'.
  ℹ️  No keyLearningPoints document found for key 'when-should-urine-output-be-checked-and-documented_1709890195495' with langId='7cf6efab-a9d7-54d2-2cbd-ec82efe4a7da'.
  ⚠ SKIP: Localized KLP 'when-should-urine-output-be-checked-and-documented_1709890195495' not found in 7cf6efab-a9d7-54d2-2cbd-ec82efe4a7da.
  Step 2: Queuing module payload with resource slugs...
Using cached asset_id: 9fdbdb5ed40a482fa8384459ec35c162
Skipping previously failed asset: https://sdacms.blob.core.windows.net/content/assets/videos/english%20WHO/Postnatal%20Care/intro.mp4
Warning: Failed to process video asset: /english WHO/Postnatal Care/intro
Skipping previously failed asset: https://sdacms.blob.core.windows.net/content/assets/videos/english%20WHO/Postnatal%20Care/postnatal_care_schedule.mp4
Warning: Failed to process video asset: /english WHO/Postnatal Care/postnatal_care_schedule
Skipping previously failed asset: https://sdacms.blob.core.windows.net/content/assets/videos/english%20WHO/Postnatal%20Care/initial_postnatal_assessment.mp4
Warning: Failed to process video asset: /english WHO/Postnatal Care/initial_postnatal_assessment
Skipping previously failed asset: https://sdacms.blob.core.windows.net/content/assets/videos/english%20WHO/Postnatal%20Care/postnatal_care_counselling.mp4
Warning: Failed to process video asset: /english WHO/Postnatal Care/postnatal_care_counselling
Skipping previously failed asset: https://sdacms.blob.core.windows.net/content/assets/videos/english%20WHO/Postnatal%20Care/routine_postnatal_assessment_and_care.mp4
Warning: Failed to process video asset: /english WHO/Postnatal Care/routine_postnatal_assessment_and_care
Skipping previously failed asset: https://sdacms.blob.core.windows.net/content/assets/videos/english%20WHO/Postnatal%20Care/postnatal_pain_management.mp4
Warning: Failed to process video asset: /english WHO/Postnatal Care/postnatal_pain_management
Skipping previously failed asset: https://sdacms.blob.core.windows.net/content/assets/videos/english%20WHO/Postnatal%20Care/care_of_the_newborn.mp4
Warning: Failed to process video asset: /english WHO/Postnatal Care/care_of_the_newborn
Skipping previously failed asset: https://sdacms.blob.core.windows.net/content/assets/videos/english%20WHO/Postnatal%20Care/routine_assessment_of_the_newborn.mp4
Warning: Failed to process video asset: /english WHO/Postnatal Care/routine_assessment_of_the_newborn
Skipping previously failed asset: https://sdacms.blob.core.windows.net/content/assets/videos/english%20WHO/Postnatal%20Care/newborn_care_counselling.mp4
Warning: Failed to process video asset: /english WHO/Postnatal Care/newborn_care_counselling
  → Using bundle description fallback for translated module
  → Queued module 'Postnatal Care' -> /home/azureuser/test/content_migrator/data/processed_data/modules.csv
  → Found English title from Cosmos (key='antenatal-care_1681981997823'): 'Antenatal Care'
[ModuleMigrator] Using Cosmos doc resource lists for TRANSLATED module 'antenatal-care_1681981997823' (lang: 7cf6efab-a9d7-54d2-2cbd-ec82efe4a7da)
  actionCards: 7 keys
  procedures: 4 keys
  drugs: 21 keys
  keyLearningPoints: 36 keys
  videos: 7 keys
  ⚠ STRUCTURAL VIOLATION: Global identity document not found in Cosmos for localized module 'antenatal-care'. Proceeding with placeholder title: Antenatal Care
  Step 1: Preparing module resources (queue)...
Loaded 511 existing resource mappings
Mapping language:   7cf6efab-a9d7-54d2-2cbd-ec82efe4a7da
  DEBUG: Found 7 videos in module
Downloading video asset from https://sdacms.blob.core.windows.net/content/assets/videos/english%20WHO/Antenatal%20Care/intro.mp4
Error downloading video asset https://sdacms.blob.core.windows.net/content/assets/videos/english%20WHO/Antenatal%20Care/intro.mp4: 404 Client Error: The specified blob does not exist. for url: https://sdacms.blob.core.windows.net/content/assets/videos/english%20WHO/Antenatal%20Care/intro.mp4
Video icon URL: english%20WHO/Antenatal%20Care/intro
Video icon URL: english%20WHO/Antenatal%20Care/intro
Downloading video_icon asset from https://sdacms.blob.core.windows.net/content/assets/videos/english%20WHO/Antenatal%20Care/intro.png
Error downloading video_icon asset https://sdacms.blob.core.windows.net/content/assets/videos/english%20WHO/Antenatal%20Care/intro.png: 404 Client Error: The specified blob does not exist. for url: https://sdacms.blob.core.windows.net/content/assets/videos/english%20WHO/Antenatal%20Care/intro.png
Skipping video '/english WHO/Antenatal Care/intro' - missing asset upload
Downloading video asset from https://sdacms.blob.core.windows.net/content/assets/videos/english%20WHO/Antenatal%20Care/antenatal_care_schedule.mp4
Error downloading video asset https://sdacms.blob.core.windows.net/content/assets/videos/english%20WHO/Antenatal%20Care/antenatal_care_schedule.mp4: 404 Client Error: The specified blob does not exist. for url: https://sdacms.blob.core.windows.net/content/assets/videos/english%20WHO/Antenatal%20Care/antenatal_care_schedule.mp4
Video icon URL: english%20WHO/Antenatal%20Care/antenatal_care_schedule
Video icon URL: english%20WHO/Antenatal%20Care/antenatal_care_schedule
Downloading video_icon asset from https://sdacms.blob.core.windows.net/content/assets/videos/english%20WHO/Antenatal%20Care/antenatal_care_schedule.png
Error downloading video_icon asset https://sdacms.blob.core.windows.net/content/assets/videos/english%20WHO/Antenatal%20Care/antenatal_care_schedule.png: 404 Client Error: The specified blob does not exist. for url: https://sdacms.blob.core.windows.net/content/assets/videos/english%20WHO/Antenatal%20Care/antenatal_care_schedule.png
Skipping video '/english WHO/Antenatal Care/antenatal_care_schedule' - missing asset upload
Downloading video asset from https://sdacms.blob.core.windows.net/content/assets/videos/english%20WHO/Antenatal%20Care/respectful_maternity_care.mp4
Error downloading video asset https://sdacms.blob.core.windows.net/content/assets/videos/english%20WHO/Antenatal%20Care/respectful_maternity_care.mp4: 404 Client Error: The specified blob does not exist. for url: https://sdacms.blob.core.windows.net/content/assets/videos/english%20WHO/Antenatal%20Care/respectful_maternity_care.mp4
Video icon URL: english%20WHO/Antenatal%20Care/respectful_maternity_care
Video icon URL: english%20WHO/Antenatal%20Care/respectful_maternity_care
Downloading video_icon asset from https://sdacms.blob.core.windows.net/content/assets/videos/english%20WHO/Antenatal%20Care/respectful_maternity_care.png
Error downloading video_icon asset https://sdacms.blob.core.windows.net/content/assets/videos/english%20WHO/Antenatal%20Care/respectful_maternity_care.png: 404 Client Error: The specified blob does not exist. for url: https://sdacms.blob.core.windows.net/content/assets/videos/english%20WHO/Antenatal%20Care/respectful_maternity_care.png
Skipping video '/english WHO/Antenatal Care/respectful_maternity_care' - missing asset upload
Downloading video asset from https://sdacms.blob.core.windows.net/content/assets/videos/english%20WHO/Antenatal%20Care/first_contact_in_pregnancy.mp4
Error downloading video asset https://sdacms.blob.core.windows.net/content/assets/videos/english%20WHO/Antenatal%20Care/first_contact_in_pregnancy.mp4: 404 Client Error: The specified blob does not exist. for url: https://sdacms.blob.core.windows.net/content/assets/videos/english%20WHO/Antenatal%20Care/first_contact_in_pregnancy.mp4
Video icon URL: english%20WHO/Antenatal%20Care/first_contact_in_pregnancy
Video icon URL: english%20WHO/Antenatal%20Care/first_contact_in_pregnancy
Downloading video_icon asset from https://sdacms.blob.core.windows.net/content/assets/videos/english%20WHO/Antenatal%20Care/first_contact_in_pregnancy.png
Error downloading video_icon asset https://sdacms.blob.core.windows.net/content/assets/videos/english%20WHO/Antenatal%20Care/first_contact_in_pregnancy.png: 404 Client Error: The specified blob does not exist. for url: https://sdacms.blob.core.windows.net/content/assets/videos/english%20WHO/Antenatal%20Care/first_contact_in_pregnancy.png
Skipping video '/english WHO/Antenatal Care/first_contact_in_pregnancy' - missing asset upload
Downloading video asset from https://sdacms.blob.core.windows.net/content/assets/videos/english%20WHO/Antenatal%20Care/routine_antenatal_assessment_of_the_women.mp4
Error downloading video asset https://sdacms.blob.core.windows.net/content/assets/videos/english%20WHO/Antenatal%20Care/routine_antenatal_assessment_of_the_women.mp4: 404 Client Error: The specified blob does not exist. for url: https://sdacms.blob.core.windows.net/content/assets/videos/english%20WHO/Antenatal%20Care/routine_antenatal_assessment_of_the_women.mp4
Video icon URL: english%20WHO/Antenatal%20Care/routine_antenatal_assessment_of_the_women
Video icon URL: english%20WHO/Antenatal%20Care/routine_antenatal_assessment_of_the_women
Downloading video_icon asset from https://sdacms.blob.core.windows.net/content/assets/videos/english%20WHO/Antenatal%20Care/routine_antenatal_assessment_of_the_women.png
Error downloading video_icon asset https://sdacms.blob.core.windows.net/content/assets/videos/english%20WHO/Antenatal%20Care/routine_antenatal_assessment_of_the_women.png: 404 Client Error: The specified blob does not exist. for url: https://sdacms.blob.core.windows.net/content/assets/videos/english%20WHO/Antenatal%20Care/routine_antenatal_assessment_of_the_women.png
Skipping video '/english WHO/Antenatal Care/routine_antenatal_assessment_of_the_women' - missing asset upload
Downloading video asset from https://sdacms.blob.core.windows.net/content/assets/videos/english%20WHO/Antenatal%20Care/routine_antenatal_assessment_of_the_foetus.mp4
Error downloading video asset https://sdacms.blob.core.windows.net/content/assets/videos/english%20WHO/Antenatal%20Care/routine_antenatal_assessment_of_the_foetus.mp4: 404 Client Error: The specified blob does not exist. for url: https://sdacms.blob.core.windows.net/content/assets/videos/english%20WHO/Antenatal%20Care/routine_antenatal_assessment_of_the_foetus.mp4
Video icon URL: english%20WHO/Antenatal%20Care/routine_antenatal_assessment_of_the_foetus
Video icon URL: english%20WHO/Antenatal%20Care/routine_antenatal_assessment_of_the_foetus
Downloading video_icon asset from https://sdacms.blob.core.windows.net/content/assets/videos/english%20WHO/Antenatal%20Care/routine_antenatal_assessment_of_the_foetus.png
Error downloading video_icon asset https://sdacms.blob.core.windows.net/content/assets/videos/english%20WHO/Antenatal%20Care/routine_antenatal_assessment_of_the_foetus.png: 404 Client Error: The specified blob does not exist. for url: https://sdacms.blob.core.windows.net/content/assets/videos/english%20WHO/Antenatal%20Care/routine_antenatal_assessment_of_the_foetus.png
Skipping video '/english WHO/Antenatal Care/routine_antenatal_assessment_of_the_foetus' - missing asset upload
Downloading video asset from https://sdacms.blob.core.windows.net/content/assets/videos/english%20WHO/Antenatal%20Care/counselling.mp4
Error downloading video asset https://sdacms.blob.core.windows.net/content/assets/videos/english%20WHO/Antenatal%20Care/counselling.mp4: 404 Client Error: The specified blob does not exist. for url: https://sdacms.blob.core.windows.net/content/assets/videos/english%20WHO/Antenatal%20Care/counselling.mp4
Video icon URL: english%20WHO/Antenatal%20Care/counselling
Video icon URL: english%20WHO/Antenatal%20Care/counselling
Downloading video_icon asset from https://sdacms.blob.core.windows.net/content/assets/videos/english%20WHO/Antenatal%20Care/counselling.png
Error downloading video_icon asset https://sdacms.blob.core.windows.net/content/assets/videos/english%20WHO/Antenatal%20Care/counselling.png: 404 Client Error: The specified blob does not exist. for url: https://sdacms.blob.core.windows.net/content/assets/videos/english%20WHO/Antenatal%20Care/counselling.png
Skipping video '/english WHO/Antenatal Care/counselling' - missing asset upload
  DEBUG: Found 7 action cards in module
Mapping language:   7cf6efab-a9d7-54d2-2cbd-ec82efe4a7da
Using cached asset_id: 0ecf8a4bd6c84c2a85221e4f0811fe31
CACHED: Saved new asset_id '55772f7f8b504bbe9011b95b84ae082b' for path 'https://sdacms.blob.core.windows.net/content/assets/images/africa/richtext/privacy.png'
CACHED: Saved new asset_id 'f667c19a17314065a6083525c9cedf7a' for path 'https://sdacms.blob.core.windows.net/content/assets/images/africa/richtext/screening_for_high_risk.png'
CACHED: Saved new asset_id '7636f45a5fde44a6bcb66e256a90bd3b' for path 'https://sdacms.blob.core.windows.net/content/assets/images/africa/richtext/individualized_person_centred_care.png'
Saved Markdown: /home/azureuser/test/content_migrator/data/temp_data/respectful_antenatal_care_original.md
Saved Markdown: /home/azureuser/test/content_migrator/data/temp_data/respectful_antenatal_care_adapted_africa.md
Saved Markdown: /home/azureuser/test/content_migrator/data/temp_data/respectful_antenatal_care_translated_action_card.md
  📎 Linking 3 embedded asset(s) to markdown upload
Created action-card resource: title='Respectful Antenatal Care' description='Respectful Antenatal Care' icon='0ecf8a4bd6c84c2a85221e4f0811fe31' content='4019ccf6c7f34ce3a8d4e7193e7d0d00' language_id='7cf6efab-a9d7-54d2-2cbd-ec82efe4a7da' region='africa' content_type='original' created_by='sarah@maternity.dk' level=None questions=None derived_from_id=None
  📎 Linking 3 embedded asset(s) to markdown upload
Created action-card resource: title='Respectful Antenatal Care' description='Respectful Antenatal Care' icon='0ecf8a4bd6c84c2a85221e4f0811fe31' content='3c00c276f5b1426a83e959aa826d575b' language_id='7cf6efab-a9d7-54d2-2cbd-ec82efe4a7da' region='africa' content_type='adapted' created_by='sarah@maternity.dk' level=None questions=None derived_from_id=None
  📎 Linking 3 embedded asset(s) to markdown upload
Created action-card resource: title='Respectful Antenatal Care' description='Respectful Antenatal Care' icon='0ecf8a4bd6c84c2a85221e4f0811fe31' content='91a88fdd7df84c248a81a4f4dac408da' language_id='7cf6efab-a9d7-54d2-2cbd-ec82efe4a7da' region='africa' content_type='translated' created_by='sarah@maternity.dk' level=None questions=None derived_from_id=None
  ✓ Screens translation for action-card description: 'Respectful antenatal care...'
Queuing action-card: res-action-card-respectful-antenatal-care (Source: 'Respectful Antenatal Care')
Mapping language:   7cf6efab-a9d7-54d2-2cbd-ec82efe4a7da
Using cached asset_id: ab1bd39b78044ea592c660e539a5d856
CACHED: Saved new asset_id 'ab6db9813dac4f349e9307ee7f544dcc' for path 'https://sdacms.blob.core.windows.net/content/assets/images/africa/icon/actioncard/nutrition_and_lifestyle_counselling.png'
CACHED: Saved new asset_id 'aa21e37cb76e4ca6b185fd5e15578f66' for path 'https://sdacms.blob.core.windows.net/content/assets/images/africa/richtext/avoid_heavy_lifting.png'
CACHED: Saved new asset_id 'e5004e0d2d104026977190c7bcded43d' for path 'https://sdacms.blob.core.windows.net/content/assets/images/africa/richtext/iron_and_folic_acid.png'
CACHED: Saved new asset_id 'f2f7a027ba93473b8e410efec3eeb436' for path 'https://sdacms.blob.core.windows.net/content/assets/images/africa/richtext/calcium_tablets.png'
CACHED: Saved new asset_id '5e283990cf3942269a639186ad2f06e5' for path 'https://sdacms.blob.core.windows.net/content/assets/images/africa/richtext/vitamin_A.png'
Saved Markdown: /home/azureuser/test/content_migrator/data/temp_data/nutrition_and_lifestyle_original.md
Saved Markdown: /home/azureuser/test/content_migrator/data/temp_data/nutrition_and_lifestyle_adapted_africa.md
Saved Markdown: /home/azureuser/test/content_migrator/data/temp_data/nutrition_and_lifestyle_translated_action_card.md
  📎 Linking 5 embedded asset(s) to markdown upload
Created action-card resource: title='Nutrition and lifestyle' description='Nutrition and lifestyle' icon='ab1bd39b78044ea592c660e539a5d856' content='6e65f97a8e0345d684d53c39cf4ec0b9' language_id='7cf6efab-a9d7-54d2-2cbd-ec82efe4a7da' region='africa' content_type='original' created_by='natalia@maternity.dk' level=None questions=None derived_from_id=None
  📎 Linking 5 embedded asset(s) to markdown upload
Created action-card resource: title='Nutrition and lifestyle' description='Nutrition and lifestyle' icon='ab1bd39b78044ea592c660e539a5d856' content='189595ce945442a39f4e6003fb982ddf' language_id='7cf6efab-a9d7-54d2-2cbd-ec82efe4a7da' region='africa' content_type='adapted' created_by='natalia@maternity.dk' level=None questions=None derived_from_id=None
  📎 Linking 5 embedded asset(s) to markdown upload
Created action-card resource: title='Nutrition and lifestyle' description='Nutrition and lifestyle' icon='ab1bd39b78044ea592c660e539a5d856' content='884252ffea9648cb85aa821af27a66d6' language_id='7cf6efab-a9d7-54d2-2cbd-ec82efe4a7da' region='africa' content_type='translated' created_by='natalia@maternity.dk' level=None questions=None derived_from_id=None
  ℹ️  No screens translation found for 'action-card:nutrition-and-lifestyle_1695875701365', using original
Queuing action-card: res-action-card-nutrition-and-lifestyle (Source: 'Nutrition and lifestyle')
Mapping language:   7cf6efab-a9d7-54d2-2cbd-ec82efe4a7da
Using cached asset_id: d8004e09ccef452d9582b9fd9962d5d9
CACHED: Saved new asset_id '6ec9f988478a4ea69dfeb81fbd3e2b68' for path 'https://sdacms.blob.core.windows.net/content/assets/images/africa/richtext/delivery_in_a_facility.png'
CACHED: Saved new asset_id 'a09bf8c3a3734ef78b2d2db9e5cb31b5' for path 'https://sdacms.blob.core.windows.net/content/assets/images/africa/richtext/identify_birth_companion.png'
Saved Markdown: /home/azureuser/test/content_migrator/data/temp_data/birth_and_emergency_plan_original.md
Saved Markdown: /home/azureuser/test/content_migrator/data/temp_data/birth_and_emergency_plan_adapted_africa.md
Saved Markdown: /home/azureuser/test/content_migrator/data/temp_data/birth_and_emergency_plan_translated_action_card.md
  📎 Linking 2 embedded asset(s) to markdown upload
Created action-card resource: title='Birth and emergency plan' description='Birth and emergency plan' icon='d8004e09ccef452d9582b9fd9962d5d9' content='ca4bccf561e84502863609a6171e3100' language_id='7cf6efab-a9d7-54d2-2cbd-ec82efe4a7da' region='africa' content_type='original' created_by='frederikke@maternity.dk' level=None questions=None derived_from_id=None
  📎 Linking 2 embedded asset(s) to markdown upload
Created action-card resource: title='Birth and emergency plan' description='Birth and emergency plan' icon='d8004e09ccef452d9582b9fd9962d5d9' content='11229810485f4a979137a9c35ba12aa0' language_id='7cf6efab-a9d7-54d2-2cbd-ec82efe4a7da' region='africa' content_type='adapted' created_by='frederikke@maternity.dk' level=None questions=None derived_from_id=None
  📎 Linking 2 embedded asset(s) to markdown upload
Created action-card resource: title='Birth and emergency plan' description='Birth and emergency plan' icon='d8004e09ccef452d9582b9fd9962d5d9' content='41583c7151a648b39a137f8a90eb9e88' language_id='7cf6efab-a9d7-54d2-2cbd-ec82efe4a7da' region='africa' content_type='translated' created_by='frederikke@maternity.dk' level=None questions=None derived_from_id=None
  ℹ️  No screens translation found for 'action-card:birth-and-emergency-plan_1696566889293', using original
Queuing action-card: res-action-card-birth-and-emergency-plan (Source: 'Birth and emergency plan')
Mapping language:   7cf6efab-a9d7-54d2-2cbd-ec82efe4a7da
Using cached asset_id: 68f33954a62b46499099bbcbe3d7d368
CACHED: Saved new asset_id '9a1a7159c06c43a7a29a8f3c8ac22a35' for path 'https://sdacms.blob.core.windows.net/content/assets/images/africa/icon/actioncard/low_back_pain_and_pelvic_pain.png'
CACHED: Saved new asset_id '431910fead22455f89c18a070525949e' for path 'https://sdacms.blob.core.windows.net/content/assets/images/africa/richtext/drink_plenty_of_water.png'
CACHED: Saved new asset_id '558f07d4cd524b159ddd093829fcea51' for path 'https://sdacms.blob.core.windows.net/content/assets/images/africa/icon/actioncard/heart_burn.png'
CACHED: Saved new asset_id '8636f2cb95564032923ea00c20fc55fa' for path 'https://sdacms.blob.core.windows.net/content/assets/images/africa/richtext/nausea_and_vomiting.png'
CACHED: Saved new asset_id 'd4303b077c274ebb993fb76bc5b116fa' for path 'https://sdacms.blob.core.windows.net/content/assets/images/africa/richtext/varicose_veins_and_edema.png'
Saved Markdown: /home/azureuser/test/content_migrator/data/temp_data/interventions_for_common_physiological_symptoms_original.md
Saved Markdown: /home/azureuser/test/content_migrator/data/temp_data/interventions_for_common_physiological_symptoms_adapted_africa.md
Saved Markdown: /home/azureuser/test/content_migrator/data/temp_data/interventions_for_common_physiological_symptoms_translated_action_card.md
  📎 Linking 5 embedded asset(s) to markdown upload
Created action-card resource: title='Interventions for common physiological symptoms' description='Interventions for common physiological symptoms' icon='68f33954a62b46499099bbcbe3d7d368' content='801ae343f1274371bc91cf28ba45c413' language_id='7cf6efab-a9d7-54d2-2cbd-ec82efe4a7da' region='africa' content_type='original' created_by='frederikke@maternity.dk' level=None questions=None derived_from_id=None
  📎 Linking 5 embedded asset(s) to markdown upload
Created action-card resource: title='Interventions for common physiological symptoms' description='Interventions for common physiological symptoms' icon='68f33954a62b46499099bbcbe3d7d368' content='12bbfa99a8864095bb56631c87cec43f' language_id='7cf6efab-a9d7-54d2-2cbd-ec82efe4a7da' region='africa' content_type='adapted' created_by='frederikke@maternity.dk' level=None questions=None derived_from_id=None
  📎 Linking 5 embedded asset(s) to markdown upload
Created action-card resource: title='Interventions for common physiological symptoms' description='Interventions for common physiological symptoms' icon='68f33954a62b46499099bbcbe3d7d368' content='851da48f05884345af752adf887f7afa' language_id='7cf6efab-a9d7-54d2-2cbd-ec82efe4a7da' region='africa' content_type='translated' created_by='frederikke@maternity.dk' level=None questions=None derived_from_id=None
  ℹ️  No screens translation found for 'action-card:interventions-for-common-physiological-symptoms_1696567262737', using original
Queuing action-card: res-action-card-interventions-for-common-physiological-symptoms (Source: 'Interventions for common physiological symptoms')
Mapping language:   7cf6efab-a9d7-54d2-2cbd-ec82efe4a7da
Using cached asset_id: 1b73c3b3d79146f8a4730eb2e51c6932
CACHED: Saved new asset_id 'f268211bb1704c0c9543dc475a30c435' for path 'https://sdacms.blob.core.windows.net/content/assets/images/africa/richtext/gender_based_violence.png'
CACHED: Saved new asset_id 'fe2329869a4c4542a95c696d9417be0c' for path 'https://sdacms.blob.core.windows.net/content/assets/images/africa/richtext/intimate_partner_violence.png'
CACHED: Saved new asset_id 'cd4ed5113e154f9aa7318db0e2d045c9' for path 'https://sdacms.blob.core.windows.net/content/assets/images/africa/richtext/early_identification.png'
Saved Markdown: /home/azureuser/test/content_migrator/data/temp_data/violence_against_women_original.md
Saved Markdown: /home/azureuser/test/content_migrator/data/temp_data/violence_against_women_adapted_africa.md
Saved Markdown: /home/azureuser/test/content_migrator/data/temp_data/violence_against_women_translated_action_card.md
  📎 Linking 3 embedded asset(s) to markdown upload
Created action-card resource: title='Violence against women' description='Violence against women' icon='1b73c3b3d79146f8a4730eb2e51c6932' content='ee829ecedf1e4f80be9df481d5f120cf' language_id='7cf6efab-a9d7-54d2-2cbd-ec82efe4a7da' region='africa' content_type='original' created_by='natalia@maternity.dk' level=None questions=None derived_from_id=None
  📎 Linking 3 embedded asset(s) to markdown upload
Created action-card resource: title='Violence against women' description='Violence against women' icon='1b73c3b3d79146f8a4730eb2e51c6932' content='e672adbf1b1e4d7ba985e041299f3c13' language_id='7cf6efab-a9d7-54d2-2cbd-ec82efe4a7da' region='africa' content_type='adapted' created_by='natalia@maternity.dk' level=None questions=None derived_from_id=None
  📎 Linking 3 embedded asset(s) to markdown upload
Created action-card resource: title='Violence against women' description='Violence against women' icon='1b73c3b3d79146f8a4730eb2e51c6932' content='66b64f6565fb4aff9d45444149ee2547' language_id='7cf6efab-a9d7-54d2-2cbd-ec82efe4a7da' region='africa' content_type='translated' created_by='natalia@maternity.dk' level=None questions=None derived_from_id=None
  ℹ️  No screens translation found for 'action-card:violence-against-women-_1696568467142', using original
Queuing action-card: res-action-card-violence-against-women (Source: 'Violence against women')
Mapping language:   7cf6efab-a9d7-54d2-2cbd-ec82efe4a7da
Using cached asset_id: 60e49af523494c00948dee1d947af6ac
CACHED: Saved new asset_id '4d3c6b30ab944e7e9a5c6329fa5952b9' for path 'https://sdacms.blob.core.windows.net/content/assets/images/africa/richtext/PP_NLB_Anemia.png'
CACHED: Saved new asset_id '53140b1e57fd4045882a38c0f629693d' for path 'https://sdacms.blob.core.windows.net/content/assets/images/africa/richtext/antepartum_haemorrhage_1.png'
CACHED: Saved new asset_id '5fc253d42be84a75ad38ac8edefd0af0' for path 'https://sdacms.blob.core.windows.net/content/assets/images/africa/icon/actioncard/gestational_diabetes.png'
CACHED: Saved new asset_id '203832ac81a8472c8f04459e26a0f722' for path 'https://sdacms.blob.core.windows.net/content/assets/images/africa/icon/actioncard/urinary_tract_infection.png'
CACHED: Saved new asset_id 'adc1c4a1e8614d2382d574cc5b4072e9' for path 'https://sdacms.blob.core.windows.net/content/assets/images/africa/icon/actioncard/premature_prolonged_rupture_of_membranes.png'
CACHED: Saved new asset_id '56676a9f5e3b4d6a86ee8464ea4daf75' for path 'https://sdacms.blob.core.windows.net/content/assets/images/africa/richtext/headache.png'
CACHED: Saved new asset_id '387a33cad3d6466a92e22e299b4e44db' for path 'https://sdacms.blob.core.windows.net/content/assets/images/africa/icon/actioncard/venous_thromboembolism.png'
CACHED: Saved new asset_id '72de5932f6a54252851462988f86911b' for path 'https://sdacms.blob.core.windows.net/content/assets/images/africa/icon/actioncard/preterm_labor.png'
Saved Markdown: /home/azureuser/test/content_migrator/data/temp_data/significant_symptoms_of_antenatal_complications_original.md
Saved Markdown: /home/azureuser/test/content_migrator/data/temp_data/significant_symptoms_of_antenatal_complications_adapted_africa.md
Saved Markdown: /home/azureuser/test/content_migrator/data/temp_data/significant_symptoms_of_antenatal_complications_translated_action_card.md
  📎 Linking 8 embedded asset(s) to markdown upload
Created action-card resource: title='Significant Symptoms of Antenatal Complications' description='Significant Symptoms of Antenatal Complications' icon='60e49af523494c00948dee1d947af6ac' content='ef4d3b7792844c8a8aa9eb7c86f65c68' language_id='7cf6efab-a9d7-54d2-2cbd-ec82efe4a7da' region='africa' content_type='original' created_by='natalia@maternity.dk' level=None questions=None derived_from_id=None
  📎 Linking 8 embedded asset(s) to markdown upload
Created action-card resource: title='Significant Symptoms of Antenatal Complications' description='Significant Symptoms of Antenatal Complications' icon='60e49af523494c00948dee1d947af6ac' content='6cd05f0a36ac4c2fb97ce8bfed34f2ee' language_id='7cf6efab-a9d7-54d2-2cbd-ec82efe4a7da' region='africa' content_type='adapted' created_by='natalia@maternity.dk' level=None questions=None derived_from_id=None
  📎 Linking 8 embedded asset(s) to markdown upload
Created action-card resource: title='Significant Symptoms of Antenatal Complications' description='Significant Symptoms of Antenatal Complications' icon='60e49af523494c00948dee1d947af6ac' content='6914d62365554a02babe6f0953e5dd55' language_id='7cf6efab-a9d7-54d2-2cbd-ec82efe4a7da' region='africa' content_type='translated' created_by='natalia@maternity.dk' level=None questions=None derived_from_id=None
  ℹ️  No screens translation found for 'action-card:significant-symptoms-of-antenatal-complications_1696568894140', using original
Queuing action-card: res-action-card-significant-symptoms-of-antenatal-complications (Source: 'Significant Symptoms of Antenatal Complications')
Mapping language:   7cf6efab-a9d7-54d2-2cbd-ec82efe4a7da
Using cached asset_id: 31f0c45a4895410ba613e75fa86ef104
CACHED: Saved new asset_id '82c3e0708ef2466a82146c685920bc9a' for path 'https://sdacms.blob.core.windows.net/content/assets/images/africa/richtext/corticosteroid_therapy.png'
CACHED: Saved new asset_id '44f24672c4ab459c8552623c9eb6ddb5' for path 'https://sdacms.blob.core.windows.net/content/assets/images/africa/richtext/nifedipine.png'
Saved Markdown: /home/azureuser/test/content_migrator/data/temp_data/threatened_preterm_labour_original.md
Saved Markdown: /home/azureuser/test/content_migrator/data/temp_data/threatened_preterm_labour_adapted_africa.md
Saved Markdown: /home/azureuser/test/content_migrator/data/temp_data/threatened_preterm_labour_translated_action_card.md
  📎 Linking 2 embedded asset(s) to markdown upload
Created action-card resource: title='Threatened Preterm Labour' description='Threatened Preterm Labour' icon='31f0c45a4895410ba613e75fa86ef104' content='3af99370804c4fc4a11d9a12fe0fab8b' language_id='7cf6efab-a9d7-54d2-2cbd-ec82efe4a7da' region='africa' content_type='original' created_by='natalia@maternity.dk' level=None questions=None derived_from_id=None
  📎 Linking 2 embedded asset(s) to markdown upload
Created action-card resource: title='Threatened Preterm Labour' description='Threatened Preterm Labour' icon='31f0c45a4895410ba613e75fa86ef104' content='6c61fe4e15964732bb4ed7482705f86e' language_id='7cf6efab-a9d7-54d2-2cbd-ec82efe4a7da' region='africa' content_type='adapted' created_by='natalia@maternity.dk' level=None questions=None derived_from_id=None
  📎 Linking 2 embedded asset(s) to markdown upload
Created action-card resource: title='Threatened Preterm Labour' description='Threatened Preterm Labour' icon='31f0c45a4895410ba613e75fa86ef104' content='b3c0673cd70c40fbb98aafb1c5941520' language_id='7cf6efab-a9d7-54d2-2cbd-ec82efe4a7da' region='africa' content_type='translated' created_by='natalia@maternity.dk' level=None questions=None derived_from_id=None
  ✓ Screens translation for action-card description: 'Threatened preterm labour...'
Queuing action-card: res-action-card-threatened-preterm-labour (Source: 'Threatened Preterm Labour')
Mapping language:   7cf6efab-a9d7-54d2-2cbd-ec82efe4a7da
  DEBUG: Found 4 procedures in module
Using cached asset_id: f961208816eb4efd8ec57664a8ec9860
CACHED: Saved new asset_id '0d9a465f792c4eefb2072c56f76a0cc5' for path 'https://sdacms.blob.core.windows.net/content/assets/images/africa/richtext/antenatal_care_checklist.png'
CACHED: Saved new asset_id '12449dc68c8747aa8bc9585e6d21ae8f' for path 'https://sdacms.blob.core.windows.net/content/assets/images/africa/richtext/take_history_1.png'
CACHED: Saved new asset_id '48974dbdaa8648ed88c8a20b92ab7748' for path 'https://sdacms.blob.core.windows.net/content/assets/images/africa/richtext/urine_testing.png'
CACHED: Saved new asset_id '4e0e677e28134d13b8e6e6e4c858f879' for path 'https://sdacms.blob.core.windows.net/content/assets/images/africa/richtext/blood_screening.png'
CACHED: Saved new asset_id '690ac6fb88444bc4b1617adcbc31d3c5' for path 'https://sdacms.blob.core.windows.net/content/assets/images/africa/richtext/iron_and_folic_acid_supplements.png'
CACHED: Saved new asset_id '61f7568b35314f41ad00169bc2d23483' for path 'https://sdacms.blob.core.windows.net/content/assets/images/africa/richtext/assess_for_signs.png'
CACHED: Saved new asset_id '66eb1787ea6840efb70ef860f1233efe' for path 'https://sdacms.blob.core.windows.net/content/assets/images/africa/icon/procedure/foetal_examination_fhr.png'
CACHED: Saved new asset_id '08c546fe0d724a3bba21a70d95039063' for path 'https://sdacms.blob.core.windows.net/content/assets/images/africa/richtext/take_history_2.png'
CACHED: Saved new asset_id 'ef44f8a52ff64792a2f47a1bf7a7cc4b' for path 'https://sdacms.blob.core.windows.net/content/assets/images/africa/richtext/foetal_examination_fhr.png'
CACHED: Saved new asset_id 'dc820cf14c954f9dbcad04681ceba1f4' for path 'https://sdacms.blob.core.windows.net/content/assets/images/africa/richtext/feel_for_number_of_foetuses.png'
Saved Markdown: /home/azureuser/test/content_migrator/data/temp_data/antenatal_care_checklist_original.md
Saved Markdown: /home/azureuser/test/content_migrator/data/temp_data/antenatal_care_checklist_adapted_africa.md
Saved Markdown: /home/azureuser/test/content_migrator/data/temp_data/antenatal_care_checklist_translated_action_card.md
  📎 Linking 13 embedded asset(s) to markdown upload
Error uploading asset /home/azureuser/test/content_migrator/data/temp_data/antenatal_care_checklist_original.md: 500 Server Error: Internal Server Error for url: http://135.225.105.160:8004/assets/procedure/upload
Warning: Failed to upload markdown asset for Antenatal Care Checklist  (original) from /home/azureuser/test/content_migrator/data/temp_data/antenatal_care_checklist_original.md
  📎 Linking 13 embedded asset(s) to markdown upload
Error uploading asset /home/azureuser/test/content_migrator/data/temp_data/antenatal_care_checklist_adapted_africa.md: 500 Server Error: Internal Server Error for url: http://135.225.105.160:8004/assets/procedure/upload
Warning: Failed to upload markdown asset for Antenatal Care Checklist  (adapted) from /home/azureuser/test/content_migrator/data/temp_data/antenatal_care_checklist_adapted_africa.md
  📎 Linking 13 embedded asset(s) to markdown upload
Error uploading asset /home/azureuser/test/content_migrator/data/temp_data/antenatal_care_checklist_translated_action_card.md: 500 Server Error: Internal Server Error for url: http://135.225.105.160:8004/assets/procedure/upload
Warning: Failed to upload markdown asset for Antenatal Care Checklist  (translated) from /home/azureuser/test/content_migrator/data/temp_data/antenatal_care_checklist_translated_action_card.md
  ⚠ Warning: No valid Markdown payload created for procedure 'antenatal-care-checklist-_1696572320655'
Using cached asset_id: 784739ac698c460f88edeaf558f7ed67
CACHED: Saved new asset_id 'fa42180f1e5441f6a4c4f37861551715' for path 'https://sdacms.blob.core.windows.net/content/assets/images/africa/richtext/before_performing_abdominal_examinations_verbal_consent.png'
CACHED: Saved new asset_id 'dc1e1df659224559a56361dd5b66c395' for path 'https://sdacms.blob.core.windows.net/content/assets/images/africa/richtext/listen_to_foetal_heart_rate.png'
CACHED: Saved new asset_id '55e7dc658ee14e81a70cf8ec7d6dbe77' for path 'https://sdacms.blob.core.windows.net/content/assets/images/africa/richtext/Foetal_movements_2.png'
CACHED: Saved new asset_id '280943dc596f4413af802268274fbe73' for path 'https://sdacms.blob.core.windows.net/content/assets/images/africa/richtext/PP_NLB_The_lie_of_the_fetus.png'
CACHED: Saved new asset_id '7a688c102ac144f08f75d0d43baa9dcb' for path 'https://sdacms.blob.core.windows.net/content/assets/images/africa/richtext/PP_NLB_The_presenting_part_of_the_fetus.png'
CACHED: Saved new asset_id '68f70d943c044eec9520bda02a4c783e' for path 'https://sdacms.blob.core.windows.net/content/assets/images/africa/richtext/feel_for_malpresentation.png'
CACHED: Saved new asset_id 'cb8097b659a54ea8ab776696c351e257' for path 'https://sdacms.blob.core.windows.net/content/assets/images/africa/richtext/PP_NLB_Measure_the_symphysis_fundus.png'
CACHED: Saved new asset_id '5f6369b850794c418bc8b2b4e98fbea6' for path 'https://sdacms.blob.core.windows.net/content/assets/images/africa/richtext/PP_NLB_Measure_the_symphysis_fundus_graf.png'
Saved Markdown: /home/azureuser/test/content_migrator/data/temp_data/foetal_assessments_original.md
Saved Markdown: /home/azureuser/test/content_migrator/data/temp_data/foetal_assessments_adapted_africa.md
Saved Markdown: /home/azureuser/test/content_migrator/data/temp_data/foetal_assessments_translated_action_card.md
  📎 Linking 9 embedded asset(s) to markdown upload
Created action-card resource: title='Foetal Assessments' description='Foetal Assessments' icon='784739ac698c460f88edeaf558f7ed67' content='e16cb599c1d245b2856fb8f955781697' language_id='7cf6efab-a9d7-54d2-2cbd-ec82efe4a7da' region='africa' content_type='original' created_by='natalia@maternity.dk' level=None questions=None derived_from_id=None
  📎 Linking 9 embedded asset(s) to markdown upload
Created action-card resource: title='Foetal Assessments' description='Foetal Assessments' icon='784739ac698c460f88edeaf558f7ed67' content='3d9c0e031e0d4ecba8cb5b90a71b6ea4' language_id='7cf6efab-a9d7-54d2-2cbd-ec82efe4a7da' region='africa' content_type='adapted' created_by='natalia@maternity.dk' level=None questions=None derived_from_id=None
  📎 Linking 9 embedded asset(s) to markdown upload
Created action-card resource: title='Foetal Assessments' description='Foetal Assessments' icon='784739ac698c460f88edeaf558f7ed67' content='d0f66cdc30af49a8bed630bd7560f79c' language_id='7cf6efab-a9d7-54d2-2cbd-ec82efe4a7da' region='africa' content_type='translated' created_by='natalia@maternity.dk' level=None questions=None derived_from_id=None
  ✓ Screens translation for procedure description: 'Foetal assessments...'
Queuing procedure: res-procedure-foetal-assessments (Source: 'Foetal Assessments')
Using cached asset_id: 993e4d8df73748009b3caac3eed44edb
CACHED: Saved new asset_id '891652292fe54d8e82f0011ce93af3f9' for path 'https://sdacms.blob.core.windows.net/content/assets/images/africa/richtext/covid_vaccine.png'
CACHED: Saved new asset_id 'ca9c490e00be4cc39c2001faed27cc6c' for path 'https://sdacms.blob.core.windows.net/content/assets/images/africa/richtext/sulfadoxine_pyrimethamine.png'
CACHED: Saved new asset_id 'ff1dd98fd09241d68b7c905783808b69' for path 'https://sdacms.blob.core.windows.net/content/assets/images/africa/richtext/tenofovir_disoproxil_fumarate.png'
CACHED: Saved new asset_id 'baaf542cb4d44a0c9a2456c170914e01' for path 'https://sdacms.blob.core.windows.net/content/assets/images/africa/richtext/albendazole_tablets.png'
CACHED: Saved new asset_id '348414d3b8df4740b9619f5ad98422d4' for path 'https://sdacms.blob.core.windows.net/content/assets/images/africa/richtext/tetanus_toxoid_vaccination.png'
CACHED: Saved new asset_id '6e440ed0b039459eaeb4deea9c3b51d6' for path 'https://sdacms.blob.core.windows.net/content/assets/images/africa/richtext/ultrasound_scan.png'
Saved Markdown: /home/azureuser/test/content_migrator/data/temp_data/preventative_management_interventions_original.md
Saved Markdown: /home/azureuser/test/content_migrator/data/temp_data/preventative_management_interventions_adapted_africa.md
Saved Markdown: /home/azureuser/test/content_migrator/data/temp_data/preventative_management_interventions_translated_action_card.md
  📎 Linking 7 embedded asset(s) to markdown upload
Created action-card resource: title='Preventative Management Interventions' description='Preventative Management Interventions' icon='993e4d8df73748009b3caac3eed44edb' content='3154a266a36c4374a9d3ba902ebe2201' language_id='7cf6efab-a9d7-54d2-2cbd-ec82efe4a7da' region='africa' content_type='original' created_by='natalia@maternity.dk' level=None questions=None derived_from_id=None
  📎 Linking 7 embedded asset(s) to markdown upload
Created action-card resource: title='Preventative Management Interventions' description='Preventative Management Interventions' icon='993e4d8df73748009b3caac3eed44edb' content='8a1ae6cde642495fa7dfb25617d51985' language_id='7cf6efab-a9d7-54d2-2cbd-ec82efe4a7da' region='africa' content_type='adapted' created_by='natalia@maternity.dk' level=None questions=None derived_from_id=None
  📎 Linking 7 embedded asset(s) to markdown upload
Created action-card resource: title='Preventative Management Interventions' description='Preventative Management Interventions' icon='993e4d8df73748009b3caac3eed44edb' content='9c32a2da20d248e48f857ed5c5ec4405' language_id='7cf6efab-a9d7-54d2-2cbd-ec82efe4a7da' region='africa' content_type='translated' created_by='natalia@maternity.dk' level=None questions=None derived_from_id=None
  ✓ Screens translation for procedure description: 'Preventative management interventions...'
Queuing procedure: res-procedure-preventative-management-interventions (Source: 'Preventative Management Interventions')
Using cached asset_id: 0a7dc83f4adf427cb9a440a9598b1f47
CACHED: Saved new asset_id '231227841a0648e9939d5874a5a75520' for path 'https://sdacms.blob.core.windows.net/content/assets/images/africa/richtext/urine_pregnancy_test.png'
CACHED: Saved new asset_id 'd6aee66c8f114553b82b0662366ff873' for path 'https://sdacms.blob.core.windows.net/content/assets/images/africa/icon/procedure/diagnosis_2.png'
CACHED: Saved new asset_id '823b547e5daf4f1fb960f8c49648b8cb' for path 'https://sdacms.blob.core.windows.net/content/assets/images/africa/richtext/provider_initiated_testing_and_counselling_pitc.png'
CACHED: Saved new asset_id '9964ba4407b64e83b93c609842d677ec' for path 'https://sdacms.blob.core.windows.net/content/assets/images/africa/richtext/safer_sex_and_use_of_condoms.png'
CACHED: Saved new asset_id '57e3adb25e88408c84851d5e9459491d' for path 'https://sdacms.blob.core.windows.net/content/assets/images/africa/richtext/screening_for_tb.png'
Saved Markdown: /home/azureuser/test/content_migrator/data/temp_data/routine_maternal_screening_and_tests_original.md
Saved Markdown: /home/azureuser/test/content_migrator/data/temp_data/routine_maternal_screening_and_tests_adapted_africa.md
Saved Markdown: /home/azureuser/test/content_migrator/data/temp_data/routine_maternal_screening_and_tests_translated_action_card.md
  📎 Linking 6 embedded asset(s) to markdown upload
Created action-card resource: title='Routine Maternal Screening and Tests' description='Routine Maternal Screening and Tests' icon='0a7dc83f4adf427cb9a440a9598b1f47' content='38092be002994442b7e5f08b677b7c26' language_id='7cf6efab-a9d7-54d2-2cbd-ec82efe4a7da' region='africa' content_type='original' created_by='natalia@maternity.dk' level=None questions=None derived_from_id=None
  📎 Linking 6 embedded asset(s) to markdown upload
Created action-card resource: title='Routine Maternal Screening and Tests' description='Routine Maternal Screening and Tests' icon='0a7dc83f4adf427cb9a440a9598b1f47' content='38b7af3c7ef7429dbcae5c72fd47abe5' language_id='7cf6efab-a9d7-54d2-2cbd-ec82efe4a7da' region='africa' content_type='adapted' created_by='natalia@maternity.dk' level=None questions=None derived_from_id=None
  📎 Linking 6 embedded asset(s) to markdown upload
Created action-card resource: title='Routine Maternal Screening and Tests' description='Routine Maternal Screening and Tests' icon='0a7dc83f4adf427cb9a440a9598b1f47' content='76981ff588cd422c9cfef4df8bf5dfb3' language_id='7cf6efab-a9d7-54d2-2cbd-ec82efe4a7da' region='africa' content_type='translated' created_by='natalia@maternity.dk' level=None questions=None derived_from_id=None
  ✓ Screens translation for procedure description: 'Routine maternal screening and tests...'
Queuing procedure: res-procedure-routine-maternal-screening-and-tests (Source: 'Routine Maternal Screening and Tests')
Using cached asset_id: ede97ca5f9b4446c87db9758a342daa2
  ✓ Module icon uploaded for drugs: ede97ca5...
Mapping language:   7cf6efab-a9d7-54d2-2cbd-ec82efe4a7da
  DEBUG: Found 21 drugs in module
  ✓ Drug inheriting module icon: ede97ca5...
Saved Markdown: /home/azureuser/test/content_migrator/data/temp_data/albendazole_original.md
Saved Markdown: /home/azureuser/test/content_migrator/data/temp_data/albendazole_adapted_africa.md
Saved Markdown: /home/azureuser/test/content_migrator/data/temp_data/albendazole_translated_action_card.md
Created action-card resource: title='Albendazole' description='Albendazole' icon='ede97ca5f9b4446c87db9758a342daa2' content='8e1436e20fbe4e76899e9cec4b1e0c87' language_id='7cf6efab-a9d7-54d2-2cbd-ec82efe4a7da' region='africa' content_type='original' created_by='nanna@maternity.dk' level=None questions=None derived_from_id=None
Created action-card resource: title='Albendazole' description='Albendazole' icon='ede97ca5f9b4446c87db9758a342daa2' content='7e71b2a29f90435796b98a4c0c63b272' language_id='7cf6efab-a9d7-54d2-2cbd-ec82efe4a7da' region='africa' content_type='adapted' created_by='nanna@maternity.dk' level=None questions=None derived_from_id=None
Created action-card resource: title='Albendazole' description='Albendazole' icon='ede97ca5f9b4446c87db9758a342daa2' content='3ae7d81a4c9541f484acd3141cfb53ff' language_id='7cf6efab-a9d7-54d2-2cbd-ec82efe4a7da' region='africa' content_type='translated' created_by='nanna@maternity.dk' level=None questions=None derived_from_id=None
  ℹ️  No screens translation found for 'drug:albendazole_1699431534088', using original
Queuing drug: res-drug-albendazole (Source: 'Albendazole')
  ✓ Drug inheriting module icon: ede97ca5...
Saved Markdown: /home/azureuser/test/content_migrator/data/temp_data/amoxicillin_original.md
Saved Markdown: /home/azureuser/test/content_migrator/data/temp_data/amoxicillin_adapted_africa.md
Saved Markdown: /home/azureuser/test/content_migrator/data/temp_data/amoxicillin_translated_action_card.md
Created action-card resource: title='Amoxicillin' description='Amoxicillin' icon='ede97ca5f9b4446c87db9758a342daa2' content='0ad25aeaf8f4499090d18af86808bcd8' language_id='7cf6efab-a9d7-54d2-2cbd-ec82efe4a7da' region='africa' content_type='original' created_by='nanna@maternity.dk' level=None questions=None derived_from_id=None
Created action-card resource: title='Amoxicillin' description='Amoxicillin' icon='ede97ca5f9b4446c87db9758a342daa2' content='6444364f071d439b82bbcfde27a87377' language_id='7cf6efab-a9d7-54d2-2cbd-ec82efe4a7da' region='africa' content_type='adapted' created_by='nanna@maternity.dk' level=None questions=None derived_from_id=None
Created action-card resource: title='Amoxicillin' description='Amoxicillin' icon='ede97ca5f9b4446c87db9758a342daa2' content='a993f46114824a9a87b97cba3d868a8e' language_id='7cf6efab-a9d7-54d2-2cbd-ec82efe4a7da' region='africa' content_type='translated' created_by='nanna@maternity.dk' level=None questions=None derived_from_id=None
  ℹ️  No screens translation found for 'drug:amoxicillin-_1506342553240', using original
Queuing drug: res-drug-amoxicillin (Source: 'Amoxicillin')
  ✓ Drug inheriting module icon: ede97ca5...
Saved Markdown: /home/azureuser/test/content_migrator/data/temp_data/ampicillin_original.md
Saved Markdown: /home/azureuser/test/content_migrator/data/temp_data/ampicillin_adapted_africa.md
Saved Markdown: /home/azureuser/test/content_migrator/data/temp_data/ampicillin_translated_action_card.md
Created action-card resource: title='Ampicillin' description='Ampicillin' icon='ede97ca5f9b4446c87db9758a342daa2' content='22fb7805351b4bf3bb0fc7d5003a8227' language_id='7cf6efab-a9d7-54d2-2cbd-ec82efe4a7da' region='africa' content_type='original' created_by='nanna@maternity.dk' level=None questions=None derived_from_id=None
Created action-card resource: title='Ampicillin' description='Ampicillin' icon='ede97ca5f9b4446c87db9758a342daa2' content='905dc810b34b4a309f087302b18dda2f' language_id='7cf6efab-a9d7-54d2-2cbd-ec82efe4a7da' region='africa' content_type='adapted' created_by='nanna@maternity.dk' level=None questions=None derived_from_id=None
Created action-card resource: title='Ampicillin' description='Ampicillin' icon='ede97ca5f9b4446c87db9758a342daa2' content='9d02477962ad427686dc5c2c87f07762' language_id='7cf6efab-a9d7-54d2-2cbd-ec82efe4a7da' region='africa' content_type='translated' created_by='nanna@maternity.dk' level=None questions=None derived_from_id=None
  ℹ️  No screens translation found for 'drug:ampicillin_1486975748548', using original
Queuing drug: res-drug-ampicillin (Source: 'Ampicillin')
Overwriting previous queue for 'res-drug-ampicillin' with language-specific version (lang: 7cf6efab-a9d7-54d2-2cbd-ec82efe4a7da)
  ✓ Drug inheriting module icon: ede97ca5...
Saved Markdown: /home/azureuser/test/content_migrator/data/temp_data/betamethasone_original.md
Saved Markdown: /home/azureuser/test/content_migrator/data/temp_data/betamethasone_adapted_africa.md
Saved Markdown: /home/azureuser/test/content_migrator/data/temp_data/betamethasone_translated_action_card.md
Created action-card resource: title='Betamethasone' description='Betamethasone' icon='ede97ca5f9b4446c87db9758a342daa2' content='081f71f32fe24366afc9102bdb420511' language_id='7cf6efab-a9d7-54d2-2cbd-ec82efe4a7da' region='africa' content_type='original' created_by='nanna@maternity.dk' level=None questions=None derived_from_id=None
Created action-card resource: title='Betamethasone' description='Betamethasone' icon='ede97ca5f9b4446c87db9758a342daa2' content='2aa0654e1f144ef58be3293c5649ddc5' language_id='7cf6efab-a9d7-54d2-2cbd-ec82efe4a7da' region='africa' content_type='adapted' created_by='nanna@maternity.dk' level=None questions=None derived_from_id=None
Created action-card resource: title='Betamethasone' description='Betamethasone' icon='ede97ca5f9b4446c87db9758a342daa2' content='40c7ff82473b4f4d84446fc36cec3aaf' language_id='7cf6efab-a9d7-54d2-2cbd-ec82efe4a7da' region='africa' content_type='translated' created_by='nanna@maternity.dk' level=None questions=None derived_from_id=None
  ℹ️  No screens translation found for 'drug:betamethasone_1487080183154', using original
Queuing drug: res-drug-betamethasone (Source: 'Betamethasone')
  ✓ Drug inheriting module icon: ede97ca5...
Saved Markdown: /home/azureuser/test/content_migrator/data/temp_data/calcium_supplementation_original.md
Saved Markdown: /home/azureuser/test/content_migrator/data/temp_data/calcium_supplementation_adapted_africa.md
Saved Markdown: /home/azureuser/test/content_migrator/data/temp_data/calcium_supplementation_translated_action_card.md
Created action-card resource: title='Calcium supplementation' description='Calcium supplementation' icon='ede97ca5f9b4446c87db9758a342daa2' content='85d682e16d8840b2bfec07a00c999e94' language_id='7cf6efab-a9d7-54d2-2cbd-ec82efe4a7da' region='africa' content_type='original' created_by='nanna@maternity.dk' level=None questions=None derived_from_id=None
Created action-card resource: title='Calcium supplementation' description='Calcium supplementation' icon='ede97ca5f9b4446c87db9758a342daa2' content='3f0993a0baba467c9c1d332cb19df1cc' language_id='7cf6efab-a9d7-54d2-2cbd-ec82efe4a7da' region='africa' content_type='adapted' created_by='nanna@maternity.dk' level=None questions=None derived_from_id=None
Created action-card resource: title='Calcium supplementation' description='Calcium supplementation' icon='ede97ca5f9b4446c87db9758a342daa2' content='af40de124e90461eb4db337bc6540922' language_id='7cf6efab-a9d7-54d2-2cbd-ec82efe4a7da' region='africa' content_type='translated' created_by='nanna@maternity.dk' level=None questions=None derived_from_id=None
  ℹ️  No screens translation found for 'drug:calcium-supplementation_1699431482391', using original
Queuing drug: res-drug-calcium-supplementation (Source: 'Calcium supplementation')
  ✓ Drug inheriting module icon: ede97ca5...
Saved Markdown: /home/azureuser/test/content_migrator/data/temp_data/cefotaxime_original.md
Saved Markdown: /home/azureuser/test/content_migrator/data/temp_data/cefotaxime_adapted_africa.md
Saved Markdown: /home/azureuser/test/content_migrator/data/temp_data/cefotaxime_translated_action_card.md
Created action-card resource: title='Cefotaxime' description='Cefotaxime' icon='ede97ca5f9b4446c87db9758a342daa2' content='e3b4149760f143268f52795d9b8b220f' language_id='7cf6efab-a9d7-54d2-2cbd-ec82efe4a7da' region='africa' content_type='original' created_by='nanna@maternity.dk' level=None questions=None derived_from_id=None
Created action-card resource: title='Cefotaxime' description='Cefotaxime' icon='ede97ca5f9b4446c87db9758a342daa2' content='bd498017adf748688f6e2d1a5bcdfd92' language_id='7cf6efab-a9d7-54d2-2cbd-ec82efe4a7da' region='africa' content_type='adapted' created_by='nanna@maternity.dk' level=None questions=None derived_from_id=None
Created action-card resource: title='Cefotaxime' description='Cefotaxime' icon='ede97ca5f9b4446c87db9758a342daa2' content='42235c83826943d38c57c24071b2da9b' language_id='7cf6efab-a9d7-54d2-2cbd-ec82efe4a7da' region='africa' content_type='translated' created_by='nanna@maternity.dk' level=None questions=None derived_from_id=None
  ℹ️  No screens translation found for 'drug:cefotaxime_1536653899716', using original
Queuing drug: res-drug-cefotaxime (Source: 'Cefotaxime')
  ✓ Drug inheriting module icon: ede97ca5...
Saved Markdown: /home/azureuser/test/content_migrator/data/temp_data/ceftriaxone_original.md
Saved Markdown: /home/azureuser/test/content_migrator/data/temp_data/ceftriaxone_adapted_africa.md
Saved Markdown: /home/azureuser/test/content_migrator/data/temp_data/ceftriaxone_translated_action_card.md
Created action-card resource: title='Ceftriaxone' description='Ceftriaxone' icon='ede97ca5f9b4446c87db9758a342daa2' content='a84fbea824f748ba8b85284ccee8a21b' language_id='7cf6efab-a9d7-54d2-2cbd-ec82efe4a7da' region='africa' content_type='original' created_by='nanna@maternity.dk' level=None questions=None derived_from_id=None
Created action-card resource: title='Ceftriaxone' description='Ceftriaxone' icon='ede97ca5f9b4446c87db9758a342daa2' content='7bf35d85c45d4fe6ba0498cca99293e8' language_id='7cf6efab-a9d7-54d2-2cbd-ec82efe4a7da' region='africa' content_type='adapted' created_by='nanna@maternity.dk' level=None questions=None derived_from_id=None
Created action-card resource: title='Ceftriaxone' description='Ceftriaxone' icon='ede97ca5f9b4446c87db9758a342daa2' content='4f9fac9133074a79912dabd6977c81e0' language_id='7cf6efab-a9d7-54d2-2cbd-ec82efe4a7da' region='africa' content_type='translated' created_by='nanna@maternity.dk' level=None questions=None derived_from_id=None
  ℹ️  No screens translation found for 'drug:ceftriaxone_1487080443380', using original
Queuing drug: res-drug-ceftriaxone (Source: 'Ceftriaxone')
Overwriting previous queue for 'res-drug-ceftriaxone' with language-specific version (lang: 7cf6efab-a9d7-54d2-2cbd-ec82efe4a7da)
  ✓ Drug inheriting module icon: ede97ca5...
Saved Markdown: /home/azureuser/test/content_migrator/data/temp_data/cloxacillin_original.md
Saved Markdown: /home/azureuser/test/content_migrator/data/temp_data/cloxacillin_adapted_africa.md
Saved Markdown: /home/azureuser/test/content_migrator/data/temp_data/cloxacillin_translated_action_card.md
Created action-card resource: title='Cloxacillin' description='Cloxacillin' icon='ede97ca5f9b4446c87db9758a342daa2' content='4f541613f4c540e9aced1ec21cefee58' language_id='7cf6efab-a9d7-54d2-2cbd-ec82efe4a7da' region='africa' content_type='original' created_by='nanna@maternity.dk' level=None questions=None derived_from_id=None
Created action-card resource: title='Cloxacillin' description='Cloxacillin' icon='ede97ca5f9b4446c87db9758a342daa2' content='89651edf5f22466594fb0e1213196e9c' language_id='7cf6efab-a9d7-54d2-2cbd-ec82efe4a7da' region='africa' content_type='adapted' created_by='nanna@maternity.dk' level=None questions=None derived_from_id=None
Created action-card resource: title='Cloxacillin' description='Cloxacillin' icon='ede97ca5f9b4446c87db9758a342daa2' content='111fc83530344cdf9f16ff3956d16b79' language_id='7cf6efab-a9d7-54d2-2cbd-ec82efe4a7da' region='africa' content_type='translated' created_by='nanna@maternity.dk' level=None questions=None derived_from_id=None
  ℹ️  No screens translation found for 'drug:cloxacillin_1510747764922', using original
Queuing drug: res-drug-cloxacillin (Source: 'Cloxacillin')
Overwriting previous queue for 'res-drug-cloxacillin' with language-specific version (lang: 7cf6efab-a9d7-54d2-2cbd-ec82efe4a7da)
  ✓ Drug inheriting module icon: ede97ca5...
Saved Markdown: /home/azureuser/test/content_migrator/data/temp_data/dexamethasone_original.md
Saved Markdown: /home/azureuser/test/content_migrator/data/temp_data/dexamethasone_adapted_africa.md
Saved Markdown: /home/azureuser/test/content_migrator/data/temp_data/dexamethasone_translated_action_card.md
Created action-card resource: title='Dexamethasone' description='Dexamethasone' icon='ede97ca5f9b4446c87db9758a342daa2' content='3a5616a8b12a43109ef69cc72f200443' language_id='7cf6efab-a9d7-54d2-2cbd-ec82efe4a7da' region='africa' content_type='original' created_by='nanna@maternity.dk' level=None questions=None derived_from_id=None
Created action-card resource: title='Dexamethasone' description='Dexamethasone' icon='ede97ca5f9b4446c87db9758a342daa2' content='ce2887963127492890b5adc9b7c8fd26' language_id='7cf6efab-a9d7-54d2-2cbd-ec82efe4a7da' region='africa' content_type='adapted' created_by='nanna@maternity.dk' level=None questions=None derived_from_id=None
Created action-card resource: title='Dexamethasone' description='Dexamethasone' icon='ede97ca5f9b4446c87db9758a342daa2' content='cbc36a19d5b7440e93b5cabd8c734636' language_id='7cf6efab-a9d7-54d2-2cbd-ec82efe4a7da' region='africa' content_type='translated' created_by='nanna@maternity.dk' level=None questions=None derived_from_id=None
  ℹ️  No screens translation found for 'drug:dexamethasone_1487101787771', using original
Queuing drug: res-drug-dexamethasone (Source: 'Dexamethasone')
  ✓ Drug inheriting module icon: ede97ca5...
Saved Markdown: /home/azureuser/test/content_migrator/data/temp_data/dicloxacillin_original.md
Saved Markdown: /home/azureuser/test/content_migrator/data/temp_data/dicloxacillin_adapted_africa.md
Saved Markdown: /home/azureuser/test/content_migrator/data/temp_data/dicloxacillin_translated_action_card.md
Created action-card resource: title='Dicloxacillin' description='Dicloxacillin' icon='ede97ca5f9b4446c87db9758a342daa2' content='c988562f375e4bbd8e61d1f3975e0157' language_id='7cf6efab-a9d7-54d2-2cbd-ec82efe4a7da' region='africa' content_type='original' created_by='nanna@maternity.dk' level=None questions=None derived_from_id=None
Created action-card resource: title='Dicloxacillin' description='Dicloxacillin' icon='ede97ca5f9b4446c87db9758a342daa2' content='56d0a29616de42c6ac3ef1b68566e61f' language_id='7cf6efab-a9d7-54d2-2cbd-ec82efe4a7da' region='africa' content_type='adapted' created_by='nanna@maternity.dk' level=None questions=None derived_from_id=None
Created action-card resource: title='Dicloxacillin' description='Dicloxacillin' icon='ede97ca5f9b4446c87db9758a342daa2' content='704728cabe80439ca6f5b92ba85d2f28' language_id='7cf6efab-a9d7-54d2-2cbd-ec82efe4a7da' region='africa' content_type='translated' created_by='nanna@maternity.dk' level=None questions=None derived_from_id=None
  ℹ️  No screens translation found for 'drug:dicloxacillin_1487103485964', using original
Queuing drug: res-drug-dicloxacillin (Source: 'Dicloxacillin')
  ✓ Drug inheriting module icon: ede97ca5...
Saved Markdown: /home/azureuser/test/content_migrator/data/temp_data/erythromycin_original.md
Saved Markdown: /home/azureuser/test/content_migrator/data/temp_data/erythromycin_adapted_africa.md
Saved Markdown: /home/azureuser/test/content_migrator/data/temp_data/erythromycin_translated_action_card.md
Created action-card resource: title='Erythromycin' description='Erythromycin' icon='ede97ca5f9b4446c87db9758a342daa2' content='c5d6bab233e04fe6afdcda7a9f0d7659' language_id='7cf6efab-a9d7-54d2-2cbd-ec82efe4a7da' region='africa' content_type='original' created_by='nanna@maternity.dk' level=None questions=None derived_from_id=None
Created action-card resource: title='Erythromycin' description='Erythromycin' icon='ede97ca5f9b4446c87db9758a342daa2' content='18510bca59124404882666b210eeb75f' language_id='7cf6efab-a9d7-54d2-2cbd-ec82efe4a7da' region='africa' content_type='adapted' created_by='nanna@maternity.dk' level=None questions=None derived_from_id=None
Created action-card resource: title='Erythromycin' description='Erythromycin' icon='ede97ca5f9b4446c87db9758a342daa2' content='64f88abbf9dc4243b882b77e658d9b6a' language_id='7cf6efab-a9d7-54d2-2cbd-ec82efe4a7da' region='africa' content_type='translated' created_by='nanna@maternity.dk' level=None questions=None derived_from_id=None
  ℹ️  No screens translation found for 'drug:erythromycin_1487108669256', using original
Queuing drug: res-drug-erythromycin (Source: 'Erythromycin')
  ✓ Drug inheriting module icon: ede97ca5...
Saved Markdown: /home/azureuser/test/content_migrator/data/temp_data/flucloxacillin_original.md
Saved Markdown: /home/azureuser/test/content_migrator/data/temp_data/flucloxacillin_adapted_africa.md
Saved Markdown: /home/azureuser/test/content_migrator/data/temp_data/flucloxacillin_translated_action_card.md
Created action-card resource: title='Flucloxacillin' description='Flucloxacillin' icon='ede97ca5f9b4446c87db9758a342daa2' content='c0978bf03c08408f9f75c442ca065891' language_id='7cf6efab-a9d7-54d2-2cbd-ec82efe4a7da' region='africa' content_type='original' created_by='nanna@maternity.dk' level=None questions=None derived_from_id=None
Created action-card resource: title='Flucloxacillin' description='Flucloxacillin' icon='ede97ca5f9b4446c87db9758a342daa2' content='ac04db8a7d5b48cf8d7ca21671003e36' language_id='7cf6efab-a9d7-54d2-2cbd-ec82efe4a7da' region='africa' content_type='adapted' created_by='nanna@maternity.dk' level=None questions=None derived_from_id=None
Created action-card resource: title='Flucloxacillin' description='Flucloxacillin' icon='ede97ca5f9b4446c87db9758a342daa2' content='db7e821e88744d00ae950167a45dfb20' language_id='7cf6efab-a9d7-54d2-2cbd-ec82efe4a7da' region='africa' content_type='translated' created_by='nanna@maternity.dk' level=None questions=None derived_from_id=None
  ℹ️  No screens translation found for 'drug:flucloxacillin_1506342581433', using original
Queuing drug: res-drug-flucloxacillin (Source: 'Flucloxacillin')
  ✓ Drug inheriting module icon: ede97ca5...
Saved Markdown: /home/azureuser/test/content_migrator/data/temp_data/gentamicin_original.md
Saved Markdown: /home/azureuser/test/content_migrator/data/temp_data/gentamicin_adapted_africa.md
Saved Markdown: /home/azureuser/test/content_migrator/data/temp_data/gentamicin_translated_action_card.md
Created action-card resource: title='Gentamicin' description='Gentamicin' icon='ede97ca5f9b4446c87db9758a342daa2' content='de1c2d2215064d019b55b0c1a745dc8f' language_id='7cf6efab-a9d7-54d2-2cbd-ec82efe4a7da' region='africa' content_type='original' created_by='nanna@maternity.dk' level=None questions=None derived_from_id=None
Created action-card resource: title='Gentamicin' description='Gentamicin' icon='ede97ca5f9b4446c87db9758a342daa2' content='f9b02f416bae43a1a875afadf8ea9de3' language_id='7cf6efab-a9d7-54d2-2cbd-ec82efe4a7da' region='africa' content_type='adapted' created_by='nanna@maternity.dk' level=None questions=None derived_from_id=None
Created action-card resource: title='Gentamicin' description='Gentamicin' icon='ede97ca5f9b4446c87db9758a342daa2' content='a868f010097647ff84de4c9f036302c0' language_id='7cf6efab-a9d7-54d2-2cbd-ec82efe4a7da' region='africa' content_type='translated' created_by='nanna@maternity.dk' level=None questions=None derived_from_id=None
  ℹ️  No screens translation found for 'drug:gentamicin_1487679704293', using original
Queuing drug: res-drug-gentamicin (Source: 'Gentamicin')
Overwriting previous queue for 'res-drug-gentamicin' with language-specific version (lang: 7cf6efab-a9d7-54d2-2cbd-ec82efe4a7da)
  ✓ Drug inheriting module icon: ede97ca5...
Saved Markdown: /home/azureuser/test/content_migrator/data/temp_data/iron_folic_acid_supplementation_new_original.md
Saved Markdown: /home/azureuser/test/content_migrator/data/temp_data/iron_folic_acid_supplementation_new_adapted_africa.md
Saved Markdown: /home/azureuser/test/content_migrator/data/temp_data/iron_folic_acid_supplementation_new_translated_action_card.md
Created action-card resource: title='Iron/Folic acid supplementation (NEW)' description='Iron/Folic acid supplementation (NEW)' icon='ede97ca5f9b4446c87db9758a342daa2' content='e09d9524d60749b98d5614f22253d432' language_id='7cf6efab-a9d7-54d2-2cbd-ec82efe4a7da' region='africa' content_type='original' created_by='nanna@maternity.dk' level=None questions=None derived_from_id=None
Created action-card resource: title='Iron/Folic acid supplementation (NEW)' description='Iron/Folic acid supplementation (NEW)' icon='ede97ca5f9b4446c87db9758a342daa2' content='a1b5f9a17f0a44b0afbab4e701fd9bc2' language_id='7cf6efab-a9d7-54d2-2cbd-ec82efe4a7da' region='africa' content_type='adapted' created_by='nanna@maternity.dk' level=None questions=None derived_from_id=None
Created action-card resource: title='Iron/Folic acid supplementation (NEW)' description='Iron/Folic acid supplementation (NEW)' icon='ede97ca5f9b4446c87db9758a342daa2' content='0e32b11d8995408891dbdf06908e8ae3' language_id='7cf6efab-a9d7-54d2-2cbd-ec82efe4a7da' region='africa' content_type='translated' created_by='nanna@maternity.dk' level=None questions=None derived_from_id=None
  ℹ️  No screens translation found for 'drug:ironfolic-acid-supplementation-new_1747984718217', using original
Queuing drug: res-drug-iron-folic-acid-supplementation-new (Source: 'Iron/Folic acid supplementation (NEW)')
  ✓ Drug inheriting module icon: ede97ca5...
Saved Markdown: /home/azureuser/test/content_migrator/data/temp_data/mebendazole_original.md
Saved Markdown: /home/azureuser/test/content_migrator/data/temp_data/mebendazole_adapted_africa.md
Saved Markdown: /home/azureuser/test/content_migrator/data/temp_data/mebendazole_translated_action_card.md
Created action-card resource: title='Mebendazole' description='Mebendazole' icon='ede97ca5f9b4446c87db9758a342daa2' content='b0e6c239fa5b4759a9f1dda0d1e8f7a1' language_id='7cf6efab-a9d7-54d2-2cbd-ec82efe4a7da' region='africa' content_type='original' created_by='nanna@maternity.dk' level=None questions=None derived_from_id=None
Created action-card resource: title='Mebendazole' description='Mebendazole' icon='ede97ca5f9b4446c87db9758a342daa2' content='88d2ca93e96e426d86882521c9b19416' language_id='7cf6efab-a9d7-54d2-2cbd-ec82efe4a7da' region='africa' content_type='adapted' created_by='nanna@maternity.dk' level=None questions=None derived_from_id=None
Created action-card resource: title='Mebendazole' description='Mebendazole' icon='ede97ca5f9b4446c87db9758a342daa2' content='eab55d73e886485c8b1446062f286ba5' language_id='7cf6efab-a9d7-54d2-2cbd-ec82efe4a7da' region='africa' content_type='translated' created_by='nanna@maternity.dk' level=None questions=None derived_from_id=None
  ℹ️  No screens translation found for 'drug:mebendazole_1699431547345', using original
Queuing drug: res-drug-mebendazole (Source: 'Mebendazole')
  ✓ Drug inheriting module icon: ede97ca5...
Saved Markdown: /home/azureuser/test/content_migrator/data/temp_data/nifedipine_original.md
Saved Markdown: /home/azureuser/test/content_migrator/data/temp_data/nifedipine_adapted_africa.md
Saved Markdown: /home/azureuser/test/content_migrator/data/temp_data/nifedipine_translated_action_card.md
Created action-card resource: title='Nifedipine' description='Nifedipine' icon='ede97ca5f9b4446c87db9758a342daa2' content='754ba455bbfe4788bf3b6af2b06b324b' language_id='7cf6efab-a9d7-54d2-2cbd-ec82efe4a7da' region='africa' content_type='original' created_by='nanna@maternity.dk' level=None questions=None derived_from_id=None
Created action-card resource: title='Nifedipine' description='Nifedipine' icon='ede97ca5f9b4446c87db9758a342daa2' content='3fc0c683f4584491a2167013e4bd8466' language_id='7cf6efab-a9d7-54d2-2cbd-ec82efe4a7da' region='africa' content_type='adapted' created_by='nanna@maternity.dk' level=None questions=None derived_from_id=None
Created action-card resource: title='Nifedipine' description='Nifedipine' icon='ede97ca5f9b4446c87db9758a342daa2' content='25c28fd5c37f427db17beb7a921375ed' language_id='7cf6efab-a9d7-54d2-2cbd-ec82efe4a7da' region='africa' content_type='translated' created_by='nanna@maternity.dk' level=None questions=None derived_from_id=None
  ℹ️  No screens translation found for 'drug:nifedipine_1487151847555', using original
Queuing drug: res-drug-nifedipine (Source: 'Nifedipine')
  ✓ Drug inheriting module icon: ede97ca5...
Saved Markdown: /home/azureuser/test/content_migrator/data/temp_data/penicillin_g_benzylpenicillin_original.md
Saved Markdown: /home/azureuser/test/content_migrator/data/temp_data/penicillin_g_benzylpenicillin_adapted_africa.md
Saved Markdown: /home/azureuser/test/content_migrator/data/temp_data/penicillin_g_benzylpenicillin_translated_action_card.md
Created action-card resource: title='Penicillin G (Benzylpenicillin)' description='Penicillin G (Benzylpenicillin)' icon='ede97ca5f9b4446c87db9758a342daa2' content='8069a46d7ece4512b939cd4ea63ef1b1' language_id='7cf6efab-a9d7-54d2-2cbd-ec82efe4a7da' region='africa' content_type='original' created_by='nanna@maternity.dk' level=None questions=None derived_from_id=None
Created action-card resource: title='Penicillin G (Benzylpenicillin)' description='Penicillin G (Benzylpenicillin)' icon='ede97ca5f9b4446c87db9758a342daa2' content='28193e6b7986415dbef061773723f9ad' language_id='7cf6efab-a9d7-54d2-2cbd-ec82efe4a7da' region='africa' content_type='adapted' created_by='nanna@maternity.dk' level=None questions=None derived_from_id=None
Created action-card resource: title='Penicillin G (Benzylpenicillin)' description='Penicillin G (Benzylpenicillin)' icon='ede97ca5f9b4446c87db9758a342daa2' content='c787dae682bd4b9ca3a51b3b2ceb87a9' language_id='7cf6efab-a9d7-54d2-2cbd-ec82efe4a7da' region='africa' content_type='translated' created_by='nanna@maternity.dk' level=None questions=None derived_from_id=None
  ℹ️  No screens translation found for 'drug:penicillin-g-benzylpenicillin_1487157542019', using original
Queuing drug: res-drug-penicillin-g-benzylpenicillin (Source: 'Penicillin G (Benzylpenicillin)')
  ✓ Drug inheriting module icon: ede97ca5...
Saved Markdown: /home/azureuser/test/content_migrator/data/temp_data/pre_exposure_prophylaxis_prep_original.md
Saved Markdown: /home/azureuser/test/content_migrator/data/temp_data/pre_exposure_prophylaxis_prep_adapted_africa.md
Saved Markdown: /home/azureuser/test/content_migrator/data/temp_data/pre_exposure_prophylaxis_prep_translated_action_card.md
Created action-card resource: title='Pre exposure prophylaxis - PrEP' description='Pre exposure prophylaxis - PrEP' icon='ede97ca5f9b4446c87db9758a342daa2' content='ecd73921a5af4ab8b3bf9b5d8d755c42' language_id='7cf6efab-a9d7-54d2-2cbd-ec82efe4a7da' region='africa' content_type='original' created_by='nanna@maternity.dk' level=None questions=None derived_from_id=None
Created action-card resource: title='Pre exposure prophylaxis - PrEP' description='Pre exposure prophylaxis - PrEP' icon='ede97ca5f9b4446c87db9758a342daa2' content='1e7138f096b046a1a93f77a645a2015f' language_id='7cf6efab-a9d7-54d2-2cbd-ec82efe4a7da' region='africa' content_type='adapted' created_by='nanna@maternity.dk' level=None questions=None derived_from_id=None
Created action-card resource: title='Pre exposure prophylaxis - PrEP' description='Pre exposure prophylaxis - PrEP' icon='ede97ca5f9b4446c87db9758a342daa2' content='f417944e996041b28ee5575334d40124' language_id='7cf6efab-a9d7-54d2-2cbd-ec82efe4a7da' region='africa' content_type='translated' created_by='nanna@maternity.dk' level=None questions=None derived_from_id=None
  ℹ️  No screens translation found for 'drug:pre-exposure-prophylaxis---prep_1701156889602', using original
Queuing drug: res-drug-pre-exposure-prophylaxis-prep (Source: 'Pre exposure prophylaxis - PrEP')
  ✓ Drug inheriting module icon: ede97ca5...
Saved Markdown: /home/azureuser/test/content_migrator/data/temp_data/sulfadoxine_pyrimethamine_iptp_sp_original.md
Saved Markdown: /home/azureuser/test/content_migrator/data/temp_data/sulfadoxine_pyrimethamine_iptp_sp_adapted_africa.md
Saved Markdown: /home/azureuser/test/content_migrator/data/temp_data/sulfadoxine_pyrimethamine_iptp_sp_translated_action_card.md
Created action-card resource: title='Sulfadoxine-pyrimethamine (IPTp-SP)' description='Sulfadoxine-pyrimethamine (IPTp-SP)' icon='ede97ca5f9b4446c87db9758a342daa2' content='7f4de5aaab364f2087f7608ced2242d6' language_id='7cf6efab-a9d7-54d2-2cbd-ec82efe4a7da' region='africa' content_type='original' created_by='nanna@maternity.dk' level=None questions=None derived_from_id=None
Created action-card resource: title='Sulfadoxine-pyrimethamine (IPTp-SP)' description='Sulfadoxine-pyrimethamine (IPTp-SP)' icon='ede97ca5f9b4446c87db9758a342daa2' content='8c0d2983a2ca4ea8967e459650422fa4' language_id='7cf6efab-a9d7-54d2-2cbd-ec82efe4a7da' region='africa' content_type='adapted' created_by='nanna@maternity.dk' level=None questions=None derived_from_id=None
Created action-card resource: title='Sulfadoxine-pyrimethamine (IPTp-SP)' description='Sulfadoxine-pyrimethamine (IPTp-SP)' icon='ede97ca5f9b4446c87db9758a342daa2' content='dc6250f245b9468784ef9c3b4f476f2c' language_id='7cf6efab-a9d7-54d2-2cbd-ec82efe4a7da' region='africa' content_type='translated' created_by='nanna@maternity.dk' level=None questions=None derived_from_id=None
  ℹ️  No screens translation found for 'drug:sulfadoxine-pyrimethamine-iptp-sp_1699431560040', using original
Queuing drug: res-drug-sulfadoxine-pyrimethamine-iptp-sp (Source: 'Sulfadoxine-pyrimethamine (IPTp-SP)')
  ✓ Drug inheriting module icon: ede97ca5...
Saved Markdown: /home/azureuser/test/content_migrator/data/temp_data/tetanus_vaccination_original.md
Saved Markdown: /home/azureuser/test/content_migrator/data/temp_data/tetanus_vaccination_adapted_africa.md
Saved Markdown: /home/azureuser/test/content_migrator/data/temp_data/tetanus_vaccination_translated_action_card.md
Created action-card resource: title='Tetanus vaccination' description='Tetanus vaccination' icon='ede97ca5f9b4446c87db9758a342daa2' content='470a35490ec84e2894376e97df579362' language_id='7cf6efab-a9d7-54d2-2cbd-ec82efe4a7da' region='africa' content_type='original' created_by='natalia@maternity.dk' level=None questions=None derived_from_id=None
Created action-card resource: title='Tetanus vaccination' description='Tetanus vaccination' icon='ede97ca5f9b4446c87db9758a342daa2' content='728c742cfec640468b7b50014c82768a' language_id='7cf6efab-a9d7-54d2-2cbd-ec82efe4a7da' region='africa' content_type='adapted' created_by='natalia@maternity.dk' level=None questions=None derived_from_id=None
Created action-card resource: title='Tetanus vaccination' description='Tetanus vaccination' icon='ede97ca5f9b4446c87db9758a342daa2' content='a40943bc566c4396b8f854688f532d28' language_id='7cf6efab-a9d7-54d2-2cbd-ec82efe4a7da' region='africa' content_type='translated' created_by='natalia@maternity.dk' level=None questions=None derived_from_id=None
  ℹ️  No screens translation found for 'drug:tetanus-vaccination_1699431521325', using original
Queuing drug: res-drug-tetanus-vaccination (Source: 'Tetanus vaccination')
  ✓ Drug inheriting module icon: ede97ca5...
Saved Markdown: /home/azureuser/test/content_migrator/data/temp_data/vitamin_a_supplementation_original.md
Saved Markdown: /home/azureuser/test/content_migrator/data/temp_data/vitamin_a_supplementation_adapted_africa.md
Saved Markdown: /home/azureuser/test/content_migrator/data/temp_data/vitamin_a_supplementation_translated_action_card.md
Created action-card resource: title='Vitamin A supplementation' description='Vitamin A supplementation' icon='ede97ca5f9b4446c87db9758a342daa2' content='665e09fb12f5429288346764a1c503dd' language_id='7cf6efab-a9d7-54d2-2cbd-ec82efe4a7da' region='africa' content_type='original' created_by='nanna@maternity.dk' level=None questions=None derived_from_id=None
Created action-card resource: title='Vitamin A supplementation' description='Vitamin A supplementation' icon='ede97ca5f9b4446c87db9758a342daa2' content='60b4efd28a2f4d4eb047dadfb1706e3a' language_id='7cf6efab-a9d7-54d2-2cbd-ec82efe4a7da' region='africa' content_type='adapted' created_by='nanna@maternity.dk' level=None questions=None derived_from_id=None
Created action-card resource: title='Vitamin A supplementation' description='Vitamin A supplementation' icon='ede97ca5f9b4446c87db9758a342daa2' content='d2004110fcac491faa95131ac287a07e' language_id='7cf6efab-a9d7-54d2-2cbd-ec82efe4a7da' region='africa' content_type='translated' created_by='nanna@maternity.dk' level=None questions=None derived_from_id=None
  ℹ️  No screens translation found for 'drug:vitamin-a-supplementation_1699431509691', using original
Queuing drug: res-drug-vitamin-a-supplementation (Source: 'Vitamin A supplementation')
Mapping language:   7cf6efab-a9d7-54d2-2cbd-ec82efe4a7da
  ℹ️  No key-learning-points document found for key 'number-of-antenatal-contacts_1699433449279' with langId='7cf6efab-a9d7-54d2-2cbd-ec82efe4a7da'.
  ℹ️  No keyLearningPoints document found for key 'number-of-antenatal-contacts_1699433449279' with langId='7cf6efab-a9d7-54d2-2cbd-ec82efe4a7da'.
  ⚠ SKIP: Localized KLP 'number-of-antenatal-contacts_1699433449279' not found in 7cf6efab-a9d7-54d2-2cbd-ec82efe4a7da.
  ℹ️  No key-learning-points document found for key 'antenatal-record_1699433683776' with langId='7cf6efab-a9d7-54d2-2cbd-ec82efe4a7da'.
  ℹ️  No keyLearningPoints document found for key 'antenatal-record_1699433683776' with langId='7cf6efab-a9d7-54d2-2cbd-ec82efe4a7da'.
  ⚠ SKIP: Localized KLP 'antenatal-record_1699433683776' not found in 7cf6efab-a9d7-54d2-2cbd-ec82efe4a7da.
  ℹ️  No key-learning-points document found for key 'respectful-maternity-care_1699947002198' with langId='7cf6efab-a9d7-54d2-2cbd-ec82efe4a7da'.
  ℹ️  No keyLearningPoints document found for key 'respectful-maternity-care_1699947002198' with langId='7cf6efab-a9d7-54d2-2cbd-ec82efe4a7da'.
  ⚠ SKIP: Localized KLP 'respectful-maternity-care_1699947002198' not found in 7cf6efab-a9d7-54d2-2cbd-ec82efe4a7da.
Using cached asset_id: 17d10b8eeda940789e79502844b2e7a7
  ✓ KLP question 1 icon uploaded: 17d10b8e...
  ℹ️  No screens translation found for 'key-learning-point:first-contact-in-pregnancy_1699947271966'
Queued KLP to klps.csv: klp-1-what-should-you-do-during-the-first-contact-in-pregnancy
  ℹ️  No key-learning-points document found for key 'investigations-during-first-contact_1699947461729' with langId='7cf6efab-a9d7-54d2-2cbd-ec82efe4a7da'.
  ℹ️  No keyLearningPoints document found for key 'investigations-during-first-contact_1699947461729' with langId='7cf6efab-a9d7-54d2-2cbd-ec82efe4a7da'.
  ⚠ SKIP: Localized KLP 'investigations-during-first-contact_1699947461729' not found in 7cf6efab-a9d7-54d2-2cbd-ec82efe4a7da.
  ℹ️  No key-learning-points document found for key 'preventive-recommendations-during-pregnancy_1699947598427' with langId='7cf6efab-a9d7-54d2-2cbd-ec82efe4a7da'.
  ℹ️  No keyLearningPoints document found for key 'preventive-recommendations-during-pregnancy_1699947598427' with langId='7cf6efab-a9d7-54d2-2cbd-ec82efe4a7da'.
  ⚠ SKIP: Localized KLP 'preventive-recommendations-during-pregnancy_1699947598427' not found in 7cf6efab-a9d7-54d2-2cbd-ec82efe4a7da.
Using cached asset_id: 22b0d328b5f74224a11e822195894314
  ✓ KLP question 1 icon uploaded: 22b0d328...
  ℹ️  No screens translation found for 'key-learning-point:calcium-supplements-can-reduce-risk-of-pre-eclampsia_1699947714137'
Queued KLP to klps.csv: klp-2-which-of-the-following-statements-are-true-in-relation-to-calcium-supplementation-during-pregnancy
Using cached asset_id: cd3b91dda4cf408385f5ce66e6043c1d
  ✓ KLP question 1 icon uploaded: cd3b91dd...
  ℹ️  No screens translation found for 'key-learning-point:screening-for-pre-eclampsia_1699947862154'
Queued KLP to klps.csv: klp-2-while-screening-a-pregnant-woman-for-pre-eclampsia-which-of-the-following-parameters-will-you-check
  ℹ️  No key-learning-points document found for key 'identification-of-woman-with-anemia_1699947957429' with langId='7cf6efab-a9d7-54d2-2cbd-ec82efe4a7da'.
  ℹ️  No keyLearningPoints document found for key 'identification-of-woman-with-anemia_1699947957429' with langId='7cf6efab-a9d7-54d2-2cbd-ec82efe4a7da'.
  ⚠ SKIP: Localized KLP 'identification-of-woman-with-anemia_1699947957429' not found in 7cf6efab-a9d7-54d2-2cbd-ec82efe4a7da.
  ℹ️  No key-learning-points document found for key 'tocolytic-for-threatened-preterm-labour_1699948040019' with langId='7cf6efab-a9d7-54d2-2cbd-ec82efe4a7da'.
  ℹ️  No keyLearningPoints document found for key 'tocolytic-for-threatened-preterm-labour_1699948040019' with langId='7cf6efab-a9d7-54d2-2cbd-ec82efe4a7da'.
  ⚠ SKIP: Localized KLP 'tocolytic-for-threatened-preterm-labour_1699948040019' not found in 7cf6efab-a9d7-54d2-2cbd-ec82efe4a7da.
  ℹ️  No key-learning-points document found for key 'screening-for-pre-eclampsia_1699948112077' with langId='7cf6efab-a9d7-54d2-2cbd-ec82efe4a7da'.
  ℹ️  No keyLearningPoints document found for key 'screening-for-pre-eclampsia_1699948112077' with langId='7cf6efab-a9d7-54d2-2cbd-ec82efe4a7da'.
  ⚠ SKIP: Localized KLP 'screening-for-pre-eclampsia_1699948112077' not found in 7cf6efab-a9d7-54d2-2cbd-ec82efe4a7da.
Using cached asset_id: 8d409475b30b451fbd982f61117e03ff
  ✓ KLP question 1 icon uploaded: 8d409475...
  ℹ️  No screens translation found for 'key-learning-point:screening-for-uti_1699948205907'
Queued KLP to klps.csv: klp-1-a-woman-with-urinary-tract-infection-usually-presents-with
  ℹ️  No key-learning-points document found for key 'screening-for-significant-symptoms-of-pregnancy-complications_1699948305571' with langId='7cf6efab-a9d7-54d2-2cbd-ec82efe4a7da'.
  ℹ️  No keyLearningPoints document found for key 'screening-for-significant-symptoms-of-pregnancy-complications_1699948305571' with langId='7cf6efab-a9d7-54d2-2cbd-ec82efe4a7da'.
  ⚠ SKIP: Localized KLP 'screening-for-significant-symptoms-of-pregnancy-complications_1699948305571' not found in 7cf6efab-a9d7-54d2-2cbd-ec82efe4a7da.
  ℹ️  No key-learning-points document found for key 'listening-to-the-fetal-heart-sounds-_1699948387424' with langId='7cf6efab-a9d7-54d2-2cbd-ec82efe4a7da'.
  ℹ️  No keyLearningPoints document found for key 'listening-to-the-fetal-heart-sounds-_1699948387424' with langId='7cf6efab-a9d7-54d2-2cbd-ec82efe4a7da'.
  ⚠ SKIP: Localized KLP 'listening-to-the-fetal-heart-sounds-_1699948387424' not found in 7cf6efab-a9d7-54d2-2cbd-ec82efe4a7da.
  ℹ️  No key-learning-points document found for key 'abdominal-palpation_1699948460448' with langId='7cf6efab-a9d7-54d2-2cbd-ec82efe4a7da'.
  ℹ️  No keyLearningPoints document found for key 'abdominal-palpation_1699948460448' with langId='7cf6efab-a9d7-54d2-2cbd-ec82efe4a7da'.
  ⚠ SKIP: Localized KLP 'abdominal-palpation_1699948460448' not found in 7cf6efab-a9d7-54d2-2cbd-ec82efe4a7da.
  ℹ️  No key-learning-points document found for key 'recognition-of-signs-of-labour_1699948893325' with langId='7cf6efab-a9d7-54d2-2cbd-ec82efe4a7da'.
  ℹ️  No keyLearningPoints document found for key 'recognition-of-signs-of-labour_1699948893325' with langId='7cf6efab-a9d7-54d2-2cbd-ec82efe4a7da'.
  ⚠ SKIP: Localized KLP 'recognition-of-signs-of-labour_1699948893325' not found in 7cf6efab-a9d7-54d2-2cbd-ec82efe4a7da.
  ℹ️  No key-learning-points document found for key 'management-of-anemia_1699949214472' with langId='7cf6efab-a9d7-54d2-2cbd-ec82efe4a7da'.
  ℹ️  No keyLearningPoints document found for key 'management-of-anemia_1699949214472' with langId='7cf6efab-a9d7-54d2-2cbd-ec82efe4a7da'.
  ⚠ SKIP: Localized KLP 'management-of-anemia_1699949214472' not found in 7cf6efab-a9d7-54d2-2cbd-ec82efe4a7da.
  ℹ️  No key-learning-points document found for key 'gestational-diabetes-mellitus_1699949313905' with langId='7cf6efab-a9d7-54d2-2cbd-ec82efe4a7da'.
  ℹ️  No keyLearningPoints document found for key 'gestational-diabetes-mellitus_1699949313905' with langId='7cf6efab-a9d7-54d2-2cbd-ec82efe4a7da'.
  ⚠ SKIP: Localized KLP 'gestational-diabetes-mellitus_1699949313905' not found in 7cf6efab-a9d7-54d2-2cbd-ec82efe4a7da.
Using cached asset_id: ab1bd39b78044ea592c660e539a5d856
  ✓ KLP question 1 icon uploaded: ab1bd39b...
  ℹ️  No screens translation found for 'key-learning-point:nutrition-and-lifestyle-counselling_1699949409717'
Queued KLP to klps.csv: klp-2-while-counselling-the-pregnant-woman-on-nutrition-and-lifestyle-modification-you-should-instruct-her-to
  ℹ️  No key-learning-points document found for key 'weight-gain-during-pregnancy_1699949508601' with langId='7cf6efab-a9d7-54d2-2cbd-ec82efe4a7da'.
  ℹ️  No keyLearningPoints document found for key 'weight-gain-during-pregnancy_1699949508601' with langId='7cf6efab-a9d7-54d2-2cbd-ec82efe4a7da'.
  ⚠ SKIP: Localized KLP 'weight-gain-during-pregnancy_1699949508601' not found in 7cf6efab-a9d7-54d2-2cbd-ec82efe4a7da.
Using cached asset_id: cf836ab49e164beb847a27c3e97e22b8
  ✓ KLP question 1 icon uploaded: cf836ab4...
  ℹ️  No screens translation found for 'key-learning-point:birth-and-emergency-plan_1699949592177'
Queued KLP to klps.csv: klp-1-what-are-the-components-of-a-birth-and-emergency-plan
Using cached asset_id: 81ec9f5afe7e4790bb4280a3f0f6b195
  ✓ KLP question 1 icon uploaded: 81ec9f5a...
  ℹ️  No screens translation found for 'key-learning-point:interventions-for-low-back-pain-and-pelvic-pain_1699949672179'
Queued KLP to klps.csv: klp-2-when-a-pregnant-woman-complains-of-low-back-pain-and-pelvic-pain-what-should-you-recommend
  ℹ️  No key-learning-points document found for key 'interventions-for-constipation_1699950067003' with langId='7cf6efab-a9d7-54d2-2cbd-ec82efe4a7da'.
  ℹ️  No keyLearningPoints document found for key 'interventions-for-constipation_1699950067003' with langId='7cf6efab-a9d7-54d2-2cbd-ec82efe4a7da'.
  ⚠ SKIP: Localized KLP 'interventions-for-constipation_1699950067003' not found in 7cf6efab-a9d7-54d2-2cbd-ec82efe4a7da.
  ℹ️  No key-learning-points document found for key 'interventions-for-leg-cramps_1699950198085' with langId='7cf6efab-a9d7-54d2-2cbd-ec82efe4a7da'.
  ℹ️  No keyLearningPoints document found for key 'interventions-for-leg-cramps_1699950198085' with langId='7cf6efab-a9d7-54d2-2cbd-ec82efe4a7da'.
  ⚠ SKIP: Localized KLP 'interventions-for-leg-cramps_1699950198085' not found in 7cf6efab-a9d7-54d2-2cbd-ec82efe4a7da.
  ℹ️  No key-learning-points document found for key 'violence-against-women_1699951097824' with langId='7cf6efab-a9d7-54d2-2cbd-ec82efe4a7da'.
  ℹ️  No keyLearningPoints document found for key 'violence-against-women_1699951097824' with langId='7cf6efab-a9d7-54d2-2cbd-ec82efe4a7da'.
  ⚠ SKIP: Localized KLP 'violence-against-women_1699951097824' not found in 7cf6efab-a9d7-54d2-2cbd-ec82efe4a7da.
  ℹ️  No key-learning-points document found for key 'identification-of-antepartum-hemorrhage_1699951246907' with langId='7cf6efab-a9d7-54d2-2cbd-ec82efe4a7da'.
  ℹ️  No keyLearningPoints document found for key 'identification-of-antepartum-hemorrhage_1699951246907' with langId='7cf6efab-a9d7-54d2-2cbd-ec82efe4a7da'.
  ⚠ SKIP: Localized KLP 'identification-of-antepartum-hemorrhage_1699951246907' not found in 7cf6efab-a9d7-54d2-2cbd-ec82efe4a7da.
  ℹ️  No key-learning-points document found for key 'identification-of-venous-thromboembolism_1699951652602' with langId='7cf6efab-a9d7-54d2-2cbd-ec82efe4a7da'.
  ℹ️  No keyLearningPoints document found for key 'identification-of-venous-thromboembolism_1699951652602' with langId='7cf6efab-a9d7-54d2-2cbd-ec82efe4a7da'.
  ⚠ SKIP: Localized KLP 'identification-of-venous-thromboembolism_1699951652602' not found in 7cf6efab-a9d7-54d2-2cbd-ec82efe4a7da.
  ℹ️  No key-learning-points document found for key 'foetal-assessment_1699951735571' with langId='7cf6efab-a9d7-54d2-2cbd-ec82efe4a7da'.
  ℹ️  No keyLearningPoints document found for key 'foetal-assessment_1699951735571' with langId='7cf6efab-a9d7-54d2-2cbd-ec82efe4a7da'.
  ⚠ SKIP: Localized KLP 'foetal-assessment_1699951735571' not found in 7cf6efab-a9d7-54d2-2cbd-ec82efe4a7da.
  ℹ️  No key-learning-points document found for key 'which-of-the-following-foetal-heart-reading-indicate-foetal-asphyxia_1699951906398' with langId='7cf6efab-a9d7-54d2-2cbd-ec82efe4a7da'.
  ℹ️  No keyLearningPoints document found for key 'which-of-the-following-foetal-heart-reading-indicate-foetal-asphyxia_1699951906398' with langId='7cf6efab-a9d7-54d2-2cbd-ec82efe4a7da'.
  ⚠ SKIP: Localized KLP 'which-of-the-following-foetal-heart-reading-indicate-foetal-asphyxia_1699951906398' not found in 7cf6efab-a9d7-54d2-2cbd-ec82efe4a7da.
  ℹ️  No key-learning-points document found for key 'malaria-prevention_1699952953751' with langId='7cf6efab-a9d7-54d2-2cbd-ec82efe4a7da'.
  ℹ️  No keyLearningPoints document found for key 'malaria-prevention_1699952953751' with langId='7cf6efab-a9d7-54d2-2cbd-ec82efe4a7da'.
  ⚠ SKIP: Localized KLP 'malaria-prevention_1699952953751' not found in 7cf6efab-a9d7-54d2-2cbd-ec82efe4a7da.
  ℹ️  No key-learning-points document found for key 'pre-exposure-prophylaxis-for-hiv-prevention_1699953048985' with langId='7cf6efab-a9d7-54d2-2cbd-ec82efe4a7da'.
  ℹ️  No keyLearningPoints document found for key 'pre-exposure-prophylaxis-for-hiv-prevention_1699953048985' with langId='7cf6efab-a9d7-54d2-2cbd-ec82efe4a7da'.
  ⚠ SKIP: Localized KLP 'pre-exposure-prophylaxis-for-hiv-prevention_1699953048985' not found in 7cf6efab-a9d7-54d2-2cbd-ec82efe4a7da.
Using cached asset_id: d19ec15de357474b87129c138a9b6f8b
  ✓ KLP question 1 icon uploaded: d19ec15d...
  ℹ️  No screens translation found for 'key-learning-point:preventative-anthelminthic-deworming-treatment_1699953115919'
Queued KLP to klps.csv: klp-3-identify-the-statements-that-are-true-in-relation-to-preventive-anthelmintic-treatment-during-pregnancy
  ℹ️  No key-learning-points document found for key 'tetanus-toxoid-vaccination_1699953211343' with langId='7cf6efab-a9d7-54d2-2cbd-ec82efe4a7da'.
  ℹ️  No keyLearningPoints document found for key 'tetanus-toxoid-vaccination_1699953211343' with langId='7cf6efab-a9d7-54d2-2cbd-ec82efe4a7da'.
  ⚠ SKIP: Localized KLP 'tetanus-toxoid-vaccination_1699953211343' not found in 7cf6efab-a9d7-54d2-2cbd-ec82efe4a7da.
Using cached asset_id: 8f70e3e9368e452799cd0953dc7d1f3e
  ✓ KLP question 1 icon uploaded: 8f70e3e9...
  ℹ️  No screens translation found for 'key-learning-point:nutritional-supplementation-and-interventions---ifa_1700396823281'
Queued KLP to klps.csv: klp-1-what-is-the-dose-of-iron-and-folic-acid-supplement-recommended-during-the-antenatal-period
Using cached asset_id: 8f70e3e9368e452799cd0953dc7d1f3e
  ✓ KLP question 1 icon uploaded: 8f70e3e9...
  ℹ️  No screens translation found for 'key-learning-point:nutritional-supplementation-and-interventions---ifa_1700397724994'
Queued KLP to klps.csv: klp-3-what-are-the-complications-that-can-be-prevented-by-taking-iron-and-folic-acid-tablets
  ℹ️  No key-learning-points document found for key 'what-is-the-risk-that-may-occur-if-the-foetus-is-cephalic-and-the-head-is-not-engaged_1701113780415' with langId='7cf6efab-a9d7-54d2-2cbd-ec82efe4a7da'.
  ℹ️  No keyLearningPoints document found for key 'what-is-the-risk-that-may-occur-if-the-foetus-is-cephalic-and-the-head-is-not-engaged_1701113780415' with langId='7cf6efab-a9d7-54d2-2cbd-ec82efe4a7da'.
  ⚠ SKIP: Localized KLP 'what-is-the-risk-that-may-occur-if-the-foetus-is-cephalic-and-the-head-is-not-engaged_1701113780415' not found in 7cf6efab-a9d7-54d2-2cbd-ec82efe4a7da.
  Step 2: Queuing module payload with resource slugs...
Using cached asset_id: ede97ca5f9b4446c87db9758a342daa2
Skipping previously failed asset: https://sdacms.blob.core.windows.net/content/assets/videos/english%20WHO/Antenatal%20Care/intro.mp4
Warning: Failed to process video asset: /english WHO/Antenatal Care/intro
Skipping previously failed asset: https://sdacms.blob.core.windows.net/content/assets/videos/english%20WHO/Antenatal%20Care/antenatal_care_schedule.mp4
Warning: Failed to process video asset: /english WHO/Antenatal Care/antenatal_care_schedule
Skipping previously failed asset: https://sdacms.blob.core.windows.net/content/assets/videos/english%20WHO/Antenatal%20Care/respectful_maternity_care.mp4
Warning: Failed to process video asset: /english WHO/Antenatal Care/respectful_maternity_care
Skipping previously failed asset: https://sdacms.blob.core.windows.net/content/assets/videos/english%20WHO/Antenatal%20Care/first_contact_in_pregnancy.mp4
Warning: Failed to process video asset: /english WHO/Antenatal Care/first_contact_in_pregnancy
Skipping previously failed asset: https://sdacms.blob.core.windows.net/content/assets/videos/english%20WHO/Antenatal%20Care/routine_antenatal_assessment_of_the_women.mp4
Warning: Failed to process video asset: /english WHO/Antenatal Care/routine_antenatal_assessment_of_the_women
Skipping previously failed asset: https://sdacms.blob.core.windows.net/content/assets/videos/english%20WHO/Antenatal%20Care/routine_antenatal_assessment_of_the_foetus.mp4
Warning: Failed to process video asset: /english WHO/Antenatal Care/routine_antenatal_assessment_of_the_foetus
Skipping previously failed asset: https://sdacms.blob.core.windows.net/content/assets/videos/english%20WHO/Antenatal%20Care/counselling.mp4
Warning: Failed to process video asset: /english WHO/Antenatal Care/counselling
  → Using bundle description fallback for translated module
  → Queued module 'Antenatal Care' -> /home/azureuser/test/content_migrator/data/processed_data/modules.csv
  → Found English title from Cosmos (key='modern-contraception_1676540153643'): 'Modern Contraception'
[ModuleMigrator] Using Cosmos doc resource lists for TRANSLATED module 'modern-contraception_1676540153643' (lang: 7cf6efab-a9d7-54d2-2cbd-ec82efe4a7da)
  actionCards: 6 keys
  procedures: 4 keys
  drugs: 10 keys
  keyLearningPoints: 36 keys
  videos: 8 keys
  ⚠ STRUCTURAL VIOLATION: Global identity document not found in Cosmos for localized module 'modern-contraception'. Proceeding with placeholder title: Modern Contraception
  Step 1: Preparing module resources (queue)...
Loaded 511 existing resource mappings
Mapping language:   7cf6efab-a9d7-54d2-2cbd-ec82efe4a7da
  DEBUG: Found 8 videos in module
Downloading video asset from https://sdacms.blob.core.windows.net/content/assets/videos/english%20WHO/Modern%20Contraceptives%20module/intro.mp4
Error downloading video asset https://sdacms.blob.core.windows.net/content/assets/videos/english%20WHO/Modern%20Contraceptives%20module/intro.mp4: 404 Client Error: The specified blob does not exist. for url: https://sdacms.blob.core.windows.net/content/assets/videos/english%20WHO/Modern%20Contraceptives%20module/intro.mp4
Video icon URL: english%20WHO/Modern%20Contraceptives%20module/intro
Video icon URL: english%20WHO/Modern%20Contraceptives%20module/intro
Downloading video_icon asset from https://sdacms.blob.core.windows.net/content/assets/videos/english%20WHO/Modern%20Contraceptives%20module/intro.png
Error downloading video_icon asset https://sdacms.blob.core.windows.net/content/assets/videos/english%20WHO/Modern%20Contraceptives%20module/intro.png: 404 Client Error: The specified blob does not exist. for url: https://sdacms.blob.core.windows.net/content/assets/videos/english%20WHO/Modern%20Contraceptives%20module/intro.png
Skipping video '/english WHO/Modern Contraceptives module/intro' - missing asset upload
Downloading video asset from https://sdacms.blob.core.windows.net/content/assets/videos/english%20WHO/Modern%20Contraceptives%20module/counselling.mp4
Error downloading video asset https://sdacms.blob.core.windows.net/content/assets/videos/english%20WHO/Modern%20Contraceptives%20module/counselling.mp4: 404 Client Error: The specified blob does not exist. for url: https://sdacms.blob.core.windows.net/content/assets/videos/english%20WHO/Modern%20Contraceptives%20module/counselling.mp4
Video icon URL: english%20WHO/Modern%20Contraceptives%20module/counselling
Video icon URL: english%20WHO/Modern%20Contraceptives%20module/counselling
Downloading video_icon asset from https://sdacms.blob.core.windows.net/content/assets/videos/english%20WHO/Modern%20Contraceptives%20module/counselling.png
Error downloading video_icon asset https://sdacms.blob.core.windows.net/content/assets/videos/english%20WHO/Modern%20Contraceptives%20module/counselling.png: 404 Client Error: The specified blob does not exist. for url: https://sdacms.blob.core.windows.net/content/assets/videos/english%20WHO/Modern%20Contraceptives%20module/counselling.png
Skipping video '/english WHO/Modern Contraceptives module/counselling' - missing asset upload
Downloading video asset from https://sdacms.blob.core.windows.net/content/assets/videos/english%20WHO/Modern%20Contraceptives%20module/contraceptive_methods.mp4
Error downloading video asset https://sdacms.blob.core.windows.net/content/assets/videos/english%20WHO/Modern%20Contraceptives%20module/contraceptive_methods.mp4: 404 Client Error: The specified blob does not exist. for url: https://sdacms.blob.core.windows.net/content/assets/videos/english%20WHO/Modern%20Contraceptives%20module/contraceptive_methods.mp4
Video icon URL: english%20WHO/Modern%20Contraceptives%20module/contraceptive_methods
Video icon URL: english%20WHO/Modern%20Contraceptives%20module/contraceptive_methods
Downloading video_icon asset from https://sdacms.blob.core.windows.net/content/assets/videos/english%20WHO/Modern%20Contraceptives%20module/contraceptive_methods.png
Error downloading video_icon asset https://sdacms.blob.core.windows.net/content/assets/videos/english%20WHO/Modern%20Contraceptives%20module/contraceptive_methods.png: 404 Client Error: The specified blob does not exist. for url: https://sdacms.blob.core.windows.net/content/assets/videos/english%20WHO/Modern%20Contraceptives%20module/contraceptive_methods.png
Skipping video '/english WHO/Modern Contraceptives module/contraceptive_methods' - missing asset upload
Downloading video asset from https://sdacms.blob.core.windows.net/content/assets/videos/english%20WHO/Modern%20Contraceptives%20module/MEC.mp4
Error downloading video asset https://sdacms.blob.core.windows.net/content/assets/videos/english%20WHO/Modern%20Contraceptives%20module/MEC.mp4: 404 Client Error: The specified blob does not exist. for url: https://sdacms.blob.core.windows.net/content/assets/videos/english%20WHO/Modern%20Contraceptives%20module/MEC.mp4
Video icon URL: english%20WHO/Modern%20Contraceptives%20module/MEC
Video icon URL: english%20WHO/Modern%20Contraceptives%20module/MEC
Downloading video_icon asset from https://sdacms.blob.core.windows.net/content/assets/videos/english%20WHO/Modern%20Contraceptives%20module/MEC.png
Error downloading video_icon asset https://sdacms.blob.core.windows.net/content/assets/videos/english%20WHO/Modern%20Contraceptives%20module/MEC.png: 404 Client Error: The specified blob does not exist. for url: https://sdacms.blob.core.windows.net/content/assets/videos/english%20WHO/Modern%20Contraceptives%20module/MEC.png
Skipping video '/english WHO/Modern Contraceptives module/MEC' - missing asset upload
Downloading video asset from https://sdacms.blob.core.windows.net/content/assets/videos/english%20WHO/Modern%20Contraceptives%20module/implant_insertion.mp4
Error downloading video asset https://sdacms.blob.core.windows.net/content/assets/videos/english%20WHO/Modern%20Contraceptives%20module/implant_insertion.mp4: 404 Client Error: The specified blob does not exist. for url: https://sdacms.blob.core.windows.net/content/assets/videos/english%20WHO/Modern%20Contraceptives%20module/implant_insertion.mp4
Video icon URL: english%20WHO/Modern%20Contraceptives%20module/implant_insertion
Video icon URL: english%20WHO/Modern%20Contraceptives%20module/implant_insertion
Downloading video_icon asset from https://sdacms.blob.core.windows.net/content/assets/videos/english%20WHO/Modern%20Contraceptives%20module/implant_insertion.png
Error downloading video_icon asset https://sdacms.blob.core.windows.net/content/assets/videos/english%20WHO/Modern%20Contraceptives%20module/implant_insertion.png: 404 Client Error: The specified blob does not exist. for url: https://sdacms.blob.core.windows.net/content/assets/videos/english%20WHO/Modern%20Contraceptives%20module/implant_insertion.png
Skipping video '/english WHO/Modern Contraceptives module/implant_insertion' - missing asset upload
Downloading video asset from https://sdacms.blob.core.windows.net/content/assets/videos/english%20WHO/Modern%20Contraceptives%20module/implant_removal.mp4
Error downloading video asset https://sdacms.blob.core.windows.net/content/assets/videos/english%20WHO/Modern%20Contraceptives%20module/implant_removal.mp4: 404 Client Error: The specified blob does not exist. for url: https://sdacms.blob.core.windows.net/content/assets/videos/english%20WHO/Modern%20Contraceptives%20module/implant_removal.mp4
Video icon URL: english%20WHO/Modern%20Contraceptives%20module/implant_removal
Video icon URL: english%20WHO/Modern%20Contraceptives%20module/implant_removal
Downloading video_icon asset from https://sdacms.blob.core.windows.net/content/assets/videos/english%20WHO/Modern%20Contraceptives%20module/implant_removal.png
Error downloading video_icon asset https://sdacms.blob.core.windows.net/content/assets/videos/english%20WHO/Modern%20Contraceptives%20module/implant_removal.png: 404 Client Error: The specified blob does not exist. for url: https://sdacms.blob.core.windows.net/content/assets/videos/english%20WHO/Modern%20Contraceptives%20module/implant_removal.png
Skipping video '/english WHO/Modern Contraceptives module/implant_removal' - missing asset upload
Downloading video asset from https://sdacms.blob.core.windows.net/content/assets/videos/english%20WHO/Modern%20Contraceptives%20module/IUD_insertion.mp4
Error downloading video asset https://sdacms.blob.core.windows.net/content/assets/videos/english%20WHO/Modern%20Contraceptives%20module/IUD_insertion.mp4: 404 Client Error: The specified blob does not exist. for url: https://sdacms.blob.core.windows.net/content/assets/videos/english%20WHO/Modern%20Contraceptives%20module/IUD_insertion.mp4
Video icon URL: english%20WHO/Modern%20Contraceptives%20module/IUD_insertion
Video icon URL: english%20WHO/Modern%20Contraceptives%20module/IUD_insertion
Downloading video_icon asset from https://sdacms.blob.core.windows.net/content/assets/videos/english%20WHO/Modern%20Contraceptives%20module/IUD_insertion.png
Error downloading video_icon asset https://sdacms.blob.core.windows.net/content/assets/videos/english%20WHO/Modern%20Contraceptives%20module/IUD_insertion.png: 404 Client Error: The specified blob does not exist. for url: https://sdacms.blob.core.windows.net/content/assets/videos/english%20WHO/Modern%20Contraceptives%20module/IUD_insertion.png
Skipping video '/english WHO/Modern Contraceptives module/IUD_insertion' - missing asset upload
Downloading video asset from https://sdacms.blob.core.windows.net/content/assets/videos/english%20WHO/Modern%20Contraceptives%20module/IUD_removal.mp4
Error downloading video asset https://sdacms.blob.core.windows.net/content/assets/videos/english%20WHO/Modern%20Contraceptives%20module/IUD_removal.mp4: 404 Client Error: The specified blob does not exist. for url: https://sdacms.blob.core.windows.net/content/assets/videos/english%20WHO/Modern%20Contraceptives%20module/IUD_removal.mp4
Video icon URL: english%20WHO/Modern%20Contraceptives%20module/IUD_removal
Video icon URL: english%20WHO/Modern%20Contraceptives%20module/IUD_removal
Downloading video_icon asset from https://sdacms.blob.core.windows.net/content/assets/videos/english%20WHO/Modern%20Contraceptives%20module/IUD_removal.png
Error downloading video_icon asset https://sdacms.blob.core.windows.net/content/assets/videos/english%20WHO/Modern%20Contraceptives%20module/IUD_removal.png: 404 Client Error: The specified blob does not exist. for url: https://sdacms.blob.core.windows.net/content/assets/videos/english%20WHO/Modern%20Contraceptives%20module/IUD_removal.png
Skipping video '/english WHO/Modern Contraceptives module/IUD_removal' - missing asset upload
  DEBUG: Found 6 action cards in module
Mapping language:   7cf6efab-a9d7-54d2-2cbd-ec82efe4a7da
Using cached asset_id: fb1bf87e5dfd471ca53d44d79f4a8c01
CACHED: Saved new asset_id 'c9ffa02c1c484005b1ac2e5d17681a92' for path 'https://sdacms.blob.core.windows.net/content/assets/images/africa/icon/actioncard/eligibility_wheel.png'
Saved Markdown: /home/azureuser/test/content_migrator/data/temp_data/contraceptive_counselling_original.md
Saved Markdown: /home/azureuser/test/content_migrator/data/temp_data/contraceptive_counselling_adapted_africa.md
Saved Markdown: /home/azureuser/test/content_migrator/data/temp_data/contraceptive_counselling_translated_action_card.md
  📎 Linking 1 embedded asset(s) to markdown upload
Created action-card resource: title='Contraceptive counselling' description='Contraceptive counselling' icon='fb1bf87e5dfd471ca53d44d79f4a8c01' content='ee2e9c3f23f14ce7b97cc5f0203a2347' language_id='7cf6efab-a9d7-54d2-2cbd-ec82efe4a7da' region='africa' content_type='original' created_by='natalia@maternity.dk' level=None questions=None derived_from_id=None
  📎 Linking 1 embedded asset(s) to markdown upload
Created action-card resource: title='Contraceptive counselling' description='Contraceptive counselling' icon='fb1bf87e5dfd471ca53d44d79f4a8c01' content='77846470a6e743e7b5d5ecaa575e3766' language_id='7cf6efab-a9d7-54d2-2cbd-ec82efe4a7da' region='africa' content_type='adapted' created_by='natalia@maternity.dk' level=None questions=None derived_from_id=None
  📎 Linking 1 embedded asset(s) to markdown upload
Created action-card resource: title='Contraceptive counselling' description='Contraceptive counselling' icon='fb1bf87e5dfd471ca53d44d79f4a8c01' content='ea9ae232fe244123abe2f37d073d19cd' language_id='7cf6efab-a9d7-54d2-2cbd-ec82efe4a7da' region='africa' content_type='translated' created_by='natalia@maternity.dk' level=None questions=None derived_from_id=None
  ℹ️  No screens translation found for 'action-card:contraceptive-counselling_1676540476331', using original
Queuing action-card: res-action-card-contraceptive-counselling (Source: 'Contraceptive counselling')
  ⚠ SKIP: Localized action card 'pregnancy-checklist-_1762840550712' not found in 7cf6efab-a9d7-54d2-2cbd-ec82efe4a7da.
Mapping language:   7cf6efab-a9d7-54d2-2cbd-ec82efe4a7da
Using cached asset_id: a5ce5012d7f342e5b79cecc2c599a988
CACHED: Saved new asset_id '9ec266bf0ca4449a854b7e3e3e4173a5' for path 'https://sdacms.blob.core.windows.net/content/assets/images/africa/icon/actioncard/female_condom.png'
CACHED: Saved new asset_id '023f8e21b7764326bb2b86786ef03f4f' for path 'https://sdacms.blob.core.windows.net/content/assets/images/africa/icon/actioncard/male_condom.png'
CACHED: Saved new asset_id 'e351f16dc1d2407ab5e5b7ad77f10d20' for path 'https://sdacms.blob.core.windows.net/content/assets/images/africa/icon/actioncard/combined_oral_contraceptives.png'
CACHED: Saved new asset_id '17b90a596c1b4c9bb1575d088850319e' for path 'https://sdacms.blob.core.windows.net/content/assets/images/africa/icon/actioncard/Progestin_only_pills.png'
CACHED: Saved new asset_id '94acb5ced29441deb46f6e82dac0b815' for path 'https://sdacms.blob.core.windows.net/content/assets/images/africa/icon/actioncard/emergency_contraceptives.png'
CACHED: Saved new asset_id '823285ca108049a991f1b417a931b5ff' for path 'https://sdacms.blob.core.windows.net/content/assets/images/africa/icon/actioncard/monthly_injectables.png'
CACHED: Saved new asset_id 'f84316483b804b5e8ed5cbc81dce623f' for path 'https://sdacms.blob.core.windows.net/content/assets/images/africa/icon/actioncard/progestin_only_injectables.png'
CACHED: Saved new asset_id '9535d03dd4424bc4928cad3aa745b2bd' for path 'https://sdacms.blob.core.windows.net/content/assets/images/africa/icon/actioncard/combined_vaginal_ring.png'
CACHED: Saved new asset_id '43219cbeabec497785dd717eaf6d9585' for path 'https://sdacms.blob.core.windows.net/content/assets/images/africa/icon/actioncard/self-insertion.png'
CACHED: Saved new asset_id 'b6166356b8354c9abc6ba9760438beb5' for path 'https://sdacms.blob.core.windows.net/content/assets/images/africa/icon/actioncard/progesterone_releasing_vaginal_ring.png'
CACHED: Saved new asset_id '1dfabc5db0c64987a1a521ccdd57ae27' for path 'https://sdacms.blob.core.windows.net/content/assets/images/africa/icon/actioncard/combined_patch.png'
Saved Markdown: /home/azureuser/test/content_migrator/data/temp_data/short_acting_methods_original.md
Saved Markdown: /home/azureuser/test/content_migrator/data/temp_data/short_acting_methods_adapted_africa.md
Saved Markdown: /home/azureuser/test/content_migrator/data/temp_data/short_acting_methods_translated_action_card.md
  📎 Linking 12 embedded asset(s) to markdown upload
Error uploading asset /home/azureuser/test/content_migrator/data/temp_data/short_acting_methods_original.md: 500 Server Error: Internal Server Error for url: http://135.225.105.160:8004/assets/action-card/upload
Warning: Failed to upload markdown asset for Short-acting methods (original) from /home/azureuser/test/content_migrator/data/temp_data/short_acting_methods_original.md
  📎 Linking 12 embedded asset(s) to markdown upload
Error uploading asset /home/azureuser/test/content_migrator/data/temp_data/short_acting_methods_adapted_africa.md: 500 Server Error: Internal Server Error for url: http://135.225.105.160:8004/assets/action-card/upload
Warning: Failed to upload markdown asset for Short-acting methods (adapted) from /home/azureuser/test/content_migrator/data/temp_data/short_acting_methods_adapted_africa.md
  📎 Linking 12 embedded asset(s) to markdown upload
Error uploading asset /home/azureuser/test/content_migrator/data/temp_data/short_acting_methods_translated_action_card.md: 500 Server Error: Internal Server Error for url: http://135.225.105.160:8004/assets/action-card/upload
Warning: Failed to upload markdown asset for Short-acting methods (translated) from /home/azureuser/test/content_migrator/data/temp_data/short_acting_methods_translated_action_card.md
Warning: No resource created for action-card 'sort-acting-methods_1676540711375'
Mapping language:   7cf6efab-a9d7-54d2-2cbd-ec82efe4a7da
Using cached asset_id: 5d9ef454ee9546689eff5f4b414f616f
CACHED: Saved new asset_id 'a92bb0de92b84b2d9ebf00acb68e4a3b' for path 'https://sdacms.blob.core.windows.net/content/assets/images/africa/icon/actioncard/contraceptive_implant.png'
CACHED: Saved new asset_id '2a73042932b0492b905a4cf808069ab4' for path 'https://sdacms.blob.core.windows.net/content/assets/images/africa/icon/actioncard/implant_insertion.png'
CACHED: Saved new asset_id '46820e0095ac4b25aa52ba3f0938e564' for path 'https://sdacms.blob.core.windows.net/content/assets/images/africa/icon/actioncard/implant_removal.png'
CACHED: Saved new asset_id '8bc779a4a9ad4001a23983a3ef92a8a6' for path 'https://sdacms.blob.core.windows.net/content/assets/images/africa/icon/actioncard/copper_intrauterine_device_(IUD).png'
Saved Markdown: /home/azureuser/test/content_migrator/data/temp_data/long_acting_methods_original.md
Saved Markdown: /home/azureuser/test/content_migrator/data/temp_data/long_acting_methods_adapted_africa.md
Saved Markdown: /home/azureuser/test/content_migrator/data/temp_data/long_acting_methods_translated_action_card.md
  📎 Linking 5 embedded asset(s) to markdown upload
Error uploading asset /home/azureuser/test/content_migrator/data/temp_data/long_acting_methods_original.md: 500 Server Error: Internal Server Error for url: http://135.225.105.160:8004/assets/action-card/upload
Warning: Failed to upload markdown asset for Long-acting methods (original) from /home/azureuser/test/content_migrator/data/temp_data/long_acting_methods_original.md
  📎 Linking 5 embedded asset(s) to markdown upload
Error uploading asset /home/azureuser/test/content_migrator/data/temp_data/long_acting_methods_adapted_africa.md: 500 Server Error: Internal Server Error for url: http://135.225.105.160:8004/assets/action-card/upload
Warning: Failed to upload markdown asset for Long-acting methods (adapted) from /home/azureuser/test/content_migrator/data/temp_data/long_acting_methods_adapted_africa.md
  📎 Linking 5 embedded asset(s) to markdown upload
Error uploading asset /home/azureuser/test/content_migrator/data/temp_data/long_acting_methods_translated_action_card.md: 500 Server Error: Internal Server Error for url: http://135.225.105.160:8004/assets/action-card/upload
Warning: Failed to upload markdown asset for Long-acting methods (translated) from /home/azureuser/test/content_migrator/data/temp_data/long_acting_methods_translated_action_card.md
Warning: No resource created for action-card 'long-acting-methods_1676540490334'
Mapping language:   7cf6efab-a9d7-54d2-2cbd-ec82efe4a7da
Using cached asset_id: 9c95b06754db49aa945f8cf6648c3206
CACHED: Saved new asset_id '21a8e69a7958491da84e570964df9d6a' for path 'https://sdacms.blob.core.windows.net/content/assets/images/africa/icon/actioncard/tubal_ligation_(female_sterilization).png'
CACHED: Saved new asset_id '209de7afaaae43e0af5e75ec03a1509c' for path 'https://sdacms.blob.core.windows.net/content/assets/images/africa/icon/actioncard/vasectomy_male_sterilization).png'
Saved Markdown: /home/azureuser/test/content_migrator/data/temp_data/permanent_methods_original.md
Saved Markdown: /home/azureuser/test/content_migrator/data/temp_data/permanent_methods_adapted_africa.md
Saved Markdown: /home/azureuser/test/content_migrator/data/temp_data/permanent_methods_translated_action_card.md
  📎 Linking 2 embedded asset(s) to markdown upload
Created action-card resource: title='Permanent methods' description='Permanent methods' icon='9c95b06754db49aa945f8cf6648c3206' content='9c4473984a0049c4aed6876d2fe171d2' language_id='7cf6efab-a9d7-54d2-2cbd-ec82efe4a7da' region='africa' content_type='original' created_by='natalia@maternity.dk' level=None questions=None derived_from_id=None
  📎 Linking 2 embedded asset(s) to markdown upload
Created action-card resource: title='Permanent methods' description='Permanent methods' icon='9c95b06754db49aa945f8cf6648c3206' content='52ef2680f8554156a4d957bd78c84d7f' language_id='7cf6efab-a9d7-54d2-2cbd-ec82efe4a7da' region='africa' content_type='adapted' created_by='natalia@maternity.dk' level=None questions=None derived_from_id=None
  📎 Linking 2 embedded asset(s) to markdown upload
Created action-card resource: title='Permanent methods' description='Permanent methods' icon='9c95b06754db49aa945f8cf6648c3206' content='cabcb7b5110743ba981fc9a42b7f848d' language_id='7cf6efab-a9d7-54d2-2cbd-ec82efe4a7da' region='africa' content_type='translated' created_by='natalia@maternity.dk' level=None questions=None derived_from_id=None
  ℹ️  No screens translation found for 'action-card:permanent-methods_1676626421305', using original
Queuing action-card: res-action-card-permanent-methods (Source: 'Permanent methods')
  ⚠ SKIP: Localized action card 'breastfeeding-and-contraception_1708002246045' not found in 7cf6efab-a9d7-54d2-2cbd-ec82efe4a7da.
Mapping language:   7cf6efab-a9d7-54d2-2cbd-ec82efe4a7da
  DEBUG: Found 4 procedures in module
Using cached asset_id: c5980b9c8d1043ed8b402af7d1fe62fc
Saved Markdown: /home/azureuser/test/content_migrator/data/temp_data/implant_insertion_original.md
Saved Markdown: /home/azureuser/test/content_migrator/data/temp_data/implant_insertion_adapted_africa.md
Saved Markdown: /home/azureuser/test/content_migrator/data/temp_data/implant_insertion_translated_action_card.md
  📎 Linking 1 embedded asset(s) to markdown upload
Created action-card resource: title='Implant insertion' description='Implant insertion' icon='c5980b9c8d1043ed8b402af7d1fe62fc' content='107ec87f106f421caab31ef41f03fae2' language_id='7cf6efab-a9d7-54d2-2cbd-ec82efe4a7da' region='africa' content_type='original' created_by='natalia@maternity.dk' level=None questions=None derived_from_id=None
  📎 Linking 1 embedded asset(s) to markdown upload
Created action-card resource: title='Implant insertion' description='Implant insertion' icon='c5980b9c8d1043ed8b402af7d1fe62fc' content='a6774b33eaef4a02869a865fee593e79' language_id='7cf6efab-a9d7-54d2-2cbd-ec82efe4a7da' region='africa' content_type='adapted' created_by='natalia@maternity.dk' level=None questions=None derived_from_id=None
  📎 Linking 1 embedded asset(s) to markdown upload
Created action-card resource: title='Implant insertion' description='Implant insertion' icon='c5980b9c8d1043ed8b402af7d1fe62fc' content='d41e45a518e64fceb504f76d344a59f7' language_id='7cf6efab-a9d7-54d2-2cbd-ec82efe4a7da' region='africa' content_type='translated' created_by='natalia@maternity.dk' level=None questions=None derived_from_id=None
  ℹ️  No screens translation found for 'procedure:implant-insertion_1676541142349', using original
Queuing procedure: res-procedure-implant-insertion (Source: 'Implant insertion')
Using cached asset_id: 141ba1ac10d14b71a27bcb8fc5a89548
CACHED: Saved new asset_id '22f958cb114f4496a66d94e784df51c5' for path 'https://sdacms.blob.core.windows.net/content/assets/images/africa/icon/procedure/non-sterile_equipment.png'
CACHED: Saved new asset_id '8118312f1a324a419824b71500392906' for path 'https://sdacms.blob.core.windows.net/content/assets/images/africa/icon/procedure/removal_procedure.png'
Saved Markdown: /home/azureuser/test/content_migrator/data/temp_data/implant_removal_original.md
Saved Markdown: /home/azureuser/test/content_migrator/data/temp_data/implant_removal_adapted_africa.md
Saved Markdown: /home/azureuser/test/content_migrator/data/temp_data/implant_removal_translated_action_card.md
  📎 Linking 2 embedded asset(s) to markdown upload
Created action-card resource: title='Implant removal' description='Implant removal' icon='141ba1ac10d14b71a27bcb8fc5a89548' content='07dbb1ad1b384d8ca2caa0e6ffb1cc2f' language_id='7cf6efab-a9d7-54d2-2cbd-ec82efe4a7da' region='africa' content_type='original' created_by='natalia@maternity.dk' level=None questions=None derived_from_id=None
  📎 Linking 2 embedded asset(s) to markdown upload
Created action-card resource: title='Implant removal' description='Implant removal' icon='141ba1ac10d14b71a27bcb8fc5a89548' content='54b25efb2bbb4bb8a806e037ed3a8f55' language_id='7cf6efab-a9d7-54d2-2cbd-ec82efe4a7da' region='africa' content_type='adapted' created_by='natalia@maternity.dk' level=None questions=None derived_from_id=None
  📎 Linking 2 embedded asset(s) to markdown upload
Created action-card resource: title='Implant removal' description='Implant removal' icon='141ba1ac10d14b71a27bcb8fc5a89548' content='fbf454c6bfdf49b58e6d5a9a952a524a' language_id='7cf6efab-a9d7-54d2-2cbd-ec82efe4a7da' region='africa' content_type='translated' created_by='natalia@maternity.dk' level=None questions=None derived_from_id=None
  ℹ️  No screens translation found for 'procedure:implant-removal_1676541152319', using original
Queuing procedure: res-procedure-implant-removal (Source: 'Implant removal')
Using cached asset_id: b933bb7589bf4584a41a17005ee7396f
CACHED: Saved new asset_id '92d6247d664f4bd09ec8255ff27e4fc9' for path 'https://sdacms.blob.core.windows.net/content/assets/images/africa/icon/procedure/insert_postpartum_IUD.png'
CACHED: Saved new asset_id '9ef54b29086449d3ba7aaf7b3c85990a' for path 'https://sdacms.blob.core.windows.net/content/assets/images/africa/icon/procedure/IUD_insertion.png'
CACHED: Saved new asset_id '7fbf688afa8645908bdf2dc1e1f862ef' for path 'https://sdacms.blob.core.windows.net/content/assets/images/africa/icon/procedure/IUD_insertion_procedure.png'
CACHED: Saved new asset_id '5ecea56724434d50886256fde411a5c6' for path 'https://sdacms.blob.core.windows.net/content/assets/images/africa/icon/procedure/insert_IUD.png'
CACHED: Saved new asset_id 'b9bff70815c0418d9b69a8643caffb29' for path 'https://sdacms.blob.core.windows.net/content/assets/images/africa/icon/procedure/no-touch_technique.png'
Saved Markdown: /home/azureuser/test/content_migrator/data/temp_data/iud_ius_insertion_original.md
Saved Markdown: /home/azureuser/test/content_migrator/data/temp_data/iud_ius_insertion_adapted_africa.md
Saved Markdown: /home/azureuser/test/content_migrator/data/temp_data/iud_ius_insertion_translated_action_card.md
  📎 Linking 5 embedded asset(s) to markdown upload
Created action-card resource: title='IUD/IUS insertion' description='IUD/IUS insertion' icon='b933bb7589bf4584a41a17005ee7396f' content='51c8a2dfc42d464c832cb4d85389b8cd' language_id='7cf6efab-a9d7-54d2-2cbd-ec82efe4a7da' region='africa' content_type='original' created_by='mohit@maternity.dk' level=None questions=None derived_from_id=None
  📎 Linking 5 embedded asset(s) to markdown upload
Created action-card resource: title='IUD/IUS insertion' description='IUD/IUS insertion' icon='b933bb7589bf4584a41a17005ee7396f' content='1a9d9b2445134ef3b61a38e722f03cda' language_id='7cf6efab-a9d7-54d2-2cbd-ec82efe4a7da' region='africa' content_type='adapted' created_by='mohit@maternity.dk' level=None questions=None derived_from_id=None
  📎 Linking 5 embedded asset(s) to markdown upload
Created action-card resource: title='IUD/IUS insertion' description='IUD/IUS insertion' icon='b933bb7589bf4584a41a17005ee7396f' content='b7ace9cf848d40afbdbb3d1b581ef696' language_id='7cf6efab-a9d7-54d2-2cbd-ec82efe4a7da' region='africa' content_type='translated' created_by='mohit@maternity.dk' level=None questions=None derived_from_id=None
  ℹ️  No screens translation found for 'procedure:iudius-insertion_1676541229560', using original
Queuing procedure: res-procedure-iud-ius-insertion (Source: 'IUD/IUS insertion')
Using cached asset_id: 3ede2995137e4e43bca9c54d15a3f66b
Saved Markdown: /home/azureuser/test/content_migrator/data/temp_data/iud_ius_removal_original.md
Saved Markdown: /home/azureuser/test/content_migrator/data/temp_data/iud_ius_removal_adapted_africa.md
Saved Markdown: /home/azureuser/test/content_migrator/data/temp_data/iud_ius_removal_translated_action_card.md
Created action-card resource: title='IUD/IUS removal' description='IUD/IUS removal' icon='3ede2995137e4e43bca9c54d15a3f66b' content='0602ca0708e24f789162fdd34e239667' language_id='7cf6efab-a9d7-54d2-2cbd-ec82efe4a7da' region='africa' content_type='original' created_by='natalia@maternity.dk' level=None questions=None derived_from_id=None
Created action-card resource: title='IUD/IUS removal' description='IUD/IUS removal' icon='3ede2995137e4e43bca9c54d15a3f66b' content='2553b49272264b3b9f0b09b47b1939cd' language_id='7cf6efab-a9d7-54d2-2cbd-ec82efe4a7da' region='africa' content_type='adapted' created_by='natalia@maternity.dk' level=None questions=None derived_from_id=None
Created action-card resource: title='IUD/IUS removal' description='IUD/IUS removal' icon='3ede2995137e4e43bca9c54d15a3f66b' content='4c3ab84d9fc540a89fbeed5f993a07ca' language_id='7cf6efab-a9d7-54d2-2cbd-ec82efe4a7da' region='africa' content_type='translated' created_by='natalia@maternity.dk' level=None questions=None derived_from_id=None
  ℹ️  No screens translation found for 'procedure:iudius-removal_1676541174121', using original
Queuing procedure: res-procedure-iud-ius-removal (Source: 'IUD/IUS removal')
Using cached asset_id: a6fd3d3dc97f49dbb2e7c58cbaecf883
  ✓ Module icon uploaded for drugs: a6fd3d3d...
Mapping language:   7cf6efab-a9d7-54d2-2cbd-ec82efe4a7da
  DEBUG: Found 10 drugs in module
  ✓ Drug inheriting module icon: a6fd3d3d...
Saved Markdown: /home/azureuser/test/content_migrator/data/temp_data/contraceptives_implant_original.md
Saved Markdown: /home/azureuser/test/content_migrator/data/temp_data/contraceptives_implant_adapted_africa.md
Saved Markdown: /home/azureuser/test/content_migrator/data/temp_data/contraceptives_implant_translated_action_card.md
Created action-card resource: title='Contraceptives  Implant' description='Contraceptives  Implant' icon='a6fd3d3dc97f49dbb2e7c58cbaecf883' content='d7922761f0f14fa9bbd7e8047ce7761f' language_id='7cf6efab-a9d7-54d2-2cbd-ec82efe4a7da' region='africa' content_type='original' created_by='nanna@maternity.dk' level=None questions=None derived_from_id=None
Created action-card resource: title='Contraceptives  Implant' description='Contraceptives  Implant' icon='a6fd3d3dc97f49dbb2e7c58cbaecf883' content='eeb4d049fd664ad4a1d857e00faa3711' language_id='7cf6efab-a9d7-54d2-2cbd-ec82efe4a7da' region='africa' content_type='adapted' created_by='nanna@maternity.dk' level=None questions=None derived_from_id=None
Created action-card resource: title='Contraceptives  Implant' description='Contraceptives  Implant' icon='a6fd3d3dc97f49dbb2e7c58cbaecf883' content='4f4473ebaef541a1945a746c9869b845' language_id='7cf6efab-a9d7-54d2-2cbd-ec82efe4a7da' region='africa' content_type='translated' created_by='nanna@maternity.dk' level=None questions=None derived_from_id=None
  ℹ️  No screens translation found for 'drug:contraceptives-implant_1487161541780', using original
Queuing drug: res-drug-contraceptives-implant (Source: 'Contraceptives  Implant')
  ✓ Drug inheriting module icon: a6fd3d3d...
Saved Markdown: /home/azureuser/test/content_migrator/data/temp_data/combined_contraceptive_patch_original.md
Saved Markdown: /home/azureuser/test/content_migrator/data/temp_data/combined_contraceptive_patch_adapted_africa.md
Saved Markdown: /home/azureuser/test/content_migrator/data/temp_data/combined_contraceptive_patch_translated_action_card.md
Created action-card resource: title='Combined contraceptive patch' description='Combined contraceptive patch' icon='a6fd3d3dc97f49dbb2e7c58cbaecf883' content='963e91b5e8b446508c63cda61d184bda' language_id='7cf6efab-a9d7-54d2-2cbd-ec82efe4a7da' region='africa' content_type='original' created_by='nanna@maternity.dk' level=None questions=None derived_from_id=None
Created action-card resource: title='Combined contraceptive patch' description='Combined contraceptive patch' icon='a6fd3d3dc97f49dbb2e7c58cbaecf883' content='3885808d861b40e5bda28d1eb3a38b31' language_id='7cf6efab-a9d7-54d2-2cbd-ec82efe4a7da' region='africa' content_type='adapted' created_by='nanna@maternity.dk' level=None questions=None derived_from_id=None
Created action-card resource: title='Combined contraceptive patch' description='Combined contraceptive patch' icon='a6fd3d3dc97f49dbb2e7c58cbaecf883' content='3229ee0cc1e54b87a98a5b56a0b758da' language_id='7cf6efab-a9d7-54d2-2cbd-ec82efe4a7da' region='africa' content_type='translated' created_by='nanna@maternity.dk' level=None questions=None derived_from_id=None
  ℹ️  No screens translation found for 'drug:combined-contraceptive-patch_1687787466241', using original
Queuing drug: res-drug-combined-contraceptive-patch (Source: 'Combined contraceptive patch')
  ✓ Drug inheriting module icon: a6fd3d3d...
Saved Markdown: /home/azureuser/test/content_migrator/data/temp_data/combined_oral_contraceptives_original.md
Saved Markdown: /home/azureuser/test/content_migrator/data/temp_data/combined_oral_contraceptives_adapted_africa.md
Saved Markdown: /home/azureuser/test/content_migrator/data/temp_data/combined_oral_contraceptives_translated_action_card.md
Created action-card resource: title='Combined oral contraceptives' description='Combined oral contraceptives' icon='a6fd3d3dc97f49dbb2e7c58cbaecf883' content='c5d2822af3f44ace94dc4ffa77d7195b' language_id='7cf6efab-a9d7-54d2-2cbd-ec82efe4a7da' region='africa' content_type='original' created_by='nanna@maternity.dk' level=None questions=None derived_from_id=None
Created action-card resource: title='Combined oral contraceptives' description='Combined oral contraceptives' icon='a6fd3d3dc97f49dbb2e7c58cbaecf883' content='eb54a428ab4440c08bbe15a0aec907e4' language_id='7cf6efab-a9d7-54d2-2cbd-ec82efe4a7da' region='africa' content_type='adapted' created_by='nanna@maternity.dk' level=None questions=None derived_from_id=None
Created action-card resource: title='Combined oral contraceptives' description='Combined oral contraceptives' icon='a6fd3d3dc97f49dbb2e7c58cbaecf883' content='e8415e1a08774cd2a7dd53201b893f9c' language_id='7cf6efab-a9d7-54d2-2cbd-ec82efe4a7da' region='africa' content_type='translated' created_by='nanna@maternity.dk' level=None questions=None derived_from_id=None
  ℹ️  No screens translation found for 'drug:combined-oral-contraceptives_1687787604662', using original
Queuing drug: res-drug-combined-oral-contraceptives (Source: 'Combined oral contraceptives')
  ✓ Drug inheriting module icon: a6fd3d3d...
Saved Markdown: /home/azureuser/test/content_migrator/data/temp_data/copper_intrauterine_device_iud_original.md
Saved Markdown: /home/azureuser/test/content_migrator/data/temp_data/copper_intrauterine_device_iud_adapted_africa.md
Saved Markdown: /home/azureuser/test/content_migrator/data/temp_data/copper_intrauterine_device_iud_translated_action_card.md
Created action-card resource: title='Copper intrauterine device (IUD)' description='Copper intrauterine device (IUD)' icon='a6fd3d3dc97f49dbb2e7c58cbaecf883' content='03dda09c6b3c43da84a24fbf5b459b9b' language_id='7cf6efab-a9d7-54d2-2cbd-ec82efe4a7da' region='africa' content_type='original' created_by='nanna@maternity.dk' level=None questions=None derived_from_id=None
Created action-card resource: title='Copper intrauterine device (IUD)' description='Copper intrauterine device (IUD)' icon='a6fd3d3dc97f49dbb2e7c58cbaecf883' content='9391ab39a58943acb6c42d8b26b8148c' language_id='7cf6efab-a9d7-54d2-2cbd-ec82efe4a7da' region='africa' content_type='adapted' created_by='nanna@maternity.dk' level=None questions=None derived_from_id=None
Created action-card resource: title='Copper intrauterine device (IUD)' description='Copper intrauterine device (IUD)' icon='a6fd3d3dc97f49dbb2e7c58cbaecf883' content='152568e7e1954f19ba939f6efe3dcf3f' language_id='7cf6efab-a9d7-54d2-2cbd-ec82efe4a7da' region='africa' content_type='translated' created_by='nanna@maternity.dk' level=None questions=None derived_from_id=None
  ℹ️  No screens translation found for 'drug:copper-intrauterine-device-iud_1687786030235', using original
Queuing drug: res-drug-copper-intrauterine-device-iud (Source: 'Copper intrauterine device (IUD)')
  ✓ Drug inheriting module icon: a6fd3d3d...
Saved Markdown: /home/azureuser/test/content_migrator/data/temp_data/emergency_contraceptive_pills_original.md
Saved Markdown: /home/azureuser/test/content_migrator/data/temp_data/emergency_contraceptive_pills_adapted_africa.md
Saved Markdown: /home/azureuser/test/content_migrator/data/temp_data/emergency_contraceptive_pills_translated_action_card.md
Created action-card resource: title='Emergency contraceptive pills' description='Emergency contraceptive pills' icon='a6fd3d3dc97f49dbb2e7c58cbaecf883' content='d027f563430945d19a8b774a315ee897' language_id='7cf6efab-a9d7-54d2-2cbd-ec82efe4a7da' region='africa' content_type='original' created_by='nanna@maternity.dk' level=None questions=None derived_from_id=None
Created action-card resource: title='Emergency contraceptive pills' description='Emergency contraceptive pills' icon='a6fd3d3dc97f49dbb2e7c58cbaecf883' content='7d21ea18b3ce4b928fa1693e53c466fc' language_id='7cf6efab-a9d7-54d2-2cbd-ec82efe4a7da' region='africa' content_type='adapted' created_by='nanna@maternity.dk' level=None questions=None derived_from_id=None
Created action-card resource: title='Emergency contraceptive pills' description='Emergency contraceptive pills' icon='a6fd3d3dc97f49dbb2e7c58cbaecf883' content='589a0d9e6bab40f6b4a91d06e7c6ef1d' language_id='7cf6efab-a9d7-54d2-2cbd-ec82efe4a7da' region='africa' content_type='translated' created_by='nanna@maternity.dk' level=None questions=None derived_from_id=None
  ℹ️  No screens translation found for 'drug:emergency-contraceptive-pills_1687788107959', using original
Queuing drug: res-drug-emergency-contraceptive-pills (Source: 'Emergency contraceptive pills')
  ✓ Drug inheriting module icon: a6fd3d3d...
Saved Markdown: /home/azureuser/test/content_migrator/data/temp_data/hormonal_intrauterine_device_ius_original.md
Saved Markdown: /home/azureuser/test/content_migrator/data/temp_data/hormonal_intrauterine_device_ius_adapted_africa.md
Saved Markdown: /home/azureuser/test/content_migrator/data/temp_data/hormonal_intrauterine_device_ius_translated_action_card.md
Created action-card resource: title='Hormonal intrauterine device (IUS)' description='Hormonal intrauterine device (IUS)' icon='a6fd3d3dc97f49dbb2e7c58cbaecf883' content='06e1981fbea1497dacb68495c68ce6da' language_id='7cf6efab-a9d7-54d2-2cbd-ec82efe4a7da' region='africa' content_type='original' created_by='nanna@maternity.dk' level=None questions=None derived_from_id=None
Created action-card resource: title='Hormonal intrauterine device (IUS)' description='Hormonal intrauterine device (IUS)' icon='a6fd3d3dc97f49dbb2e7c58cbaecf883' content='54633eb0f0f54d5c9acfe4bf1ed38d2c' language_id='7cf6efab-a9d7-54d2-2cbd-ec82efe4a7da' region='africa' content_type='adapted' created_by='nanna@maternity.dk' level=None questions=None derived_from_id=None
Created action-card resource: title='Hormonal intrauterine device (IUS)' description='Hormonal intrauterine device (IUS)' icon='a6fd3d3dc97f49dbb2e7c58cbaecf883' content='eb1f7bfae1004a4dbdcf4f697f97577c' language_id='7cf6efab-a9d7-54d2-2cbd-ec82efe4a7da' region='africa' content_type='translated' created_by='nanna@maternity.dk' level=None questions=None derived_from_id=None
  ℹ️  No screens translation found for 'drug:hormonal-intrauterine-device-ius_1687786254523', using original
Queuing drug: res-drug-hormonal-intrauterine-device-ius (Source: 'Hormonal intrauterine device (IUS)')
  ✓ Drug inheriting module icon: a6fd3d3d...
Saved Markdown: /home/azureuser/test/content_migrator/data/temp_data/monthly_injectables_original.md
Saved Markdown: /home/azureuser/test/content_migrator/data/temp_data/monthly_injectables_adapted_africa.md
Saved Markdown: /home/azureuser/test/content_migrator/data/temp_data/monthly_injectables_translated_action_card.md
Created action-card resource: title='Monthly Injectables' description='Monthly Injectables' icon='a6fd3d3dc97f49dbb2e7c58cbaecf883' content='462c14a85b8648b59f8ae2cd989a0f8a' language_id='7cf6efab-a9d7-54d2-2cbd-ec82efe4a7da' region='africa' content_type='original' created_by='nanna@maternity.dk' level=None questions=None derived_from_id=None
Created action-card resource: title='Monthly Injectables' description='Monthly Injectables' icon='a6fd3d3dc97f49dbb2e7c58cbaecf883' content='743c380e23de42d8ad0d8da933823f34' language_id='7cf6efab-a9d7-54d2-2cbd-ec82efe4a7da' region='africa' content_type='adapted' created_by='nanna@maternity.dk' level=None questions=None derived_from_id=None
Created action-card resource: title='Monthly Injectables' description='Monthly Injectables' icon='a6fd3d3dc97f49dbb2e7c58cbaecf883' content='7a89e7d50f58495aa9686bb0dff22a65' language_id='7cf6efab-a9d7-54d2-2cbd-ec82efe4a7da' region='africa' content_type='translated' created_by='nanna@maternity.dk' level=None questions=None derived_from_id=None
  ℹ️  No screens translation found for 'drug:monthly-injectables_1687786873989', using original
Queuing drug: res-drug-monthly-injectables (Source: 'Monthly Injectables')
  ✓ Drug inheriting module icon: a6fd3d3d...
Saved Markdown: /home/azureuser/test/content_migrator/data/temp_data/progestin_only_injectables_original.md
Saved Markdown: /home/azureuser/test/content_migrator/data/temp_data/progestin_only_injectables_adapted_africa.md
Saved Markdown: /home/azureuser/test/content_migrator/data/temp_data/progestin_only_injectables_translated_action_card.md
Created action-card resource: title='Progestin-Only injectables' description='Progestin-Only injectables' icon='a6fd3d3dc97f49dbb2e7c58cbaecf883' content='6e65a5bbeab84f269760fde4f3bd7f31' language_id='7cf6efab-a9d7-54d2-2cbd-ec82efe4a7da' region='africa' content_type='original' created_by='nanna@maternity.dk' level=None questions=None derived_from_id=None
Created action-card resource: title='Progestin-Only injectables' description='Progestin-Only injectables' icon='a6fd3d3dc97f49dbb2e7c58cbaecf883' content='e9de579d61f34851acb1d49aaca66913' language_id='7cf6efab-a9d7-54d2-2cbd-ec82efe4a7da' region='africa' content_type='adapted' created_by='nanna@maternity.dk' level=None questions=None derived_from_id=None
Created action-card resource: title='Progestin-Only injectables' description='Progestin-Only injectables' icon='a6fd3d3dc97f49dbb2e7c58cbaecf883' content='ca3012c3fcbf40a5bac31100de32d4b0' language_id='7cf6efab-a9d7-54d2-2cbd-ec82efe4a7da' region='africa' content_type='translated' created_by='nanna@maternity.dk' level=None questions=None derived_from_id=None
  ℹ️  No screens translation found for 'drug:progestin-only-injectables_1687786511044', using original
Queuing drug: res-drug-progestin-only-injectables (Source: 'Progestin-Only injectables')
  ✓ Drug inheriting module icon: a6fd3d3d...
Saved Markdown: /home/azureuser/test/content_migrator/data/temp_data/progesterone_only_pills_original.md
Saved Markdown: /home/azureuser/test/content_migrator/data/temp_data/progesterone_only_pills_adapted_africa.md
Saved Markdown: /home/azureuser/test/content_migrator/data/temp_data/progesterone_only_pills_translated_action_card.md
Created action-card resource: title='Progesterone-only pills' description='Progesterone-only pills' icon='a6fd3d3dc97f49dbb2e7c58cbaecf883' content='efac0007a3a34fda859067b7af5a090b' language_id='7cf6efab-a9d7-54d2-2cbd-ec82efe4a7da' region='africa' content_type='original' created_by='nanna@maternity.dk' level=None questions=None derived_from_id=None
Created action-card resource: title='Progesterone-only pills' description='Progesterone-only pills' icon='a6fd3d3dc97f49dbb2e7c58cbaecf883' content='40a8d7219c814e6ba6fffda7b832030d' language_id='7cf6efab-a9d7-54d2-2cbd-ec82efe4a7da' region='africa' content_type='adapted' created_by='nanna@maternity.dk' level=None questions=None derived_from_id=None
Created action-card resource: title='Progesterone-only pills' description='Progesterone-only pills' icon='a6fd3d3dc97f49dbb2e7c58cbaecf883' content='031635c6c5784b4386e8884692142987' language_id='7cf6efab-a9d7-54d2-2cbd-ec82efe4a7da' region='africa' content_type='translated' created_by='nanna@maternity.dk' level=None questions=None derived_from_id=None
  ℹ️  No screens translation found for 'drug:progesterone-only-pills_1687787911453', using original
Queuing drug: res-drug-progesterone-only-pills (Source: 'Progesterone-only pills')
  ✓ Drug inheriting module icon: a6fd3d3d...
Saved Markdown: /home/azureuser/test/content_migrator/data/temp_data/vaginal_rings_original.md
Saved Markdown: /home/azureuser/test/content_migrator/data/temp_data/vaginal_rings_adapted_africa.md
Saved Markdown: /home/azureuser/test/content_migrator/data/temp_data/vaginal_rings_translated_action_card.md
Created action-card resource: title='Vaginal rings' description='Vaginal rings' icon='a6fd3d3dc97f49dbb2e7c58cbaecf883' content='a4ad28ef828348589e21670e82d28181' language_id='7cf6efab-a9d7-54d2-2cbd-ec82efe4a7da' region='africa' content_type='original' created_by='nanna@maternity.dk' level=None questions=None derived_from_id=None
Created action-card resource: title='Vaginal rings' description='Vaginal rings' icon='a6fd3d3dc97f49dbb2e7c58cbaecf883' content='456e572ae7e84ee783710ac4359097ac' language_id='7cf6efab-a9d7-54d2-2cbd-ec82efe4a7da' region='africa' content_type='adapted' created_by='nanna@maternity.dk' level=None questions=None derived_from_id=None
Created action-card resource: title='Vaginal rings' description='Vaginal rings' icon='a6fd3d3dc97f49dbb2e7c58cbaecf883' content='875db0cdd9ad496682e29bdae9b599a1' language_id='7cf6efab-a9d7-54d2-2cbd-ec82efe4a7da' region='africa' content_type='translated' created_by='nanna@maternity.dk' level=None questions=None derived_from_id=None
  ℹ️  No screens translation found for 'drug:vaginal-rings_1687787309235', using original
Queuing drug: res-drug-vaginal-rings (Source: 'Vaginal rings')
Mapping language:   7cf6efab-a9d7-54d2-2cbd-ec82efe4a7da
Using cached asset_id: c55da3ff84754ecba4b29d5e453abf4e
  ✓ KLP question 1 icon uploaded: c55da3ff...
  ℹ️  No screens translation found for 'key-learning-point:short-acting-contraceptives-can-be-used-over-short-and-longer-periods-of-time-_1676627092925'
Queued KLP to klps.csv: klp-1-short-acting-contraceptives-can-only-be-used-over-short-periods-of-time-true-or-false
  ℹ️  No key-learning-points document found for key 'when-used-correctly-and-consistently-male-and-female-condoms-are-the-only-contraceptives-that-can-protect-against-sexually-transmitted-infections-_1676627104079' with langId='7cf6efab-a9d7-54d2-2cbd-ec82efe4a7da'.
  ℹ️  No keyLearningPoints document found for key 'when-used-correctly-and-consistently-male-and-female-condoms-are-the-only-contraceptives-that-can-protect-against-sexually-transmitted-infections-_1676627104079' with langId='7cf6efab-a9d7-54d2-2cbd-ec82efe4a7da'.
  ⚠ SKIP: Localized KLP 'when-used-correctly-and-consistently-male-and-female-condoms-are-the-only-contraceptives-that-can-protect-against-sexually-transmitted-infections-_1676627104079' not found in 7cf6efab-a9d7-54d2-2cbd-ec82efe4a7da.
Using cached asset_id: 354fbbc0d01a4a73bbba06af9c5bd224
  ✓ KLP question 1 icon uploaded: 354fbbc0...
  ℹ️  No screens translation found for 'key-learning-point:the-procedure-technique-of-inserting-an-implant-must-be-aseptic-true-or-false-_1676627583470'
Queued KLP to klps.csv: klp-1-the-procedure-of-inserting-an-implant-must-be-aseptic-true-or-false
  ℹ️  No key-learning-points document found for key 'if-a-woman-needs-a-new-implant-after-having-one-removed-where-can-the-new-implant-be-inserted-_1676627629783' with langId='7cf6efab-a9d7-54d2-2cbd-ec82efe4a7da'.
  ℹ️  No keyLearningPoints document found for key 'if-a-woman-needs-a-new-implant-after-having-one-removed-where-can-the-new-implant-be-inserted-_1676627629783' with langId='7cf6efab-a9d7-54d2-2cbd-ec82efe4a7da'.
  ⚠ SKIP: Localized KLP 'if-a-woman-needs-a-new-implant-after-having-one-removed-where-can-the-new-implant-be-inserted-_1676627629783' not found in 7cf6efab-a9d7-54d2-2cbd-ec82efe4a7da.
Using cached asset_id: 2092a16e402a4e319306d3491620a1f5
  ✓ KLP question 1 icon uploaded: 2092a16e...
  ℹ️  No screens translation found for 'key-learning-point:after-inserting-the-iudius-how-long-should-you-leave-the-strings-_1676627704649'
Queued KLP to klps.csv: klp-1-after-inserting-the-iud-ius-at-what-length-should-you-cut-the-strings
  ℹ️  No key-learning-points document found for key 'a-woman-with-hiv-can-safely-get-an-implant-true-or-false-_1676627759887' with langId='7cf6efab-a9d7-54d2-2cbd-ec82efe4a7da'.
  ℹ️  No keyLearningPoints document found for key 'a-woman-with-hiv-can-safely-get-an-implant-true-or-false-_1676627759887' with langId='7cf6efab-a9d7-54d2-2cbd-ec82efe4a7da'.
  ⚠ SKIP: Localized KLP 'a-woman-with-hiv-can-safely-get-an-implant-true-or-false-_1676627759887' not found in 7cf6efab-a9d7-54d2-2cbd-ec82efe4a7da.
  ⚠ STRUCTURAL VIOLATION: Global parent missing for localized KLP 'when-used-consistently-and-correctly-male-condom-use-prevents-80-to-95-of-hiv-transmission-that-would-have-occurred-without-condoms-true-or-false-_1676627798791'. Skipping.
  ℹ️  No key-learning-points document found for key 'combined-oral-contraception-contains-artificial-versions-of-which-naturally-occurring-hormones-_1676627838565' with langId='7cf6efab-a9d7-54d2-2cbd-ec82efe4a7da'.
  ℹ️  No keyLearningPoints document found for key 'combined-oral-contraception-contains-artificial-versions-of-which-naturally-occurring-hormones-_1676627838565' with langId='7cf6efab-a9d7-54d2-2cbd-ec82efe4a7da'.
  ⚠ SKIP: Localized KLP 'combined-oral-contraception-contains-artificial-versions-of-which-naturally-occurring-hormones-_1676627838565' not found in 7cf6efab-a9d7-54d2-2cbd-ec82efe4a7da.
  ℹ️  No key-learning-points document found for key 'which-of-the-following-are-important-before-deciding-on-a-contraceptive-_1676627902331' with langId='7cf6efab-a9d7-54d2-2cbd-ec82efe4a7da'.
  ℹ️  No keyLearningPoints document found for key 'which-of-the-following-are-important-before-deciding-on-a-contraceptive-_1676627902331' with langId='7cf6efab-a9d7-54d2-2cbd-ec82efe4a7da'.
  ⚠ SKIP: Localized KLP 'which-of-the-following-are-important-before-deciding-on-a-contraceptive-_1676627902331' not found in 7cf6efab-a9d7-54d2-2cbd-ec82efe4a7da.
  ℹ️  No key-learning-points document found for key 'what-is-important-for-providing-successful-counselling-_1676627995431' with langId='7cf6efab-a9d7-54d2-2cbd-ec82efe4a7da'.
  ℹ️  No keyLearningPoints document found for key 'what-is-important-for-providing-successful-counselling-_1676627995431' with langId='7cf6efab-a9d7-54d2-2cbd-ec82efe4a7da'.
  ⚠ SKIP: Localized KLP 'what-is-important-for-providing-successful-counselling-_1676627995431' not found in 7cf6efab-a9d7-54d2-2cbd-ec82efe4a7da.
  ℹ️  No key-learning-points document found for key 'the-woman-should-take-one-contraceptive-pill-at-the-same-time-every-day-for-the-most-effective-protection-against-pregnancy-true-or-false-_1676628057281' with langId='7cf6efab-a9d7-54d2-2cbd-ec82efe4a7da'.
  ℹ️  No keyLearningPoints document found for key 'the-woman-should-take-one-contraceptive-pill-at-the-same-time-every-day-for-the-most-effective-protection-against-pregnancy-true-or-false-_1676628057281' with langId='7cf6efab-a9d7-54d2-2cbd-ec82efe4a7da'.
  ⚠ SKIP: Localized KLP 'the-woman-should-take-one-contraceptive-pill-at-the-same-time-every-day-for-the-most-effective-protection-against-pregnancy-true-or-false-_1676628057281' not found in 7cf6efab-a9d7-54d2-2cbd-ec82efe4a7da.
Using cached asset_id: f9fc11dbd64c4b9eb88e3d93c82f4227
  ✓ KLP question 1 icon uploaded: f9fc11db...
  ℹ️  No screens translation found for 'key-learning-point:what-type-of-checks-needs-to-be-done-before-inserting-an-intrauterine-device-iudius-_1676628106228'
Queued KLP to klps.csv: klp-1-what-type-of-checks-need-to-be-done-before-inserting-an-intrauterine-device-iud-ius
  ℹ️  No key-learning-points document found for key 'which-piece-of-equipment-is-not-needed-when-inserting-an-implant-_1676628172116' with langId='7cf6efab-a9d7-54d2-2cbd-ec82efe4a7da'.
  ℹ️  No keyLearningPoints document found for key 'which-piece-of-equipment-is-not-needed-when-inserting-an-implant-_1676628172116' with langId='7cf6efab-a9d7-54d2-2cbd-ec82efe4a7da'.
  ⚠ SKIP: Localized KLP 'which-piece-of-equipment-is-not-needed-when-inserting-an-implant-_1676628172116' not found in 7cf6efab-a9d7-54d2-2cbd-ec82efe4a7da.
  ℹ️  No key-learning-points document found for key 'which-methods-are-categorised-as-long-acting-reversible-contraceptives-_1676628255039' with langId='7cf6efab-a9d7-54d2-2cbd-ec82efe4a7da'.
  ℹ️  No keyLearningPoints document found for key 'which-methods-are-categorised-as-long-acting-reversible-contraceptives-_1676628255039' with langId='7cf6efab-a9d7-54d2-2cbd-ec82efe4a7da'.
  ⚠ SKIP: Localized KLP 'which-methods-are-categorised-as-long-acting-reversible-contraceptives-_1676628255039' not found in 7cf6efab-a9d7-54d2-2cbd-ec82efe4a7da.
  ℹ️  No key-learning-points document found for key 'when-does-a-woman-not-qualify-to-get-an-iud-_1676628355453' with langId='7cf6efab-a9d7-54d2-2cbd-ec82efe4a7da'.
  ℹ️  No keyLearningPoints document found for key 'when-does-a-woman-not-qualify-to-get-an-iud-_1676628355453' with langId='7cf6efab-a9d7-54d2-2cbd-ec82efe4a7da'.
  ⚠ SKIP: Localized KLP 'when-does-a-woman-not-qualify-to-get-an-iud-_1676628355453' not found in 7cf6efab-a9d7-54d2-2cbd-ec82efe4a7da.
  ℹ️  No key-learning-points document found for key 'when-can-a-women-get-an-implant-_1676628432068' with langId='7cf6efab-a9d7-54d2-2cbd-ec82efe4a7da'.
  ℹ️  No keyLearningPoints document found for key 'when-can-a-women-get-an-implant-_1676628432068' with langId='7cf6efab-a9d7-54d2-2cbd-ec82efe4a7da'.
  ⚠ SKIP: Localized KLP 'when-can-a-women-get-an-implant-_1676628432068' not found in 7cf6efab-a9d7-54d2-2cbd-ec82efe4a7da.
  ℹ️  No key-learning-points document found for key 'what-side-effects-can-women-expect-after-getting-a-hormonal-intrauterine-device-_1676628604762' with langId='7cf6efab-a9d7-54d2-2cbd-ec82efe4a7da'.
  ℹ️  No keyLearningPoints document found for key 'what-side-effects-can-women-expect-after-getting-a-hormonal-intrauterine-device-_1676628604762' with langId='7cf6efab-a9d7-54d2-2cbd-ec82efe4a7da'.
  ⚠ SKIP: Localized KLP 'what-side-effects-can-women-expect-after-getting-a-hormonal-intrauterine-device-_1676628604762' not found in 7cf6efab-a9d7-54d2-2cbd-ec82efe4a7da.
  ℹ️  No key-learning-points document found for key 'what-should-you-recommend-the-woman-to-look-out-for-following-iudius-insertion-_1676628910467' with langId='7cf6efab-a9d7-54d2-2cbd-ec82efe4a7da'.
  ℹ️  No keyLearningPoints document found for key 'what-should-you-recommend-the-woman-to-look-out-for-following-iudius-insertion-_1676628910467' with langId='7cf6efab-a9d7-54d2-2cbd-ec82efe4a7da'.
  ⚠ SKIP: Localized KLP 'what-should-you-recommend-the-woman-to-look-out-for-following-iudius-insertion-_1676628910467' not found in 7cf6efab-a9d7-54d2-2cbd-ec82efe4a7da.
Using cached asset_id: 2615701a4dff49a6b6e4260263117398
  ✓ KLP question 1 icon uploaded: 2615701a...
  ℹ️  No screens translation found for 'key-learning-point:when-the-women-come-back-for-routine-follow-up-after-inserting-iud-it-is-always-required-to-perform-a-pelvic-examination-true-or-false-_1676629152295'
Queued KLP to klps.csv: klp-2-when-a-women-comes-back-for-routine-follow-up-after-inserting-iud-it-is-always-required-to-perform-a-pelvic-examination-true-or-false
  ℹ️  No key-learning-points document found for key 'what-should-you-do-if-a-woman-requests-for-her-iud-to-be-removed-_1676629193860' with langId='7cf6efab-a9d7-54d2-2cbd-ec82efe4a7da'.
  ℹ️  No keyLearningPoints document found for key 'what-should-you-do-if-a-woman-requests-for-her-iud-to-be-removed-_1676629193860' with langId='7cf6efab-a9d7-54d2-2cbd-ec82efe4a7da'.
  ⚠ SKIP: Localized KLP 'what-should-you-do-if-a-woman-requests-for-her-iud-to-be-removed-_1676629193860' not found in 7cf6efab-a9d7-54d2-2cbd-ec82efe4a7da.
  ℹ️  No key-learning-points document found for key 'when-is-it-recommended-to-have-a-follow-up-contact-after-intrauterine-device-iudius-insertion-_1676629265262' with langId='7cf6efab-a9d7-54d2-2cbd-ec82efe4a7da'.
  ℹ️  No keyLearningPoints document found for key 'when-is-it-recommended-to-have-a-follow-up-contact-after-intrauterine-device-iudius-insertion-_1676629265262' with langId='7cf6efab-a9d7-54d2-2cbd-ec82efe4a7da'.
  ⚠ SKIP: Localized KLP 'when-is-it-recommended-to-have-a-follow-up-contact-after-intrauterine-device-iudius-insertion-_1676629265262' not found in 7cf6efab-a9d7-54d2-2cbd-ec82efe4a7da.
  ℹ️  No key-learning-points document found for key 'which-surgical-procedures-can-be-used-to-perform-tubal-ligation-_1676629389190' with langId='7cf6efab-a9d7-54d2-2cbd-ec82efe4a7da'.
  ℹ️  No keyLearningPoints document found for key 'which-surgical-procedures-can-be-used-to-perform-tubal-ligation-_1676629389190' with langId='7cf6efab-a9d7-54d2-2cbd-ec82efe4a7da'.
  ⚠ SKIP: Localized KLP 'which-surgical-procedures-can-be-used-to-perform-tubal-ligation-_1676629389190' not found in 7cf6efab-a9d7-54d2-2cbd-ec82efe4a7da.
Using cached asset_id: 2cc25f0a78f141939ab8a5e83f7b181c
  ✓ KLP question 1 icon uploaded: 2cc25f0a...
  ℹ️  No screens translation found for 'key-learning-point:what-is-important-for-you-to-ask-the-woman-in-order-to-help-her-choose-the-right-contraception-for-her-_1676629538622'
Queued KLP to klps.csv: klp-2-what-is-important-for-you-to-ask-the-woman-about-to-help-her-choose-the-right-contraception-for-her
Using cached asset_id: 41577e861f1d49c2a56422529883031d
  ✓ KLP question 1 icon uploaded: 41577e86...
  ℹ️  No screens translation found for 'key-learning-point:what-pain-relief-should-be-administered-before-inserting-a-contraceptive-implant-_1676629643547'
Queued KLP to klps.csv: klp-2-what-pain-relief-should-be-administered-before-inserting-a-contraceptive-implant
  ℹ️  No key-learning-points document found for key 'what-type-of-checks-needs-to-be-done-before-inserting-an-intrauterine-device-iudius-_1676632462237' with langId='7cf6efab-a9d7-54d2-2cbd-ec82efe4a7da'.
  ℹ️  No keyLearningPoints document found for key 'what-type-of-checks-needs-to-be-done-before-inserting-an-intrauterine-device-iudius-_1676632462237' with langId='7cf6efab-a9d7-54d2-2cbd-ec82efe4a7da'.
  ⚠ SKIP: Localized KLP 'what-type-of-checks-needs-to-be-done-before-inserting-an-intrauterine-device-iudius-_1676632462237' not found in 7cf6efab-a9d7-54d2-2cbd-ec82efe4a7da.
  ℹ️  No key-learning-points document found for key 'which-of-the-following-are-some-common-side-effects-of-the-hormonal-iud-_1676632596847' with langId='7cf6efab-a9d7-54d2-2cbd-ec82efe4a7da'.
  ℹ️  No keyLearningPoints document found for key 'which-of-the-following-are-some-common-side-effects-of-the-hormonal-iud-_1676632596847' with langId='7cf6efab-a9d7-54d2-2cbd-ec82efe4a7da'.
  ⚠ SKIP: Localized KLP 'which-of-the-following-are-some-common-side-effects-of-the-hormonal-iud-_1676632596847' not found in 7cf6efab-a9d7-54d2-2cbd-ec82efe4a7da.
  ℹ️  No key-learning-points document found for key 'which-of-the-following-methods-lasts-the-longest-_1676632745956' with langId='7cf6efab-a9d7-54d2-2cbd-ec82efe4a7da'.
  ℹ️  No keyLearningPoints document found for key 'which-of-the-following-methods-lasts-the-longest-_1676632745956' with langId='7cf6efab-a9d7-54d2-2cbd-ec82efe4a7da'.
  ⚠ SKIP: Localized KLP 'which-of-the-following-methods-lasts-the-longest-_1676632745956' not found in 7cf6efab-a9d7-54d2-2cbd-ec82efe4a7da.
  ℹ️  No key-learning-points document found for key 'how-does-the-vaginal-ring-prevent-pregnancy-_1676632845456' with langId='7cf6efab-a9d7-54d2-2cbd-ec82efe4a7da'.
  ℹ️  No keyLearningPoints document found for key 'how-does-the-vaginal-ring-prevent-pregnancy-_1676632845456' with langId='7cf6efab-a9d7-54d2-2cbd-ec82efe4a7da'.
  ⚠ SKIP: Localized KLP 'how-does-the-vaginal-ring-prevent-pregnancy-_1676632845456' not found in 7cf6efab-a9d7-54d2-2cbd-ec82efe4a7da.
Using cached asset_id: 29986f4fe19e47f38460fa7274970f36
  ✓ KLP question 1 icon uploaded: 29986f4f...
  ℹ️  No screens translation found for 'key-learning-point:which-of-the-following-contraceptive-methods-do-not-have-any-delay-in-fertility-after-stoppingremoving-it-_1676632968802'
Queued KLP to klps.csv: klp-3-which-of-the-following-contraceptive-methods-do-not-have-any-delay-in-fertility-after-stopping-removing-it
  ℹ️  No key-learning-points document found for key 'from-the-moment-after-performing-vasectomy-no-contraception-is-needed-to-avoid-pregnancy-true-or-false-_1676633066993' with langId='7cf6efab-a9d7-54d2-2cbd-ec82efe4a7da'.
  ℹ️  No keyLearningPoints document found for key 'from-the-moment-after-performing-vasectomy-no-contraception-is-needed-to-avoid-pregnancy-true-or-false-_1676633066993' with langId='7cf6efab-a9d7-54d2-2cbd-ec82efe4a7da'.
  ⚠ SKIP: Localized KLP 'from-the-moment-after-performing-vasectomy-no-contraception-is-needed-to-avoid-pregnancy-true-or-false-_1676633066993' not found in 7cf6efab-a9d7-54d2-2cbd-ec82efe4a7da.
Using cached asset_id: 7923e772077c45ccadec71e11f85b9db
  ✓ KLP question 1 icon uploaded: 7923e772...
  ℹ️  No screens translation found for 'key-learning-point:place-these-steps-of-the-non-touch-technique-while-inserting-an-iud-in-the-correct-order-_1676633102048'
Queued KLP to klps.csv: klp-3-put-these-steps-of-the-non-touch-technique-while-inserting-an-iud-in-the-correct-order
  ℹ️  No key-learning-points document found for key 'which-side-effect-of-the-contraceptive-implant-is-the-most-common-_1676633173822' with langId='7cf6efab-a9d7-54d2-2cbd-ec82efe4a7da'.
  ℹ️  No keyLearningPoints document found for key 'which-side-effect-of-the-contraceptive-implant-is-the-most-common-_1676633173822' with langId='7cf6efab-a9d7-54d2-2cbd-ec82efe4a7da'.
  ⚠ SKIP: Localized KLP 'which-side-effect-of-the-contraceptive-implant-is-the-most-common-_1676633173822' not found in 7cf6efab-a9d7-54d2-2cbd-ec82efe4a7da.
  ℹ️  No key-learning-points document found for key 'how-does-the-copper-iud-prevent-pregnancy-_1676633227076' with langId='7cf6efab-a9d7-54d2-2cbd-ec82efe4a7da'.
  ℹ️  No keyLearningPoints document found for key 'how-does-the-copper-iud-prevent-pregnancy-_1676633227076' with langId='7cf6efab-a9d7-54d2-2cbd-ec82efe4a7da'.
  ⚠ SKIP: Localized KLP 'how-does-the-copper-iud-prevent-pregnancy-_1676633227076' not found in 7cf6efab-a9d7-54d2-2cbd-ec82efe4a7da.
Using cached asset_id: 1941eae3940c49858f19e510c0a20c6d
  ✓ KLP question 1 icon uploaded: 1941eae3...
  ℹ️  No screens translation found for 'key-learning-point:when-can-the-women-take-an-emergency-conservative-pill-_1676633305353'
Queued KLP to klps.csv: klp-3-when-can-a-woman-take-an-emergency-contraceptive-pill
  ℹ️  No key-learning-points document found for key 'which-statement-is-true-_1676633358940' with langId='7cf6efab-a9d7-54d2-2cbd-ec82efe4a7da'.
  ℹ️  No keyLearningPoints document found for key 'which-statement-is-true-_1676633358940' with langId='7cf6efab-a9d7-54d2-2cbd-ec82efe4a7da'.
  ⚠ SKIP: Localized KLP 'which-statement-is-true-_1676633358940' not found in 7cf6efab-a9d7-54d2-2cbd-ec82efe4a7da.
Using cached asset_id: df687e748c134f95bdc7d2d531d24f8f
  ✓ KLP question 1 icon uploaded: df687e74...
  ℹ️  No screens translation found for 'key-learning-point:what-is-the-medical-eligibility-criteria-wheel-used-for-_1676633449648'
Queued KLP to klps.csv: klp-3-what-is-the-medical-eligibility-criteria-wheel-used-for
  Step 2: Queuing module payload with resource slugs...
Using cached asset_id: a6fd3d3dc97f49dbb2e7c58cbaecf883
Skipping previously failed asset: https://sdacms.blob.core.windows.net/content/assets/videos/english%20WHO/Modern%20Contraceptives%20module/intro.mp4
Warning: Failed to process video asset: /english WHO/Modern Contraceptives module/intro
Skipping previously failed asset: https://sdacms.blob.core.windows.net/content/assets/videos/english%20WHO/Modern%20Contraceptives%20module/counselling.mp4
Warning: Failed to process video asset: /english WHO/Modern Contraceptives module/counselling
Skipping previously failed asset: https://sdacms.blob.core.windows.net/content/assets/videos/english%20WHO/Modern%20Contraceptives%20module/contraceptive_methods.mp4
Warning: Failed to process video asset: /english WHO/Modern Contraceptives module/contraceptive_methods
Skipping previously failed asset: https://sdacms.blob.core.windows.net/content/assets/videos/english%20WHO/Modern%20Contraceptives%20module/MEC.mp4
Warning: Failed to process video asset: /english WHO/Modern Contraceptives module/MEC
Skipping previously failed asset: https://sdacms.blob.core.windows.net/content/assets/videos/english%20WHO/Modern%20Contraceptives%20module/implant_insertion.mp4
Warning: Failed to process video asset: /english WHO/Modern Contraceptives module/implant_insertion
Skipping previously failed asset: https://sdacms.blob.core.windows.net/content/assets/videos/english%20WHO/Modern%20Contraceptives%20module/implant_removal.mp4
Warning: Failed to process video asset: /english WHO/Modern Contraceptives module/implant_removal
Skipping previously failed asset: https://sdacms.blob.core.windows.net/content/assets/videos/english%20WHO/Modern%20Contraceptives%20module/IUD_insertion.mp4
Warning: Failed to process video asset: /english WHO/Modern Contraceptives module/IUD_insertion
Skipping previously failed asset: https://sdacms.blob.core.windows.net/content/assets/videos/english%20WHO/Modern%20Contraceptives%20module/IUD_removal.mp4
Warning: Failed to process video asset: /english WHO/Modern Contraceptives module/IUD_removal
  → Using bundle description fallback for translated module
  → Queued module 'Modern Contraception' -> /home/azureuser/test/content_migrator/data/processed_data/modules.csv
  → Found English title from Cosmos (key='perinatal-mental-health_1669629618366'): 'Perinatal Mental Health'
[ModuleMigrator] Using Cosmos doc resource lists for TRANSLATED module 'perinatal-mental-health_1669629618366' (lang: 7cf6efab-a9d7-54d2-2cbd-ec82efe4a7da)
  actionCards: 5 keys
  procedures: 3 keys
  drugs: 0 keys
  keyLearningPoints: 36 keys
  videos: 8 keys
  ⚠ STRUCTURAL VIOLATION: Global identity document not found in Cosmos for localized module 'perinatal-mental-health'. Proceeding with placeholder title: Perinatal Mental Health
  Step 1: Preparing module resources (queue)...
Loaded 511 existing resource mappings
Mapping language:   7cf6efab-a9d7-54d2-2cbd-ec82efe4a7da
  DEBUG: Found 8 videos in module
Downloading video asset from https://sdacms.blob.core.windows.net/content/assets/videos/english%20WHO/Perinatal%20Mental%20Health/intro.mp4
Error downloading video asset https://sdacms.blob.core.windows.net/content/assets/videos/english%20WHO/Perinatal%20Mental%20Health/intro.mp4: 404 Client Error: The specified blob does not exist. for url: https://sdacms.blob.core.windows.net/content/assets/videos/english%20WHO/Perinatal%20Mental%20Health/intro.mp4
Video icon URL: english%20WHO/Perinatal%20Mental%20Health/intro
Video icon URL: english%20WHO/Perinatal%20Mental%20Health/intro
Downloading video_icon asset from https://sdacms.blob.core.windows.net/content/assets/videos/english%20WHO/Perinatal%20Mental%20Health/intro.png
Error downloading video_icon asset https://sdacms.blob.core.windows.net/content/assets/videos/english%20WHO/Perinatal%20Mental%20Health/intro.png: 404 Client Error: The specified blob does not exist. for url: https://sdacms.blob.core.windows.net/content/assets/videos/english%20WHO/Perinatal%20Mental%20Health/intro.png
Skipping video '/english WHO/Perinatal Mental Health/intro' - missing asset upload
Downloading video asset from https://sdacms.blob.core.windows.net/content/assets/videos/english%20WHO/Perinatal%20Mental%20Health/risk_factors.mp4
Error downloading video asset https://sdacms.blob.core.windows.net/content/assets/videos/english%20WHO/Perinatal%20Mental%20Health/risk_factors.mp4: 404 Client Error: The specified blob does not exist. for url: https://sdacms.blob.core.windows.net/content/assets/videos/english%20WHO/Perinatal%20Mental%20Health/risk_factors.mp4
Video icon URL: english%20WHO/Perinatal%20Mental%20Health/risk_factors
Video icon URL: english%20WHO/Perinatal%20Mental%20Health/risk_factors
Downloading video_icon asset from https://sdacms.blob.core.windows.net/content/assets/videos/english%20WHO/Perinatal%20Mental%20Health/risk_factors.png
Error downloading video_icon asset https://sdacms.blob.core.windows.net/content/assets/videos/english%20WHO/Perinatal%20Mental%20Health/risk_factors.png: 404 Client Error: The specified blob does not exist. for url: https://sdacms.blob.core.windows.net/content/assets/videos/english%20WHO/Perinatal%20Mental%20Health/risk_factors.png
Skipping video '/english WHO/Perinatal Mental Health/risk_factors' - missing asset upload
Downloading video asset from https://sdacms.blob.core.windows.net/content/assets/videos/english%20WHO/Perinatal%20Mental%20Health/barriers_to_seeking_care.mp4
Error downloading video asset https://sdacms.blob.core.windows.net/content/assets/videos/english%20WHO/Perinatal%20Mental%20Health/barriers_to_seeking_care.mp4: 404 Client Error: The specified blob does not exist. for url: https://sdacms.blob.core.windows.net/content/assets/videos/english%20WHO/Perinatal%20Mental%20Health/barriers_to_seeking_care.mp4
Video icon URL: english%20WHO/Perinatal%20Mental%20Health/barriers_to_seeking_care
Video icon URL: english%20WHO/Perinatal%20Mental%20Health/barriers_to_seeking_care
Downloading video_icon asset from https://sdacms.blob.core.windows.net/content/assets/videos/english%20WHO/Perinatal%20Mental%20Health/barriers_to_seeking_care.png
Error downloading video_icon asset https://sdacms.blob.core.windows.net/content/assets/videos/english%20WHO/Perinatal%20Mental%20Health/barriers_to_seeking_care.png: 404 Client Error: The specified blob does not exist. for url: https://sdacms.blob.core.windows.net/content/assets/videos/english%20WHO/Perinatal%20Mental%20Health/barriers_to_seeking_care.png
Skipping video '/english WHO/Perinatal Mental Health/barriers_to_seeking_care' - missing asset upload
Downloading video asset from https://sdacms.blob.core.windows.net/content/assets/videos/english%20WHO/Perinatal%20Mental%20Health/diagnosis_symptoms.mp4
Error downloading video asset https://sdacms.blob.core.windows.net/content/assets/videos/english%20WHO/Perinatal%20Mental%20Health/diagnosis_symptoms.mp4: 404 Client Error: The specified blob does not exist. for url: https://sdacms.blob.core.windows.net/content/assets/videos/english%20WHO/Perinatal%20Mental%20Health/diagnosis_symptoms.mp4
Video icon URL: english%20WHO/Perinatal%20Mental%20Health/diagnosis_symptoms
Video icon URL: english%20WHO/Perinatal%20Mental%20Health/diagnosis_symptoms
Downloading video_icon asset from https://sdacms.blob.core.windows.net/content/assets/videos/english%20WHO/Perinatal%20Mental%20Health/diagnosis_symptoms.png
Error downloading video_icon asset https://sdacms.blob.core.windows.net/content/assets/videos/english%20WHO/Perinatal%20Mental%20Health/diagnosis_symptoms.png: 404 Client Error: The specified blob does not exist. for url: https://sdacms.blob.core.windows.net/content/assets/videos/english%20WHO/Perinatal%20Mental%20Health/diagnosis_symptoms.png
Skipping video '/english WHO/Perinatal Mental Health/diagnosis_symptoms' - missing asset upload
Downloading video asset from https://sdacms.blob.core.windows.net/content/assets/videos/english%20WHO/Perinatal%20Mental%20Health/screening.mp4
Error downloading video asset https://sdacms.blob.core.windows.net/content/assets/videos/english%20WHO/Perinatal%20Mental%20Health/screening.mp4: 404 Client Error: The specified blob does not exist. for url: https://sdacms.blob.core.windows.net/content/assets/videos/english%20WHO/Perinatal%20Mental%20Health/screening.mp4
Video icon URL: english%20WHO/Perinatal%20Mental%20Health/screening
Video icon URL: english%20WHO/Perinatal%20Mental%20Health/screening
Downloading video_icon asset from https://sdacms.blob.core.windows.net/content/assets/videos/english%20WHO/Perinatal%20Mental%20Health/screening.png
Error downloading video_icon asset https://sdacms.blob.core.windows.net/content/assets/videos/english%20WHO/Perinatal%20Mental%20Health/screening.png: 404 Client Error: The specified blob does not exist. for url: https://sdacms.blob.core.windows.net/content/assets/videos/english%20WHO/Perinatal%20Mental%20Health/screening.png
Skipping video '/english WHO/Perinatal Mental Health/screening' - missing asset upload
Downloading video asset from https://sdacms.blob.core.windows.net/content/assets/videos/english%20WHO/Perinatal%20Mental%20Health/prevention_and_treatment.mp4
Error downloading video asset https://sdacms.blob.core.windows.net/content/assets/videos/english%20WHO/Perinatal%20Mental%20Health/prevention_and_treatment.mp4: 404 Client Error: The specified blob does not exist. for url: https://sdacms.blob.core.windows.net/content/assets/videos/english%20WHO/Perinatal%20Mental%20Health/prevention_and_treatment.mp4
Video icon URL: english%20WHO/Perinatal%20Mental%20Health/prevention_and_treatment
Video icon URL: english%20WHO/Perinatal%20Mental%20Health/prevention_and_treatment
Downloading video_icon asset from https://sdacms.blob.core.windows.net/content/assets/videos/english%20WHO/Perinatal%20Mental%20Health/prevention_and_treatment.png
Error downloading video_icon asset https://sdacms.blob.core.windows.net/content/assets/videos/english%20WHO/Perinatal%20Mental%20Health/prevention_and_treatment.png: 404 Client Error: The specified blob does not exist. for url: https://sdacms.blob.core.windows.net/content/assets/videos/english%20WHO/Perinatal%20Mental%20Health/prevention_and_treatment.png
Skipping video '/english WHO/Perinatal Mental Health/prevention_and_treatment' - missing asset upload
Downloading video asset from https://sdacms.blob.core.windows.net/content/assets/videos/english%20WHO/Perinatal%20Mental%20Health/medicatons.mp4
Error downloading video asset https://sdacms.blob.core.windows.net/content/assets/videos/english%20WHO/Perinatal%20Mental%20Health/medicatons.mp4: 404 Client Error: The specified blob does not exist. for url: https://sdacms.blob.core.windows.net/content/assets/videos/english%20WHO/Perinatal%20Mental%20Health/medicatons.mp4
Video icon URL: english%20WHO/Perinatal%20Mental%20Health/medicatons
Video icon URL: english%20WHO/Perinatal%20Mental%20Health/medicatons
Downloading video_icon asset from https://sdacms.blob.core.windows.net/content/assets/videos/english%20WHO/Perinatal%20Mental%20Health/medicatons.png
Error downloading video_icon asset https://sdacms.blob.core.windows.net/content/assets/videos/english%20WHO/Perinatal%20Mental%20Health/medicatons.png: 404 Client Error: The specified blob does not exist. for url: https://sdacms.blob.core.windows.net/content/assets/videos/english%20WHO/Perinatal%20Mental%20Health/medicatons.png
Skipping video '/english WHO/Perinatal Mental Health/medicatons' - missing asset upload
Downloading video asset from https://sdacms.blob.core.windows.net/content/assets/videos/english%20WHO/Perinatal%20Mental%20Health/caring_for_the_carer.mp4
Error downloading video asset https://sdacms.blob.core.windows.net/content/assets/videos/english%20WHO/Perinatal%20Mental%20Health/caring_for_the_carer.mp4: 404 Client Error: The specified blob does not exist. for url: https://sdacms.blob.core.windows.net/content/assets/videos/english%20WHO/Perinatal%20Mental%20Health/caring_for_the_carer.mp4
Video icon URL: english%20WHO/Perinatal%20Mental%20Health/caring_for_the_carer
Video icon URL: english%20WHO/Perinatal%20Mental%20Health/caring_for_the_carer
Downloading video_icon asset from https://sdacms.blob.core.windows.net/content/assets/videos/english%20WHO/Perinatal%20Mental%20Health/caring_for_the_carer.png
Error downloading video_icon asset https://sdacms.blob.core.windows.net/content/assets/videos/english%20WHO/Perinatal%20Mental%20Health/caring_for_the_carer.png: 404 Client Error: The specified blob does not exist. for url: https://sdacms.blob.core.windows.net/content/assets/videos/english%20WHO/Perinatal%20Mental%20Health/caring_for_the_carer.png
Skipping video '/english WHO/Perinatal Mental Health/caring_for_the_carer' - missing asset upload
  DEBUG: Found 5 action cards in module
Mapping language:   7cf6efab-a9d7-54d2-2cbd-ec82efe4a7da
Using cached asset_id: a707de9e97214857a61e4f33e6bec0cb
Saved Markdown: /home/azureuser/test/content_migrator/data/temp_data/risk_factors_causes_original.md
Saved Markdown: /home/azureuser/test/content_migrator/data/temp_data/risk_factors_causes_adapted_africa.md
Saved Markdown: /home/azureuser/test/content_migrator/data/temp_data/risk_factors_causes_translated_action_card.md
Created action-card resource: title='Risk factors/causes' description='Risk factors/causes' icon='a707de9e97214857a61e4f33e6bec0cb' content='4cbe3963bfb84d489c96c38f37b3bf3e' language_id='7cf6efab-a9d7-54d2-2cbd-ec82efe4a7da' region='africa' content_type='original' created_by='natalia@maternity.dk' level=None questions=None derived_from_id=None
Created action-card resource: title='Risk factors/causes' description='Risk factors/causes' icon='a707de9e97214857a61e4f33e6bec0cb' content='9ea3edee8a6f49219d5026579890da99' language_id='7cf6efab-a9d7-54d2-2cbd-ec82efe4a7da' region='africa' content_type='adapted' created_by='natalia@maternity.dk' level=None questions=None derived_from_id=None
Created action-card resource: title='Risk factors/causes' description='Risk factors/causes' icon='a707de9e97214857a61e4f33e6bec0cb' content='7b5dc07f33324eda9d94eaecd4061554' language_id='7cf6efab-a9d7-54d2-2cbd-ec82efe4a7da' region='africa' content_type='translated' created_by='natalia@maternity.dk' level=None questions=None derived_from_id=None
  ℹ️  No screens translation found for 'action-card:risk-factorscauses_1669630689917', using original
Queuing action-card: res-action-card-risk-factors-causes (Source: 'Risk factors/causes')
Mapping language:   7cf6efab-a9d7-54d2-2cbd-ec82efe4a7da
Using cached asset_id: 95dd18387e614364942b0f4b6bd2348a
CACHED: Saved new asset_id '36cb4a2381f84120a1701ec69d58059e' for path 'https://sdacms.blob.core.windows.net/content/assets/images/africa/richtext/abortion_Counselling.png'
Saved Markdown: /home/azureuser/test/content_migrator/data/temp_data/screening_original.md
Saved Markdown: /home/azureuser/test/content_migrator/data/temp_data/screening_adapted_africa.md
Saved Markdown: /home/azureuser/test/content_migrator/data/temp_data/screening_translated_action_card.md
  📎 Linking 1 embedded asset(s) to markdown upload
Created action-card resource: title='Screening' description='Screening' icon='95dd18387e614364942b0f4b6bd2348a' content='b94ac92d7aa4484893fe4bb52979cd8d' language_id='7cf6efab-a9d7-54d2-2cbd-ec82efe4a7da' region='africa' content_type='original' created_by='natalia@maternity.dk' level=None questions=None derived_from_id=None
  📎 Linking 1 embedded asset(s) to markdown upload
Created action-card resource: title='Screening' description='Screening' icon='95dd18387e614364942b0f4b6bd2348a' content='fe973068ca954f21867de05507c903e1' language_id='7cf6efab-a9d7-54d2-2cbd-ec82efe4a7da' region='africa' content_type='adapted' created_by='natalia@maternity.dk' level=None questions=None derived_from_id=None
  📎 Linking 1 embedded asset(s) to markdown upload
Created action-card resource: title='Screening' description='Screening' icon='95dd18387e614364942b0f4b6bd2348a' content='6d2d88b4cb224b9490ff9064dba9648b' language_id='7cf6efab-a9d7-54d2-2cbd-ec82efe4a7da' region='africa' content_type='translated' created_by='natalia@maternity.dk' level=None questions=None derived_from_id=None
  ℹ️  No screens translation found for 'action-card:screening_1669630707621', using original
Queuing action-card: res-action-card-screening (Source: 'Screening')
Mapping language:   7cf6efab-a9d7-54d2-2cbd-ec82efe4a7da
Using cached asset_id: af0252f02df646e1be9f328334237c1f
CACHED: Saved new asset_id 'ab510ed709df4cc797be72cb94d9ca12' for path 'https://sdacms.blob.core.windows.net/content/assets/images/africa/richtext/ongoing_pregnancy.png'
CACHED: Saved new asset_id 'f5a08ef0c66f474dbd0db6b63b4a1039' for path 'https://sdacms.blob.core.windows.net/content/assets/images/africa/richtext/AC_tender_uterus.png'
Saved Markdown: /home/azureuser/test/content_migrator/data/temp_data/perinatal_mental_health_conditions_original.md
Saved Markdown: /home/azureuser/test/content_migrator/data/temp_data/perinatal_mental_health_conditions_adapted_africa.md
Saved Markdown: /home/azureuser/test/content_migrator/data/temp_data/perinatal_mental_health_conditions_translated_action_card.md
  📎 Linking 2 embedded asset(s) to markdown upload
Created action-card resource: title='Perinatal mental health conditions' description='Perinatal mental health conditions' icon='af0252f02df646e1be9f328334237c1f' content='e2871dab3eef43c3a2e0ddc5b9880bc7' language_id='7cf6efab-a9d7-54d2-2cbd-ec82efe4a7da' region='africa' content_type='original' created_by='natalia@maternity.dk' level=None questions=None derived_from_id=None
  📎 Linking 2 embedded asset(s) to markdown upload
Created action-card resource: title='Perinatal mental health conditions' description='Perinatal mental health conditions' icon='af0252f02df646e1be9f328334237c1f' content='bdfe517966404fe385e687db37f36417' language_id='7cf6efab-a9d7-54d2-2cbd-ec82efe4a7da' region='africa' content_type='adapted' created_by='natalia@maternity.dk' level=None questions=None derived_from_id=None
  📎 Linking 2 embedded asset(s) to markdown upload
Created action-card resource: title='Perinatal mental health conditions' description='Perinatal mental health conditions' icon='af0252f02df646e1be9f328334237c1f' content='b4fc895d42004684a05fa20f3a781a8e' language_id='7cf6efab-a9d7-54d2-2cbd-ec82efe4a7da' region='africa' content_type='translated' created_by='natalia@maternity.dk' level=None questions=None derived_from_id=None
  ℹ️  No screens translation found for 'action-card:perinatal-mental-health-conditions_1669630736165', using original
Queuing action-card: res-action-card-perinatal-mental-health-conditions (Source: 'Perinatal mental health conditions')
Mapping language:   7cf6efab-a9d7-54d2-2cbd-ec82efe4a7da
Using cached asset_id: 033315fe3c5e47e2afbc185f801f5488
CACHED: Saved new asset_id '85763a0182d0407992a65b3710c1b179' for path 'https://sdacms.blob.core.windows.net/content/assets/images/africa/richtext/rds_newborn.png'
Saved Markdown: /home/azureuser/test/content_migrator/data/temp_data/infant_outcomes_original.md
Saved Markdown: /home/azureuser/test/content_migrator/data/temp_data/infant_outcomes_adapted_africa.md
Saved Markdown: /home/azureuser/test/content_migrator/data/temp_data/infant_outcomes_translated_action_card.md
  📎 Linking 1 embedded asset(s) to markdown upload
Created action-card resource: title='Infant outcomes' description='Infant outcomes' icon='033315fe3c5e47e2afbc185f801f5488' content='79331a35d440417a9d87259b72556e01' language_id='7cf6efab-a9d7-54d2-2cbd-ec82efe4a7da' region='africa' content_type='original' created_by='natalia@maternity.dk' level=None questions=None derived_from_id=None
  📎 Linking 1 embedded asset(s) to markdown upload
Created action-card resource: title='Infant outcomes' description='Infant outcomes' icon='033315fe3c5e47e2afbc185f801f5488' content='e364cf0de0944d85acb6038ace452f7d' language_id='7cf6efab-a9d7-54d2-2cbd-ec82efe4a7da' region='africa' content_type='adapted' created_by='natalia@maternity.dk' level=None questions=None derived_from_id=None
  📎 Linking 1 embedded asset(s) to markdown upload
Created action-card resource: title='Infant outcomes' description='Infant outcomes' icon='033315fe3c5e47e2afbc185f801f5488' content='c8236461bdac421b9027329db2a7cfd3' language_id='7cf6efab-a9d7-54d2-2cbd-ec82efe4a7da' region='africa' content_type='translated' created_by='natalia@maternity.dk' level=None questions=None derived_from_id=None
  ℹ️  No screens translation found for 'action-card:infant-outcomes_1669630769791', using original
Queuing action-card: res-action-card-infant-outcomes (Source: 'Infant outcomes')
Mapping language:   7cf6efab-a9d7-54d2-2cbd-ec82efe4a7da
Using cached asset_id: 512b35674a49409b83c73b7bc952e435
Saved Markdown: /home/azureuser/test/content_migrator/data/temp_data/violence_against_women_original.md
Saved Markdown: /home/azureuser/test/content_migrator/data/temp_data/violence_against_women_adapted_africa.md
Saved Markdown: /home/azureuser/test/content_migrator/data/temp_data/violence_against_women_translated_action_card.md
  📎 Linking 1 embedded asset(s) to markdown upload
Created action-card resource: title='Violence against women' description='Violence against women' icon='512b35674a49409b83c73b7bc952e435' content='0ec32fe05d4049f788bc89a6487b8dff' language_id='7cf6efab-a9d7-54d2-2cbd-ec82efe4a7da' region='africa' content_type='original' created_by='natalia@maternity.dk' level=None questions=None derived_from_id=None
  📎 Linking 1 embedded asset(s) to markdown upload
Created action-card resource: title='Violence against women' description='Violence against women' icon='512b35674a49409b83c73b7bc952e435' content='445b8d1756bd459688e7aa97c2866d3b' language_id='7cf6efab-a9d7-54d2-2cbd-ec82efe4a7da' region='africa' content_type='adapted' created_by='natalia@maternity.dk' level=None questions=None derived_from_id=None
  📎 Linking 1 embedded asset(s) to markdown upload
Created action-card resource: title='Violence against women' description='Violence against women' icon='512b35674a49409b83c73b7bc952e435' content='0aa459fe93f84649810bb9e5a292da95' language_id='7cf6efab-a9d7-54d2-2cbd-ec82efe4a7da' region='africa' content_type='translated' created_by='natalia@maternity.dk' level=None questions=None derived_from_id=None
  ℹ️  No screens translation found for 'action-card:violence-against-women_1669630810222', using original
Queuing action-card: res-action-card-violence-against-women (Source: 'Violence against women')
Overwriting previous queue for 'res-action-card-violence-against-women' with language-specific version (lang: 7cf6efab-a9d7-54d2-2cbd-ec82efe4a7da)
Mapping language:   7cf6efab-a9d7-54d2-2cbd-ec82efe4a7da
  DEBUG: Found 3 procedures in module
Using cached asset_id: b3c8d2b1a3b04d27bb00b02c196421e4
CACHED: Saved new asset_id 'c6422504c1bc4087a1174665d8481c38' for path 'https://sdacms.blob.core.windows.net/content/assets/images/africa/richtext/counselling2.png'
Saved Markdown: /home/azureuser/test/content_migrator/data/temp_data/treatment_options_original.md
Saved Markdown: /home/azureuser/test/content_migrator/data/temp_data/treatment_options_adapted_africa.md
Saved Markdown: /home/azureuser/test/content_migrator/data/temp_data/treatment_options_translated_action_card.md
  📎 Linking 2 embedded asset(s) to markdown upload
Created action-card resource: title='Treatment options' description='Treatment options' icon='b3c8d2b1a3b04d27bb00b02c196421e4' content='20650bf6f5594a9da31d0beb8f8b33fd' language_id='7cf6efab-a9d7-54d2-2cbd-ec82efe4a7da' region='africa' content_type='original' created_by='natalia@maternity.dk' level=None questions=None derived_from_id=None
  📎 Linking 2 embedded asset(s) to markdown upload
Created action-card resource: title='Treatment options' description='Treatment options' icon='b3c8d2b1a3b04d27bb00b02c196421e4' content='9859e1548f874ae99147beaf4b14101f' language_id='7cf6efab-a9d7-54d2-2cbd-ec82efe4a7da' region='africa' content_type='adapted' created_by='natalia@maternity.dk' level=None questions=None derived_from_id=None
  📎 Linking 2 embedded asset(s) to markdown upload
Created action-card resource: title='Treatment options' description='Treatment options' icon='b3c8d2b1a3b04d27bb00b02c196421e4' content='48e350014c2241a7a2539b1da4e1438f' language_id='7cf6efab-a9d7-54d2-2cbd-ec82efe4a7da' region='africa' content_type='translated' created_by='natalia@maternity.dk' level=None questions=None derived_from_id=None
  ℹ️  No screens translation found for 'procedure:treatment-options_1670840222127', using original
Queuing procedure: res-procedure-treatment-options (Source: 'Treatment options')
Using cached asset_id: 2f0e5acd81304191b3082582b701c37e
CACHED: Saved new asset_id 'a35b1f1387d5436d8be8101040a2bfc9' for path 'https://sdacms.blob.core.windows.net/content/assets/images/africa/richtext/mobile_phone.png'
Saved Markdown: /home/azureuser/test/content_migrator/data/temp_data/caring_for_the_carer_original.md
Saved Markdown: /home/azureuser/test/content_migrator/data/temp_data/caring_for_the_carer_adapted_africa.md
Saved Markdown: /home/azureuser/test/content_migrator/data/temp_data/caring_for_the_carer_translated_action_card.md
  📎 Linking 1 embedded asset(s) to markdown upload
Created action-card resource: title='Caring for the carer' description='Caring for the carer' icon='2f0e5acd81304191b3082582b701c37e' content='72564669c636430a8951843a6caa6186' language_id='7cf6efab-a9d7-54d2-2cbd-ec82efe4a7da' region='africa' content_type='original' created_by='natalia@maternity.dk' level=None questions=None derived_from_id=None
  📎 Linking 1 embedded asset(s) to markdown upload
Created action-card resource: title='Caring for the carer' description='Caring for the carer' icon='2f0e5acd81304191b3082582b701c37e' content='0b7da3a57b3547b587c14aae71793305' language_id='7cf6efab-a9d7-54d2-2cbd-ec82efe4a7da' region='africa' content_type='adapted' created_by='natalia@maternity.dk' level=None questions=None derived_from_id=None
  📎 Linking 1 embedded asset(s) to markdown upload
Created action-card resource: title='Caring for the carer' description='Caring for the carer' icon='2f0e5acd81304191b3082582b701c37e' content='d7d01eaf1ce64f419d0131a43ba40a77' language_id='7cf6efab-a9d7-54d2-2cbd-ec82efe4a7da' region='africa' content_type='translated' created_by='natalia@maternity.dk' level=None questions=None derived_from_id=None
  ℹ️  No screens translation found for 'procedure:caring-for-the-carer_1670840245862', using original
Queuing procedure: res-procedure-caring-for-the-carer (Source: 'Caring for the carer')
Using cached asset_id: 9bca687d966a4e3ab39ac1cf3c9bca06
CACHED: Saved new asset_id 'd53acf339ca04933a006ee561c6fadac' for path 'https://sdacms.blob.core.windows.net/content/assets/images/africa/icon/actioncard/Edinburgh_Postnatal_Depression_Scale_PNG.png'
CACHED: Saved new asset_id 'e812c3ee81b44a04b9b2c28d15672173' for path 'https://sdacms.blob.core.windows.net/content/assets/images/africa/icon/actioncard/Generalized_Anxiety_Disorder_Scale_(GAD-2).png'
CACHED: Saved new asset_id 'dabc87fd7d4b4ac9bb22814fd786c33d' for path 'https://sdacms.blob.core.windows.net/content/assets/images/africa/icon/actioncard/Generalized_Anxiety_Disorder_Scale_(GAD-7).png'
Saved Markdown: /home/azureuser/test/content_migrator/data/temp_data/screening_tools_original.md
Saved Markdown: /home/azureuser/test/content_migrator/data/temp_data/screening_tools_adapted_africa.md
Saved Markdown: /home/azureuser/test/content_migrator/data/temp_data/screening_tools_translated_action_card.md
  📎 Linking 3 embedded asset(s) to markdown upload
Created action-card resource: title='Screening tools' description='Screening tools' icon='9bca687d966a4e3ab39ac1cf3c9bca06' content='812245bf348e438fa4fbb76aec6cfe48' language_id='7cf6efab-a9d7-54d2-2cbd-ec82efe4a7da' region='africa' content_type='original' created_by='natalia@maternity.dk' level=None questions=None derived_from_id=None
  📎 Linking 3 embedded asset(s) to markdown upload
Created action-card resource: title='Screening tools' description='Screening tools' icon='9bca687d966a4e3ab39ac1cf3c9bca06' content='fbe02bbf08014ebdb17da96a42b02bf3' language_id='7cf6efab-a9d7-54d2-2cbd-ec82efe4a7da' region='africa' content_type='adapted' created_by='natalia@maternity.dk' level=None questions=None derived_from_id=None
  📎 Linking 3 embedded asset(s) to markdown upload
Created action-card resource: title='Screening tools' description='Screening tools' icon='9bca687d966a4e3ab39ac1cf3c9bca06' content='b192e04d22184b81bd4dafd31b25e423' language_id='7cf6efab-a9d7-54d2-2cbd-ec82efe4a7da' region='africa' content_type='translated' created_by='natalia@maternity.dk' level=None questions=None derived_from_id=None
  ℹ️  No screens translation found for 'procedure:screening-tools_1669631309217', using original
Queuing procedure: res-procedure-screening-tools (Source: 'Screening tools')
Using cached asset_id: 512b35674a49409b83c73b7bc952e435
  ✓ Module icon uploaded for drugs: 512b3567...
Mapping language:   7cf6efab-a9d7-54d2-2cbd-ec82efe4a7da
  DEBUG: Found 0 drugs in module
Mapping language:   7cf6efab-a9d7-54d2-2cbd-ec82efe4a7da
  ℹ️  No key-learning-points document found for key 'how-many-women-develop-a-mental-health-condition-during-the-perinatal-period_1671524376889' with langId='7cf6efab-a9d7-54d2-2cbd-ec82efe4a7da'.
  ℹ️  No keyLearningPoints document found for key 'how-many-women-develop-a-mental-health-condition-during-the-perinatal-period_1671524376889' with langId='7cf6efab-a9d7-54d2-2cbd-ec82efe4a7da'.
  ⚠ SKIP: Localized KLP 'how-many-women-develop-a-mental-health-condition-during-the-perinatal-period_1671524376889' not found in 7cf6efab-a9d7-54d2-2cbd-ec82efe4a7da.
  ℹ️  No key-learning-points document found for key 'which-mental-health-condition-often-coexists-with-depression_1671525210118' with langId='7cf6efab-a9d7-54d2-2cbd-ec82efe4a7da'.
  ℹ️  No keyLearningPoints document found for key 'which-mental-health-condition-often-coexists-with-depression_1671525210118' with langId='7cf6efab-a9d7-54d2-2cbd-ec82efe4a7da'.
  ⚠ SKIP: Localized KLP 'which-mental-health-condition-often-coexists-with-depression_1671525210118' not found in 7cf6efab-a9d7-54d2-2cbd-ec82efe4a7da.
  ℹ️  No key-learning-points document found for key 'what-is-the-strongest-predictor-of-a-woman-getting-perinatal-mental-health-conditions_1671525547260' with langId='7cf6efab-a9d7-54d2-2cbd-ec82efe4a7da'.
  ℹ️  No keyLearningPoints document found for key 'what-is-the-strongest-predictor-of-a-woman-getting-perinatal-mental-health-conditions_1671525547260' with langId='7cf6efab-a9d7-54d2-2cbd-ec82efe4a7da'.
  ⚠ SKIP: Localized KLP 'what-is-the-strongest-predictor-of-a-woman-getting-perinatal-mental-health-conditions_1671525547260' not found in 7cf6efab-a9d7-54d2-2cbd-ec82efe4a7da.
  ℹ️  No key-learning-points document found for key 'symptoms-of-perinatal-mental-health-conditions-include-_1671525649046' with langId='7cf6efab-a9d7-54d2-2cbd-ec82efe4a7da'.
  ℹ️  No keyLearningPoints document found for key 'symptoms-of-perinatal-mental-health-conditions-include-_1671525649046' with langId='7cf6efab-a9d7-54d2-2cbd-ec82efe4a7da'.
  ⚠ SKIP: Localized KLP 'symptoms-of-perinatal-mental-health-conditions-include-_1671525649046' not found in 7cf6efab-a9d7-54d2-2cbd-ec82efe4a7da.
  ℹ️  No key-learning-points document found for key 'when-should-you-screen-for-perinatal-mental-illness-_1671526112785' with langId='7cf6efab-a9d7-54d2-2cbd-ec82efe4a7da'.
  ℹ️  No keyLearningPoints document found for key 'when-should-you-screen-for-perinatal-mental-illness-_1671526112785' with langId='7cf6efab-a9d7-54d2-2cbd-ec82efe4a7da'.
  ⚠ SKIP: Localized KLP 'when-should-you-screen-for-perinatal-mental-illness-_1671526112785' not found in 7cf6efab-a9d7-54d2-2cbd-ec82efe4a7da.
  ℹ️  No key-learning-points document found for key 'what-is-not-a-symptom-of-perinatal-depression-_1671526295166' with langId='7cf6efab-a9d7-54d2-2cbd-ec82efe4a7da'.
  ℹ️  No keyLearningPoints document found for key 'what-is-not-a-symptom-of-perinatal-depression-_1671526295166' with langId='7cf6efab-a9d7-54d2-2cbd-ec82efe4a7da'.
  ⚠ SKIP: Localized KLP 'what-is-not-a-symptom-of-perinatal-depression-_1671526295166' not found in 7cf6efab-a9d7-54d2-2cbd-ec82efe4a7da.
  ℹ️  No key-learning-points document found for key 'what-are-the-two-different-categories-of-bipolar-disorder-_1671526655604' with langId='7cf6efab-a9d7-54d2-2cbd-ec82efe4a7da'.
  ℹ️  No keyLearningPoints document found for key 'what-are-the-two-different-categories-of-bipolar-disorder-_1671526655604' with langId='7cf6efab-a9d7-54d2-2cbd-ec82efe4a7da'.
  ⚠ SKIP: Localized KLP 'what-are-the-two-different-categories-of-bipolar-disorder-_1671526655604' not found in 7cf6efab-a9d7-54d2-2cbd-ec82efe4a7da.
  ℹ️  No key-learning-points document found for key 'talking-therapycounselling-techniques-do-not-include-_1671526742095' with langId='7cf6efab-a9d7-54d2-2cbd-ec82efe4a7da'.
  ℹ️  No keyLearningPoints document found for key 'talking-therapycounselling-techniques-do-not-include-_1671526742095' with langId='7cf6efab-a9d7-54d2-2cbd-ec82efe4a7da'.
  ⚠ SKIP: Localized KLP 'talking-therapycounselling-techniques-do-not-include-_1671526742095' not found in 7cf6efab-a9d7-54d2-2cbd-ec82efe4a7da.
  ℹ️  No key-learning-points document found for key 'unmanaged-maternal-depression-can-lead-to-long-term-cognitive-and-emotional-developmental-impairment-of-the-infant-true-or-false-_1671526830116' with langId='7cf6efab-a9d7-54d2-2cbd-ec82efe4a7da'.
  ℹ️  No keyLearningPoints document found for key 'unmanaged-maternal-depression-can-lead-to-long-term-cognitive-and-emotional-developmental-impairment-of-the-infant-true-or-false-_1671526830116' with langId='7cf6efab-a9d7-54d2-2cbd-ec82efe4a7da'.
  ⚠ SKIP: Localized KLP 'unmanaged-maternal-depression-can-lead-to-long-term-cognitive-and-emotional-developmental-impairment-of-the-infant-true-or-false-_1671526830116' not found in 7cf6efab-a9d7-54d2-2cbd-ec82efe4a7da.
  ℹ️  No key-learning-points document found for key 'what-can-caring-for-women-and-families-with-perinatal-mental-health-conditions-lead-to-_1671526915151' with langId='7cf6efab-a9d7-54d2-2cbd-ec82efe4a7da'.
  ℹ️  No keyLearningPoints document found for key 'what-can-caring-for-women-and-families-with-perinatal-mental-health-conditions-lead-to-_1671526915151' with langId='7cf6efab-a9d7-54d2-2cbd-ec82efe4a7da'.
  ⚠ SKIP: Localized KLP 'what-can-caring-for-women-and-families-with-perinatal-mental-health-conditions-lead-to-_1671526915151' not found in 7cf6efab-a9d7-54d2-2cbd-ec82efe4a7da.
  ℹ️  No key-learning-points document found for key 'puerperal-psychosis-usually-occurs-_1671527019703' with langId='7cf6efab-a9d7-54d2-2cbd-ec82efe4a7da'.
  ℹ️  No keyLearningPoints document found for key 'puerperal-psychosis-usually-occurs-_1671527019703' with langId='7cf6efab-a9d7-54d2-2cbd-ec82efe4a7da'.
  ⚠ SKIP: Localized KLP 'puerperal-psychosis-usually-occurs-_1671527019703' not found in 7cf6efab-a9d7-54d2-2cbd-ec82efe4a7da.
  ℹ️  No key-learning-points document found for key 'how-many-partners-experience-postpartum-depression-or-anxiety-_1671527096440' with langId='7cf6efab-a9d7-54d2-2cbd-ec82efe4a7da'.
  ℹ️  No keyLearningPoints document found for key 'how-many-partners-experience-postpartum-depression-or-anxiety-_1671527096440' with langId='7cf6efab-a9d7-54d2-2cbd-ec82efe4a7da'.
  ⚠ SKIP: Localized KLP 'how-many-partners-experience-postpartum-depression-or-anxiety-_1671527096440' not found in 7cf6efab-a9d7-54d2-2cbd-ec82efe4a7da.
  ℹ️  No key-learning-points document found for key 'what-causes-perinatal-mental-health-conditions-_1671527238709' with langId='7cf6efab-a9d7-54d2-2cbd-ec82efe4a7da'.
  ℹ️  No keyLearningPoints document found for key 'what-causes-perinatal-mental-health-conditions-_1671527238709' with langId='7cf6efab-a9d7-54d2-2cbd-ec82efe4a7da'.
  ⚠ SKIP: Localized KLP 'what-causes-perinatal-mental-health-conditions-_1671527238709' not found in 7cf6efab-a9d7-54d2-2cbd-ec82efe4a7da.
  ℹ️  No key-learning-points document found for key 'what-are-known-risk-factors-of-developing-a-mental-health-condition-in-the-perinatal-period-_1671527491179' with langId='7cf6efab-a9d7-54d2-2cbd-ec82efe4a7da'.
  ℹ️  No keyLearningPoints document found for key 'what-are-known-risk-factors-of-developing-a-mental-health-condition-in-the-perinatal-period-_1671527491179' with langId='7cf6efab-a9d7-54d2-2cbd-ec82efe4a7da'.
  ⚠ SKIP: Localized KLP 'what-are-known-risk-factors-of-developing-a-mental-health-condition-in-the-perinatal-period-_1671527491179' not found in 7cf6efab-a9d7-54d2-2cbd-ec82efe4a7da.
  ℹ️  No key-learning-points document found for key 'poverty-decreases-the-likelihood-of-women-experiencing-postpartum-depression-or-anxiety-true-or-false-_1671527596587' with langId='7cf6efab-a9d7-54d2-2cbd-ec82efe4a7da'.
  ℹ️  No keyLearningPoints document found for key 'poverty-decreases-the-likelihood-of-women-experiencing-postpartum-depression-or-anxiety-true-or-false-_1671527596587' with langId='7cf6efab-a9d7-54d2-2cbd-ec82efe4a7da'.
  ⚠ SKIP: Localized KLP 'poverty-decreases-the-likelihood-of-women-experiencing-postpartum-depression-or-anxiety-true-or-false-_1671527596587' not found in 7cf6efab-a9d7-54d2-2cbd-ec82efe4a7da.
  ℹ️  No key-learning-points document found for key 'what-are-examples-of-useful-screening-tools-for-the-detection-of-perinatal-mental-health-conditions-_1671527699536' with langId='7cf6efab-a9d7-54d2-2cbd-ec82efe4a7da'.
  ℹ️  No keyLearningPoints document found for key 'what-are-examples-of-useful-screening-tools-for-the-detection-of-perinatal-mental-health-conditions-_1671527699536' with langId='7cf6efab-a9d7-54d2-2cbd-ec82efe4a7da'.
  ⚠ SKIP: Localized KLP 'what-are-examples-of-useful-screening-tools-for-the-detection-of-perinatal-mental-health-conditions-_1671527699536' not found in 7cf6efab-a9d7-54d2-2cbd-ec82efe4a7da.
  ℹ️  No key-learning-points document found for key 'what-are-treatment-options-for-perinatal-depression-_1671527780237' with langId='7cf6efab-a9d7-54d2-2cbd-ec82efe4a7da'.
  ℹ️  No keyLearningPoints document found for key 'what-are-treatment-options-for-perinatal-depression-_1671527780237' with langId='7cf6efab-a9d7-54d2-2cbd-ec82efe4a7da'.
  ⚠ SKIP: Localized KLP 'what-are-treatment-options-for-perinatal-depression-_1671527780237' not found in 7cf6efab-a9d7-54d2-2cbd-ec82efe4a7da.
  ℹ️  No key-learning-points document found for key 'the-provision-of-perinatal-mental-health-care-often-requires-_1671527889674' with langId='7cf6efab-a9d7-54d2-2cbd-ec82efe4a7da'.
  ℹ️  No keyLearningPoints document found for key 'the-provision-of-perinatal-mental-health-care-often-requires-_1671527889674' with langId='7cf6efab-a9d7-54d2-2cbd-ec82efe4a7da'.
  ⚠ SKIP: Localized KLP 'the-provision-of-perinatal-mental-health-care-often-requires-_1671527889674' not found in 7cf6efab-a9d7-54d2-2cbd-ec82efe4a7da.
  ℹ️  No key-learning-points document found for key 'what-is-the-first-line-management-of-a-woman-who-has-screened-positive-for-perinatal-depression-_1671528072044' with langId='7cf6efab-a9d7-54d2-2cbd-ec82efe4a7da'.
  ℹ️  No keyLearningPoints document found for key 'what-is-the-first-line-management-of-a-woman-who-has-screened-positive-for-perinatal-depression-_1671528072044' with langId='7cf6efab-a9d7-54d2-2cbd-ec82efe4a7da'.
  ⚠ SKIP: Localized KLP 'what-is-the-first-line-management-of-a-woman-who-has-screened-positive-for-perinatal-depression-_1671528072044' not found in 7cf6efab-a9d7-54d2-2cbd-ec82efe4a7da.
  ℹ️  No key-learning-points document found for key 'psychoeducation-includes-_1671528151713' with langId='7cf6efab-a9d7-54d2-2cbd-ec82efe4a7da'.
  ℹ️  No keyLearningPoints document found for key 'psychoeducation-includes-_1671528151713' with langId='7cf6efab-a9d7-54d2-2cbd-ec82efe4a7da'.
  ⚠ SKIP: Localized KLP 'psychoeducation-includes-_1671528151713' not found in 7cf6efab-a9d7-54d2-2cbd-ec82efe4a7da.
  ℹ️  No key-learning-points document found for key 'what-are-not-symptoms-of-bipolar-disorder-_1671528255280' with langId='7cf6efab-a9d7-54d2-2cbd-ec82efe4a7da'.
  ℹ️  No keyLearningPoints document found for key 'what-are-not-symptoms-of-bipolar-disorder-_1671528255280' with langId='7cf6efab-a9d7-54d2-2cbd-ec82efe4a7da'.
  ⚠ SKIP: Localized KLP 'what-are-not-symptoms-of-bipolar-disorder-_1671528255280' not found in 7cf6efab-a9d7-54d2-2cbd-ec82efe4a7da.
  ℹ️  No key-learning-points document found for key 'anxiety-disorders-are-a-group-of-related-conditions-that-include-_1671528369083' with langId='7cf6efab-a9d7-54d2-2cbd-ec82efe4a7da'.
  ℹ️  No keyLearningPoints document found for key 'anxiety-disorders-are-a-group-of-related-conditions-that-include-_1671528369083' with langId='7cf6efab-a9d7-54d2-2cbd-ec82efe4a7da'.
  ⚠ SKIP: Localized KLP 'anxiety-disorders-are-a-group-of-related-conditions-that-include-_1671528369083' not found in 7cf6efab-a9d7-54d2-2cbd-ec82efe4a7da.
  ℹ️  No key-learning-points document found for key 'symptoms-of-puerperal-psychosis-include-the-rapid-onset-of-_1671528476434' with langId='7cf6efab-a9d7-54d2-2cbd-ec82efe4a7da'.
  ℹ️  No keyLearningPoints document found for key 'symptoms-of-puerperal-psychosis-include-the-rapid-onset-of-_1671528476434' with langId='7cf6efab-a9d7-54d2-2cbd-ec82efe4a7da'.
  ⚠ SKIP: Localized KLP 'symptoms-of-puerperal-psychosis-include-the-rapid-onset-of-_1671528476434' not found in 7cf6efab-a9d7-54d2-2cbd-ec82efe4a7da.
  ℹ️  No key-learning-points document found for key 'infants-of-mothers-who-suffer-from-depression-have-higher-rates-of-_1671528643511' with langId='7cf6efab-a9d7-54d2-2cbd-ec82efe4a7da'.
  ℹ️  No keyLearningPoints document found for key 'infants-of-mothers-who-suffer-from-depression-have-higher-rates-of-_1671528643511' with langId='7cf6efab-a9d7-54d2-2cbd-ec82efe4a7da'.
  ⚠ SKIP: Localized KLP 'infants-of-mothers-who-suffer-from-depression-have-higher-rates-of-_1671528643511' not found in 7cf6efab-a9d7-54d2-2cbd-ec82efe4a7da.
  ℹ️  No key-learning-points document found for key 'what-should-you-do-if-you-experience-negative-personal-consequences-of-caring-for-women-with-perinatal-mental-health-conditions-_1671528770971' with langId='7cf6efab-a9d7-54d2-2cbd-ec82efe4a7da'.
  ℹ️  No keyLearningPoints document found for key 'what-should-you-do-if-you-experience-negative-personal-consequences-of-caring-for-women-with-perinatal-mental-health-conditions-_1671528770971' with langId='7cf6efab-a9d7-54d2-2cbd-ec82efe4a7da'.
  ⚠ SKIP: Localized KLP 'what-should-you-do-if-you-experience-negative-personal-consequences-of-caring-for-women-with-perinatal-mental-health-conditions-_1671528770971' not found in 7cf6efab-a9d7-54d2-2cbd-ec82efe4a7da.
  ℹ️  No key-learning-points document found for key 'people-with-schizophrenia-are-more-likely-to-_1671529160789' with langId='7cf6efab-a9d7-54d2-2cbd-ec82efe4a7da'.
  ℹ️  No keyLearningPoints document found for key 'people-with-schizophrenia-are-more-likely-to-_1671529160789' with langId='7cf6efab-a9d7-54d2-2cbd-ec82efe4a7da'.
  ⚠ SKIP: Localized KLP 'people-with-schizophrenia-are-more-likely-to-_1671529160789' not found in 7cf6efab-a9d7-54d2-2cbd-ec82efe4a7da.
  ℹ️  No key-learning-points document found for key 'symptoms-of-general-anxiety-disorder-include-_1671529332144' with langId='7cf6efab-a9d7-54d2-2cbd-ec82efe4a7da'.
  ℹ️  No keyLearningPoints document found for key 'symptoms-of-general-anxiety-disorder-include-_1671529332144' with langId='7cf6efab-a9d7-54d2-2cbd-ec82efe4a7da'.
  ⚠ SKIP: Localized KLP 'symptoms-of-general-anxiety-disorder-include-_1671529332144' not found in 7cf6efab-a9d7-54d2-2cbd-ec82efe4a7da.
  ℹ️  No key-learning-points document found for key 'people-with-anxiety-often-experience-_1671529404513' with langId='7cf6efab-a9d7-54d2-2cbd-ec82efe4a7da'.
  ℹ️  No keyLearningPoints document found for key 'people-with-anxiety-often-experience-_1671529404513' with langId='7cf6efab-a9d7-54d2-2cbd-ec82efe4a7da'.
  ⚠ SKIP: Localized KLP 'people-with-anxiety-often-experience-_1671529404513' not found in 7cf6efab-a9d7-54d2-2cbd-ec82efe4a7da.
  ℹ️  No key-learning-points document found for key 'why-may-women-not-want-to-disclose-a-history-of-mental-health-conditions-_1671529488680' with langId='7cf6efab-a9d7-54d2-2cbd-ec82efe4a7da'.
  ℹ️  No keyLearningPoints document found for key 'why-may-women-not-want-to-disclose-a-history-of-mental-health-conditions-_1671529488680' with langId='7cf6efab-a9d7-54d2-2cbd-ec82efe4a7da'.
  ⚠ SKIP: Localized KLP 'why-may-women-not-want-to-disclose-a-history-of-mental-health-conditions-_1671529488680' not found in 7cf6efab-a9d7-54d2-2cbd-ec82efe4a7da.
  ℹ️  No key-learning-points document found for key 'why-would-you-suspect-that-the-woman-has-depression-and-not-the-baby-blues-_1671529630018' with langId='7cf6efab-a9d7-54d2-2cbd-ec82efe4a7da'.
  ℹ️  No keyLearningPoints document found for key 'why-would-you-suspect-that-the-woman-has-depression-and-not-the-baby-blues-_1671529630018' with langId='7cf6efab-a9d7-54d2-2cbd-ec82efe4a7da'.
  ⚠ SKIP: Localized KLP 'why-would-you-suspect-that-the-woman-has-depression-and-not-the-baby-blues-_1671529630018' not found in 7cf6efab-a9d7-54d2-2cbd-ec82efe4a7da.
  ℹ️  No key-learning-points document found for key 'talking-therapyempathetic-counselling-includes-_1671529750677' with langId='7cf6efab-a9d7-54d2-2cbd-ec82efe4a7da'.
  ℹ️  No keyLearningPoints document found for key 'talking-therapyempathetic-counselling-includes-_1671529750677' with langId='7cf6efab-a9d7-54d2-2cbd-ec82efe4a7da'.
  ⚠ SKIP: Localized KLP 'talking-therapyempathetic-counselling-includes-_1671529750677' not found in 7cf6efab-a9d7-54d2-2cbd-ec82efe4a7da.
  ℹ️  No key-learning-points document found for key 'which-of-the-following-are-guiding-principles-for-clinicians-to-adapt-their-practice-into-trauma-informed-care-_1671529811310' with langId='7cf6efab-a9d7-54d2-2cbd-ec82efe4a7da'.
  ℹ️  No keyLearningPoints document found for key 'which-of-the-following-are-guiding-principles-for-clinicians-to-adapt-their-practice-into-trauma-informed-care-_1671529811310' with langId='7cf6efab-a9d7-54d2-2cbd-ec82efe4a7da'.
  ⚠ SKIP: Localized KLP 'which-of-the-following-are-guiding-principles-for-clinicians-to-adapt-their-practice-into-trauma-informed-care-_1671529811310' not found in 7cf6efab-a9d7-54d2-2cbd-ec82efe4a7da.
  ℹ️  No key-learning-points document found for key 'what-percentage-of-the-population-suffer-from-schizophrenia-_1671529878693' with langId='7cf6efab-a9d7-54d2-2cbd-ec82efe4a7da'.
  ℹ️  No keyLearningPoints document found for key 'what-percentage-of-the-population-suffer-from-schizophrenia-_1671529878693' with langId='7cf6efab-a9d7-54d2-2cbd-ec82efe4a7da'.
  ⚠ SKIP: Localized KLP 'what-percentage-of-the-population-suffer-from-schizophrenia-_1671529878693' not found in 7cf6efab-a9d7-54d2-2cbd-ec82efe4a7da.
  ℹ️  No key-learning-points document found for key 'cognitive-behavioural-therapy-cbt-aims-to-_1671529960645' with langId='7cf6efab-a9d7-54d2-2cbd-ec82efe4a7da'.
  ℹ️  No keyLearningPoints document found for key 'cognitive-behavioural-therapy-cbt-aims-to-_1671529960645' with langId='7cf6efab-a9d7-54d2-2cbd-ec82efe4a7da'.
  ⚠ SKIP: Localized KLP 'cognitive-behavioural-therapy-cbt-aims-to-_1671529960645' not found in 7cf6efab-a9d7-54d2-2cbd-ec82efe4a7da.
  ℹ️  No key-learning-points document found for key 'put-these-three-action-principles-of-psychological-first-aid-in-the-correct-order-_1671530036631' with langId='7cf6efab-a9d7-54d2-2cbd-ec82efe4a7da'.
  ℹ️  No keyLearningPoints document found for key 'put-these-three-action-principles-of-psychological-first-aid-in-the-correct-order-_1671530036631' with langId='7cf6efab-a9d7-54d2-2cbd-ec82efe4a7da'.
  ⚠ SKIP: Localized KLP 'put-these-three-action-principles-of-psychological-first-aid-in-the-correct-order-_1671530036631' not found in 7cf6efab-a9d7-54d2-2cbd-ec82efe4a7da.
  ℹ️  No key-learning-points document found for key 'high-levels-of-cortisol-in-the-blood-due-to-prolonged-maternal-anxiety-can-be-damaging-to-the-foetuss-_1671530135484' with langId='7cf6efab-a9d7-54d2-2cbd-ec82efe4a7da'.
  ℹ️  No keyLearningPoints document found for key 'high-levels-of-cortisol-in-the-blood-due-to-prolonged-maternal-anxiety-can-be-damaging-to-the-foetuss-_1671530135484' with langId='7cf6efab-a9d7-54d2-2cbd-ec82efe4a7da'.
  ⚠ SKIP: Localized KLP 'high-levels-of-cortisol-in-the-blood-due-to-prolonged-maternal-anxiety-can-be-damaging-to-the-foetuss-_1671530135484' not found in 7cf6efab-a9d7-54d2-2cbd-ec82efe4a7da.
  Step 2: Queuing module payload with resource slugs...
Using cached asset_id: 512b35674a49409b83c73b7bc952e435
Skipping previously failed asset: https://sdacms.blob.core.windows.net/content/assets/videos/english%20WHO/Perinatal%20Mental%20Health/intro.mp4
Warning: Failed to process video asset: /english WHO/Perinatal Mental Health/intro
Skipping previously failed asset: https://sdacms.blob.core.windows.net/content/assets/videos/english%20WHO/Perinatal%20Mental%20Health/risk_factors.mp4
Warning: Failed to process video asset: /english WHO/Perinatal Mental Health/risk_factors
Skipping previously failed asset: https://sdacms.blob.core.windows.net/content/assets/videos/english%20WHO/Perinatal%20Mental%20Health/barriers_to_seeking_care.mp4
Warning: Failed to process video asset: /english WHO/Perinatal Mental Health/barriers_to_seeking_care
Skipping previously failed asset: https://sdacms.blob.core.windows.net/content/assets/videos/english%20WHO/Perinatal%20Mental%20Health/diagnosis_symptoms.mp4
Warning: Failed to process video asset: /english WHO/Perinatal Mental Health/diagnosis_symptoms
Skipping previously failed asset: https://sdacms.blob.core.windows.net/content/assets/videos/english%20WHO/Perinatal%20Mental%20Health/screening.mp4
Warning: Failed to process video asset: /english WHO/Perinatal Mental Health/screening
Skipping previously failed asset: https://sdacms.blob.core.windows.net/content/assets/videos/english%20WHO/Perinatal%20Mental%20Health/prevention_and_treatment.mp4
Warning: Failed to process video asset: /english WHO/Perinatal Mental Health/prevention_and_treatment
Skipping previously failed asset: https://sdacms.blob.core.windows.net/content/assets/videos/english%20WHO/Perinatal%20Mental%20Health/medicatons.mp4
Warning: Failed to process video asset: /english WHO/Perinatal Mental Health/medicatons
Skipping previously failed asset: https://sdacms.blob.core.windows.net/content/assets/videos/english%20WHO/Perinatal%20Mental%20Health/caring_for_the_carer.mp4
Warning: Failed to process video asset: /english WHO/Perinatal Mental Health/caring_for_the_carer
  → Using bundle description fallback for translated module
  → Queued module 'Perinatal Mental Health' -> /home/azureuser/test/content_migrator/data/processed_data/modules.csv
  → Found English title from Cosmos (key='infection-prevention_1487676001934'): 'Infection Prevention'
[ModuleMigrator] Using Cosmos doc resource lists for TRANSLATED module 'infection-prevention_1487676001934' (lang: 7cf6efab-a9d7-54d2-2cbd-ec82efe4a7da)
  actionCards: 4 keys
  procedures: 3 keys
  drugs: 8 keys
  keyLearningPoints: 36 keys
  videos: 7 keys
  ⚠ STRUCTURAL VIOLATION: Global identity document not found in Cosmos for localized module 'infection-prevention'. Proceeding with placeholder title: Infection Prevention
  Step 1: Preparing module resources (queue)...
Loaded 511 existing resource mappings
Mapping language:   7cf6efab-a9d7-54d2-2cbd-ec82efe4a7da
  DEBUG: Found 7 videos in module
Downloading video asset from https://sdacms.blob.core.windows.net/content/assets/videos/english%20WHO/Infection%20prevention/intro_WHO.mp4
Error downloading video asset https://sdacms.blob.core.windows.net/content/assets/videos/english%20WHO/Infection%20prevention/intro_WHO.mp4: 404 Client Error: The specified blob does not exist. for url: https://sdacms.blob.core.windows.net/content/assets/videos/english%20WHO/Infection%20prevention/intro_WHO.mp4
Video icon URL: english%20WHO/Infection%20prevention/intro_WHO
Video icon URL: english%20WHO/Infection%20prevention/intro_WHO
Downloading video_icon asset from https://sdacms.blob.core.windows.net/content/assets/videos/english%20WHO/Infection%20prevention/intro_WHO.png
Error downloading video_icon asset https://sdacms.blob.core.windows.net/content/assets/videos/english%20WHO/Infection%20prevention/intro_WHO.png: 404 Client Error: The specified blob does not exist. for url: https://sdacms.blob.core.windows.net/content/assets/videos/english%20WHO/Infection%20prevention/intro_WHO.png
Skipping video '/english WHO/Infection prevention/intro_WHO' - missing asset upload
Downloading video asset from https://sdacms.blob.core.windows.net/content/assets/videos/english%20WHO/Infection%20prevention/hand_hygiene_WHO.mp4
Error downloading video asset https://sdacms.blob.core.windows.net/content/assets/videos/english%20WHO/Infection%20prevention/hand_hygiene_WHO.mp4: 404 Client Error: The specified blob does not exist. for url: https://sdacms.blob.core.windows.net/content/assets/videos/english%20WHO/Infection%20prevention/hand_hygiene_WHO.mp4
Video icon URL: english%20WHO/Infection%20prevention/hand_hygiene_WHO
Video icon URL: english%20WHO/Infection%20prevention/hand_hygiene_WHO
Downloading video_icon asset from https://sdacms.blob.core.windows.net/content/assets/videos/english%20WHO/Infection%20prevention/hand_hygiene_WHO.png
Error downloading video_icon asset https://sdacms.blob.core.windows.net/content/assets/videos/english%20WHO/Infection%20prevention/hand_hygiene_WHO.png: 404 Client Error: The specified blob does not exist. for url: https://sdacms.blob.core.windows.net/content/assets/videos/english%20WHO/Infection%20prevention/hand_hygiene_WHO.png
Skipping video '/english WHO/Infection prevention/hand_hygiene_WHO' - missing asset upload
Downloading video asset from https://sdacms.blob.core.windows.net/content/assets/videos/english%20WHO/Infection%20prevention/personal_protective_equipment_WHO.mp4
Error downloading video asset https://sdacms.blob.core.windows.net/content/assets/videos/english%20WHO/Infection%20prevention/personal_protective_equipment_WHO.mp4: 404 Client Error: The specified blob does not exist. for url: https://sdacms.blob.core.windows.net/content/assets/videos/english%20WHO/Infection%20prevention/personal_protective_equipment_WHO.mp4
Video icon URL: english%20WHO/Infection%20prevention/personal_protective_equipment_WHO
Video icon URL: english%20WHO/Infection%20prevention/personal_protective_equipment_WHO
Downloading video_icon asset from https://sdacms.blob.core.windows.net/content/assets/videos/english%20WHO/Infection%20prevention/personal_protective_equipment_WHO.png
Error downloading video_icon asset https://sdacms.blob.core.windows.net/content/assets/videos/english%20WHO/Infection%20prevention/personal_protective_equipment_WHO.png: 404 Client Error: The specified blob does not exist. for url: https://sdacms.blob.core.windows.net/content/assets/videos/english%20WHO/Infection%20prevention/personal_protective_equipment_WHO.png
Skipping video '/english WHO/Infection prevention/personal_protective_equipment_WHO' - missing asset upload
Downloading video asset from https://sdacms.blob.core.windows.net/content/assets/videos/english%20WHO/Infection%20prevention/injection_safety_WHO.mp4
Error downloading video asset https://sdacms.blob.core.windows.net/content/assets/videos/english%20WHO/Infection%20prevention/injection_safety_WHO.mp4: 404 Client Error: The specified blob does not exist. for url: https://sdacms.blob.core.windows.net/content/assets/videos/english%20WHO/Infection%20prevention/injection_safety_WHO.mp4
Video icon URL: english%20WHO/Infection%20prevention/injection_safety_WHO
Video icon URL: english%20WHO/Infection%20prevention/injection_safety_WHO
Downloading video_icon asset from https://sdacms.blob.core.windows.net/content/assets/videos/english%20WHO/Infection%20prevention/injection_safety_WHO.png
Error downloading video_icon asset https://sdacms.blob.core.windows.net/content/assets/videos/english%20WHO/Infection%20prevention/injection_safety_WHO.png: 404 Client Error: The specified blob does not exist. for url: https://sdacms.blob.core.windows.net/content/assets/videos/english%20WHO/Infection%20prevention/injection_safety_WHO.png
Skipping video '/english WHO/Infection prevention/injection_safety_WHO' - missing asset upload
Downloading video asset from https://sdacms.blob.core.windows.net/content/assets/videos/english%20WHO/Infection%20prevention/maternal_infections_WHO.mp4
Error downloading video asset https://sdacms.blob.core.windows.net/content/assets/videos/english%20WHO/Infection%20prevention/maternal_infections_WHO.mp4: 404 Client Error: The specified blob does not exist. for url: https://sdacms.blob.core.windows.net/content/assets/videos/english%20WHO/Infection%20prevention/maternal_infections_WHO.mp4
Video icon URL: english%20WHO/Infection%20prevention/maternal_infections_WHO
Video icon URL: english%20WHO/Infection%20prevention/maternal_infections_WHO
Downloading video_icon asset from https://sdacms.blob.core.windows.net/content/assets/videos/english%20WHO/Infection%20prevention/maternal_infections_WHO.png
Error downloading video_icon asset https://sdacms.blob.core.windows.net/content/assets/videos/english%20WHO/Infection%20prevention/maternal_infections_WHO.png: 404 Client Error: The specified blob does not exist. for url: https://sdacms.blob.core.windows.net/content/assets/videos/english%20WHO/Infection%20prevention/maternal_infections_WHO.png
Skipping video '/english WHO/Infection prevention/maternal_infections_WHO' - missing asset upload
Downloading video asset from https://sdacms.blob.core.windows.net/content/assets/videos/english%20WHO/Infection%20prevention/respiratory_infections_WHO.mp4
Error downloading video asset https://sdacms.blob.core.windows.net/content/assets/videos/english%20WHO/Infection%20prevention/respiratory_infections_WHO.mp4: 404 Client Error: The specified blob does not exist. for url: https://sdacms.blob.core.windows.net/content/assets/videos/english%20WHO/Infection%20prevention/respiratory_infections_WHO.mp4
Video icon URL: english%20WHO/Infection%20prevention/respiratory_infections_WHO
Video icon URL: english%20WHO/Infection%20prevention/respiratory_infections_WHO
Downloading video_icon asset from https://sdacms.blob.core.windows.net/content/assets/videos/english%20WHO/Infection%20prevention/respiratory_infections_WHO.png
Error downloading video_icon asset https://sdacms.blob.core.windows.net/content/assets/videos/english%20WHO/Infection%20prevention/respiratory_infections_WHO.png: 404 Client Error: The specified blob does not exist. for url: https://sdacms.blob.core.windows.net/content/assets/videos/english%20WHO/Infection%20prevention/respiratory_infections_WHO.png
Skipping video '/english WHO/Infection prevention/respiratory_infections_WHO' - missing asset upload
Downloading video asset from https://sdacms.blob.core.windows.net/content/assets/videos/english%20WHO/Infection%20prevention/hiv_hepatitis_b_prevention_WHO.mp4
Error downloading video asset https://sdacms.blob.core.windows.net/content/assets/videos/english%20WHO/Infection%20prevention/hiv_hepatitis_b_prevention_WHO.mp4: 404 Client Error: The specified blob does not exist. for url: https://sdacms.blob.core.windows.net/content/assets/videos/english%20WHO/Infection%20prevention/hiv_hepatitis_b_prevention_WHO.mp4
Video icon URL: english%20WHO/Infection%20prevention/hiv_hepatitis_b_prevention_WHO
Video icon URL: english%20WHO/Infection%20prevention/hiv_hepatitis_b_prevention_WHO
Downloading video_icon asset from https://sdacms.blob.core.windows.net/content/assets/videos/english%20WHO/Infection%20prevention/hiv_hepatitis_b_prevention_WHO.png
Error downloading video_icon asset https://sdacms.blob.core.windows.net/content/assets/videos/english%20WHO/Infection%20prevention/hiv_hepatitis_b_prevention_WHO.png: 404 Client Error: The specified blob does not exist. for url: https://sdacms.blob.core.windows.net/content/assets/videos/english%20WHO/Infection%20prevention/hiv_hepatitis_b_prevention_WHO.png
Skipping video '/english WHO/Infection prevention/hiv_hepatitis_b_prevention_WHO' - missing asset upload
  DEBUG: Found 4 action cards in module
Mapping language:   7cf6efab-a9d7-54d2-2cbd-ec82efe4a7da
Using cached asset_id: 0181d9ddca89498a9ce1d5f838b02091
Saved Markdown: /home/azureuser/test/content_migrator/data/temp_data/remote_anc_pnc_contacts_original.md
Saved Markdown: /home/azureuser/test/content_migrator/data/temp_data/remote_anc_pnc_contacts_adapted_africa.md
Saved Markdown: /home/azureuser/test/content_migrator/data/temp_data/remote_anc_pnc_contacts_translated_action_card.md
Created action-card resource: title='Remote ANC/PNC contacts' description='Remote ANC/PNC contacts' icon='0181d9ddca89498a9ce1d5f838b02091' content='575e81e1508f4e98bc93b082c9ba15a6' language_id='7cf6efab-a9d7-54d2-2cbd-ec82efe4a7da' region='africa' content_type='original' created_by='natalia@maternity.dk' level=None questions=None derived_from_id=None
Created action-card resource: title='Remote ANC/PNC contacts' description='Remote ANC/PNC contacts' icon='0181d9ddca89498a9ce1d5f838b02091' content='6ca16d1ce1f0409abd98871a64b0165d' language_id='7cf6efab-a9d7-54d2-2cbd-ec82efe4a7da' region='africa' content_type='adapted' created_by='natalia@maternity.dk' level=None questions=None derived_from_id=None
Created action-card resource: title='Remote ANC/PNC contacts' description='Remote ANC/PNC contacts' icon='0181d9ddca89498a9ce1d5f838b02091' content='9956208828f247408844d673378612c4' language_id='7cf6efab-a9d7-54d2-2cbd-ec82efe4a7da' region='africa' content_type='translated' created_by='natalia@maternity.dk' level=None questions=None derived_from_id=None
  ℹ️  No screens translation found for 'action-card:remote-ancpnc-contacts-_1728908633705', using original
Queuing action-card: res-action-card-remote-anc-pnc-contacts (Source: 'Remote ANC/PNC contacts')
Mapping language:   7cf6efab-a9d7-54d2-2cbd-ec82efe4a7da
Using cached asset_id: 932fe6195ba84e8191860a9515789b77
Saved Markdown: /home/azureuser/test/content_migrator/data/temp_data/antibiotic_prophylaxis_original.md
Saved Markdown: /home/azureuser/test/content_migrator/data/temp_data/antibiotic_prophylaxis_adapted_africa.md
Saved Markdown: /home/azureuser/test/content_migrator/data/temp_data/antibiotic_prophylaxis_translated_action_card.md
Created action-card resource: title='Antibiotic Prophylaxis' description='Antibiotic Prophylaxis' icon='932fe6195ba84e8191860a9515789b77' content='3459d5da35e6457a8fdb1cf59e3cb231' language_id='7cf6efab-a9d7-54d2-2cbd-ec82efe4a7da' region='africa' content_type='original' created_by='natalia@maternity.dk' level=None questions=None derived_from_id=None
Created action-card resource: title='Antibiotic Prophylaxis' description='Antibiotic Prophylaxis' icon='932fe6195ba84e8191860a9515789b77' content='c3662f84671e47be8f0e0fbbf8a687e9' language_id='7cf6efab-a9d7-54d2-2cbd-ec82efe4a7da' region='africa' content_type='adapted' created_by='natalia@maternity.dk' level=None questions=None derived_from_id=None
Created action-card resource: title='Antibiotic Prophylaxis' description='Antibiotic Prophylaxis' icon='932fe6195ba84e8191860a9515789b77' content='2c5ddef84f8c4e64908e64070b315290' language_id='7cf6efab-a9d7-54d2-2cbd-ec82efe4a7da' region='africa' content_type='translated' created_by='natalia@maternity.dk' level=None questions=None derived_from_id=None
  ℹ️  No screens translation found for 'action-card:antibiotic-prophylaxis-_1728909100025', using original
Queuing action-card: res-action-card-antibiotic-prophylaxis (Source: 'Antibiotic Prophylaxis')
  ⚠ SKIP: Localized action card 'five-key-moments-for-hand-hygiene-_1728909404639' not found in 7cf6efab-a9d7-54d2-2cbd-ec82efe4a7da.
Mapping language:   7cf6efab-a9d7-54d2-2cbd-ec82efe4a7da
Using cached asset_id: 126cb4e1a3e64c1d8d549e0a418fa913
Saved Markdown: /home/azureuser/test/content_migrator/data/temp_data/respiratory_infections_original.md
Saved Markdown: /home/azureuser/test/content_migrator/data/temp_data/respiratory_infections_adapted_africa.md
Saved Markdown: /home/azureuser/test/content_migrator/data/temp_data/respiratory_infections_translated_action_card.md
Created action-card resource: title='Respiratory infections' description='Respiratory infections' icon='126cb4e1a3e64c1d8d549e0a418fa913' content='22e79e2a433248ff8ac11bf7fe93df9d' language_id='7cf6efab-a9d7-54d2-2cbd-ec82efe4a7da' region='africa' content_type='original' created_by='natalia@maternity.dk' level=None questions=None derived_from_id=None
Created action-card resource: title='Respiratory infections' description='Respiratory infections' icon='126cb4e1a3e64c1d8d549e0a418fa913' content='e50cb9f312ee4f9fb25f76de619a79ca' language_id='7cf6efab-a9d7-54d2-2cbd-ec82efe4a7da' region='africa' content_type='adapted' created_by='natalia@maternity.dk' level=None questions=None derived_from_id=None
Created action-card resource: title='Respiratory infections' description='Respiratory infections' icon='126cb4e1a3e64c1d8d549e0a418fa913' content='2f425e5b02a84d9d90ca05cbb424694f' language_id='7cf6efab-a9d7-54d2-2cbd-ec82efe4a7da' region='africa' content_type='translated' created_by='natalia@maternity.dk' level=None questions=None derived_from_id=None
  ℹ️  No screens translation found for 'action-card:-respiratory-infections-_1728912040153', using original
Queuing action-card: res-action-card-respiratory-infections (Source: 'Respiratory infections')
Mapping language:   7cf6efab-a9d7-54d2-2cbd-ec82efe4a7da
  DEBUG: Found 3 procedures in module
Using cached asset_id: 6accec2d4ca54ee3b72c0df73bb408b0
CACHED: Saved new asset_id '2aeab9edc31c47ea9e63d6ed18c1b779' for path 'https://sdacms.blob.core.windows.net/content/assets/images/africa/richtext/pp_mixing_handrub_practical_1.png'
CACHED: Saved new asset_id 'fb3d024d3d114f32b31d6bf2f2fccafb' for path 'https://sdacms.blob.core.windows.net/content/assets/images/africa/richtext/pp_mixing_handrub_practical_2.png'
CACHED: Saved new asset_id '96e0420e6900419b9cf9b41c4d3bd7bd' for path 'https://sdacms.blob.core.windows.net/content/assets/images/africa/richtext/pp_mixing_handrub_practical_3.png'
CACHED: Saved new asset_id '50e47149c37d4c72834252adcc21f063' for path 'https://sdacms.blob.core.windows.net/content/assets/images/africa/richtext/pp_mixing_handrub_practical_4.png'
CACHED: Saved new asset_id '4523fe00ce0147529a5828b518bbe24d' for path 'https://sdacms.blob.core.windows.net/content/assets/images/africa/richtext/pp_mixing_handrub_practical_5.png'
CACHED: Saved new asset_id '0b4e047a54e94b608a3d356b55d83ec7' for path 'https://sdacms.blob.core.windows.net/content/assets/images/africa/richtext/pp_mixing_handrub_practical_6.png'
CACHED: Saved new asset_id '509506b1d80646eeb3d836027b787b4d' for path 'https://sdacms.blob.core.windows.net/content/assets/images/africa/richtext/pp_mixing_handrub_practical_7.png'
CACHED: Saved new asset_id 'd5985bff60584774b9ec8c2ddcdcf953' for path 'https://sdacms.blob.core.windows.net/content/assets/images/africa/richtext/pp_mixing_handrub_practical_8.png'
CACHED: Saved new asset_id '3bdee4e7147446fd84cab77cb5b6fda9' for path 'https://sdacms.blob.core.windows.net/content/assets/images/africa/richtext/pp_mixing_handrub_method_1.png'
CACHED: Saved new asset_id 'febc473bd8b047b681e2df0aa40f9900' for path 'https://sdacms.blob.core.windows.net/content/assets/images/africa/richtext/pp_mixing_handrub_method_2.png'
CACHED: Saved new asset_id 'b16a07d82dfd4b05bd18de048c449590' for path 'https://sdacms.blob.core.windows.net/content/assets/images/africa/richtext/pp_mixing_handrub_method_3.png'
CACHED: Saved new asset_id '8d275fcd6cc44c67b60ab4bc9e2400b3' for path 'https://sdacms.blob.core.windows.net/content/assets/images/africa/richtext/pp_mixing_handrub_method_4.png'
CACHED: Saved new asset_id '0bc1c5f23b134c8d8f86114967a8f944' for path 'https://sdacms.blob.core.windows.net/content/assets/images/africa/richtext/pp_mixing_handrub_method_5.png'
CACHED: Saved new asset_id 'edfb8dc7dac247e18f2b80cee057e5f2' for path 'https://sdacms.blob.core.windows.net/content/assets/images/africa/richtext/pp_mixing_handrub_method_6.png'
CACHED: Saved new asset_id 'f47d43f97c6948fd948d2fcb56e643f6' for path 'https://sdacms.blob.core.windows.net/content/assets/images/africa/richtext/pp_mixing_handrub_quality_1.png'
CACHED: Saved new asset_id 'd8d45d315e3b4edfb4cff81e30f0cb0f' for path 'https://sdacms.blob.core.windows.net/content/assets/images/africa/richtext/pp_mixing_handrub_quality_2.png'
CACHED: Saved new asset_id '9536068d8adc4713871dddc3de3cd91e' for path 'https://sdacms.blob.core.windows.net/content/assets/images/africa/richtext/pp_mixing_handrub_quality_3.png'
Saved Markdown: /home/azureuser/test/content_migrator/data/temp_data/mixing_alcohol_based_handrub_original.md
Saved Markdown: /home/azureuser/test/content_migrator/data/temp_data/mixing_alcohol_based_handrub_adapted_africa.md
Saved Markdown: /home/azureuser/test/content_migrator/data/temp_data/mixing_alcohol_based_handrub_translated_action_card.md
  📎 Linking 17 embedded asset(s) to markdown upload
Created action-card resource: title='Mixing alcohol-based handrub' description='Mixing alcohol-based handrub' icon='6accec2d4ca54ee3b72c0df73bb408b0' content='22c0d0d401294e9fb2249ba83a5c35fa' language_id='7cf6efab-a9d7-54d2-2cbd-ec82efe4a7da' region='africa' content_type='original' created_by='natalia@maternity.dk' level=None questions=None derived_from_id=None
  📎 Linking 17 embedded asset(s) to markdown upload
Created action-card resource: title='Mixing alcohol-based handrub' description='Mixing alcohol-based handrub' icon='6accec2d4ca54ee3b72c0df73bb408b0' content='5d59d814886f423d922f9a870f09751f' language_id='7cf6efab-a9d7-54d2-2cbd-ec82efe4a7da' region='africa' content_type='adapted' created_by='natalia@maternity.dk' level=None questions=None derived_from_id=None
  📎 Linking 17 embedded asset(s) to markdown upload
Created action-card resource: title='Mixing alcohol-based handrub' description='Mixing alcohol-based handrub' icon='6accec2d4ca54ee3b72c0df73bb408b0' content='17de223015784f39a72d363566955dcc' language_id='7cf6efab-a9d7-54d2-2cbd-ec82efe4a7da' region='africa' content_type='translated' created_by='natalia@maternity.dk' level=None questions=None derived_from_id=None
  ℹ️  No screens translation found for 'procedure:mixing-alcohol-based-handrub_1487245431108', using original
Queuing procedure: res-procedure-mixing-alcohol-based-handrub (Source: 'Mixing alcohol-based handrub')
Using cached asset_id: 06ca55b77a9d404dac17425291e69729
CACHED: Saved new asset_id 'f05301404fe24d8db5893634a3a9f790' for path 'https://sdacms.blob.core.windows.net/content/assets/images/africa/richtext/cleaning_equipment.png'
CACHED: Saved new asset_id '567a4789cef14671a93f09cd8051e06b' for path 'https://sdacms.blob.core.windows.net/content/assets/images/africa/richtext/organize_cleaning_order_2.png'
CACHED: Saved new asset_id 'c5b9b95b0a7e4587aee9634c47e7283a' for path 'https://sdacms.blob.core.windows.net/content/assets/images/africa/richtext/cleaning_with_alcohol.png'
CACHED: Saved new asset_id '4266edf1181a4847bc90ce3e28fe713a' for path 'https://sdacms.blob.core.windows.net/content/assets/images/africa/richtext/cleaning_surfaces.png'
Saved Markdown: /home/azureuser/test/content_migrator/data/temp_data/cleaning_storage_and_housekeeping_original.md
Saved Markdown: /home/azureuser/test/content_migrator/data/temp_data/cleaning_storage_and_housekeeping_adapted_africa.md
Saved Markdown: /home/azureuser/test/content_migrator/data/temp_data/cleaning_storage_and_housekeeping_translated_action_card.md
  📎 Linking 4 embedded asset(s) to markdown upload
Created action-card resource: title='Cleaning, Storage and Housekeeping' description='Cleaning, Storage and Housekeeping' icon='06ca55b77a9d404dac17425291e69729' content='6079fc263220458cbd2d93e785c42df5' language_id='7cf6efab-a9d7-54d2-2cbd-ec82efe4a7da' region='africa' content_type='original' created_by='natalia@maternity.dk' level=None questions=None derived_from_id=None
  📎 Linking 4 embedded asset(s) to markdown upload
Created action-card resource: title='Cleaning, Storage and Housekeeping' description='Cleaning, Storage and Housekeeping' icon='06ca55b77a9d404dac17425291e69729' content='6f7d8c1156a143458c8a948a1c5155a9' language_id='7cf6efab-a9d7-54d2-2cbd-ec82efe4a7da' region='africa' content_type='adapted' created_by='natalia@maternity.dk' level=None questions=None derived_from_id=None
  📎 Linking 4 embedded asset(s) to markdown upload
Created action-card resource: title='Cleaning, Storage and Housekeeping' description='Cleaning, Storage and Housekeeping' icon='06ca55b77a9d404dac17425291e69729' content='6ef9dbfe63b648ec8449a3545f315203' language_id='7cf6efab-a9d7-54d2-2cbd-ec82efe4a7da' region='africa' content_type='translated' created_by='natalia@maternity.dk' level=None questions=None derived_from_id=None
  ℹ️  No screens translation found for 'procedure:cleaning-storage-and-housekeeping-_1728913386434', using original
Queuing procedure: res-procedure-cleaning-storage-and-housekeeping (Source: 'Cleaning, Storage and Housekeeping')
Using cached asset_id: e3b2fc0e7275427cbf54b8ba162a57e8
CACHED: Saved new asset_id '031b96ff81884e4fa765dd6bfb41c6a6' for path 'https://sdacms.blob.core.windows.net/content/assets/images/africa/icon/procedure/full_PPE.png'
CACHED: Saved new asset_id '1b90495cae61402db9a055b817daf294' for path 'https://sdacms.blob.core.windows.net/content/assets/images/africa/richtext/don’t_reuse_PPE.png'
Saved Markdown: /home/azureuser/test/content_migrator/data/temp_data/personal_protective_equipment_ppe_original.md
Saved Markdown: /home/azureuser/test/content_migrator/data/temp_data/personal_protective_equipment_ppe_adapted_africa.md
Saved Markdown: /home/azureuser/test/content_migrator/data/temp_data/personal_protective_equipment_ppe_translated_action_card.md
  📎 Linking 2 embedded asset(s) to markdown upload
Created action-card resource: title='Personal Protective Equipment (PPE)' description='Personal Protective Equipment (PPE)' icon='e3b2fc0e7275427cbf54b8ba162a57e8' content='057b3ba301eb44e8ac98b04dde46e8a4' language_id='7cf6efab-a9d7-54d2-2cbd-ec82efe4a7da' region='africa' content_type='original' created_by='natalia@maternity.dk' level=None questions=None derived_from_id=None
  📎 Linking 2 embedded asset(s) to markdown upload
Created action-card resource: title='Personal Protective Equipment (PPE)' description='Personal Protective Equipment (PPE)' icon='e3b2fc0e7275427cbf54b8ba162a57e8' content='7daf7c63b82a466891192c20b3449064' language_id='7cf6efab-a9d7-54d2-2cbd-ec82efe4a7da' region='africa' content_type='adapted' created_by='natalia@maternity.dk' level=None questions=None derived_from_id=None
  📎 Linking 2 embedded asset(s) to markdown upload
Created action-card resource: title='Personal Protective Equipment (PPE)' description='Personal Protective Equipment (PPE)' icon='e3b2fc0e7275427cbf54b8ba162a57e8' content='479db597406c4da4bb87bf2e650cc214' language_id='7cf6efab-a9d7-54d2-2cbd-ec82efe4a7da' region='africa' content_type='translated' created_by='natalia@maternity.dk' level=None questions=None derived_from_id=None
  ℹ️  No screens translation found for 'procedure:personal-protective-equipment-ppe-_1730102846148', using original
Queuing procedure: res-procedure-personal-protective-equipment-ppe (Source: 'Personal Protective Equipment (PPE)')
Using cached asset_id: 0bfc397a864e4e1a886f8856625b98cb
  ✓ Module icon uploaded for drugs: 0bfc397a...
Mapping language:   7cf6efab-a9d7-54d2-2cbd-ec82efe4a7da
  DEBUG: Found 8 drugs in module
  ✓ Drug inheriting module icon: 0bfc397a...
Saved Markdown: /home/azureuser/test/content_migrator/data/temp_data/ampicillin_original.md
Saved Markdown: /home/azureuser/test/content_migrator/data/temp_data/ampicillin_adapted_africa.md
Saved Markdown: /home/azureuser/test/content_migrator/data/temp_data/ampicillin_translated_action_card.md
Created action-card resource: title='Ampicillin' description='Ampicillin' icon='0bfc397a864e4e1a886f8856625b98cb' content='9d45ce64988e455e9d7c2b5fb4e553f5' language_id='7cf6efab-a9d7-54d2-2cbd-ec82efe4a7da' region='africa' content_type='original' created_by='nanna@maternity.dk' level=None questions=None derived_from_id=None
Created action-card resource: title='Ampicillin' description='Ampicillin' icon='0bfc397a864e4e1a886f8856625b98cb' content='53b43c92d5c8443f952780c772d8364a' language_id='7cf6efab-a9d7-54d2-2cbd-ec82efe4a7da' region='africa' content_type='adapted' created_by='nanna@maternity.dk' level=None questions=None derived_from_id=None
Created action-card resource: title='Ampicillin' description='Ampicillin' icon='0bfc397a864e4e1a886f8856625b98cb' content='63d97e3d45964ea48dce6d7ce0215f4e' language_id='7cf6efab-a9d7-54d2-2cbd-ec82efe4a7da' region='africa' content_type='translated' created_by='nanna@maternity.dk' level=None questions=None derived_from_id=None
  ℹ️  No screens translation found for 'drug:ampicillin_1486975748548', using original
Queuing drug: res-drug-ampicillin (Source: 'Ampicillin')
Overwriting previous queue for 'res-drug-ampicillin' with language-specific version (lang: 7cf6efab-a9d7-54d2-2cbd-ec82efe4a7da)
  ✓ Drug inheriting module icon: 0bfc397a...
Saved Markdown: /home/azureuser/test/content_migrator/data/temp_data/cefazolin_original.md
Saved Markdown: /home/azureuser/test/content_migrator/data/temp_data/cefazolin_adapted_africa.md
Saved Markdown: /home/azureuser/test/content_migrator/data/temp_data/cefazolin_translated_action_card.md
Created action-card resource: title='Cefazolin' description='Cefazolin' icon='0bfc397a864e4e1a886f8856625b98cb' content='f721b69da9954bc3b6d4c1f571ba6b38' language_id='7cf6efab-a9d7-54d2-2cbd-ec82efe4a7da' region='africa' content_type='original' created_by='nanna@maternity.dk' level=None questions=None derived_from_id=None
Created action-card resource: title='Cefazolin' description='Cefazolin' icon='0bfc397a864e4e1a886f8856625b98cb' content='a0676cc57dfc4be19ea83f19b8dde17e' language_id='7cf6efab-a9d7-54d2-2cbd-ec82efe4a7da' region='africa' content_type='adapted' created_by='nanna@maternity.dk' level=None questions=None derived_from_id=None
Created action-card resource: title='Cefazolin' description='Cefazolin' icon='0bfc397a864e4e1a886f8856625b98cb' content='cd41d42b3ccd424390da504962617802' language_id='7cf6efab-a9d7-54d2-2cbd-ec82efe4a7da' region='africa' content_type='translated' created_by='nanna@maternity.dk' level=None questions=None derived_from_id=None
  ℹ️  No screens translation found for 'drug:cefazolin_1527579628032', using original
Queuing drug: res-drug-cefazolin (Source: 'Cefazolin')
  ✓ Drug inheriting module icon: 0bfc397a...
Saved Markdown: /home/azureuser/test/content_migrator/data/temp_data/erythromycin_original.md
Saved Markdown: /home/azureuser/test/content_migrator/data/temp_data/erythromycin_adapted_africa.md
Saved Markdown: /home/azureuser/test/content_migrator/data/temp_data/erythromycin_translated_action_card.md
Created action-card resource: title='Erythromycin' description='Erythromycin' icon='0bfc397a864e4e1a886f8856625b98cb' content='bdccce82f27f4084a8e2338b61f0514c' language_id='7cf6efab-a9d7-54d2-2cbd-ec82efe4a7da' region='africa' content_type='original' created_by='nanna@maternity.dk' level=None questions=None derived_from_id=None
Created action-card resource: title='Erythromycin' description='Erythromycin' icon='0bfc397a864e4e1a886f8856625b98cb' content='61f78dc211874f708da340d5068c66e9' language_id='7cf6efab-a9d7-54d2-2cbd-ec82efe4a7da' region='africa' content_type='adapted' created_by='nanna@maternity.dk' level=None questions=None derived_from_id=None
Created action-card resource: title='Erythromycin' description='Erythromycin' icon='0bfc397a864e4e1a886f8856625b98cb' content='b80247b1bae143319e082630a4db4d44' language_id='7cf6efab-a9d7-54d2-2cbd-ec82efe4a7da' region='africa' content_type='translated' created_by='nanna@maternity.dk' level=None questions=None derived_from_id=None
  ℹ️  No screens translation found for 'drug:erythromycin_1487108669256', using original
Queuing drug: res-drug-erythromycin (Source: 'Erythromycin')
Overwriting previous queue for 'res-drug-erythromycin' with language-specific version (lang: 7cf6efab-a9d7-54d2-2cbd-ec82efe4a7da)
  ✓ Drug inheriting module icon: 0bfc397a...
Saved Markdown: /home/azureuser/test/content_migrator/data/temp_data/hepatitis_b_vaccine_hbv_original.md
Saved Markdown: /home/azureuser/test/content_migrator/data/temp_data/hepatitis_b_vaccine_hbv_adapted_africa.md
Saved Markdown: /home/azureuser/test/content_migrator/data/temp_data/hepatitis_b_vaccine_hbv_translated_action_card.md
Created action-card resource: title='Hepatitis B Vaccine (HBV)' description='Hepatitis B Vaccine (HBV)' icon='0bfc397a864e4e1a886f8856625b98cb' content='8ba6f4a56f7a446a85867364d0868241' language_id='7cf6efab-a9d7-54d2-2cbd-ec82efe4a7da' region='africa' content_type='original' created_by='nanna@maternity.dk' level=None questions=None derived_from_id=None
Created action-card resource: title='Hepatitis B Vaccine (HBV)' description='Hepatitis B Vaccine (HBV)' icon='0bfc397a864e4e1a886f8856625b98cb' content='5ac376a765014bc9846be4df6d5360c7' language_id='7cf6efab-a9d7-54d2-2cbd-ec82efe4a7da' region='africa' content_type='adapted' created_by='nanna@maternity.dk' level=None questions=None derived_from_id=None
Created action-card resource: title='Hepatitis B Vaccine (HBV)' description='Hepatitis B Vaccine (HBV)' icon='0bfc397a864e4e1a886f8856625b98cb' content='19fce7cea97b41bf963990dfc26b31d1' language_id='7cf6efab-a9d7-54d2-2cbd-ec82efe4a7da' region='africa' content_type='translated' created_by='nanna@maternity.dk' level=None questions=None derived_from_id=None
  ℹ️  No screens translation found for 'drug:hepatitis-b-vaccine-hbv-_1708343661372', using original
Queuing drug: res-drug-hepatitis-b-vaccine-hbv (Source: 'Hepatitis B Vaccine (HBV)')
Overwriting previous queue for 'res-drug-hepatitis-b-vaccine-hbv' with language-specific version (lang: 7cf6efab-a9d7-54d2-2cbd-ec82efe4a7da)
  ✓ Drug inheriting module icon: 0bfc397a...
Saved Markdown: /home/azureuser/test/content_migrator/data/temp_data/metronidazole_original.md
Saved Markdown: /home/azureuser/test/content_migrator/data/temp_data/metronidazole_adapted_africa.md
Saved Markdown: /home/azureuser/test/content_migrator/data/temp_data/metronidazole_translated_action_card.md
Created action-card resource: title='Metronidazole' description='Metronidazole' icon='0bfc397a864e4e1a886f8856625b98cb' content='d67ae6635d214e35b9285f517927baa5' language_id='7cf6efab-a9d7-54d2-2cbd-ec82efe4a7da' region='africa' content_type='original' created_by='nanna@maternity.dk' level=None questions=None derived_from_id=None
Created action-card resource: title='Metronidazole' description='Metronidazole' icon='0bfc397a864e4e1a886f8856625b98cb' content='6956f84da1774aef9d8a874ff22240ed' language_id='7cf6efab-a9d7-54d2-2cbd-ec82efe4a7da' region='africa' content_type='adapted' created_by='nanna@maternity.dk' level=None questions=None derived_from_id=None
Created action-card resource: title='Metronidazole' description='Metronidazole' icon='0bfc397a864e4e1a886f8856625b98cb' content='ce0ab987e2a243cd9bb710a573abeff3' language_id='7cf6efab-a9d7-54d2-2cbd-ec82efe4a7da' region='africa' content_type='translated' created_by='nanna@maternity.dk' level=None questions=None derived_from_id=None
  ℹ️  No screens translation found for 'drug:metronidazole_1487112262252', using original
Queuing drug: res-drug-metronidazole (Source: 'Metronidazole')
  ✓ Drug inheriting module icon: 0bfc397a...
Saved Markdown: /home/azureuser/test/content_migrator/data/temp_data/penicillin_g_benzylpenicillin_original.md
Saved Markdown: /home/azureuser/test/content_migrator/data/temp_data/penicillin_g_benzylpenicillin_adapted_africa.md
Saved Markdown: /home/azureuser/test/content_migrator/data/temp_data/penicillin_g_benzylpenicillin_translated_action_card.md
Created action-card resource: title='Penicillin G (Benzylpenicillin)' description='Penicillin G (Benzylpenicillin)' icon='0bfc397a864e4e1a886f8856625b98cb' content='ad52dbbfb06e45aab3330b8fcd0d8e0f' language_id='7cf6efab-a9d7-54d2-2cbd-ec82efe4a7da' region='africa' content_type='original' created_by='nanna@maternity.dk' level=None questions=None derived_from_id=None
Created action-card resource: title='Penicillin G (Benzylpenicillin)' description='Penicillin G (Benzylpenicillin)' icon='0bfc397a864e4e1a886f8856625b98cb' content='95bb15bce137440b8e74f1923eaebd2e' language_id='7cf6efab-a9d7-54d2-2cbd-ec82efe4a7da' region='africa' content_type='adapted' created_by='nanna@maternity.dk' level=None questions=None derived_from_id=None
Created action-card resource: title='Penicillin G (Benzylpenicillin)' description='Penicillin G (Benzylpenicillin)' icon='0bfc397a864e4e1a886f8856625b98cb' content='05a66b3b73c44cabab596cf2850bcf02' language_id='7cf6efab-a9d7-54d2-2cbd-ec82efe4a7da' region='africa' content_type='translated' created_by='nanna@maternity.dk' level=None questions=None derived_from_id=None
  ℹ️  No screens translation found for 'drug:penicillin-g-benzylpenicillin_1487157542019', using original
Queuing drug: res-drug-penicillin-g-benzylpenicillin (Source: 'Penicillin G (Benzylpenicillin)')
Overwriting previous queue for 'res-drug-penicillin-g-benzylpenicillin' with language-specific version (lang: 7cf6efab-a9d7-54d2-2cbd-ec82efe4a7da)
  ✓ Drug inheriting module icon: 0bfc397a...
Saved Markdown: /home/azureuser/test/content_migrator/data/temp_data/post_exposure_prophylaxis_pep_original.md
Saved Markdown: /home/azureuser/test/content_migrator/data/temp_data/post_exposure_prophylaxis_pep_adapted_africa.md
Saved Markdown: /home/azureuser/test/content_migrator/data/temp_data/post_exposure_prophylaxis_pep_translated_action_card.md
Created action-card resource: title='Post Exposure Prophylaxis - PEP' description='Post Exposure Prophylaxis - PEP' icon='0bfc397a864e4e1a886f8856625b98cb' content='9d2108b1b241430cb67d1cc1e9b580a4' language_id='7cf6efab-a9d7-54d2-2cbd-ec82efe4a7da' region='africa' content_type='original' created_by='nanna@maternity.dk' level=None questions=None derived_from_id=None
Created action-card resource: title='Post Exposure Prophylaxis - PEP' description='Post Exposure Prophylaxis - PEP' icon='0bfc397a864e4e1a886f8856625b98cb' content='d82e6d1b700147149edc1c383c31a280' language_id='7cf6efab-a9d7-54d2-2cbd-ec82efe4a7da' region='africa' content_type='adapted' created_by='nanna@maternity.dk' level=None questions=None derived_from_id=None
Created action-card resource: title='Post Exposure Prophylaxis - PEP' description='Post Exposure Prophylaxis - PEP' icon='0bfc397a864e4e1a886f8856625b98cb' content='803a151fb69f42fa9719297085fb0fb4' language_id='7cf6efab-a9d7-54d2-2cbd-ec82efe4a7da' region='africa' content_type='translated' created_by='nanna@maternity.dk' level=None questions=None derived_from_id=None
  ℹ️  No screens translation found for 'drug:post-exposure-prophylaxis---pep_1490708337530', using original
Queuing drug: res-drug-post-exposure-prophylaxis-pep (Source: 'Post Exposure Prophylaxis - PEP')
  ✓ Drug inheriting module icon: 0bfc397a...
Saved Markdown: /home/azureuser/test/content_migrator/data/temp_data/pre_exposure_prophylaxis_prep_original.md
Saved Markdown: /home/azureuser/test/content_migrator/data/temp_data/pre_exposure_prophylaxis_prep_adapted_africa.md
Saved Markdown: /home/azureuser/test/content_migrator/data/temp_data/pre_exposure_prophylaxis_prep_translated_action_card.md
Created action-card resource: title='Pre exposure prophylaxis - PrEP' description='Pre exposure prophylaxis - PrEP' icon='0bfc397a864e4e1a886f8856625b98cb' content='796846d584424af28bc2a10f631406e8' language_id='7cf6efab-a9d7-54d2-2cbd-ec82efe4a7da' region='africa' content_type='original' created_by='nanna@maternity.dk' level=None questions=None derived_from_id=None
Created action-card resource: title='Pre exposure prophylaxis - PrEP' description='Pre exposure prophylaxis - PrEP' icon='0bfc397a864e4e1a886f8856625b98cb' content='b60bd924fed048b6a1f8739c4838c27d' language_id='7cf6efab-a9d7-54d2-2cbd-ec82efe4a7da' region='africa' content_type='adapted' created_by='nanna@maternity.dk' level=None questions=None derived_from_id=None
Created action-card resource: title='Pre exposure prophylaxis - PrEP' description='Pre exposure prophylaxis - PrEP' icon='0bfc397a864e4e1a886f8856625b98cb' content='fcbae9d47b794de1b266f52e95d6462d' language_id='7cf6efab-a9d7-54d2-2cbd-ec82efe4a7da' region='africa' content_type='translated' created_by='nanna@maternity.dk' level=None questions=None derived_from_id=None
  ℹ️  No screens translation found for 'drug:pre-exposure-prophylaxis---prep_1701156889602', using original
Queuing drug: res-drug-pre-exposure-prophylaxis-prep (Source: 'Pre exposure prophylaxis - PrEP')
Overwriting previous queue for 'res-drug-pre-exposure-prophylaxis-prep' with language-specific version (lang: 7cf6efab-a9d7-54d2-2cbd-ec82efe4a7da)
Mapping language:   7cf6efab-a9d7-54d2-2cbd-ec82efe4a7da
  ℹ️  No key-learning-points document found for key 'prevent-infections_1497356424386' with langId='7cf6efab-a9d7-54d2-2cbd-ec82efe4a7da'.
  ℹ️  No keyLearningPoints document found for key 'prevent-infections_1497356424386' with langId='7cf6efab-a9d7-54d2-2cbd-ec82efe4a7da'.
  ⚠ SKIP: Localized KLP 'prevent-infections_1497356424386' not found in 7cf6efab-a9d7-54d2-2cbd-ec82efe4a7da.
  ℹ️  No key-learning-points document found for key 'use-alcohol-based-handrub_1497357082394' with langId='7cf6efab-a9d7-54d2-2cbd-ec82efe4a7da'.
  ℹ️  No keyLearningPoints document found for key 'use-alcohol-based-handrub_1497357082394' with langId='7cf6efab-a9d7-54d2-2cbd-ec82efe4a7da'.
  ⚠ SKIP: Localized KLP 'use-alcohol-based-handrub_1497357082394' not found in 7cf6efab-a9d7-54d2-2cbd-ec82efe4a7da.
  ℹ️  No key-learning-points document found for key 'soap-for-handwashing_1497357310306' with langId='7cf6efab-a9d7-54d2-2cbd-ec82efe4a7da'.
  ℹ️  No keyLearningPoints document found for key 'soap-for-handwashing_1497357310306' with langId='7cf6efab-a9d7-54d2-2cbd-ec82efe4a7da'.
  ⚠ SKIP: Localized KLP 'soap-for-handwashing_1497357310306' not found in 7cf6efab-a9d7-54d2-2cbd-ec82efe4a7da.
  ℹ️  No key-learning-points document found for key 'personal-protective-equipment_1497357545527' with langId='7cf6efab-a9d7-54d2-2cbd-ec82efe4a7da'.
  ℹ️  No keyLearningPoints document found for key 'personal-protective-equipment_1497357545527' with langId='7cf6efab-a9d7-54d2-2cbd-ec82efe4a7da'.
  ⚠ SKIP: Localized KLP 'personal-protective-equipment_1497357545527' not found in 7cf6efab-a9d7-54d2-2cbd-ec82efe4a7da.
  ℹ️  No key-learning-points document found for key 'gloves-for-different-patients_1497357682494' with langId='7cf6efab-a9d7-54d2-2cbd-ec82efe4a7da'.
  ℹ️  No keyLearningPoints document found for key 'gloves-for-different-patients_1497357682494' with langId='7cf6efab-a9d7-54d2-2cbd-ec82efe4a7da'.
  ⚠ SKIP: Localized KLP 'gloves-for-different-patients_1497357682494' not found in 7cf6efab-a9d7-54d2-2cbd-ec82efe4a7da.
  ℹ️  No key-learning-points document found for key 'soap-solution_1497357821040' with langId='7cf6efab-a9d7-54d2-2cbd-ec82efe4a7da'.
  ℹ️  No keyLearningPoints document found for key 'soap-solution_1497357821040' with langId='7cf6efab-a9d7-54d2-2cbd-ec82efe4a7da'.
  ⚠ SKIP: Localized KLP 'soap-solution_1497357821040' not found in 7cf6efab-a9d7-54d2-2cbd-ec82efe4a7da.
  ℹ️  No key-learning-points document found for key 'package-of-sterile-items_1497358040371' with langId='7cf6efab-a9d7-54d2-2cbd-ec82efe4a7da'.
  ℹ️  No keyLearningPoints document found for key 'package-of-sterile-items_1497358040371' with langId='7cf6efab-a9d7-54d2-2cbd-ec82efe4a7da'.
  ⚠ SKIP: Localized KLP 'package-of-sterile-items_1497358040371' not found in 7cf6efab-a9d7-54d2-2cbd-ec82efe4a7da.
  ℹ️  No key-learning-points document found for key 'storage-of-sterile-items_1497358161852' with langId='7cf6efab-a9d7-54d2-2cbd-ec82efe4a7da'.
  ℹ️  No keyLearningPoints document found for key 'storage-of-sterile-items_1497358161852' with langId='7cf6efab-a9d7-54d2-2cbd-ec82efe4a7da'.
  ⚠ SKIP: Localized KLP 'storage-of-sterile-items_1497358161852' not found in 7cf6efab-a9d7-54d2-2cbd-ec82efe4a7da.
  ℹ️  No key-learning-points document found for key 'cleaning-and-delivery-bed_1497358695244' with langId='7cf6efab-a9d7-54d2-2cbd-ec82efe4a7da'.
  ℹ️  No keyLearningPoints document found for key 'cleaning-and-delivery-bed_1497358695244' with langId='7cf6efab-a9d7-54d2-2cbd-ec82efe4a7da'.
  ⚠ SKIP: Localized KLP 'cleaning-and-delivery-bed_1497358695244' not found in 7cf6efab-a9d7-54d2-2cbd-ec82efe4a7da.
Using cached asset_id: e48f96a5bb504f18865062f6ebeaaeeb
  ✓ KLP question 1 icon uploaded: e48f96a5...
  ℹ️  No screens translation found for 'key-learning-point:recommended-vaccination_1497358858644'
Queued KLP to klps.csv: klp-1-recommended-vaccination
  ℹ️  No key-learning-points document found for key 'infection-and-germs_1498122575522' with langId='7cf6efab-a9d7-54d2-2cbd-ec82efe4a7da'.
  ℹ️  No keyLearningPoints document found for key 'infection-and-germs_1498122575522' with langId='7cf6efab-a9d7-54d2-2cbd-ec82efe4a7da'.
  ⚠ SKIP: Localized KLP 'infection-and-germs_1498122575522' not found in 7cf6efab-a9d7-54d2-2cbd-ec82efe4a7da.
  ℹ️  No key-learning-points document found for key 'healthcare-workers-hands_1498122780668' with langId='7cf6efab-a9d7-54d2-2cbd-ec82efe4a7da'.
  ℹ️  No keyLearningPoints document found for key 'healthcare-workers-hands_1498122780668' with langId='7cf6efab-a9d7-54d2-2cbd-ec82efe4a7da'.
  ⚠ SKIP: Localized KLP 'healthcare-workers-hands_1498122780668' not found in 7cf6efab-a9d7-54d2-2cbd-ec82efe4a7da.
  ℹ️  No key-learning-points document found for key 'alcohol-most-effective_1498123474560' with langId='7cf6efab-a9d7-54d2-2cbd-ec82efe4a7da'.
  ℹ️  No keyLearningPoints document found for key 'alcohol-most-effective_1498123474560' with langId='7cf6efab-a9d7-54d2-2cbd-ec82efe4a7da'.
  ⚠ SKIP: Localized KLP 'alcohol-most-effective_1498123474560' not found in 7cf6efab-a9d7-54d2-2cbd-ec82efe4a7da.
  ℹ️  No key-learning-points document found for key 'no-jewellery-on-hands_1498129645819' with langId='7cf6efab-a9d7-54d2-2cbd-ec82efe4a7da'.
  ℹ️  No keyLearningPoints document found for key 'no-jewellery-on-hands_1498129645819' with langId='7cf6efab-a9d7-54d2-2cbd-ec82efe4a7da'.
  ⚠ SKIP: Localized KLP 'no-jewellery-on-hands_1498129645819' not found in 7cf6efab-a9d7-54d2-2cbd-ec82efe4a7da.
  ℹ️  No key-learning-points document found for key 'towel_1498130033393' with langId='7cf6efab-a9d7-54d2-2cbd-ec82efe4a7da'.
  ℹ️  No keyLearningPoints document found for key 'towel_1498130033393' with langId='7cf6efab-a9d7-54d2-2cbd-ec82efe4a7da'.
  ⚠ SKIP: Localized KLP 'towel_1498130033393' not found in 7cf6efab-a9d7-54d2-2cbd-ec82efe4a7da.
  ℹ️  No key-learning-points document found for key 'when-hand-hygiene_1498130470830' with langId='7cf6efab-a9d7-54d2-2cbd-ec82efe4a7da'.
  ℹ️  No keyLearningPoints document found for key 'when-hand-hygiene_1498130470830' with langId='7cf6efab-a9d7-54d2-2cbd-ec82efe4a7da'.
  ⚠ SKIP: Localized KLP 'when-hand-hygiene_1498130470830' not found in 7cf6efab-a9d7-54d2-2cbd-ec82efe4a7da.
  ℹ️  No key-learning-points document found for key 'order-of-cleaning-and-storage_1498131043643' with langId='7cf6efab-a9d7-54d2-2cbd-ec82efe4a7da'.
  ℹ️  No keyLearningPoints document found for key 'order-of-cleaning-and-storage_1498131043643' with langId='7cf6efab-a9d7-54d2-2cbd-ec82efe4a7da'.
  ⚠ SKIP: Localized KLP 'order-of-cleaning-and-storage_1498131043643' not found in 7cf6efab-a9d7-54d2-2cbd-ec82efe4a7da.
  ℹ️  No key-learning-points document found for key 'disinfection-solution_1498131845883' with langId='7cf6efab-a9d7-54d2-2cbd-ec82efe4a7da'.
  ℹ️  No keyLearningPoints document found for key 'disinfection-solution_1498131845883' with langId='7cf6efab-a9d7-54d2-2cbd-ec82efe4a7da'.
  ⚠ SKIP: Localized KLP 'disinfection-solution_1498131845883' not found in 7cf6efab-a9d7-54d2-2cbd-ec82efe4a7da.
  ℹ️  No key-learning-points document found for key 'spread-of-hiv-and-hep-b_1498132068449' with langId='7cf6efab-a9d7-54d2-2cbd-ec82efe4a7da'.
  ℹ️  No keyLearningPoints document found for key 'spread-of-hiv-and-hep-b_1498132068449' with langId='7cf6efab-a9d7-54d2-2cbd-ec82efe4a7da'.
  ⚠ SKIP: Localized KLP 'spread-of-hiv-and-hep-b_1498132068449' not found in 7cf6efab-a9d7-54d2-2cbd-ec82efe4a7da.
  ℹ️  No key-learning-points document found for key 'procedure-for-handwashing_1498466869003' with langId='7cf6efab-a9d7-54d2-2cbd-ec82efe4a7da'.
  ℹ️  No keyLearningPoints document found for key 'procedure-for-handwashing_1498466869003' with langId='7cf6efab-a9d7-54d2-2cbd-ec82efe4a7da'.
  ⚠ SKIP: Localized KLP 'procedure-for-handwashing_1498466869003' not found in 7cf6efab-a9d7-54d2-2cbd-ec82efe4a7da.
  ℹ️  No key-learning-points document found for key 'amount-of-handrub_1498468033321' with langId='7cf6efab-a9d7-54d2-2cbd-ec82efe4a7da'.
  ℹ️  No keyLearningPoints document found for key 'amount-of-handrub_1498468033321' with langId='7cf6efab-a9d7-54d2-2cbd-ec82efe4a7da'.
  ⚠ SKIP: Localized KLP 'amount-of-handrub_1498468033321' not found in 7cf6efab-a9d7-54d2-2cbd-ec82efe4a7da.
  ℹ️  No key-learning-points document found for key 'label-of-alcohol-based-handrub_1498468847400' with langId='7cf6efab-a9d7-54d2-2cbd-ec82efe4a7da'.
  ℹ️  No keyLearningPoints document found for key 'label-of-alcohol-based-handrub_1498468847400' with langId='7cf6efab-a9d7-54d2-2cbd-ec82efe4a7da'.
  ⚠ SKIP: Localized KLP 'label-of-alcohol-based-handrub_1498468847400' not found in 7cf6efab-a9d7-54d2-2cbd-ec82efe4a7da.
  ℹ️  No key-learning-points document found for key 'removing-gloves_1498469162217' with langId='7cf6efab-a9d7-54d2-2cbd-ec82efe4a7da'.
  ℹ️  No keyLearningPoints document found for key 'removing-gloves_1498469162217' with langId='7cf6efab-a9d7-54d2-2cbd-ec82efe4a7da'.
  ⚠ SKIP: Localized KLP 'removing-gloves_1498469162217' not found in 7cf6efab-a9d7-54d2-2cbd-ec82efe4a7da.
  ℹ️  No key-learning-points document found for key 'gloves-for-birth_1498469312963' with langId='7cf6efab-a9d7-54d2-2cbd-ec82efe4a7da'.
  ℹ️  No keyLearningPoints document found for key 'gloves-for-birth_1498469312963' with langId='7cf6efab-a9d7-54d2-2cbd-ec82efe4a7da'.
  ⚠ SKIP: Localized KLP 'gloves-for-birth_1498469312963' not found in 7cf6efab-a9d7-54d2-2cbd-ec82efe4a7da.
  ℹ️  No key-learning-points document found for key 'high-risk-area_1498469624522' with langId='7cf6efab-a9d7-54d2-2cbd-ec82efe4a7da'.
  ℹ️  No keyLearningPoints document found for key 'high-risk-area_1498469624522' with langId='7cf6efab-a9d7-54d2-2cbd-ec82efe4a7da'.
  ⚠ SKIP: Localized KLP 'high-risk-area_1498469624522' not found in 7cf6efab-a9d7-54d2-2cbd-ec82efe4a7da.
  ℹ️  No key-learning-points document found for key 'soap-wet-container_1504268064997' with langId='7cf6efab-a9d7-54d2-2cbd-ec82efe4a7da'.
  ℹ️  No keyLearningPoints document found for key 'soap-wet-container_1504268064997' with langId='7cf6efab-a9d7-54d2-2cbd-ec82efe4a7da'.
  ⚠ SKIP: Localized KLP 'soap-wet-container_1504268064997' not found in 7cf6efab-a9d7-54d2-2cbd-ec82efe4a7da.
  ℹ️  No key-learning-points document found for key 'product-in-alcohol-based-handrub-2_1511791111025' with langId='7cf6efab-a9d7-54d2-2cbd-ec82efe4a7da'.
  ℹ️  No keyLearningPoints document found for key 'product-in-alcohol-based-handrub-2_1511791111025' with langId='7cf6efab-a9d7-54d2-2cbd-ec82efe4a7da'.
  ⚠ SKIP: Localized KLP 'product-in-alcohol-based-handrub-2_1511791111025' not found in 7cf6efab-a9d7-54d2-2cbd-ec82efe4a7da.
  ℹ️  No key-learning-points document found for key 'labor-and-birth-infections-_1729780056378' with langId='7cf6efab-a9d7-54d2-2cbd-ec82efe4a7da'.
  ℹ️  No keyLearningPoints document found for key 'labor-and-birth-infections-_1729780056378' with langId='7cf6efab-a9d7-54d2-2cbd-ec82efe4a7da'.
  ⚠ SKIP: Localized KLP 'labor-and-birth-infections-_1729780056378' not found in 7cf6efab-a9d7-54d2-2cbd-ec82efe4a7da.
  ℹ️  No key-learning-points document found for key 'disability-caused-by-infections-_1729780468049' with langId='7cf6efab-a9d7-54d2-2cbd-ec82efe4a7da'.
  ℹ️  No keyLearningPoints document found for key 'disability-caused-by-infections-_1729780468049' with langId='7cf6efab-a9d7-54d2-2cbd-ec82efe4a7da'.
  ⚠ SKIP: Localized KLP 'disability-caused-by-infections-_1729780468049' not found in 7cf6efab-a9d7-54d2-2cbd-ec82efe4a7da.
  ℹ️  No key-learning-points document found for key 'respiratory-infections-_1729780688489' with langId='7cf6efab-a9d7-54d2-2cbd-ec82efe4a7da'.
  ℹ️  No keyLearningPoints document found for key 'respiratory-infections-_1729780688489' with langId='7cf6efab-a9d7-54d2-2cbd-ec82efe4a7da'.
  ⚠ SKIP: Localized KLP 'respiratory-infections-_1729780688489' not found in 7cf6efab-a9d7-54d2-2cbd-ec82efe4a7da.
  ℹ️  No key-learning-points document found for key 'injection-safety-_1729781144547' with langId='7cf6efab-a9d7-54d2-2cbd-ec82efe4a7da'.
  ℹ️  No keyLearningPoints document found for key 'injection-safety-_1729781144547' with langId='7cf6efab-a9d7-54d2-2cbd-ec82efe4a7da'.
  ⚠ SKIP: Localized KLP 'injection-safety-_1729781144547' not found in 7cf6efab-a9d7-54d2-2cbd-ec82efe4a7da.
  ℹ️  No key-learning-points document found for key 'antibiotic-administration-is-recommended-for-women-with-_1729781683834' with langId='7cf6efab-a9d7-54d2-2cbd-ec82efe4a7da'.
  ℹ️  No keyLearningPoints document found for key 'antibiotic-administration-is-recommended-for-women-with-_1729781683834' with langId='7cf6efab-a9d7-54d2-2cbd-ec82efe4a7da'.
  ⚠ SKIP: Localized KLP 'antibiotic-administration-is-recommended-for-women-with-_1729781683834' not found in 7cf6efab-a9d7-54d2-2cbd-ec82efe4a7da.
  ℹ️  No key-learning-points document found for key 'direct-pregnancy-related-infections-_1729782369794' with langId='7cf6efab-a9d7-54d2-2cbd-ec82efe4a7da'.
  ℹ️  No keyLearningPoints document found for key 'direct-pregnancy-related-infections-_1729782369794' with langId='7cf6efab-a9d7-54d2-2cbd-ec82efe4a7da'.
  ⚠ SKIP: Localized KLP 'direct-pregnancy-related-infections-_1729782369794' not found in 7cf6efab-a9d7-54d2-2cbd-ec82efe4a7da.
  ℹ️  No key-learning-points document found for key 'five-steps-to-infection-prevention-_1729783855283' with langId='7cf6efab-a9d7-54d2-2cbd-ec82efe4a7da'.
  ℹ️  No keyLearningPoints document found for key 'five-steps-to-infection-prevention-_1729783855283' with langId='7cf6efab-a9d7-54d2-2cbd-ec82efe4a7da'.
  ⚠ SKIP: Localized KLP 'five-steps-to-infection-prevention-_1729783855283' not found in 7cf6efab-a9d7-54d2-2cbd-ec82efe4a7da.
  ℹ️  No key-learning-points document found for key 'ppe-_1729784487848' with langId='7cf6efab-a9d7-54d2-2cbd-ec82efe4a7da'.
  ℹ️  No keyLearningPoints document found for key 'ppe-_1729784487848' with langId='7cf6efab-a9d7-54d2-2cbd-ec82efe4a7da'.
  ⚠ SKIP: Localized KLP 'ppe-_1729784487848' not found in 7cf6efab-a9d7-54d2-2cbd-ec82efe4a7da.
  ℹ️  No key-learning-points document found for key 'action-if-exposed_1498469888180' with langId='7cf6efab-a9d7-54d2-2cbd-ec82efe4a7da'.
  ℹ️  No keyLearningPoints document found for key 'action-if-exposed_1498469888180' with langId='7cf6efab-a9d7-54d2-2cbd-ec82efe4a7da'.
  ⚠ SKIP: Localized KLP 'action-if-exposed_1498469888180' not found in 7cf6efab-a9d7-54d2-2cbd-ec82efe4a7da.
  Step 2: Queuing module payload with resource slugs...
Using cached asset_id: 0bfc397a864e4e1a886f8856625b98cb
Skipping previously failed asset: https://sdacms.blob.core.windows.net/content/assets/videos/english%20WHO/Infection%20prevention/intro_WHO.mp4
Warning: Failed to process video asset: /english WHO/Infection prevention/intro_WHO
Skipping previously failed asset: https://sdacms.blob.core.windows.net/content/assets/videos/english%20WHO/Infection%20prevention/hand_hygiene_WHO.mp4
Warning: Failed to process video asset: /english WHO/Infection prevention/hand_hygiene_WHO
Skipping previously failed asset: https://sdacms.blob.core.windows.net/content/assets/videos/english%20WHO/Infection%20prevention/personal_protective_equipment_WHO.mp4
Warning: Failed to process video asset: /english WHO/Infection prevention/personal_protective_equipment_WHO
Skipping previously failed asset: https://sdacms.blob.core.windows.net/content/assets/videos/english%20WHO/Infection%20prevention/injection_safety_WHO.mp4
Warning: Failed to process video asset: /english WHO/Infection prevention/injection_safety_WHO
Skipping previously failed asset: https://sdacms.blob.core.windows.net/content/assets/videos/english%20WHO/Infection%20prevention/maternal_infections_WHO.mp4
Warning: Failed to process video asset: /english WHO/Infection prevention/maternal_infections_WHO
Skipping previously failed asset: https://sdacms.blob.core.windows.net/content/assets/videos/english%20WHO/Infection%20prevention/respiratory_infections_WHO.mp4
Warning: Failed to process video asset: /english WHO/Infection prevention/respiratory_infections_WHO
Skipping previously failed asset: https://sdacms.blob.core.windows.net/content/assets/videos/english%20WHO/Infection%20prevention/hiv_hepatitis_b_prevention_WHO.mp4
Warning: Failed to process video asset: /english WHO/Infection prevention/hiv_hepatitis_b_prevention_WHO
  → Using bundle description fallback for translated module
  → Queued module 'Infection Prevention' -> /home/azureuser/test/content_migrator/data/processed_data/modules.csv
  → Found English title from Cosmos (key='safe-abortion_1644479689460'): 'Safe Abortion'
[ModuleMigrator] Using Cosmos doc resource lists for TRANSLATED module 'safe-abortion_1644479689460' (lang: 7cf6efab-a9d7-54d2-2cbd-ec82efe4a7da)
  actionCards: 12 keys
  procedures: 3 keys
  drugs: 14 keys
  keyLearningPoints: 36 keys
  videos: 6 keys
  ⚠ STRUCTURAL VIOLATION: Global identity document not found in Cosmos for localized module 'safe-abortion'. Proceeding with placeholder title: Safe Abortion
  Step 1: Preparing module resources (queue)...
Loaded 511 existing resource mappings
Mapping language:   7cf6efab-a9d7-54d2-2cbd-ec82efe4a7da
  DEBUG: Found 6 videos in module
Downloading video asset from https://sdacms.blob.core.windows.net/content/assets/videos/english%20WHO/Safe%20abortion%20care/intro.mp4
Error downloading video asset https://sdacms.blob.core.windows.net/content/assets/videos/english%20WHO/Safe%20abortion%20care/intro.mp4: 404 Client Error: The specified blob does not exist. for url: https://sdacms.blob.core.windows.net/content/assets/videos/english%20WHO/Safe%20abortion%20care/intro.mp4
Video icon URL: english%20WHO/Safe%20abortion%20care/intro
Video icon URL: english%20WHO/Safe%20abortion%20care/intro
Downloading video_icon asset from https://sdacms.blob.core.windows.net/content/assets/videos/english%20WHO/Safe%20abortion%20care/intro.png
Error downloading video_icon asset https://sdacms.blob.core.windows.net/content/assets/videos/english%20WHO/Safe%20abortion%20care/intro.png: 404 Client Error: The specified blob does not exist. for url: https://sdacms.blob.core.windows.net/content/assets/videos/english%20WHO/Safe%20abortion%20care/intro.png
Skipping video '/english WHO/Safe abortion care/intro' - missing asset upload
Downloading video asset from https://sdacms.blob.core.windows.net/content/assets/videos/english%20WHO/Safe%20abortion%20care/pre_abortion_care.mp4
Error downloading video asset https://sdacms.blob.core.windows.net/content/assets/videos/english%20WHO/Safe%20abortion%20care/pre_abortion_care.mp4: 404 Client Error: The specified blob does not exist. for url: https://sdacms.blob.core.windows.net/content/assets/videos/english%20WHO/Safe%20abortion%20care/pre_abortion_care.mp4
Video icon URL: english%20WHO/Safe%20abortion%20care/pre_abortion_care
Video icon URL: english%20WHO/Safe%20abortion%20care/pre_abortion_care
Downloading video_icon asset from https://sdacms.blob.core.windows.net/content/assets/videos/english%20WHO/Safe%20abortion%20care/pre_abortion_care.png
Error downloading video_icon asset https://sdacms.blob.core.windows.net/content/assets/videos/english%20WHO/Safe%20abortion%20care/pre_abortion_care.png: 404 Client Error: The specified blob does not exist. for url: https://sdacms.blob.core.windows.net/content/assets/videos/english%20WHO/Safe%20abortion%20care/pre_abortion_care.png
Skipping video '/english WHO/Safe abortion care/pre_abortion_care' - missing asset upload
Downloading video asset from https://sdacms.blob.core.windows.net/content/assets/videos/english%20WHO/Safe%20abortion%20care/medical_abortion.mp4
Error downloading video asset https://sdacms.blob.core.windows.net/content/assets/videos/english%20WHO/Safe%20abortion%20care/medical_abortion.mp4: 404 Client Error: The specified blob does not exist. for url: https://sdacms.blob.core.windows.net/content/assets/videos/english%20WHO/Safe%20abortion%20care/medical_abortion.mp4
Video icon URL: english%20WHO/Safe%20abortion%20care/medical_abortion
Video icon URL: english%20WHO/Safe%20abortion%20care/medical_abortion
Downloading video_icon asset from https://sdacms.blob.core.windows.net/content/assets/videos/english%20WHO/Safe%20abortion%20care/medical_abortion.png
Error downloading video_icon asset https://sdacms.blob.core.windows.net/content/assets/videos/english%20WHO/Safe%20abortion%20care/medical_abortion.png: 404 Client Error: The specified blob does not exist. for url: https://sdacms.blob.core.windows.net/content/assets/videos/english%20WHO/Safe%20abortion%20care/medical_abortion.png
Skipping video '/english WHO/Safe abortion care/medical_abortion' - missing asset upload
Downloading video asset from https://sdacms.blob.core.windows.net/content/assets/videos/english%20WHO/Safe%20abortion%20care/surgical_abortion.mp4
Error downloading video asset https://sdacms.blob.core.windows.net/content/assets/videos/english%20WHO/Safe%20abortion%20care/surgical_abortion.mp4: 404 Client Error: The specified blob does not exist. for url: https://sdacms.blob.core.windows.net/content/assets/videos/english%20WHO/Safe%20abortion%20care/surgical_abortion.mp4
Video icon URL: english%20WHO/Safe%20abortion%20care/surgical_abortion
Video icon URL: english%20WHO/Safe%20abortion%20care/surgical_abortion
Downloading video_icon asset from https://sdacms.blob.core.windows.net/content/assets/videos/english%20WHO/Safe%20abortion%20care/surgical_abortion.png
Error downloading video_icon asset https://sdacms.blob.core.windows.net/content/assets/videos/english%20WHO/Safe%20abortion%20care/surgical_abortion.png: 404 Client Error: The specified blob does not exist. for url: https://sdacms.blob.core.windows.net/content/assets/videos/english%20WHO/Safe%20abortion%20care/surgical_abortion.png
Skipping video '/english WHO/Safe abortion care/surgical_abortion' - missing asset upload
Downloading video asset from https://sdacms.blob.core.windows.net/content/assets/videos/english%20WHO/Safe%20abortion%20care/abortion_complication.mp4
Error downloading video asset https://sdacms.blob.core.windows.net/content/assets/videos/english%20WHO/Safe%20abortion%20care/abortion_complication.mp4: 404 Client Error: The specified blob does not exist. for url: https://sdacms.blob.core.windows.net/content/assets/videos/english%20WHO/Safe%20abortion%20care/abortion_complication.mp4
Video icon URL: english%20WHO/Safe%20abortion%20care/abortion_complication
Video icon URL: english%20WHO/Safe%20abortion%20care/abortion_complication
Downloading video_icon asset from https://sdacms.blob.core.windows.net/content/assets/videos/english%20WHO/Safe%20abortion%20care/abortion_complication.png
Error downloading video_icon asset https://sdacms.blob.core.windows.net/content/assets/videos/english%20WHO/Safe%20abortion%20care/abortion_complication.png: 404 Client Error: The specified blob does not exist. for url: https://sdacms.blob.core.windows.net/content/assets/videos/english%20WHO/Safe%20abortion%20care/abortion_complication.png
Skipping video '/english WHO/Safe abortion care/abortion_complication' - missing asset upload
Downloading video asset from https://sdacms.blob.core.windows.net/content/assets/videos/english%20WHO/Safe%20abortion%20care/before_discharge.mp4
Error downloading video asset https://sdacms.blob.core.windows.net/content/assets/videos/english%20WHO/Safe%20abortion%20care/before_discharge.mp4: 404 Client Error: The specified blob does not exist. for url: https://sdacms.blob.core.windows.net/content/assets/videos/english%20WHO/Safe%20abortion%20care/before_discharge.mp4
Video icon URL: english%20WHO/Safe%20abortion%20care/before_discharge
Video icon URL: english%20WHO/Safe%20abortion%20care/before_discharge
Downloading video_icon asset from https://sdacms.blob.core.windows.net/content/assets/videos/english%20WHO/Safe%20abortion%20care/before_discharge.png
Error downloading video_icon asset https://sdacms.blob.core.windows.net/content/assets/videos/english%20WHO/Safe%20abortion%20care/before_discharge.png: 404 Client Error: The specified blob does not exist. for url: https://sdacms.blob.core.windows.net/content/assets/videos/english%20WHO/Safe%20abortion%20care/before_discharge.png
Skipping video '/english WHO/Safe abortion care/before_discharge' - missing asset upload
  DEBUG: Found 12 action cards in module
Mapping language:   7cf6efab-a9d7-54d2-2cbd-ec82efe4a7da
Using cached asset_id: ac47f94169a9474fb6f4f5ab9a5c130a
Saved Markdown: /home/azureuser/test/content_migrator/data/temp_data/abortion_counselling_original.md
Saved Markdown: /home/azureuser/test/content_migrator/data/temp_data/abortion_counselling_adapted_africa.md
Saved Markdown: /home/azureuser/test/content_migrator/data/temp_data/abortion_counselling_translated_action_card.md
  📎 Linking 1 embedded asset(s) to markdown upload
Created action-card resource: title='Abortion counselling' description='Abortion counselling' icon='ac47f94169a9474fb6f4f5ab9a5c130a' content='008b9969cc6a41c690f5e5a7cd41e294' language_id='7cf6efab-a9d7-54d2-2cbd-ec82efe4a7da' region='africa' content_type='original' created_by='natalia@maternity.dk' level=None questions=None derived_from_id=None
  📎 Linking 1 embedded asset(s) to markdown upload
Created action-card resource: title='Abortion counselling' description='Abortion counselling' icon='ac47f94169a9474fb6f4f5ab9a5c130a' content='0aa88f2ea5444944887cce4cb814bf00' language_id='7cf6efab-a9d7-54d2-2cbd-ec82efe4a7da' region='africa' content_type='adapted' created_by='natalia@maternity.dk' level=None questions=None derived_from_id=None
  📎 Linking 1 embedded asset(s) to markdown upload
Created action-card resource: title='Abortion counselling' description='Abortion counselling' icon='ac47f94169a9474fb6f4f5ab9a5c130a' content='70be183e03f146d08471149c3a25cf9b' language_id='7cf6efab-a9d7-54d2-2cbd-ec82efe4a7da' region='africa' content_type='translated' created_by='natalia@maternity.dk' level=None questions=None derived_from_id=None
  ℹ️  No screens translation found for 'action-card:abortion-counselling_1645532658170', using original
Queuing action-card: res-action-card-abortion-counselling (Source: 'Abortion counselling')
Mapping language:   7cf6efab-a9d7-54d2-2cbd-ec82efe4a7da
Using cached asset_id: c56f5b0206e34f0094fdac800d2d303f
CACHED: Saved new asset_id '1255506a12a447399719f913742ceb0a' for path 'https://sdacms.blob.core.windows.net/content/assets/images/africa/richtext/pre_abortion_care_the_initial_assessment.png'
Saved Markdown: /home/azureuser/test/content_migrator/data/temp_data/pre_abortion_care_the_initial_assessment_original.md
Saved Markdown: /home/azureuser/test/content_migrator/data/temp_data/pre_abortion_care_the_initial_assessment_adapted_africa.md
Saved Markdown: /home/azureuser/test/content_migrator/data/temp_data/pre_abortion_care_the_initial_assessment_translated_action_card.md
  📎 Linking 1 embedded asset(s) to markdown upload
Created action-card resource: title='Pre-abortion care: the initial assessment' description='Pre-abortion care: the initial assessment' icon='c56f5b0206e34f0094fdac800d2d303f' content='35003408288548aba6d9cf03a070b648' language_id='7cf6efab-a9d7-54d2-2cbd-ec82efe4a7da' region='africa' content_type='original' created_by='natalia@maternity.dk' level=None questions=None derived_from_id=None
  📎 Linking 1 embedded asset(s) to markdown upload
Created action-card resource: title='Pre-abortion care: the initial assessment' description='Pre-abortion care: the initial assessment' icon='c56f5b0206e34f0094fdac800d2d303f' content='62782e4294f043f591ff5e54aa90310e' language_id='7cf6efab-a9d7-54d2-2cbd-ec82efe4a7da' region='africa' content_type='adapted' created_by='natalia@maternity.dk' level=None questions=None derived_from_id=None
  📎 Linking 1 embedded asset(s) to markdown upload
Created action-card resource: title='Pre-abortion care: the initial assessment' description='Pre-abortion care: the initial assessment' icon='c56f5b0206e34f0094fdac800d2d303f' content='66aa982decab42aaa29317f87704fa82' language_id='7cf6efab-a9d7-54d2-2cbd-ec82efe4a7da' region='africa' content_type='translated' created_by='natalia@maternity.dk' level=None questions=None derived_from_id=None
  ℹ️  No screens translation found for 'action-card:pre-abortion-care-the-initial-assessment_1645526626190', using original
Queuing action-card: res-action-card-pre-abortion-care-the-initial-assessment (Source: 'Pre-abortion care: the initial assessment')
  ⚠ SKIP: Localized action card 'laboratory-tests_1645526831430' not found in 7cf6efab-a9d7-54d2-2cbd-ec82efe4a7da.
Mapping language:   7cf6efab-a9d7-54d2-2cbd-ec82efe4a7da
Using cached asset_id: b933bb7589bf4584a41a17005ee7396f
CACHED: Saved new asset_id 'b0bccf4280da47668bdd1dcb20691bf1' for path 'https://sdacms.blob.core.windows.net/content/assets/images/africa/richtext/hormonal_methods.png'
CACHED: Saved new asset_id '80420b28af6d4440ae0eaf4786ce8e1e' for path 'https://sdacms.blob.core.windows.net/content/assets/images/africa/richtext/IUD.png'
CACHED: Saved new asset_id '7b53b659a1a049999adac89245ac430e' for path 'https://sdacms.blob.core.windows.net/content/assets/images/africa/richtext/cervical_cap.png'
CACHED: Saved new asset_id '9ffa2ce5328d4a1b9dc436a35077ce04' for path 'https://sdacms.blob.core.windows.net/content/assets/images/africa/richtext/fertility_awareness_based_methods.png'
Saved Markdown: /home/azureuser/test/content_migrator/data/temp_data/contraception_following_abortion_original.md
Saved Markdown: /home/azureuser/test/content_migrator/data/temp_data/contraception_following_abortion_adapted_africa.md
Saved Markdown: /home/azureuser/test/content_migrator/data/temp_data/contraception_following_abortion_translated_action_card.md
  📎 Linking 4 embedded asset(s) to markdown upload
Created action-card resource: title='Contraception following abortion' description='Contraception following abortion' icon='b933bb7589bf4584a41a17005ee7396f' content='29bb7f0190e343cdba2fbe9ea2735cca' language_id='7cf6efab-a9d7-54d2-2cbd-ec82efe4a7da' region='africa' content_type='original' created_by='natalia@maternity.dk' level=None questions=None derived_from_id=None
  📎 Linking 4 embedded asset(s) to markdown upload
Created action-card resource: title='Contraception following abortion' description='Contraception following abortion' icon='b933bb7589bf4584a41a17005ee7396f' content='a3884f71387f4261bd79b36d5a336ba2' language_id='7cf6efab-a9d7-54d2-2cbd-ec82efe4a7da' region='africa' content_type='adapted' created_by='natalia@maternity.dk' level=None questions=None derived_from_id=None
  📎 Linking 4 embedded asset(s) to markdown upload
Created action-card resource: title='Contraception following abortion' description='Contraception following abortion' icon='b933bb7589bf4584a41a17005ee7396f' content='69ade60fb8e24214abb1f31deb138341' language_id='7cf6efab-a9d7-54d2-2cbd-ec82efe4a7da' region='africa' content_type='translated' created_by='natalia@maternity.dk' level=None questions=None derived_from_id=None
  ℹ️  No screens translation found for 'action-card:contraception-following-abortion_1645526482433', using original
Queuing action-card: res-action-card-contraception-following-abortion (Source: 'Contraception following abortion')
  ⚠ SKIP: Localized action card 'cervical-preparation-before-surgical-abortion_1645526533858' not found in 7cf6efab-a9d7-54d2-2cbd-ec82efe4a7da.
Mapping language:   7cf6efab-a9d7-54d2-2cbd-ec82efe4a7da
Using cached asset_id: badf4c48b4744040a664df71c07ed603
CACHED: Saved new asset_id '7cc745f69087461381a744e5d76840c0' for path 'https://sdacms.blob.core.windows.net/content/assets/images/africa/richtext/1_trimester_medical_abortion.png'
CACHED: Saved new asset_id '0e66184ea5984de7a1be5bb1262ceb44' for path 'https://sdacms.blob.core.windows.net/content/assets/images/africa/richtext/medical_abortion.png'
CACHED: Saved new asset_id '3954531f9c8743e1b5fb06b32bde3806' for path 'https://sdacms.blob.core.windows.net/content/assets/images/africa/richtext/ultrasound.png'
CACHED: Saved new asset_id '537c2cf135954bca803d38b1a9201194' for path 'https://sdacms.blob.core.windows.net/content/assets/images/africa/icon/actioncard/medical_abortion.png'
Saved Markdown: /home/azureuser/test/content_migrator/data/temp_data/treatment_regimens_for_medical_abortion_1_trimester_original.md
Saved Markdown: /home/azureuser/test/content_migrator/data/temp_data/treatment_regimens_for_medical_abortion_1_trimester_adapted_africa.md
Saved Markdown: /home/azureuser/test/content_migrator/data/temp_data/treatment_regimens_for_medical_abortion_1_trimester_translated_action_card.md
  📎 Linking 5 embedded asset(s) to markdown upload
Created action-card resource: title='Treatment regimens for medical abortion 1. trimester' description='Treatment regimens for medical abortion 1. trimester' icon='badf4c48b4744040a664df71c07ed603' content='d7d39c837bbe4cdca2fdd1cc0f1d94e6' language_id='7cf6efab-a9d7-54d2-2cbd-ec82efe4a7da' region='africa' content_type='original' created_by='natalia@maternity.dk' level=None questions=None derived_from_id=None
  📎 Linking 5 embedded asset(s) to markdown upload
Created action-card resource: title='Treatment regimens for medical abortion 1. trimester' description='Treatment regimens for medical abortion 1. trimester' icon='badf4c48b4744040a664df71c07ed603' content='e3eb367248a541ba8830f17aeeb9819f' language_id='7cf6efab-a9d7-54d2-2cbd-ec82efe4a7da' region='africa' content_type='adapted' created_by='natalia@maternity.dk' level=None questions=None derived_from_id=None
  📎 Linking 5 embedded asset(s) to markdown upload
Created action-card resource: title='Treatment regimens for medical abortion 1. trimester' description='Treatment regimens for medical abortion 1. trimester' icon='badf4c48b4744040a664df71c07ed603' content='282029b21d4f47688f260b946acf5cb0' language_id='7cf6efab-a9d7-54d2-2cbd-ec82efe4a7da' region='africa' content_type='translated' created_by='natalia@maternity.dk' level=None questions=None derived_from_id=None
  ℹ️  No screens translation found for 'action-card:treatment-regimens-for-medical-abortion-1-trimester_1645531984331', using original
Queuing action-card: res-action-card-treatment-regimens-for-medical-abortion-1-trimester (Source: 'Treatment regimens for medical abortion 1. trimester')
Mapping language:   7cf6efab-a9d7-54d2-2cbd-ec82efe4a7da
Using cached asset_id: d3044b9b8ccd461d89734b2b97e72b94
CACHED: Saved new asset_id 'f6287d2c7b294a1ca5eca4046c6bb340' for path 'https://sdacms.blob.core.windows.net/content/assets/images/africa/richtext/2_trimester_medical_abortion.png'
Saved Markdown: /home/azureuser/test/content_migrator/data/temp_data/treatment_regimens_for_medical_abortion_2_trimester_original.md
Saved Markdown: /home/azureuser/test/content_migrator/data/temp_data/treatment_regimens_for_medical_abortion_2_trimester_adapted_africa.md
Saved Markdown: /home/azureuser/test/content_migrator/data/temp_data/treatment_regimens_for_medical_abortion_2_trimester_translated_action_card.md
  📎 Linking 2 embedded asset(s) to markdown upload
Created action-card resource: title='Treatment regimens for medical abortion 2. trimester' description='Treatment regimens for medical abortion 2. trimester' icon='d3044b9b8ccd461d89734b2b97e72b94' content='2d4f45ca5b664d20b674eb183928a334' language_id='7cf6efab-a9d7-54d2-2cbd-ec82efe4a7da' region='africa' content_type='original' created_by='natalia@maternity.dk' level=None questions=None derived_from_id=None
  📎 Linking 2 embedded asset(s) to markdown upload
Created action-card resource: title='Treatment regimens for medical abortion 2. trimester' description='Treatment regimens for medical abortion 2. trimester' icon='d3044b9b8ccd461d89734b2b97e72b94' content='95df03d849934e1992e318d9be3829f0' language_id='7cf6efab-a9d7-54d2-2cbd-ec82efe4a7da' region='africa' content_type='adapted' created_by='natalia@maternity.dk' level=None questions=None derived_from_id=None
  📎 Linking 2 embedded asset(s) to markdown upload
Created action-card resource: title='Treatment regimens for medical abortion 2. trimester' description='Treatment regimens for medical abortion 2. trimester' icon='d3044b9b8ccd461d89734b2b97e72b94' content='43b60ee83571425a97a484615b1eeafb' language_id='7cf6efab-a9d7-54d2-2cbd-ec82efe4a7da' region='africa' content_type='translated' created_by='natalia@maternity.dk' level=None questions=None derived_from_id=None
  ℹ️  No screens translation found for 'action-card:treatment-regimens-for-medical-abortion-2-trimester-_1645526989720', using original
Queuing action-card: res-action-card-treatment-regimens-for-medical-abortion-2-trimester (Source: 'Treatment regimens for medical abortion 2. trimester')
Mapping language:   7cf6efab-a9d7-54d2-2cbd-ec82efe4a7da
Using cached asset_id: e9db49562b5048b6b972a20b024b918f
CACHED: Saved new asset_id 'c49e0b4420e24e16be147f3038a60e59' for path 'https://sdacms.blob.core.windows.net/content/assets/images/africa/richtext/ectopic_pregnancy.png'
CACHED: Saved new asset_id '7d5d7089eb364db29bb181c981c95097' for path 'https://sdacms.blob.core.windows.net/content/assets/images/africa/richtext/incomplete_abortion.png'
CACHED: Saved new asset_id '14c4d64aa51d4a6aac3a53237e603efd' for path 'https://sdacms.blob.core.windows.net/content/assets/images/africa/richtext/hemorrhage.png'
CACHED: Saved new asset_id '310f76c67f754f3fa1a86c9672bec3a2' for path 'https://sdacms.blob.core.windows.net/content/assets/images/africa/richtext/infection.png'
Saved Markdown: /home/azureuser/test/content_migrator/data/temp_data/warning_signs_abortion_complications_original.md
Saved Markdown: /home/azureuser/test/content_migrator/data/temp_data/warning_signs_abortion_complications_adapted_africa.md
Saved Markdown: /home/azureuser/test/content_migrator/data/temp_data/warning_signs_abortion_complications_translated_action_card.md
  📎 Linking 5 embedded asset(s) to markdown upload
Created action-card resource: title='Warning signs/abortion complications' description='Warning signs/abortion complications' icon='e9db49562b5048b6b972a20b024b918f' content='557766d8699a42f487a36d1239fc84fd' language_id='7cf6efab-a9d7-54d2-2cbd-ec82efe4a7da' region='africa' content_type='original' created_by='natalia@maternity.dk' level=None questions=None derived_from_id=None
  📎 Linking 5 embedded asset(s) to markdown upload
Created action-card resource: title='Warning signs/abortion complications' description='Warning signs/abortion complications' icon='e9db49562b5048b6b972a20b024b918f' content='21726c61a41d4b6298ecca1ee2e2d2e7' language_id='7cf6efab-a9d7-54d2-2cbd-ec82efe4a7da' region='africa' content_type='adapted' created_by='natalia@maternity.dk' level=None questions=None derived_from_id=None
  📎 Linking 5 embedded asset(s) to markdown upload
Created action-card resource: title='Warning signs/abortion complications' description='Warning signs/abortion complications' icon='e9db49562b5048b6b972a20b024b918f' content='416e4f507feb4657b10653d78615a863' language_id='7cf6efab-a9d7-54d2-2cbd-ec82efe4a7da' region='africa' content_type='translated' created_by='natalia@maternity.dk' level=None questions=None derived_from_id=None
  ℹ️  No screens translation found for 'action-card:warning-signsabortion-complications_1645527039954', using original
Queuing action-card: res-action-card-warning-signs-abortion-complications (Source: 'Warning signs/abortion complications')
  ⚠ SKIP: Localized action card 'antibiotic-prophylaxis-for-surgical-and-medical-abortion_1647507966963' not found in 7cf6efab-a9d7-54d2-2cbd-ec82efe4a7da.
Mapping language:   7cf6efab-a9d7-54d2-2cbd-ec82efe4a7da
Using cached asset_id: def17b91939c4207840265ed292bfb01
CACHED: Saved new asset_id 'ba5aa5e1987d4020a35133645c88e83b' for path 'https://sdacms.blob.core.windows.net/content/assets/images/africa/richtext/non_pharmacological_methods.png'
CACHED: Saved new asset_id '90e492849c1f490085f6a18b5cce01c7' for path 'https://sdacms.blob.core.windows.net/content/assets/images/africa/richtext/pharmacological_methods.png'
CACHED: Saved new asset_id 'a6acb69dc5024c9db88664e092ec12c5' for path 'https://sdacms.blob.core.windows.net/content/assets/images/africa/richtext/paracervical_block.png'
Saved Markdown: /home/azureuser/test/content_migrator/data/temp_data/pain_management_original.md
Saved Markdown: /home/azureuser/test/content_migrator/data/temp_data/pain_management_adapted_africa.md
Saved Markdown: /home/azureuser/test/content_migrator/data/temp_data/pain_management_translated_action_card.md
  📎 Linking 3 embedded asset(s) to markdown upload
Created action-card resource: title='Pain Management' description='Pain Management' icon='def17b91939c4207840265ed292bfb01' content='a94f6e167b9e4f8f959748818886200d' language_id='7cf6efab-a9d7-54d2-2cbd-ec82efe4a7da' region='africa' content_type='original' created_by='natalia@maternity.dk' level=None questions=None derived_from_id=None
  📎 Linking 3 embedded asset(s) to markdown upload
Created action-card resource: title='Pain Management' description='Pain Management' icon='def17b91939c4207840265ed292bfb01' content='df1a2a5f96ca400ab1ff5a725388144e' language_id='7cf6efab-a9d7-54d2-2cbd-ec82efe4a7da' region='africa' content_type='adapted' created_by='natalia@maternity.dk' level=None questions=None derived_from_id=None
  📎 Linking 3 embedded asset(s) to markdown upload
Created action-card resource: title='Pain Management' description='Pain Management' icon='def17b91939c4207840265ed292bfb01' content='837474095ac141c38980bfb436b6c97c' language_id='7cf6efab-a9d7-54d2-2cbd-ec82efe4a7da' region='africa' content_type='translated' created_by='natalia@maternity.dk' level=None questions=None derived_from_id=None
  ℹ️  No screens translation found for 'action-card:pain-management_1645526892726', using original
Queuing action-card: res-action-card-pain-management (Source: 'Pain Management')
Mapping language:   7cf6efab-a9d7-54d2-2cbd-ec82efe4a7da
Using cached asset_id: 36528c468ef24152976362e521597a58
CACHED: Saved new asset_id '4cca801b874842b380bdf40daba49253' for path 'https://sdacms.blob.core.windows.net/content/assets/images/africa/richtext/vacuum_aspiration.png'
Saved Markdown: /home/azureuser/test/content_migrator/data/temp_data/overview_of_the_different_abortion_methods_original.md
Saved Markdown: /home/azureuser/test/content_migrator/data/temp_data/overview_of_the_different_abortion_methods_adapted_africa.md
Saved Markdown: /home/azureuser/test/content_migrator/data/temp_data/overview_of_the_different_abortion_methods_translated_action_card.md
  📎 Linking 2 embedded asset(s) to markdown upload
Created action-card resource: title='Overview of the different abortion methods' description='Overview of the different abortion methods' icon='36528c468ef24152976362e521597a58' content='6969a9ecdcbd480a8b8be459dcfe7c6e' language_id='7cf6efab-a9d7-54d2-2cbd-ec82efe4a7da' region='africa' content_type='original' created_by='natalia@maternity.dk' level=None questions=None derived_from_id=None
  📎 Linking 2 embedded asset(s) to markdown upload
Created action-card resource: title='Overview of the different abortion methods' description='Overview of the different abortion methods' icon='36528c468ef24152976362e521597a58' content='aa744b08f0384b2496261e8a8fbb539e' language_id='7cf6efab-a9d7-54d2-2cbd-ec82efe4a7da' region='africa' content_type='adapted' created_by='natalia@maternity.dk' level=None questions=None derived_from_id=None
  📎 Linking 2 embedded asset(s) to markdown upload
Created action-card resource: title='Overview of the different abortion methods' description='Overview of the different abortion methods' icon='36528c468ef24152976362e521597a58' content='5d9cb25927d142a7bf06b33afd452c6d' language_id='7cf6efab-a9d7-54d2-2cbd-ec82efe4a7da' region='africa' content_type='translated' created_by='natalia@maternity.dk' level=None questions=None derived_from_id=None
  ℹ️  No screens translation found for 'action-card:overview-of-the-different-abortion-methods_1645526712792', using original
Queuing action-card: res-action-card-overview-of-the-different-abortion-methods (Source: 'Overview of the different abortion methods')
Mapping language:   7cf6efab-a9d7-54d2-2cbd-ec82efe4a7da
Using cached asset_id: 0181d9ddca89498a9ce1d5f838b02091
Saved Markdown: /home/azureuser/test/content_migrator/data/temp_data/telemedicine_original.md
Saved Markdown: /home/azureuser/test/content_migrator/data/temp_data/telemedicine_adapted_africa.md
Saved Markdown: /home/azureuser/test/content_migrator/data/temp_data/telemedicine_translated_action_card.md
  📎 Linking 1 embedded asset(s) to markdown upload
Created action-card resource: title='Telemedicine' description='Telemedicine' icon='0181d9ddca89498a9ce1d5f838b02091' content='096765aef08a449b9ef6d71fb08413fc' language_id='7cf6efab-a9d7-54d2-2cbd-ec82efe4a7da' region='africa' content_type='original' created_by='natalia@maternity.dk' level=None questions=None derived_from_id=None
  📎 Linking 1 embedded asset(s) to markdown upload
Created action-card resource: title='Telemedicine' description='Telemedicine' icon='0181d9ddca89498a9ce1d5f838b02091' content='a1377e734406423d8364e413416fe27b' language_id='7cf6efab-a9d7-54d2-2cbd-ec82efe4a7da' region='africa' content_type='adapted' created_by='natalia@maternity.dk' level=None questions=None derived_from_id=None
  📎 Linking 1 embedded asset(s) to markdown upload
Created action-card resource: title='Telemedicine' description='Telemedicine' icon='0181d9ddca89498a9ce1d5f838b02091' content='88e53abed0a94d829a61804c766578c4' language_id='7cf6efab-a9d7-54d2-2cbd-ec82efe4a7da' region='africa' content_type='translated' created_by='natalia@maternity.dk' level=None questions=None derived_from_id=None
  ℹ️  No screens translation found for 'action-card:telemedicine_1647951171095', using original
Queuing action-card: res-action-card-telemedicine (Source: 'Telemedicine')
Mapping language:   7cf6efab-a9d7-54d2-2cbd-ec82efe4a7da
  DEBUG: Found 3 procedures in module
Using cached asset_id: 3d5459856ca64022b194e75992d367f4
CACHED: Saved new asset_id '319fc45b0feb42258ea7312ff04ec246' for path 'https://sdacms.blob.core.windows.net/content/assets/images/africa/richtext/vital_signs.png'
CACHED: Saved new asset_id '3f9cc064b2dc40ea8fa477524e9b2841' for path 'https://sdacms.blob.core.windows.net/content/assets/images/africa/richtext/abdominal_examination.png'
CACHED: Saved new asset_id '4b0f61876fe74564acc6aff6cbaf8b7f' for path 'https://sdacms.blob.core.windows.net/content/assets/images/africa/richtext/pelvic_examination.png'
CACHED: Saved new asset_id '4ed39cad70af4068b5d20ebe3a1f9420' for path 'https://sdacms.blob.core.windows.net/content/assets/images/africa/richtext/speculum_examination.png'
CACHED: Saved new asset_id '29a82d811aeb4dd591fe1200afc3cf8d' for path 'https://sdacms.blob.core.windows.net/content/assets/images/africa/richtext/bimanual_examination.png'
Saved Markdown: /home/azureuser/test/content_migrator/data/temp_data/physical_examination_original.md
Saved Markdown: /home/azureuser/test/content_migrator/data/temp_data/physical_examination_adapted_africa.md
Saved Markdown: /home/azureuser/test/content_migrator/data/temp_data/physical_examination_translated_action_card.md
  📎 Linking 5 embedded asset(s) to markdown upload
Created action-card resource: title='Physical examination' description='Physical examination' icon='3d5459856ca64022b194e75992d367f4' content='0bd9ee8930d04279b2cebe9d1b0e51af' language_id='7cf6efab-a9d7-54d2-2cbd-ec82efe4a7da' region='africa' content_type='original' created_by='natalia@maternity.dk' level=None questions=None derived_from_id=None
  📎 Linking 5 embedded asset(s) to markdown upload
Created action-card resource: title='Physical examination' description='Physical examination' icon='3d5459856ca64022b194e75992d367f4' content='3d4a0428f43d4b5dbd90f4baf372016c' language_id='7cf6efab-a9d7-54d2-2cbd-ec82efe4a7da' region='africa' content_type='adapted' created_by='natalia@maternity.dk' level=None questions=None derived_from_id=None
  📎 Linking 5 embedded asset(s) to markdown upload
Created action-card resource: title='Physical examination' description='Physical examination' icon='3d5459856ca64022b194e75992d367f4' content='eceb840f095645899cca4074a1b012d3' language_id='7cf6efab-a9d7-54d2-2cbd-ec82efe4a7da' region='africa' content_type='translated' created_by='natalia@maternity.dk' level=None questions=None derived_from_id=None
  ℹ️  No screens translation found for 'procedure:physical-examination_1645527167872', using original
Queuing procedure: res-procedure-physical-examination (Source: 'Physical examination')
Using cached asset_id: 3bd4b75f71034115a5f3e914bf3566ce
CACHED: Saved new asset_id 'd301014afaf94f5abcd580fe85a1a5f5' for path 'https://sdacms.blob.core.windows.net/content/assets/images/africa/richtext/LMP.png'
Saved Markdown: /home/azureuser/test/content_migrator/data/temp_data/dating_the_pregnancy_original.md
Saved Markdown: /home/azureuser/test/content_migrator/data/temp_data/dating_the_pregnancy_adapted_africa.md
Saved Markdown: /home/azureuser/test/content_migrator/data/temp_data/dating_the_pregnancy_translated_action_card.md
  📎 Linking 2 embedded asset(s) to markdown upload
Created action-card resource: title='Dating the pregnancy' description='Dating the pregnancy' icon='3bd4b75f71034115a5f3e914bf3566ce' content='8c13bb4a134a4d529b574b73a5f7c05c' language_id='7cf6efab-a9d7-54d2-2cbd-ec82efe4a7da' region='africa' content_type='original' created_by='natalia@maternity.dk' level=None questions=None derived_from_id=None
  📎 Linking 2 embedded asset(s) to markdown upload
Created action-card resource: title='Dating the pregnancy' description='Dating the pregnancy' icon='3bd4b75f71034115a5f3e914bf3566ce' content='126d85ebcbe64c57a393c8e1ec8f6c53' language_id='7cf6efab-a9d7-54d2-2cbd-ec82efe4a7da' region='africa' content_type='adapted' created_by='natalia@maternity.dk' level=None questions=None derived_from_id=None
  📎 Linking 2 embedded asset(s) to markdown upload
Created action-card resource: title='Dating the pregnancy' description='Dating the pregnancy' icon='3bd4b75f71034115a5f3e914bf3566ce' content='f4b165562c604080ae3eac28ec43eacc' language_id='7cf6efab-a9d7-54d2-2cbd-ec82efe4a7da' region='africa' content_type='translated' created_by='natalia@maternity.dk' level=None questions=None derived_from_id=None
  ℹ️  No screens translation found for 'procedure:dating-the-pregnancy_1645527134694', using original
Queuing procedure: res-procedure-dating-the-pregnancy (Source: 'Dating the pregnancy')
  ℹ️  No procedures document found for key 'pain-management-_1691406574494' with langId='7cf6efab-a9d7-54d2-2cbd-ec82efe4a7da'.
  ⚠ SKIP: Localized procedure 'pain-management-_1691406574494' not found in 7cf6efab-a9d7-54d2-2cbd-ec82efe4a7da.
Using cached asset_id: 37d3ad277d2b4be39ae91ca3e65201eb
  ✓ Module icon uploaded for drugs: 37d3ad27...
Mapping language:   7cf6efab-a9d7-54d2-2cbd-ec82efe4a7da
  DEBUG: Found 14 drugs in module
  ✓ Drug inheriting module icon: 37d3ad27...
Saved Markdown: /home/azureuser/test/content_migrator/data/temp_data/combi_pack_letrozole_misoprostol_med_ab_1_trimester_original.md
Saved Markdown: /home/azureuser/test/content_migrator/data/temp_data/combi_pack_letrozole_misoprostol_med_ab_1_trimester_adapted_africa.md
Saved Markdown: /home/azureuser/test/content_migrator/data/temp_data/combi_pack_letrozole_misoprostol_med_ab_1_trimester_translated_action_card.md
Created action-card resource: title='COMBI-PACK/Letrozole & Misoprostol (MED.AB 1. trimester)' description='COMBI-PACK/Letrozole & Misoprostol (MED.AB 1. trimester)' icon='37d3ad277d2b4be39ae91ca3e65201eb' content='2134958494994bee8ec9e8eb9099a1cf' language_id='7cf6efab-a9d7-54d2-2cbd-ec82efe4a7da' region='africa' content_type='original' created_by='nanna@maternity.dk' level=None questions=None derived_from_id=None
Created action-card resource: title='COMBI-PACK/Letrozole & Misoprostol (MED.AB 1. trimester)' description='COMBI-PACK/Letrozole & Misoprostol (MED.AB 1. trimester)' icon='37d3ad277d2b4be39ae91ca3e65201eb' content='0fca17e7a1b048d7a7ebd3daf7e24baf' language_id='7cf6efab-a9d7-54d2-2cbd-ec82efe4a7da' region='africa' content_type='adapted' created_by='nanna@maternity.dk' level=None questions=None derived_from_id=None
Created action-card resource: title='COMBI-PACK/Letrozole & Misoprostol (MED.AB 1. trimester)' description='COMBI-PACK/Letrozole & Misoprostol (MED.AB 1. trimester)' icon='37d3ad277d2b4be39ae91ca3e65201eb' content='feac284d77ad44d2a426cdfae2f78cba' language_id='7cf6efab-a9d7-54d2-2cbd-ec82efe4a7da' region='africa' content_type='translated' created_by='nanna@maternity.dk' level=None questions=None derived_from_id=None
  ℹ️  No screens translation found for 'drug:combi-packletrozole-misoprostol-medab-1-trimester-_1647595660523', using original
Queuing drug: res-drug-combi-pack-letrozole-misoprostol-med-ab-1-trimester (Source: 'COMBI-PACK/Letrozole & Misoprostol (MED.AB 1. trimester)')
  ✓ Drug inheriting module icon: 37d3ad27...
Saved Markdown: /home/azureuser/test/content_migrator/data/temp_data/combi_pack_mifepristone_misoprostol_med_ab_1_trimester_original.md
Saved Markdown: /home/azureuser/test/content_migrator/data/temp_data/combi_pack_mifepristone_misoprostol_med_ab_1_trimester_adapted_africa.md
Saved Markdown: /home/azureuser/test/content_migrator/data/temp_data/combi_pack_mifepristone_misoprostol_med_ab_1_trimester_translated_action_card.md
Created action-card resource: title='COMBI-PACK/Mifepristone & Misoprostol (MED.AB 1. trimester)' description='COMBI-PACK/Mifepristone & Misoprostol (MED.AB 1. trimester)' icon='37d3ad277d2b4be39ae91ca3e65201eb' content='c67a5cd365c84121b42ff6fead68b761' language_id='7cf6efab-a9d7-54d2-2cbd-ec82efe4a7da' region='africa' content_type='original' created_by='nanna@maternity.dk' level=None questions=None derived_from_id=None
Created action-card resource: title='COMBI-PACK/Mifepristone & Misoprostol (MED.AB 1. trimester)' description='COMBI-PACK/Mifepristone & Misoprostol (MED.AB 1. trimester)' icon='37d3ad277d2b4be39ae91ca3e65201eb' content='27be7af7f3de449d8b17eb9d6b253add' language_id='7cf6efab-a9d7-54d2-2cbd-ec82efe4a7da' region='africa' content_type='adapted' created_by='nanna@maternity.dk' level=None questions=None derived_from_id=None
Created action-card resource: title='COMBI-PACK/Mifepristone & Misoprostol (MED.AB 1. trimester)' description='COMBI-PACK/Mifepristone & Misoprostol (MED.AB 1. trimester)' icon='37d3ad277d2b4be39ae91ca3e65201eb' content='bcc7ba1812534b0a97b256b72a386012' language_id='7cf6efab-a9d7-54d2-2cbd-ec82efe4a7da' region='africa' content_type='translated' created_by='nanna@maternity.dk' level=None questions=None derived_from_id=None
  ℹ️  No screens translation found for 'drug:combi-packmifepristone-misoprostol-medab-1-trimester_1647332745906', using original
Queuing drug: res-drug-combi-pack-mifepristone-misoprostol-med-ab-1-trimester (Source: 'COMBI-PACK/Mifepristone & Misoprostol (MED.AB 1. trimester)')
  ✓ Drug inheriting module icon: 37d3ad27...
Saved Markdown: /home/azureuser/test/content_migrator/data/temp_data/combi_pack_mifepristone_misoprostol_med_ab_2_trimester_original.md
Saved Markdown: /home/azureuser/test/content_migrator/data/temp_data/combi_pack_mifepristone_misoprostol_med_ab_2_trimester_adapted_africa.md
Saved Markdown: /home/azureuser/test/content_migrator/data/temp_data/combi_pack_mifepristone_misoprostol_med_ab_2_trimester_translated_action_card.md
Created action-card resource: title='COMBI-PACK/Mifepristone & Misoprostol (MED.AB 2. trimester)' description='COMBI-PACK/Mifepristone & Misoprostol (MED.AB 2. trimester)' icon='37d3ad277d2b4be39ae91ca3e65201eb' content='4301cb39e00e4aa294af4d6505abba41' language_id='7cf6efab-a9d7-54d2-2cbd-ec82efe4a7da' region='africa' content_type='original' created_by='nanna@maternity.dk' level=None questions=None derived_from_id=None
Created action-card resource: title='COMBI-PACK/Mifepristone & Misoprostol (MED.AB 2. trimester)' description='COMBI-PACK/Mifepristone & Misoprostol (MED.AB 2. trimester)' icon='37d3ad277d2b4be39ae91ca3e65201eb' content='367b4c3f82fd4c8694d159d937f30856' language_id='7cf6efab-a9d7-54d2-2cbd-ec82efe4a7da' region='africa' content_type='adapted' created_by='nanna@maternity.dk' level=None questions=None derived_from_id=None
Created action-card resource: title='COMBI-PACK/Mifepristone & Misoprostol (MED.AB 2. trimester)' description='COMBI-PACK/Mifepristone & Misoprostol (MED.AB 2. trimester)' icon='37d3ad277d2b4be39ae91ca3e65201eb' content='f4c73dc80e79494e8c8812c8c0ef859f' language_id='7cf6efab-a9d7-54d2-2cbd-ec82efe4a7da' region='africa' content_type='translated' created_by='nanna@maternity.dk' level=None questions=None derived_from_id=None
  ℹ️  No screens translation found for 'drug:combi-packmifepristone-misoprostol-medab-2-trimester_1647332808409', using original
Queuing drug: res-drug-combi-pack-mifepristone-misoprostol-med-ab-2-trimester (Source: 'COMBI-PACK/Mifepristone & Misoprostol (MED.AB 2. trimester)')
  ✓ Drug inheriting module icon: 37d3ad27...
Saved Markdown: /home/azureuser/test/content_migrator/data/temp_data/doxycycline_original.md
Saved Markdown: /home/azureuser/test/content_migrator/data/temp_data/doxycycline_adapted_africa.md
Saved Markdown: /home/azureuser/test/content_migrator/data/temp_data/doxycycline_translated_action_card.md
Created action-card resource: title='Doxycycline' description='Doxycycline' icon='37d3ad277d2b4be39ae91ca3e65201eb' content='d71ce4da509541a69fa6814da186a685' language_id='7cf6efab-a9d7-54d2-2cbd-ec82efe4a7da' region='africa' content_type='original' created_by='nanna@maternity.dk' level=None questions=None derived_from_id=None
Created action-card resource: title='Doxycycline' description='Doxycycline' icon='37d3ad277d2b4be39ae91ca3e65201eb' content='8206fd6747904b90a85ccb25e1350e94' language_id='7cf6efab-a9d7-54d2-2cbd-ec82efe4a7da' region='africa' content_type='adapted' created_by='nanna@maternity.dk' level=None questions=None derived_from_id=None
Created action-card resource: title='Doxycycline' description='Doxycycline' icon='37d3ad277d2b4be39ae91ca3e65201eb' content='dde085db1eb34c7ba41f6c82fe557cd5' language_id='7cf6efab-a9d7-54d2-2cbd-ec82efe4a7da' region='africa' content_type='translated' created_by='nanna@maternity.dk' level=None questions=None derived_from_id=None
  ℹ️  No screens translation found for 'drug:doxycycline_1647869095132', using original
Queuing drug: res-drug-doxycycline (Source: 'Doxycycline')
  ✓ Drug inheriting module icon: 37d3ad27...
Saved Markdown: /home/azureuser/test/content_migrator/data/temp_data/azithromycin_original.md
Saved Markdown: /home/azureuser/test/content_migrator/data/temp_data/azithromycin_adapted_africa.md
Saved Markdown: /home/azureuser/test/content_migrator/data/temp_data/azithromycin_translated_action_card.md
Created action-card resource: title='Azithromycin' description='Azithromycin' icon='37d3ad277d2b4be39ae91ca3e65201eb' content='c78f734059cd4945925ef598ed7da172' language_id='7cf6efab-a9d7-54d2-2cbd-ec82efe4a7da' region='africa' content_type='original' created_by='nanna@maternity.dk' level=None questions=None derived_from_id=None
Created action-card resource: title='Azithromycin' description='Azithromycin' icon='37d3ad277d2b4be39ae91ca3e65201eb' content='5e18b63f5e0545d7afaeef5fecc8d5c0' language_id='7cf6efab-a9d7-54d2-2cbd-ec82efe4a7da' region='africa' content_type='adapted' created_by='nanna@maternity.dk' level=None questions=None derived_from_id=None
Created action-card resource: title='Azithromycin' description='Azithromycin' icon='37d3ad277d2b4be39ae91ca3e65201eb' content='fb3255ce02c34e1a84b56a53d4470b6f' language_id='7cf6efab-a9d7-54d2-2cbd-ec82efe4a7da' region='africa' content_type='translated' created_by='nanna@maternity.dk' level=None questions=None derived_from_id=None
  ℹ️  No screens translation found for 'drug:azithromycin_1647869114016', using original
Queuing drug: res-drug-azithromycin (Source: 'Azithromycin')
  ✓ Drug inheriting module icon: 37d3ad27...
Saved Markdown: /home/azureuser/test/content_migrator/data/temp_data/misoprostol_med_ab_1_trimester_original.md
Saved Markdown: /home/azureuser/test/content_migrator/data/temp_data/misoprostol_med_ab_1_trimester_adapted_africa.md
Saved Markdown: /home/azureuser/test/content_migrator/data/temp_data/misoprostol_med_ab_1_trimester_translated_action_card.md
Created action-card resource: title='Misoprostol (MED.AB 1. trimester)' description='Misoprostol (MED.AB 1. trimester)' icon='37d3ad277d2b4be39ae91ca3e65201eb' content='08d1b3b8e6be438097afd8a659e071ac' language_id='7cf6efab-a9d7-54d2-2cbd-ec82efe4a7da' region='africa' content_type='original' created_by='nanna@maternity.dk' level=None questions=None derived_from_id=None
Created action-card resource: title='Misoprostol (MED.AB 1. trimester)' description='Misoprostol (MED.AB 1. trimester)' icon='37d3ad277d2b4be39ae91ca3e65201eb' content='6c987826e87548f69dedd98e31908e86' language_id='7cf6efab-a9d7-54d2-2cbd-ec82efe4a7da' region='africa' content_type='adapted' created_by='nanna@maternity.dk' level=None questions=None derived_from_id=None
Created action-card resource: title='Misoprostol (MED.AB 1. trimester)' description='Misoprostol (MED.AB 1. trimester)' icon='37d3ad277d2b4be39ae91ca3e65201eb' content='c1833e12662a480a8d81639b81eec198' language_id='7cf6efab-a9d7-54d2-2cbd-ec82efe4a7da' region='africa' content_type='translated' created_by='nanna@maternity.dk' level=None questions=None derived_from_id=None
  ℹ️  No screens translation found for 'drug:misoprostol-medab-1-trimester_1647332776222', using original
Queuing drug: res-drug-misoprostol-med-ab-1-trimester (Source: 'Misoprostol (MED.AB 1. trimester)')
  ✓ Drug inheriting module icon: 37d3ad27...
Saved Markdown: /home/azureuser/test/content_migrator/data/temp_data/misoprostol_med_ab_2_trimester_original.md
Saved Markdown: /home/azureuser/test/content_migrator/data/temp_data/misoprostol_med_ab_2_trimester_adapted_africa.md
Saved Markdown: /home/azureuser/test/content_migrator/data/temp_data/misoprostol_med_ab_2_trimester_translated_action_card.md
Created action-card resource: title='Misoprostol (MED.AB 2. trimester)' description='Misoprostol (MED.AB 2. trimester)' icon='37d3ad277d2b4be39ae91ca3e65201eb' content='04c7ae68b2784973be6ab880f7a6123a' language_id='7cf6efab-a9d7-54d2-2cbd-ec82efe4a7da' region='africa' content_type='original' created_by='nanna@maternity.dk' level=None questions=None derived_from_id=None
Created action-card resource: title='Misoprostol (MED.AB 2. trimester)' description='Misoprostol (MED.AB 2. trimester)' icon='37d3ad277d2b4be39ae91ca3e65201eb' content='ea86c0d73dd84c698307eac8951e5bf3' language_id='7cf6efab-a9d7-54d2-2cbd-ec82efe4a7da' region='africa' content_type='adapted' created_by='nanna@maternity.dk' level=None questions=None derived_from_id=None
Created action-card resource: title='Misoprostol (MED.AB 2. trimester)' description='Misoprostol (MED.AB 2. trimester)' icon='37d3ad277d2b4be39ae91ca3e65201eb' content='cc5cde67fd4942fc97224aa33013832f' language_id='7cf6efab-a9d7-54d2-2cbd-ec82efe4a7da' region='africa' content_type='translated' created_by='nanna@maternity.dk' level=None questions=None derived_from_id=None
  ℹ️  No screens translation found for 'drug:misoprostol-medab-2-trimester_1647332822025', using original
Queuing drug: res-drug-misoprostol-med-ab-2-trimester (Source: 'Misoprostol (MED.AB 2. trimester)')
  ✓ Drug inheriting module icon: 37d3ad27...
Saved Markdown: /home/azureuser/test/content_migrator/data/temp_data/misoprostol_sur_ab_original.md
Saved Markdown: /home/azureuser/test/content_migrator/data/temp_data/misoprostol_sur_ab_adapted_africa.md
Saved Markdown: /home/azureuser/test/content_migrator/data/temp_data/misoprostol_sur_ab_translated_action_card.md
Created action-card resource: title='Misoprostol (SUR.AB)' description='Misoprostol (SUR.AB)' icon='37d3ad277d2b4be39ae91ca3e65201eb' content='2611b68336b447ea86e2e11a2fca6ea7' language_id='7cf6efab-a9d7-54d2-2cbd-ec82efe4a7da' region='africa' content_type='original' created_by='nanna@maternity.dk' level=None questions=None derived_from_id=None
Created action-card resource: title='Misoprostol (SUR.AB)' description='Misoprostol (SUR.AB)' icon='37d3ad277d2b4be39ae91ca3e65201eb' content='fb5cf1cadca345ce959248b0bf0cd284' language_id='7cf6efab-a9d7-54d2-2cbd-ec82efe4a7da' region='africa' content_type='adapted' created_by='nanna@maternity.dk' level=None questions=None derived_from_id=None
Created action-card resource: title='Misoprostol (SUR.AB)' description='Misoprostol (SUR.AB)' icon='37d3ad277d2b4be39ae91ca3e65201eb' content='08ed533991c44bc3a6bfad0333154b02' language_id='7cf6efab-a9d7-54d2-2cbd-ec82efe4a7da' region='africa' content_type='translated' created_by='nanna@maternity.dk' level=None questions=None derived_from_id=None
  ℹ️  No screens translation found for 'drug:misoprostol-surab_1647332853501', using original
Queuing drug: res-drug-misoprostol-sur-ab (Source: 'Misoprostol (SUR.AB)')
  ✓ Drug inheriting module icon: 37d3ad27...
Saved Markdown: /home/azureuser/test/content_migrator/data/temp_data/metronidazole_original.md
Saved Markdown: /home/azureuser/test/content_migrator/data/temp_data/metronidazole_adapted_africa.md
Saved Markdown: /home/azureuser/test/content_migrator/data/temp_data/metronidazole_translated_action_card.md
Created action-card resource: title='Metronidazole' description='Metronidazole' icon='37d3ad277d2b4be39ae91ca3e65201eb' content='236d4dc0ff264be3a1e048dc24bd4ce6' language_id='7cf6efab-a9d7-54d2-2cbd-ec82efe4a7da' region='africa' content_type='original' created_by='nanna@maternity.dk' level=None questions=None derived_from_id=None
Created action-card resource: title='Metronidazole' description='Metronidazole' icon='37d3ad277d2b4be39ae91ca3e65201eb' content='84c45ae538c6477291e92c200a81e950' language_id='7cf6efab-a9d7-54d2-2cbd-ec82efe4a7da' region='africa' content_type='adapted' created_by='nanna@maternity.dk' level=None questions=None derived_from_id=None
Created action-card resource: title='Metronidazole' description='Metronidazole' icon='37d3ad277d2b4be39ae91ca3e65201eb' content='129cd7cb82524221aaca470c9472e533' language_id='7cf6efab-a9d7-54d2-2cbd-ec82efe4a7da' region='africa' content_type='translated' created_by='nanna@maternity.dk' level=None questions=None derived_from_id=None
  ℹ️  No screens translation found for 'drug:metronidazole_1487112262252', using original
Queuing drug: res-drug-metronidazole (Source: 'Metronidazole')
Overwriting previous queue for 'res-drug-metronidazole' with language-specific version (lang: 7cf6efab-a9d7-54d2-2cbd-ec82efe4a7da)
  ✓ Drug inheriting module icon: 37d3ad27...
Saved Markdown: /home/azureuser/test/content_migrator/data/temp_data/ibuprofen_original.md
Saved Markdown: /home/azureuser/test/content_migrator/data/temp_data/ibuprofen_adapted_africa.md
Saved Markdown: /home/azureuser/test/content_migrator/data/temp_data/ibuprofen_translated_action_card.md
Created action-card resource: title='Ibuprofen' description='Ibuprofen' icon='37d3ad277d2b4be39ae91ca3e65201eb' content='b97bb8238cb74c99aa17b2ccfff72950' language_id='7cf6efab-a9d7-54d2-2cbd-ec82efe4a7da' region='africa' content_type='original' created_by='nanna@maternity.dk' level=None questions=None derived_from_id=None
Created action-card resource: title='Ibuprofen' description='Ibuprofen' icon='37d3ad277d2b4be39ae91ca3e65201eb' content='eedc75156f104e2ea8f02674be85f4ea' language_id='7cf6efab-a9d7-54d2-2cbd-ec82efe4a7da' region='africa' content_type='adapted' created_by='nanna@maternity.dk' level=None questions=None derived_from_id=None
Created action-card resource: title='Ibuprofen' description='Ibuprofen' icon='37d3ad277d2b4be39ae91ca3e65201eb' content='804a5b62c4de4a8a821fe5d46620e15a' language_id='7cf6efab-a9d7-54d2-2cbd-ec82efe4a7da' region='africa' content_type='translated' created_by='nanna@maternity.dk' level=None questions=None derived_from_id=None
  ℹ️  No screens translation found for 'drug:ibuprofen_1490364323757', using original
Queuing drug: res-drug-ibuprofen (Source: 'Ibuprofen')
  ✓ Drug inheriting module icon: 37d3ad27...
Saved Markdown: /home/azureuser/test/content_migrator/data/temp_data/morphine_original.md
Saved Markdown: /home/azureuser/test/content_migrator/data/temp_data/morphine_adapted_africa.md
Saved Markdown: /home/azureuser/test/content_migrator/data/temp_data/morphine_translated_action_card.md
Created action-card resource: title='Morphine' description='Morphine' icon='37d3ad277d2b4be39ae91ca3e65201eb' content='59cd47e66b7d4586badb81f341c19a8a' language_id='7cf6efab-a9d7-54d2-2cbd-ec82efe4a7da' region='africa' content_type='original' created_by='nanna@maternity.dk' level=None questions=None derived_from_id=None
Created action-card resource: title='Morphine' description='Morphine' icon='37d3ad277d2b4be39ae91ca3e65201eb' content='fc75bde349034c219fd305425af4ad7f' language_id='7cf6efab-a9d7-54d2-2cbd-ec82efe4a7da' region='africa' content_type='adapted' created_by='nanna@maternity.dk' level=None questions=None derived_from_id=None
Created action-card resource: title='Morphine' description='Morphine' icon='37d3ad277d2b4be39ae91ca3e65201eb' content='563e211b26d045be9c17bc1cb1ca4862' language_id='7cf6efab-a9d7-54d2-2cbd-ec82efe4a7da' region='africa' content_type='translated' created_by='nanna@maternity.dk' level=None questions=None derived_from_id=None
  ℹ️  No screens translation found for 'drug:morphine_1487151518002', using original
Queuing drug: res-drug-morphine (Source: 'Morphine')
  ✓ Drug inheriting module icon: 37d3ad27...
Saved Markdown: /home/azureuser/test/content_migrator/data/temp_data/diazepam_original.md
Saved Markdown: /home/azureuser/test/content_migrator/data/temp_data/diazepam_adapted_africa.md
Saved Markdown: /home/azureuser/test/content_migrator/data/temp_data/diazepam_translated_action_card.md
Created action-card resource: title='Diazepam' description='Diazepam' icon='37d3ad277d2b4be39ae91ca3e65201eb' content='1f823d5d33f2408b98cdc221b4b70e9e' language_id='7cf6efab-a9d7-54d2-2cbd-ec82efe4a7da' region='africa' content_type='original' created_by='nanna@maternity.dk' level=None questions=None derived_from_id=None
Created action-card resource: title='Diazepam' description='Diazepam' icon='37d3ad277d2b4be39ae91ca3e65201eb' content='eb195ab24c294f979bb0763d76a76974' language_id='7cf6efab-a9d7-54d2-2cbd-ec82efe4a7da' region='africa' content_type='adapted' created_by='nanna@maternity.dk' level=None questions=None derived_from_id=None
Created action-card resource: title='Diazepam' description='Diazepam' icon='37d3ad277d2b4be39ae91ca3e65201eb' content='b6a3544f175243e6b06508d39a815bfe' language_id='7cf6efab-a9d7-54d2-2cbd-ec82efe4a7da' region='africa' content_type='translated' created_by='nanna@maternity.dk' level=None questions=None derived_from_id=None
  ℹ️  No screens translation found for 'drug:diazepam_1487102080825', using original
Queuing drug: res-drug-diazepam (Source: 'Diazepam')
  ✓ Drug inheriting module icon: 37d3ad27...
Saved Markdown: /home/azureuser/test/content_migrator/data/temp_data/iron_original.md
Saved Markdown: /home/azureuser/test/content_migrator/data/temp_data/iron_adapted_africa.md
Saved Markdown: /home/azureuser/test/content_migrator/data/temp_data/iron_translated_action_card.md
Created action-card resource: title='Iron' description='Iron' icon='37d3ad277d2b4be39ae91ca3e65201eb' content='be67a56fe08c48999f5b349bbae172ca' language_id='7cf6efab-a9d7-54d2-2cbd-ec82efe4a7da' region='africa' content_type='original' created_by='nanna@maternity.dk' level=None questions=None derived_from_id=None
Created action-card resource: title='Iron' description='Iron' icon='37d3ad277d2b4be39ae91ca3e65201eb' content='84b2382651db41af8f77f7909b3014bb' language_id='7cf6efab-a9d7-54d2-2cbd-ec82efe4a7da' region='africa' content_type='adapted' created_by='nanna@maternity.dk' level=None questions=None derived_from_id=None
Created action-card resource: title='Iron' description='Iron' icon='37d3ad277d2b4be39ae91ca3e65201eb' content='8f0b8e675b064ffa91457903b9412975' language_id='7cf6efab-a9d7-54d2-2cbd-ec82efe4a7da' region='africa' content_type='translated' created_by='nanna@maternity.dk' level=None questions=None derived_from_id=None
  ℹ️  No screens translation found for 'drug:iron_1487110835869', using original
Queuing drug: res-drug-iron (Source: 'Iron')
  ✓ Drug inheriting module icon: 37d3ad27...
Saved Markdown: /home/azureuser/test/content_migrator/data/temp_data/lidocaine_original.md
Saved Markdown: /home/azureuser/test/content_migrator/data/temp_data/lidocaine_adapted_africa.md
Saved Markdown: /home/azureuser/test/content_migrator/data/temp_data/lidocaine_translated_action_card.md
Created action-card resource: title='Lidocaine' description='Lidocaine' icon='37d3ad277d2b4be39ae91ca3e65201eb' content='0d9ee731a839435bb5c43af66c6702f7' language_id='7cf6efab-a9d7-54d2-2cbd-ec82efe4a7da' region='africa' content_type='original' created_by='nanna@maternity.dk' level=None questions=None derived_from_id=None
Created action-card resource: title='Lidocaine' description='Lidocaine' icon='37d3ad277d2b4be39ae91ca3e65201eb' content='af24e4df9b1e41648e562abfa5ac9758' language_id='7cf6efab-a9d7-54d2-2cbd-ec82efe4a7da' region='africa' content_type='adapted' created_by='nanna@maternity.dk' level=None questions=None derived_from_id=None
Created action-card resource: title='Lidocaine' description='Lidocaine' icon='37d3ad277d2b4be39ae91ca3e65201eb' content='4756082f3aa845ef92a0afa82587e9ff' language_id='7cf6efab-a9d7-54d2-2cbd-ec82efe4a7da' region='africa' content_type='translated' created_by='nanna@maternity.dk' level=None questions=None derived_from_id=None
  ℹ️  No screens translation found for 'drug:lidocaine_1494407526870', using original
Queuing drug: res-drug-lidocaine (Source: 'Lidocaine')
Mapping language:   7cf6efab-a9d7-54d2-2cbd-ec82efe4a7da
  ℹ️  No key-learning-points document found for key 'maternal-death-and-disability_1644494130201' with langId='7cf6efab-a9d7-54d2-2cbd-ec82efe4a7da'.
  ℹ️  No keyLearningPoints document found for key 'maternal-death-and-disability_1644494130201' with langId='7cf6efab-a9d7-54d2-2cbd-ec82efe4a7da'.
  ⚠ SKIP: Localized KLP 'maternal-death-and-disability_1644494130201' not found in 7cf6efab-a9d7-54d2-2cbd-ec82efe4a7da.
  ℹ️  No key-learning-points document found for key 'date-the-pregnancy_1644494142940' with langId='7cf6efab-a9d7-54d2-2cbd-ec82efe4a7da'.
  ℹ️  No keyLearningPoints document found for key 'date-the-pregnancy_1644494142940' with langId='7cf6efab-a9d7-54d2-2cbd-ec82efe4a7da'.
  ⚠ SKIP: Localized KLP 'date-the-pregnancy_1644494142940' not found in 7cf6efab-a9d7-54d2-2cbd-ec82efe4a7da.
  ℹ️  No key-learning-points document found for key 'size-of-the-uterus_1644494157656' with langId='7cf6efab-a9d7-54d2-2cbd-ec82efe4a7da'.
  ℹ️  No keyLearningPoints document found for key 'size-of-the-uterus_1644494157656' with langId='7cf6efab-a9d7-54d2-2cbd-ec82efe4a7da'.
  ⚠ SKIP: Localized KLP 'size-of-the-uterus_1644494157656' not found in 7cf6efab-a9d7-54d2-2cbd-ec82efe4a7da.
  ℹ️  No key-learning-points document found for key 'what-should-you-consider-if-the-uterus-is-smaller-than-expected_1644494186994' with langId='7cf6efab-a9d7-54d2-2cbd-ec82efe4a7da'.
  ℹ️  No keyLearningPoints document found for key 'what-should-you-consider-if-the-uterus-is-smaller-than-expected_1644494186994' with langId='7cf6efab-a9d7-54d2-2cbd-ec82efe4a7da'.
  ⚠ SKIP: Localized KLP 'what-should-you-consider-if-the-uterus-is-smaller-than-expected_1644494186994' not found in 7cf6efab-a9d7-54d2-2cbd-ec82efe4a7da.
  ℹ️  No key-learning-points document found for key 'what-should-you-consider-if-the-uterus-is-larger-than-expected_1644494238189' with langId='7cf6efab-a9d7-54d2-2cbd-ec82efe4a7da'.
  ℹ️  No keyLearningPoints document found for key 'what-should-you-consider-if-the-uterus-is-larger-than-expected_1644494238189' with langId='7cf6efab-a9d7-54d2-2cbd-ec82efe4a7da'.
  ⚠ SKIP: Localized KLP 'what-should-you-consider-if-the-uterus-is-larger-than-expected_1644494238189' not found in 7cf6efab-a9d7-54d2-2cbd-ec82efe4a7da.
  ℹ️  No key-learning-points document found for key 'what-is-true-about-mifepristone-used-at-a-medical-abortion_1644494248935' with langId='7cf6efab-a9d7-54d2-2cbd-ec82efe4a7da'.
  ℹ️  No keyLearningPoints document found for key 'what-is-true-about-mifepristone-used-at-a-medical-abortion_1644494248935' with langId='7cf6efab-a9d7-54d2-2cbd-ec82efe4a7da'.
  ⚠ SKIP: Localized KLP 'what-is-true-about-mifepristone-used-at-a-medical-abortion_1644494248935' not found in 7cf6efab-a9d7-54d2-2cbd-ec82efe4a7da.
  ℹ️  No key-learning-points document found for key 'a-medical-abortion-can-be-performed-safely-at-home-if-the-gestational-age-is-below-9-weeks-true-or-false_1644494262210' with langId='7cf6efab-a9d7-54d2-2cbd-ec82efe4a7da'.
  ℹ️  No keyLearningPoints document found for key 'a-medical-abortion-can-be-performed-safely-at-home-if-the-gestational-age-is-below-9-weeks-true-or-false_1644494262210' with langId='7cf6efab-a9d7-54d2-2cbd-ec82efe4a7da'.
  ⚠ SKIP: Localized KLP 'a-medical-abortion-can-be-performed-safely-at-home-if-the-gestational-age-is-below-9-weeks-true-or-false_1644494262210' not found in 7cf6efab-a9d7-54d2-2cbd-ec82efe4a7da.
  ℹ️  No key-learning-points document found for key 'which-of-the-following-danger-signs-can-occur-after-having-an-abortion-_1644494276007' with langId='7cf6efab-a9d7-54d2-2cbd-ec82efe4a7da'.
  ℹ️  No keyLearningPoints document found for key 'which-of-the-following-danger-signs-can-occur-after-having-an-abortion-_1644494276007' with langId='7cf6efab-a9d7-54d2-2cbd-ec82efe4a7da'.
  ⚠ SKIP: Localized KLP 'which-of-the-following-danger-signs-can-occur-after-having-an-abortion-_1644494276007' not found in 7cf6efab-a9d7-54d2-2cbd-ec82efe4a7da.
  ℹ️  No key-learning-points document found for key 'what-is-true-about-misoprostol-used-at-a-medical-abortion_1644494297756' with langId='7cf6efab-a9d7-54d2-2cbd-ec82efe4a7da'.
  ℹ️  No keyLearningPoints document found for key 'what-is-true-about-misoprostol-used-at-a-medical-abortion_1644494297756' with langId='7cf6efab-a9d7-54d2-2cbd-ec82efe4a7da'.
  ⚠ SKIP: Localized KLP 'what-is-true-about-misoprostol-used-at-a-medical-abortion_1644494297756' not found in 7cf6efab-a9d7-54d2-2cbd-ec82efe4a7da.
  ℹ️  No key-learning-points document found for key 'what-should-you-consider-if-the-woman-has-a-fever-during-a-medical-abortion_1644494307212' with langId='7cf6efab-a9d7-54d2-2cbd-ec82efe4a7da'.
  ℹ️  No keyLearningPoints document found for key 'what-should-you-consider-if-the-woman-has-a-fever-during-a-medical-abortion_1644494307212' with langId='7cf6efab-a9d7-54d2-2cbd-ec82efe4a7da'.
  ⚠ SKIP: Localized KLP 'what-should-you-consider-if-the-woman-has-a-fever-during-a-medical-abortion_1644494307212' not found in 7cf6efab-a9d7-54d2-2cbd-ec82efe4a7da.
  ℹ️  No key-learning-points document found for key 'what-describes-the-procedure-of-vacuum-aspiration_1644494319758' with langId='7cf6efab-a9d7-54d2-2cbd-ec82efe4a7da'.
  ℹ️  No keyLearningPoints document found for key 'what-describes-the-procedure-of-vacuum-aspiration_1644494319758' with langId='7cf6efab-a9d7-54d2-2cbd-ec82efe4a7da'.
  ⚠ SKIP: Localized KLP 'what-describes-the-procedure-of-vacuum-aspiration_1644494319758' not found in 7cf6efab-a9d7-54d2-2cbd-ec82efe4a7da.
  ℹ️  No key-learning-points document found for key 'if-antibiotics-are-not-available-you-should-not-perform-the-abortion-true-or-false_1644494332805' with langId='7cf6efab-a9d7-54d2-2cbd-ec82efe4a7da'.
  ℹ️  No keyLearningPoints document found for key 'if-antibiotics-are-not-available-you-should-not-perform-the-abortion-true-or-false_1644494332805' with langId='7cf6efab-a9d7-54d2-2cbd-ec82efe4a7da'.
  ⚠ SKIP: Localized KLP 'if-antibiotics-are-not-available-you-should-not-perform-the-abortion-true-or-false_1644494332805' not found in 7cf6efab-a9d7-54d2-2cbd-ec82efe4a7da.
  ℹ️  No key-learning-points document found for key 'how-do-you-perform-cervical-preparation-before-a-surgical-abortion_1644494347196' with langId='7cf6efab-a9d7-54d2-2cbd-ec82efe4a7da'.
  ℹ️  No keyLearningPoints document found for key 'how-do-you-perform-cervical-preparation-before-a-surgical-abortion_1644494347196' with langId='7cf6efab-a9d7-54d2-2cbd-ec82efe4a7da'.
  ⚠ SKIP: Localized KLP 'how-do-you-perform-cervical-preparation-before-a-surgical-abortion_1644494347196' not found in 7cf6efab-a9d7-54d2-2cbd-ec82efe4a7da.
  ℹ️  No key-learning-points document found for key 'what-is-important-to-consider-before-mva_1644494359646' with langId='7cf6efab-a9d7-54d2-2cbd-ec82efe4a7da'.
  ℹ️  No keyLearningPoints document found for key 'what-is-important-to-consider-before-mva_1644494359646' with langId='7cf6efab-a9d7-54d2-2cbd-ec82efe4a7da'.
  ⚠ SKIP: Localized KLP 'what-is-important-to-consider-before-mva_1644494359646' not found in 7cf6efab-a9d7-54d2-2cbd-ec82efe4a7da.
  ℹ️  No key-learning-points document found for key 'how-do-you-ensure-a-complete-abortion-after-mva_1644494368844' with langId='7cf6efab-a9d7-54d2-2cbd-ec82efe4a7da'.
  ℹ️  No keyLearningPoints document found for key 'how-do-you-ensure-a-complete-abortion-after-mva_1644494368844' with langId='7cf6efab-a9d7-54d2-2cbd-ec82efe4a7da'.
  ⚠ SKIP: Localized KLP 'how-do-you-ensure-a-complete-abortion-after-mva_1644494368844' not found in 7cf6efab-a9d7-54d2-2cbd-ec82efe4a7da.
  ℹ️  No key-learning-points document found for key 'when-should-you-consider-an-ectopic-pregnancy_1644494379670' with langId='7cf6efab-a9d7-54d2-2cbd-ec82efe4a7da'.
  ℹ️  No keyLearningPoints document found for key 'when-should-you-consider-an-ectopic-pregnancy_1644494379670' with langId='7cf6efab-a9d7-54d2-2cbd-ec82efe4a7da'.
  ⚠ SKIP: Localized KLP 'when-should-you-consider-an-ectopic-pregnancy_1644494379670' not found in 7cf6efab-a9d7-54d2-2cbd-ec82efe4a7da.
  ℹ️  No key-learning-points document found for key 'what-are-common-signs-of-incomplete-abortion_1644494387694' with langId='7cf6efab-a9d7-54d2-2cbd-ec82efe4a7da'.
  ℹ️  No keyLearningPoints document found for key 'what-are-common-signs-of-incomplete-abortion_1644494387694' with langId='7cf6efab-a9d7-54d2-2cbd-ec82efe4a7da'.
  ⚠ SKIP: Localized KLP 'what-are-common-signs-of-incomplete-abortion_1644494387694' not found in 7cf6efab-a9d7-54d2-2cbd-ec82efe4a7da.
  ℹ️  No key-learning-points document found for key 'what-are-the-options-for-management-of-incomplete-abortion-if-the-patient-is-stable-_1644494399515' with langId='7cf6efab-a9d7-54d2-2cbd-ec82efe4a7da'.
  ℹ️  No keyLearningPoints document found for key 'what-are-the-options-for-management-of-incomplete-abortion-if-the-patient-is-stable-_1644494399515' with langId='7cf6efab-a9d7-54d2-2cbd-ec82efe4a7da'.
  ⚠ SKIP: Localized KLP 'what-are-the-options-for-management-of-incomplete-abortion-if-the-patient-is-stable-_1644494399515' not found in 7cf6efab-a9d7-54d2-2cbd-ec82efe4a7da.
  ℹ️  No key-learning-points document found for key 'what-can-haemorrhage-after-surgical-abortion-result-from_1644494414791' with langId='7cf6efab-a9d7-54d2-2cbd-ec82efe4a7da'.
  ℹ️  No keyLearningPoints document found for key 'what-can-haemorrhage-after-surgical-abortion-result-from_1644494414791' with langId='7cf6efab-a9d7-54d2-2cbd-ec82efe4a7da'.
  ⚠ SKIP: Localized KLP 'what-can-haemorrhage-after-surgical-abortion-result-from_1644494414791' not found in 7cf6efab-a9d7-54d2-2cbd-ec82efe4a7da.
  ℹ️  No key-learning-points document found for key 'what-do-you-do-if-retained-products-of-conception-are-suspected-to-be-a-cause-for-infection_1644494426908' with langId='7cf6efab-a9d7-54d2-2cbd-ec82efe4a7da'.
  ℹ️  No keyLearningPoints document found for key 'what-do-you-do-if-retained-products-of-conception-are-suspected-to-be-a-cause-for-infection_1644494426908' with langId='7cf6efab-a9d7-54d2-2cbd-ec82efe4a7da'.
  ⚠ SKIP: Localized KLP 'what-do-you-do-if-retained-products-of-conception-are-suspected-to-be-a-cause-for-infection_1644494426908' not found in 7cf6efab-a9d7-54d2-2cbd-ec82efe4a7da.
  ℹ️  No key-learning-points document found for key 'what-is-true-about-sepsis_1644494439587' with langId='7cf6efab-a9d7-54d2-2cbd-ec82efe4a7da'.
  ℹ️  No keyLearningPoints document found for key 'what-is-true-about-sepsis_1644494439587' with langId='7cf6efab-a9d7-54d2-2cbd-ec82efe4a7da'.
  ⚠ SKIP: Localized KLP 'what-is-true-about-sepsis_1644494439587' not found in 7cf6efab-a9d7-54d2-2cbd-ec82efe4a7da.
  ℹ️  No key-learning-points document found for key 'what-information-is-important-to-give-to-the-woman-before-discharge_1644494449638' with langId='7cf6efab-a9d7-54d2-2cbd-ec82efe4a7da'.
  ℹ️  No keyLearningPoints document found for key 'what-information-is-important-to-give-to-the-woman-before-discharge_1644494449638' with langId='7cf6efab-a9d7-54d2-2cbd-ec82efe4a7da'.
  ⚠ SKIP: Localized KLP 'what-information-is-important-to-give-to-the-woman-before-discharge_1644494449638' not found in 7cf6efab-a9d7-54d2-2cbd-ec82efe4a7da.
  ℹ️  No key-learning-points document found for key 'when-can-a-woman-leave-the-healthcare-facility-after-an-abortion-if-there-are-no-complications_1644494460220' with langId='7cf6efab-a9d7-54d2-2cbd-ec82efe4a7da'.
  ℹ️  No keyLearningPoints document found for key 'when-can-a-woman-leave-the-healthcare-facility-after-an-abortion-if-there-are-no-complications_1644494460220' with langId='7cf6efab-a9d7-54d2-2cbd-ec82efe4a7da'.
  ⚠ SKIP: Localized KLP 'when-can-a-woman-leave-the-healthcare-facility-after-an-abortion-if-there-are-no-complications_1644494460220' not found in 7cf6efab-a9d7-54d2-2cbd-ec82efe4a7da.
  ℹ️  No key-learning-points document found for key 'should-you-recommend-a-follow-up-visit-to-a-woman-who-has-had-a-medical-abortion-with-misoprostol-alone_1644494472392' with langId='7cf6efab-a9d7-54d2-2cbd-ec82efe4a7da'.
  ℹ️  No keyLearningPoints document found for key 'should-you-recommend-a-follow-up-visit-to-a-woman-who-has-had-a-medical-abortion-with-misoprostol-alone_1644494472392' with langId='7cf6efab-a9d7-54d2-2cbd-ec82efe4a7da'.
  ⚠ SKIP: Localized KLP 'should-you-recommend-a-follow-up-visit-to-a-woman-who-has-had-a-medical-abortion-with-misoprostol-alone_1644494472392' not found in 7cf6efab-a9d7-54d2-2cbd-ec82efe4a7da.
  ℹ️  No key-learning-points document found for key 'if-available-which-laboratory-tests-are-relevant-to-perform-before-an-abortion_1644494502539' with langId='7cf6efab-a9d7-54d2-2cbd-ec82efe4a7da'.
  ℹ️  No keyLearningPoints document found for key 'if-available-which-laboratory-tests-are-relevant-to-perform-before-an-abortion_1644494502539' with langId='7cf6efab-a9d7-54d2-2cbd-ec82efe4a7da'.
  ⚠ SKIP: Localized KLP 'if-available-which-laboratory-tests-are-relevant-to-perform-before-an-abortion_1644494502539' not found in 7cf6efab-a9d7-54d2-2cbd-ec82efe4a7da.
  ℹ️  No key-learning-points document found for key 'which-methods-of-contraception-can-be-initiated-immediately-following-surgical-or-medical-abortion_1644494624066' with langId='7cf6efab-a9d7-54d2-2cbd-ec82efe4a7da'.
  ℹ️  No keyLearningPoints document found for key 'which-methods-of-contraception-can-be-initiated-immediately-following-surgical-or-medical-abortion_1644494624066' with langId='7cf6efab-a9d7-54d2-2cbd-ec82efe4a7da'.
  ⚠ SKIP: Localized KLP 'which-methods-of-contraception-can-be-initiated-immediately-following-surgical-or-medical-abortion_1644494624066' not found in 7cf6efab-a9d7-54d2-2cbd-ec82efe4a7da.
  ℹ️  No key-learning-points document found for key 'what-non-pharmacological-methods-of-pain-management-should-you-as-a-health-provider-use_1644494632475' with langId='7cf6efab-a9d7-54d2-2cbd-ec82efe4a7da'.
  ℹ️  No keyLearningPoints document found for key 'what-non-pharmacological-methods-of-pain-management-should-you-as-a-health-provider-use_1644494632475' with langId='7cf6efab-a9d7-54d2-2cbd-ec82efe4a7da'.
  ⚠ SKIP: Localized KLP 'what-non-pharmacological-methods-of-pain-management-should-you-as-a-health-provider-use_1644494632475' not found in 7cf6efab-a9d7-54d2-2cbd-ec82efe4a7da.
  ℹ️  No key-learning-points document found for key 'what-are-some-of-the-characteristics-of-vacuum-aspiration_1644494640646' with langId='7cf6efab-a9d7-54d2-2cbd-ec82efe4a7da'.
  ℹ️  No keyLearningPoints document found for key 'what-are-some-of-the-characteristics-of-vacuum-aspiration_1644494640646' with langId='7cf6efab-a9d7-54d2-2cbd-ec82efe4a7da'.
  ⚠ SKIP: Localized KLP 'what-are-some-of-the-characteristics-of-vacuum-aspiration_1644494640646' not found in 7cf6efab-a9d7-54d2-2cbd-ec82efe4a7da.
  ℹ️  No key-learning-points document found for key 'which-of-the-following-are-common-signs-of-infection_1644494649759' with langId='7cf6efab-a9d7-54d2-2cbd-ec82efe4a7da'.
  ℹ️  No keyLearningPoints document found for key 'which-of-the-following-are-common-signs-of-infection_1644494649759' with langId='7cf6efab-a9d7-54d2-2cbd-ec82efe4a7da'.
  ⚠ SKIP: Localized KLP 'which-of-the-following-are-common-signs-of-infection_1644494649759' not found in 7cf6efab-a9d7-54d2-2cbd-ec82efe4a7da.
  ℹ️  No key-learning-points document found for key 'what-should-the-woman-do-if-she-has-little-or-no-bleeding-1-2-days-after-taking-all-the-pills-for-a-medical-abortion_1644494660691' with langId='7cf6efab-a9d7-54d2-2cbd-ec82efe4a7da'.
  ℹ️  No keyLearningPoints document found for key 'what-should-the-woman-do-if-she-has-little-or-no-bleeding-1-2-days-after-taking-all-the-pills-for-a-medical-abortion_1644494660691' with langId='7cf6efab-a9d7-54d2-2cbd-ec82efe4a7da'.
  ⚠ SKIP: Localized KLP 'what-should-the-woman-do-if-she-has-little-or-no-bleeding-1-2-days-after-taking-all-the-pills-for-a-medical-abortion_1644494660691' not found in 7cf6efab-a9d7-54d2-2cbd-ec82efe4a7da.
  ℹ️  No key-learning-points document found for key 'why-should-the-dose-of-misoprostol-be-reduced-as-the-gestational-age-advances-_1644494671361' with langId='7cf6efab-a9d7-54d2-2cbd-ec82efe4a7da'.
  ℹ️  No keyLearningPoints document found for key 'why-should-the-dose-of-misoprostol-be-reduced-as-the-gestational-age-advances-_1644494671361' with langId='7cf6efab-a9d7-54d2-2cbd-ec82efe4a7da'.
  ⚠ SKIP: Localized KLP 'why-should-the-dose-of-misoprostol-be-reduced-as-the-gestational-age-advances-_1644494671361' not found in 7cf6efab-a9d7-54d2-2cbd-ec82efe4a7da.
  ℹ️  No key-learning-points document found for key 'neither-misoprostol-nor-mifepristone-will-treat-ectopic-pregnancy-true-or-false-_1644494681653' with langId='7cf6efab-a9d7-54d2-2cbd-ec82efe4a7da'.
  ℹ️  No keyLearningPoints document found for key 'neither-misoprostol-nor-mifepristone-will-treat-ectopic-pregnancy-true-or-false-_1644494681653' with langId='7cf6efab-a9d7-54d2-2cbd-ec82efe4a7da'.
  ⚠ SKIP: Localized KLP 'neither-misoprostol-nor-mifepristone-will-treat-ectopic-pregnancy-true-or-false-_1644494681653' not found in 7cf6efab-a9d7-54d2-2cbd-ec82efe4a7da.
  ℹ️  No key-learning-points document found for key 'what-does-the-abortion-options-available-to-a-woman-depend-on_1644494691380' with langId='7cf6efab-a9d7-54d2-2cbd-ec82efe4a7da'.
  ℹ️  No keyLearningPoints document found for key 'what-does-the-abortion-options-available-to-a-woman-depend-on_1644494691380' with langId='7cf6efab-a9d7-54d2-2cbd-ec82efe4a7da'.
  ⚠ SKIP: Localized KLP 'what-does-the-abortion-options-available-to-a-woman-depend-on_1644494691380' not found in 7cf6efab-a9d7-54d2-2cbd-ec82efe4a7da.
  ℹ️  No key-learning-points document found for key 'which-method-of-medical-abortion-is-the-most-effective_1644494702378' with langId='7cf6efab-a9d7-54d2-2cbd-ec82efe4a7da'.
  ℹ️  No keyLearningPoints document found for key 'which-method-of-medical-abortion-is-the-most-effective_1644494702378' with langId='7cf6efab-a9d7-54d2-2cbd-ec82efe4a7da'.
  ⚠ SKIP: Localized KLP 'which-method-of-medical-abortion-is-the-most-effective_1644494702378' not found in 7cf6efab-a9d7-54d2-2cbd-ec82efe4a7da.
  ℹ️  No key-learning-points document found for key 'what-is-the-correct-order-of-the-following-steps-of-mva_1644494731757' with langId='7cf6efab-a9d7-54d2-2cbd-ec82efe4a7da'.
  ℹ️  No keyLearningPoints document found for key 'what-is-the-correct-order-of-the-following-steps-of-mva_1644494731757' with langId='7cf6efab-a9d7-54d2-2cbd-ec82efe4a7da'.
  ⚠ SKIP: Localized KLP 'what-is-the-correct-order-of-the-following-steps-of-mva_1644494731757' not found in 7cf6efab-a9d7-54d2-2cbd-ec82efe4a7da.
  ℹ️  No key-learning-points document found for key 'what-is-the-safest-and-most-effective-surgical-technique-for-abortions-after-12-14-weeks_1644494743723' with langId='7cf6efab-a9d7-54d2-2cbd-ec82efe4a7da'.
  ℹ️  No keyLearningPoints document found for key 'what-is-the-safest-and-most-effective-surgical-technique-for-abortions-after-12-14-weeks_1644494743723' with langId='7cf6efab-a9d7-54d2-2cbd-ec82efe4a7da'.
  ⚠ SKIP: Localized KLP 'what-is-the-safest-and-most-effective-surgical-technique-for-abortions-after-12-14-weeks_1644494743723' not found in 7cf6efab-a9d7-54d2-2cbd-ec82efe4a7da.
  Step 2: Queuing module payload with resource slugs...
Using cached asset_id: 37d3ad277d2b4be39ae91ca3e65201eb
Skipping previously failed asset: https://sdacms.blob.core.windows.net/content/assets/videos/english%20WHO/Safe%20abortion%20care/intro.mp4
Warning: Failed to process video asset: /english WHO/Safe abortion care/intro
Skipping previously failed asset: https://sdacms.blob.core.windows.net/content/assets/videos/english%20WHO/Safe%20abortion%20care/pre_abortion_care.mp4
Warning: Failed to process video asset: /english WHO/Safe abortion care/pre_abortion_care
Skipping previously failed asset: https://sdacms.blob.core.windows.net/content/assets/videos/english%20WHO/Safe%20abortion%20care/medical_abortion.mp4
Warning: Failed to process video asset: /english WHO/Safe abortion care/medical_abortion
Skipping previously failed asset: https://sdacms.blob.core.windows.net/content/assets/videos/english%20WHO/Safe%20abortion%20care/surgical_abortion.mp4
Warning: Failed to process video asset: /english WHO/Safe abortion care/surgical_abortion
Skipping previously failed asset: https://sdacms.blob.core.windows.net/content/assets/videos/english%20WHO/Safe%20abortion%20care/abortion_complication.mp4
Warning: Failed to process video asset: /english WHO/Safe abortion care/abortion_complication
Skipping previously failed asset: https://sdacms.blob.core.windows.net/content/assets/videos/english%20WHO/Safe%20abortion%20care/before_discharge.mp4
Warning: Failed to process video asset: /english WHO/Safe abortion care/before_discharge
  → Using bundle description fallback for translated module
  → Queued module 'Safe Abortion' -> /home/azureuser/test/content_migrator/data/processed_data/modules.csv
  → Found English title from Cosmos (key='post-abortion-care_1487676484604'): 'Post Abortion Care'
[ModuleMigrator] Using Cosmos doc resource lists for TRANSLATED module 'post-abortion-care_1487676484604' (lang: 7cf6efab-a9d7-54d2-2cbd-ec82efe4a7da)
  actionCards: 4 keys
  procedures: 3 keys
  drugs: 6 keys
  keyLearningPoints: 36 keys
  videos: 5 keys
  ⚠ STRUCTURAL VIOLATION: Global identity document not found in Cosmos for localized module 'post-abortion-care'. Proceeding with placeholder title: Post Abortion Care
  Step 1: Preparing module resources (queue)...
Loaded 511 existing resource mappings
Mapping language:   7cf6efab-a9d7-54d2-2cbd-ec82efe4a7da
  DEBUG: Found 5 videos in module
Downloading video asset from https://sdacms.blob.core.windows.net/content/assets/videos/english%20WHO/Post%20abortion%20care/intro.mp4
Error downloading video asset https://sdacms.blob.core.windows.net/content/assets/videos/english%20WHO/Post%20abortion%20care/intro.mp4: 404 Client Error: The specified blob does not exist. for url: https://sdacms.blob.core.windows.net/content/assets/videos/english%20WHO/Post%20abortion%20care/intro.mp4
Video icon URL: english%20WHO/Post%20abortion%20care/intro
Video icon URL: english%20WHO/Post%20abortion%20care/intro
Downloading video_icon asset from https://sdacms.blob.core.windows.net/content/assets/videos/english%20WHO/Post%20abortion%20care/intro.png
Error downloading video_icon asset https://sdacms.blob.core.windows.net/content/assets/videos/english%20WHO/Post%20abortion%20care/intro.png: 404 Client Error: The specified blob does not exist. for url: https://sdacms.blob.core.windows.net/content/assets/videos/english%20WHO/Post%20abortion%20care/intro.png
Skipping video '/english WHO/Post abortion care/intro' - missing asset upload
Downloading video asset from https://sdacms.blob.core.windows.net/content/assets/videos/english%20WHO/Post%20abortion%20care/how_to_diagnose.mp4
Error downloading video asset https://sdacms.blob.core.windows.net/content/assets/videos/english%20WHO/Post%20abortion%20care/how_to_diagnose.mp4: 404 Client Error: The specified blob does not exist. for url: https://sdacms.blob.core.windows.net/content/assets/videos/english%20WHO/Post%20abortion%20care/how_to_diagnose.mp4
Video icon URL: english%20WHO/Post%20abortion%20care/how_to_diagnose
Video icon URL: english%20WHO/Post%20abortion%20care/how_to_diagnose
Downloading video_icon asset from https://sdacms.blob.core.windows.net/content/assets/videos/english%20WHO/Post%20abortion%20care/how_to_diagnose.png
Error downloading video_icon asset https://sdacms.blob.core.windows.net/content/assets/videos/english%20WHO/Post%20abortion%20care/how_to_diagnose.png: 404 Client Error: The specified blob does not exist. for url: https://sdacms.blob.core.windows.net/content/assets/videos/english%20WHO/Post%20abortion%20care/how_to_diagnose.png
Skipping video '/english WHO/Post abortion care/how_to_diagnose' - missing asset upload
Downloading video asset from https://sdacms.blob.core.windows.net/content/assets/videos/english%20WHO/Post%20abortion%20care/how_to_manage.mp4
Error downloading video asset https://sdacms.blob.core.windows.net/content/assets/videos/english%20WHO/Post%20abortion%20care/how_to_manage.mp4: 404 Client Error: The specified blob does not exist. for url: https://sdacms.blob.core.windows.net/content/assets/videos/english%20WHO/Post%20abortion%20care/how_to_manage.mp4
Video icon URL: english%20WHO/Post%20abortion%20care/how_to_manage
Video icon URL: english%20WHO/Post%20abortion%20care/how_to_manage
Downloading video_icon asset from https://sdacms.blob.core.windows.net/content/assets/videos/english%20WHO/Post%20abortion%20care/how_to_manage.png
Error downloading video_icon asset https://sdacms.blob.core.windows.net/content/assets/videos/english%20WHO/Post%20abortion%20care/how_to_manage.png: 404 Client Error: The specified blob does not exist. for url: https://sdacms.blob.core.windows.net/content/assets/videos/english%20WHO/Post%20abortion%20care/how_to_manage.png
Skipping video '/english WHO/Post abortion care/how_to_manage' - missing asset upload
Downloading video asset from https://sdacms.blob.core.windows.net/content/assets/videos/english%20WHO/Post%20abortion%20care/evacuation_of_the_uterus.mp4
Error downloading video asset https://sdacms.blob.core.windows.net/content/assets/videos/english%20WHO/Post%20abortion%20care/evacuation_of_the_uterus.mp4: 404 Client Error: The specified blob does not exist. for url: https://sdacms.blob.core.windows.net/content/assets/videos/english%20WHO/Post%20abortion%20care/evacuation_of_the_uterus.mp4
Video icon URL: english%20WHO/Post%20abortion%20care/evacuation_of_the_uterus
Video icon URL: english%20WHO/Post%20abortion%20care/evacuation_of_the_uterus
Downloading video_icon asset from https://sdacms.blob.core.windows.net/content/assets/videos/english%20WHO/Post%20abortion%20care/evacuation_of_the_uterus.png
Error downloading video_icon asset https://sdacms.blob.core.windows.net/content/assets/videos/english%20WHO/Post%20abortion%20care/evacuation_of_the_uterus.png: 404 Client Error: The specified blob does not exist. for url: https://sdacms.blob.core.windows.net/content/assets/videos/english%20WHO/Post%20abortion%20care/evacuation_of_the_uterus.png
Skipping video '/english WHO/Post abortion care/evacuation_of_the_uterus' - missing asset upload
Downloading video asset from https://sdacms.blob.core.windows.net/content/assets/videos/english%20WHO/Post%20abortion%20care/manual_vacuum_aspiration.mp4
Error downloading video asset https://sdacms.blob.core.windows.net/content/assets/videos/english%20WHO/Post%20abortion%20care/manual_vacuum_aspiration.mp4: 404 Client Error: The specified blob does not exist. for url: https://sdacms.blob.core.windows.net/content/assets/videos/english%20WHO/Post%20abortion%20care/manual_vacuum_aspiration.mp4
Video icon URL: english%20WHO/Post%20abortion%20care/manual_vacuum_aspiration
Video icon URL: english%20WHO/Post%20abortion%20care/manual_vacuum_aspiration
Downloading video_icon asset from https://sdacms.blob.core.windows.net/content/assets/videos/english%20WHO/Post%20abortion%20care/manual_vacuum_aspiration.png
Error downloading video_icon asset https://sdacms.blob.core.windows.net/content/assets/videos/english%20WHO/Post%20abortion%20care/manual_vacuum_aspiration.png: 404 Client Error: The specified blob does not exist. for url: https://sdacms.blob.core.windows.net/content/assets/videos/english%20WHO/Post%20abortion%20care/manual_vacuum_aspiration.png
Skipping video '/english WHO/Post abortion care/manual_vacuum_aspiration' - missing asset upload
  DEBUG: Found 4 action cards in module
Mapping language:   7cf6efab-a9d7-54d2-2cbd-ec82efe4a7da
Using cached asset_id: 2c75452bf7c24248b8ba1ad55e33eaae
CACHED: Saved new asset_id '726db5896d4b4acab1b9cc99ff39fb25' for path 'https://sdacms.blob.core.windows.net/content/assets/images/africa/key learning points/Post abortion care/hard-abdomen.png'
CACHED: Saved new asset_id 'b0adba16bff248fd915419915397740e' for path 'https://sdacms.blob.core.windows.net/content/assets/images/africa/richtext/smelling vaginal discharge.png'
CACHED: Saved new asset_id '3ad7be5378374c828ddbbcf3c80a02da' for path 'https://sdacms.blob.core.windows.net/content/assets/images/africa/richtext/AC_vaginal_bleeding.png'
CACHED: Saved new asset_id 'b39800a83e48421d8621be9aadbaa78c' for path 'https://sdacms.blob.core.windows.net/content/assets/images/africa/richtext/AC_signs_of_shock.png'
Saved Markdown: /home/azureuser/test/content_migrator/data/temp_data/post_abortion_care_definitions_original.md
Saved Markdown: /home/azureuser/test/content_migrator/data/temp_data/post_abortion_care_definitions_adapted_africa.md
Saved Markdown: /home/azureuser/test/content_migrator/data/temp_data/post_abortion_care_definitions_translated_action_card.md
  📎 Linking 5 embedded asset(s) to markdown upload
Created action-card resource: title='Post Abortion Care_definitions' description='Post Abortion Care_definitions' icon='2c75452bf7c24248b8ba1ad55e33eaae' content='c6396bb6e25a4ef987c439b314f52c71' language_id='7cf6efab-a9d7-54d2-2cbd-ec82efe4a7da' region='africa' content_type='original' created_by='natalia@maternity.dk' level=None questions=None derived_from_id=None
  📎 Linking 5 embedded asset(s) to markdown upload
Created action-card resource: title='Post Abortion Care_definitions' description='Post Abortion Care_definitions' icon='2c75452bf7c24248b8ba1ad55e33eaae' content='d3aad851f61943009ab9bbd3e73f0262' language_id='7cf6efab-a9d7-54d2-2cbd-ec82efe4a7da' region='africa' content_type='adapted' created_by='natalia@maternity.dk' level=None questions=None derived_from_id=None
  📎 Linking 5 embedded asset(s) to markdown upload
Created action-card resource: title='Post Abortion Care_definitions' description='Post Abortion Care_definitions' icon='2c75452bf7c24248b8ba1ad55e33eaae' content='32d3c536a03e4f3a8b17dc3d08a9a4a0' language_id='7cf6efab-a9d7-54d2-2cbd-ec82efe4a7da' region='africa' content_type='translated' created_by='natalia@maternity.dk' level=None questions=None derived_from_id=None
  ℹ️  No screens translation found for 'action-card:definitions_1486843717068', using original
Queuing action-card: res-action-card-post-abortion-care-definitions (Source: 'Post Abortion Care_definitions')
Mapping language:   7cf6efab-a9d7-54d2-2cbd-ec82efe4a7da
Using cached asset_id: 87b85fda89ca497388c3222dfc241ddf
Saved Markdown: /home/azureuser/test/content_migrator/data/temp_data/post_abortion_care_emergency_management_original.md
Saved Markdown: /home/azureuser/test/content_migrator/data/temp_data/post_abortion_care_emergency_management_adapted_africa.md
Saved Markdown: /home/azureuser/test/content_migrator/data/temp_data/post_abortion_care_emergency_management_translated_action_card.md
Created action-card resource: title='Post Abortion Care Emergency Management' description='Post Abortion Care Emergency Management' icon='87b85fda89ca497388c3222dfc241ddf' content='11589717c4da42e99b385bc50e9d1d5d' language_id='7cf6efab-a9d7-54d2-2cbd-ec82efe4a7da' region='africa' content_type='original' created_by='natalia@maternity.dk' level=None questions=None derived_from_id=None
Created action-card resource: title='Post Abortion Care Emergency Management' description='Post Abortion Care Emergency Management' icon='87b85fda89ca497388c3222dfc241ddf' content='ed0b3969f48e43e191a1b9222e7f2f27' language_id='7cf6efab-a9d7-54d2-2cbd-ec82efe4a7da' region='africa' content_type='adapted' created_by='natalia@maternity.dk' level=None questions=None derived_from_id=None
Created action-card resource: title='Post Abortion Care Emergency Management' description='Post Abortion Care Emergency Management' icon='87b85fda89ca497388c3222dfc241ddf' content='2121742eaf8642fcb298ff26cbf10034' language_id='7cf6efab-a9d7-54d2-2cbd-ec82efe4a7da' region='africa' content_type='translated' created_by='natalia@maternity.dk' level=None questions=None derived_from_id=None
  ℹ️  No screens translation found for 'action-card:emergency-management_1486843944185', using original
Queuing action-card: res-action-card-post-abortion-care-emergency-management (Source: 'Post Abortion Care Emergency Management')
Mapping language:   7cf6efab-a9d7-54d2-2cbd-ec82efe4a7da
Using cached asset_id: 206cd0e56dd94e9f97042b95d30c5c15
Saved Markdown: /home/azureuser/test/content_migrator/data/temp_data/post_abortion_care_following_management_original.md
Saved Markdown: /home/azureuser/test/content_migrator/data/temp_data/post_abortion_care_following_management_adapted_africa.md
Saved Markdown: /home/azureuser/test/content_migrator/data/temp_data/post_abortion_care_following_management_translated_action_card.md
Created action-card resource: title='Post Abortion Care Following Management' description='Post Abortion Care Following Management' icon='206cd0e56dd94e9f97042b95d30c5c15' content='1d596b0053344497ba083f641bdf1f92' language_id='7cf6efab-a9d7-54d2-2cbd-ec82efe4a7da' region='africa' content_type='original' created_by='natalia@maternity.dk' level=None questions=None derived_from_id=None
Created action-card resource: title='Post Abortion Care Following Management' description='Post Abortion Care Following Management' icon='206cd0e56dd94e9f97042b95d30c5c15' content='a73a18090d4749ab959254dbea310e2a' language_id='7cf6efab-a9d7-54d2-2cbd-ec82efe4a7da' region='africa' content_type='adapted' created_by='natalia@maternity.dk' level=None questions=None derived_from_id=None
Created action-card resource: title='Post Abortion Care Following Management' description='Post Abortion Care Following Management' icon='206cd0e56dd94e9f97042b95d30c5c15' content='823030a3262a42088e37b7019ddbb725' language_id='7cf6efab-a9d7-54d2-2cbd-ec82efe4a7da' region='africa' content_type='translated' created_by='natalia@maternity.dk' level=None questions=None derived_from_id=None
  ℹ️  No screens translation found for 'action-card:following-management_1486845338095', using original
Queuing action-card: res-action-card-post-abortion-care-following-management (Source: 'Post Abortion Care Following Management')
Mapping language:   7cf6efab-a9d7-54d2-2cbd-ec82efe4a7da
Using cached asset_id: 5c7e7afdce7d4b84952e58208235ba8d
CACHED: Saved new asset_id '2450177369fd4384a049056c2cef561d' for path 'https://sdacms.blob.core.windows.net/content/assets/images/africa/key learning points/Manual removal of placenta/ambulance.png'
Saved Markdown: /home/azureuser/test/content_migrator/data/temp_data/emergency_referral_post_abortion_care_original.md
Saved Markdown: /home/azureuser/test/content_migrator/data/temp_data/emergency_referral_post_abortion_care_adapted_africa.md
Saved Markdown: /home/azureuser/test/content_migrator/data/temp_data/emergency_referral_post_abortion_care_translated_action_card.md
  📎 Linking 1 embedded asset(s) to markdown upload
Created action-card resource: title='Emergency Referral - Post Abortion Care' description='Emergency Referral - Post Abortion Care' icon='5c7e7afdce7d4b84952e58208235ba8d' content='8fe2feedff6e4e4da8b460df161fc5f6' language_id='7cf6efab-a9d7-54d2-2cbd-ec82efe4a7da' region='africa' content_type='original' created_by='natalia@maternity.dk' level=None questions=None derived_from_id=None
  📎 Linking 1 embedded asset(s) to markdown upload
Created action-card resource: title='Emergency Referral - Post Abortion Care' description='Emergency Referral - Post Abortion Care' icon='5c7e7afdce7d4b84952e58208235ba8d' content='eed51300d84d4c149b04bde15dba9564' language_id='7cf6efab-a9d7-54d2-2cbd-ec82efe4a7da' region='africa' content_type='adapted' created_by='natalia@maternity.dk' level=None questions=None derived_from_id=None
  📎 Linking 1 embedded asset(s) to markdown upload
Created action-card resource: title='Emergency Referral - Post Abortion Care' description='Emergency Referral - Post Abortion Care' icon='5c7e7afdce7d4b84952e58208235ba8d' content='03c97431fbf64886b79168451625838f' language_id='7cf6efab-a9d7-54d2-2cbd-ec82efe4a7da' region='africa' content_type='translated' created_by='natalia@maternity.dk' level=None questions=None derived_from_id=None
  ℹ️  No screens translation found for 'action-card:emergency-referral---post-abortion-care_1527679414998', using original
Queuing action-card: res-action-card-emergency-referral-post-abortion-care (Source: 'Emergency Referral - Post Abortion Care')
Mapping language:   7cf6efab-a9d7-54d2-2cbd-ec82efe4a7da
  DEBUG: Found 3 procedures in module
Using cached asset_id: b8f734352816486a95d24dcec5dd8282
CACHED: Saved new asset_id '1dd527976cb54f4c8254bf4f25a54ad8' for path 'https://sdacms.blob.core.windows.net/content/assets/images/africa/richtext/pp_cleaning_1.png'
CACHED: Saved new asset_id '0886ccb2573a429f9e32c2d16fd849cd' for path 'https://sdacms.blob.core.windows.net/content/assets/images/africa/richtext/pp_cleaning_2.png'
Saved Markdown: /home/azureuser/test/content_migrator/data/temp_data/cleaning_manual_vacuum_aspirator_original.md
Saved Markdown: /home/azureuser/test/content_migrator/data/temp_data/cleaning_manual_vacuum_aspirator_adapted_africa.md
Saved Markdown: /home/azureuser/test/content_migrator/data/temp_data/cleaning_manual_vacuum_aspirator_translated_action_card.md
  📎 Linking 3 embedded asset(s) to markdown upload
Created action-card resource: title='Cleaning manual vacuum aspirator' description='Cleaning manual vacuum aspirator' icon='b8f734352816486a95d24dcec5dd8282' content='6dba768af36a4eb687de8e1a6bc5a302' language_id='7cf6efab-a9d7-54d2-2cbd-ec82efe4a7da' region='africa' content_type='original' created_by='natalia@maternity.dk' level=None questions=None derived_from_id=None
  📎 Linking 3 embedded asset(s) to markdown upload
Created action-card resource: title='Cleaning manual vacuum aspirator' description='Cleaning manual vacuum aspirator' icon='b8f734352816486a95d24dcec5dd8282' content='63639995d0c54f72bc8102ce20fb4495' language_id='7cf6efab-a9d7-54d2-2cbd-ec82efe4a7da' region='africa' content_type='adapted' created_by='natalia@maternity.dk' level=None questions=None derived_from_id=None
  📎 Linking 3 embedded asset(s) to markdown upload
Created action-card resource: title='Cleaning manual vacuum aspirator' description='Cleaning manual vacuum aspirator' icon='b8f734352816486a95d24dcec5dd8282' content='0ae92bfa018245f4927a7e468c9cef2c' language_id='7cf6efab-a9d7-54d2-2cbd-ec82efe4a7da' region='africa' content_type='translated' created_by='natalia@maternity.dk' level=None questions=None derived_from_id=None
  ℹ️  No screens translation found for 'procedure:cleaning-manual-vacuum-aspirator_1487245553833', using original
Queuing procedure: res-procedure-cleaning-manual-vacuum-aspirator (Source: 'Cleaning manual vacuum aspirator')
Using cached asset_id: 28375baf9417458e9f8cd106380f78de
CACHED: Saved new asset_id '63349ea3616543219902a4bbaae90986' for path 'https://sdacms.blob.core.windows.net/content/assets/images/africa/richtext/urine_catheter.png'
Saved Markdown: /home/azureuser/test/content_migrator/data/temp_data/urine_catheter_original.md
Saved Markdown: /home/azureuser/test/content_migrator/data/temp_data/urine_catheter_adapted_africa.md
Saved Markdown: /home/azureuser/test/content_migrator/data/temp_data/urine_catheter_translated_action_card.md
  📎 Linking 1 embedded asset(s) to markdown upload
Created action-card resource: title='Urine catheter' description='Urine catheter' icon='28375baf9417458e9f8cd106380f78de' content='ef0976b22c2343a092c44fe4ffb5b90a' language_id='7cf6efab-a9d7-54d2-2cbd-ec82efe4a7da' region='africa' content_type='original' created_by='frederikke@maternity.dk' level=None questions=None derived_from_id=None
  📎 Linking 1 embedded asset(s) to markdown upload
Created action-card resource: title='Urine catheter' description='Urine catheter' icon='28375baf9417458e9f8cd106380f78de' content='e10cc38b23df41e0849af819af6f2c28' language_id='7cf6efab-a9d7-54d2-2cbd-ec82efe4a7da' region='africa' content_type='adapted' created_by='frederikke@maternity.dk' level=None questions=None derived_from_id=None
  📎 Linking 1 embedded asset(s) to markdown upload
Created action-card resource: title='Urine catheter' description='Urine catheter' icon='28375baf9417458e9f8cd106380f78de' content='96a19810693b40c8876d81a9c85e7e60' language_id='7cf6efab-a9d7-54d2-2cbd-ec82efe4a7da' region='africa' content_type='translated' created_by='frederikke@maternity.dk' level=None questions=None derived_from_id=None
  ℹ️  No screens translation found for 'procedure:urine-catheter_1487245590353', using original
Queuing procedure: res-procedure-urine-catheter (Source: 'Urine catheter')
  ℹ️  No procedures document found for key 'intravenous-access-equipment_1487245827833' with langId='7cf6efab-a9d7-54d2-2cbd-ec82efe4a7da'.
  ⚠ SKIP: Localized procedure 'intravenous-access-equipment_1487245827833' not found in 7cf6efab-a9d7-54d2-2cbd-ec82efe4a7da.
Using cached asset_id: 64fa7317a43c402585cd4a989c486b1c
  ✓ Module icon uploaded for drugs: 64fa7317...
Mapping language:   7cf6efab-a9d7-54d2-2cbd-ec82efe4a7da
  DEBUG: Found 6 drugs in module
  ✓ Drug inheriting module icon: 64fa7317...
Saved Markdown: /home/azureuser/test/content_migrator/data/temp_data/ampicillin_original.md
Saved Markdown: /home/azureuser/test/content_migrator/data/temp_data/ampicillin_adapted_africa.md
Saved Markdown: /home/azureuser/test/content_migrator/data/temp_data/ampicillin_translated_action_card.md
Created action-card resource: title='Ampicillin' description='Ampicillin' icon='64fa7317a43c402585cd4a989c486b1c' content='e0ab39df90b2463f9e2edeb2f74d71b5' language_id='7cf6efab-a9d7-54d2-2cbd-ec82efe4a7da' region='africa' content_type='original' created_by='nanna@maternity.dk' level=None questions=None derived_from_id=None
Created action-card resource: title='Ampicillin' description='Ampicillin' icon='64fa7317a43c402585cd4a989c486b1c' content='19de3198bf29487598e157b667c9c9b3' language_id='7cf6efab-a9d7-54d2-2cbd-ec82efe4a7da' region='africa' content_type='adapted' created_by='nanna@maternity.dk' level=None questions=None derived_from_id=None
Created action-card resource: title='Ampicillin' description='Ampicillin' icon='64fa7317a43c402585cd4a989c486b1c' content='c57efb5981ec4ac3b3308f8103531d8d' language_id='7cf6efab-a9d7-54d2-2cbd-ec82efe4a7da' region='africa' content_type='translated' created_by='nanna@maternity.dk' level=None questions=None derived_from_id=None
  ℹ️  No screens translation found for 'drug:ampicillin_1486975748548', using original
Queuing drug: res-drug-ampicillin (Source: 'Ampicillin')
Overwriting previous queue for 'res-drug-ampicillin' with language-specific version (lang: 7cf6efab-a9d7-54d2-2cbd-ec82efe4a7da)
  ✓ Drug inheriting module icon: 64fa7317...
Saved Markdown: /home/azureuser/test/content_migrator/data/temp_data/gentamicin_original.md
Saved Markdown: /home/azureuser/test/content_migrator/data/temp_data/gentamicin_adapted_africa.md
Saved Markdown: /home/azureuser/test/content_migrator/data/temp_data/gentamicin_translated_action_card.md
Created action-card resource: title='Gentamicin' description='Gentamicin' icon='64fa7317a43c402585cd4a989c486b1c' content='2e34b7aabc664af283a8a719fce10990' language_id='7cf6efab-a9d7-54d2-2cbd-ec82efe4a7da' region='africa' content_type='original' created_by='nanna@maternity.dk' level=None questions=None derived_from_id=None
Created action-card resource: title='Gentamicin' description='Gentamicin' icon='64fa7317a43c402585cd4a989c486b1c' content='0d76cd15d9a7476e882615bfaaa7b179' language_id='7cf6efab-a9d7-54d2-2cbd-ec82efe4a7da' region='africa' content_type='adapted' created_by='nanna@maternity.dk' level=None questions=None derived_from_id=None
Created action-card resource: title='Gentamicin' description='Gentamicin' icon='64fa7317a43c402585cd4a989c486b1c' content='b62135aceb6f417dbbb05b1cf67c0921' language_id='7cf6efab-a9d7-54d2-2cbd-ec82efe4a7da' region='africa' content_type='translated' created_by='nanna@maternity.dk' level=None questions=None derived_from_id=None
  ℹ️  No screens translation found for 'drug:gentamicin_1487679704293', using original
Queuing drug: res-drug-gentamicin (Source: 'Gentamicin')
Overwriting previous queue for 'res-drug-gentamicin' with language-specific version (lang: 7cf6efab-a9d7-54d2-2cbd-ec82efe4a7da)
  ✓ Drug inheriting module icon: 64fa7317...
Saved Markdown: /home/azureuser/test/content_migrator/data/temp_data/metronidazole_original.md
Saved Markdown: /home/azureuser/test/content_migrator/data/temp_data/metronidazole_adapted_africa.md
Saved Markdown: /home/azureuser/test/content_migrator/data/temp_data/metronidazole_translated_action_card.md
Created action-card resource: title='Metronidazole' description='Metronidazole' icon='64fa7317a43c402585cd4a989c486b1c' content='36f0bf525f7e4762a81e9f94147e0223' language_id='7cf6efab-a9d7-54d2-2cbd-ec82efe4a7da' region='africa' content_type='original' created_by='nanna@maternity.dk' level=None questions=None derived_from_id=None
Created action-card resource: title='Metronidazole' description='Metronidazole' icon='64fa7317a43c402585cd4a989c486b1c' content='8fcad3cf9bfa487f88dbf3487170e021' language_id='7cf6efab-a9d7-54d2-2cbd-ec82efe4a7da' region='africa' content_type='adapted' created_by='nanna@maternity.dk' level=None questions=None derived_from_id=None
Created action-card resource: title='Metronidazole' description='Metronidazole' icon='64fa7317a43c402585cd4a989c486b1c' content='6cd142f95665452fa9bab8097616daa9' language_id='7cf6efab-a9d7-54d2-2cbd-ec82efe4a7da' region='africa' content_type='translated' created_by='nanna@maternity.dk' level=None questions=None derived_from_id=None
  ℹ️  No screens translation found for 'drug:metronidazole_1487112262252', using original
Queuing drug: res-drug-metronidazole (Source: 'Metronidazole')
Overwriting previous queue for 'res-drug-metronidazole' with language-specific version (lang: 7cf6efab-a9d7-54d2-2cbd-ec82efe4a7da)
  ✓ Drug inheriting module icon: 64fa7317...
Saved Markdown: /home/azureuser/test/content_migrator/data/temp_data/ibuprofen_original.md
Saved Markdown: /home/azureuser/test/content_migrator/data/temp_data/ibuprofen_adapted_africa.md
Saved Markdown: /home/azureuser/test/content_migrator/data/temp_data/ibuprofen_translated_action_card.md
Created action-card resource: title='Ibuprofen' description='Ibuprofen' icon='64fa7317a43c402585cd4a989c486b1c' content='621e135e84774ff78bbbe54a8e2ad8b1' language_id='7cf6efab-a9d7-54d2-2cbd-ec82efe4a7da' region='africa' content_type='original' created_by='nanna@maternity.dk' level=None questions=None derived_from_id=None
Created action-card resource: title='Ibuprofen' description='Ibuprofen' icon='64fa7317a43c402585cd4a989c486b1c' content='47dceae41a374a8da0d29d8ec4379a0f' language_id='7cf6efab-a9d7-54d2-2cbd-ec82efe4a7da' region='africa' content_type='adapted' created_by='nanna@maternity.dk' level=None questions=None derived_from_id=None
Created action-card resource: title='Ibuprofen' description='Ibuprofen' icon='64fa7317a43c402585cd4a989c486b1c' content='d686cb32ff834354803c6dd397cfcd4e' language_id='7cf6efab-a9d7-54d2-2cbd-ec82efe4a7da' region='africa' content_type='translated' created_by='nanna@maternity.dk' level=None questions=None derived_from_id=None
  ℹ️  No screens translation found for 'drug:ibuprofen_1490364323757', using original
Queuing drug: res-drug-ibuprofen (Source: 'Ibuprofen')
Overwriting previous queue for 'res-drug-ibuprofen' with language-specific version (lang: 7cf6efab-a9d7-54d2-2cbd-ec82efe4a7da)
  ✓ Drug inheriting module icon: 64fa7317...
Saved Markdown: /home/azureuser/test/content_migrator/data/temp_data/morphine_original.md
Saved Markdown: /home/azureuser/test/content_migrator/data/temp_data/morphine_adapted_africa.md
Saved Markdown: /home/azureuser/test/content_migrator/data/temp_data/morphine_translated_action_card.md
Created action-card resource: title='Morphine' description='Morphine' icon='64fa7317a43c402585cd4a989c486b1c' content='f67e021b246b417fbe109ef805885453' language_id='7cf6efab-a9d7-54d2-2cbd-ec82efe4a7da' region='africa' content_type='original' created_by='nanna@maternity.dk' level=None questions=None derived_from_id=None
Created action-card resource: title='Morphine' description='Morphine' icon='64fa7317a43c402585cd4a989c486b1c' content='14bbaa5baaec4daa8b444514a2dfb0a1' language_id='7cf6efab-a9d7-54d2-2cbd-ec82efe4a7da' region='africa' content_type='adapted' created_by='nanna@maternity.dk' level=None questions=None derived_from_id=None
Created action-card resource: title='Morphine' description='Morphine' icon='64fa7317a43c402585cd4a989c486b1c' content='c31593bd0283466dbac319b07531a591' language_id='7cf6efab-a9d7-54d2-2cbd-ec82efe4a7da' region='africa' content_type='translated' created_by='nanna@maternity.dk' level=None questions=None derived_from_id=None
  ℹ️  No screens translation found for 'drug:morphine_1487151518002', using original
Queuing drug: res-drug-morphine (Source: 'Morphine')
Overwriting previous queue for 'res-drug-morphine' with language-specific version (lang: 7cf6efab-a9d7-54d2-2cbd-ec82efe4a7da)
  ✓ Drug inheriting module icon: 64fa7317...
Saved Markdown: /home/azureuser/test/content_migrator/data/temp_data/diazepam_original.md
Saved Markdown: /home/azureuser/test/content_migrator/data/temp_data/diazepam_adapted_africa.md
Saved Markdown: /home/azureuser/test/content_migrator/data/temp_data/diazepam_translated_action_card.md
Created action-card resource: title='Diazepam' description='Diazepam' icon='64fa7317a43c402585cd4a989c486b1c' content='b8b99cff6fd7441083a6c3611c7c3ec7' language_id='7cf6efab-a9d7-54d2-2cbd-ec82efe4a7da' region='africa' content_type='original' created_by='nanna@maternity.dk' level=None questions=None derived_from_id=None
Created action-card resource: title='Diazepam' description='Diazepam' icon='64fa7317a43c402585cd4a989c486b1c' content='bea194ae015b4916a4860855ba53d21d' language_id='7cf6efab-a9d7-54d2-2cbd-ec82efe4a7da' region='africa' content_type='adapted' created_by='nanna@maternity.dk' level=None questions=None derived_from_id=None
Created action-card resource: title='Diazepam' description='Diazepam' icon='64fa7317a43c402585cd4a989c486b1c' content='4fd197cf1c95476a9eb825e3004b597c' language_id='7cf6efab-a9d7-54d2-2cbd-ec82efe4a7da' region='africa' content_type='translated' created_by='nanna@maternity.dk' level=None questions=None derived_from_id=None
  ℹ️  No screens translation found for 'drug:diazepam_1487102080825', using original
Queuing drug: res-drug-diazepam (Source: 'Diazepam')
Overwriting previous queue for 'res-drug-diazepam' with language-specific version (lang: 7cf6efab-a9d7-54d2-2cbd-ec82efe4a7da)
Mapping language:   7cf6efab-a9d7-54d2-2cbd-ec82efe4a7da
  ℹ️  No key-learning-points document found for key 'test-version_1498639439941' with langId='7cf6efab-a9d7-54d2-2cbd-ec82efe4a7da'.
  ℹ️  No keyLearningPoints document found for key 'test-version_1498639439941' with langId='7cf6efab-a9d7-54d2-2cbd-ec82efe4a7da'.
  ⚠ SKIP: Localized KLP 'test-version_1498639439941' not found in 7cf6efab-a9d7-54d2-2cbd-ec82efe4a7da.
  ℹ️  No key-learning-points document found for key 'septic-abortion-_1504773307717' with langId='7cf6efab-a9d7-54d2-2cbd-ec82efe4a7da'.
  ℹ️  No keyLearningPoints document found for key 'septic-abortion-_1504773307717' with langId='7cf6efab-a9d7-54d2-2cbd-ec82efe4a7da'.
  ⚠ SKIP: Localized KLP 'septic-abortion-_1504773307717' not found in 7cf6efab-a9d7-54d2-2cbd-ec82efe4a7da.
  ℹ️  No key-learning-points document found for key 'complication-to-unsafe-abortion_1504773499553' with langId='7cf6efab-a9d7-54d2-2cbd-ec82efe4a7da'.
  ℹ️  No keyLearningPoints document found for key 'complication-to-unsafe-abortion_1504773499553' with langId='7cf6efab-a9d7-54d2-2cbd-ec82efe4a7da'.
  ⚠ SKIP: Localized KLP 'complication-to-unsafe-abortion_1504773499553' not found in 7cf6efab-a9d7-54d2-2cbd-ec82efe4a7da.
  ℹ️  No key-learning-points document found for key 'urine-test_1504773825842' with langId='7cf6efab-a9d7-54d2-2cbd-ec82efe4a7da'.
  ℹ️  No keyLearningPoints document found for key 'urine-test_1504773825842' with langId='7cf6efab-a9d7-54d2-2cbd-ec82efe4a7da'.
  ⚠ SKIP: Localized KLP 'urine-test_1504773825842' not found in 7cf6efab-a9d7-54d2-2cbd-ec82efe4a7da.
  ℹ️  No key-learning-points document found for key 'complication-to-abortion_1504774087137' with langId='7cf6efab-a9d7-54d2-2cbd-ec82efe4a7da'.
  ℹ️  No keyLearningPoints document found for key 'complication-to-abortion_1504774087137' with langId='7cf6efab-a9d7-54d2-2cbd-ec82efe4a7da'.
  ⚠ SKIP: Localized KLP 'complication-to-abortion_1504774087137' not found in 7cf6efab-a9d7-54d2-2cbd-ec82efe4a7da.
  ℹ️  No key-learning-points document found for key 'fever-and-septic-abortion_1504774293226' with langId='7cf6efab-a9d7-54d2-2cbd-ec82efe4a7da'.
  ℹ️  No keyLearningPoints document found for key 'fever-and-septic-abortion_1504774293226' with langId='7cf6efab-a9d7-54d2-2cbd-ec82efe4a7da'.
  ⚠ SKIP: Localized KLP 'fever-and-septic-abortion_1504774293226' not found in 7cf6efab-a9d7-54d2-2cbd-ec82efe4a7da.
  ℹ️  No key-learning-points document found for key 'what-to-measure-_1504774413976' with langId='7cf6efab-a9d7-54d2-2cbd-ec82efe4a7da'.
  ℹ️  No keyLearningPoints document found for key 'what-to-measure-_1504774413976' with langId='7cf6efab-a9d7-54d2-2cbd-ec82efe4a7da'.
  ⚠ SKIP: Localized KLP 'what-to-measure-_1504774413976' not found in 7cf6efab-a9d7-54d2-2cbd-ec82efe4a7da.
  ℹ️  No key-learning-points document found for key 'signs-of-septic-abortion_1504887365737' with langId='7cf6efab-a9d7-54d2-2cbd-ec82efe4a7da'.
  ℹ️  No keyLearningPoints document found for key 'signs-of-septic-abortion_1504887365737' with langId='7cf6efab-a9d7-54d2-2cbd-ec82efe4a7da'.
  ⚠ SKIP: Localized KLP 'signs-of-septic-abortion_1504887365737' not found in 7cf6efab-a9d7-54d2-2cbd-ec82efe4a7da.
  ℹ️  No key-learning-points document found for key 'suspect-lower-abdominal-tenderness_1504887830839' with langId='7cf6efab-a9d7-54d2-2cbd-ec82efe4a7da'.
  ℹ️  No keyLearningPoints document found for key 'suspect-lower-abdominal-tenderness_1504887830839' with langId='7cf6efab-a9d7-54d2-2cbd-ec82efe4a7da'.
  ⚠ SKIP: Localized KLP 'suspect-lower-abdominal-tenderness_1504887830839' not found in 7cf6efab-a9d7-54d2-2cbd-ec82efe4a7da.
  ℹ️  No key-learning-points document found for key 'septic-abortion-can-be-fatal_1504888032303' with langId='7cf6efab-a9d7-54d2-2cbd-ec82efe4a7da'.
  ℹ️  No keyLearningPoints document found for key 'septic-abortion-can-be-fatal_1504888032303' with langId='7cf6efab-a9d7-54d2-2cbd-ec82efe4a7da'.
  ⚠ SKIP: Localized KLP 'septic-abortion-can-be-fatal_1504888032303' not found in 7cf6efab-a9d7-54d2-2cbd-ec82efe4a7da.
  ℹ️  No key-learning-points document found for key 'most-important-action-at-septic-abortion_1504889099044' with langId='7cf6efab-a9d7-54d2-2cbd-ec82efe4a7da'.
  ℹ️  No keyLearningPoints document found for key 'most-important-action-at-septic-abortion_1504889099044' with langId='7cf6efab-a9d7-54d2-2cbd-ec82efe4a7da'.
  ⚠ SKIP: Localized KLP 'most-important-action-at-septic-abortion_1504889099044' not found in 7cf6efab-a9d7-54d2-2cbd-ec82efe4a7da.
  ℹ️  No key-learning-points document found for key 'action-at-septic-abortion_1504889244498' with langId='7cf6efab-a9d7-54d2-2cbd-ec82efe4a7da'.
  ℹ️  No keyLearningPoints document found for key 'action-at-septic-abortion_1504889244498' with langId='7cf6efab-a9d7-54d2-2cbd-ec82efe4a7da'.
  ⚠ SKIP: Localized KLP 'action-at-septic-abortion_1504889244498' not found in 7cf6efab-a9d7-54d2-2cbd-ec82efe4a7da.
  ℹ️  No key-learning-points document found for key 'ab-and-evacuation-of-the-uterus_1504889778909' with langId='7cf6efab-a9d7-54d2-2cbd-ec82efe4a7da'.
  ℹ️  No keyLearningPoints document found for key 'ab-and-evacuation-of-the-uterus_1504889778909' with langId='7cf6efab-a9d7-54d2-2cbd-ec82efe4a7da'.
  ⚠ SKIP: Localized KLP 'ab-and-evacuation-of-the-uterus_1504889778909' not found in 7cf6efab-a9d7-54d2-2cbd-ec82efe4a7da.
  ℹ️  No key-learning-points document found for key 'which-ab-to-give_1504889919542' with langId='7cf6efab-a9d7-54d2-2cbd-ec82efe4a7da'.
  ℹ️  No keyLearningPoints document found for key 'which-ab-to-give_1504889919542' with langId='7cf6efab-a9d7-54d2-2cbd-ec82efe4a7da'.
  ⚠ SKIP: Localized KLP 'which-ab-to-give_1504889919542' not found in 7cf6efab-a9d7-54d2-2cbd-ec82efe4a7da.
  ℹ️  No key-learning-points document found for key 'urgent-management-_1504890132226' with langId='7cf6efab-a9d7-54d2-2cbd-ec82efe4a7da'.
  ℹ️  No keyLearningPoints document found for key 'urgent-management-_1504890132226' with langId='7cf6efab-a9d7-54d2-2cbd-ec82efe4a7da'.
  ⚠ SKIP: Localized KLP 'urgent-management-_1504890132226' not found in 7cf6efab-a9d7-54d2-2cbd-ec82efe4a7da.
  ℹ️  No key-learning-points document found for key 'correct-order-of-actions_1504890487022' with langId='7cf6efab-a9d7-54d2-2cbd-ec82efe4a7da'.
  ℹ️  No keyLearningPoints document found for key 'correct-order-of-actions_1504890487022' with langId='7cf6efab-a9d7-54d2-2cbd-ec82efe4a7da'.
  ⚠ SKIP: Localized KLP 'correct-order-of-actions_1504890487022' not found in 7cf6efab-a9d7-54d2-2cbd-ec82efe4a7da.
  ℹ️  No key-learning-points document found for key 'peritonitis_1504890766676' with langId='7cf6efab-a9d7-54d2-2cbd-ec82efe4a7da'.
  ℹ️  No keyLearningPoints document found for key 'peritonitis_1504890766676' with langId='7cf6efab-a9d7-54d2-2cbd-ec82efe4a7da'.
  ⚠ SKIP: Localized KLP 'peritonitis_1504890766676' not found in 7cf6efab-a9d7-54d2-2cbd-ec82efe4a7da.
  ℹ️  No key-learning-points document found for key 'evacuation-of-the-uterus-_1504891033708' with langId='7cf6efab-a9d7-54d2-2cbd-ec82efe4a7da'.
  ℹ️  No keyLearningPoints document found for key 'evacuation-of-the-uterus-_1504891033708' with langId='7cf6efab-a9d7-54d2-2cbd-ec82efe4a7da'.
  ⚠ SKIP: Localized KLP 'evacuation-of-the-uterus-_1504891033708' not found in 7cf6efab-a9d7-54d2-2cbd-ec82efe4a7da.
  ℹ️  No key-learning-points document found for key 'manual-vacuum-aspiration_1504891220598' with langId='7cf6efab-a9d7-54d2-2cbd-ec82efe4a7da'.
  ℹ️  No keyLearningPoints document found for key 'manual-vacuum-aspiration_1504891220598' with langId='7cf6efab-a9d7-54d2-2cbd-ec82efe4a7da'.
  ⚠ SKIP: Localized KLP 'manual-vacuum-aspiration_1504891220598' not found in 7cf6efab-a9d7-54d2-2cbd-ec82efe4a7da.
  ℹ️  No key-learning-points document found for key 'uterus-size-in-week-12_1504891361270' with langId='7cf6efab-a9d7-54d2-2cbd-ec82efe4a7da'.
  ℹ️  No keyLearningPoints document found for key 'uterus-size-in-week-12_1504891361270' with langId='7cf6efab-a9d7-54d2-2cbd-ec82efe4a7da'.
  ⚠ SKIP: Localized KLP 'uterus-size-in-week-12_1504891361270' not found in 7cf6efab-a9d7-54d2-2cbd-ec82efe4a7da.
  ℹ️  No key-learning-points document found for key 'preparation-for-mva_1504891579618' with langId='7cf6efab-a9d7-54d2-2cbd-ec82efe4a7da'.
  ℹ️  No keyLearningPoints document found for key 'preparation-for-mva_1504891579618' with langId='7cf6efab-a9d7-54d2-2cbd-ec82efe4a7da'.
  ⚠ SKIP: Localized KLP 'preparation-for-mva_1504891579618' not found in 7cf6efab-a9d7-54d2-2cbd-ec82efe4a7da.
  ℹ️  No key-learning-points document found for key 'analgesic-for-mva_1504891713356' with langId='7cf6efab-a9d7-54d2-2cbd-ec82efe4a7da'.
  ℹ️  No keyLearningPoints document found for key 'analgesic-for-mva_1504891713356' with langId='7cf6efab-a9d7-54d2-2cbd-ec82efe4a7da'.
  ⚠ SKIP: Localized KLP 'analgesic-for-mva_1504891713356' not found in 7cf6efab-a9d7-54d2-2cbd-ec82efe4a7da.
  ℹ️  No key-learning-points document found for key 'valves-closed_1504891839206' with langId='7cf6efab-a9d7-54d2-2cbd-ec82efe4a7da'.
  ℹ️  No keyLearningPoints document found for key 'valves-closed_1504891839206' with langId='7cf6efab-a9d7-54d2-2cbd-ec82efe4a7da'.
  ⚠ SKIP: Localized KLP 'valves-closed_1504891839206' not found in 7cf6efab-a9d7-54d2-2cbd-ec82efe4a7da.
  ℹ️  No key-learning-points document found for key 'vacuum-to-mva-syringe_1504891916767' with langId='7cf6efab-a9d7-54d2-2cbd-ec82efe4a7da'.
  ℹ️  No keyLearningPoints document found for key 'vacuum-to-mva-syringe_1504891916767' with langId='7cf6efab-a9d7-54d2-2cbd-ec82efe4a7da'.
  ⚠ SKIP: Localized KLP 'vacuum-to-mva-syringe_1504891916767' not found in 7cf6efab-a9d7-54d2-2cbd-ec82efe4a7da.
  ℹ️  No key-learning-points document found for key 'tenaculum_1504892022670' with langId='7cf6efab-a9d7-54d2-2cbd-ec82efe4a7da'.
  ℹ️  No keyLearningPoints document found for key 'tenaculum_1504892022670' with langId='7cf6efab-a9d7-54d2-2cbd-ec82efe4a7da'.
  ⚠ SKIP: Localized KLP 'tenaculum_1504892022670' not found in 7cf6efab-a9d7-54d2-2cbd-ec82efe4a7da.
  ℹ️  No key-learning-points document found for key 'dilate-the-cervix_1504892212948' with langId='7cf6efab-a9d7-54d2-2cbd-ec82efe4a7da'.
  ℹ️  No keyLearningPoints document found for key 'dilate-the-cervix_1504892212948' with langId='7cf6efab-a9d7-54d2-2cbd-ec82efe4a7da'.
  ⚠ SKIP: Localized KLP 'dilate-the-cervix_1504892212948' not found in 7cf6efab-a9d7-54d2-2cbd-ec82efe4a7da.
  ℹ️  No key-learning-points document found for key 'no-touch-technique_1504892332161' with langId='7cf6efab-a9d7-54d2-2cbd-ec82efe4a7da'.
  ℹ️  No keyLearningPoints document found for key 'no-touch-technique_1504892332161' with langId='7cf6efab-a9d7-54d2-2cbd-ec82efe4a7da'.
  ⚠ SKIP: Localized KLP 'no-touch-technique_1504892332161' not found in 7cf6efab-a9d7-54d2-2cbd-ec82efe4a7da.
  ℹ️  No key-learning-points document found for key 'size-of-cannula-for-mva_1504893593707' with langId='7cf6efab-a9d7-54d2-2cbd-ec82efe4a7da'.
  ℹ️  No keyLearningPoints document found for key 'size-of-cannula-for-mva_1504893593707' with langId='7cf6efab-a9d7-54d2-2cbd-ec82efe4a7da'.
  ⚠ SKIP: Localized KLP 'size-of-cannula-for-mva_1504893593707' not found in 7cf6efab-a9d7-54d2-2cbd-ec82efe4a7da.
  ℹ️  No key-learning-points document found for key 'insert-of-the-cannula_1504893750649' with langId='7cf6efab-a9d7-54d2-2cbd-ec82efe4a7da'.
  ℹ️  No keyLearningPoints document found for key 'insert-of-the-cannula_1504893750649' with langId='7cf6efab-a9d7-54d2-2cbd-ec82efe4a7da'.
  ⚠ SKIP: Localized KLP 'insert-of-the-cannula_1504893750649' not found in 7cf6efab-a9d7-54d2-2cbd-ec82efe4a7da.
  ℹ️  No key-learning-points document found for key 'attachment-of-the-syringe_1504893864011' with langId='7cf6efab-a9d7-54d2-2cbd-ec82efe4a7da'.
  ℹ️  No keyLearningPoints document found for key 'attachment-of-the-syringe_1504893864011' with langId='7cf6efab-a9d7-54d2-2cbd-ec82efe4a7da'.
  ⚠ SKIP: Localized KLP 'attachment-of-the-syringe_1504893864011' not found in 7cf6efab-a9d7-54d2-2cbd-ec82efe4a7da.
  ℹ️  No key-learning-points document found for key 'rotate-and-move-cannula-back-and-forth_1504893996349' with langId='7cf6efab-a9d7-54d2-2cbd-ec82efe4a7da'.
  ℹ️  No keyLearningPoints document found for key 'rotate-and-move-cannula-back-and-forth_1504893996349' with langId='7cf6efab-a9d7-54d2-2cbd-ec82efe4a7da'.
  ⚠ SKIP: Localized KLP 'rotate-and-move-cannula-back-and-forth_1504893996349' not found in 7cf6efab-a9d7-54d2-2cbd-ec82efe4a7da.
  ℹ️  No key-learning-points document found for key 'end-of-suctioning_1504894096498' with langId='7cf6efab-a9d7-54d2-2cbd-ec82efe4a7da'.
  ℹ️  No keyLearningPoints document found for key 'end-of-suctioning_1504894096498' with langId='7cf6efab-a9d7-54d2-2cbd-ec82efe4a7da'.
  ⚠ SKIP: Localized KLP 'end-of-suctioning_1504894096498' not found in 7cf6efab-a9d7-54d2-2cbd-ec82efe4a7da.
  ℹ️  No key-learning-points document found for key 'use-the-cannula-again_1504894223366' with langId='7cf6efab-a9d7-54d2-2cbd-ec82efe4a7da'.
  ℹ️  No keyLearningPoints document found for key 'use-the-cannula-again_1504894223366' with langId='7cf6efab-a9d7-54d2-2cbd-ec82efe4a7da'.
  ⚠ SKIP: Localized KLP 'use-the-cannula-again_1504894223366' not found in 7cf6efab-a9d7-54d2-2cbd-ec82efe4a7da.
  ℹ️  No key-learning-points document found for key 'ab-after-mva_1504894299772' with langId='7cf6efab-a9d7-54d2-2cbd-ec82efe4a7da'.
  ℹ️  No keyLearningPoints document found for key 'ab-after-mva_1504894299772' with langId='7cf6efab-a9d7-54d2-2cbd-ec82efe4a7da'.
  ⚠ SKIP: Localized KLP 'ab-after-mva_1504894299772' not found in 7cf6efab-a9d7-54d2-2cbd-ec82efe4a7da.
  ℹ️  No key-learning-points document found for key 'counselling_1504894423681' with langId='7cf6efab-a9d7-54d2-2cbd-ec82efe4a7da'.
  ℹ️  No keyLearningPoints document found for key 'counselling_1504894423681' with langId='7cf6efab-a9d7-54d2-2cbd-ec82efe4a7da'.
  ⚠ SKIP: Localized KLP 'counselling_1504894423681' not found in 7cf6efab-a9d7-54d2-2cbd-ec82efe4a7da.
  ℹ️  No key-learning-points document found for key 'advise-before-dismission_1504894568322' with langId='7cf6efab-a9d7-54d2-2cbd-ec82efe4a7da'.
  ℹ️  No keyLearningPoints document found for key 'advise-before-dismission_1504894568322' with langId='7cf6efab-a9d7-54d2-2cbd-ec82efe4a7da'.
  ⚠ SKIP: Localized KLP 'advise-before-dismission_1504894568322' not found in 7cf6efab-a9d7-54d2-2cbd-ec82efe4a7da.
  Step 2: Queuing module payload with resource slugs...
Using cached asset_id: 64fa7317a43c402585cd4a989c486b1c
Skipping previously failed asset: https://sdacms.blob.core.windows.net/content/assets/videos/english%20WHO/Post%20abortion%20care/intro.mp4
Warning: Failed to process video asset: /english WHO/Post abortion care/intro
Skipping previously failed asset: https://sdacms.blob.core.windows.net/content/assets/videos/english%20WHO/Post%20abortion%20care/how_to_diagnose.mp4
Warning: Failed to process video asset: /english WHO/Post abortion care/how_to_diagnose
Skipping previously failed asset: https://sdacms.blob.core.windows.net/content/assets/videos/english%20WHO/Post%20abortion%20care/how_to_manage.mp4
Warning: Failed to process video asset: /english WHO/Post abortion care/how_to_manage
Skipping previously failed asset: https://sdacms.blob.core.windows.net/content/assets/videos/english%20WHO/Post%20abortion%20care/evacuation_of_the_uterus.mp4
Warning: Failed to process video asset: /english WHO/Post abortion care/evacuation_of_the_uterus
Skipping previously failed asset: https://sdacms.blob.core.windows.net/content/assets/videos/english%20WHO/Post%20abortion%20care/manual_vacuum_aspiration.mp4
Warning: Failed to process video asset: /english WHO/Post abortion care/manual_vacuum_aspiration
  → Using bundle description fallback for translated module
  → Queued module 'Post Abortion Care' -> /home/azureuser/test/content_migrator/data/processed_data/modules.csv
  → Found English title from Cosmos (key='hypertension_1487677992452'): 'Hypertension'
[ModuleMigrator] Using Cosmos doc resource lists for TRANSLATED module 'hypertension_1487677992452' (lang: 7cf6efab-a9d7-54d2-2cbd-ec82efe4a7da)
  actionCards: 4 keys
  procedures: 3 keys
  drugs: 8 keys
  keyLearningPoints: 42 keys
  videos: 6 keys
  ⚠ STRUCTURAL VIOLATION: Global identity document not found in Cosmos for localized module 'hypertension'. Proceeding with placeholder title: Hypertension
  Step 1: Preparing module resources (queue)...
Loaded 511 existing resource mappings
Mapping language:   7cf6efab-a9d7-54d2-2cbd-ec82efe4a7da
  DEBUG: Found 6 videos in module
Downloading video asset from https://sdacms.blob.core.windows.net/content/assets/videos/english%20WHO/Hypertension/intro.mp4
Error downloading video asset https://sdacms.blob.core.windows.net/content/assets/videos/english%20WHO/Hypertension/intro.mp4: 404 Client Error: The specified blob does not exist. for url: https://sdacms.blob.core.windows.net/content/assets/videos/english%20WHO/Hypertension/intro.mp4
Video icon URL: english%20WHO/Hypertension/intro
Video icon URL: english%20WHO/Hypertension/intro
Downloading video_icon asset from https://sdacms.blob.core.windows.net/content/assets/videos/english%20WHO/Hypertension/intro.png
Error downloading video_icon asset https://sdacms.blob.core.windows.net/content/assets/videos/english%20WHO/Hypertension/intro.png: 404 Client Error: The specified blob does not exist. for url: https://sdacms.blob.core.windows.net/content/assets/videos/english%20WHO/Hypertension/intro.png
Skipping video '/english WHO/Hypertension/intro' - missing asset upload
Downloading video asset from https://sdacms.blob.core.windows.net/content/assets/videos/english%20WHO/Hypertension/definitions.mp4
Error downloading video asset https://sdacms.blob.core.windows.net/content/assets/videos/english%20WHO/Hypertension/definitions.mp4: 404 Client Error: The specified blob does not exist. for url: https://sdacms.blob.core.windows.net/content/assets/videos/english%20WHO/Hypertension/definitions.mp4
Video icon URL: english%20WHO/Hypertension/definitions
Video icon URL: english%20WHO/Hypertension/definitions
Downloading video_icon asset from https://sdacms.blob.core.windows.net/content/assets/videos/english%20WHO/Hypertension/definitions.png
Error downloading video_icon asset https://sdacms.blob.core.windows.net/content/assets/videos/english%20WHO/Hypertension/definitions.png: 404 Client Error: The specified blob does not exist. for url: https://sdacms.blob.core.windows.net/content/assets/videos/english%20WHO/Hypertension/definitions.png
Skipping video '/english WHO/Hypertension/definitions' - missing asset upload
Downloading video asset from https://sdacms.blob.core.windows.net/content/assets/videos/english%20WHO/Hypertension/causes.mp4
Error downloading video asset https://sdacms.blob.core.windows.net/content/assets/videos/english%20WHO/Hypertension/causes.mp4: 404 Client Error: The specified blob does not exist. for url: https://sdacms.blob.core.windows.net/content/assets/videos/english%20WHO/Hypertension/causes.mp4
Video icon URL: english%20WHO/Hypertension/causes
Video icon URL: english%20WHO/Hypertension/causes
Downloading video_icon asset from https://sdacms.blob.core.windows.net/content/assets/videos/english%20WHO/Hypertension/causes.png
Error downloading video_icon asset https://sdacms.blob.core.windows.net/content/assets/videos/english%20WHO/Hypertension/causes.png: 404 Client Error: The specified blob does not exist. for url: https://sdacms.blob.core.windows.net/content/assets/videos/english%20WHO/Hypertension/causes.png
Skipping video '/english WHO/Hypertension/causes' - missing asset upload
Downloading video asset from https://sdacms.blob.core.windows.net/content/assets/videos/english%20WHO/Hypertension/how_to_diagnose.mp4
Error downloading video asset https://sdacms.blob.core.windows.net/content/assets/videos/english%20WHO/Hypertension/how_to_diagnose.mp4: 404 Client Error: The specified blob does not exist. for url: https://sdacms.blob.core.windows.net/content/assets/videos/english%20WHO/Hypertension/how_to_diagnose.mp4
Video icon URL: english%20WHO/Hypertension/how_to_diagnose
Video icon URL: english%20WHO/Hypertension/how_to_diagnose
Downloading video_icon asset from https://sdacms.blob.core.windows.net/content/assets/videos/english%20WHO/Hypertension/how_to_diagnose.png
Error downloading video_icon asset https://sdacms.blob.core.windows.net/content/assets/videos/english%20WHO/Hypertension/how_to_diagnose.png: 404 Client Error: The specified blob does not exist. for url: https://sdacms.blob.core.windows.net/content/assets/videos/english%20WHO/Hypertension/how_to_diagnose.png
Skipping video '/english WHO/Hypertension/how_to_diagnose' - missing asset upload
Downloading video asset from https://sdacms.blob.core.windows.net/content/assets/videos/english%20WHO/Hypertension/management_of_hypertension.mp4
Error downloading video asset https://sdacms.blob.core.windows.net/content/assets/videos/english%20WHO/Hypertension/management_of_hypertension.mp4: 404 Client Error: The specified blob does not exist. for url: https://sdacms.blob.core.windows.net/content/assets/videos/english%20WHO/Hypertension/management_of_hypertension.mp4
Video icon URL: english%20WHO/Hypertension/management_of_hypertension
Video icon URL: english%20WHO/Hypertension/management_of_hypertension
Downloading video_icon asset from https://sdacms.blob.core.windows.net/content/assets/videos/english%20WHO/Hypertension/management_of_hypertension.png
Error downloading video_icon asset https://sdacms.blob.core.windows.net/content/assets/videos/english%20WHO/Hypertension/management_of_hypertension.png: 404 Client Error: The specified blob does not exist. for url: https://sdacms.blob.core.windows.net/content/assets/videos/english%20WHO/Hypertension/management_of_hypertension.png
Skipping video '/english WHO/Hypertension/management_of_hypertension' - missing asset upload
Downloading video asset from https://sdacms.blob.core.windows.net/content/assets/videos/english%20WHO/Hypertension/severe_preeclampsia_eclampsia.mp4
Error downloading video asset https://sdacms.blob.core.windows.net/content/assets/videos/english%20WHO/Hypertension/severe_preeclampsia_eclampsia.mp4: 404 Client Error: The specified blob does not exist. for url: https://sdacms.blob.core.windows.net/content/assets/videos/english%20WHO/Hypertension/severe_preeclampsia_eclampsia.mp4
Video icon URL: english%20WHO/Hypertension/severe_preeclampsia_eclampsia
Video icon URL: english%20WHO/Hypertension/severe_preeclampsia_eclampsia
Downloading video_icon asset from https://sdacms.blob.core.windows.net/content/assets/videos/english%20WHO/Hypertension/severe_preeclampsia_eclampsia.png
Error downloading video_icon asset https://sdacms.blob.core.windows.net/content/assets/videos/english%20WHO/Hypertension/severe_preeclampsia_eclampsia.png: 404 Client Error: The specified blob does not exist. for url: https://sdacms.blob.core.windows.net/content/assets/videos/english%20WHO/Hypertension/severe_preeclampsia_eclampsia.png
Skipping video '/english WHO/Hypertension/severe_preeclampsia_eclampsia' - missing asset upload
  DEBUG: Found 4 action cards in module
Mapping language:   7cf6efab-a9d7-54d2-2cbd-ec82efe4a7da
Using cached asset_id: af5ba3df373d4822b30a80e8fb4520f1
Saved Markdown: /home/azureuser/test/content_migrator/data/temp_data/hypertension_definitions_new_2025_original.md
Saved Markdown: /home/azureuser/test/content_migrator/data/temp_data/hypertension_definitions_new_2025_adapted_africa.md
Saved Markdown: /home/azureuser/test/content_migrator/data/temp_data/hypertension_definitions_new_2025_translated_action_card.md
Created action-card resource: title='Hypertension definitions (NEW 2025)' description='Hypertension definitions (NEW 2025)' icon='af5ba3df373d4822b30a80e8fb4520f1' content='6a0439f85fab4422bfbcacd6af7e841c' language_id='7cf6efab-a9d7-54d2-2cbd-ec82efe4a7da' region='africa' content_type='original' created_by='natalia@maternity.dk' level=None questions=None derived_from_id=None
Created action-card resource: title='Hypertension definitions (NEW 2025)' description='Hypertension definitions (NEW 2025)' icon='af5ba3df373d4822b30a80e8fb4520f1' content='113210621f874f00bab1311b1b4dbb20' language_id='7cf6efab-a9d7-54d2-2cbd-ec82efe4a7da' region='africa' content_type='adapted' created_by='natalia@maternity.dk' level=None questions=None derived_from_id=None
Created action-card resource: title='Hypertension definitions (NEW 2025)' description='Hypertension definitions (NEW 2025)' icon='af5ba3df373d4822b30a80e8fb4520f1' content='62374eb0f8ce4207aa4365a94dc022ba' language_id='7cf6efab-a9d7-54d2-2cbd-ec82efe4a7da' region='africa' content_type='translated' created_by='natalia@maternity.dk' level=None questions=None derived_from_id=None
  ✓ Screens translation for action-card description: 'Hypertension definitions ...'
Queuing action-card: res-action-card-hypertension-definitions-new-2025 (Source: 'Hypertension definitions (NEW 2025)')
  ⚠ SKIP: Localized action card 'management-hypertension-new-2025-_1763556866355' not found in 7cf6efab-a9d7-54d2-2cbd-ec82efe4a7da.
  ⚠ SKIP: Localized action card 'management-eclampsia-new-2025-_1763559696120' not found in 7cf6efab-a9d7-54d2-2cbd-ec82efe4a7da.
Mapping language:   7cf6efab-a9d7-54d2-2cbd-ec82efe4a7da
Using cached asset_id: 5c7e7afdce7d4b84952e58208235ba8d
Saved Markdown: /home/azureuser/test/content_migrator/data/temp_data/emergency_referral_hypertension_original.md
Saved Markdown: /home/azureuser/test/content_migrator/data/temp_data/emergency_referral_hypertension_adapted_africa.md
Saved Markdown: /home/azureuser/test/content_migrator/data/temp_data/emergency_referral_hypertension_translated_action_card.md
  📎 Linking 1 embedded asset(s) to markdown upload
Created action-card resource: title='Emergency Referral - Hypertension' description='Emergency Referral - Hypertension' icon='5c7e7afdce7d4b84952e58208235ba8d' content='7c73bbaf0fab499e898b470c53bcd421' language_id='7cf6efab-a9d7-54d2-2cbd-ec82efe4a7da' region='africa' content_type='original' created_by='natalia@maternity.dk' level=None questions=None derived_from_id=None
  📎 Linking 1 embedded asset(s) to markdown upload
Created action-card resource: title='Emergency Referral - Hypertension' description='Emergency Referral - Hypertension' icon='5c7e7afdce7d4b84952e58208235ba8d' content='5c54acc5a1634a8d94a26e17516484bc' language_id='7cf6efab-a9d7-54d2-2cbd-ec82efe4a7da' region='africa' content_type='adapted' created_by='natalia@maternity.dk' level=None questions=None derived_from_id=None
  📎 Linking 1 embedded asset(s) to markdown upload
Created action-card resource: title='Emergency Referral - Hypertension' description='Emergency Referral - Hypertension' icon='5c7e7afdce7d4b84952e58208235ba8d' content='23d6b70d882b4471b751f89d33464902' language_id='7cf6efab-a9d7-54d2-2cbd-ec82efe4a7da' region='africa' content_type='translated' created_by='natalia@maternity.dk' level=None questions=None derived_from_id=None
  ℹ️  No screens translation found for 'action-card:emergency-referral---hypertension_1527674369336', using original
Queuing action-card: res-action-card-emergency-referral-hypertension (Source: 'Emergency Referral - Hypertension')
Mapping language:   7cf6efab-a9d7-54d2-2cbd-ec82efe4a7da
  DEBUG: Found 3 procedures in module
Using cached asset_id: 28375baf9417458e9f8cd106380f78de
Saved Markdown: /home/azureuser/test/content_migrator/data/temp_data/urine_catheter_original.md
Saved Markdown: /home/azureuser/test/content_migrator/data/temp_data/urine_catheter_adapted_africa.md
Saved Markdown: /home/azureuser/test/content_migrator/data/temp_data/urine_catheter_translated_action_card.md
  📎 Linking 1 embedded asset(s) to markdown upload
Created action-card resource: title='Urine catheter' description='Urine catheter' icon='28375baf9417458e9f8cd106380f78de' content='2121784442e448789f1cbe9e62ef1b56' language_id='7cf6efab-a9d7-54d2-2cbd-ec82efe4a7da' region='africa' content_type='original' created_by='frederikke@maternity.dk' level=None questions=None derived_from_id=None
  📎 Linking 1 embedded asset(s) to markdown upload
Created action-card resource: title='Urine catheter' description='Urine catheter' icon='28375baf9417458e9f8cd106380f78de' content='7b0b994005cb42ec869bad6a022384e2' language_id='7cf6efab-a9d7-54d2-2cbd-ec82efe4a7da' region='africa' content_type='adapted' created_by='frederikke@maternity.dk' level=None questions=None derived_from_id=None
  📎 Linking 1 embedded asset(s) to markdown upload
Created action-card resource: title='Urine catheter' description='Urine catheter' icon='28375baf9417458e9f8cd106380f78de' content='af9ab7689c994af39d316cffa5fe2a42' language_id='7cf6efab-a9d7-54d2-2cbd-ec82efe4a7da' region='africa' content_type='translated' created_by='frederikke@maternity.dk' level=None questions=None derived_from_id=None
  ℹ️  No screens translation found for 'procedure:urine-catheter_1487245590353', using original
Queuing procedure: res-procedure-urine-catheter (Source: 'Urine catheter')
Overwriting previous queue for 'res-procedure-urine-catheter' with language-specific version (lang: 7cf6efab-a9d7-54d2-2cbd-ec82efe4a7da)
Using cached asset_id: 5087f7075c7a4ea79df52c27c2a32847
Saved Markdown: /home/azureuser/test/content_migrator/data/temp_data/follow_up_visits_original.md
Saved Markdown: /home/azureuser/test/content_migrator/data/temp_data/follow_up_visits_adapted_africa.md
Saved Markdown: /home/azureuser/test/content_migrator/data/temp_data/follow_up_visits_translated_action_card.md
Created action-card resource: title='Follow-up visits' description='Follow-up visits' icon='5087f7075c7a4ea79df52c27c2a32847' content='5bcd19c63b214f5390f03fa9baab6e28' language_id='7cf6efab-a9d7-54d2-2cbd-ec82efe4a7da' region='africa' content_type='original' created_by='natalia@maternity.dk' level=None questions=None derived_from_id=None
Created action-card resource: title='Follow-up visits' description='Follow-up visits' icon='5087f7075c7a4ea79df52c27c2a32847' content='4cebfb83450e41d8bec344c9a96c981a' language_id='7cf6efab-a9d7-54d2-2cbd-ec82efe4a7da' region='africa' content_type='adapted' created_by='natalia@maternity.dk' level=None questions=None derived_from_id=None
Created action-card resource: title='Follow-up visits' description='Follow-up visits' icon='5087f7075c7a4ea79df52c27c2a32847' content='342063886dcc417f82bf5e543944b5bb' language_id='7cf6efab-a9d7-54d2-2cbd-ec82efe4a7da' region='africa' content_type='translated' created_by='natalia@maternity.dk' level=None questions=None derived_from_id=None
  ℹ️  No screens translation found for 'procedure:follow-up-visits_1597146284166', using original
Queuing procedure: res-procedure-follow-up-visits (Source: 'Follow-up visits')
  ℹ️  No procedures document found for key 'intravenous-access-equipment---adult_1771419718711' with langId='7cf6efab-a9d7-54d2-2cbd-ec82efe4a7da'.
  ⚠ SKIP: Localized procedure 'intravenous-access-equipment---adult_1771419718711' not found in 7cf6efab-a9d7-54d2-2cbd-ec82efe4a7da.
Downloading icon asset from https://sdacms.blob.core.windows.net/content/assets/images/africa/icon/module/hypertension.png
Cached and saved asset_id for https://sdacms.blob.core.windows.net/content/assets/images/africa/icon/module/hypertension.png: c0cb1f108a3b410a82204977ec13ed9c
  ✓ Module icon uploaded for drugs: c0cb1f10...
Mapping language:   7cf6efab-a9d7-54d2-2cbd-ec82efe4a7da
  DEBUG: Found 8 drugs in module
  ✓ Drug inheriting module icon: c0cb1f10...
Saved Markdown: /home/azureuser/test/content_migrator/data/temp_data/calcium_gluconate_original.md
Saved Markdown: /home/azureuser/test/content_migrator/data/temp_data/calcium_gluconate_adapted_africa.md
Saved Markdown: /home/azureuser/test/content_migrator/data/temp_data/calcium_gluconate_translated_action_card.md
Created action-card resource: title='Calcium Gluconate' description='Calcium Gluconate' icon='c0cb1f108a3b410a82204977ec13ed9c' content='9bc6f18503b242c683c5f716abb36633' language_id='7cf6efab-a9d7-54d2-2cbd-ec82efe4a7da' region='africa' content_type='original' created_by='nanna@maternity.dk' level=None questions=None derived_from_id=None
Created action-card resource: title='Calcium Gluconate' description='Calcium Gluconate' icon='c0cb1f108a3b410a82204977ec13ed9c' content='46df7ac8635c456abe16a616c8dcf142' language_id='7cf6efab-a9d7-54d2-2cbd-ec82efe4a7da' region='africa' content_type='adapted' created_by='nanna@maternity.dk' level=None questions=None derived_from_id=None
Created action-card resource: title='Calcium Gluconate' description='Calcium Gluconate' icon='c0cb1f108a3b410a82204977ec13ed9c' content='0c4b27e75851438db32f6621ee29eb22' language_id='7cf6efab-a9d7-54d2-2cbd-ec82efe4a7da' region='africa' content_type='translated' created_by='nanna@maternity.dk' level=None questions=None derived_from_id=None
  ℹ️  No screens translation found for 'drug:calcium-gluconate_1490273124941', using original
Queuing drug: res-drug-calcium-gluconate (Source: 'Calcium Gluconate')
  ✓ Drug inheriting module icon: c0cb1f10...
Saved Markdown: /home/azureuser/test/content_migrator/data/temp_data/labetalol_original.md
Saved Markdown: /home/azureuser/test/content_migrator/data/temp_data/labetalol_adapted_africa.md
Saved Markdown: /home/azureuser/test/content_migrator/data/temp_data/labetalol_translated_action_card.md
Created action-card resource: title='Labetalol' description='Labetalol' icon='c0cb1f108a3b410a82204977ec13ed9c' content='79db984a118a4502a47603d09ccd3457' language_id='7cf6efab-a9d7-54d2-2cbd-ec82efe4a7da' region='africa' content_type='original' created_by='nanna@maternity.dk' level=None questions=None derived_from_id=None
Created action-card resource: title='Labetalol' description='Labetalol' icon='c0cb1f108a3b410a82204977ec13ed9c' content='2978a19c5af74791bf06535638f4000b' language_id='7cf6efab-a9d7-54d2-2cbd-ec82efe4a7da' region='africa' content_type='adapted' created_by='nanna@maternity.dk' level=None questions=None derived_from_id=None
Created action-card resource: title='Labetalol' description='Labetalol' icon='c0cb1f108a3b410a82204977ec13ed9c' content='1c0d8a4af763489a9327cf09b35fb217' language_id='7cf6efab-a9d7-54d2-2cbd-ec82efe4a7da' region='africa' content_type='translated' created_by='nanna@maternity.dk' level=None questions=None derived_from_id=None
  ℹ️  No screens translation found for 'drug:labetalol_1490625535572', using original
Queuing drug: res-drug-labetalol (Source: 'Labetalol')
  ✓ Drug inheriting module icon: c0cb1f10...
Saved Markdown: /home/azureuser/test/content_migrator/data/temp_data/lidocaine_original.md
Saved Markdown: /home/azureuser/test/content_migrator/data/temp_data/lidocaine_adapted_africa.md
Saved Markdown: /home/azureuser/test/content_migrator/data/temp_data/lidocaine_translated_action_card.md
Created action-card resource: title='Lidocaine' description='Lidocaine' icon='c0cb1f108a3b410a82204977ec13ed9c' content='8f7519bc07fa4f1eb9494520d9bf0927' language_id='7cf6efab-a9d7-54d2-2cbd-ec82efe4a7da' region='africa' content_type='original' created_by='nanna@maternity.dk' level=None questions=None derived_from_id=None
Created action-card resource: title='Lidocaine' description='Lidocaine' icon='c0cb1f108a3b410a82204977ec13ed9c' content='d67c1c5c74264d2aa499faf87b308bdd' language_id='7cf6efab-a9d7-54d2-2cbd-ec82efe4a7da' region='africa' content_type='adapted' created_by='nanna@maternity.dk' level=None questions=None derived_from_id=None
Created action-card resource: title='Lidocaine' description='Lidocaine' icon='c0cb1f108a3b410a82204977ec13ed9c' content='10ffd4463fdd49f394f8437d57fee9d4' language_id='7cf6efab-a9d7-54d2-2cbd-ec82efe4a7da' region='africa' content_type='translated' created_by='nanna@maternity.dk' level=None questions=None derived_from_id=None
  ℹ️  No screens translation found for 'drug:lidocaine_1494407526870', using original
Queuing drug: res-drug-lidocaine (Source: 'Lidocaine')
Overwriting previous queue for 'res-drug-lidocaine' with language-specific version (lang: 7cf6efab-a9d7-54d2-2cbd-ec82efe4a7da)
  ✓ Drug inheriting module icon: c0cb1f10...
Saved Markdown: /home/azureuser/test/content_migrator/data/temp_data/magnesium_sulphate_original.md
Saved Markdown: /home/azureuser/test/content_migrator/data/temp_data/magnesium_sulphate_adapted_africa.md
Saved Markdown: /home/azureuser/test/content_migrator/data/temp_data/magnesium_sulphate_translated_action_card.md
Created action-card resource: title='Magnesium Sulphate' description='Magnesium Sulphate' icon='c0cb1f108a3b410a82204977ec13ed9c' content='313429a1c5c3413388da052df53e465f' language_id='7cf6efab-a9d7-54d2-2cbd-ec82efe4a7da' region='africa' content_type='original' created_by='nanna@maternity.dk' level=None questions=None derived_from_id=None
Created action-card resource: title='Magnesium Sulphate' description='Magnesium Sulphate' icon='c0cb1f108a3b410a82204977ec13ed9c' content='eec1629208484c6db9e31eee8a3a88ef' language_id='7cf6efab-a9d7-54d2-2cbd-ec82efe4a7da' region='africa' content_type='adapted' created_by='nanna@maternity.dk' level=None questions=None derived_from_id=None
Created action-card resource: title='Magnesium Sulphate' description='Magnesium Sulphate' icon='c0cb1f108a3b410a82204977ec13ed9c' content='e635ed40f72041f09f388ab27c4e4e49' language_id='7cf6efab-a9d7-54d2-2cbd-ec82efe4a7da' region='africa' content_type='translated' created_by='nanna@maternity.dk' level=None questions=None derived_from_id=None
  ℹ️  No screens translation found for 'drug:magnesium-sulphate_1487111473832', using original
Queuing drug: res-drug-magnesium-sulphate (Source: 'Magnesium Sulphate')
  ✓ Drug inheriting module icon: c0cb1f10...
Saved Markdown: /home/azureuser/test/content_migrator/data/temp_data/methyldopa_original.md
Saved Markdown: /home/azureuser/test/content_migrator/data/temp_data/methyldopa_adapted_africa.md
Saved Markdown: /home/azureuser/test/content_migrator/data/temp_data/methyldopa_translated_action_card.md
Created action-card resource: title='Methyldopa' description='Methyldopa' icon='c0cb1f108a3b410a82204977ec13ed9c' content='60b550f7f59f4b689a662499e4356020' language_id='7cf6efab-a9d7-54d2-2cbd-ec82efe4a7da' region='africa' content_type='original' created_by='nanna@maternity.dk' level=None questions=None derived_from_id=None
Created action-card resource: title='Methyldopa' description='Methyldopa' icon='c0cb1f108a3b410a82204977ec13ed9c' content='cca9cddbe73745fa9a5815c39462d7c7' language_id='7cf6efab-a9d7-54d2-2cbd-ec82efe4a7da' region='africa' content_type='adapted' created_by='nanna@maternity.dk' level=None questions=None derived_from_id=None
Created action-card resource: title='Methyldopa' description='Methyldopa' icon='c0cb1f108a3b410a82204977ec13ed9c' content='1e4c382d1bf34fe5b74355097afddf1f' language_id='7cf6efab-a9d7-54d2-2cbd-ec82efe4a7da' region='africa' content_type='translated' created_by='nanna@maternity.dk' level=None questions=None derived_from_id=None
  ℹ️  No screens translation found for 'drug:methyldopa_1487111904464', using original
Queuing drug: res-drug-methyldopa (Source: 'Methyldopa')
  ✓ Drug inheriting module icon: c0cb1f10...
Saved Markdown: /home/azureuser/test/content_migrator/data/temp_data/hydralazine_original.md
Saved Markdown: /home/azureuser/test/content_migrator/data/temp_data/hydralazine_adapted_africa.md
Saved Markdown: /home/azureuser/test/content_migrator/data/temp_data/hydralazine_translated_action_card.md
Created action-card resource: title='Hydralazine' description='Hydralazine' icon='c0cb1f108a3b410a82204977ec13ed9c' content='ecd09f4662564451b759e73fc4769e66' language_id='7cf6efab-a9d7-54d2-2cbd-ec82efe4a7da' region='africa' content_type='original' created_by='nanna@maternity.dk' level=None questions=None derived_from_id=None
Created action-card resource: title='Hydralazine' description='Hydralazine' icon='c0cb1f108a3b410a82204977ec13ed9c' content='f11d88372a8d49c6b1578041ec4727b5' language_id='7cf6efab-a9d7-54d2-2cbd-ec82efe4a7da' region='africa' content_type='adapted' created_by='nanna@maternity.dk' level=None questions=None derived_from_id=None
Created action-card resource: title='Hydralazine' description='Hydralazine' icon='c0cb1f108a3b410a82204977ec13ed9c' content='19439b5eac09494db21eebdf61b3120f' language_id='7cf6efab-a9d7-54d2-2cbd-ec82efe4a7da' region='africa' content_type='translated' created_by='nanna@maternity.dk' level=None questions=None derived_from_id=None
  ℹ️  No screens translation found for 'drug:hydralazine_1487109388353', using original
Queuing drug: res-drug-hydralazine (Source: 'Hydralazine')
  ✓ Drug inheriting module icon: c0cb1f10...
Saved Markdown: /home/azureuser/test/content_migrator/data/temp_data/dexamethasone_original.md
Saved Markdown: /home/azureuser/test/content_migrator/data/temp_data/dexamethasone_adapted_africa.md
Saved Markdown: /home/azureuser/test/content_migrator/data/temp_data/dexamethasone_translated_action_card.md
Created action-card resource: title='Dexamethasone' description='Dexamethasone' icon='c0cb1f108a3b410a82204977ec13ed9c' content='33771451f6f54673af53ac215d151acc' language_id='7cf6efab-a9d7-54d2-2cbd-ec82efe4a7da' region='africa' content_type='original' created_by='nanna@maternity.dk' level=None questions=None derived_from_id=None
Created action-card resource: title='Dexamethasone' description='Dexamethasone' icon='c0cb1f108a3b410a82204977ec13ed9c' content='8756f2bb2075467ab8994ccd663efdc6' language_id='7cf6efab-a9d7-54d2-2cbd-ec82efe4a7da' region='africa' content_type='adapted' created_by='nanna@maternity.dk' level=None questions=None derived_from_id=None
Created action-card resource: title='Dexamethasone' description='Dexamethasone' icon='c0cb1f108a3b410a82204977ec13ed9c' content='6f14f47bf3444596ab305c30d1203d29' language_id='7cf6efab-a9d7-54d2-2cbd-ec82efe4a7da' region='africa' content_type='translated' created_by='nanna@maternity.dk' level=None questions=None derived_from_id=None
  ℹ️  No screens translation found for 'drug:dexamethasone_1487101787771', using original
Queuing drug: res-drug-dexamethasone (Source: 'Dexamethasone')
Overwriting previous queue for 'res-drug-dexamethasone' with language-specific version (lang: 7cf6efab-a9d7-54d2-2cbd-ec82efe4a7da)
  ✓ Drug inheriting module icon: c0cb1f10...
Saved Markdown: /home/azureuser/test/content_migrator/data/temp_data/nifedipine_original.md
Saved Markdown: /home/azureuser/test/content_migrator/data/temp_data/nifedipine_adapted_africa.md
Saved Markdown: /home/azureuser/test/content_migrator/data/temp_data/nifedipine_translated_action_card.md
Created action-card resource: title='Nifedipine' description='Nifedipine' icon='c0cb1f108a3b410a82204977ec13ed9c' content='4ed24f02fdde4e13a294bdffd4cbe8e5' language_id='7cf6efab-a9d7-54d2-2cbd-ec82efe4a7da' region='africa' content_type='original' created_by='nanna@maternity.dk' level=None questions=None derived_from_id=None
Created action-card resource: title='Nifedipine' description='Nifedipine' icon='c0cb1f108a3b410a82204977ec13ed9c' content='0e8891ebe2354a57902ac676d1f9e7f0' language_id='7cf6efab-a9d7-54d2-2cbd-ec82efe4a7da' region='africa' content_type='adapted' created_by='nanna@maternity.dk' level=None questions=None derived_from_id=None
Created action-card resource: title='Nifedipine' description='Nifedipine' icon='c0cb1f108a3b410a82204977ec13ed9c' content='2f6f4ea1ff1b4bf3b80ccc197ec265eb' language_id='7cf6efab-a9d7-54d2-2cbd-ec82efe4a7da' region='africa' content_type='translated' created_by='nanna@maternity.dk' level=None questions=None derived_from_id=None
  ℹ️  No screens translation found for 'drug:nifedipine_1487151847555', using original
Queuing drug: res-drug-nifedipine (Source: 'Nifedipine')
Overwriting previous queue for 'res-drug-nifedipine' with language-specific version (lang: 7cf6efab-a9d7-54d2-2cbd-ec82efe4a7da)
Mapping language:   7cf6efab-a9d7-54d2-2cbd-ec82efe4a7da
  ℹ️  No key-learning-points document found for key 'severe-preeclampsia_1498640805283' with langId='7cf6efab-a9d7-54d2-2cbd-ec82efe4a7da'.
  ℹ️  No keyLearningPoints document found for key 'severe-preeclampsia_1498640805283' with langId='7cf6efab-a9d7-54d2-2cbd-ec82efe4a7da'.
  ⚠ SKIP: Localized KLP 'severe-preeclampsia_1498640805283' not found in 7cf6efab-a9d7-54d2-2cbd-ec82efe4a7da.
  ℹ️  No key-learning-points document found for key 'gestational-hypertension_1498725687229' with langId='7cf6efab-a9d7-54d2-2cbd-ec82efe4a7da'.
  ℹ️  No keyLearningPoints document found for key 'gestational-hypertension_1498725687229' with langId='7cf6efab-a9d7-54d2-2cbd-ec82efe4a7da'.
  ⚠ SKIP: Localized KLP 'gestational-hypertension_1498725687229' not found in 7cf6efab-a9d7-54d2-2cbd-ec82efe4a7da.
  ℹ️  No key-learning-points document found for key 'bp-gestational-hypertension_1498725828989' with langId='7cf6efab-a9d7-54d2-2cbd-ec82efe4a7da'.
  ℹ️  No keyLearningPoints document found for key 'bp-gestational-hypertension_1498725828989' with langId='7cf6efab-a9d7-54d2-2cbd-ec82efe4a7da'.
  ⚠ SKIP: Localized KLP 'bp-gestational-hypertension_1498725828989' not found in 7cf6efab-a9d7-54d2-2cbd-ec82efe4a7da.
  ℹ️  No key-learning-points document found for key 'preeclampsia_1498726056310' with langId='7cf6efab-a9d7-54d2-2cbd-ec82efe4a7da'.
  ℹ️  No keyLearningPoints document found for key 'preeclampsia_1498726056310' with langId='7cf6efab-a9d7-54d2-2cbd-ec82efe4a7da'.
  ⚠ SKIP: Localized KLP 'preeclampsia_1498726056310' not found in 7cf6efab-a9d7-54d2-2cbd-ec82efe4a7da.
  ℹ️  No key-learning-points document found for key 'severely-elevated-blood-pressure_1498726396275' with langId='7cf6efab-a9d7-54d2-2cbd-ec82efe4a7da'.
  ℹ️  No keyLearningPoints document found for key 'severely-elevated-blood-pressure_1498726396275' with langId='7cf6efab-a9d7-54d2-2cbd-ec82efe4a7da'.
  ⚠ SKIP: Localized KLP 'severely-elevated-blood-pressure_1498726396275' not found in 7cf6efab-a9d7-54d2-2cbd-ec82efe4a7da.
  ℹ️  No key-learning-points document found for key 'severe-headache_1498726747222' with langId='7cf6efab-a9d7-54d2-2cbd-ec82efe4a7da'.
  ℹ️  No keyLearningPoints document found for key 'severe-headache_1498726747222' with langId='7cf6efab-a9d7-54d2-2cbd-ec82efe4a7da'.
  ⚠ SKIP: Localized KLP 'severe-headache_1498726747222' not found in 7cf6efab-a9d7-54d2-2cbd-ec82efe4a7da.
  ℹ️  No key-learning-points document found for key 'visual-disturbances_1498727185096' with langId='7cf6efab-a9d7-54d2-2cbd-ec82efe4a7da'.
  ℹ️  No keyLearningPoints document found for key 'visual-disturbances_1498727185096' with langId='7cf6efab-a9d7-54d2-2cbd-ec82efe4a7da'.
  ⚠ SKIP: Localized KLP 'visual-disturbances_1498727185096' not found in 7cf6efab-a9d7-54d2-2cbd-ec82efe4a7da.
  ℹ️  No key-learning-points document found for key 'upper-abdominal-pain_1498727830882' with langId='7cf6efab-a9d7-54d2-2cbd-ec82efe4a7da'.
  ℹ️  No keyLearningPoints document found for key 'upper-abdominal-pain_1498727830882' with langId='7cf6efab-a9d7-54d2-2cbd-ec82efe4a7da'.
  ⚠ SKIP: Localized KLP 'upper-abdominal-pain_1498727830882' not found in 7cf6efab-a9d7-54d2-2cbd-ec82efe4a7da.
  ℹ️  No key-learning-points document found for key 'respiratory-distress_1498728011726' with langId='7cf6efab-a9d7-54d2-2cbd-ec82efe4a7da'.
  ℹ️  No keyLearningPoints document found for key 'respiratory-distress_1498728011726' with langId='7cf6efab-a9d7-54d2-2cbd-ec82efe4a7da'.
  ⚠ SKIP: Localized KLP 'respiratory-distress_1498728011726' not found in 7cf6efab-a9d7-54d2-2cbd-ec82efe4a7da.
  ℹ️  No key-learning-points document found for key 'oliguria_1498728193444' with langId='7cf6efab-a9d7-54d2-2cbd-ec82efe4a7da'.
  ℹ️  No keyLearningPoints document found for key 'oliguria_1498728193444' with langId='7cf6efab-a9d7-54d2-2cbd-ec82efe4a7da'.
  ⚠ SKIP: Localized KLP 'oliguria_1498728193444' not found in 7cf6efab-a9d7-54d2-2cbd-ec82efe4a7da.
  ℹ️  No key-learning-points document found for key 'eclampsia_1498728592426' with langId='7cf6efab-a9d7-54d2-2cbd-ec82efe4a7da'.
  ℹ️  No keyLearningPoints document found for key 'eclampsia_1498728592426' with langId='7cf6efab-a9d7-54d2-2cbd-ec82efe4a7da'.
  ⚠ SKIP: Localized KLP 'eclampsia_1498728592426' not found in 7cf6efab-a9d7-54d2-2cbd-ec82efe4a7da.
  ℹ️  No key-learning-points document found for key 'eclampsia-normal-blood-pressure_1498728833764' with langId='7cf6efab-a9d7-54d2-2cbd-ec82efe4a7da'.
  ℹ️  No keyLearningPoints document found for key 'eclampsia-normal-blood-pressure_1498728833764' with langId='7cf6efab-a9d7-54d2-2cbd-ec82efe4a7da'.
  ⚠ SKIP: Localized KLP 'eclampsia-normal-blood-pressure_1498728833764' not found in 7cf6efab-a9d7-54d2-2cbd-ec82efe4a7da.
  ℹ️  No key-learning-points document found for key 'differential-diagnosis_1498728983703' with langId='7cf6efab-a9d7-54d2-2cbd-ec82efe4a7da'.
  ℹ️  No keyLearningPoints document found for key 'differential-diagnosis_1498728983703' with langId='7cf6efab-a9d7-54d2-2cbd-ec82efe4a7da'.
  ⚠ SKIP: Localized KLP 'differential-diagnosis_1498728983703' not found in 7cf6efab-a9d7-54d2-2cbd-ec82efe4a7da.
  ℹ️  No key-learning-points document found for key 'causes-of-pre-eclampsia_1498729147494' with langId='7cf6efab-a9d7-54d2-2cbd-ec82efe4a7da'.
  ℹ️  No keyLearningPoints document found for key 'causes-of-pre-eclampsia_1498729147494' with langId='7cf6efab-a9d7-54d2-2cbd-ec82efe4a7da'.
  ⚠ SKIP: Localized KLP 'causes-of-pre-eclampsia_1498729147494' not found in 7cf6efab-a9d7-54d2-2cbd-ec82efe4a7da.
  ℹ️  No key-learning-points document found for key 'anc-blood-pressure_1498729463504' with langId='7cf6efab-a9d7-54d2-2cbd-ec82efe4a7da'.
  ℹ️  No keyLearningPoints document found for key 'anc-blood-pressure_1498729463504' with langId='7cf6efab-a9d7-54d2-2cbd-ec82efe4a7da'.
  ⚠ SKIP: Localized KLP 'anc-blood-pressure_1498729463504' not found in 7cf6efab-a9d7-54d2-2cbd-ec82efe4a7da.
  ℹ️  No key-learning-points document found for key 'confirm-bp_1498732684396' with langId='7cf6efab-a9d7-54d2-2cbd-ec82efe4a7da'.
  ℹ️  No keyLearningPoints document found for key 'confirm-bp_1498732684396' with langId='7cf6efab-a9d7-54d2-2cbd-ec82efe4a7da'.
  ⚠ SKIP: Localized KLP 'confirm-bp_1498732684396' not found in 7cf6efab-a9d7-54d2-2cbd-ec82efe4a7da.
  ℹ️  No key-learning-points document found for key 'confirmed-elevated-bp_1498733012381' with langId='7cf6efab-a9d7-54d2-2cbd-ec82efe4a7da'.
  ℹ️  No keyLearningPoints document found for key 'confirmed-elevated-bp_1498733012381' with langId='7cf6efab-a9d7-54d2-2cbd-ec82efe4a7da'.
  ⚠ SKIP: Localized KLP 'confirmed-elevated-bp_1498733012381' not found in 7cf6efab-a9d7-54d2-2cbd-ec82efe4a7da.
  ℹ️  No key-learning-points document found for key 'eclampsia-maternal-and-perinatal-death_1498733194577' with langId='7cf6efab-a9d7-54d2-2cbd-ec82efe4a7da'.
  ℹ️  No keyLearningPoints document found for key 'eclampsia-maternal-and-perinatal-death_1498733194577' with langId='7cf6efab-a9d7-54d2-2cbd-ec82efe4a7da'.
  ⚠ SKIP: Localized KLP 'eclampsia-maternal-and-perinatal-death_1498733194577' not found in 7cf6efab-a9d7-54d2-2cbd-ec82efe4a7da.
  ℹ️  No key-learning-points document found for key 'keep-systolic-bp-below-160_1498733307152' with langId='7cf6efab-a9d7-54d2-2cbd-ec82efe4a7da'.
  ℹ️  No keyLearningPoints document found for key 'keep-systolic-bp-below-160_1498733307152' with langId='7cf6efab-a9d7-54d2-2cbd-ec82efe4a7da'.
  ⚠ SKIP: Localized KLP 'keep-systolic-bp-below-160_1498733307152' not found in 7cf6efab-a9d7-54d2-2cbd-ec82efe4a7da.
  ℹ️  No key-learning-points document found for key 'keep-diastolic-bp-above-80_1498733486432' with langId='7cf6efab-a9d7-54d2-2cbd-ec82efe4a7da'.
  ℹ️  No keyLearningPoints document found for key 'keep-diastolic-bp-above-80_1498733486432' with langId='7cf6efab-a9d7-54d2-2cbd-ec82efe4a7da'.
  ⚠ SKIP: Localized KLP 'keep-diastolic-bp-above-80_1498733486432' not found in 7cf6efab-a9d7-54d2-2cbd-ec82efe4a7da.
  ℹ️  No key-learning-points document found for key 'labetalol_1498733591134' with langId='7cf6efab-a9d7-54d2-2cbd-ec82efe4a7da'.
  ℹ️  No keyLearningPoints document found for key 'labetalol_1498733591134' with langId='7cf6efab-a9d7-54d2-2cbd-ec82efe4a7da'.
  ⚠ SKIP: Localized KLP 'labetalol_1498733591134' not found in 7cf6efab-a9d7-54d2-2cbd-ec82efe4a7da.
  ℹ️  No key-learning-points document found for key 'methyldopa_1498733669777' with langId='7cf6efab-a9d7-54d2-2cbd-ec82efe4a7da'.
  ℹ️  No keyLearningPoints document found for key 'methyldopa_1498733669777' with langId='7cf6efab-a9d7-54d2-2cbd-ec82efe4a7da'.
  ⚠ SKIP: Localized KLP 'methyldopa_1498733669777' not found in 7cf6efab-a9d7-54d2-2cbd-ec82efe4a7da.
  ℹ️  No key-learning-points document found for key 'iv-with-bp-above-160-_1498733752579' with langId='7cf6efab-a9d7-54d2-2cbd-ec82efe4a7da'.
  ℹ️  No keyLearningPoints document found for key 'iv-with-bp-above-160-_1498733752579' with langId='7cf6efab-a9d7-54d2-2cbd-ec82efe4a7da'.
  ⚠ SKIP: Localized KLP 'iv-with-bp-above-160-_1498733752579' not found in 7cf6efab-a9d7-54d2-2cbd-ec82efe4a7da.
  ℹ️  No key-learning-points document found for key 'hydralazine_1498733943552' with langId='7cf6efab-a9d7-54d2-2cbd-ec82efe4a7da'.
  ℹ️  No keyLearningPoints document found for key 'hydralazine_1498733943552' with langId='7cf6efab-a9d7-54d2-2cbd-ec82efe4a7da'.
  ⚠ SKIP: Localized KLP 'hydralazine_1498733943552' not found in 7cf6efab-a9d7-54d2-2cbd-ec82efe4a7da.
  ℹ️  No key-learning-points document found for key 'eclampsia-seizures_1498734086062' with langId='7cf6efab-a9d7-54d2-2cbd-ec82efe4a7da'.
  ℹ️  No keyLearningPoints document found for key 'eclampsia-seizures_1498734086062' with langId='7cf6efab-a9d7-54d2-2cbd-ec82efe4a7da'.
  ⚠ SKIP: Localized KLP 'eclampsia-seizures_1498734086062' not found in 7cf6efab-a9d7-54d2-2cbd-ec82efe4a7da.
  ℹ️  No key-learning-points document found for key 'magnesium-sulphate-24-hours_1498734258534' with langId='7cf6efab-a9d7-54d2-2cbd-ec82efe4a7da'.
  ℹ️  No keyLearningPoints document found for key 'magnesium-sulphate-24-hours_1498734258534' with langId='7cf6efab-a9d7-54d2-2cbd-ec82efe4a7da'.
  ⚠ SKIP: Localized KLP 'magnesium-sulphate-24-hours_1498734258534' not found in 7cf6efab-a9d7-54d2-2cbd-ec82efe4a7da.
  ℹ️  No key-learning-points document found for key 'severe-pre-eclampsia-or-eclampsia_1498734362115' with langId='7cf6efab-a9d7-54d2-2cbd-ec82efe4a7da'.
  ℹ️  No keyLearningPoints document found for key 'severe-pre-eclampsia-or-eclampsia_1498734362115' with langId='7cf6efab-a9d7-54d2-2cbd-ec82efe4a7da'.
  ⚠ SKIP: Localized KLP 'severe-pre-eclampsia-or-eclampsia_1498734362115' not found in 7cf6efab-a9d7-54d2-2cbd-ec82efe4a7da.
  ℹ️  No key-learning-points document found for key 'hypertension-and-urine-catheter_1498735254202' with langId='7cf6efab-a9d7-54d2-2cbd-ec82efe4a7da'.
  ℹ️  No keyLearningPoints document found for key 'hypertension-and-urine-catheter_1498735254202' with langId='7cf6efab-a9d7-54d2-2cbd-ec82efe4a7da'.
  ⚠ SKIP: Localized KLP 'hypertension-and-urine-catheter_1498735254202' not found in 7cf6efab-a9d7-54d2-2cbd-ec82efe4a7da.
  ℹ️  No key-learning-points document found for key 'eclampsia---monitor-12-hour_1498735362891' with langId='7cf6efab-a9d7-54d2-2cbd-ec82efe4a7da'.
  ℹ️  No keyLearningPoints document found for key 'eclampsia---monitor-12-hour_1498735362891' with langId='7cf6efab-a9d7-54d2-2cbd-ec82efe4a7da'.
  ⚠ SKIP: Localized KLP 'eclampsia---monitor-12-hour_1498735362891' not found in 7cf6efab-a9d7-54d2-2cbd-ec82efe4a7da.
  ℹ️  No key-learning-points document found for key 'give-magnesium-sulphate_1498735437004' with langId='7cf6efab-a9d7-54d2-2cbd-ec82efe4a7da'.
  ℹ️  No keyLearningPoints document found for key 'give-magnesium-sulphate_1498735437004' with langId='7cf6efab-a9d7-54d2-2cbd-ec82efe4a7da'.
  ⚠ SKIP: Localized KLP 'give-magnesium-sulphate_1498735437004' not found in 7cf6efab-a9d7-54d2-2cbd-ec82efe4a7da.
  ℹ️  No key-learning-points document found for key 'mix-magnesium-sulphate_1498735538053' with langId='7cf6efab-a9d7-54d2-2cbd-ec82efe4a7da'.
  ℹ️  No keyLearningPoints document found for key 'mix-magnesium-sulphate_1498735538053' with langId='7cf6efab-a9d7-54d2-2cbd-ec82efe4a7da'.
  ⚠ SKIP: Localized KLP 'mix-magnesium-sulphate_1498735538053' not found in 7cf6efab-a9d7-54d2-2cbd-ec82efe4a7da.
  ℹ️  No key-learning-points document found for key 'toxicity_1498735622169' with langId='7cf6efab-a9d7-54d2-2cbd-ec82efe4a7da'.
  ℹ️  No keyLearningPoints document found for key 'toxicity_1498735622169' with langId='7cf6efab-a9d7-54d2-2cbd-ec82efe4a7da'.
  ⚠ SKIP: Localized KLP 'toxicity_1498735622169' not found in 7cf6efab-a9d7-54d2-2cbd-ec82efe4a7da.
  ℹ️  No key-learning-points document found for key 'antidote-to-magnesium-sulphate_1498735735523' with langId='7cf6efab-a9d7-54d2-2cbd-ec82efe4a7da'.
  ℹ️  No keyLearningPoints document found for key 'antidote-to-magnesium-sulphate_1498735735523' with langId='7cf6efab-a9d7-54d2-2cbd-ec82efe4a7da'.
  ⚠ SKIP: Localized KLP 'antidote-to-magnesium-sulphate_1498735735523' not found in 7cf6efab-a9d7-54d2-2cbd-ec82efe4a7da.
  ℹ️  No key-learning-points document found for key 'maintain-dose-magnesium-sulphate_1498735869673' with langId='7cf6efab-a9d7-54d2-2cbd-ec82efe4a7da'.
  ℹ️  No keyLearningPoints document found for key 'maintain-dose-magnesium-sulphate_1498735869673' with langId='7cf6efab-a9d7-54d2-2cbd-ec82efe4a7da'.
  ⚠ SKIP: Localized KLP 'maintain-dose-magnesium-sulphate_1498735869673' not found in 7cf6efab-a9d7-54d2-2cbd-ec82efe4a7da.
  ℹ️  No key-learning-points document found for key 'refer-and-eclampsia_1498735994297' with langId='7cf6efab-a9d7-54d2-2cbd-ec82efe4a7da'.
  ℹ️  No keyLearningPoints document found for key 'refer-and-eclampsia_1498735994297' with langId='7cf6efab-a9d7-54d2-2cbd-ec82efe4a7da'.
  ⚠ SKIP: Localized KLP 'refer-and-eclampsia_1498735994297' not found in 7cf6efab-a9d7-54d2-2cbd-ec82efe4a7da.
  ℹ️  No key-learning-points document found for key 'lung-maturity_1498736081492' with langId='7cf6efab-a9d7-54d2-2cbd-ec82efe4a7da'.
  ℹ️  No keyLearningPoints document found for key 'lung-maturity_1498736081492' with langId='7cf6efab-a9d7-54d2-2cbd-ec82efe4a7da'.
  ⚠ SKIP: Localized KLP 'lung-maturity_1498736081492' not found in 7cf6efab-a9d7-54d2-2cbd-ec82efe4a7da.
  ℹ️  No key-learning-points document found for key 'proteinuria_1505054086730' with langId='7cf6efab-a9d7-54d2-2cbd-ec82efe4a7da'.
  ℹ️  No keyLearningPoints document found for key 'proteinuria_1505054086730' with langId='7cf6efab-a9d7-54d2-2cbd-ec82efe4a7da'.
  ⚠ SKIP: Localized KLP 'proteinuria_1505054086730' not found in 7cf6efab-a9d7-54d2-2cbd-ec82efe4a7da.
  ℹ️  No key-learning-points document found for key 'cure-of-pre-eclampsia_1505055063577' with langId='7cf6efab-a9d7-54d2-2cbd-ec82efe4a7da'.
  ℹ️  No keyLearningPoints document found for key 'cure-of-pre-eclampsia_1505055063577' with langId='7cf6efab-a9d7-54d2-2cbd-ec82efe4a7da'.
  ⚠ SKIP: Localized KLP 'cure-of-pre-eclampsia_1505055063577' not found in 7cf6efab-a9d7-54d2-2cbd-ec82efe4a7da.
  ℹ️  No key-learning-points document found for key 'maternal-death-and-pre-eclampsia_1505055560037' with langId='7cf6efab-a9d7-54d2-2cbd-ec82efe4a7da'.
  ℹ️  No keyLearningPoints document found for key 'maternal-death-and-pre-eclampsia_1505055560037' with langId='7cf6efab-a9d7-54d2-2cbd-ec82efe4a7da'.
  ⚠ SKIP: Localized KLP 'maternal-death-and-pre-eclampsia_1505055560037' not found in 7cf6efab-a9d7-54d2-2cbd-ec82efe4a7da.
  ℹ️  No key-learning-points document found for key 'action-eclampsia_1505059069497' with langId='7cf6efab-a9d7-54d2-2cbd-ec82efe4a7da'.
  ℹ️  No keyLearningPoints document found for key 'action-eclampsia_1505059069497' with langId='7cf6efab-a9d7-54d2-2cbd-ec82efe4a7da'.
  ⚠ SKIP: Localized KLP 'action-eclampsia_1505059069497' not found in 7cf6efab-a9d7-54d2-2cbd-ec82efe4a7da.
  ℹ️  No key-learning-points document found for key 'fluid-overload_1505059297071' with langId='7cf6efab-a9d7-54d2-2cbd-ec82efe4a7da'.
  ℹ️  No keyLearningPoints document found for key 'fluid-overload_1505059297071' with langId='7cf6efab-a9d7-54d2-2cbd-ec82efe4a7da'.
  ⚠ SKIP: Localized KLP 'fluid-overload_1505059297071' not found in 7cf6efab-a9d7-54d2-2cbd-ec82efe4a7da.
  ℹ️  No key-learning-points document found for key 'calcium-gluconate_1505059639547' with langId='7cf6efab-a9d7-54d2-2cbd-ec82efe4a7da'.
  ℹ️  No keyLearningPoints document found for key 'calcium-gluconate_1505059639547' with langId='7cf6efab-a9d7-54d2-2cbd-ec82efe4a7da'.
  ⚠ SKIP: Localized KLP 'calcium-gluconate_1505059639547' not found in 7cf6efab-a9d7-54d2-2cbd-ec82efe4a7da.
  Step 2: Queuing module payload with resource slugs...
Using cached asset_id: c0cb1f108a3b410a82204977ec13ed9c
Skipping previously failed asset: https://sdacms.blob.core.windows.net/content/assets/videos/english%20WHO/Hypertension/intro.mp4
Warning: Failed to process video asset: /english WHO/Hypertension/intro
Skipping previously failed asset: https://sdacms.blob.core.windows.net/content/assets/videos/english%20WHO/Hypertension/definitions.mp4
Warning: Failed to process video asset: /english WHO/Hypertension/definitions
Skipping previously failed asset: https://sdacms.blob.core.windows.net/content/assets/videos/english%20WHO/Hypertension/causes.mp4
Warning: Failed to process video asset: /english WHO/Hypertension/causes
Skipping previously failed asset: https://sdacms.blob.core.windows.net/content/assets/videos/english%20WHO/Hypertension/how_to_diagnose.mp4
Warning: Failed to process video asset: /english WHO/Hypertension/how_to_diagnose
Skipping previously failed asset: https://sdacms.blob.core.windows.net/content/assets/videos/english%20WHO/Hypertension/management_of_hypertension.mp4
Warning: Failed to process video asset: /english WHO/Hypertension/management_of_hypertension
Skipping previously failed asset: https://sdacms.blob.core.windows.net/content/assets/videos/english%20WHO/Hypertension/severe_preeclampsia_eclampsia.mp4
Warning: Failed to process video asset: /english WHO/Hypertension/severe_preeclampsia_eclampsia
  → Using bundle description fallback for translated module
  → Queued module 'Hypertension' -> /home/azureuser/test/content_migrator/data/processed_data/modules.csv
  → Found English title from Cosmos (key='normal-labour-and-birth_1591261731571'): 'Normal Labour and Birth'
[ModuleMigrator] Using Cosmos doc resource lists for TRANSLATED module 'normal-labour-and-birth_1591261731571' (lang: 7cf6efab-a9d7-54d2-2cbd-ec82efe4a7da)
  actionCards: 0 keys
  procedures: 6 keys
  drugs: 3 keys
  keyLearningPoints: 36 keys
  videos: 8 keys
  ⚠ STRUCTURAL VIOLATION: Global identity document not found in Cosmos for localized module 'normal-labour-and-birth'. Proceeding with placeholder title: Normal Labour And Birth
  Step 1: Preparing module resources (queue)...
Loaded 511 existing resource mappings
Mapping language:   7cf6efab-a9d7-54d2-2cbd-ec82efe4a7da
  DEBUG: Found 8 videos in module
Downloading video asset from https://sdacms.blob.core.windows.net/content/assets/videos/english%20WHO/Normal%20labour%20and%20birth/intro.mp4
Error downloading video asset https://sdacms.blob.core.windows.net/content/assets/videos/english%20WHO/Normal%20labour%20and%20birth/intro.mp4: 404 Client Error: The specified blob does not exist. for url: https://sdacms.blob.core.windows.net/content/assets/videos/english%20WHO/Normal%20labour%20and%20birth/intro.mp4
Video icon URL: english%20WHO/Normal%20labour%20and%20birth/intro
Video icon URL: english%20WHO/Normal%20labour%20and%20birth/intro
Downloading video_icon asset from https://sdacms.blob.core.windows.net/content/assets/videos/english%20WHO/Normal%20labour%20and%20birth/intro.png
Error downloading video_icon asset https://sdacms.blob.core.windows.net/content/assets/videos/english%20WHO/Normal%20labour%20and%20birth/intro.png: 404 Client Error: The specified blob does not exist. for url: https://sdacms.blob.core.windows.net/content/assets/videos/english%20WHO/Normal%20labour%20and%20birth/intro.png
Skipping video '/english WHO/Normal labour and birth/intro' - missing asset upload
Downloading video asset from https://sdacms.blob.core.windows.net/content/assets/videos/english%20WHO/Normal%20labour%20and%20birth/respectful_care.mp4
Error downloading video asset https://sdacms.blob.core.windows.net/content/assets/videos/english%20WHO/Normal%20labour%20and%20birth/respectful_care.mp4: 404 Client Error: The specified blob does not exist. for url: https://sdacms.blob.core.windows.net/content/assets/videos/english%20WHO/Normal%20labour%20and%20birth/respectful_care.mp4
Video icon URL: english%20WHO/Normal%20labour%20and%20birth/respectful_care
Video icon URL: english%20WHO/Normal%20labour%20and%20birth/respectful_care
Downloading video_icon asset from https://sdacms.blob.core.windows.net/content/assets/videos/english%20WHO/Normal%20labour%20and%20birth/respectful_care.png
Error downloading video_icon asset https://sdacms.blob.core.windows.net/content/assets/videos/english%20WHO/Normal%20labour%20and%20birth/respectful_care.png: 404 Client Error: The specified blob does not exist. for url: https://sdacms.blob.core.windows.net/content/assets/videos/english%20WHO/Normal%20labour%20and%20birth/respectful_care.png
Skipping video '/english WHO/Normal labour and birth/respectful_care' - missing asset upload
Downloading video asset from https://sdacms.blob.core.windows.net/content/assets/videos/english%20WHO/Normal%20labour%20and%20birth/initial_assessment.mp4
Error downloading video asset https://sdacms.blob.core.windows.net/content/assets/videos/english%20WHO/Normal%20labour%20and%20birth/initial_assessment.mp4: 404 Client Error: The specified blob does not exist. for url: https://sdacms.blob.core.windows.net/content/assets/videos/english%20WHO/Normal%20labour%20and%20birth/initial_assessment.mp4
Video icon URL: english%20WHO/Normal%20labour%20and%20birth/initial_assessment
Video icon URL: english%20WHO/Normal%20labour%20and%20birth/initial_assessment
Downloading video_icon asset from https://sdacms.blob.core.windows.net/content/assets/videos/english%20WHO/Normal%20labour%20and%20birth/initial_assessment.png
Error downloading video_icon asset https://sdacms.blob.core.windows.net/content/assets/videos/english%20WHO/Normal%20labour%20and%20birth/initial_assessment.png: 404 Client Error: The specified blob does not exist. for url: https://sdacms.blob.core.windows.net/content/assets/videos/english%20WHO/Normal%20labour%20and%20birth/initial_assessment.png
Skipping video '/english WHO/Normal labour and birth/initial_assessment' - missing asset upload
Downloading video asset from https://sdacms.blob.core.windows.net/content/assets/videos/english%20WHO/Normal%20labour%20and%20birth/1st_stage_latent_phase.mp4
Error downloading video asset https://sdacms.blob.core.windows.net/content/assets/videos/english%20WHO/Normal%20labour%20and%20birth/1st_stage_latent_phase.mp4: 404 Client Error: The specified blob does not exist. for url: https://sdacms.blob.core.windows.net/content/assets/videos/english%20WHO/Normal%20labour%20and%20birth/1st_stage_latent_phase.mp4
Video icon URL: english%20WHO/Normal%20labour%20and%20birth/1st_stage_latent_phase
Video icon URL: english%20WHO/Normal%20labour%20and%20birth/1st_stage_latent_phase
Downloading video_icon asset from https://sdacms.blob.core.windows.net/content/assets/videos/english%20WHO/Normal%20labour%20and%20birth/1st_stage_latent_phase.png
Error downloading video_icon asset https://sdacms.blob.core.windows.net/content/assets/videos/english%20WHO/Normal%20labour%20and%20birth/1st_stage_latent_phase.png: 404 Client Error: The specified blob does not exist. for url: https://sdacms.blob.core.windows.net/content/assets/videos/english%20WHO/Normal%20labour%20and%20birth/1st_stage_latent_phase.png
Skipping video '/english WHO/Normal labour and birth/1st_stage_latent_phase' - missing asset upload
Downloading video asset from https://sdacms.blob.core.windows.net/content/assets/videos/english%20WHO/Normal%20labour%20and%20birth/1st_stage_active_phase.mp4
Error downloading video asset https://sdacms.blob.core.windows.net/content/assets/videos/english%20WHO/Normal%20labour%20and%20birth/1st_stage_active_phase.mp4: 404 Client Error: The specified blob does not exist. for url: https://sdacms.blob.core.windows.net/content/assets/videos/english%20WHO/Normal%20labour%20and%20birth/1st_stage_active_phase.mp4
Video icon URL: english%20WHO/Normal%20labour%20and%20birth/1st_stage_active_phase
Video icon URL: english%20WHO/Normal%20labour%20and%20birth/1st_stage_active_phase
Downloading video_icon asset from https://sdacms.blob.core.windows.net/content/assets/videos/english%20WHO/Normal%20labour%20and%20birth/1st_stage_active_phase.png
Error downloading video_icon asset https://sdacms.blob.core.windows.net/content/assets/videos/english%20WHO/Normal%20labour%20and%20birth/1st_stage_active_phase.png: 404 Client Error: The specified blob does not exist. for url: https://sdacms.blob.core.windows.net/content/assets/videos/english%20WHO/Normal%20labour%20and%20birth/1st_stage_active_phase.png
Skipping video '/english WHO/Normal labour and birth/1st_stage_active_phase' - missing asset upload
Downloading video asset from https://sdacms.blob.core.windows.net/content/assets/videos/english%20WHO/Normal%20labour%20and%20birth/support.mp4
Error downloading video asset https://sdacms.blob.core.windows.net/content/assets/videos/english%20WHO/Normal%20labour%20and%20birth/support.mp4: 404 Client Error: The specified blob does not exist. for url: https://sdacms.blob.core.windows.net/content/assets/videos/english%20WHO/Normal%20labour%20and%20birth/support.mp4
Video icon URL: english%20WHO/Normal%20labour%20and%20birth/support
Video icon URL: english%20WHO/Normal%20labour%20and%20birth/support
Downloading video_icon asset from https://sdacms.blob.core.windows.net/content/assets/videos/english%20WHO/Normal%20labour%20and%20birth/support.png
Error downloading video_icon asset https://sdacms.blob.core.windows.net/content/assets/videos/english%20WHO/Normal%20labour%20and%20birth/support.png: 404 Client Error: The specified blob does not exist. for url: https://sdacms.blob.core.windows.net/content/assets/videos/english%20WHO/Normal%20labour%20and%20birth/support.png
Skipping video '/english WHO/Normal labour and birth/support' - missing asset upload
Downloading video asset from https://sdacms.blob.core.windows.net/content/assets/videos/english%20WHO/Normal%20labour%20and%20birth/2nd_stage_cervix_fully_dilated.mp4
Error downloading video asset https://sdacms.blob.core.windows.net/content/assets/videos/english%20WHO/Normal%20labour%20and%20birth/2nd_stage_cervix_fully_dilated.mp4: 404 Client Error: The specified blob does not exist. for url: https://sdacms.blob.core.windows.net/content/assets/videos/english%20WHO/Normal%20labour%20and%20birth/2nd_stage_cervix_fully_dilated.mp4
Video icon URL: english%20WHO/Normal%20labour%20and%20birth/2nd_stage_cervix_fully_dilated
Video icon URL: english%20WHO/Normal%20labour%20and%20birth/2nd_stage_cervix_fully_dilated
Downloading video_icon asset from https://sdacms.blob.core.windows.net/content/assets/videos/english%20WHO/Normal%20labour%20and%20birth/2nd_stage_cervix_fully_dilated.png
Error downloading video_icon asset https://sdacms.blob.core.windows.net/content/assets/videos/english%20WHO/Normal%20labour%20and%20birth/2nd_stage_cervix_fully_dilated.png: 404 Client Error: The specified blob does not exist. for url: https://sdacms.blob.core.windows.net/content/assets/videos/english%20WHO/Normal%20labour%20and%20birth/2nd_stage_cervix_fully_dilated.png
Skipping video '/english WHO/Normal labour and birth/2nd_stage_cervix_fully_dilated' - missing asset upload
Downloading video asset from https://sdacms.blob.core.windows.net/content/assets/videos/english%20WHO/Normal%20labour%20and%20birth/2nd_stage_delivering_the_baby.mp4
Error downloading video asset https://sdacms.blob.core.windows.net/content/assets/videos/english%20WHO/Normal%20labour%20and%20birth/2nd_stage_delivering_the_baby.mp4: 404 Client Error: The specified blob does not exist. for url: https://sdacms.blob.core.windows.net/content/assets/videos/english%20WHO/Normal%20labour%20and%20birth/2nd_stage_delivering_the_baby.mp4
Video icon URL: english%20WHO/Normal%20labour%20and%20birth/2nd_stage_delivering_the_baby
Video icon URL: english%20WHO/Normal%20labour%20and%20birth/2nd_stage_delivering_the_baby
Downloading video_icon asset from https://sdacms.blob.core.windows.net/content/assets/videos/english%20WHO/Normal%20labour%20and%20birth/2nd_stage_delivering_the_baby.png
Error downloading video_icon asset https://sdacms.blob.core.windows.net/content/assets/videos/english%20WHO/Normal%20labour%20and%20birth/2nd_stage_delivering_the_baby.png: 404 Client Error: The specified blob does not exist. for url: https://sdacms.blob.core.windows.net/content/assets/videos/english%20WHO/Normal%20labour%20and%20birth/2nd_stage_delivering_the_baby.png
Skipping video '/english WHO/Normal labour and birth/2nd_stage_delivering_the_baby' - missing asset upload
  DEBUG: Found 0 action cards in module
Mapping language:   7cf6efab-a9d7-54d2-2cbd-ec82efe4a7da
  DEBUG: Found 6 procedures in module
Downloading icon asset from https://sdacms.blob.core.windows.net/content/assets/images/africa/richtext/PP_NLB_Initial_assessment.png
Cached and saved asset_id for https://sdacms.blob.core.windows.net/content/assets/images/africa/richtext/PP_NLB_Initial_assessment.png: 48ef0856a4704f15a4f968033b333529
CACHED: Saved new asset_id 'c98bd2c989474810ba3d568d61bd7298' for path 'https://sdacms.blob.core.windows.net/content/assets/images/africa/richtext/PP_NLB_Initial_Dehydration.png'
Saved Markdown: /home/azureuser/test/content_migrator/data/temp_data/initial_assessment_original.md
Saved Markdown: /home/azureuser/test/content_migrator/data/temp_data/initial_assessment_adapted_africa.md
Saved Markdown: /home/azureuser/test/content_migrator/data/temp_data/initial_assessment_translated_action_card.md
  📎 Linking 5 embedded asset(s) to markdown upload
Created action-card resource: title='Initial assessment' description='Initial assessment' icon='48ef0856a4704f15a4f968033b333529' content='50c4120eabdb4d0ebd0bcb4556591c4d' language_id='7cf6efab-a9d7-54d2-2cbd-ec82efe4a7da' region='africa' content_type='original' created_by='natalia@maternity.dk' level=None questions=None derived_from_id=None
  📎 Linking 5 embedded asset(s) to markdown upload
Created action-card resource: title='Initial assessment' description='Initial assessment' icon='48ef0856a4704f15a4f968033b333529' content='0149cfa51ad7418aa094b4624b7358af' language_id='7cf6efab-a9d7-54d2-2cbd-ec82efe4a7da' region='africa' content_type='adapted' created_by='natalia@maternity.dk' level=None questions=None derived_from_id=None
  📎 Linking 5 embedded asset(s) to markdown upload
Created action-card resource: title='Initial assessment' description='Initial assessment' icon='48ef0856a4704f15a4f968033b333529' content='92edfefff26a4d76a7e2f9bbda6271ec' language_id='7cf6efab-a9d7-54d2-2cbd-ec82efe4a7da' region='africa' content_type='translated' created_by='natalia@maternity.dk' level=None questions=None derived_from_id=None
  ℹ️  No screens translation found for 'procedure:initial-assessment_1591607594553', using original
Queuing procedure: res-procedure-initial-assessment (Source: 'Initial assessment')
Downloading icon asset from https://sdacms.blob.core.windows.net/content/assets/images/africa/richtext/PP_NLB_Calculate_due_date_GA.png
Cached and saved asset_id for https://sdacms.blob.core.windows.net/content/assets/images/africa/richtext/PP_NLB_Calculate_due_date_GA.png: 4005de07a3254f02b8c8b66cfd5caddf
Saved Markdown: /home/azureuser/test/content_migrator/data/temp_data/calculate_due_date_and_ga_original.md
Saved Markdown: /home/azureuser/test/content_migrator/data/temp_data/calculate_due_date_and_ga_adapted_africa.md
Saved Markdown: /home/azureuser/test/content_migrator/data/temp_data/calculate_due_date_and_ga_translated_action_card.md
  📎 Linking 1 embedded asset(s) to markdown upload
Created action-card resource: title='Calculate due date and GA' description='Calculate due date and GA' icon='4005de07a3254f02b8c8b66cfd5caddf' content='26c2ba13a279496a8b7df9f89e0b1c52' language_id='7cf6efab-a9d7-54d2-2cbd-ec82efe4a7da' region='africa' content_type='original' created_by='natalia@maternity.dk' level=None questions=None derived_from_id=None
  📎 Linking 1 embedded asset(s) to markdown upload
Created action-card resource: title='Calculate due date and GA' description='Calculate due date and GA' icon='4005de07a3254f02b8c8b66cfd5caddf' content='934b1e3404a4441eb41ee33a252cd304' language_id='7cf6efab-a9d7-54d2-2cbd-ec82efe4a7da' region='africa' content_type='adapted' created_by='natalia@maternity.dk' level=None questions=None derived_from_id=None
  📎 Linking 1 embedded asset(s) to markdown upload
Created action-card resource: title='Calculate due date and GA' description='Calculate due date and GA' icon='4005de07a3254f02b8c8b66cfd5caddf' content='8772987fadc347c3855a4f7b966dc851' language_id='7cf6efab-a9d7-54d2-2cbd-ec82efe4a7da' region='africa' content_type='translated' created_by='natalia@maternity.dk' level=None questions=None derived_from_id=None
  ℹ️  No screens translation found for 'procedure:calculate-due-date-and-ga-_1591608714797', using original
Queuing procedure: res-procedure-calculate-due-date-and-ga (Source: 'Calculate due date and GA')
Using cached asset_id: 8420036f94414c459686b89182548c3e
CACHED: Saved new asset_id '1c4b77ffdeb347c7bd159acba89f76d6' for path 'https://sdacms.blob.core.windows.net/content/assets/images/africa/richtext/PP_NLB_Which_part_is_present_at_the_top_of_the_uterus.png'
CACHED: Saved new asset_id 'a8e20537abee4b1d8ffe271c64d0a1ba' for path 'https://sdacms.blob.core.windows.net/content/assets/images/africa/richtext/PP_NLB_The_position_of_the_back_of_the_fetus.png'
CACHED: Saved new asset_id 'c6c8834ab1564fe788c552c2a5ce003d' for path 'https://sdacms.blob.core.windows.net/content/assets/images/africa/richtext/PP_NLB_Contractions.png'
Saved Markdown: /home/azureuser/test/content_migrator/data/temp_data/abdominal_examination_new_2025_original.md
Saved Markdown: /home/azureuser/test/content_migrator/data/temp_data/abdominal_examination_new_2025_adapted_africa.md
Saved Markdown: /home/azureuser/test/content_migrator/data/temp_data/abdominal_examination_new_2025_translated_action_card.md
  📎 Linking 7 embedded asset(s) to markdown upload
Created action-card resource: title='Abdominal examination (NEW 2025)' description='Abdominal examination (NEW 2025)' icon='8420036f94414c459686b89182548c3e' content='bb6300a715b548a99fee3203c537ccdf' language_id='7cf6efab-a9d7-54d2-2cbd-ec82efe4a7da' region='africa' content_type='original' created_by='natalia@maternity.dk' level=None questions=None derived_from_id=None
  📎 Linking 7 embedded asset(s) to markdown upload
Created action-card resource: title='Abdominal examination (NEW 2025)' description='Abdominal examination (NEW 2025)' icon='8420036f94414c459686b89182548c3e' content='825c431ff15b49c886c095b24fd1be54' language_id='7cf6efab-a9d7-54d2-2cbd-ec82efe4a7da' region='africa' content_type='adapted' created_by='natalia@maternity.dk' level=None questions=None derived_from_id=None
  📎 Linking 7 embedded asset(s) to markdown upload
Created action-card resource: title='Abdominal examination (NEW 2025)' description='Abdominal examination (NEW 2025)' icon='8420036f94414c459686b89182548c3e' content='5185d27c68da47ebb332a8f7bb0b51c1' language_id='7cf6efab-a9d7-54d2-2cbd-ec82efe4a7da' region='africa' content_type='translated' created_by='natalia@maternity.dk' level=None questions=None derived_from_id=None
  ✓ Screens translation for procedure description: 'Abdominal examination ...'
Queuing procedure: res-procedure-abdominal-examination-new-2025 (Source: 'Abdominal examination (NEW 2025)')
Using cached asset_id: b0d4683ed0d14cb8a613433aaabfe1c9
CACHED: Saved new asset_id '5bf364631fb84f248babdbf6754edae1' for path 'https://sdacms.blob.core.windows.net/content/assets/images/africa/richtext/PP_NLB_Monitoring.png'
Saved Markdown: /home/azureuser/test/content_migrator/data/temp_data/foetal_heart_rate_original.md
Saved Markdown: /home/azureuser/test/content_migrator/data/temp_data/foetal_heart_rate_adapted_africa.md
Saved Markdown: /home/azureuser/test/content_migrator/data/temp_data/foetal_heart_rate_translated_action_card.md
  📎 Linking 2 embedded asset(s) to markdown upload
Created action-card resource: title='Foetal heart rate' description='Foetal heart rate' icon='b0d4683ed0d14cb8a613433aaabfe1c9' content='2d0a51eead4c4acc8fa62acb69728ea1' language_id='7cf6efab-a9d7-54d2-2cbd-ec82efe4a7da' region='africa' content_type='original' created_by='natalia@maternity.dk' level=None questions=None derived_from_id=None
  📎 Linking 2 embedded asset(s) to markdown upload
Created action-card resource: title='Foetal heart rate' description='Foetal heart rate' icon='b0d4683ed0d14cb8a613433aaabfe1c9' content='a81a50f48ce1423f80b3acbbc5f4718e' language_id='7cf6efab-a9d7-54d2-2cbd-ec82efe4a7da' region='africa' content_type='adapted' created_by='natalia@maternity.dk' level=None questions=None derived_from_id=None
  📎 Linking 2 embedded asset(s) to markdown upload
Created action-card resource: title='Foetal heart rate' description='Foetal heart rate' icon='b0d4683ed0d14cb8a613433aaabfe1c9' content='85f460c275d346fea675447ccde9afa2' language_id='7cf6efab-a9d7-54d2-2cbd-ec82efe4a7da' region='africa' content_type='translated' created_by='natalia@maternity.dk' level=None questions=None derived_from_id=None
  ℹ️  No screens translation found for 'procedure:foetal-heart-rate_1487245616159', using original
Queuing procedure: res-procedure-foetal-heart-rate (Source: 'Foetal heart rate')
Using cached asset_id: 63f9aba01bae4fe3a971f3cfa89c6152
CACHED: Saved new asset_id '23c7adddad0e44bcadb853816ab123fa' for path 'https://sdacms.blob.core.windows.net/content/assets/images/africa/richtext/PP_NLB_Vaginal_examination_5cm.png'
Saved Markdown: /home/azureuser/test/content_migrator/data/temp_data/vaginal_examination_original.md
Saved Markdown: /home/azureuser/test/content_migrator/data/temp_data/vaginal_examination_adapted_africa.md
Saved Markdown: /home/azureuser/test/content_migrator/data/temp_data/vaginal_examination_translated_action_card.md
  📎 Linking 1 embedded asset(s) to markdown upload
Created action-card resource: title='Vaginal examination' description='Vaginal examination' icon='63f9aba01bae4fe3a971f3cfa89c6152' content='6648c31ab36d4a4fb9efd57a555ef7e3' language_id='7cf6efab-a9d7-54d2-2cbd-ec82efe4a7da' region='africa' content_type='original' created_by='frederikke@maternity.dk' level=None questions=None derived_from_id=None
  📎 Linking 1 embedded asset(s) to markdown upload
Created action-card resource: title='Vaginal examination' description='Vaginal examination' icon='63f9aba01bae4fe3a971f3cfa89c6152' content='11b598f22c624271ba200d76bcbc2b84' language_id='7cf6efab-a9d7-54d2-2cbd-ec82efe4a7da' region='africa' content_type='adapted' created_by='frederikke@maternity.dk' level=None questions=None derived_from_id=None
  📎 Linking 1 embedded asset(s) to markdown upload
Created action-card resource: title='Vaginal examination' description='Vaginal examination' icon='63f9aba01bae4fe3a971f3cfa89c6152' content='cce1ad4b513a42a4824d9720f7d30197' language_id='7cf6efab-a9d7-54d2-2cbd-ec82efe4a7da' region='africa' content_type='translated' created_by='frederikke@maternity.dk' level=None questions=None derived_from_id=None
  ℹ️  No screens translation found for 'procedure:vaginal-examination_1591619208367', using original
Queuing procedure: res-procedure-vaginal-examination (Source: 'Vaginal examination')
Using cached asset_id: 5bf364631fb84f248babdbf6754edae1
Saved Markdown: /home/azureuser/test/content_migrator/data/temp_data/monitoring_original.md
Saved Markdown: /home/azureuser/test/content_migrator/data/temp_data/monitoring_adapted_africa.md
Saved Markdown: /home/azureuser/test/content_migrator/data/temp_data/monitoring_translated_action_card.md
  📎 Linking 1 embedded asset(s) to markdown upload
Created action-card resource: title='Monitoring' description='Monitoring' icon='5bf364631fb84f248babdbf6754edae1' content='1574b1aae8ab4e88a98a58a2a74c58ab' language_id='7cf6efab-a9d7-54d2-2cbd-ec82efe4a7da' region='africa' content_type='original' created_by='natalia@maternity.dk' level=None questions=None derived_from_id=None
  📎 Linking 1 embedded asset(s) to markdown upload
Created action-card resource: title='Monitoring' description='Monitoring' icon='5bf364631fb84f248babdbf6754edae1' content='535a235b4b7e4908bfad4af6af222cdd' language_id='7cf6efab-a9d7-54d2-2cbd-ec82efe4a7da' region='africa' content_type='adapted' created_by='natalia@maternity.dk' level=None questions=None derived_from_id=None
  📎 Linking 1 embedded asset(s) to markdown upload
Created action-card resource: title='Monitoring' description='Monitoring' icon='5bf364631fb84f248babdbf6754edae1' content='d23497c958c1474abb7baae62d130a3b' language_id='7cf6efab-a9d7-54d2-2cbd-ec82efe4a7da' region='africa' content_type='translated' created_by='natalia@maternity.dk' level=None questions=None derived_from_id=None
  ℹ️  No screens translation found for 'procedure:monitoring-_1591619611932', using original
Queuing procedure: res-procedure-monitoring (Source: 'Monitoring')
Using cached asset_id: 2160db9b0e454e4ca4b9127e51122509
  ✓ Module icon uploaded for drugs: 2160db9b...
Mapping language:   7cf6efab-a9d7-54d2-2cbd-ec82efe4a7da
  DEBUG: Found 3 drugs in module
  ✓ Drug inheriting module icon: 2160db9b...
Saved Markdown: /home/azureuser/test/content_migrator/data/temp_data/carbetocin_original.md
Saved Markdown: /home/azureuser/test/content_migrator/data/temp_data/carbetocin_adapted_africa.md
Saved Markdown: /home/azureuser/test/content_migrator/data/temp_data/carbetocin_translated_action_card.md
Created action-card resource: title='Carbetocin' description='Carbetocin' icon='2160db9b0e454e4ca4b9127e51122509' content='e24c6494c2744cfc8285f54807a6b706' language_id='7cf6efab-a9d7-54d2-2cbd-ec82efe4a7da' region='africa' content_type='original' created_by='nanna@maternity.dk' level=None questions=None derived_from_id=None
Created action-card resource: title='Carbetocin' description='Carbetocin' icon='2160db9b0e454e4ca4b9127e51122509' content='a31d86a5e0074aadb971c462115c2290' language_id='7cf6efab-a9d7-54d2-2cbd-ec82efe4a7da' region='africa' content_type='adapted' created_by='nanna@maternity.dk' level=None questions=None derived_from_id=None
Created action-card resource: title='Carbetocin' description='Carbetocin' icon='2160db9b0e454e4ca4b9127e51122509' content='bf8e74cde3bd401a92d5db320b9683b6' language_id='7cf6efab-a9d7-54d2-2cbd-ec82efe4a7da' region='africa' content_type='translated' created_by='nanna@maternity.dk' level=None questions=None derived_from_id=None
  ℹ️  No screens translation found for 'drug:carbetocin_1551691910153', using original
Queuing drug: res-drug-carbetocin (Source: 'Carbetocin')
  ✓ Drug inheriting module icon: 2160db9b...
Saved Markdown: /home/azureuser/test/content_migrator/data/temp_data/misoprostol_original.md
Saved Markdown: /home/azureuser/test/content_migrator/data/temp_data/misoprostol_adapted_africa.md
Saved Markdown: /home/azureuser/test/content_migrator/data/temp_data/misoprostol_translated_action_card.md
Created action-card resource: title='Misoprostol' description='Misoprostol' icon='2160db9b0e454e4ca4b9127e51122509' content='c8d6bb7009a44f6285273084c6e682a1' language_id='7cf6efab-a9d7-54d2-2cbd-ec82efe4a7da' region='africa' content_type='original' created_by='nanna@maternity.dk' level=None questions=None derived_from_id=None
Created action-card resource: title='Misoprostol' description='Misoprostol' icon='2160db9b0e454e4ca4b9127e51122509' content='97294c40daf44fafbc6281d73d028bfd' language_id='7cf6efab-a9d7-54d2-2cbd-ec82efe4a7da' region='africa' content_type='adapted' created_by='nanna@maternity.dk' level=None questions=None derived_from_id=None
Created action-card resource: title='Misoprostol' description='Misoprostol' icon='2160db9b0e454e4ca4b9127e51122509' content='119ca35a387a46a7a6c5d8ec60cc8792' language_id='7cf6efab-a9d7-54d2-2cbd-ec82efe4a7da' region='africa' content_type='translated' created_by='nanna@maternity.dk' level=None questions=None derived_from_id=None
  ℹ️  No screens translation found for 'drug:misoprostol_1487112562173', using original
Queuing drug: res-drug-misoprostol (Source: 'Misoprostol')
  ✓ Drug inheriting module icon: 2160db9b...
Saved Markdown: /home/azureuser/test/content_migrator/data/temp_data/oxytocin_original.md
Saved Markdown: /home/azureuser/test/content_migrator/data/temp_data/oxytocin_adapted_africa.md
Saved Markdown: /home/azureuser/test/content_migrator/data/temp_data/oxytocin_translated_action_card.md
Created action-card resource: title='Oxytocin' description='Oxytocin' icon='2160db9b0e454e4ca4b9127e51122509' content='a8139459220943abb772e696a6baa6de' language_id='7cf6efab-a9d7-54d2-2cbd-ec82efe4a7da' region='africa' content_type='original' created_by='nanna@maternity.dk' level=None questions=None derived_from_id=None
Created action-card resource: title='Oxytocin' description='Oxytocin' icon='2160db9b0e454e4ca4b9127e51122509' content='3d5b84448215407995e5ebb214edd21b' language_id='7cf6efab-a9d7-54d2-2cbd-ec82efe4a7da' region='africa' content_type='adapted' created_by='nanna@maternity.dk' level=None questions=None derived_from_id=None
Created action-card resource: title='Oxytocin' description='Oxytocin' icon='2160db9b0e454e4ca4b9127e51122509' content='e16551ea2b1b459895ed2d2158f0c12f' language_id='7cf6efab-a9d7-54d2-2cbd-ec82efe4a7da' region='africa' content_type='translated' created_by='nanna@maternity.dk' level=None questions=None derived_from_id=None
  ℹ️  No screens translation found for 'drug:oxytocin_1487156988152', using original
Queuing drug: res-drug-oxytocin (Source: 'Oxytocin')
Mapping language:   7cf6efab-a9d7-54d2-2cbd-ec82efe4a7da
Using cached asset_id: 39e43fb9f4614582a65ed3c529661068
  ✓ KLP question 1 icon uploaded: 39e43fb9...
  ℹ️  No screens translation found for 'key-learning-point:the-definition-of-a-normal-birth_1591262098315'
Queued KLP to klps.csv: klp-1-the-definition-of-a-normal-birth
  ℹ️  No key-learning-points document found for key 'a-child-born-in-week-36_1591262929871' with langId='7cf6efab-a9d7-54d2-2cbd-ec82efe4a7da'.
  ℹ️  No keyLearningPoints document found for key 'a-child-born-in-week-36_1591262929871' with langId='7cf6efab-a9d7-54d2-2cbd-ec82efe4a7da'.
  ⚠ SKIP: Localized KLP 'a-child-born-in-week-36_1591262929871' not found in 7cf6efab-a9d7-54d2-2cbd-ec82efe4a7da.
Using cached asset_id: 6389b0f5c12c4dd5bc80034d78a26fe1
  ✓ KLP question 1 icon uploaded: 6389b0f5...
  ℹ️  No screens translation found for 'key-learning-point:start-of-a-spontaneous-normal-birth_1591263015279'
Queued KLP to klps.csv: klp-3-start-of-a-spontaneous-normal-birth
Using cached asset_id: 4c74d01697894fc29b53f323c52e68fa
  ✓ KLP question 1 icon uploaded: 4c74d016...
  ℹ️  No screens translation found for 'key-learning-point:what-is-respectful-care_1591263054900'
Queued KLP to klps.csv: klp-1-what-is-respectful-care
Using cached asset_id: 31a931e6247f4c32afc79f928891563f
  ✓ KLP question 1 icon uploaded: 31a931e6...
  ℹ️  No screens translation found for 'key-learning-point:fear-of-being-mistreated_1591263086625'
Queued KLP to klps.csv: klp-2-fear-of-being-mistreated
Using cached asset_id: 05f758c9e4ba4e22b4ae6d73b618d79a
  ✓ KLP question 1 icon uploaded: 05f758c9...
  ℹ️  No screens translation found for 'key-learning-point:-the-elements-of-true-respectful-care_1591263697768'
Queued KLP to klps.csv: klp-3-the-elements-of-true-respectful-care
  ℹ️  No key-learning-points document found for key 'the-first-thing-you-do_1591263789873' with langId='7cf6efab-a9d7-54d2-2cbd-ec82efe4a7da'.
  ℹ️  No keyLearningPoints document found for key 'the-first-thing-you-do_1591263789873' with langId='7cf6efab-a9d7-54d2-2cbd-ec82efe4a7da'.
  ⚠ SKIP: Localized KLP 'the-first-thing-you-do_1591263789873' not found in 7cf6efab-a9d7-54d2-2cbd-ec82efe4a7da.
Using cached asset_id: 23fdcc9e4bce45d5874fe69b21b5f4fe
  ✓ KLP question 1 icon uploaded: 23fdcc9e...
  ℹ️  No screens translation found for 'key-learning-point:what-kind-of-danger-signs-should-be-examined_1591263871370'
Queued KLP to klps.csv: klp-2-what-kind-of-danger-signs-should-be-examined
Using cached asset_id: aa6191d2e7ab44988cc4ee68be0cbb4c
  ✓ KLP question 1 icon uploaded: aa6191d2...
  ℹ️  No screens translation found for 'key-learning-point:when-is-her-due-date_1591263922616'
Queued KLP to klps.csv: klp-3-when-is-her-due-date
Using cached asset_id: 9ad9817d034a446aacd13217dcf89c1c
  ✓ KLP question 1 icon uploaded: 9ad9817d...
  ℹ️  No screens translation found for 'key-learning-point:strong-contractions-5-6-minutes-apart_1591264352707'
Queued KLP to klps.csv: klp-1-strong-contractions-5-6-minutes-apart
  ℹ️  No key-learning-points document found for key 'abdominal-examination_1591264446830' with langId='7cf6efab-a9d7-54d2-2cbd-ec82efe4a7da'.
  ℹ️  No keyLearningPoints document found for key 'abdominal-examination_1591264446830' with langId='7cf6efab-a9d7-54d2-2cbd-ec82efe4a7da'.
  ⚠ SKIP: Localized KLP 'abdominal-examination_1591264446830' not found in 7cf6efab-a9d7-54d2-2cbd-ec82efe4a7da.
Using cached asset_id: d5a9f3e8b0254907955949123fb8762b
  ✓ KLP question 1 icon uploaded: d5a9f3e8...
  ℹ️  No screens translation found for 'key-learning-point:when-performing-a-ve_1591264522362'
Queued KLP to klps.csv: klp-3-when-performing-a-ve
Using cached asset_id: 547e2accac4c48d7883d23c4ec943b4b
  ✓ KLP question 1 icon uploaded: 547e2acc...
  ℹ️  No screens translation found for 'key-learning-point:good-contractions-with-3-minutes-apart_1591264728966'
Queued KLP to klps.csv: klp-1-good-contractions-with-3-minutes-apart
Using cached asset_id: 4630d9d35fb841ddb4693281a2e2f379
  ✓ KLP question 1 icon uploaded: 4630d9d3...
  ℹ️  No screens translation found for 'key-learning-point:the-documentation-on-the-partograph_1591264765702'
Queued KLP to klps.csv: klp-2-the-documentation-on-the-partograph
Using cached asset_id: 20eedc8dee734ddeb852fbe18094c09f
  ✓ KLP question 1 icon uploaded: 20eedc8d...
  ℹ️  No screens translation found for 'key-learning-point:the-labour-has-lasted-12-hours_1591264794611'
Queued KLP to klps.csv: klp-3-the-labour-has-lasted-12-hours
Using cached asset_id: f45a57d9f96c4d0493048314996b947b
  ✓ KLP question 1 icon uploaded: f45a57d9...
  ℹ️  No screens translation found for 'key-learning-point:help-the-woman-to-get-good-contractions_1591264824519'
Queued KLP to klps.csv: klp-1-help-the-woman-to-get-good-contractions
Using cached asset_id: cac7575e415b47489bc4ed1b13cd2566
  ✓ KLP question 1 icon uploaded: cac7575e...
  ℹ️  No screens translation found for 'key-learning-point:when-the-woman-wants-to-stand-up_1591264852797'
Queued KLP to klps.csv: klp-2-when-the-woman-wants-to-stand-up
  ℹ️  No key-learning-points document found for key 'the-woman-cannot-eat-or-drink-during-labour-and-birth_1591264872529' with langId='7cf6efab-a9d7-54d2-2cbd-ec82efe4a7da'.
  ℹ️  No keyLearningPoints document found for key 'the-woman-cannot-eat-or-drink-during-labour-and-birth_1591264872529' with langId='7cf6efab-a9d7-54d2-2cbd-ec82efe4a7da'.
  ⚠ SKIP: Localized KLP 'the-woman-cannot-eat-or-drink-during-labour-and-birth_1591264872529' not found in 7cf6efab-a9d7-54d2-2cbd-ec82efe4a7da.
Using cached asset_id: 82ee0614f1ab4965851601d0ab8d5baf
  ✓ KLP question 1 icon uploaded: 82ee0614...
  ℹ️  No screens translation found for 'key-learning-point:when-the-woman-is-in-an-upright-position_1591264988470'
Queued KLP to klps.csv: klp-1-when-the-woman-is-in-an-upright-position
  ℹ️  No key-learning-points document found for key 'to-be-on-all-fours-and-give-birth_1591265006882' with langId='7cf6efab-a9d7-54d2-2cbd-ec82efe4a7da'.
  ℹ️  No keyLearningPoints document found for key 'to-be-on-all-fours-and-give-birth_1591265006882' with langId='7cf6efab-a9d7-54d2-2cbd-ec82efe4a7da'.
  ⚠ SKIP: Localized KLP 'to-be-on-all-fours-and-give-birth_1591265006882' not found in 7cf6efab-a9d7-54d2-2cbd-ec82efe4a7da.
Using cached asset_id: 2b13c07f8cbc4903b702c9d6718ef9f5
  ✓ KLP question 1 icon uploaded: 2b13c07f...
  ℹ️  No screens translation found for 'key-learning-point:non-pharmacological-pain-relief_1591265044680'
Queued KLP to klps.csv: klp-3-non-pharmacological-pain-relief
Using cached asset_id: ebe039ab749b422e9d95fd198ac4aee1
  ✓ KLP question 1 icon uploaded: ebe039ab...
  ℹ️  No screens translation found for 'key-learning-point:the-woman-can-push-when_1591265061690'
Queued KLP to klps.csv: klp-1-the-woman-can-push-when
  ℹ️  No key-learning-points document found for key 'what-needs-to-be-ready-for-the-birth_1591265072119' with langId='7cf6efab-a9d7-54d2-2cbd-ec82efe4a7da'.
  ℹ️  No keyLearningPoints document found for key 'what-needs-to-be-ready-for-the-birth_1591265072119' with langId='7cf6efab-a9d7-54d2-2cbd-ec82efe4a7da'.
  ⚠ SKIP: Localized KLP 'what-needs-to-be-ready-for-the-birth_1591265072119' not found in 7cf6efab-a9d7-54d2-2cbd-ec82efe4a7da.
Using cached asset_id: 69e7be499de844df81a4b100d04aae0f
  ✓ KLP question 1 icon uploaded: 69e7be49...
  ℹ️  No screens translation found for 'key-learning-point:what-should-you-do-during-the-second-stage_1591265085908'
Queued KLP to klps.csv: klp-3-what-should-you-do-during-the-second-stage
Using cached asset_id: b1bfc6cdfffd48759ce41ae861a92637
  ✓ KLP question 1 icon uploaded: b1bfc6cd...
  ℹ️  No screens translation found for 'key-learning-point:how-would-you-help-the-woman-to-push_1591265236457'
Queued KLP to klps.csv: klp-1-how-would-you-help-the-woman-to-push
  ℹ️  No key-learning-points document found for key 'the-woman-can-give-birth-in-any-position-she-wants_1591265249333' with langId='7cf6efab-a9d7-54d2-2cbd-ec82efe4a7da'.
  ℹ️  No keyLearningPoints document found for key 'the-woman-can-give-birth-in-any-position-she-wants_1591265249333' with langId='7cf6efab-a9d7-54d2-2cbd-ec82efe4a7da'.
  ⚠ SKIP: Localized KLP 'the-woman-can-give-birth-in-any-position-she-wants_1591265249333' not found in 7cf6efab-a9d7-54d2-2cbd-ec82efe4a7da.
Using cached asset_id: 4c8fd89790164e07814e9849e5682f4c
  ✓ KLP question 1 icon uploaded: 4c8fd897...
  ℹ️  No screens translation found for 'key-learning-point:what-kind-of-practices-should-not-be-performed_1591265261984'
Queued KLP to klps.csv: klp-3-what-kind-of-practices-should-not-be-performed
  ℹ️  No key-learning-points document found for key 'before-the-babys-head-is-about-to-be-born_1591265282391' with langId='7cf6efab-a9d7-54d2-2cbd-ec82efe4a7da'.
  ℹ️  No keyLearningPoints document found for key 'before-the-babys-head-is-about-to-be-born_1591265282391' with langId='7cf6efab-a9d7-54d2-2cbd-ec82efe4a7da'.
  ⚠ SKIP: Localized KLP 'before-the-babys-head-is-about-to-be-born_1591265282391' not found in 7cf6efab-a9d7-54d2-2cbd-ec82efe4a7da.
Using cached asset_id: 887fa935254543f2a5c7f25f2b9f9f5e
  ✓ KLP question 1 icon uploaded: 887fa935...
  ℹ️  No screens translation found for 'key-learning-point:when-the-babys-head-is-crowning_1591265293618'
Queued KLP to klps.csv: klp-2-when-the-babys-head-is-crowning
Using cached asset_id: a4691971201248f0adfcbd1d2053a2f8
  ✓ KLP question 1 icon uploaded: a4691971...
  ℹ️  No screens translation found for 'key-learning-point:after-the-head-is-born_1591265308433'
Queued KLP to klps.csv: klp-3-after-the-head-is-born
Using cached asset_id: a7699672903744f5b8d9c7eb9119cd07
  ✓ KLP question 1 icon uploaded: a7699672...
  ℹ️  No screens translation found for 'key-learning-point:if-the-head-and-the-shoulders-are-not-born-in-one-contraction_1591265330908'
Queued KLP to klps.csv: klp-1-the-order-of-the-four-steps-for-palpating-the-foetus
Using cached asset_id: 42860160af454dffa61fede666aad060
  ✓ KLP question 1 icon uploaded: 42860160...
  ℹ️  No screens translation found for 'key-learning-point:if-you-feel-a-lose-cord-around-the-neck_1591265342594'
Queued KLP to klps.csv: klp-2-if-you-feel-a-lose-cord-around-the-neck
  ℹ️  No key-learning-points document found for key 'when-the-baby-is-born-with-meconium-and-is-breathing_1591265358689' with langId='7cf6efab-a9d7-54d2-2cbd-ec82efe4a7da'.
  ℹ️  No keyLearningPoints document found for key 'when-the-baby-is-born-with-meconium-and-is-breathing_1591265358689' with langId='7cf6efab-a9d7-54d2-2cbd-ec82efe4a7da'.
  ⚠ SKIP: Localized KLP 'when-the-baby-is-born-with-meconium-and-is-breathing_1591265358689' not found in 7cf6efab-a9d7-54d2-2cbd-ec82efe4a7da.
  ℹ️  No key-learning-points document found for key 'the-baby-is-born-with-thick-meconium-and-does-not-breathe_1591265372552' with langId='7cf6efab-a9d7-54d2-2cbd-ec82efe4a7da'.
  ℹ️  No keyLearningPoints document found for key 'the-baby-is-born-with-thick-meconium-and-does-not-breathe_1591265372552' with langId='7cf6efab-a9d7-54d2-2cbd-ec82efe4a7da'.
  ⚠ SKIP: Localized KLP 'the-baby-is-born-with-thick-meconium-and-does-not-breathe_1591265372552' not found in 7cf6efab-a9d7-54d2-2cbd-ec82efe4a7da.
Using cached asset_id: d4913a1cae3c461892ad623bb04fdead
  ✓ KLP question 1 icon uploaded: d4913a1c...
  ℹ️  No screens translation found for 'key-learning-point:what-do-you-do-when-the-baby-is-born_1591265384951'
Queued KLP to klps.csv: klp-2-what-do-you-do-when-the-baby-is-born
  ℹ️  No key-learning-points document found for key 'just-after-the-birth-of-the-baby_1591265396508' with langId='7cf6efab-a9d7-54d2-2cbd-ec82efe4a7da'.
  ℹ️  No keyLearningPoints document found for key 'just-after-the-birth-of-the-baby_1591265396508' with langId='7cf6efab-a9d7-54d2-2cbd-ec82efe4a7da'.
  ⚠ SKIP: Localized KLP 'just-after-the-birth-of-the-baby_1591265396508' not found in 7cf6efab-a9d7-54d2-2cbd-ec82efe4a7da.
  Step 2: Queuing module payload with resource slugs...
Using cached asset_id: 2160db9b0e454e4ca4b9127e51122509
Skipping previously failed asset: https://sdacms.blob.core.windows.net/content/assets/videos/english%20WHO/Normal%20labour%20and%20birth/intro.mp4
Warning: Failed to process video asset: /english WHO/Normal labour and birth/intro
Skipping previously failed asset: https://sdacms.blob.core.windows.net/content/assets/videos/english%20WHO/Normal%20labour%20and%20birth/respectful_care.mp4
Warning: Failed to process video asset: /english WHO/Normal labour and birth/respectful_care
Skipping previously failed asset: https://sdacms.blob.core.windows.net/content/assets/videos/english%20WHO/Normal%20labour%20and%20birth/initial_assessment.mp4
Warning: Failed to process video asset: /english WHO/Normal labour and birth/initial_assessment
Skipping previously failed asset: https://sdacms.blob.core.windows.net/content/assets/videos/english%20WHO/Normal%20labour%20and%20birth/1st_stage_latent_phase.mp4
Warning: Failed to process video asset: /english WHO/Normal labour and birth/1st_stage_latent_phase
Skipping previously failed asset: https://sdacms.blob.core.windows.net/content/assets/videos/english%20WHO/Normal%20labour%20and%20birth/1st_stage_active_phase.mp4
Warning: Failed to process video asset: /english WHO/Normal labour and birth/1st_stage_active_phase
Skipping previously failed asset: https://sdacms.blob.core.windows.net/content/assets/videos/english%20WHO/Normal%20labour%20and%20birth/support.mp4
Warning: Failed to process video asset: /english WHO/Normal labour and birth/support
Skipping previously failed asset: https://sdacms.blob.core.windows.net/content/assets/videos/english%20WHO/Normal%20labour%20and%20birth/2nd_stage_cervix_fully_dilated.mp4
Warning: Failed to process video asset: /english WHO/Normal labour and birth/2nd_stage_cervix_fully_dilated
Skipping previously failed asset: https://sdacms.blob.core.windows.net/content/assets/videos/english%20WHO/Normal%20labour%20and%20birth/2nd_stage_delivering_the_baby.mp4
Warning: Failed to process video asset: /english WHO/Normal labour and birth/2nd_stage_delivering_the_baby
  → Using bundle description fallback for translated module
  → Queued module 'Normal Labour and Birth' -> /home/azureuser/test/content_migrator/data/processed_data/modules.csv
  → Found English title from Cosmos (key='active-management-of-third-stage-labour_1487678773861'): 'Active Management of Third Stage Labour'
[ModuleMigrator] Using Cosmos doc resource lists for TRANSLATED module 'active-management-of-third-stage-labour_1487678773861' (lang: 7cf6efab-a9d7-54d2-2cbd-ec82efe4a7da)
  actionCards: 2 keys
  procedures: 3 keys
  drugs: 7 keys
  keyLearningPoints: 40 keys
  videos: 7 keys
  ⚠ STRUCTURAL VIOLATION: Global identity document not found in Cosmos for localized module 'active-management-of-third-stage-labour'. Proceeding with placeholder title: Active Management Of Third Stage Labour
  Step 1: Preparing module resources (queue)...
Loaded 511 existing resource mappings
Mapping language:   7cf6efab-a9d7-54d2-2cbd-ec82efe4a7da
  DEBUG: Found 7 videos in module
Downloading video asset from https://sdacms.blob.core.windows.net/content/assets/videos/english%20WHO/Active%20management%20of%20third%20stage%20labour/intro.mp4
Error downloading video asset https://sdacms.blob.core.windows.net/content/assets/videos/english%20WHO/Active%20management%20of%20third%20stage%20labour/intro.mp4: 404 Client Error: The specified blob does not exist. for url: https://sdacms.blob.core.windows.net/content/assets/videos/english%20WHO/Active%20management%20of%20third%20stage%20labour/intro.mp4
Video icon URL: english%20WHO/Active%20management%20of%20third%20stage%20labour/intro
Video icon URL: english%20WHO/Active%20management%20of%20third%20stage%20labour/intro
Downloading video_icon asset from https://sdacms.blob.core.windows.net/content/assets/videos/english%20WHO/Active%20management%20of%20third%20stage%20labour/intro.png
Error downloading video_icon asset https://sdacms.blob.core.windows.net/content/assets/videos/english%20WHO/Active%20management%20of%20third%20stage%20labour/intro.png: 404 Client Error: The specified blob does not exist. for url: https://sdacms.blob.core.windows.net/content/assets/videos/english%20WHO/Active%20management%20of%20third%20stage%20labour/intro.png
Skipping video '/english WHO/Active management of third stage labour/intro' - missing asset upload
Downloading video asset from https://sdacms.blob.core.windows.net/content/assets/videos/english%20WHO/Active%20management%20of%20third%20stage%20labour/give_a_uterotonic_drug.mp4
Error downloading video asset https://sdacms.blob.core.windows.net/content/assets/videos/english%20WHO/Active%20management%20of%20third%20stage%20labour/give_a_uterotonic_drug.mp4: 404 Client Error: The specified blob does not exist. for url: https://sdacms.blob.core.windows.net/content/assets/videos/english%20WHO/Active%20management%20of%20third%20stage%20labour/give_a_uterotonic_drug.mp4
Video icon URL: english%20WHO/Active%20management%20of%20third%20stage%20labour/give_a_uterotonic_drug
Video icon URL: english%20WHO/Active%20management%20of%20third%20stage%20labour/give_a_uterotonic_drug
Downloading video_icon asset from https://sdacms.blob.core.windows.net/content/assets/videos/english%20WHO/Active%20management%20of%20third%20stage%20labour/give_a_uterotonic_drug.png
Error downloading video_icon asset https://sdacms.blob.core.windows.net/content/assets/videos/english%20WHO/Active%20management%20of%20third%20stage%20labour/give_a_uterotonic_drug.png: 404 Client Error: The specified blob does not exist. for url: https://sdacms.blob.core.windows.net/content/assets/videos/english%20WHO/Active%20management%20of%20third%20stage%20labour/give_a_uterotonic_drug.png
Skipping video '/english WHO/Active management of third stage labour/give_a_uterotonic_drug' - missing asset upload
Downloading video asset from https://sdacms.blob.core.windows.net/content/assets/videos/english%20WHO/Active%20management%20of%20third%20stage%20labour/assess_the_newborn.mp4
Error downloading video asset https://sdacms.blob.core.windows.net/content/assets/videos/english%20WHO/Active%20management%20of%20third%20stage%20labour/assess_the_newborn.mp4: 404 Client Error: The specified blob does not exist. for url: https://sdacms.blob.core.windows.net/content/assets/videos/english%20WHO/Active%20management%20of%20third%20stage%20labour/assess_the_newborn.mp4
Video icon URL: english%20WHO/Active%20management%20of%20third%20stage%20labour/assess_the_newborn
Video icon URL: english%20WHO/Active%20management%20of%20third%20stage%20labour/assess_the_newborn
Downloading video_icon asset from https://sdacms.blob.core.windows.net/content/assets/videos/english%20WHO/Active%20management%20of%20third%20stage%20labour/assess_the_newborn.png
Error downloading video_icon asset https://sdacms.blob.core.windows.net/content/assets/videos/english%20WHO/Active%20management%20of%20third%20stage%20labour/assess_the_newborn.png: 404 Client Error: The specified blob does not exist. for url: https://sdacms.blob.core.windows.net/content/assets/videos/english%20WHO/Active%20management%20of%20third%20stage%20labour/assess_the_newborn.png
Skipping video '/english WHO/Active management of third stage labour/assess_the_newborn' - missing asset upload
Downloading video asset from https://sdacms.blob.core.windows.net/content/assets/videos/english%20WHO/Active%20management%20of%20third%20stage%20labour/clamp_and_cut_the_umbilical_cord.mp4
Error downloading video asset https://sdacms.blob.core.windows.net/content/assets/videos/english%20WHO/Active%20management%20of%20third%20stage%20labour/clamp_and_cut_the_umbilical_cord.mp4: 404 Client Error: The specified blob does not exist. for url: https://sdacms.blob.core.windows.net/content/assets/videos/english%20WHO/Active%20management%20of%20third%20stage%20labour/clamp_and_cut_the_umbilical_cord.mp4
Video icon URL: english%20WHO/Active%20management%20of%20third%20stage%20labour/clamp_and_cut_the_umbilical_cord
Video icon URL: english%20WHO/Active%20management%20of%20third%20stage%20labour/clamp_and_cut_the_umbilical_cord
Downloading video_icon asset from https://sdacms.blob.core.windows.net/content/assets/videos/english%20WHO/Active%20management%20of%20third%20stage%20labour/clamp_and_cut_the_umbilical_cord.png
Error downloading video_icon asset https://sdacms.blob.core.windows.net/content/assets/videos/english%20WHO/Active%20management%20of%20third%20stage%20labour/clamp_and_cut_the_umbilical_cord.png: 404 Client Error: The specified blob does not exist. for url: https://sdacms.blob.core.windows.net/content/assets/videos/english%20WHO/Active%20management%20of%20third%20stage%20labour/clamp_and_cut_the_umbilical_cord.png
Skipping video '/english WHO/Active management of third stage labour/clamp_and_cut_the_umbilical_cord' - missing asset upload
Downloading video asset from https://sdacms.blob.core.windows.net/content/assets/videos/english%20WHO/Active%20management%20of%20third%20stage%20labour/controlled_cord_traction.mp4
Error downloading video asset https://sdacms.blob.core.windows.net/content/assets/videos/english%20WHO/Active%20management%20of%20third%20stage%20labour/controlled_cord_traction.mp4: 404 Client Error: The specified blob does not exist. for url: https://sdacms.blob.core.windows.net/content/assets/videos/english%20WHO/Active%20management%20of%20third%20stage%20labour/controlled_cord_traction.mp4
Video icon URL: english%20WHO/Active%20management%20of%20third%20stage%20labour/controlled_cord_traction
Video icon URL: english%20WHO/Active%20management%20of%20third%20stage%20labour/controlled_cord_traction
Downloading video_icon asset from https://sdacms.blob.core.windows.net/content/assets/videos/english%20WHO/Active%20management%20of%20third%20stage%20labour/controlled_cord_traction.png
Error downloading video_icon asset https://sdacms.blob.core.windows.net/content/assets/videos/english%20WHO/Active%20management%20of%20third%20stage%20labour/controlled_cord_traction.png: 404 Client Error: The specified blob does not exist. for url: https://sdacms.blob.core.windows.net/content/assets/videos/english%20WHO/Active%20management%20of%20third%20stage%20labour/controlled_cord_traction.png
Skipping video '/english WHO/Active management of third stage labour/controlled_cord_traction' - missing asset upload
Downloading video asset from https://sdacms.blob.core.windows.net/content/assets/videos/english%20WHO/Active%20management%20of%20third%20stage%20labour/examine_the_placenta.mp4
Error downloading video asset https://sdacms.blob.core.windows.net/content/assets/videos/english%20WHO/Active%20management%20of%20third%20stage%20labour/examine_the_placenta.mp4: 404 Client Error: The specified blob does not exist. for url: https://sdacms.blob.core.windows.net/content/assets/videos/english%20WHO/Active%20management%20of%20third%20stage%20labour/examine_the_placenta.mp4
Video icon URL: english%20WHO/Active%20management%20of%20third%20stage%20labour/examine_the_placenta
Video icon URL: english%20WHO/Active%20management%20of%20third%20stage%20labour/examine_the_placenta
Downloading video_icon asset from https://sdacms.blob.core.windows.net/content/assets/videos/english%20WHO/Active%20management%20of%20third%20stage%20labour/examine_the_placenta.png
Error downloading video_icon asset https://sdacms.blob.core.windows.net/content/assets/videos/english%20WHO/Active%20management%20of%20third%20stage%20labour/examine_the_placenta.png: 404 Client Error: The specified blob does not exist. for url: https://sdacms.blob.core.windows.net/content/assets/videos/english%20WHO/Active%20management%20of%20third%20stage%20labour/examine_the_placenta.png
Skipping video '/english WHO/Active management of third stage labour/examine_the_placenta' - missing asset upload
Downloading video asset from https://sdacms.blob.core.windows.net/content/assets/videos/english%20WHO/Active%20management%20of%20third%20stage%20labour/monitoring.mp4
Error downloading video asset https://sdacms.blob.core.windows.net/content/assets/videos/english%20WHO/Active%20management%20of%20third%20stage%20labour/monitoring.mp4: 404 Client Error: The specified blob does not exist. for url: https://sdacms.blob.core.windows.net/content/assets/videos/english%20WHO/Active%20management%20of%20third%20stage%20labour/monitoring.mp4
Video icon URL: english%20WHO/Active%20management%20of%20third%20stage%20labour/monitoring
Video icon URL: english%20WHO/Active%20management%20of%20third%20stage%20labour/monitoring
Downloading video_icon asset from https://sdacms.blob.core.windows.net/content/assets/videos/english%20WHO/Active%20management%20of%20third%20stage%20labour/monitoring.png
Error downloading video_icon asset https://sdacms.blob.core.windows.net/content/assets/videos/english%20WHO/Active%20management%20of%20third%20stage%20labour/monitoring.png: 404 Client Error: The specified blob does not exist. for url: https://sdacms.blob.core.windows.net/content/assets/videos/english%20WHO/Active%20management%20of%20third%20stage%20labour/monitoring.png
Skipping video '/english WHO/Active management of third stage labour/monitoring' - missing asset upload
  DEBUG: Found 2 action cards in module
Mapping language:   7cf6efab-a9d7-54d2-2cbd-ec82efe4a7da
Using cached asset_id: 991081f668e34e9e83aaac8e49235db2
Saved Markdown: /home/azureuser/test/content_migrator/data/temp_data/newborn_management_routine_care_original.md
Saved Markdown: /home/azureuser/test/content_migrator/data/temp_data/newborn_management_routine_care_adapted_africa.md
Saved Markdown: /home/azureuser/test/content_migrator/data/temp_data/newborn_management_routine_care_translated_action_card.md
Created action-card resource: title='Newborn Management Routine Care' description='Newborn Management Routine Care' icon='991081f668e34e9e83aaac8e49235db2' content='4c55ecf535214d2fa99f763a8e6a17e0' language_id='7cf6efab-a9d7-54d2-2cbd-ec82efe4a7da' region='africa' content_type='original' created_by='natalia@maternity.dk' level=None questions=None derived_from_id=None
Created action-card resource: title='Newborn Management Routine Care' description='Newborn Management Routine Care' icon='991081f668e34e9e83aaac8e49235db2' content='4254223a8e3243aea70cba9ea3ac3af9' language_id='7cf6efab-a9d7-54d2-2cbd-ec82efe4a7da' region='africa' content_type='adapted' created_by='natalia@maternity.dk' level=None questions=None derived_from_id=None
Created action-card resource: title='Newborn Management Routine Care' description='Newborn Management Routine Care' icon='991081f668e34e9e83aaac8e49235db2' content='79e1cc1b45d64d8081ced0d19bc0334a' language_id='7cf6efab-a9d7-54d2-2cbd-ec82efe4a7da' region='africa' content_type='translated' created_by='natalia@maternity.dk' level=None questions=None derived_from_id=None
  ℹ️  No screens translation found for 'action-card:routine-care_1486842306870', using original
Queuing action-card: res-action-card-newborn-management-routine-care (Source: 'Newborn Management Routine Care')
Mapping language:   7cf6efab-a9d7-54d2-2cbd-ec82efe4a7da
Using cached asset_id: 667da3a6a4f74cd0841c95638f3217d9
CACHED: Saved new asset_id '582d15d2d81f4c2dab9b08a8da0f39e2' for path 'https://sdacms.blob.core.windows.net/content/assets/images/africa/richtext/essential_steps.png'
CACHED: Saved new asset_id 'a6239ed3e4a849f9bb04ba7a1d10a4e6' for path 'https://sdacms.blob.core.windows.net/content/assets/images/africa/richtext/post_partum_hemorrage_uterus.png'
Saved Markdown: /home/azureuser/test/content_migrator/data/temp_data/essential_steps_for_active_management_of_third_stage_labour_original.md
Saved Markdown: /home/azureuser/test/content_migrator/data/temp_data/essential_steps_for_active_management_of_third_stage_labour_adapted_africa.md
Saved Markdown: /home/azureuser/test/content_migrator/data/temp_data/essential_steps_for_active_management_of_third_stage_labour_translated_action_card.md
  📎 Linking 3 embedded asset(s) to markdown upload
Created action-card resource: title='Essential steps for Active Management Of Third Stage Labour' description='Essential steps for Active Management Of Third Stage Labour' icon='667da3a6a4f74cd0841c95638f3217d9' content='4416b1caaa5c49cba090688ddcf537c1' language_id='7cf6efab-a9d7-54d2-2cbd-ec82efe4a7da' region='africa' content_type='original' created_by='natalia@maternity.dk' level=None questions=None derived_from_id=None
  📎 Linking 3 embedded asset(s) to markdown upload
Created action-card resource: title='Essential steps for Active Management Of Third Stage Labour' description='Essential steps for Active Management Of Third Stage Labour' icon='667da3a6a4f74cd0841c95638f3217d9' content='6bad6fc9235c45fe817ecf110302f4b4' language_id='7cf6efab-a9d7-54d2-2cbd-ec82efe4a7da' region='africa' content_type='adapted' created_by='natalia@maternity.dk' level=None questions=None derived_from_id=None
  📎 Linking 3 embedded asset(s) to markdown upload
Created action-card resource: title='Essential steps for Active Management Of Third Stage Labour' description='Essential steps for Active Management Of Third Stage Labour' icon='667da3a6a4f74cd0841c95638f3217d9' content='1d767560f9a44caa988d0dc1f83a2716' language_id='7cf6efab-a9d7-54d2-2cbd-ec82efe4a7da' region='africa' content_type='translated' created_by='natalia@maternity.dk' level=None questions=None derived_from_id=None
  ℹ️  No screens translation found for 'action-card:essential-steps-for-amtsl_1623158509004', using original
Queuing action-card: res-action-card-essential-steps-for-active-management-of-third-stage-labour (Source: 'Essential steps for Active Management Of Third Stage Labour')
Mapping language:   7cf6efab-a9d7-54d2-2cbd-ec82efe4a7da
  DEBUG: Found 3 procedures in module
Using cached asset_id: c6eca11140c04a879252fd96d643c23b
CACHED: Saved new asset_id 'f0b9853d42254e2aa63a343d166f339a' for path 'https://sdacms.blob.core.windows.net/content/assets/images/africa/icon/actioncard/PPH_blood_loss_weight_300.png'
Saved Markdown: /home/azureuser/test/content_migrator/data/temp_data/early_detection_of_pph_original.md
Saved Markdown: /home/azureuser/test/content_migrator/data/temp_data/early_detection_of_pph_adapted_africa.md
Saved Markdown: /home/azureuser/test/content_migrator/data/temp_data/early_detection_of_pph_translated_action_card.md
  📎 Linking 2 embedded asset(s) to markdown upload
Created action-card resource: title='Early detection of PPH' description='Early detection of PPH' icon='c6eca11140c04a879252fd96d643c23b' content='59e1f13e219a4a779982a1000b1fd07a' language_id='7cf6efab-a9d7-54d2-2cbd-ec82efe4a7da' region='africa' content_type='original' created_by='natalia@maternity.dk' level=None questions=None derived_from_id=None
  📎 Linking 2 embedded asset(s) to markdown upload
Created action-card resource: title='Early detection of PPH' description='Early detection of PPH' icon='c6eca11140c04a879252fd96d643c23b' content='e4cdc78cf9df46128ba42b1483b16841' language_id='7cf6efab-a9d7-54d2-2cbd-ec82efe4a7da' region='africa' content_type='adapted' created_by='natalia@maternity.dk' level=None questions=None derived_from_id=None
  📎 Linking 2 embedded asset(s) to markdown upload
Created action-card resource: title='Early detection of PPH' description='Early detection of PPH' icon='c6eca11140c04a879252fd96d643c23b' content='b3e3aa979e554de68a2d715d668b7bb3' language_id='7cf6efab-a9d7-54d2-2cbd-ec82efe4a7da' region='africa' content_type='translated' created_by='natalia@maternity.dk' level=None questions=None derived_from_id=None
  ℹ️  No screens translation found for 'procedure:early-detection-of-pph-_1718708547760', using original
Queuing procedure: res-procedure-early-detection-of-pph (Source: 'Early detection of PPH')
Using cached asset_id: 28ccf11153e94fa180831cb77d36c307
CACHED: Saved new asset_id '50467fb576c0428ead4cbfb7f26f46e0' for path 'https://sdacms.blob.core.windows.net/content/assets/images/africa/richtext/AC_breastfeeding_wrong_attachment.png'
Saved Markdown: /home/azureuser/test/content_migrator/data/temp_data/breastfeeding_original.md
Saved Markdown: /home/azureuser/test/content_migrator/data/temp_data/breastfeeding_adapted_africa.md
Saved Markdown: /home/azureuser/test/content_migrator/data/temp_data/breastfeeding_translated_action_card.md
  📎 Linking 2 embedded asset(s) to markdown upload
Created action-card resource: title='Breastfeeding' description='Breastfeeding' icon='28ccf11153e94fa180831cb77d36c307' content='5ac0344d88dd46299c3086e33559a632' language_id='7cf6efab-a9d7-54d2-2cbd-ec82efe4a7da' region='africa' content_type='original' created_by='natalia@maternity.dk' level=None questions=None derived_from_id=None
  📎 Linking 2 embedded asset(s) to markdown upload
Created action-card resource: title='Breastfeeding' description='Breastfeeding' icon='28ccf11153e94fa180831cb77d36c307' content='9396999cc11f413ba76215abf91dd7cf' language_id='7cf6efab-a9d7-54d2-2cbd-ec82efe4a7da' region='africa' content_type='adapted' created_by='natalia@maternity.dk' level=None questions=None derived_from_id=None
  📎 Linking 2 embedded asset(s) to markdown upload
Created action-card resource: title='Breastfeeding' description='Breastfeeding' icon='28ccf11153e94fa180831cb77d36c307' content='d471e955b3b0433897b86f8f5a58bef8' language_id='7cf6efab-a9d7-54d2-2cbd-ec82efe4a7da' region='africa' content_type='translated' created_by='natalia@maternity.dk' level=None questions=None derived_from_id=None
  ℹ️  No screens translation found for 'procedure:breastfeeding_1537451109093', using original
Queuing procedure: res-procedure-breastfeeding (Source: 'Breastfeeding')
Using cached asset_id: 6c00b061926a46d1ae29e5985c017917
Saved Markdown: /home/azureuser/test/content_migrator/data/temp_data/intramuscular_injection_im_original.md
Saved Markdown: /home/azureuser/test/content_migrator/data/temp_data/intramuscular_injection_im_adapted_africa.md
Saved Markdown: /home/azureuser/test/content_migrator/data/temp_data/intramuscular_injection_im_translated_action_card.md
  📎 Linking 2 embedded asset(s) to markdown upload
Created action-card resource: title='Intramuscular Injection (IM)' description='Intramuscular Injection (IM)' icon='6c00b061926a46d1ae29e5985c017917' content='c13a1aa9d4034caba485005a20dee5bc' language_id='7cf6efab-a9d7-54d2-2cbd-ec82efe4a7da' region='africa' content_type='original' created_by='natalia@maternity.dk' level=None questions=None derived_from_id=None
  📎 Linking 2 embedded asset(s) to markdown upload
Created action-card resource: title='Intramuscular Injection (IM)' description='Intramuscular Injection (IM)' icon='6c00b061926a46d1ae29e5985c017917' content='30399abe7c254033a1119ec922cac382' language_id='7cf6efab-a9d7-54d2-2cbd-ec82efe4a7da' region='africa' content_type='adapted' created_by='natalia@maternity.dk' level=None questions=None derived_from_id=None
  📎 Linking 2 embedded asset(s) to markdown upload
Created action-card resource: title='Intramuscular Injection (IM)' description='Intramuscular Injection (IM)' icon='6c00b061926a46d1ae29e5985c017917' content='058dfde4d365411db3acd8be7c1b1777' language_id='7cf6efab-a9d7-54d2-2cbd-ec82efe4a7da' region='africa' content_type='translated' created_by='natalia@maternity.dk' level=None questions=None derived_from_id=None
  ℹ️  No screens translation found for 'procedure:intramuscular-injection-im-_1712143699749', using original
Queuing procedure: res-procedure-intramuscular-injection-im (Source: 'Intramuscular Injection (IM)')
Using cached asset_id: 1c6ee0d1a7e8441286cd0f27b9dff9be
  ✓ Module icon uploaded for drugs: 1c6ee0d1...
Mapping language:   7cf6efab-a9d7-54d2-2cbd-ec82efe4a7da
  DEBUG: Found 7 drugs in module
  ✓ Drug inheriting module icon: 1c6ee0d1...
Saved Markdown: /home/azureuser/test/content_migrator/data/temp_data/antibiotic_eye_drops_original.md
Saved Markdown: /home/azureuser/test/content_migrator/data/temp_data/antibiotic_eye_drops_adapted_africa.md
Saved Markdown: /home/azureuser/test/content_migrator/data/temp_data/antibiotic_eye_drops_translated_action_card.md
Created action-card resource: title='Antibiotic eye drops' description='Antibiotic eye drops' icon='1c6ee0d1a7e8441286cd0f27b9dff9be' content='63db0bb61ff9480d8d62c0b9c43da94a' language_id='7cf6efab-a9d7-54d2-2cbd-ec82efe4a7da' region='africa' content_type='original' created_by='nanna@maternity.dk' level=None questions=None derived_from_id=None
Created action-card resource: title='Antibiotic eye drops' description='Antibiotic eye drops' icon='1c6ee0d1a7e8441286cd0f27b9dff9be' content='f5c5a5cf9fa44195b70c425d66da593a' language_id='7cf6efab-a9d7-54d2-2cbd-ec82efe4a7da' region='africa' content_type='adapted' created_by='nanna@maternity.dk' level=None questions=None derived_from_id=None
Created action-card resource: title='Antibiotic eye drops' description='Antibiotic eye drops' icon='1c6ee0d1a7e8441286cd0f27b9dff9be' content='62d216fbfd85491abb05c7cf8a70532e' language_id='7cf6efab-a9d7-54d2-2cbd-ec82efe4a7da' region='africa' content_type='translated' created_by='nanna@maternity.dk' level=None questions=None derived_from_id=None
  ℹ️  No screens translation found for 'drug:antibiotic-eye-drops_1490261954893', using original
Queuing drug: res-drug-antibiotic-eye-drops (Source: 'Antibiotic eye drops')
  ✓ Drug inheriting module icon: 1c6ee0d1...
Saved Markdown: /home/azureuser/test/content_migrator/data/temp_data/carbetocin_original.md
Saved Markdown: /home/azureuser/test/content_migrator/data/temp_data/carbetocin_adapted_africa.md
Saved Markdown: /home/azureuser/test/content_migrator/data/temp_data/carbetocin_translated_action_card.md
Created action-card resource: title='Carbetocin' description='Carbetocin' icon='1c6ee0d1a7e8441286cd0f27b9dff9be' content='65457c218a2a4ca8837d6450d8e636c0' language_id='7cf6efab-a9d7-54d2-2cbd-ec82efe4a7da' region='africa' content_type='original' created_by='nanna@maternity.dk' level=None questions=None derived_from_id=None
Created action-card resource: title='Carbetocin' description='Carbetocin' icon='1c6ee0d1a7e8441286cd0f27b9dff9be' content='16b4750004474339bdaf874ef3232bca' language_id='7cf6efab-a9d7-54d2-2cbd-ec82efe4a7da' region='africa' content_type='adapted' created_by='nanna@maternity.dk' level=None questions=None derived_from_id=None
Created action-card resource: title='Carbetocin' description='Carbetocin' icon='1c6ee0d1a7e8441286cd0f27b9dff9be' content='fc6929c2f4354727bbf10e65922de3ec' language_id='7cf6efab-a9d7-54d2-2cbd-ec82efe4a7da' region='africa' content_type='translated' created_by='nanna@maternity.dk' level=None questions=None derived_from_id=None
  ℹ️  No screens translation found for 'drug:carbetocin_1551691910153', using original
Queuing drug: res-drug-carbetocin (Source: 'Carbetocin')
Overwriting previous queue for 'res-drug-carbetocin' with language-specific version (lang: 7cf6efab-a9d7-54d2-2cbd-ec82efe4a7da)
  ✓ Drug inheriting module icon: 1c6ee0d1...
Saved Markdown: /home/azureuser/test/content_migrator/data/temp_data/chlorhexidine_original.md
Saved Markdown: /home/azureuser/test/content_migrator/data/temp_data/chlorhexidine_adapted_africa.md
Saved Markdown: /home/azureuser/test/content_migrator/data/temp_data/chlorhexidine_translated_action_card.md
Created action-card resource: title='Chlorhexidine' description='Chlorhexidine' icon='1c6ee0d1a7e8441286cd0f27b9dff9be' content='0531f96567544859a2f053b2f94b3b80' language_id='7cf6efab-a9d7-54d2-2cbd-ec82efe4a7da' region='africa' content_type='original' created_by='nanna@maternity.dk' level=None questions=None derived_from_id=None
Created action-card resource: title='Chlorhexidine' description='Chlorhexidine' icon='1c6ee0d1a7e8441286cd0f27b9dff9be' content='660689441ae9436b80ed21930ca57ee1' language_id='7cf6efab-a9d7-54d2-2cbd-ec82efe4a7da' region='africa' content_type='adapted' created_by='nanna@maternity.dk' level=None questions=None derived_from_id=None
Created action-card resource: title='Chlorhexidine' description='Chlorhexidine' icon='1c6ee0d1a7e8441286cd0f27b9dff9be' content='d90ff2f4862142f2bf2309776b24f625' language_id='7cf6efab-a9d7-54d2-2cbd-ec82efe4a7da' region='africa' content_type='translated' created_by='nanna@maternity.dk' level=None questions=None derived_from_id=None
  ℹ️  No screens translation found for 'drug:chlorhexidine_1527580209518', using original
Queuing drug: res-drug-chlorhexidine (Source: 'Chlorhexidine')
  ✓ Drug inheriting module icon: 1c6ee0d1...
Saved Markdown: /home/azureuser/test/content_migrator/data/temp_data/ergometrine_original.md
Saved Markdown: /home/azureuser/test/content_migrator/data/temp_data/ergometrine_adapted_africa.md
Saved Markdown: /home/azureuser/test/content_migrator/data/temp_data/ergometrine_translated_action_card.md
Created action-card resource: title='Ergometrine' description='Ergometrine' icon='1c6ee0d1a7e8441286cd0f27b9dff9be' content='ea0ede3d7b19497e9a52fb35b00802e8' language_id='7cf6efab-a9d7-54d2-2cbd-ec82efe4a7da' region='africa' content_type='original' created_by='nanna@maternity.dk' level=None questions=None derived_from_id=None
Created action-card resource: title='Ergometrine' description='Ergometrine' icon='1c6ee0d1a7e8441286cd0f27b9dff9be' content='cc28655e36a047d0860807eadc716a61' language_id='7cf6efab-a9d7-54d2-2cbd-ec82efe4a7da' region='africa' content_type='adapted' created_by='nanna@maternity.dk' level=None questions=None derived_from_id=None
Created action-card resource: title='Ergometrine' description='Ergometrine' icon='1c6ee0d1a7e8441286cd0f27b9dff9be' content='7f9ff88768564ac79790e7a381d044ed' language_id='7cf6efab-a9d7-54d2-2cbd-ec82efe4a7da' region='africa' content_type='translated' created_by='nanna@maternity.dk' level=None questions=None derived_from_id=None
  ℹ️  No screens translation found for 'drug:ergometrine_1487103846814', using original
Queuing drug: res-drug-ergometrine (Source: 'Ergometrine')
  ✓ Drug inheriting module icon: 1c6ee0d1...
Saved Markdown: /home/azureuser/test/content_migrator/data/temp_data/misoprostol_original.md
Saved Markdown: /home/azureuser/test/content_migrator/data/temp_data/misoprostol_adapted_africa.md
Saved Markdown: /home/azureuser/test/content_migrator/data/temp_data/misoprostol_translated_action_card.md
Created action-card resource: title='Misoprostol' description='Misoprostol' icon='1c6ee0d1a7e8441286cd0f27b9dff9be' content='688397cbf3a44085ba2700d191408fee' language_id='7cf6efab-a9d7-54d2-2cbd-ec82efe4a7da' region='africa' content_type='original' created_by='nanna@maternity.dk' level=None questions=None derived_from_id=None
Created action-card resource: title='Misoprostol' description='Misoprostol' icon='1c6ee0d1a7e8441286cd0f27b9dff9be' content='d1d6742e96ef431e9d41ff3d48e739a5' language_id='7cf6efab-a9d7-54d2-2cbd-ec82efe4a7da' region='africa' content_type='adapted' created_by='nanna@maternity.dk' level=None questions=None derived_from_id=None
Created action-card resource: title='Misoprostol' description='Misoprostol' icon='1c6ee0d1a7e8441286cd0f27b9dff9be' content='9a27ea4445f74effb4820b3461db04bb' language_id='7cf6efab-a9d7-54d2-2cbd-ec82efe4a7da' region='africa' content_type='translated' created_by='nanna@maternity.dk' level=None questions=None derived_from_id=None
  ℹ️  No screens translation found for 'drug:misoprostol_1487112562173', using original
Queuing drug: res-drug-misoprostol (Source: 'Misoprostol')
Overwriting previous queue for 'res-drug-misoprostol' with language-specific version (lang: 7cf6efab-a9d7-54d2-2cbd-ec82efe4a7da)
  ✓ Drug inheriting module icon: 1c6ee0d1...
Saved Markdown: /home/azureuser/test/content_migrator/data/temp_data/oxytocin_original.md
Saved Markdown: /home/azureuser/test/content_migrator/data/temp_data/oxytocin_adapted_africa.md
Saved Markdown: /home/azureuser/test/content_migrator/data/temp_data/oxytocin_translated_action_card.md
Created action-card resource: title='Oxytocin' description='Oxytocin' icon='1c6ee0d1a7e8441286cd0f27b9dff9be' content='bcbfd1872d074952bb4397a9c2e5111c' language_id='7cf6efab-a9d7-54d2-2cbd-ec82efe4a7da' region='africa' content_type='original' created_by='nanna@maternity.dk' level=None questions=None derived_from_id=None
Created action-card resource: title='Oxytocin' description='Oxytocin' icon='1c6ee0d1a7e8441286cd0f27b9dff9be' content='129f97a62f10498d91075f5f82cad0b5' language_id='7cf6efab-a9d7-54d2-2cbd-ec82efe4a7da' region='africa' content_type='adapted' created_by='nanna@maternity.dk' level=None questions=None derived_from_id=None
Created action-card resource: title='Oxytocin' description='Oxytocin' icon='1c6ee0d1a7e8441286cd0f27b9dff9be' content='7500a03c796b4009b7847c9124ca2194' language_id='7cf6efab-a9d7-54d2-2cbd-ec82efe4a7da' region='africa' content_type='translated' created_by='nanna@maternity.dk' level=None questions=None derived_from_id=None
  ℹ️  No screens translation found for 'drug:oxytocin_1487156988152', using original
Queuing drug: res-drug-oxytocin (Source: 'Oxytocin')
Overwriting previous queue for 'res-drug-oxytocin' with language-specific version (lang: 7cf6efab-a9d7-54d2-2cbd-ec82efe4a7da)
  ✓ Drug inheriting module icon: 1c6ee0d1...
Saved Markdown: /home/azureuser/test/content_migrator/data/temp_data/vitamin_k_original.md
Saved Markdown: /home/azureuser/test/content_migrator/data/temp_data/vitamin_k_adapted_africa.md
Saved Markdown: /home/azureuser/test/content_migrator/data/temp_data/vitamin_k_translated_action_card.md
Created action-card resource: title='Vitamin K' description='Vitamin K' icon='1c6ee0d1a7e8441286cd0f27b9dff9be' content='33061849d5394b92a7cac1222ee5d212' language_id='7cf6efab-a9d7-54d2-2cbd-ec82efe4a7da' region='africa' content_type='original' created_by='nanna@maternity.dk' level=None questions=None derived_from_id=None
Created action-card resource: title='Vitamin K' description='Vitamin K' icon='1c6ee0d1a7e8441286cd0f27b9dff9be' content='c144da0e531d4f45ae10fb6eee17379b' language_id='7cf6efab-a9d7-54d2-2cbd-ec82efe4a7da' region='africa' content_type='adapted' created_by='nanna@maternity.dk' level=None questions=None derived_from_id=None
Created action-card resource: title='Vitamin K' description='Vitamin K' icon='1c6ee0d1a7e8441286cd0f27b9dff9be' content='b0af28b6066649dba805c136de6120e5' language_id='7cf6efab-a9d7-54d2-2cbd-ec82efe4a7da' region='africa' content_type='translated' created_by='nanna@maternity.dk' level=None questions=None derived_from_id=None
  ℹ️  No screens translation found for 'drug:vitamin-k_1487160613336', using original
Queuing drug: res-drug-vitamin-k (Source: 'Vitamin K')
Mapping language:   7cf6efab-a9d7-54d2-2cbd-ec82efe4a7da
  ℹ️  No key-learning-points document found for key 'test-1_1497203846089' with langId='7cf6efab-a9d7-54d2-2cbd-ec82efe4a7da'.
  ℹ️  No keyLearningPoints document found for key 'test-1_1497203846089' with langId='7cf6efab-a9d7-54d2-2cbd-ec82efe4a7da'.
  ⚠ SKIP: Localized KLP 'test-1_1497203846089' not found in 7cf6efab-a9d7-54d2-2cbd-ec82efe4a7da.
  ℹ️  No key-learning-points document found for key 'active-management_1499780658036' with langId='7cf6efab-a9d7-54d2-2cbd-ec82efe4a7da'.
  ℹ️  No keyLearningPoints document found for key 'active-management_1499780658036' with langId='7cf6efab-a9d7-54d2-2cbd-ec82efe4a7da'.
  ⚠ SKIP: Localized KLP 'active-management_1499780658036' not found in 7cf6efab-a9d7-54d2-2cbd-ec82efe4a7da.
Using cached asset_id: e48f96a5bb504f18865062f6ebeaaeeb
  ✓ KLP question 1 icon uploaded: e48f96a5...
  ℹ️  No screens translation found for 'key-learning-point:uterotonic-drug_1499780861769'
Queued KLP to klps.csv: klp-1-uterotonic-drug
  ℹ️  No key-learning-points document found for key 'oxytocin_1499780939312' with langId='7cf6efab-a9d7-54d2-2cbd-ec82efe4a7da'.
  ℹ️  No keyLearningPoints document found for key 'oxytocin_1499780939312' with langId='7cf6efab-a9d7-54d2-2cbd-ec82efe4a7da'.
  ⚠ SKIP: Localized KLP 'oxytocin_1499780939312' not found in 7cf6efab-a9d7-54d2-2cbd-ec82efe4a7da.
  ℹ️  No key-learning-points document found for key 'exclude-second-baby_1499781002066' with langId='7cf6efab-a9d7-54d2-2cbd-ec82efe4a7da'.
  ℹ️  No keyLearningPoints document found for key 'exclude-second-baby_1499781002066' with langId='7cf6efab-a9d7-54d2-2cbd-ec82efe4a7da'.
  ⚠ SKIP: Localized KLP 'exclude-second-baby_1499781002066' not found in 7cf6efab-a9d7-54d2-2cbd-ec82efe4a7da.
  ℹ️  No key-learning-points document found for key 'dose-of-oxytocin_1499781138851' with langId='7cf6efab-a9d7-54d2-2cbd-ec82efe4a7da'.
  ℹ️  No keyLearningPoints document found for key 'dose-of-oxytocin_1499781138851' with langId='7cf6efab-a9d7-54d2-2cbd-ec82efe4a7da'.
  ⚠ SKIP: Localized KLP 'dose-of-oxytocin_1499781138851' not found in 7cf6efab-a9d7-54d2-2cbd-ec82efe4a7da.
Using cached asset_id: f8fa22fd20da436ab5806500a0399d60
  ✓ KLP question 1 icon uploaded: f8fa22fd...
  ℹ️  No screens translation found for 'key-learning-point:when-to-give-oxytocin_1499781203804'
Queued KLP to klps.csv: klp-1-when-to-give-oxytocin
  ℹ️  No key-learning-points document found for key 'storage-of-oxytocin_1499781280757' with langId='7cf6efab-a9d7-54d2-2cbd-ec82efe4a7da'.
  ℹ️  No keyLearningPoints document found for key 'storage-of-oxytocin_1499781280757' with langId='7cf6efab-a9d7-54d2-2cbd-ec82efe4a7da'.
  ⚠ SKIP: Localized KLP 'storage-of-oxytocin_1499781280757' not found in 7cf6efab-a9d7-54d2-2cbd-ec82efe4a7da.
Using cached asset_id: 76cc628c32fd41f7b85cc9baef500acc
  ✓ KLP question 1 icon uploaded: 76cc628c...
  ℹ️  No screens translation found for 'key-learning-point:misoprostol_1499781426287'
Queued KLP to klps.csv: klp-1-misoprostol
Using cached asset_id: e48f96a5bb504f18865062f6ebeaaeeb
  ✓ KLP question 1 icon uploaded: e48f96a5...
  ℹ️  No screens translation found for 'key-learning-point:administration-of-misoprostol_1499781506837'
Queued KLP to klps.csv: klp-1-heat-stable-carbetocin
  ℹ️  No key-learning-points document found for key 'when-to-assess-the-newborn_1499781574406' with langId='7cf6efab-a9d7-54d2-2cbd-ec82efe4a7da'.
  ℹ️  No keyLearningPoints document found for key 'when-to-assess-the-newborn_1499781574406' with langId='7cf6efab-a9d7-54d2-2cbd-ec82efe4a7da'.
  ⚠ SKIP: Localized KLP 'when-to-assess-the-newborn_1499781574406' not found in 7cf6efab-a9d7-54d2-2cbd-ec82efe4a7da.
  ℹ️  No key-learning-points document found for key 'thick-meconium_1499782019890' with langId='7cf6efab-a9d7-54d2-2cbd-ec82efe4a7da'.
  ℹ️  No keyLearningPoints document found for key 'thick-meconium_1499782019890' with langId='7cf6efab-a9d7-54d2-2cbd-ec82efe4a7da'.
  ⚠ SKIP: Localized KLP 'thick-meconium_1499782019890' not found in 7cf6efab-a9d7-54d2-2cbd-ec82efe4a7da.
  ℹ️  No key-learning-points document found for key 'suction-thick-meconium_1499782064819' with langId='7cf6efab-a9d7-54d2-2cbd-ec82efe4a7da'.
  ℹ️  No keyLearningPoints document found for key 'suction-thick-meconium_1499782064819' with langId='7cf6efab-a9d7-54d2-2cbd-ec82efe4a7da'.
  ⚠ SKIP: Localized KLP 'suction-thick-meconium_1499782064819' not found in 7cf6efab-a9d7-54d2-2cbd-ec82efe4a7da.
  ℹ️  No key-learning-points document found for key 'dry-of-the-baby_1499782139883' with langId='7cf6efab-a9d7-54d2-2cbd-ec82efe4a7da'.
  ℹ️  No keyLearningPoints document found for key 'dry-of-the-baby_1499782139883' with langId='7cf6efab-a9d7-54d2-2cbd-ec82efe4a7da'.
  ⚠ SKIP: Localized KLP 'dry-of-the-baby_1499782139883' not found in 7cf6efab-a9d7-54d2-2cbd-ec82efe4a7da.
  ℹ️  No key-learning-points document found for key 'wipe-of-baby_1499782205916' with langId='7cf6efab-a9d7-54d2-2cbd-ec82efe4a7da'.
  ℹ️  No keyLearningPoints document found for key 'wipe-of-baby_1499782205916' with langId='7cf6efab-a9d7-54d2-2cbd-ec82efe4a7da'.
  ⚠ SKIP: Localized KLP 'wipe-of-baby_1499782205916' not found in 7cf6efab-a9d7-54d2-2cbd-ec82efe4a7da.
  ℹ️  No key-learning-points document found for key 'warm-baby_1499782287277' with langId='7cf6efab-a9d7-54d2-2cbd-ec82efe4a7da'.
  ℹ️  No keyLearningPoints document found for key 'warm-baby_1499782287277' with langId='7cf6efab-a9d7-54d2-2cbd-ec82efe4a7da'.
  ⚠ SKIP: Localized KLP 'warm-baby_1499782287277' not found in 7cf6efab-a9d7-54d2-2cbd-ec82efe4a7da.
  ℹ️  No key-learning-points document found for key 'newborn-not-breathing-well_1499782350880' with langId='7cf6efab-a9d7-54d2-2cbd-ec82efe4a7da'.
  ℹ️  No keyLearningPoints document found for key 'newborn-not-breathing-well_1499782350880' with langId='7cf6efab-a9d7-54d2-2cbd-ec82efe4a7da'.
  ⚠ SKIP: Localized KLP 'newborn-not-breathing-well_1499782350880' not found in 7cf6efab-a9d7-54d2-2cbd-ec82efe4a7da.
  ℹ️  No key-learning-points document found for key 'stable-newborn_1499782411878' with langId='7cf6efab-a9d7-54d2-2cbd-ec82efe4a7da'.
  ℹ️  No keyLearningPoints document found for key 'stable-newborn_1499782411878' with langId='7cf6efab-a9d7-54d2-2cbd-ec82efe4a7da'.
  ⚠ SKIP: Localized KLP 'stable-newborn_1499782411878' not found in 7cf6efab-a9d7-54d2-2cbd-ec82efe4a7da.
  ℹ️  No key-learning-points document found for key 'clamp-umbilical-cord_1499782532294' with langId='7cf6efab-a9d7-54d2-2cbd-ec82efe4a7da'.
  ℹ️  No keyLearningPoints document found for key 'clamp-umbilical-cord_1499782532294' with langId='7cf6efab-a9d7-54d2-2cbd-ec82efe4a7da'.
  ⚠ SKIP: Localized KLP 'clamp-umbilical-cord_1499782532294' not found in 7cf6efab-a9d7-54d2-2cbd-ec82efe4a7da.
Using cached asset_id: 54d9854d86d54525afb3e5c08816b1f0
  ✓ KLP question 1 icon uploaded: 54d9854d...
  ℹ️  No screens translation found for 'key-learning-point:cord-traction_1499782592747'
Queued KLP to klps.csv: klp-2-cord-traction
  ℹ️  No key-learning-points document found for key 'counter-pressure-pubic-bone_1499782667213' with langId='7cf6efab-a9d7-54d2-2cbd-ec82efe4a7da'.
  ℹ️  No keyLearningPoints document found for key 'counter-pressure-pubic-bone_1499782667213' with langId='7cf6efab-a9d7-54d2-2cbd-ec82efe4a7da'.
  ⚠ SKIP: Localized KLP 'counter-pressure-pubic-bone_1499782667213' not found in 7cf6efab-a9d7-54d2-2cbd-ec82efe4a7da.
  ℹ️  No key-learning-points document found for key 'rounded-uterus_1499782790928' with langId='7cf6efab-a9d7-54d2-2cbd-ec82efe4a7da'.
  ℹ️  No keyLearningPoints document found for key 'rounded-uterus_1499782790928' with langId='7cf6efab-a9d7-54d2-2cbd-ec82efe4a7da'.
  ⚠ SKIP: Localized KLP 'rounded-uterus_1499782790928' not found in 7cf6efab-a9d7-54d2-2cbd-ec82efe4a7da.
  ℹ️  No key-learning-points document found for key 'push-for-the-placenta_1499782842943' with langId='7cf6efab-a9d7-54d2-2cbd-ec82efe4a7da'.
  ℹ️  No keyLearningPoints document found for key 'push-for-the-placenta_1499782842943' with langId='7cf6efab-a9d7-54d2-2cbd-ec82efe4a7da'.
  ⚠ SKIP: Localized KLP 'push-for-the-placenta_1499782842943' not found in 7cf6efab-a9d7-54d2-2cbd-ec82efe4a7da.
  ℹ️  No key-learning-points document found for key 'check-uterus_1499782915737' with langId='7cf6efab-a9d7-54d2-2cbd-ec82efe4a7da'.
  ℹ️  No keyLearningPoints document found for key 'check-uterus_1499782915737' with langId='7cf6efab-a9d7-54d2-2cbd-ec82efe4a7da'.
  ⚠ SKIP: Localized KLP 'check-uterus_1499782915737' not found in 7cf6efab-a9d7-54d2-2cbd-ec82efe4a7da.
  ℹ️  No key-learning-points document found for key 'measure-blood-loss_1499783000460' with langId='7cf6efab-a9d7-54d2-2cbd-ec82efe4a7da'.
  ℹ️  No keyLearningPoints document found for key 'measure-blood-loss_1499783000460' with langId='7cf6efab-a9d7-54d2-2cbd-ec82efe4a7da'.
  ⚠ SKIP: Localized KLP 'measure-blood-loss_1499783000460' not found in 7cf6efab-a9d7-54d2-2cbd-ec82efe4a7da.
  ℹ️  No key-learning-points document found for key 'examine-the-placenta_1499783053169' with langId='7cf6efab-a9d7-54d2-2cbd-ec82efe4a7da'.
  ℹ️  No keyLearningPoints document found for key 'examine-the-placenta_1499783053169' with langId='7cf6efab-a9d7-54d2-2cbd-ec82efe4a7da'.
  ⚠ SKIP: Localized KLP 'examine-the-placenta_1499783053169' not found in 7cf6efab-a9d7-54d2-2cbd-ec82efe4a7da.
  ℹ️  No key-learning-points document found for key 'maternal-surface-of-placenta_1499783139366' with langId='7cf6efab-a9d7-54d2-2cbd-ec82efe4a7da'.
  ℹ️  No keyLearningPoints document found for key 'maternal-surface-of-placenta_1499783139366' with langId='7cf6efab-a9d7-54d2-2cbd-ec82efe4a7da'.
  ⚠ SKIP: Localized KLP 'maternal-surface-of-placenta_1499783139366' not found in 7cf6efab-a9d7-54d2-2cbd-ec82efe4a7da.
  ℹ️  No key-learning-points document found for key 'no-unattended-mother-and-newborn_1499783196382' with langId='7cf6efab-a9d7-54d2-2cbd-ec82efe4a7da'.
  ℹ️  No keyLearningPoints document found for key 'no-unattended-mother-and-newborn_1499783196382' with langId='7cf6efab-a9d7-54d2-2cbd-ec82efe4a7da'.
  ⚠ SKIP: Localized KLP 'no-unattended-mother-and-newborn_1499783196382' not found in 7cf6efab-a9d7-54d2-2cbd-ec82efe4a7da.
  ℹ️  No key-learning-points document found for key 'skin-to-skin-contact_1499783293686' with langId='7cf6efab-a9d7-54d2-2cbd-ec82efe4a7da'.
  ℹ️  No keyLearningPoints document found for key 'skin-to-skin-contact_1499783293686' with langId='7cf6efab-a9d7-54d2-2cbd-ec82efe4a7da'.
  ⚠ SKIP: Localized KLP 'skin-to-skin-contact_1499783293686' not found in 7cf6efab-a9d7-54d2-2cbd-ec82efe4a7da.
  ℹ️  No key-learning-points document found for key 'check-mother-after-birth_1499783355207' with langId='7cf6efab-a9d7-54d2-2cbd-ec82efe4a7da'.
  ℹ️  No keyLearningPoints document found for key 'check-mother-after-birth_1499783355207' with langId='7cf6efab-a9d7-54d2-2cbd-ec82efe4a7da'.
  ⚠ SKIP: Localized KLP 'check-mother-after-birth_1499783355207' not found in 7cf6efab-a9d7-54d2-2cbd-ec82efe4a7da.
  ℹ️  No key-learning-points document found for key 'how-often-check-mother_1499783434630' with langId='7cf6efab-a9d7-54d2-2cbd-ec82efe4a7da'.
  ℹ️  No keyLearningPoints document found for key 'how-often-check-mother_1499783434630' with langId='7cf6efab-a9d7-54d2-2cbd-ec82efe4a7da'.
  ⚠ SKIP: Localized KLP 'how-often-check-mother_1499783434630' not found in 7cf6efab-a9d7-54d2-2cbd-ec82efe4a7da.
  ℹ️  No key-learning-points document found for key 'how-often-check-newborn_1499783488277' with langId='7cf6efab-a9d7-54d2-2cbd-ec82efe4a7da'.
  ℹ️  No keyLearningPoints document found for key 'how-often-check-newborn_1499783488277' with langId='7cf6efab-a9d7-54d2-2cbd-ec82efe4a7da'.
  ⚠ SKIP: Localized KLP 'how-often-check-newborn_1499783488277' not found in 7cf6efab-a9d7-54d2-2cbd-ec82efe4a7da.
  ℹ️  No key-learning-points document found for key 'check-the-newborn-after-birth_1499783546639' with langId='7cf6efab-a9d7-54d2-2cbd-ec82efe4a7da'.
  ℹ️  No keyLearningPoints document found for key 'check-the-newborn-after-birth_1499783546639' with langId='7cf6efab-a9d7-54d2-2cbd-ec82efe4a7da'.
  ⚠ SKIP: Localized KLP 'check-the-newborn-after-birth_1499783546639' not found in 7cf6efab-a9d7-54d2-2cbd-ec82efe4a7da.
Using cached asset_id: c1159effb2684b478b76d98d18d1274a
  ✓ KLP question 1 icon uploaded: c1159eff...
  ℹ️  No screens translation found for 'key-learning-point:cord-monitor_1499783616183'
Queued KLP to klps.csv: klp-3-cord-monitor
Using cached asset_id: ecc31b9734d347a7bb8398d561936dad
  ✓ KLP question 1 icon uploaded: ecc31b97...
  ℹ️  No screens translation found for 'key-learning-point:eye-drop-and-vit-k_1499783708999'
Queued KLP to klps.csv: klp-2-apgar-score-and-vit-k
  ℹ️  No key-learning-points document found for key 'early-breastfeeding-newborn_1499783782397' with langId='7cf6efab-a9d7-54d2-2cbd-ec82efe4a7da'.
  ℹ️  No keyLearningPoints document found for key 'early-breastfeeding-newborn_1499783782397' with langId='7cf6efab-a9d7-54d2-2cbd-ec82efe4a7da'.
  ⚠ SKIP: Localized KLP 'early-breastfeeding-newborn_1499783782397' not found in 7cf6efab-a9d7-54d2-2cbd-ec82efe4a7da.
  ℹ️  No key-learning-points document found for key 'early-breastfeeding-mother_1499783921892' with langId='7cf6efab-a9d7-54d2-2cbd-ec82efe4a7da'.
  ℹ️  No keyLearningPoints document found for key 'early-breastfeeding-mother_1499783921892' with langId='7cf6efab-a9d7-54d2-2cbd-ec82efe4a7da'.
  ⚠ SKIP: Localized KLP 'early-breastfeeding-mother_1499783921892' not found in 7cf6efab-a9d7-54d2-2cbd-ec82efe4a7da.
  ℹ️  No key-learning-points document found for key 'active-management_1504529794145' with langId='7cf6efab-a9d7-54d2-2cbd-ec82efe4a7da'.
  ℹ️  No keyLearningPoints document found for key 'active-management_1504529794145' with langId='7cf6efab-a9d7-54d2-2cbd-ec82efe4a7da'.
  ⚠ SKIP: Localized KLP 'active-management_1504529794145' not found in 7cf6efab-a9d7-54d2-2cbd-ec82efe4a7da.
  ℹ️  No key-learning-points document found for key 'delivery-of-membranes_1504531639638' with langId='7cf6efab-a9d7-54d2-2cbd-ec82efe4a7da'.
  ℹ️  No keyLearningPoints document found for key 'delivery-of-membranes_1504531639638' with langId='7cf6efab-a9d7-54d2-2cbd-ec82efe4a7da'.
  ⚠ SKIP: Localized KLP 'delivery-of-membranes_1504531639638' not found in 7cf6efab-a9d7-54d2-2cbd-ec82efe4a7da.
  ℹ️  No key-learning-points document found for key 'estimation-of-blood-loss_1504531689289' with langId='7cf6efab-a9d7-54d2-2cbd-ec82efe4a7da'.
  ℹ️  No keyLearningPoints document found for key 'estimation-of-blood-loss_1504531689289' with langId='7cf6efab-a9d7-54d2-2cbd-ec82efe4a7da'.
  ⚠ SKIP: Localized KLP 'estimation-of-blood-loss_1504531689289' not found in 7cf6efab-a9d7-54d2-2cbd-ec82efe4a7da.
  Step 2: Queuing module payload with resource slugs...
Using cached asset_id: 1c6ee0d1a7e8441286cd0f27b9dff9be
Skipping previously failed asset: https://sdacms.blob.core.windows.net/content/assets/videos/english%20WHO/Active%20management%20of%20third%20stage%20labour/intro.mp4
Warning: Failed to process video asset: /english WHO/Active management of third stage labour/intro
Skipping previously failed asset: https://sdacms.blob.core.windows.net/content/assets/videos/english%20WHO/Active%20management%20of%20third%20stage%20labour/give_a_uterotonic_drug.mp4
Warning: Failed to process video asset: /english WHO/Active management of third stage labour/give_a_uterotonic_drug
Skipping previously failed asset: https://sdacms.blob.core.windows.net/content/assets/videos/english%20WHO/Active%20management%20of%20third%20stage%20labour/assess_the_newborn.mp4
Warning: Failed to process video asset: /english WHO/Active management of third stage labour/assess_the_newborn
Skipping previously failed asset: https://sdacms.blob.core.windows.net/content/assets/videos/english%20WHO/Active%20management%20of%20third%20stage%20labour/clamp_and_cut_the_umbilical_cord.mp4
Warning: Failed to process video asset: /english WHO/Active management of third stage labour/clamp_and_cut_the_umbilical_cord
Skipping previously failed asset: https://sdacms.blob.core.windows.net/content/assets/videos/english%20WHO/Active%20management%20of%20third%20stage%20labour/controlled_cord_traction.mp4
Warning: Failed to process video asset: /english WHO/Active management of third stage labour/controlled_cord_traction
Skipping previously failed asset: https://sdacms.blob.core.windows.net/content/assets/videos/english%20WHO/Active%20management%20of%20third%20stage%20labour/examine_the_placenta.mp4
Warning: Failed to process video asset: /english WHO/Active management of third stage labour/examine_the_placenta
Skipping previously failed asset: https://sdacms.blob.core.windows.net/content/assets/videos/english%20WHO/Active%20management%20of%20third%20stage%20labour/monitoring.mp4
Warning: Failed to process video asset: /english WHO/Active management of third stage labour/monitoring
  → Using bundle description fallback for translated module
  → Queued module 'Active Management of Third Stage Labour' -> /home/azureuser/test/content_migrator/data/processed_data/modules.csv
  → Found English title from Cosmos (key='prolonged-labour_1487678855904'): 'Prolonged Labour'
[ModuleMigrator] Using Cosmos doc resource lists for TRANSLATED module 'prolonged-labour_1487678855904' (lang: 7cf6efab-a9d7-54d2-2cbd-ec82efe4a7da)
  actionCards: 5 keys
  procedures: 4 keys
  drugs: 1 keys
  keyLearningPoints: 55 keys
  videos: 5 keys
  ⚠ STRUCTURAL VIOLATION: Global identity document not found in Cosmos for localized module 'prolonged-labour'. Proceeding with placeholder title: Prolonged Labour
  Step 1: Preparing module resources (queue)...
Loaded 511 existing resource mappings
Mapping language:   7cf6efab-a9d7-54d2-2cbd-ec82efe4a7da
  DEBUG: Found 5 videos in module
Downloading video asset from https://sdacms.blob.core.windows.net/content/assets/videos/english%20WHO/Prolonged%20labour/intro.mp4
Error downloading video asset https://sdacms.blob.core.windows.net/content/assets/videos/english%20WHO/Prolonged%20labour/intro.mp4: 404 Client Error: The specified blob does not exist. for url: https://sdacms.blob.core.windows.net/content/assets/videos/english%20WHO/Prolonged%20labour/intro.mp4
Video icon URL: english%20WHO/Prolonged%20labour/intro
Video icon URL: english%20WHO/Prolonged%20labour/intro
Downloading video_icon asset from https://sdacms.blob.core.windows.net/content/assets/videos/english%20WHO/Prolonged%20labour/intro.png
Error downloading video_icon asset https://sdacms.blob.core.windows.net/content/assets/videos/english%20WHO/Prolonged%20labour/intro.png: 404 Client Error: The specified blob does not exist. for url: https://sdacms.blob.core.windows.net/content/assets/videos/english%20WHO/Prolonged%20labour/intro.png
Skipping video '/english WHO/Prolonged labour/intro' - missing asset upload
Downloading video asset from https://sdacms.blob.core.windows.net/content/assets/videos/english%20WHO/Prolonged%20labour/causes.mp4
Error downloading video asset https://sdacms.blob.core.windows.net/content/assets/videos/english%20WHO/Prolonged%20labour/causes.mp4: 404 Client Error: The specified blob does not exist. for url: https://sdacms.blob.core.windows.net/content/assets/videos/english%20WHO/Prolonged%20labour/causes.mp4
Video icon URL: english%20WHO/Prolonged%20labour/causes
Video icon URL: english%20WHO/Prolonged%20labour/causes
Downloading video_icon asset from https://sdacms.blob.core.windows.net/content/assets/videos/english%20WHO/Prolonged%20labour/causes.png
Error downloading video_icon asset https://sdacms.blob.core.windows.net/content/assets/videos/english%20WHO/Prolonged%20labour/causes.png: 404 Client Error: The specified blob does not exist. for url: https://sdacms.blob.core.windows.net/content/assets/videos/english%20WHO/Prolonged%20labour/causes.png
Skipping video '/english WHO/Prolonged labour/causes' - missing asset upload
Downloading video asset from https://sdacms.blob.core.windows.net/content/assets/videos/english%20WHO/Prolonged%20labour/1st_stage_active_phase.mp4
Error downloading video asset https://sdacms.blob.core.windows.net/content/assets/videos/english%20WHO/Prolonged%20labour/1st_stage_active_phase.mp4: 404 Client Error: The specified blob does not exist. for url: https://sdacms.blob.core.windows.net/content/assets/videos/english%20WHO/Prolonged%20labour/1st_stage_active_phase.mp4
Video icon URL: english%20WHO/Prolonged%20labour/1st_stage_active_phase
Video icon URL: english%20WHO/Prolonged%20labour/1st_stage_active_phase
Downloading video_icon asset from https://sdacms.blob.core.windows.net/content/assets/videos/english%20WHO/Prolonged%20labour/1st_stage_active_phase.png
Error downloading video_icon asset https://sdacms.blob.core.windows.net/content/assets/videos/english%20WHO/Prolonged%20labour/1st_stage_active_phase.png: 404 Client Error: The specified blob does not exist. for url: https://sdacms.blob.core.windows.net/content/assets/videos/english%20WHO/Prolonged%20labour/1st_stage_active_phase.png
Skipping video '/english WHO/Prolonged labour/1st_stage_active_phase' - missing asset upload
Downloading video asset from https://sdacms.blob.core.windows.net/content/assets/videos/english%20WHO/Prolonged%20labour/2nd_stage_prolonged.mp4
Error downloading video asset https://sdacms.blob.core.windows.net/content/assets/videos/english%20WHO/Prolonged%20labour/2nd_stage_prolonged.mp4: 404 Client Error: The specified blob does not exist. for url: https://sdacms.blob.core.windows.net/content/assets/videos/english%20WHO/Prolonged%20labour/2nd_stage_prolonged.mp4
Video icon URL: english%20WHO/Prolonged%20labour/2nd_stage_prolonged
Video icon URL: english%20WHO/Prolonged%20labour/2nd_stage_prolonged
Downloading video_icon asset from https://sdacms.blob.core.windows.net/content/assets/videos/english%20WHO/Prolonged%20labour/2nd_stage_prolonged.png
Error downloading video_icon asset https://sdacms.blob.core.windows.net/content/assets/videos/english%20WHO/Prolonged%20labour/2nd_stage_prolonged.png: 404 Client Error: The specified blob does not exist. for url: https://sdacms.blob.core.windows.net/content/assets/videos/english%20WHO/Prolonged%20labour/2nd_stage_prolonged.png
Skipping video '/english WHO/Prolonged labour/2nd_stage_prolonged' - missing asset upload
Downloading video asset from https://sdacms.blob.core.windows.net/content/assets/videos/english%20WHO/Prolonged%20labour/2nd_stage_vacuum_extraction.mp4
Error downloading video asset https://sdacms.blob.core.windows.net/content/assets/videos/english%20WHO/Prolonged%20labour/2nd_stage_vacuum_extraction.mp4: 404 Client Error: The specified blob does not exist. for url: https://sdacms.blob.core.windows.net/content/assets/videos/english%20WHO/Prolonged%20labour/2nd_stage_vacuum_extraction.mp4
Video icon URL: english%20WHO/Prolonged%20labour/2nd_stage_vacuum_extraction
Video icon URL: english%20WHO/Prolonged%20labour/2nd_stage_vacuum_extraction
Downloading video_icon asset from https://sdacms.blob.core.windows.net/content/assets/videos/english%20WHO/Prolonged%20labour/2nd_stage_vacuum_extraction.png
Error downloading video_icon asset https://sdacms.blob.core.windows.net/content/assets/videos/english%20WHO/Prolonged%20labour/2nd_stage_vacuum_extraction.png: 404 Client Error: The specified blob does not exist. for url: https://sdacms.blob.core.windows.net/content/assets/videos/english%20WHO/Prolonged%20labour/2nd_stage_vacuum_extraction.png
Skipping video '/english WHO/Prolonged labour/2nd_stage_vacuum_extraction' - missing asset upload
  DEBUG: Found 5 action cards in module
  ⚠ SKIP: Localized action card 'alert-values-for-the-first-and-second-stages-new-2025_1762339091816' not found in 7cf6efab-a9d7-54d2-2cbd-ec82efe4a7da.
Mapping language:   7cf6efab-a9d7-54d2-2cbd-ec82efe4a7da
Using cached asset_id: 4ac97ad7dba5497fa20beebae7c12a65
Saved Markdown: /home/azureuser/test/content_migrator/data/temp_data/vacuum_delivery_indications_original.md
Saved Markdown: /home/azureuser/test/content_migrator/data/temp_data/vacuum_delivery_indications_adapted_africa.md
Saved Markdown: /home/azureuser/test/content_migrator/data/temp_data/vacuum_delivery_indications_translated_action_card.md
Created action-card resource: title='Vacuum Delivery Indications' description='Vacuum Delivery Indications' icon='4ac97ad7dba5497fa20beebae7c12a65' content='182bbb823e5f4f55a5e155ed5cfb34fe' language_id='7cf6efab-a9d7-54d2-2cbd-ec82efe4a7da' region='africa' content_type='original' created_by='frederikke@maternity.dk' level=None questions=None derived_from_id=None
Created action-card resource: title='Vacuum Delivery Indications' description='Vacuum Delivery Indications' icon='4ac97ad7dba5497fa20beebae7c12a65' content='78303be4c10c43dab21a4254c1de62a4' language_id='7cf6efab-a9d7-54d2-2cbd-ec82efe4a7da' region='africa' content_type='adapted' created_by='frederikke@maternity.dk' level=None questions=None derived_from_id=None
Created action-card resource: title='Vacuum Delivery Indications' description='Vacuum Delivery Indications' icon='4ac97ad7dba5497fa20beebae7c12a65' content='5f89b47146e945aca97ccf29eb4b1cb4' language_id='7cf6efab-a9d7-54d2-2cbd-ec82efe4a7da' region='africa' content_type='translated' created_by='frederikke@maternity.dk' level=None questions=None derived_from_id=None
  ℹ️  No screens translation found for 'action-card:indications_1486847771915', using original
Queuing action-card: res-action-card-vacuum-delivery-indications (Source: 'Vacuum Delivery Indications')
Mapping language:   7cf6efab-a9d7-54d2-2cbd-ec82efe4a7da
Using cached asset_id: bd132c132c0c4a5aa951e82690e2c3fa
CACHED: Saved new asset_id 'bed8c2d1072b48f2adb24430db949c10' for path 'https://sdacms.blob.core.windows.net/content/assets/images/africa/richtext/AC_above_pubic_bone.png'
CACHED: Saved new asset_id 'd59240e866dd4eaf85740f1d0eab0956' for path 'https://sdacms.blob.core.windows.net/content/assets/images/africa/key learning points/General/cephalic_occiput_posterior.png'
CACHED: Saved new asset_id '26015827356f41e2b76b6d51f80303f7' for path 'https://sdacms.blob.core.windows.net/content/assets/images/africa/richtext/AC_cephalic_occiput_anterior.png'
Saved Markdown: /home/azureuser/test/content_migrator/data/temp_data/vacuum_delivery_prerequisites_original.md
Saved Markdown: /home/azureuser/test/content_migrator/data/temp_data/vacuum_delivery_prerequisites_adapted_africa.md
Saved Markdown: /home/azureuser/test/content_migrator/data/temp_data/vacuum_delivery_prerequisites_translated_action_card.md
  📎 Linking 3 embedded asset(s) to markdown upload
Created action-card resource: title='Vacuum Delivery Prerequisites' description='Vacuum Delivery Prerequisites' icon='bd132c132c0c4a5aa951e82690e2c3fa' content='7e55b6f2996e4948a3dd43c37540c154' language_id='7cf6efab-a9d7-54d2-2cbd-ec82efe4a7da' region='africa' content_type='original' created_by='frederikke@maternity.dk' level=None questions=None derived_from_id=None
  📎 Linking 3 embedded asset(s) to markdown upload
Created action-card resource: title='Vacuum Delivery Prerequisites' description='Vacuum Delivery Prerequisites' icon='bd132c132c0c4a5aa951e82690e2c3fa' content='997883d59c8a4966a63821d2c8de0a3e' language_id='7cf6efab-a9d7-54d2-2cbd-ec82efe4a7da' region='africa' content_type='adapted' created_by='frederikke@maternity.dk' level=None questions=None derived_from_id=None
  📎 Linking 3 embedded asset(s) to markdown upload
Created action-card resource: title='Vacuum Delivery Prerequisites' description='Vacuum Delivery Prerequisites' icon='bd132c132c0c4a5aa951e82690e2c3fa' content='b12ca8efff124744bbb62dcbec387ff6' language_id='7cf6efab-a9d7-54d2-2cbd-ec82efe4a7da' region='africa' content_type='translated' created_by='frederikke@maternity.dk' level=None questions=None derived_from_id=None
  ℹ️  No screens translation found for 'action-card:prerequisites_1486847909849', using original
Queuing action-card: res-action-card-vacuum-delivery-prerequisites (Source: 'Vacuum Delivery Prerequisites')
Mapping language:   7cf6efab-a9d7-54d2-2cbd-ec82efe4a7da
Using cached asset_id: 117b35a7bf494861b6aaf224c1c17f49
Saved Markdown: /home/azureuser/test/content_migrator/data/temp_data/vacuum_delivery_procedure_as_by_also_original.md
Saved Markdown: /home/azureuser/test/content_migrator/data/temp_data/vacuum_delivery_procedure_as_by_also_adapted_africa.md
Saved Markdown: /home/azureuser/test/content_migrator/data/temp_data/vacuum_delivery_procedure_as_by_also_translated_action_card.md
Created action-card resource: title='Vacuum Delivery Procedure as by Also' description='Vacuum Delivery Procedure as by Also' icon='117b35a7bf494861b6aaf224c1c17f49' content='d782cbef3ff242c480d3797c0dc825d4' language_id='7cf6efab-a9d7-54d2-2cbd-ec82efe4a7da' region='africa' content_type='original' created_by='natalia@maternity.dk' level=None questions=None derived_from_id=None
Created action-card resource: title='Vacuum Delivery Procedure as by Also' description='Vacuum Delivery Procedure as by Also' icon='117b35a7bf494861b6aaf224c1c17f49' content='5e418107b8044d51b5a7e453ffeafd0d' language_id='7cf6efab-a9d7-54d2-2cbd-ec82efe4a7da' region='africa' content_type='adapted' created_by='natalia@maternity.dk' level=None questions=None derived_from_id=None
Created action-card resource: title='Vacuum Delivery Procedure as by Also' description='Vacuum Delivery Procedure as by Also' icon='117b35a7bf494861b6aaf224c1c17f49' content='13294296e4ec4306aeca5240db3387f7' language_id='7cf6efab-a9d7-54d2-2cbd-ec82efe4a7da' region='africa' content_type='translated' created_by='natalia@maternity.dk' level=None questions=None derived_from_id=None
  ℹ️  No screens translation found for 'action-card:procedures-by-also_1486848037447', using original
Queuing action-card: res-action-card-vacuum-delivery-procedure-as-by-also (Source: 'Vacuum Delivery Procedure as by Also')
Mapping language:   7cf6efab-a9d7-54d2-2cbd-ec82efe4a7da
Using cached asset_id: 5c7e7afdce7d4b84952e58208235ba8d
Saved Markdown: /home/azureuser/test/content_migrator/data/temp_data/emergency_referral_prolonged_labour_original.md
Saved Markdown: /home/azureuser/test/content_migrator/data/temp_data/emergency_referral_prolonged_labour_adapted_africa.md
Saved Markdown: /home/azureuser/test/content_migrator/data/temp_data/emergency_referral_prolonged_labour_translated_action_card.md
  📎 Linking 1 embedded asset(s) to markdown upload
Created action-card resource: title='Emergency Referral - Prolonged Labour' description='Emergency Referral - Prolonged Labour' icon='5c7e7afdce7d4b84952e58208235ba8d' content='1f32be623ae9429aa6c6c2b062aa0e14' language_id='7cf6efab-a9d7-54d2-2cbd-ec82efe4a7da' region='africa' content_type='original' created_by='natalia@maternity.dk' level=None questions=None derived_from_id=None
  📎 Linking 1 embedded asset(s) to markdown upload
Created action-card resource: title='Emergency Referral - Prolonged Labour' description='Emergency Referral - Prolonged Labour' icon='5c7e7afdce7d4b84952e58208235ba8d' content='a9d886c95c3840aa84ee78ffea086c2b' language_id='7cf6efab-a9d7-54d2-2cbd-ec82efe4a7da' region='africa' content_type='adapted' created_by='natalia@maternity.dk' level=None questions=None derived_from_id=None
  📎 Linking 1 embedded asset(s) to markdown upload
Created action-card resource: title='Emergency Referral - Prolonged Labour' description='Emergency Referral - Prolonged Labour' icon='5c7e7afdce7d4b84952e58208235ba8d' content='e1a4c155776d4f869f8fb4fee07a4dfc' language_id='7cf6efab-a9d7-54d2-2cbd-ec82efe4a7da' region='africa' content_type='translated' created_by='natalia@maternity.dk' level=None questions=None derived_from_id=None
  ℹ️  No screens translation found for 'action-card:emergency-referral---prolonged-labour_1527679481738', using original
Queuing action-card: res-action-card-emergency-referral-prolonged-labour (Source: 'Emergency Referral - Prolonged Labour')
Mapping language:   7cf6efab-a9d7-54d2-2cbd-ec82efe4a7da
  DEBUG: Found 4 procedures in module
Using cached asset_id: 28375baf9417458e9f8cd106380f78de
Saved Markdown: /home/azureuser/test/content_migrator/data/temp_data/urine_catheter_original.md
Saved Markdown: /home/azureuser/test/content_migrator/data/temp_data/urine_catheter_adapted_africa.md
Saved Markdown: /home/azureuser/test/content_migrator/data/temp_data/urine_catheter_translated_action_card.md
  📎 Linking 1 embedded asset(s) to markdown upload
Created action-card resource: title='Urine catheter' description='Urine catheter' icon='28375baf9417458e9f8cd106380f78de' content='87b3d79aaf464557a8ba08fc638b1dc2' language_id='7cf6efab-a9d7-54d2-2cbd-ec82efe4a7da' region='africa' content_type='original' created_by='frederikke@maternity.dk' level=None questions=None derived_from_id=None
  📎 Linking 1 embedded asset(s) to markdown upload
Created action-card resource: title='Urine catheter' description='Urine catheter' icon='28375baf9417458e9f8cd106380f78de' content='e41a0445201747a9b63179a1b502d0f1' language_id='7cf6efab-a9d7-54d2-2cbd-ec82efe4a7da' region='africa' content_type='adapted' created_by='frederikke@maternity.dk' level=None questions=None derived_from_id=None
  📎 Linking 1 embedded asset(s) to markdown upload
Created action-card resource: title='Urine catheter' description='Urine catheter' icon='28375baf9417458e9f8cd106380f78de' content='725fa05ea96148e6a90a024c1f4d828b' language_id='7cf6efab-a9d7-54d2-2cbd-ec82efe4a7da' region='africa' content_type='translated' created_by='frederikke@maternity.dk' level=None questions=None derived_from_id=None
  ℹ️  No screens translation found for 'procedure:urine-catheter_1487245590353', using original
Queuing procedure: res-procedure-urine-catheter (Source: 'Urine catheter')
Overwriting previous queue for 'res-procedure-urine-catheter' with language-specific version (lang: 7cf6efab-a9d7-54d2-2cbd-ec82efe4a7da)
Using cached asset_id: b0d4683ed0d14cb8a613433aaabfe1c9
Saved Markdown: /home/azureuser/test/content_migrator/data/temp_data/foetal_heart_rate_original.md
Saved Markdown: /home/azureuser/test/content_migrator/data/temp_data/foetal_heart_rate_adapted_africa.md
Saved Markdown: /home/azureuser/test/content_migrator/data/temp_data/foetal_heart_rate_translated_action_card.md
  📎 Linking 2 embedded asset(s) to markdown upload
Created action-card resource: title='Foetal heart rate' description='Foetal heart rate' icon='b0d4683ed0d14cb8a613433aaabfe1c9' content='598265cc9c314581b6ab6d53587ffd4b' language_id='7cf6efab-a9d7-54d2-2cbd-ec82efe4a7da' region='africa' content_type='original' created_by='natalia@maternity.dk' level=None questions=None derived_from_id=None
  📎 Linking 2 embedded asset(s) to markdown upload
Created action-card resource: title='Foetal heart rate' description='Foetal heart rate' icon='b0d4683ed0d14cb8a613433aaabfe1c9' content='d65e1c7d1bd347feac2c182f158d21e3' language_id='7cf6efab-a9d7-54d2-2cbd-ec82efe4a7da' region='africa' content_type='adapted' created_by='natalia@maternity.dk' level=None questions=None derived_from_id=None
  📎 Linking 2 embedded asset(s) to markdown upload
Created action-card resource: title='Foetal heart rate' description='Foetal heart rate' icon='b0d4683ed0d14cb8a613433aaabfe1c9' content='d79f99885ecd4042a7548c63e38385e8' language_id='7cf6efab-a9d7-54d2-2cbd-ec82efe4a7da' region='africa' content_type='translated' created_by='natalia@maternity.dk' level=None questions=None derived_from_id=None
  ℹ️  No screens translation found for 'procedure:foetal-heart-rate_1487245616159', using original
Queuing procedure: res-procedure-foetal-heart-rate (Source: 'Foetal heart rate')
Overwriting previous queue for 'res-procedure-foetal-heart-rate' with language-specific version (lang: 7cf6efab-a9d7-54d2-2cbd-ec82efe4a7da)
Using cached asset_id: 8e88e83cf2a647999ea17b3aaa7833b9
CACHED: Saved new asset_id '76efeff241384b9e8ef3bdde410e0536' for path 'https://sdacms.blob.core.windows.net/content/assets/images/africa/key learning points/Prolonged labour/correct_way_to_place_the_cup.png'
Saved Markdown: /home/azureuser/test/content_migrator/data/temp_data/vacuum_extractor_original.md
Saved Markdown: /home/azureuser/test/content_migrator/data/temp_data/vacuum_extractor_adapted_africa.md
Saved Markdown: /home/azureuser/test/content_migrator/data/temp_data/vacuum_extractor_translated_action_card.md
  📎 Linking 1 embedded asset(s) to markdown upload
Created action-card resource: title='Vacuum extractor' description='Vacuum extractor' icon='8e88e83cf2a647999ea17b3aaa7833b9' content='4e6a430b2e9c4cb783412181bfdd9773' language_id='7cf6efab-a9d7-54d2-2cbd-ec82efe4a7da' region='africa' content_type='original' created_by='natalia@maternity.dk' level=None questions=None derived_from_id=None
  📎 Linking 1 embedded asset(s) to markdown upload
Created action-card resource: title='Vacuum extractor' description='Vacuum extractor' icon='8e88e83cf2a647999ea17b3aaa7833b9' content='4740e0af8f0e4be6a8b56e25e8eb100c' language_id='7cf6efab-a9d7-54d2-2cbd-ec82efe4a7da' region='africa' content_type='adapted' created_by='natalia@maternity.dk' level=None questions=None derived_from_id=None
  📎 Linking 1 embedded asset(s) to markdown upload
Created action-card resource: title='Vacuum extractor' description='Vacuum extractor' icon='8e88e83cf2a647999ea17b3aaa7833b9' content='f53af9a0a679489c870aa168c2a78b35' language_id='7cf6efab-a9d7-54d2-2cbd-ec82efe4a7da' region='africa' content_type='translated' created_by='natalia@maternity.dk' level=None questions=None derived_from_id=None
  ℹ️  No screens translation found for 'procedure:vacuum-extractor_1487245649303', using original
Queuing procedure: res-procedure-vacuum-extractor (Source: 'Vacuum extractor')
  ℹ️  No procedures document found for key 'intravenous-access-equipment---adult_1771419718711' with langId='7cf6efab-a9d7-54d2-2cbd-ec82efe4a7da'.
  ⚠ SKIP: Localized procedure 'intravenous-access-equipment---adult_1771419718711' not found in 7cf6efab-a9d7-54d2-2cbd-ec82efe4a7da.
Using cached asset_id: 5b3cfad5cd2f4ca8aacb73e0a4ee3f7a
  ✓ Module icon uploaded for drugs: 5b3cfad5...
Mapping language:   7cf6efab-a9d7-54d2-2cbd-ec82efe4a7da
  DEBUG: Found 1 drugs in module
  ✓ Drug inheriting module icon: 5b3cfad5...
Saved Markdown: /home/azureuser/test/content_migrator/data/temp_data/oxytocin_original.md
Saved Markdown: /home/azureuser/test/content_migrator/data/temp_data/oxytocin_adapted_africa.md
Saved Markdown: /home/azureuser/test/content_migrator/data/temp_data/oxytocin_translated_action_card.md
Created action-card resource: title='Oxytocin' description='Oxytocin' icon='5b3cfad5cd2f4ca8aacb73e0a4ee3f7a' content='91eb7e75f7c248f9ae58a1a2c0b88c28' language_id='7cf6efab-a9d7-54d2-2cbd-ec82efe4a7da' region='africa' content_type='original' created_by='nanna@maternity.dk' level=None questions=None derived_from_id=None
Created action-card resource: title='Oxytocin' description='Oxytocin' icon='5b3cfad5cd2f4ca8aacb73e0a4ee3f7a' content='2c1eb87ffbb84ab2bb09e7e2eea7631f' language_id='7cf6efab-a9d7-54d2-2cbd-ec82efe4a7da' region='africa' content_type='adapted' created_by='nanna@maternity.dk' level=None questions=None derived_from_id=None
Created action-card resource: title='Oxytocin' description='Oxytocin' icon='5b3cfad5cd2f4ca8aacb73e0a4ee3f7a' content='f6b69341da71418c874af608b4753c14' language_id='7cf6efab-a9d7-54d2-2cbd-ec82efe4a7da' region='africa' content_type='translated' created_by='nanna@maternity.dk' level=None questions=None derived_from_id=None
  ℹ️  No screens translation found for 'drug:oxytocin_1487156988152', using original
Queuing drug: res-drug-oxytocin (Source: 'Oxytocin')
Overwriting previous queue for 'res-drug-oxytocin' with language-specific version (lang: 7cf6efab-a9d7-54d2-2cbd-ec82efe4a7da)
Mapping language:   7cf6efab-a9d7-54d2-2cbd-ec82efe4a7da
Using cached asset_id: ece30a852a384af0a563e34993ce9b03
  ✓ KLP question 1 icon uploaded: ece30a85...
  ℹ️  No screens translation found for 'key-learning-point:complication-prolonged-mother_1500303341759'
Queued KLP to klps.csv: klp-1-complication-prolonged-mother
Using cached asset_id: 0c335dc7767b490abc8233bbd8913015
  ✓ KLP question 1 icon uploaded: 0c335dc7...
  ℹ️  No screens translation found for 'key-learning-point:complication-prolonged-infant_1500303472241'
Queued KLP to klps.csv: klp-1-complication-prolonged-infant
Using cached asset_id: a47e432e749d43408d7a4cff4a1fcfc8
  ✓ KLP question 1 icon uploaded: a47e432e...
  ℹ️  No screens translation found for 'key-learning-point:meaning-of-prolonged_1500303544246'
Queued KLP to klps.csv: klp-2-causes
  ℹ️  No key-learning-points document found for key 'four-ps_1500303686918' with langId='7cf6efab-a9d7-54d2-2cbd-ec82efe4a7da'.
  ℹ️  No keyLearningPoints document found for key 'four-ps_1500303686918' with langId='7cf6efab-a9d7-54d2-2cbd-ec82efe4a7da'.
  ⚠ SKIP: Localized KLP 'four-ps_1500303686918' not found in 7cf6efab-a9d7-54d2-2cbd-ec82efe4a7da.
Using cached asset_id: 485c05ae660841fab24e0b56c2408134
  ✓ KLP question 1 icon uploaded: 485c05ae...
  ℹ️  No screens translation found for 'key-learning-point:power_1500303769050'
Queued KLP to klps.csv: klp-2-power
  ℹ️  No key-learning-points document found for key 'power-seconds_1500303835797' with langId='7cf6efab-a9d7-54d2-2cbd-ec82efe4a7da'.
  ℹ️  No keyLearningPoints document found for key 'power-seconds_1500303835797' with langId='7cf6efab-a9d7-54d2-2cbd-ec82efe4a7da'.
  ⚠ SKIP: Localized KLP 'power-seconds_1500303835797' not found in 7cf6efab-a9d7-54d2-2cbd-ec82efe4a7da.
Using cached asset_id: 4c9eb9d7534a4fe38a3cd76ce71e646e
  ✓ KLP question 1 icon uploaded: 4c9eb9d7...
  ℹ️  No screens translation found for 'key-learning-point:pelvis-passage_1500303897179'
Queued KLP to klps.csv: klp-3-pelvis-passage
Using cached asset_id: 6c0d0be1f2f744b5a3dc9ea7bf4feb88
  ✓ KLP question 1 icon uploaded: 6c0d0be1...
  ℹ️  No screens translation found for 'key-learning-point:small-pelvis_1500303985877'
Queued KLP to klps.csv: klp-3-small-pelvis
Using cached asset_id: b251e1e6316341f8b82bd6659c0034a7
  ✓ KLP question 1 icon uploaded: b251e1e6...
  ℹ️  No screens translation found for 'key-learning-point:small-pelvis-refer_1500304101224'
Queued KLP to klps.csv: klp-2-know-small-pelvis
  ℹ️  No key-learning-points document found for key 'passenger_1500304149296' with langId='7cf6efab-a9d7-54d2-2cbd-ec82efe4a7da'.
  ℹ️  No keyLearningPoints document found for key 'passenger_1500304149296' with langId='7cf6efab-a9d7-54d2-2cbd-ec82efe4a7da'.
  ⚠ SKIP: Localized KLP 'passenger_1500304149296' not found in 7cf6efab-a9d7-54d2-2cbd-ec82efe4a7da.
Using cached asset_id: 46d439d27e054f408772540f7baebefb
  ✓ KLP question 1 icon uploaded: 46d439d2...
  ℹ️  No screens translation found for 'key-learning-point:psyche_1500304254893'
Queued KLP to klps.csv: klp-3-psyche
  ℹ️  No key-learning-points document found for key 'normal-progression-first-stage_1500304315481' with langId='7cf6efab-a9d7-54d2-2cbd-ec82efe4a7da'.
  ℹ️  No keyLearningPoints document found for key 'normal-progression-first-stage_1500304315481' with langId='7cf6efab-a9d7-54d2-2cbd-ec82efe4a7da'.
  ⚠ SKIP: Localized KLP 'normal-progression-first-stage_1500304315481' not found in 7cf6efab-a9d7-54d2-2cbd-ec82efe4a7da.
  ℹ️  No key-learning-points document found for key 'false-labour_1500304449630' with langId='7cf6efab-a9d7-54d2-2cbd-ec82efe4a7da'.
  ℹ️  No keyLearningPoints document found for key 'false-labour_1500304449630' with langId='7cf6efab-a9d7-54d2-2cbd-ec82efe4a7da'.
  ⚠ SKIP: Localized KLP 'false-labour_1500304449630' not found in 7cf6efab-a9d7-54d2-2cbd-ec82efe4a7da.
  ℹ️  No key-learning-points document found for key 'false-labour-and-urinary-tract-infections_1500304515323' with langId='7cf6efab-a9d7-54d2-2cbd-ec82efe4a7da'.
  ℹ️  No keyLearningPoints document found for key 'false-labour-and-urinary-tract-infections_1500304515323' with langId='7cf6efab-a9d7-54d2-2cbd-ec82efe4a7da'.
  ⚠ SKIP: Localized KLP 'false-labour-and-urinary-tract-infections_1500304515323' not found in 7cf6efab-a9d7-54d2-2cbd-ec82efe4a7da.
  ℹ️  No key-learning-points document found for key 'start-of-active-phase_1500304605377' with langId='7cf6efab-a9d7-54d2-2cbd-ec82efe4a7da'.
  ℹ️  No keyLearningPoints document found for key 'start-of-active-phase_1500304605377' with langId='7cf6efab-a9d7-54d2-2cbd-ec82efe4a7da'.
  ⚠ SKIP: Localized KLP 'start-of-active-phase_1500304605377' not found in 7cf6efab-a9d7-54d2-2cbd-ec82efe4a7da.
  ℹ️  No key-learning-points document found for key 'start-partograph_1500304739350' with langId='7cf6efab-a9d7-54d2-2cbd-ec82efe4a7da'.
  ℹ️  No keyLearningPoints document found for key 'start-partograph_1500304739350' with langId='7cf6efab-a9d7-54d2-2cbd-ec82efe4a7da'.
  ⚠ SKIP: Localized KLP 'start-partograph_1500304739350' not found in 7cf6efab-a9d7-54d2-2cbd-ec82efe4a7da.
  ℹ️  No key-learning-points document found for key 'vaginal-examination-interval_1500304824357' with langId='7cf6efab-a9d7-54d2-2cbd-ec82efe4a7da'.
  ℹ️  No keyLearningPoints document found for key 'vaginal-examination-interval_1500304824357' with langId='7cf6efab-a9d7-54d2-2cbd-ec82efe4a7da'.
  ⚠ SKIP: Localized KLP 'vaginal-examination-interval_1500304824357' not found in 7cf6efab-a9d7-54d2-2cbd-ec82efe4a7da.
  ℹ️  No key-learning-points document found for key 'when-prolonged-first-labour_1500304876769' with langId='7cf6efab-a9d7-54d2-2cbd-ec82efe4a7da'.
  ℹ️  No keyLearningPoints document found for key 'when-prolonged-first-labour_1500304876769' with langId='7cf6efab-a9d7-54d2-2cbd-ec82efe4a7da'.
  ⚠ SKIP: Localized KLP 'when-prolonged-first-labour_1500304876769' not found in 7cf6efab-a9d7-54d2-2cbd-ec82efe4a7da.
  ℹ️  No key-learning-points document found for key 'action-for-prolonged-first-labour_1500304936911' with langId='7cf6efab-a9d7-54d2-2cbd-ec82efe4a7da'.
  ℹ️  No keyLearningPoints document found for key 'action-for-prolonged-first-labour_1500304936911' with langId='7cf6efab-a9d7-54d2-2cbd-ec82efe4a7da'.
  ⚠ SKIP: Localized KLP 'action-for-prolonged-first-labour_1500304936911' not found in 7cf6efab-a9d7-54d2-2cbd-ec82efe4a7da.
  ℹ️  No key-learning-points document found for key 'reassess-in-two-hours_1500305041698' with langId='7cf6efab-a9d7-54d2-2cbd-ec82efe4a7da'.
  ℹ️  No keyLearningPoints document found for key 'reassess-in-two-hours_1500305041698' with langId='7cf6efab-a9d7-54d2-2cbd-ec82efe4a7da'.
  ⚠ SKIP: Localized KLP 'reassess-in-two-hours_1500305041698' not found in 7cf6efab-a9d7-54d2-2cbd-ec82efe4a7da.
  ℹ️  No key-learning-points document found for key 'cervix-fully-dilated_1500305095706' with langId='7cf6efab-a9d7-54d2-2cbd-ec82efe4a7da'.
  ℹ️  No keyLearningPoints document found for key 'cervix-fully-dilated_1500305095706' with langId='7cf6efab-a9d7-54d2-2cbd-ec82efe4a7da'.
  ⚠ SKIP: Localized KLP 'cervix-fully-dilated_1500305095706' not found in 7cf6efab-a9d7-54d2-2cbd-ec82efe4a7da.
Using cached asset_id: a4ecf1e89987448387c1125cb4a62d7f
  ✓ KLP question 1 icon uploaded: a4ecf1e8...
  ℹ️  No screens translation found for 'key-learning-point:push_1500305543117'
Queued KLP to klps.csv: klp-1-pushing
Using cached asset_id: 8bfc0699feca4434a45890ed092149eb
  ✓ KLP question 1 icon uploaded: 8bfc0699...
  ℹ️  No screens translation found for 'key-learning-point:push-for-60-min_1500305592951'
Queued KLP to klps.csv: klp-3-push-how-long
  ℹ️  No key-learning-points document found for key 'vacuum-after-60-min_1500305658715' with langId='7cf6efab-a9d7-54d2-2cbd-ec82efe4a7da'.
  ℹ️  No keyLearningPoints document found for key 'vacuum-after-60-min_1500305658715' with langId='7cf6efab-a9d7-54d2-2cbd-ec82efe4a7da'.
  ⚠ SKIP: Localized KLP 'vacuum-after-60-min_1500305658715' not found in 7cf6efab-a9d7-54d2-2cbd-ec82efe4a7da.
Using cached asset_id: 5e8afe9194554a4582d5d97da8123ef8
  ✓ KLP question 1 icon uploaded: 5e8afe91...
  ℹ️  No screens translation found for 'key-learning-point:indication-for-vacuum-extraction-_1500305701962'
Queued KLP to klps.csv: klp-1-indication-for-vacuum
  ℹ️  No key-learning-points document found for key 'assess-of-fhr_1500305759343' with langId='7cf6efab-a9d7-54d2-2cbd-ec82efe4a7da'.
  ℹ️  No keyLearningPoints document found for key 'assess-of-fhr_1500305759343' with langId='7cf6efab-a9d7-54d2-2cbd-ec82efe4a7da'.
  ⚠ SKIP: Localized KLP 'assess-of-fhr_1500305759343' not found in 7cf6efab-a9d7-54d2-2cbd-ec82efe4a7da.
Using cached asset_id: aab8be5be6ac43909f6b6ebd2a96dacb
  ✓ KLP question 1 icon uploaded: aab8be5b...
  ℹ️  No screens translation found for 'key-learning-point:critical-fhr_1500305923791'
Queued KLP to klps.csv: klp-2-fhr-and-contractions
Using cached asset_id: 0644cbf2717b460a8196440a16d8d7b3
  ✓ KLP question 1 icon uploaded: 0644cbf2...
  ℹ️  No screens translation found for 'key-learning-point:condition-for-vacuum_1500305971761'
Queued KLP to klps.csv: klp-3-prerequisites-for-vacuum
  ℹ️  No key-learning-points document found for key 'ga-less-37-at-a-hospital_1500306017747' with langId='7cf6efab-a9d7-54d2-2cbd-ec82efe4a7da'.
  ℹ️  No keyLearningPoints document found for key 'ga-less-37-at-a-hospital_1500306017747' with langId='7cf6efab-a9d7-54d2-2cbd-ec82efe4a7da'.
  ⚠ SKIP: Localized KLP 'ga-less-37-at-a-hospital_1500306017747' not found in 7cf6efab-a9d7-54d2-2cbd-ec82efe4a7da.
Using cached asset_id: 78c28826b8df498fabe66d678eeab3fb
  ✓ KLP question 1 icon uploaded: 78c28826...
  ℹ️  No screens translation found for 'key-learning-point:risk-of-vacuum-extraction_1500306057945'
Queued KLP to klps.csv: klp-2-complications-to-vacuum-extraction
Using cached asset_id: 483a3aa165364bbfbaaf1e92d21026e4
  ✓ KLP question 1 icon uploaded: 483a3aa1...
  ℹ️  No screens translation found for 'key-learning-point:preparation-of-vacuum_1500306101811'
Queued KLP to klps.csv: klp-2-preparation-for-vacuum
  ℹ️  No key-learning-points document found for key 'address-the-patient_1500306177213' with langId='7cf6efab-a9d7-54d2-2cbd-ec82efe4a7da'.
  ℹ️  No keyLearningPoints document found for key 'address-the-patient_1500306177213' with langId='7cf6efab-a9d7-54d2-2cbd-ec82efe4a7da'.
  ⚠ SKIP: Localized KLP 'address-the-patient_1500306177213' not found in 7cf6efab-a9d7-54d2-2cbd-ec82efe4a7da.
  ℹ️  No key-learning-points document found for key 'flexion-point_1500306221884' with langId='7cf6efab-a9d7-54d2-2cbd-ec82efe4a7da'.
  ℹ️  No keyLearningPoints document found for key 'flexion-point_1500306221884' with langId='7cf6efab-a9d7-54d2-2cbd-ec82efe4a7da'.
  ⚠ SKIP: Localized KLP 'flexion-point_1500306221884' not found in 7cf6efab-a9d7-54d2-2cbd-ec82efe4a7da.
  ℹ️  No key-learning-points document found for key 'steady-traction_1500306294118' with langId='7cf6efab-a9d7-54d2-2cbd-ec82efe4a7da'.
  ℹ️  No keyLearningPoints document found for key 'steady-traction_1500306294118' with langId='7cf6efab-a9d7-54d2-2cbd-ec82efe4a7da'.
  ⚠ SKIP: Localized KLP 'steady-traction_1500306294118' not found in 7cf6efab-a9d7-54d2-2cbd-ec82efe4a7da.
Using cached asset_id: 0ce20bd7c6984905a67cc735eaf9d147
  ✓ KLP question 1 icon uploaded: 0ce20bd7...
  ℹ️  No screens translation found for 'key-learning-point:give-up-vacuum-delivery_1500306346908'
Queued KLP to klps.csv: klp-1-give-up-vacuum
  ℹ️  No key-learning-points document found for key 'incision-rarely_1500306426261' with langId='7cf6efab-a9d7-54d2-2cbd-ec82efe4a7da'.
  ℹ️  No keyLearningPoints document found for key 'incision-rarely_1500306426261' with langId='7cf6efab-a9d7-54d2-2cbd-ec82efe4a7da'.
  ⚠ SKIP: Localized KLP 'incision-rarely_1500306426261' not found in 7cf6efab-a9d7-54d2-2cbd-ec82efe4a7da.
  ℹ️  No key-learning-points document found for key 'performing-vacuum_1500306468033' with langId='7cf6efab-a9d7-54d2-2cbd-ec82efe4a7da'.
  ℹ️  No keyLearningPoints document found for key 'performing-vacuum_1500306468033' with langId='7cf6efab-a9d7-54d2-2cbd-ec82efe4a7da'.
  ⚠ SKIP: Localized KLP 'performing-vacuum_1500306468033' not found in 7cf6efab-a9d7-54d2-2cbd-ec82efe4a7da.
  ℹ️  No key-learning-points document found for key 'vacuum-extraction-fails_1500306519814' with langId='7cf6efab-a9d7-54d2-2cbd-ec82efe4a7da'.
  ℹ️  No keyLearningPoints document found for key 'vacuum-extraction-fails_1500306519814' with langId='7cf6efab-a9d7-54d2-2cbd-ec82efe4a7da'.
  ⚠ SKIP: Localized KLP 'vacuum-extraction-fails_1500306519814' not found in 7cf6efab-a9d7-54d2-2cbd-ec82efe4a7da.
  ℹ️  No key-learning-points document found for key 'cephalic-occiput-posterior_1504777759514' with langId='7cf6efab-a9d7-54d2-2cbd-ec82efe4a7da'.
  ℹ️  No keyLearningPoints document found for key 'cephalic-occiput-posterior_1504777759514' with langId='7cf6efab-a9d7-54d2-2cbd-ec82efe4a7da'.
  ⚠ SKIP: Localized KLP 'cephalic-occiput-posterior_1504777759514' not found in 7cf6efab-a9d7-54d2-2cbd-ec82efe4a7da.
Using cached asset_id: ae29402e29f1466f806652fac5e487c3
  ✓ KLP question 1 icon uploaded: ae29402e...
  ℹ️  No screens translation found for 'key-learning-point:more-comfortable_1504777788729'
Queued KLP to klps.csv: klp-3-more-comfortable
Using cached asset_id: 5f800424ab044d558bbebbb9640c96e2
  ✓ KLP question 1 icon uploaded: 5f800424...
  ℹ️  No screens translation found for 'key-learning-point:prolonged-first-stage-latent-phase_1504777971422'
Queued KLP to klps.csv: klp-3-prolonged-first-stage-latent-phase
  ℹ️  No key-learning-points document found for key 'contractions-causes-if-not-prolonged-latent-phase_1504777990862' with langId='7cf6efab-a9d7-54d2-2cbd-ec82efe4a7da'.
  ℹ️  No keyLearningPoints document found for key 'contractions-causes-if-not-prolonged-latent-phase_1504777990862' with langId='7cf6efab-a9d7-54d2-2cbd-ec82efe4a7da'.
  ⚠ SKIP: Localized KLP 'contractions-causes-if-not-prolonged-latent-phase_1504777990862' not found in 7cf6efab-a9d7-54d2-2cbd-ec82efe4a7da.
Using cached asset_id: a47e432e749d43408d7a4cff4a1fcfc8
  ✓ KLP question 1 icon uploaded: a47e432e...
  ℹ️  No screens translation found for 'key-learning-point:prolonged-first-stage-active-phase_1504778019268'
Queued KLP to klps.csv: klp-1-prolonged-first-stage-active-phase
Using cached asset_id: 814b63d5b0b94d24bc714ed0bbbff6f4
  ✓ KLP question 1 icon uploaded: 814b63d5...
  ℹ️  No screens translation found for 'key-learning-point:progress-of-labour_1504778029127'
Queued KLP to klps.csv: klp-2-progress-of-labour
Using cached asset_id: 19a12dd992494d3eb1fb6e098d9159de
  ✓ KLP question 1 icon uploaded: 19a12dd9...
  ℹ️  No screens translation found for 'key-learning-point:partograph-with-dilatation-between-alert-and-action-line-_1504778050950'
Queued KLP to klps.csv: klp-1-partograph-with-dilatation-between-alert-and-action-line
Using cached asset_id: 19a12dd992494d3eb1fb6e098d9159de
  ✓ KLP question 1 icon uploaded: 19a12dd9...
  ℹ️  No screens translation found for 'key-learning-point:cervical-dilatation_1504778060957'
Queued KLP to klps.csv: klp-2-cervical-dilatation
Using cached asset_id: aa82c79c65d24905af72326d161334d5
  ✓ KLP question 1 icon uploaded: aa82c79c...
  ℹ️  No screens translation found for 'key-learning-point:immediate-delivery_1504778233462'
Queued KLP to klps.csv: klp-1-immediate-delivery
Using cached asset_id: 1076e80056594d668ad7516fa94e01f5
  ✓ KLP question 1 icon uploaded: 1076e800...
  ℹ️  No screens translation found for 'key-learning-point:head-above-the-pubic-bone_1504778275952'
Queued KLP to klps.csv: klp-1-head-above-the-pubic-bone
  ℹ️  No key-learning-points document found for key 'posterior-fontanelle-where_1504778354078' with langId='7cf6efab-a9d7-54d2-2cbd-ec82efe4a7da'.
  ℹ️  No keyLearningPoints document found for key 'posterior-fontanelle-where_1504778354078' with langId='7cf6efab-a9d7-54d2-2cbd-ec82efe4a7da'.
  ⚠ SKIP: Localized KLP 'posterior-fontanelle-where_1504778354078' not found in 7cf6efab-a9d7-54d2-2cbd-ec82efe4a7da.
Using cached asset_id: 5e8afe9194554a4582d5d97da8123ef8
  ✓ KLP question 1 icon uploaded: 5e8afe91...
  ℹ️  No screens translation found for 'key-learning-point:posterior-fontanelle_1504778363034'
Queued KLP to klps.csv: klp-2-posterior-fontanelle
Using cached asset_id: 0ce20bd7c6984905a67cc735eaf9d147
  ✓ KLP question 1 icon uploaded: 0ce20bd7...
  ℹ️  No screens translation found for 'key-learning-point:placing-the-cup_1504778371941'
Queued KLP to klps.csv: klp-1-placing-the-cup
Using cached asset_id: 23691c032d894252be43b2aeeafd779b
  ✓ KLP question 1 icon uploaded: 23691c03...
  ℹ️  No screens translation found for 'key-learning-point:check-for-maternal-tissue_1504778388031'
Queued KLP to klps.csv: klp-1-check-for-maternal-tissue
Using cached asset_id: 78c28826b8df498fabe66d678eeab3fb
  ✓ KLP question 1 icon uploaded: 78c28826...
  ℹ️  No screens translation found for 'key-learning-point:flexion-point_1504778425046'
Queued KLP to klps.csv: klp-3-flexion-point
  ℹ️  No key-learning-points document found for key 'intact-perineum_1504778470373' with langId='7cf6efab-a9d7-54d2-2cbd-ec82efe4a7da'.
  ℹ️  No keyLearningPoints document found for key 'intact-perineum_1504778470373' with langId='7cf6efab-a9d7-54d2-2cbd-ec82efe4a7da'.
  ⚠ SKIP: Localized KLP 'intact-perineum_1504778470373' not found in 7cf6efab-a9d7-54d2-2cbd-ec82efe4a7da.
Using cached asset_id: 8bfc0699feca4434a45890ed092149eb
  ✓ KLP question 1 icon uploaded: 8bfc0699...
  ℹ️  No screens translation found for 'key-learning-point:prolonged-second-stage_1504778541913'
Queued KLP to klps.csv: klp-2-prolonged-second-stage
  Step 2: Queuing module payload with resource slugs...
Using cached asset_id: 5b3cfad5cd2f4ca8aacb73e0a4ee3f7a
Skipping previously failed asset: https://sdacms.blob.core.windows.net/content/assets/videos/english%20WHO/Prolonged%20labour/intro.mp4
Warning: Failed to process video asset: /english WHO/Prolonged labour/intro
Skipping previously failed asset: https://sdacms.blob.core.windows.net/content/assets/videos/english%20WHO/Prolonged%20labour/causes.mp4
Warning: Failed to process video asset: /english WHO/Prolonged labour/causes
Skipping previously failed asset: https://sdacms.blob.core.windows.net/content/assets/videos/english%20WHO/Prolonged%20labour/1st_stage_active_phase.mp4
Warning: Failed to process video asset: /english WHO/Prolonged labour/1st_stage_active_phase
Skipping previously failed asset: https://sdacms.blob.core.windows.net/content/assets/videos/english%20WHO/Prolonged%20labour/2nd_stage_prolonged.mp4
Warning: Failed to process video asset: /english WHO/Prolonged labour/2nd_stage_prolonged
Skipping previously failed asset: https://sdacms.blob.core.windows.net/content/assets/videos/english%20WHO/Prolonged%20labour/2nd_stage_vacuum_extraction.mp4
Warning: Failed to process video asset: /english WHO/Prolonged labour/2nd_stage_vacuum_extraction
  → Using bundle description fallback for translated module
  → Queued module 'Prolonged Labour' -> /home/azureuser/test/content_migrator/data/processed_data/modules.csv
  → Found English title from Cosmos (key='post-partum-hemorrhage_1487678905876'): 'Post Partum Hemorrhage'
[ModuleMigrator] Using Cosmos doc resource lists for TRANSLATED module 'post-partum-hemorrhage_1487678905876' (lang: 7cf6efab-a9d7-54d2-2cbd-ec82efe4a7da)
  actionCards: 6 keys
  procedures: 6 keys
  drugs: 9 keys
  keyLearningPoints: 36 keys
  videos: 10 keys
  ⚠ STRUCTURAL VIOLATION: Global identity document not found in Cosmos for localized module 'post-partum-hemorrhage'. Proceeding with placeholder title: Post Partum Hemorrhage
  Step 1: Preparing module resources (queue)...
Loaded 511 existing resource mappings
Mapping language:   7cf6efab-a9d7-54d2-2cbd-ec82efe4a7da
  DEBUG: Found 10 videos in module
Downloading video asset from https://sdacms.blob.core.windows.net/content/assets/videos/english%20WHO/Post%20partum%20hemorrage/intro.mp4
Error downloading video asset https://sdacms.blob.core.windows.net/content/assets/videos/english%20WHO/Post%20partum%20hemorrage/intro.mp4: 404 Client Error: The specified blob does not exist. for url: https://sdacms.blob.core.windows.net/content/assets/videos/english%20WHO/Post%20partum%20hemorrage/intro.mp4
Video icon URL: english%20WHO/Post%20partum%20hemorrage/intro
Video icon URL: english%20WHO/Post%20partum%20hemorrage/intro
Downloading video_icon asset from https://sdacms.blob.core.windows.net/content/assets/videos/english%20WHO/Post%20partum%20hemorrage/intro.png
Error downloading video_icon asset https://sdacms.blob.core.windows.net/content/assets/videos/english%20WHO/Post%20partum%20hemorrage/intro.png: 404 Client Error: The specified blob does not exist. for url: https://sdacms.blob.core.windows.net/content/assets/videos/english%20WHO/Post%20partum%20hemorrage/intro.png
Skipping video '/english WHO/Post partum hemorrage/intro' - missing asset upload
Downloading video asset from https://sdacms.blob.core.windows.net/content/assets/videos/english%20WHO/Post%20partum%20hemorrage/causes_of_bleeding.mp4
Error downloading video asset https://sdacms.blob.core.windows.net/content/assets/videos/english%20WHO/Post%20partum%20hemorrage/causes_of_bleeding.mp4: 404 Client Error: The specified blob does not exist. for url: https://sdacms.blob.core.windows.net/content/assets/videos/english%20WHO/Post%20partum%20hemorrage/causes_of_bleeding.mp4
Video icon URL: english%20WHO/Post%20partum%20hemorrage/causes_of_bleeding
Video icon URL: english%20WHO/Post%20partum%20hemorrage/causes_of_bleeding
Downloading video_icon asset from https://sdacms.blob.core.windows.net/content/assets/videos/english%20WHO/Post%20partum%20hemorrage/causes_of_bleeding.png
Error downloading video_icon asset https://sdacms.blob.core.windows.net/content/assets/videos/english%20WHO/Post%20partum%20hemorrage/causes_of_bleeding.png: 404 Client Error: The specified blob does not exist. for url: https://sdacms.blob.core.windows.net/content/assets/videos/english%20WHO/Post%20partum%20hemorrage/causes_of_bleeding.png
Skipping video '/english WHO/Post partum hemorrage/causes_of_bleeding' - missing asset upload
Downloading video asset from https://sdacms.blob.core.windows.net/content/assets/videos/english%20WHO/Post%20partum%20hemorrage/immediate_management.mp4
Error downloading video asset https://sdacms.blob.core.windows.net/content/assets/videos/english%20WHO/Post%20partum%20hemorrage/immediate_management.mp4: 404 Client Error: The specified blob does not exist. for url: https://sdacms.blob.core.windows.net/content/assets/videos/english%20WHO/Post%20partum%20hemorrage/immediate_management.mp4
Video icon URL: english%20WHO/Post%20partum%20hemorrage/immediate_management
Video icon URL: english%20WHO/Post%20partum%20hemorrage/immediate_management
Downloading video_icon asset from https://sdacms.blob.core.windows.net/content/assets/videos/english%20WHO/Post%20partum%20hemorrage/immediate_management.png
Error downloading video_icon asset https://sdacms.blob.core.windows.net/content/assets/videos/english%20WHO/Post%20partum%20hemorrage/immediate_management.png: 404 Client Error: The specified blob does not exist. for url: https://sdacms.blob.core.windows.net/content/assets/videos/english%20WHO/Post%20partum%20hemorrage/immediate_management.png
Skipping video '/english WHO/Post partum hemorrage/immediate_management' - missing asset upload
Downloading video asset from https://sdacms.blob.core.windows.net/content/assets/videos/english%20WHO/Post%20partum%20hemorrage/bimanual_compression.mp4
Error downloading video asset https://sdacms.blob.core.windows.net/content/assets/videos/english%20WHO/Post%20partum%20hemorrage/bimanual_compression.mp4: 404 Client Error: The specified blob does not exist. for url: https://sdacms.blob.core.windows.net/content/assets/videos/english%20WHO/Post%20partum%20hemorrage/bimanual_compression.mp4
Video icon URL: english%20WHO/Post%20partum%20hemorrage/bimanual_compression
Video icon URL: english%20WHO/Post%20partum%20hemorrage/bimanual_compression
Downloading video_icon asset from https://sdacms.blob.core.windows.net/content/assets/videos/english%20WHO/Post%20partum%20hemorrage/bimanual_compression.png
Error downloading video_icon asset https://sdacms.blob.core.windows.net/content/assets/videos/english%20WHO/Post%20partum%20hemorrage/bimanual_compression.png: 404 Client Error: The specified blob does not exist. for url: https://sdacms.blob.core.windows.net/content/assets/videos/english%20WHO/Post%20partum%20hemorrage/bimanual_compression.png
Skipping video '/english WHO/Post partum hemorrage/bimanual_compression' - missing asset upload
Downloading video asset from https://sdacms.blob.core.windows.net/content/assets/videos/english%20WHO/Post%20partum%20hemorrage/aorta_compression.mp4
Error downloading video asset https://sdacms.blob.core.windows.net/content/assets/videos/english%20WHO/Post%20partum%20hemorrage/aorta_compression.mp4: 404 Client Error: The specified blob does not exist. for url: https://sdacms.blob.core.windows.net/content/assets/videos/english%20WHO/Post%20partum%20hemorrage/aorta_compression.mp4
Video icon URL: english%20WHO/Post%20partum%20hemorrage/aorta_compression
Video icon URL: english%20WHO/Post%20partum%20hemorrage/aorta_compression
Downloading video_icon asset from https://sdacms.blob.core.windows.net/content/assets/videos/english%20WHO/Post%20partum%20hemorrage/aorta_compression.png
Error downloading video_icon asset https://sdacms.blob.core.windows.net/content/assets/videos/english%20WHO/Post%20partum%20hemorrage/aorta_compression.png: 404 Client Error: The specified blob does not exist. for url: https://sdacms.blob.core.windows.net/content/assets/videos/english%20WHO/Post%20partum%20hemorrage/aorta_compression.png
Skipping video '/english WHO/Post partum hemorrage/aorta_compression' - missing asset upload
Downloading video asset from https://sdacms.blob.core.windows.net/content/assets/videos/english%20WHO/Post%20partum%20hemorrage/uterine_balloon_tamponade.mp4
Error downloading video asset https://sdacms.blob.core.windows.net/content/assets/videos/english%20WHO/Post%20partum%20hemorrage/uterine_balloon_tamponade.mp4: 404 Client Error: The specified blob does not exist. for url: https://sdacms.blob.core.windows.net/content/assets/videos/english%20WHO/Post%20partum%20hemorrage/uterine_balloon_tamponade.mp4
Video icon URL: english%20WHO/Post%20partum%20hemorrage/uterine_balloon_tamponade
Video icon URL: english%20WHO/Post%20partum%20hemorrage/uterine_balloon_tamponade
Downloading video_icon asset from https://sdacms.blob.core.windows.net/content/assets/videos/english%20WHO/Post%20partum%20hemorrage/uterine_balloon_tamponade.png
Error downloading video_icon asset https://sdacms.blob.core.windows.net/content/assets/videos/english%20WHO/Post%20partum%20hemorrage/uterine_balloon_tamponade.png: 404 Client Error: The specified blob does not exist. for url: https://sdacms.blob.core.windows.net/content/assets/videos/english%20WHO/Post%20partum%20hemorrage/uterine_balloon_tamponade.png
Skipping video '/english WHO/Post partum hemorrage/uterine_balloon_tamponade' - missing asset upload
Downloading video asset from https://sdacms.blob.core.windows.net/content/assets/videos/english%20WHO/Post%20partum%20hemorrage/bleeding_tears.mp4
Error downloading video asset https://sdacms.blob.core.windows.net/content/assets/videos/english%20WHO/Post%20partum%20hemorrage/bleeding_tears.mp4: 404 Client Error: The specified blob does not exist. for url: https://sdacms.blob.core.windows.net/content/assets/videos/english%20WHO/Post%20partum%20hemorrage/bleeding_tears.mp4
Video icon URL: english%20WHO/Post%20partum%20hemorrage/bleeding_tears
Video icon URL: english%20WHO/Post%20partum%20hemorrage/bleeding_tears
Downloading video_icon asset from https://sdacms.blob.core.windows.net/content/assets/videos/english%20WHO/Post%20partum%20hemorrage/bleeding_tears.png
Error downloading video_icon asset https://sdacms.blob.core.windows.net/content/assets/videos/english%20WHO/Post%20partum%20hemorrage/bleeding_tears.png: 404 Client Error: The specified blob does not exist. for url: https://sdacms.blob.core.windows.net/content/assets/videos/english%20WHO/Post%20partum%20hemorrage/bleeding_tears.png
Skipping video '/english WHO/Post partum hemorrage/bleeding_tears' - missing asset upload
Downloading video asset from https://sdacms.blob.core.windows.net/content/assets/videos/english%20WHO/Post%20partum%20hemorrage/retained_placenta_fragments.mp4
Error downloading video asset https://sdacms.blob.core.windows.net/content/assets/videos/english%20WHO/Post%20partum%20hemorrage/retained_placenta_fragments.mp4: 404 Client Error: The specified blob does not exist. for url: https://sdacms.blob.core.windows.net/content/assets/videos/english%20WHO/Post%20partum%20hemorrage/retained_placenta_fragments.mp4
Video icon URL: english%20WHO/Post%20partum%20hemorrage/retained_placenta_fragments
Video icon URL: english%20WHO/Post%20partum%20hemorrage/retained_placenta_fragments
Downloading video_icon asset from https://sdacms.blob.core.windows.net/content/assets/videos/english%20WHO/Post%20partum%20hemorrage/retained_placenta_fragments.png
Error downloading video_icon asset https://sdacms.blob.core.windows.net/content/assets/videos/english%20WHO/Post%20partum%20hemorrage/retained_placenta_fragments.png: 404 Client Error: The specified blob does not exist. for url: https://sdacms.blob.core.windows.net/content/assets/videos/english%20WHO/Post%20partum%20hemorrage/retained_placenta_fragments.png
Skipping video '/english WHO/Post partum hemorrage/retained_placenta_fragments' - missing asset upload
Downloading video asset from https://sdacms.blob.core.windows.net/content/assets/videos/english%20WHO/Post%20partum%20hemorrage/emergency_management_for_shock.mp4
Error downloading video asset https://sdacms.blob.core.windows.net/content/assets/videos/english%20WHO/Post%20partum%20hemorrage/emergency_management_for_shock.mp4: 404 Client Error: The specified blob does not exist. for url: https://sdacms.blob.core.windows.net/content/assets/videos/english%20WHO/Post%20partum%20hemorrage/emergency_management_for_shock.mp4
Video icon URL: english%20WHO/Post%20partum%20hemorrage/emergency_management_for_shock
Video icon URL: english%20WHO/Post%20partum%20hemorrage/emergency_management_for_shock
Downloading video_icon asset from https://sdacms.blob.core.windows.net/content/assets/videos/english%20WHO/Post%20partum%20hemorrage/emergency_management_for_shock.png
Error downloading video_icon asset https://sdacms.blob.core.windows.net/content/assets/videos/english%20WHO/Post%20partum%20hemorrage/emergency_management_for_shock.png: 404 Client Error: The specified blob does not exist. for url: https://sdacms.blob.core.windows.net/content/assets/videos/english%20WHO/Post%20partum%20hemorrage/emergency_management_for_shock.png
Skipping video '/english WHO/Post partum hemorrage/emergency_management_for_shock' - missing asset upload
Downloading video asset from https://sdacms.blob.core.windows.net/content/assets/videos/english%20WHO/Post%20partum%20hemorrage/monitoring_after_bleeding.mp4
Error downloading video asset https://sdacms.blob.core.windows.net/content/assets/videos/english%20WHO/Post%20partum%20hemorrage/monitoring_after_bleeding.mp4: 404 Client Error: The specified blob does not exist. for url: https://sdacms.blob.core.windows.net/content/assets/videos/english%20WHO/Post%20partum%20hemorrage/monitoring_after_bleeding.mp4
Video icon URL: english%20WHO/Post%20partum%20hemorrage/monitoring_after_bleeding
Video icon URL: english%20WHO/Post%20partum%20hemorrage/monitoring_after_bleeding
Downloading video_icon asset from https://sdacms.blob.core.windows.net/content/assets/videos/english%20WHO/Post%20partum%20hemorrage/monitoring_after_bleeding.png
Error downloading video_icon asset https://sdacms.blob.core.windows.net/content/assets/videos/english%20WHO/Post%20partum%20hemorrage/monitoring_after_bleeding.png: 404 Client Error: The specified blob does not exist. for url: https://sdacms.blob.core.windows.net/content/assets/videos/english%20WHO/Post%20partum%20hemorrage/monitoring_after_bleeding.png
Skipping video '/english WHO/Post partum hemorrage/monitoring_after_bleeding' - missing asset upload
  DEBUG: Found 6 action cards in module
Mapping language:   7cf6efab-a9d7-54d2-2cbd-ec82efe4a7da
Using cached asset_id: 9210dd87f1bd43dd85ab40979207f33b
Saved Markdown: /home/azureuser/test/content_migrator/data/temp_data/pph_bundle_of_care_original.md
Saved Markdown: /home/azureuser/test/content_migrator/data/temp_data/pph_bundle_of_care_adapted_africa.md
Saved Markdown: /home/azureuser/test/content_migrator/data/temp_data/pph_bundle_of_care_translated_action_card.md
Created action-card resource: title='PPH bundle of care' description='PPH bundle of care' icon='9210dd87f1bd43dd85ab40979207f33b' content='a79449c1088e4594b5da9aae91fa938e' language_id='7cf6efab-a9d7-54d2-2cbd-ec82efe4a7da' region='africa' content_type='original' created_by='natalia@maternity.dk' level=None questions=None derived_from_id=None
Created action-card resource: title='PPH bundle of care' description='PPH bundle of care' icon='9210dd87f1bd43dd85ab40979207f33b' content='e9b001f557d1448dbfc56622afcf2bdb' language_id='7cf6efab-a9d7-54d2-2cbd-ec82efe4a7da' region='africa' content_type='adapted' created_by='natalia@maternity.dk' level=None questions=None derived_from_id=None
Created action-card resource: title='PPH bundle of care' description='PPH bundle of care' icon='9210dd87f1bd43dd85ab40979207f33b' content='5924e445bb80418e8466436add2b5087' language_id='7cf6efab-a9d7-54d2-2cbd-ec82efe4a7da' region='africa' content_type='translated' created_by='natalia@maternity.dk' level=None questions=None derived_from_id=None
  ℹ️  No screens translation found for 'action-card:pph-bundle-of-care-_1718712278911', using original
Queuing action-card: res-action-card-pph-bundle-of-care (Source: 'PPH bundle of care')
Mapping language:   7cf6efab-a9d7-54d2-2cbd-ec82efe4a7da
Using cached asset_id: 7670a727546b447ea161ba2f0be23f4d
Saved Markdown: /home/azureuser/test/content_migrator/data/temp_data/post_partum_hemorrage_uterus_original.md
Saved Markdown: /home/azureuser/test/content_migrator/data/temp_data/post_partum_hemorrage_uterus_adapted_africa.md
Saved Markdown: /home/azureuser/test/content_migrator/data/temp_data/post_partum_hemorrage_uterus_translated_action_card.md
Created action-card resource: title='Post Partum Hemorrage Uterus' description='Post Partum Hemorrage Uterus' icon='7670a727546b447ea161ba2f0be23f4d' content='7877f720d99f43a9981b811345bb7ead' language_id='7cf6efab-a9d7-54d2-2cbd-ec82efe4a7da' region='africa' content_type='original' created_by='juliemollar@maternity.dk' level=None questions=None derived_from_id=None
Created action-card resource: title='Post Partum Hemorrage Uterus' description='Post Partum Hemorrage Uterus' icon='7670a727546b447ea161ba2f0be23f4d' content='dae8bdae111d4acb935456c490227489' language_id='7cf6efab-a9d7-54d2-2cbd-ec82efe4a7da' region='africa' content_type='adapted' created_by='juliemollar@maternity.dk' level=None questions=None derived_from_id=None
Created action-card resource: title='Post Partum Hemorrage Uterus' description='Post Partum Hemorrage Uterus' icon='7670a727546b447ea161ba2f0be23f4d' content='5f77c77c42d64b12b754cd97827dac41' language_id='7cf6efab-a9d7-54d2-2cbd-ec82efe4a7da' region='africa' content_type='translated' created_by='juliemollar@maternity.dk' level=None questions=None derived_from_id=None
  ℹ️  No screens translation found for 'action-card:1-uterus_1486846813345', using original
Queuing action-card: res-action-card-post-partum-hemorrage-uterus (Source: 'Post Partum Hemorrage Uterus')
  ⚠ SKIP: Localized action card 'head---postpartum-haemorrhage-new_1747829313822' not found in 7cf6efab-a9d7-54d2-2cbd-ec82efe4a7da.
Mapping language:   7cf6efab-a9d7-54d2-2cbd-ec82efe4a7da
Using cached asset_id: bbeb7ed04da648cf8ea303b6b1c24789
Saved Markdown: /home/azureuser/test/content_migrator/data/temp_data/post_partum_hemorrage_arms_original.md
Saved Markdown: /home/azureuser/test/content_migrator/data/temp_data/post_partum_hemorrage_arms_adapted_africa.md
Saved Markdown: /home/azureuser/test/content_migrator/data/temp_data/post_partum_hemorrage_arms_translated_action_card.md
Created action-card resource: title='Post Partum Hemorrage Arms' description='Post Partum Hemorrage Arms' icon='bbeb7ed04da648cf8ea303b6b1c24789' content='ac02ce235ec745998b670e081b201e56' language_id='7cf6efab-a9d7-54d2-2cbd-ec82efe4a7da' region='africa' content_type='original' created_by='natalia@maternity.dk' level=None questions=None derived_from_id=None
Created action-card resource: title='Post Partum Hemorrage Arms' description='Post Partum Hemorrage Arms' icon='bbeb7ed04da648cf8ea303b6b1c24789' content='9060728fa76b486492867288bee5524d' language_id='7cf6efab-a9d7-54d2-2cbd-ec82efe4a7da' region='africa' content_type='adapted' created_by='natalia@maternity.dk' level=None questions=None derived_from_id=None
Created action-card resource: title='Post Partum Hemorrage Arms' description='Post Partum Hemorrage Arms' icon='bbeb7ed04da648cf8ea303b6b1c24789' content='93d19dd1f24a4ac7a8e404d944098a56' language_id='7cf6efab-a9d7-54d2-2cbd-ec82efe4a7da' region='africa' content_type='translated' created_by='natalia@maternity.dk' level=None questions=None derived_from_id=None
  ℹ️  No screens translation found for 'action-card:3-arms_1486846769297', using original
Queuing action-card: res-action-card-post-partum-hemorrage-arms (Source: 'Post Partum Hemorrage Arms')
Mapping language:   7cf6efab-a9d7-54d2-2cbd-ec82efe4a7da
Using cached asset_id: 6945af35328445df9bf4f3ae4542daf6
Saved Markdown: /home/azureuser/test/content_migrator/data/temp_data/treatment_of_anaemia_after_pph_original.md
Saved Markdown: /home/azureuser/test/content_migrator/data/temp_data/treatment_of_anaemia_after_pph_adapted_africa.md
Saved Markdown: /home/azureuser/test/content_migrator/data/temp_data/treatment_of_anaemia_after_pph_translated_action_card.md
Created action-card resource: title='Treatment of anaemia after PPH' description='Treatment of anaemia after PPH' icon='6945af35328445df9bf4f3ae4542daf6' content='6ae2618de036452d9dd2f15cb3588912' language_id='7cf6efab-a9d7-54d2-2cbd-ec82efe4a7da' region='africa' content_type='original' created_by='natalia@maternity.dk' level=None questions=None derived_from_id=None
Created action-card resource: title='Treatment of anaemia after PPH' description='Treatment of anaemia after PPH' icon='6945af35328445df9bf4f3ae4542daf6' content='638c743ddfb4462d86bedb3dda522767' language_id='7cf6efab-a9d7-54d2-2cbd-ec82efe4a7da' region='africa' content_type='adapted' created_by='natalia@maternity.dk' level=None questions=None derived_from_id=None
Created action-card resource: title='Treatment of anaemia after PPH' description='Treatment of anaemia after PPH' icon='6945af35328445df9bf4f3ae4542daf6' content='982dd6917cf241fca15211339793a442' language_id='7cf6efab-a9d7-54d2-2cbd-ec82efe4a7da' region='africa' content_type='translated' created_by='natalia@maternity.dk' level=None questions=None derived_from_id=None
  ℹ️  No screens translation found for 'action-card:treatment-of-anaemia-after-pph_1588247313465', using original
Queuing action-card: res-action-card-treatment-of-anaemia-after-pph (Source: 'Treatment of anaemia after PPH')
Mapping language:   7cf6efab-a9d7-54d2-2cbd-ec82efe4a7da
Using cached asset_id: 5c7e7afdce7d4b84952e58208235ba8d
Saved Markdown: /home/azureuser/test/content_migrator/data/temp_data/emergency_referral_post_partum_hemorrhage_original.md
Saved Markdown: /home/azureuser/test/content_migrator/data/temp_data/emergency_referral_post_partum_hemorrhage_adapted_africa.md
Saved Markdown: /home/azureuser/test/content_migrator/data/temp_data/emergency_referral_post_partum_hemorrhage_translated_action_card.md
  📎 Linking 1 embedded asset(s) to markdown upload
Created action-card resource: title='Emergency Referral - Post Partum Hemorrhage' description='Emergency Referral - Post Partum Hemorrhage' icon='5c7e7afdce7d4b84952e58208235ba8d' content='5e8121912e474587b469e10302cbae28' language_id='7cf6efab-a9d7-54d2-2cbd-ec82efe4a7da' region='africa' content_type='original' created_by='natalia@maternity.dk' level=None questions=None derived_from_id=None
  📎 Linking 1 embedded asset(s) to markdown upload
Created action-card resource: title='Emergency Referral - Post Partum Hemorrhage' description='Emergency Referral - Post Partum Hemorrhage' icon='5c7e7afdce7d4b84952e58208235ba8d' content='55bf74164f3f411187c6097eea9226dc' language_id='7cf6efab-a9d7-54d2-2cbd-ec82efe4a7da' region='africa' content_type='adapted' created_by='natalia@maternity.dk' level=None questions=None derived_from_id=None
  📎 Linking 1 embedded asset(s) to markdown upload
Created action-card resource: title='Emergency Referral - Post Partum Hemorrhage' description='Emergency Referral - Post Partum Hemorrhage' icon='5c7e7afdce7d4b84952e58208235ba8d' content='94bba2fb63434e3caac2e94cac6cad45' language_id='7cf6efab-a9d7-54d2-2cbd-ec82efe4a7da' region='africa' content_type='translated' created_by='natalia@maternity.dk' level=None questions=None derived_from_id=None
  ✓ Screens translation for action-card description: 'Emergency Referral - Post Partum Haemorrhage...'
Queuing action-card: res-action-card-emergency-referral-post-partum-hemorrhage (Source: 'Emergency Referral - Post Partum Hemorrhage')
Mapping language:   7cf6efab-a9d7-54d2-2cbd-ec82efe4a7da
  DEBUG: Found 6 procedures in module
Using cached asset_id: c6eca11140c04a879252fd96d643c23b
Saved Markdown: /home/azureuser/test/content_migrator/data/temp_data/early_detection_of_pph_original.md
Saved Markdown: /home/azureuser/test/content_migrator/data/temp_data/early_detection_of_pph_adapted_africa.md
Saved Markdown: /home/azureuser/test/content_migrator/data/temp_data/early_detection_of_pph_translated_action_card.md
  📎 Linking 2 embedded asset(s) to markdown upload
Created action-card resource: title='Early detection of PPH' description='Early detection of PPH' icon='c6eca11140c04a879252fd96d643c23b' content='6e1f1ca7558c4852a9aa5ad38cc1f953' language_id='7cf6efab-a9d7-54d2-2cbd-ec82efe4a7da' region='africa' content_type='original' created_by='natalia@maternity.dk' level=None questions=None derived_from_id=None
  📎 Linking 2 embedded asset(s) to markdown upload
Created action-card resource: title='Early detection of PPH' description='Early detection of PPH' icon='c6eca11140c04a879252fd96d643c23b' content='0489ed4625fd4884a762f7615ef0dc63' language_id='7cf6efab-a9d7-54d2-2cbd-ec82efe4a7da' region='africa' content_type='adapted' created_by='natalia@maternity.dk' level=None questions=None derived_from_id=None
  📎 Linking 2 embedded asset(s) to markdown upload
Created action-card resource: title='Early detection of PPH' description='Early detection of PPH' icon='c6eca11140c04a879252fd96d643c23b' content='3f1dac0192824e9098f2632d87f0ca68' language_id='7cf6efab-a9d7-54d2-2cbd-ec82efe4a7da' region='africa' content_type='translated' created_by='natalia@maternity.dk' level=None questions=None derived_from_id=None
  ℹ️  No screens translation found for 'procedure:early-detection-of-pph-_1718708547760', using original
Queuing procedure: res-procedure-early-detection-of-pph (Source: 'Early detection of PPH')
Overwriting previous queue for 'res-procedure-early-detection-of-pph' with language-specific version (lang: 7cf6efab-a9d7-54d2-2cbd-ec82efe4a7da)
Using cached asset_id: 28375baf9417458e9f8cd106380f78de
Saved Markdown: /home/azureuser/test/content_migrator/data/temp_data/urine_catheter_original.md
Saved Markdown: /home/azureuser/test/content_migrator/data/temp_data/urine_catheter_adapted_africa.md
Saved Markdown: /home/azureuser/test/content_migrator/data/temp_data/urine_catheter_translated_action_card.md
  📎 Linking 1 embedded asset(s) to markdown upload
Created action-card resource: title='Urine catheter' description='Urine catheter' icon='28375baf9417458e9f8cd106380f78de' content='6372768578dc4e6387ba59996a9c130b' language_id='7cf6efab-a9d7-54d2-2cbd-ec82efe4a7da' region='africa' content_type='original' created_by='frederikke@maternity.dk' level=None questions=None derived_from_id=None
  📎 Linking 1 embedded asset(s) to markdown upload
Created action-card resource: title='Urine catheter' description='Urine catheter' icon='28375baf9417458e9f8cd106380f78de' content='ec6cbc75ba6f47ee8c60736397b17efc' language_id='7cf6efab-a9d7-54d2-2cbd-ec82efe4a7da' region='africa' content_type='adapted' created_by='frederikke@maternity.dk' level=None questions=None derived_from_id=None
  📎 Linking 1 embedded asset(s) to markdown upload
Created action-card resource: title='Urine catheter' description='Urine catheter' icon='28375baf9417458e9f8cd106380f78de' content='80fd36dde30644858f29c9a1def96221' language_id='7cf6efab-a9d7-54d2-2cbd-ec82efe4a7da' region='africa' content_type='translated' created_by='frederikke@maternity.dk' level=None questions=None derived_from_id=None
  ℹ️  No screens translation found for 'procedure:urine-catheter_1487245590353', using original
Queuing procedure: res-procedure-urine-catheter (Source: 'Urine catheter')
Overwriting previous queue for 'res-procedure-urine-catheter' with language-specific version (lang: 7cf6efab-a9d7-54d2-2cbd-ec82efe4a7da)
Using cached asset_id: 6c00b061926a46d1ae29e5985c017917
Saved Markdown: /home/azureuser/test/content_migrator/data/temp_data/intramuscular_injection_im_original.md
Saved Markdown: /home/azureuser/test/content_migrator/data/temp_data/intramuscular_injection_im_adapted_africa.md
Saved Markdown: /home/azureuser/test/content_migrator/data/temp_data/intramuscular_injection_im_translated_action_card.md
  📎 Linking 2 embedded asset(s) to markdown upload
Created action-card resource: title='Intramuscular Injection (IM)' description='Intramuscular Injection (IM)' icon='6c00b061926a46d1ae29e5985c017917' content='01564ecd4e724d94b56026bc3b9671f8' language_id='7cf6efab-a9d7-54d2-2cbd-ec82efe4a7da' region='africa' content_type='original' created_by='natalia@maternity.dk' level=None questions=None derived_from_id=None
  📎 Linking 2 embedded asset(s) to markdown upload
Created action-card resource: title='Intramuscular Injection (IM)' description='Intramuscular Injection (IM)' icon='6c00b061926a46d1ae29e5985c017917' content='de53e490c37147d19bcdce714d8e1178' language_id='7cf6efab-a9d7-54d2-2cbd-ec82efe4a7da' region='africa' content_type='adapted' created_by='natalia@maternity.dk' level=None questions=None derived_from_id=None
  📎 Linking 2 embedded asset(s) to markdown upload
Created action-card resource: title='Intramuscular Injection (IM)' description='Intramuscular Injection (IM)' icon='6c00b061926a46d1ae29e5985c017917' content='2cea30e71b054d949482e7a13cad5c15' language_id='7cf6efab-a9d7-54d2-2cbd-ec82efe4a7da' region='africa' content_type='translated' created_by='natalia@maternity.dk' level=None questions=None derived_from_id=None
  ℹ️  No screens translation found for 'procedure:intramuscular-injection-im-_1712143699749', using original
Queuing procedure: res-procedure-intramuscular-injection-im (Source: 'Intramuscular Injection (IM)')
Overwriting previous queue for 'res-procedure-intramuscular-injection-im' with language-specific version (lang: 7cf6efab-a9d7-54d2-2cbd-ec82efe4a7da)
Using cached asset_id: 87aed72a6a4d4931bdedaa595cf66949
CACHED: Saved new asset_id '73cff7dbdb1f4747aca1a756912e92f5' for path 'https://sdacms.blob.core.windows.net/content/assets/images/africa/richtext/AC_comdom_balloon_tamponade_mounting.png'
CACHED: Saved new asset_id '47daff6fcd3f40ea931b61a49df48976' for path 'https://sdacms.blob.core.windows.net/content/assets/images/africa/richtext/AC_comdom_balloon_tamponade_insert_1.png'
CACHED: Saved new asset_id '25bde3fc0d8740b986540bd167a829cd' for path 'https://sdacms.blob.core.windows.net/content/assets/images/africa/richtext/AC_comdom_balloon_tamponade_insert_2.png'
Saved Markdown: /home/azureuser/test/content_migrator/data/temp_data/condom_balloon_tamponade_original.md
Saved Markdown: /home/azureuser/test/content_migrator/data/temp_data/condom_balloon_tamponade_adapted_africa.md
Saved Markdown: /home/azureuser/test/content_migrator/data/temp_data/condom_balloon_tamponade_translated_action_card.md
  📎 Linking 3 embedded asset(s) to markdown upload
Created action-card resource: title='Condom Balloon Tamponade' description='Condom Balloon Tamponade' icon='87aed72a6a4d4931bdedaa595cf66949' content='f5f4b0e9827f47648456212e39336087' language_id='7cf6efab-a9d7-54d2-2cbd-ec82efe4a7da' region='africa' content_type='original' created_by='nanna@maternity.dk' level=None questions=None derived_from_id=None
  📎 Linking 3 embedded asset(s) to markdown upload
Created action-card resource: title='Condom Balloon Tamponade' description='Condom Balloon Tamponade' icon='87aed72a6a4d4931bdedaa595cf66949' content='487e30f62cdd4aa8b95bb4d6c09ee10b' language_id='7cf6efab-a9d7-54d2-2cbd-ec82efe4a7da' region='africa' content_type='adapted' created_by='nanna@maternity.dk' level=None questions=None derived_from_id=None
  📎 Linking 3 embedded asset(s) to markdown upload
Created action-card resource: title='Condom Balloon Tamponade' description='Condom Balloon Tamponade' icon='87aed72a6a4d4931bdedaa595cf66949' content='8231cecd07804b27b064212f73d5c210' language_id='7cf6efab-a9d7-54d2-2cbd-ec82efe4a7da' region='africa' content_type='translated' created_by='nanna@maternity.dk' level=None questions=None derived_from_id=None
  ℹ️  No screens translation found for 'procedure:condom-balloon-tamponade_1490714664807', using original
Queuing procedure: res-procedure-condom-balloon-tamponade (Source: 'Condom Balloon Tamponade')
Using cached asset_id: 3a707794c31a4e15b602431d1f7da16a
CACHED: Saved new asset_id '954afdd899a34b8fbb4269a04dfe8542' for path 'https://sdacms.blob.core.windows.net/content/assets/images/africa/richtext/AC_NASG.png'
Saved Markdown: /home/azureuser/test/content_migrator/data/temp_data/non_pneumatic_anti_shock_garment_original.md
Saved Markdown: /home/azureuser/test/content_migrator/data/temp_data/non_pneumatic_anti_shock_garment_adapted_africa.md
Saved Markdown: /home/azureuser/test/content_migrator/data/temp_data/non_pneumatic_anti_shock_garment_translated_action_card.md
  📎 Linking 1 embedded asset(s) to markdown upload
Created action-card resource: title='Non-pneumatic anti-shock garment' description='Non-pneumatic anti-shock garment' icon='3a707794c31a4e15b602431d1f7da16a' content='1056fc4217cb499dbf6dd45e0361faec' language_id='7cf6efab-a9d7-54d2-2cbd-ec82efe4a7da' region='africa' content_type='original' created_by='natalia@maternity.dk' level=None questions=None derived_from_id=None
  📎 Linking 1 embedded asset(s) to markdown upload
Created action-card resource: title='Non-pneumatic anti-shock garment' description='Non-pneumatic anti-shock garment' icon='3a707794c31a4e15b602431d1f7da16a' content='d269c3225be24e07a02bb4fecebac7ab' language_id='7cf6efab-a9d7-54d2-2cbd-ec82efe4a7da' region='africa' content_type='adapted' created_by='natalia@maternity.dk' level=None questions=None derived_from_id=None
  📎 Linking 1 embedded asset(s) to markdown upload
Created action-card resource: title='Non-pneumatic anti-shock garment' description='Non-pneumatic anti-shock garment' icon='3a707794c31a4e15b602431d1f7da16a' content='ec034ced7e184cfcade5a3bb19bcad53' language_id='7cf6efab-a9d7-54d2-2cbd-ec82efe4a7da' region='africa' content_type='translated' created_by='natalia@maternity.dk' level=None questions=None derived_from_id=None
  ℹ️  No screens translation found for 'procedure:non-pneumatic-anti-shock-garment-_1588750722253', using original
Queuing procedure: res-procedure-non-pneumatic-anti-shock-garment (Source: 'Non-pneumatic anti-shock garment')
  ℹ️  No procedures document found for key 'intravenous-access-equipment---adult_1771419718711' with langId='7cf6efab-a9d7-54d2-2cbd-ec82efe4a7da'.
  ⚠ SKIP: Localized procedure 'intravenous-access-equipment---adult_1771419718711' not found in 7cf6efab-a9d7-54d2-2cbd-ec82efe4a7da.
Using cached asset_id: 34cbac7db7124cbeb253d91151572992
  ✓ Module icon uploaded for drugs: 34cbac7d...
Mapping language:   7cf6efab-a9d7-54d2-2cbd-ec82efe4a7da
  DEBUG: Found 9 drugs in module
  ✓ Drug inheriting module icon: 34cbac7d...
Saved Markdown: /home/azureuser/test/content_migrator/data/temp_data/oxytocin_original.md
Saved Markdown: /home/azureuser/test/content_migrator/data/temp_data/oxytocin_adapted_africa.md
Saved Markdown: /home/azureuser/test/content_migrator/data/temp_data/oxytocin_translated_action_card.md
Created action-card resource: title='Oxytocin' description='Oxytocin' icon='34cbac7db7124cbeb253d91151572992' content='5f963feea5c14eb9a4efe01e9e280eaf' language_id='7cf6efab-a9d7-54d2-2cbd-ec82efe4a7da' region='africa' content_type='original' created_by='nanna@maternity.dk' level=None questions=None derived_from_id=None
Created action-card resource: title='Oxytocin' description='Oxytocin' icon='34cbac7db7124cbeb253d91151572992' content='de360146bdee40beaac9a370f97544f8' language_id='7cf6efab-a9d7-54d2-2cbd-ec82efe4a7da' region='africa' content_type='adapted' created_by='nanna@maternity.dk' level=None questions=None derived_from_id=None
Created action-card resource: title='Oxytocin' description='Oxytocin' icon='34cbac7db7124cbeb253d91151572992' content='cece0ed74e6141a0a2654bbb4dc0a364' language_id='7cf6efab-a9d7-54d2-2cbd-ec82efe4a7da' region='africa' content_type='translated' created_by='nanna@maternity.dk' level=None questions=None derived_from_id=None
  ℹ️  No screens translation found for 'drug:oxytocin_1487156988152', using original
Queuing drug: res-drug-oxytocin (Source: 'Oxytocin')
Overwriting previous queue for 'res-drug-oxytocin' with language-specific version (lang: 7cf6efab-a9d7-54d2-2cbd-ec82efe4a7da)
  ✓ Drug inheriting module icon: 34cbac7d...
Saved Markdown: /home/azureuser/test/content_migrator/data/temp_data/ergometrine_original.md
Saved Markdown: /home/azureuser/test/content_migrator/data/temp_data/ergometrine_adapted_africa.md
Saved Markdown: /home/azureuser/test/content_migrator/data/temp_data/ergometrine_translated_action_card.md
Created action-card resource: title='Ergometrine' description='Ergometrine' icon='34cbac7db7124cbeb253d91151572992' content='f155760967e0451692f26c773d4bb7b4' language_id='7cf6efab-a9d7-54d2-2cbd-ec82efe4a7da' region='africa' content_type='original' created_by='nanna@maternity.dk' level=None questions=None derived_from_id=None
Created action-card resource: title='Ergometrine' description='Ergometrine' icon='34cbac7db7124cbeb253d91151572992' content='ce7a6552413f482a9d86c3733ae4e117' language_id='7cf6efab-a9d7-54d2-2cbd-ec82efe4a7da' region='africa' content_type='adapted' created_by='nanna@maternity.dk' level=None questions=None derived_from_id=None
Created action-card resource: title='Ergometrine' description='Ergometrine' icon='34cbac7db7124cbeb253d91151572992' content='4de5d669c7654d63884c2a33ed0790d8' language_id='7cf6efab-a9d7-54d2-2cbd-ec82efe4a7da' region='africa' content_type='translated' created_by='nanna@maternity.dk' level=None questions=None derived_from_id=None
  ℹ️  No screens translation found for 'drug:ergometrine_1487103846814', using original
Queuing drug: res-drug-ergometrine (Source: 'Ergometrine')
Overwriting previous queue for 'res-drug-ergometrine' with language-specific version (lang: 7cf6efab-a9d7-54d2-2cbd-ec82efe4a7da)
  ✓ Drug inheriting module icon: 34cbac7d...
Saved Markdown: /home/azureuser/test/content_migrator/data/temp_data/misoprostol_original.md
Saved Markdown: /home/azureuser/test/content_migrator/data/temp_data/misoprostol_adapted_africa.md
Saved Markdown: /home/azureuser/test/content_migrator/data/temp_data/misoprostol_translated_action_card.md
Created action-card resource: title='Misoprostol' description='Misoprostol' icon='34cbac7db7124cbeb253d91151572992' content='b8ca0a97c7714fd5b7065b73d41f4758' language_id='7cf6efab-a9d7-54d2-2cbd-ec82efe4a7da' region='africa' content_type='original' created_by='nanna@maternity.dk' level=None questions=None derived_from_id=None
Created action-card resource: title='Misoprostol' description='Misoprostol' icon='34cbac7db7124cbeb253d91151572992' content='4072ca207b5c4f899805d43294f93a38' language_id='7cf6efab-a9d7-54d2-2cbd-ec82efe4a7da' region='africa' content_type='adapted' created_by='nanna@maternity.dk' level=None questions=None derived_from_id=None
Created action-card resource: title='Misoprostol' description='Misoprostol' icon='34cbac7db7124cbeb253d91151572992' content='733979e255214f5fadadaac4d839af81' language_id='7cf6efab-a9d7-54d2-2cbd-ec82efe4a7da' region='africa' content_type='translated' created_by='nanna@maternity.dk' level=None questions=None derived_from_id=None
  ℹ️  No screens translation found for 'drug:misoprostol_1487112562173', using original
Queuing drug: res-drug-misoprostol (Source: 'Misoprostol')
Overwriting previous queue for 'res-drug-misoprostol' with language-specific version (lang: 7cf6efab-a9d7-54d2-2cbd-ec82efe4a7da)
  ✓ Drug inheriting module icon: 34cbac7d...
Saved Markdown: /home/azureuser/test/content_migrator/data/temp_data/morphine_original.md
Saved Markdown: /home/azureuser/test/content_migrator/data/temp_data/morphine_adapted_africa.md
Saved Markdown: /home/azureuser/test/content_migrator/data/temp_data/morphine_translated_action_card.md
Created action-card resource: title='Morphine' description='Morphine' icon='34cbac7db7124cbeb253d91151572992' content='ac609340e42c491b92c8cd9fbb8bd546' language_id='7cf6efab-a9d7-54d2-2cbd-ec82efe4a7da' region='africa' content_type='original' created_by='nanna@maternity.dk' level=None questions=None derived_from_id=None
Created action-card resource: title='Morphine' description='Morphine' icon='34cbac7db7124cbeb253d91151572992' content='9c26670aa9a3447bba2fbdc8e1a7b51b' language_id='7cf6efab-a9d7-54d2-2cbd-ec82efe4a7da' region='africa' content_type='adapted' created_by='nanna@maternity.dk' level=None questions=None derived_from_id=None
Created action-card resource: title='Morphine' description='Morphine' icon='34cbac7db7124cbeb253d91151572992' content='d9586a9244b940b5b8b89469694e39ba' language_id='7cf6efab-a9d7-54d2-2cbd-ec82efe4a7da' region='africa' content_type='translated' created_by='nanna@maternity.dk' level=None questions=None derived_from_id=None
  ℹ️  No screens translation found for 'drug:morphine_1487151518002', using original
Queuing drug: res-drug-morphine (Source: 'Morphine')
Overwriting previous queue for 'res-drug-morphine' with language-specific version (lang: 7cf6efab-a9d7-54d2-2cbd-ec82efe4a7da)
  ✓ Drug inheriting module icon: 34cbac7d...
Saved Markdown: /home/azureuser/test/content_migrator/data/temp_data/diazepam_original.md
Saved Markdown: /home/azureuser/test/content_migrator/data/temp_data/diazepam_adapted_africa.md
Saved Markdown: /home/azureuser/test/content_migrator/data/temp_data/diazepam_translated_action_card.md
Created action-card resource: title='Diazepam' description='Diazepam' icon='34cbac7db7124cbeb253d91151572992' content='e09928e04c8b477f8f6e5e2b25778520' language_id='7cf6efab-a9d7-54d2-2cbd-ec82efe4a7da' region='africa' content_type='original' created_by='nanna@maternity.dk' level=None questions=None derived_from_id=None
Created action-card resource: title='Diazepam' description='Diazepam' icon='34cbac7db7124cbeb253d91151572992' content='223882fb1aea453ba9726f8b8d92ed7e' language_id='7cf6efab-a9d7-54d2-2cbd-ec82efe4a7da' region='africa' content_type='adapted' created_by='nanna@maternity.dk' level=None questions=None derived_from_id=None
Created action-card resource: title='Diazepam' description='Diazepam' icon='34cbac7db7124cbeb253d91151572992' content='c090251736f344e896d3aa7c4916007e' language_id='7cf6efab-a9d7-54d2-2cbd-ec82efe4a7da' region='africa' content_type='translated' created_by='nanna@maternity.dk' level=None questions=None derived_from_id=None
  ℹ️  No screens translation found for 'drug:diazepam_1487102080825', using original
Queuing drug: res-drug-diazepam (Source: 'Diazepam')
Overwriting previous queue for 'res-drug-diazepam' with language-specific version (lang: 7cf6efab-a9d7-54d2-2cbd-ec82efe4a7da)
  ✓ Drug inheriting module icon: 34cbac7d...
Saved Markdown: /home/azureuser/test/content_migrator/data/temp_data/ampicillin_original.md
Saved Markdown: /home/azureuser/test/content_migrator/data/temp_data/ampicillin_adapted_africa.md
Saved Markdown: /home/azureuser/test/content_migrator/data/temp_data/ampicillin_translated_action_card.md
Created action-card resource: title='Ampicillin' description='Ampicillin' icon='34cbac7db7124cbeb253d91151572992' content='966aaf01603c479a90376e3659e1a658' language_id='7cf6efab-a9d7-54d2-2cbd-ec82efe4a7da' region='africa' content_type='original' created_by='nanna@maternity.dk' level=None questions=None derived_from_id=None
Created action-card resource: title='Ampicillin' description='Ampicillin' icon='34cbac7db7124cbeb253d91151572992' content='705a9d0063da41e8be74c8f0a5df2a40' language_id='7cf6efab-a9d7-54d2-2cbd-ec82efe4a7da' region='africa' content_type='adapted' created_by='nanna@maternity.dk' level=None questions=None derived_from_id=None
Created action-card resource: title='Ampicillin' description='Ampicillin' icon='34cbac7db7124cbeb253d91151572992' content='a7072570c3454ad98255fa3029d961b4' language_id='7cf6efab-a9d7-54d2-2cbd-ec82efe4a7da' region='africa' content_type='translated' created_by='nanna@maternity.dk' level=None questions=None derived_from_id=None
  ℹ️  No screens translation found for 'drug:ampicillin_1486975748548', using original
Queuing drug: res-drug-ampicillin (Source: 'Ampicillin')
Overwriting previous queue for 'res-drug-ampicillin' with language-specific version (lang: 7cf6efab-a9d7-54d2-2cbd-ec82efe4a7da)
  ✓ Drug inheriting module icon: 34cbac7d...
Saved Markdown: /home/azureuser/test/content_migrator/data/temp_data/iron_original.md
Saved Markdown: /home/azureuser/test/content_migrator/data/temp_data/iron_adapted_africa.md
Saved Markdown: /home/azureuser/test/content_migrator/data/temp_data/iron_translated_action_card.md
Created action-card resource: title='Iron' description='Iron' icon='34cbac7db7124cbeb253d91151572992' content='847de9edfee84064b8ca205121890f92' language_id='7cf6efab-a9d7-54d2-2cbd-ec82efe4a7da' region='africa' content_type='original' created_by='nanna@maternity.dk' level=None questions=None derived_from_id=None
Created action-card resource: title='Iron' description='Iron' icon='34cbac7db7124cbeb253d91151572992' content='0e68ee9e2084482092c00f14b9c08562' language_id='7cf6efab-a9d7-54d2-2cbd-ec82efe4a7da' region='africa' content_type='adapted' created_by='nanna@maternity.dk' level=None questions=None derived_from_id=None
Created action-card resource: title='Iron' description='Iron' icon='34cbac7db7124cbeb253d91151572992' content='e3171dfe55834b7cb42c6cf02a839f0a' language_id='7cf6efab-a9d7-54d2-2cbd-ec82efe4a7da' region='africa' content_type='translated' created_by='nanna@maternity.dk' level=None questions=None derived_from_id=None
  ℹ️  No screens translation found for 'drug:iron_1487110835869', using original
Queuing drug: res-drug-iron (Source: 'Iron')
Overwriting previous queue for 'res-drug-iron' with language-specific version (lang: 7cf6efab-a9d7-54d2-2cbd-ec82efe4a7da)
  ✓ Drug inheriting module icon: 34cbac7d...
Saved Markdown: /home/azureuser/test/content_migrator/data/temp_data/tranexamic_acid_original.md
Saved Markdown: /home/azureuser/test/content_migrator/data/temp_data/tranexamic_acid_adapted_africa.md
Saved Markdown: /home/azureuser/test/content_migrator/data/temp_data/tranexamic_acid_translated_action_card.md
Created action-card resource: title='Tranexamic Acid' description='Tranexamic Acid' icon='34cbac7db7124cbeb253d91151572992' content='db4ed352cab24d568ce47c81215bc890' language_id='7cf6efab-a9d7-54d2-2cbd-ec82efe4a7da' region='africa' content_type='original' created_by='nanna@maternity.dk' level=None questions=None derived_from_id=None
Created action-card resource: title='Tranexamic Acid' description='Tranexamic Acid' icon='34cbac7db7124cbeb253d91151572992' content='c5866eb903fd4db4ae2cf00f77c2d754' language_id='7cf6efab-a9d7-54d2-2cbd-ec82efe4a7da' region='africa' content_type='adapted' created_by='nanna@maternity.dk' level=None questions=None derived_from_id=None
Created action-card resource: title='Tranexamic Acid' description='Tranexamic Acid' icon='34cbac7db7124cbeb253d91151572992' content='47678f3aebca4097bd8596d54b427622' language_id='7cf6efab-a9d7-54d2-2cbd-ec82efe4a7da' region='africa' content_type='translated' created_by='nanna@maternity.dk' level=None questions=None derived_from_id=None
  ℹ️  No screens translation found for 'drug:tranexamic-acid_1490713231363', using original
Queuing drug: res-drug-tranexamic-acid (Source: 'Tranexamic Acid')
  ✓ Drug inheriting module icon: 34cbac7d...
Saved Markdown: /home/azureuser/test/content_migrator/data/temp_data/lidocaine_original.md
Saved Markdown: /home/azureuser/test/content_migrator/data/temp_data/lidocaine_adapted_africa.md
Saved Markdown: /home/azureuser/test/content_migrator/data/temp_data/lidocaine_translated_action_card.md
Created action-card resource: title='Lidocaine' description='Lidocaine' icon='34cbac7db7124cbeb253d91151572992' content='e64cc4a57e034035ab9efb4f103ea70e' language_id='7cf6efab-a9d7-54d2-2cbd-ec82efe4a7da' region='africa' content_type='original' created_by='nanna@maternity.dk' level=None questions=None derived_from_id=None
Created action-card resource: title='Lidocaine' description='Lidocaine' icon='34cbac7db7124cbeb253d91151572992' content='ef78a743e2ea4ccc9f801eda53da8c4b' language_id='7cf6efab-a9d7-54d2-2cbd-ec82efe4a7da' region='africa' content_type='adapted' created_by='nanna@maternity.dk' level=None questions=None derived_from_id=None
Created action-card resource: title='Lidocaine' description='Lidocaine' icon='34cbac7db7124cbeb253d91151572992' content='1eb88cd68c1543269a7798b11383d3ef' language_id='7cf6efab-a9d7-54d2-2cbd-ec82efe4a7da' region='africa' content_type='translated' created_by='nanna@maternity.dk' level=None questions=None derived_from_id=None
  ℹ️  No screens translation found for 'drug:lidocaine_1494407526870', using original
Queuing drug: res-drug-lidocaine (Source: 'Lidocaine')
Overwriting previous queue for 'res-drug-lidocaine' with language-specific version (lang: 7cf6efab-a9d7-54d2-2cbd-ec82efe4a7da)
Mapping language:   7cf6efab-a9d7-54d2-2cbd-ec82efe4a7da
  ℹ️  No key-learning-points document found for key 'maternal-death-_1504532310198' with langId='7cf6efab-a9d7-54d2-2cbd-ec82efe4a7da'.
  ℹ️  No keyLearningPoints document found for key 'maternal-death-_1504532310198' with langId='7cf6efab-a9d7-54d2-2cbd-ec82efe4a7da'.
  ⚠ SKIP: Localized KLP 'maternal-death-_1504532310198' not found in 7cf6efab-a9d7-54d2-2cbd-ec82efe4a7da.
  ℹ️  No key-learning-points document found for key 'loss-of-tone_1504532426966' with langId='7cf6efab-a9d7-54d2-2cbd-ec82efe4a7da'.
  ℹ️  No keyLearningPoints document found for key 'loss-of-tone_1504532426966' with langId='7cf6efab-a9d7-54d2-2cbd-ec82efe4a7da'.
  ⚠ SKIP: Localized KLP 'loss-of-tone_1504532426966' not found in 7cf6efab-a9d7-54d2-2cbd-ec82efe4a7da.
Using cached asset_id: fb1811010f1a41ac8da8b6f183c323a1
  ✓ KLP question 1 icon uploaded: fb181101...
  ℹ️  No screens translation found for 'key-learning-point:call-for-help-then-stop-the-bleeding-_1504532471069'
Queued KLP to klps.csv: klp-1-call-for-help-then-stop-the-bleeding
  ℹ️  No key-learning-points document found for key 'symptoms-for-pph_1504532547937' with langId='7cf6efab-a9d7-54d2-2cbd-ec82efe4a7da'.
  ℹ️  No keyLearningPoints document found for key 'symptoms-for-pph_1504532547937' with langId='7cf6efab-a9d7-54d2-2cbd-ec82efe4a7da'.
  ⚠ SKIP: Localized KLP 'symptoms-for-pph_1504532547937' not found in 7cf6efab-a9d7-54d2-2cbd-ec82efe4a7da.
  ℹ️  No key-learning-points document found for key 'occult-bleeding_1504532588274' with langId='7cf6efab-a9d7-54d2-2cbd-ec82efe4a7da'.
  ℹ️  No keyLearningPoints document found for key 'occult-bleeding_1504532588274' with langId='7cf6efab-a9d7-54d2-2cbd-ec82efe4a7da'.
  ⚠ SKIP: Localized KLP 'occult-bleeding_1504532588274' not found in 7cf6efab-a9d7-54d2-2cbd-ec82efe4a7da.
  ℹ️  No key-learning-points document found for key 'moderate-bleeding---characteristics-_1504532614848' with langId='7cf6efab-a9d7-54d2-2cbd-ec82efe4a7da'.
  ℹ️  No keyLearningPoints document found for key 'moderate-bleeding---characteristics-_1504532614848' with langId='7cf6efab-a9d7-54d2-2cbd-ec82efe4a7da'.
  ⚠ SKIP: Localized KLP 'moderate-bleeding---characteristics-_1504532614848' not found in 7cf6efab-a9d7-54d2-2cbd-ec82efe4a7da.
Using cached asset_id: 1fb648f0f5a5415bb0e370f1831471bd
  ✓ KLP question 1 icon uploaded: 1fb648f0...
  ℹ️  No screens translation found for 'key-learning-point:what-would-you-do-within-15-minutes-at-moderate-bleeding-directly-after-birth_1643195036244'
Queued KLP to klps.csv: klp-3-7-pph-moderate-bleeding
  ℹ️  No key-learning-points document found for key 'uterine-massage-_1504532689921' with langId='7cf6efab-a9d7-54d2-2cbd-ec82efe4a7da'.
  ℹ️  No keyLearningPoints document found for key 'uterine-massage-_1504532689921' with langId='7cf6efab-a9d7-54d2-2cbd-ec82efe4a7da'.
  ⚠ SKIP: Localized KLP 'uterine-massage-_1504532689921' not found in 7cf6efab-a9d7-54d2-2cbd-ec82efe4a7da.
  ℹ️  No key-learning-points document found for key 'empty-the-bladder-_1504532728261' with langId='7cf6efab-a9d7-54d2-2cbd-ec82efe4a7da'.
  ℹ️  No keyLearningPoints document found for key 'empty-the-bladder-_1504532728261' with langId='7cf6efab-a9d7-54d2-2cbd-ec82efe4a7da'.
  ⚠ SKIP: Localized KLP 'empty-the-bladder-_1504532728261' not found in 7cf6efab-a9d7-54d2-2cbd-ec82efe4a7da.
  ℹ️  No key-learning-points document found for key 'vital-signs_1504532772329' with langId='7cf6efab-a9d7-54d2-2cbd-ec82efe4a7da'.
  ℹ️  No keyLearningPoints document found for key 'vital-signs_1504532772329' with langId='7cf6efab-a9d7-54d2-2cbd-ec82efe4a7da'.
  ⚠ SKIP: Localized KLP 'vital-signs_1504532772329' not found in 7cf6efab-a9d7-54d2-2cbd-ec82efe4a7da.
  ℹ️  No key-learning-points document found for key 'strong-bleeding--characteristics_1504532942008' with langId='7cf6efab-a9d7-54d2-2cbd-ec82efe4a7da'.
  ℹ️  No keyLearningPoints document found for key 'strong-bleeding--characteristics_1504532942008' with langId='7cf6efab-a9d7-54d2-2cbd-ec82efe4a7da'.
  ⚠ SKIP: Localized KLP 'strong-bleeding--characteristics_1504532942008' not found in 7cf6efab-a9d7-54d2-2cbd-ec82efe4a7da.
  ℹ️  No key-learning-points document found for key 'bimanual-compression_1504532979962' with langId='7cf6efab-a9d7-54d2-2cbd-ec82efe4a7da'.
  ℹ️  No keyLearningPoints document found for key 'bimanual-compression_1504532979962' with langId='7cf6efab-a9d7-54d2-2cbd-ec82efe4a7da'.
  ⚠ SKIP: Localized KLP 'bimanual-compression_1504532979962' not found in 7cf6efab-a9d7-54d2-2cbd-ec82efe4a7da.
  ℹ️  No key-learning-points document found for key 'bimanual-compression-procedure_1504533043410' with langId='7cf6efab-a9d7-54d2-2cbd-ec82efe4a7da'.
  ℹ️  No keyLearningPoints document found for key 'bimanual-compression-procedure_1504533043410' with langId='7cf6efab-a9d7-54d2-2cbd-ec82efe4a7da'.
  ⚠ SKIP: Localized KLP 'bimanual-compression-procedure_1504533043410' not found in 7cf6efab-a9d7-54d2-2cbd-ec82efe4a7da.
  ℹ️  No key-learning-points document found for key 'bimanual-compression-type-of-gloves-_1504533076462' with langId='7cf6efab-a9d7-54d2-2cbd-ec82efe4a7da'.
  ℹ️  No keyLearningPoints document found for key 'bimanual-compression-type-of-gloves-_1504533076462' with langId='7cf6efab-a9d7-54d2-2cbd-ec82efe4a7da'.
  ⚠ SKIP: Localized KLP 'bimanual-compression-type-of-gloves-_1504533076462' not found in 7cf6efab-a9d7-54d2-2cbd-ec82efe4a7da.
  ℹ️  No key-learning-points document found for key 'pph-drugs_1504533111438' with langId='7cf6efab-a9d7-54d2-2cbd-ec82efe4a7da'.
  ℹ️  No keyLearningPoints document found for key 'pph-drugs_1504533111438' with langId='7cf6efab-a9d7-54d2-2cbd-ec82efe4a7da'.
  ⚠ SKIP: Localized KLP 'pph-drugs_1504533111438' not found in 7cf6efab-a9d7-54d2-2cbd-ec82efe4a7da.
  ℹ️  No key-learning-points document found for key 'misoprostol-_1504533151987' with langId='7cf6efab-a9d7-54d2-2cbd-ec82efe4a7da'.
  ℹ️  No keyLearningPoints document found for key 'misoprostol-_1504533151987' with langId='7cf6efab-a9d7-54d2-2cbd-ec82efe4a7da'.
  ⚠ SKIP: Localized KLP 'misoprostol-_1504533151987' not found in 7cf6efab-a9d7-54d2-2cbd-ec82efe4a7da.
  ℹ️  No key-learning-points document found for key 'ergometrine-_1504533241147' with langId='7cf6efab-a9d7-54d2-2cbd-ec82efe4a7da'.
  ℹ️  No keyLearningPoints document found for key 'ergometrine-_1504533241147' with langId='7cf6efab-a9d7-54d2-2cbd-ec82efe4a7da'.
  ⚠ SKIP: Localized KLP 'ergometrine-_1504533241147' not found in 7cf6efab-a9d7-54d2-2cbd-ec82efe4a7da.
  ℹ️  No key-learning-points document found for key 'prioritize-manual-maneuvers_1504533285341' with langId='7cf6efab-a9d7-54d2-2cbd-ec82efe4a7da'.
  ℹ️  No keyLearningPoints document found for key 'prioritize-manual-maneuvers_1504533285341' with langId='7cf6efab-a9d7-54d2-2cbd-ec82efe4a7da'.
  ⚠ SKIP: Localized KLP 'prioritize-manual-maneuvers_1504533285341' not found in 7cf6efab-a9d7-54d2-2cbd-ec82efe4a7da.
  ℹ️  No key-learning-points document found for key 'bleeding-from-a-vaginal-tear-_1504533312898' with langId='7cf6efab-a9d7-54d2-2cbd-ec82efe4a7da'.
  ℹ️  No keyLearningPoints document found for key 'bleeding-from-a-vaginal-tear-_1504533312898' with langId='7cf6efab-a9d7-54d2-2cbd-ec82efe4a7da'.
  ⚠ SKIP: Localized KLP 'bleeding-from-a-vaginal-tear-_1504533312898' not found in 7cf6efab-a9d7-54d2-2cbd-ec82efe4a7da.
  ℹ️  No key-learning-points document found for key 'always-do-a-rectal-exploration-_1504533348068' with langId='7cf6efab-a9d7-54d2-2cbd-ec82efe4a7da'.
  ℹ️  No keyLearningPoints document found for key 'always-do-a-rectal-exploration-_1504533348068' with langId='7cf6efab-a9d7-54d2-2cbd-ec82efe4a7da'.
  ⚠ SKIP: Localized KLP 'always-do-a-rectal-exploration-_1504533348068' not found in 7cf6efab-a9d7-54d2-2cbd-ec82efe4a7da.
  ℹ️  No key-learning-points document found for key 'placental-tissue-missing-_1504533398776' with langId='7cf6efab-a9d7-54d2-2cbd-ec82efe4a7da'.
  ℹ️  No keyLearningPoints document found for key 'placental-tissue-missing-_1504533398776' with langId='7cf6efab-a9d7-54d2-2cbd-ec82efe4a7da'.
  ⚠ SKIP: Localized KLP 'placental-tissue-missing-_1504533398776' not found in 7cf6efab-a9d7-54d2-2cbd-ec82efe4a7da.
  ℹ️  No key-learning-points document found for key 'treatment-if-there-is-placental-tissue-missing-_1504533431739' with langId='7cf6efab-a9d7-54d2-2cbd-ec82efe4a7da'.
  ℹ️  No keyLearningPoints document found for key 'treatment-if-there-is-placental-tissue-missing-_1504533431739' with langId='7cf6efab-a9d7-54d2-2cbd-ec82efe4a7da'.
  ⚠ SKIP: Localized KLP 'treatment-if-there-is-placental-tissue-missing-_1504533431739' not found in 7cf6efab-a9d7-54d2-2cbd-ec82efe4a7da.
  ℹ️  No key-learning-points document found for key 'removal-of-tissue-list-the-actions-in-correct-order_1643194893461' with langId='7cf6efab-a9d7-54d2-2cbd-ec82efe4a7da'.
  ℹ️  No keyLearningPoints document found for key 'removal-of-tissue-list-the-actions-in-correct-order_1643194893461' with langId='7cf6efab-a9d7-54d2-2cbd-ec82efe4a7da'.
  ⚠ SKIP: Localized KLP 'removal-of-tissue-list-the-actions-in-correct-order_1643194893461' not found in 7cf6efab-a9d7-54d2-2cbd-ec82efe4a7da.
  ℹ️  No key-learning-points document found for key 'removal-tissue-2_1504533503753' with langId='7cf6efab-a9d7-54d2-2cbd-ec82efe4a7da'.
  ℹ️  No keyLearningPoints document found for key 'removal-tissue-2_1504533503753' with langId='7cf6efab-a9d7-54d2-2cbd-ec82efe4a7da'.
  ⚠ SKIP: Localized KLP 'removal-tissue-2_1504533503753' not found in 7cf6efab-a9d7-54d2-2cbd-ec82efe4a7da.
  ℹ️  No key-learning-points document found for key 'when-to-measure-hemoglobin-_1504533536483' with langId='7cf6efab-a9d7-54d2-2cbd-ec82efe4a7da'.
  ℹ️  No keyLearningPoints document found for key 'when-to-measure-hemoglobin-_1504533536483' with langId='7cf6efab-a9d7-54d2-2cbd-ec82efe4a7da'.
  ⚠ SKIP: Localized KLP 'when-to-measure-hemoglobin-_1504533536483' not found in 7cf6efab-a9d7-54d2-2cbd-ec82efe4a7da.
  ℹ️  No key-learning-points document found for key 'observation-after-treatment-pph-_1504533565253' with langId='7cf6efab-a9d7-54d2-2cbd-ec82efe4a7da'.
  ℹ️  No keyLearningPoints document found for key 'observation-after-treatment-pph-_1504533565253' with langId='7cf6efab-a9d7-54d2-2cbd-ec82efe4a7da'.
  ⚠ SKIP: Localized KLP 'observation-after-treatment-pph-_1504533565253' not found in 7cf6efab-a9d7-54d2-2cbd-ec82efe4a7da.
  ℹ️  No key-learning-points document found for key 'cbt-is-indicated-_1504533594043' with langId='7cf6efab-a9d7-54d2-2cbd-ec82efe4a7da'.
  ℹ️  No keyLearningPoints document found for key 'cbt-is-indicated-_1504533594043' with langId='7cf6efab-a9d7-54d2-2cbd-ec82efe4a7da'.
  ⚠ SKIP: Localized KLP 'cbt-is-indicated-_1504533594043' not found in 7cf6efab-a9d7-54d2-2cbd-ec82efe4a7da.
  ℹ️  No key-learning-points document found for key 'the-causes-of-vaginal-bleeding-_1504533620719' with langId='7cf6efab-a9d7-54d2-2cbd-ec82efe4a7da'.
  ℹ️  No keyLearningPoints document found for key 'the-causes-of-vaginal-bleeding-_1504533620719' with langId='7cf6efab-a9d7-54d2-2cbd-ec82efe4a7da'.
  ⚠ SKIP: Localized KLP 'the-causes-of-vaginal-bleeding-_1504533620719' not found in 7cf6efab-a9d7-54d2-2cbd-ec82efe4a7da.
  ℹ️  No key-learning-points document found for key 'positioning-pph_1504533661330' with langId='7cf6efab-a9d7-54d2-2cbd-ec82efe4a7da'.
  ℹ️  No keyLearningPoints document found for key 'positioning-pph_1504533661330' with langId='7cf6efab-a9d7-54d2-2cbd-ec82efe4a7da'.
  ⚠ SKIP: Localized KLP 'positioning-pph_1504533661330' not found in 7cf6efab-a9d7-54d2-2cbd-ec82efe4a7da.
  ℹ️  No key-learning-points document found for key 'positioning---vital-organs-_1504533702197' with langId='7cf6efab-a9d7-54d2-2cbd-ec82efe4a7da'.
  ℹ️  No keyLearningPoints document found for key 'positioning---vital-organs-_1504533702197' with langId='7cf6efab-a9d7-54d2-2cbd-ec82efe4a7da'.
  ⚠ SKIP: Localized KLP 'positioning---vital-organs-_1504533702197' not found in 7cf6efab-a9d7-54d2-2cbd-ec82efe4a7da.
  ℹ️  No key-learning-points document found for key 'actions-helper-at-the-head_1504533732416' with langId='7cf6efab-a9d7-54d2-2cbd-ec82efe4a7da'.
  ℹ️  No keyLearningPoints document found for key 'actions-helper-at-the-head_1504533732416' with langId='7cf6efab-a9d7-54d2-2cbd-ec82efe4a7da'.
  ⚠ SKIP: Localized KLP 'actions-helper-at-the-head_1504533732416' not found in 7cf6efab-a9d7-54d2-2cbd-ec82efe4a7da.
  ℹ️  No key-learning-points document found for key 'actions-helper-at-the-arm_1504533786043' with langId='7cf6efab-a9d7-54d2-2cbd-ec82efe4a7da'.
  ℹ️  No keyLearningPoints document found for key 'actions-helper-at-the-arm_1504533786043' with langId='7cf6efab-a9d7-54d2-2cbd-ec82efe4a7da'.
  ⚠ SKIP: Localized KLP 'actions-helper-at-the-arm_1504533786043' not found in 7cf6efab-a9d7-54d2-2cbd-ec82efe4a7da.
  ℹ️  No key-learning-points document found for key 'referral-pph_1504533836750' with langId='7cf6efab-a9d7-54d2-2cbd-ec82efe4a7da'.
  ℹ️  No keyLearningPoints document found for key 'referral-pph_1504533836750' with langId='7cf6efab-a9d7-54d2-2cbd-ec82efe4a7da'.
  ⚠ SKIP: Localized KLP 'referral-pph_1504533836750' not found in 7cf6efab-a9d7-54d2-2cbd-ec82efe4a7da.
  ℹ️  No key-learning-points document found for key 'iv-fluids-pph_1504533868169' with langId='7cf6efab-a9d7-54d2-2cbd-ec82efe4a7da'.
  ℹ️  No keyLearningPoints document found for key 'iv-fluids-pph_1504533868169' with langId='7cf6efab-a9d7-54d2-2cbd-ec82efe4a7da'.
  ⚠ SKIP: Localized KLP 'iv-fluids-pph_1504533868169' not found in 7cf6efab-a9d7-54d2-2cbd-ec82efe4a7da.
  ℹ️  No key-learning-points document found for key 'oxytocin-storage_1504533913864' with langId='7cf6efab-a9d7-54d2-2cbd-ec82efe4a7da'.
  ℹ️  No keyLearningPoints document found for key 'oxytocin-storage_1504533913864' with langId='7cf6efab-a9d7-54d2-2cbd-ec82efe4a7da'.
  ⚠ SKIP: Localized KLP 'oxytocin-storage_1504533913864' not found in 7cf6efab-a9d7-54d2-2cbd-ec82efe4a7da.
  ℹ️  No key-learning-points document found for key 'cardiovascular-symptoms-pph_1504533944971' with langId='7cf6efab-a9d7-54d2-2cbd-ec82efe4a7da'.
  ℹ️  No keyLearningPoints document found for key 'cardiovascular-symptoms-pph_1504533944971' with langId='7cf6efab-a9d7-54d2-2cbd-ec82efe4a7da'.
  ⚠ SKIP: Localized KLP 'cardiovascular-symptoms-pph_1504533944971' not found in 7cf6efab-a9d7-54d2-2cbd-ec82efe4a7da.
  Step 2: Queuing module payload with resource slugs...
Using cached asset_id: 34cbac7db7124cbeb253d91151572992
Skipping previously failed asset: https://sdacms.blob.core.windows.net/content/assets/videos/english%20WHO/Post%20partum%20hemorrage/intro.mp4
Warning: Failed to process video asset: /english WHO/Post partum hemorrage/intro
Skipping previously failed asset: https://sdacms.blob.core.windows.net/content/assets/videos/english%20WHO/Post%20partum%20hemorrage/causes_of_bleeding.mp4
Warning: Failed to process video asset: /english WHO/Post partum hemorrage/causes_of_bleeding
Skipping previously failed asset: https://sdacms.blob.core.windows.net/content/assets/videos/english%20WHO/Post%20partum%20hemorrage/immediate_management.mp4
Warning: Failed to process video asset: /english WHO/Post partum hemorrage/immediate_management
Skipping previously failed asset: https://sdacms.blob.core.windows.net/content/assets/videos/english%20WHO/Post%20partum%20hemorrage/bimanual_compression.mp4
Warning: Failed to process video asset: /english WHO/Post partum hemorrage/bimanual_compression
Skipping previously failed asset: https://sdacms.blob.core.windows.net/content/assets/videos/english%20WHO/Post%20partum%20hemorrage/aorta_compression.mp4
Warning: Failed to process video asset: /english WHO/Post partum hemorrage/aorta_compression
Skipping previously failed asset: https://sdacms.blob.core.windows.net/content/assets/videos/english%20WHO/Post%20partum%20hemorrage/uterine_balloon_tamponade.mp4
Warning: Failed to process video asset: /english WHO/Post partum hemorrage/uterine_balloon_tamponade
Skipping previously failed asset: https://sdacms.blob.core.windows.net/content/assets/videos/english%20WHO/Post%20partum%20hemorrage/bleeding_tears.mp4
Warning: Failed to process video asset: /english WHO/Post partum hemorrage/bleeding_tears
Skipping previously failed asset: https://sdacms.blob.core.windows.net/content/assets/videos/english%20WHO/Post%20partum%20hemorrage/retained_placenta_fragments.mp4
Warning: Failed to process video asset: /english WHO/Post partum hemorrage/retained_placenta_fragments
Skipping previously failed asset: https://sdacms.blob.core.windows.net/content/assets/videos/english%20WHO/Post%20partum%20hemorrage/emergency_management_for_shock.mp4
Warning: Failed to process video asset: /english WHO/Post partum hemorrage/emergency_management_for_shock
Skipping previously failed asset: https://sdacms.blob.core.windows.net/content/assets/videos/english%20WHO/Post%20partum%20hemorrage/monitoring_after_bleeding.mp4
Warning: Failed to process video asset: /english WHO/Post partum hemorrage/monitoring_after_bleeding
  → Using bundle description fallback for translated module
  → Queued module 'Post Partum Hemorrhage' -> /home/azureuser/test/content_migrator/data/processed_data/modules.csv
  → Found English title from Cosmos (key='manual-removal-of-placenta_1487678949720'): 'Manual Removal of Placenta'
[ModuleMigrator] Using Cosmos doc resource lists for TRANSLATED module 'manual-removal-of-placenta_1487678949720' (lang: 7cf6efab-a9d7-54d2-2cbd-ec82efe4a7da)
  actionCards: 1 keys
  procedures: 3 keys
  drugs: 9 keys
  keyLearningPoints: 36 keys
  videos: 7 keys
  ⚠ STRUCTURAL VIOLATION: Global identity document not found in Cosmos for localized module 'manual-removal-of-placenta'. Proceeding with placeholder title: Manual Removal Of Placenta
  Step 1: Preparing module resources (queue)...
Loaded 511 existing resource mappings
Mapping language:   7cf6efab-a9d7-54d2-2cbd-ec82efe4a7da
  DEBUG: Found 7 videos in module
Downloading video asset from https://sdacms.blob.core.windows.net/content/assets/videos/english%20WHO/Manual%20removal%20of%20placenta/intro.mp4
Error downloading video asset https://sdacms.blob.core.windows.net/content/assets/videos/english%20WHO/Manual%20removal%20of%20placenta/intro.mp4: 404 Client Error: The specified blob does not exist. for url: https://sdacms.blob.core.windows.net/content/assets/videos/english%20WHO/Manual%20removal%20of%20placenta/intro.mp4
Video icon URL: english%20WHO/Manual%20removal%20of%20placenta/intro
Video icon URL: english%20WHO/Manual%20removal%20of%20placenta/intro
Downloading video_icon asset from https://sdacms.blob.core.windows.net/content/assets/videos/english%20WHO/Manual%20removal%20of%20placenta/intro.png
Error downloading video_icon asset https://sdacms.blob.core.windows.net/content/assets/videos/english%20WHO/Manual%20removal%20of%20placenta/intro.png: 404 Client Error: The specified blob does not exist. for url: https://sdacms.blob.core.windows.net/content/assets/videos/english%20WHO/Manual%20removal%20of%20placenta/intro.png
Skipping video '/english WHO/Manual removal of placenta/intro' - missing asset upload
Downloading video asset from https://sdacms.blob.core.windows.net/content/assets/videos/english%20WHO/Manual%20removal%20of%20placenta/resuscitation.mp4
Error downloading video asset https://sdacms.blob.core.windows.net/content/assets/videos/english%20WHO/Manual%20removal%20of%20placenta/resuscitation.mp4: 404 Client Error: The specified blob does not exist. for url: https://sdacms.blob.core.windows.net/content/assets/videos/english%20WHO/Manual%20removal%20of%20placenta/resuscitation.mp4
Video icon URL: english%20WHO/Manual%20removal%20of%20placenta/resuscitation
Video icon URL: english%20WHO/Manual%20removal%20of%20placenta/resuscitation
Downloading video_icon asset from https://sdacms.blob.core.windows.net/content/assets/videos/english%20WHO/Manual%20removal%20of%20placenta/resuscitation.png
Error downloading video_icon asset https://sdacms.blob.core.windows.net/content/assets/videos/english%20WHO/Manual%20removal%20of%20placenta/resuscitation.png: 404 Client Error: The specified blob does not exist. for url: https://sdacms.blob.core.windows.net/content/assets/videos/english%20WHO/Manual%20removal%20of%20placenta/resuscitation.png
Skipping video '/english WHO/Manual removal of placenta/resuscitation' - missing asset upload
Downloading video asset from https://sdacms.blob.core.windows.net/content/assets/videos/english%20WHO/Manual%20removal%20of%20placenta/drugs_before_removal.mp4
Error downloading video asset https://sdacms.blob.core.windows.net/content/assets/videos/english%20WHO/Manual%20removal%20of%20placenta/drugs_before_removal.mp4: 404 Client Error: The specified blob does not exist. for url: https://sdacms.blob.core.windows.net/content/assets/videos/english%20WHO/Manual%20removal%20of%20placenta/drugs_before_removal.mp4
Video icon URL: english%20WHO/Manual%20removal%20of%20placenta/drugs_before_removal
Video icon URL: english%20WHO/Manual%20removal%20of%20placenta/drugs_before_removal
Downloading video_icon asset from https://sdacms.blob.core.windows.net/content/assets/videos/english%20WHO/Manual%20removal%20of%20placenta/drugs_before_removal.png
Error downloading video_icon asset https://sdacms.blob.core.windows.net/content/assets/videos/english%20WHO/Manual%20removal%20of%20placenta/drugs_before_removal.png: 404 Client Error: The specified blob does not exist. for url: https://sdacms.blob.core.windows.net/content/assets/videos/english%20WHO/Manual%20removal%20of%20placenta/drugs_before_removal.png
Skipping video '/english WHO/Manual removal of placenta/drugs_before_removal' - missing asset upload
Downloading video asset from https://sdacms.blob.core.windows.net/content/assets/videos/english%20WHO/Manual%20removal%20of%20placenta/gloves.mp4
Error downloading video asset https://sdacms.blob.core.windows.net/content/assets/videos/english%20WHO/Manual%20removal%20of%20placenta/gloves.mp4: 404 Client Error: The specified blob does not exist. for url: https://sdacms.blob.core.windows.net/content/assets/videos/english%20WHO/Manual%20removal%20of%20placenta/gloves.mp4
Video icon URL: english%20WHO/Manual%20removal%20of%20placenta/gloves
Video icon URL: english%20WHO/Manual%20removal%20of%20placenta/gloves
Downloading video_icon asset from https://sdacms.blob.core.windows.net/content/assets/videos/english%20WHO/Manual%20removal%20of%20placenta/gloves.png
Error downloading video_icon asset https://sdacms.blob.core.windows.net/content/assets/videos/english%20WHO/Manual%20removal%20of%20placenta/gloves.png: 404 Client Error: The specified blob does not exist. for url: https://sdacms.blob.core.windows.net/content/assets/videos/english%20WHO/Manual%20removal%20of%20placenta/gloves.png
Skipping video '/english WHO/Manual removal of placenta/gloves' - missing asset upload
Downloading video asset from https://sdacms.blob.core.windows.net/content/assets/videos/english%20WHO/Manual%20removal%20of%20placenta/remove_the_placenta.mp4
Error downloading video asset https://sdacms.blob.core.windows.net/content/assets/videos/english%20WHO/Manual%20removal%20of%20placenta/remove_the_placenta.mp4: 404 Client Error: The specified blob does not exist. for url: https://sdacms.blob.core.windows.net/content/assets/videos/english%20WHO/Manual%20removal%20of%20placenta/remove_the_placenta.mp4
Video icon URL: english%20WHO/Manual%20removal%20of%20placenta/remove_the_placenta
Video icon URL: english%20WHO/Manual%20removal%20of%20placenta/remove_the_placenta
Downloading video_icon asset from https://sdacms.blob.core.windows.net/content/assets/videos/english%20WHO/Manual%20removal%20of%20placenta/remove_the_placenta.png
Error downloading video_icon asset https://sdacms.blob.core.windows.net/content/assets/videos/english%20WHO/Manual%20removal%20of%20placenta/remove_the_placenta.png: 404 Client Error: The specified blob does not exist. for url: https://sdacms.blob.core.windows.net/content/assets/videos/english%20WHO/Manual%20removal%20of%20placenta/remove_the_placenta.png
Skipping video '/english WHO/Manual removal of placenta/remove_the_placenta' - missing asset upload
Downloading video asset from https://sdacms.blob.core.windows.net/content/assets/videos/english%20WHO/Manual%20removal%20of%20placenta/drugs_after_removal.mp4
Error downloading video asset https://sdacms.blob.core.windows.net/content/assets/videos/english%20WHO/Manual%20removal%20of%20placenta/drugs_after_removal.mp4: 404 Client Error: The specified blob does not exist. for url: https://sdacms.blob.core.windows.net/content/assets/videos/english%20WHO/Manual%20removal%20of%20placenta/drugs_after_removal.mp4
Video icon URL: english%20WHO/Manual%20removal%20of%20placenta/drugs_after_removal
Video icon URL: english%20WHO/Manual%20removal%20of%20placenta/drugs_after_removal
Downloading video_icon asset from https://sdacms.blob.core.windows.net/content/assets/videos/english%20WHO/Manual%20removal%20of%20placenta/drugs_after_removal.png
Error downloading video_icon asset https://sdacms.blob.core.windows.net/content/assets/videos/english%20WHO/Manual%20removal%20of%20placenta/drugs_after_removal.png: 404 Client Error: The specified blob does not exist. for url: https://sdacms.blob.core.windows.net/content/assets/videos/english%20WHO/Manual%20removal%20of%20placenta/drugs_after_removal.png
Skipping video '/english WHO/Manual removal of placenta/drugs_after_removal' - missing asset upload
Downloading video asset from https://sdacms.blob.core.windows.net/content/assets/videos/english%20WHO/Manual%20removal%20of%20placenta/monitoring.mp4
Error downloading video asset https://sdacms.blob.core.windows.net/content/assets/videos/english%20WHO/Manual%20removal%20of%20placenta/monitoring.mp4: 404 Client Error: The specified blob does not exist. for url: https://sdacms.blob.core.windows.net/content/assets/videos/english%20WHO/Manual%20removal%20of%20placenta/monitoring.mp4
Video icon URL: english%20WHO/Manual%20removal%20of%20placenta/monitoring
Video icon URL: english%20WHO/Manual%20removal%20of%20placenta/monitoring
Downloading video_icon asset from https://sdacms.blob.core.windows.net/content/assets/videos/english%20WHO/Manual%20removal%20of%20placenta/monitoring.png
Error downloading video_icon asset https://sdacms.blob.core.windows.net/content/assets/videos/english%20WHO/Manual%20removal%20of%20placenta/monitoring.png: 404 Client Error: The specified blob does not exist. for url: https://sdacms.blob.core.windows.net/content/assets/videos/english%20WHO/Manual%20removal%20of%20placenta/monitoring.png
Skipping video '/english WHO/Manual removal of placenta/monitoring' - missing asset upload
  DEBUG: Found 1 action cards in module
Mapping language:   7cf6efab-a9d7-54d2-2cbd-ec82efe4a7da
Using cached asset_id: 5c7e7afdce7d4b84952e58208235ba8d
Saved Markdown: /home/azureuser/test/content_migrator/data/temp_data/emergency_referral_manual_removal_of_placenta_original.md
Saved Markdown: /home/azureuser/test/content_migrator/data/temp_data/emergency_referral_manual_removal_of_placenta_adapted_africa.md
Saved Markdown: /home/azureuser/test/content_migrator/data/temp_data/emergency_referral_manual_removal_of_placenta_translated_action_card.md
  📎 Linking 1 embedded asset(s) to markdown upload
Created action-card resource: title='Emergency Referral - Manual Removal of Placenta' description='Emergency Referral - Manual Removal of Placenta' icon='5c7e7afdce7d4b84952e58208235ba8d' content='83a93f75d92742a68a9d29bc7f62f2c0' language_id='7cf6efab-a9d7-54d2-2cbd-ec82efe4a7da' region='africa' content_type='original' created_by='natalia@maternity.dk' level=None questions=None derived_from_id=None
  📎 Linking 1 embedded asset(s) to markdown upload
Created action-card resource: title='Emergency Referral - Manual Removal of Placenta' description='Emergency Referral - Manual Removal of Placenta' icon='5c7e7afdce7d4b84952e58208235ba8d' content='01bdcca441ad4f0387795c97c15b2f96' language_id='7cf6efab-a9d7-54d2-2cbd-ec82efe4a7da' region='africa' content_type='adapted' created_by='natalia@maternity.dk' level=None questions=None derived_from_id=None
  📎 Linking 1 embedded asset(s) to markdown upload
Created action-card resource: title='Emergency Referral - Manual Removal of Placenta' description='Emergency Referral - Manual Removal of Placenta' icon='5c7e7afdce7d4b84952e58208235ba8d' content='57355ea68355430e9825507403791614' language_id='7cf6efab-a9d7-54d2-2cbd-ec82efe4a7da' region='africa' content_type='translated' created_by='natalia@maternity.dk' level=None questions=None derived_from_id=None
  ℹ️  No screens translation found for 'action-card:emergency-referral---manual-removal-of-placenta_1527679516504', using original
Queuing action-card: res-action-card-emergency-referral-manual-removal-of-placenta (Source: 'Emergency Referral - Manual Removal of Placenta')
Mapping language:   7cf6efab-a9d7-54d2-2cbd-ec82efe4a7da
  DEBUG: Found 3 procedures in module
Using cached asset_id: 28375baf9417458e9f8cd106380f78de
Saved Markdown: /home/azureuser/test/content_migrator/data/temp_data/urine_catheter_original.md
Saved Markdown: /home/azureuser/test/content_migrator/data/temp_data/urine_catheter_adapted_africa.md
Saved Markdown: /home/azureuser/test/content_migrator/data/temp_data/urine_catheter_translated_action_card.md
  📎 Linking 1 embedded asset(s) to markdown upload
Created action-card resource: title='Urine catheter' description='Urine catheter' icon='28375baf9417458e9f8cd106380f78de' content='10c64e6ccb564535a807b274613c06d9' language_id='7cf6efab-a9d7-54d2-2cbd-ec82efe4a7da' region='africa' content_type='original' created_by='frederikke@maternity.dk' level=None questions=None derived_from_id=None
  📎 Linking 1 embedded asset(s) to markdown upload
Created action-card resource: title='Urine catheter' description='Urine catheter' icon='28375baf9417458e9f8cd106380f78de' content='019cfa5a1c704f7a892ff7882ddf02e6' language_id='7cf6efab-a9d7-54d2-2cbd-ec82efe4a7da' region='africa' content_type='adapted' created_by='frederikke@maternity.dk' level=None questions=None derived_from_id=None
  📎 Linking 1 embedded asset(s) to markdown upload
Created action-card resource: title='Urine catheter' description='Urine catheter' icon='28375baf9417458e9f8cd106380f78de' content='5edda64a3e444471810c04dad93e4300' language_id='7cf6efab-a9d7-54d2-2cbd-ec82efe4a7da' region='africa' content_type='translated' created_by='frederikke@maternity.dk' level=None questions=None derived_from_id=None
  ℹ️  No screens translation found for 'procedure:urine-catheter_1487245590353', using original
Queuing procedure: res-procedure-urine-catheter (Source: 'Urine catheter')
Overwriting previous queue for 'res-procedure-urine-catheter' with language-specific version (lang: 7cf6efab-a9d7-54d2-2cbd-ec82efe4a7da)
Using cached asset_id: 87aed72a6a4d4931bdedaa595cf66949
Saved Markdown: /home/azureuser/test/content_migrator/data/temp_data/condom_balloon_tamponade_original.md
Saved Markdown: /home/azureuser/test/content_migrator/data/temp_data/condom_balloon_tamponade_adapted_africa.md
Saved Markdown: /home/azureuser/test/content_migrator/data/temp_data/condom_balloon_tamponade_translated_action_card.md
  📎 Linking 3 embedded asset(s) to markdown upload
Created action-card resource: title='Condom Balloon Tamponade' description='Condom Balloon Tamponade' icon='87aed72a6a4d4931bdedaa595cf66949' content='e17e20b519fb44a2afda9effe474b9d2' language_id='7cf6efab-a9d7-54d2-2cbd-ec82efe4a7da' region='africa' content_type='original' created_by='nanna@maternity.dk' level=None questions=None derived_from_id=None
  📎 Linking 3 embedded asset(s) to markdown upload
Created action-card resource: title='Condom Balloon Tamponade' description='Condom Balloon Tamponade' icon='87aed72a6a4d4931bdedaa595cf66949' content='62a8b4121ffd4c50bef01a449683bd37' language_id='7cf6efab-a9d7-54d2-2cbd-ec82efe4a7da' region='africa' content_type='adapted' created_by='nanna@maternity.dk' level=None questions=None derived_from_id=None
  📎 Linking 3 embedded asset(s) to markdown upload
Created action-card resource: title='Condom Balloon Tamponade' description='Condom Balloon Tamponade' icon='87aed72a6a4d4931bdedaa595cf66949' content='62155659108540f2893b48142733861d' language_id='7cf6efab-a9d7-54d2-2cbd-ec82efe4a7da' region='africa' content_type='translated' created_by='nanna@maternity.dk' level=None questions=None derived_from_id=None
  ℹ️  No screens translation found for 'procedure:condom-balloon-tamponade_1490714664807', using original
Queuing procedure: res-procedure-condom-balloon-tamponade (Source: 'Condom Balloon Tamponade')
Overwriting previous queue for 'res-procedure-condom-balloon-tamponade' with language-specific version (lang: 7cf6efab-a9d7-54d2-2cbd-ec82efe4a7da)
  ℹ️  No procedures document found for key 'intravenous-access-equipment---adult_1771419718711' with langId='7cf6efab-a9d7-54d2-2cbd-ec82efe4a7da'.
  ⚠ SKIP: Localized procedure 'intravenous-access-equipment---adult_1771419718711' not found in 7cf6efab-a9d7-54d2-2cbd-ec82efe4a7da.
Downloading icon asset from https://sdacms.blob.core.windows.net/content/assets/images/africa/icon/module/manual_removal_of_placenta.png
Cached and saved asset_id for https://sdacms.blob.core.windows.net/content/assets/images/africa/icon/module/manual_removal_of_placenta.png: 07b33a9942164023a8de551a28583b9d
  ✓ Module icon uploaded for drugs: 07b33a99...
Mapping language:   7cf6efab-a9d7-54d2-2cbd-ec82efe4a7da
  DEBUG: Found 9 drugs in module
  ✓ Drug inheriting module icon: 07b33a99...
Saved Markdown: /home/azureuser/test/content_migrator/data/temp_data/ampicillin_original.md
Saved Markdown: /home/azureuser/test/content_migrator/data/temp_data/ampicillin_adapted_africa.md
Saved Markdown: /home/azureuser/test/content_migrator/data/temp_data/ampicillin_translated_action_card.md
Created action-card resource: title='Ampicillin' description='Ampicillin' icon='07b33a9942164023a8de551a28583b9d' content='0e260475b1844c62bae4144edecad3d1' language_id='7cf6efab-a9d7-54d2-2cbd-ec82efe4a7da' region='africa' content_type='original' created_by='nanna@maternity.dk' level=None questions=None derived_from_id=None
Created action-card resource: title='Ampicillin' description='Ampicillin' icon='07b33a9942164023a8de551a28583b9d' content='bc70892a53ab4993b0b0f82f9189b369' language_id='7cf6efab-a9d7-54d2-2cbd-ec82efe4a7da' region='africa' content_type='adapted' created_by='nanna@maternity.dk' level=None questions=None derived_from_id=None
Created action-card resource: title='Ampicillin' description='Ampicillin' icon='07b33a9942164023a8de551a28583b9d' content='9f8827ff430d489295de215a7b0604b6' language_id='7cf6efab-a9d7-54d2-2cbd-ec82efe4a7da' region='africa' content_type='translated' created_by='nanna@maternity.dk' level=None questions=None derived_from_id=None
  ℹ️  No screens translation found for 'drug:ampicillin_1486975748548', using original
Queuing drug: res-drug-ampicillin (Source: 'Ampicillin')
Overwriting previous queue for 'res-drug-ampicillin' with language-specific version (lang: 7cf6efab-a9d7-54d2-2cbd-ec82efe4a7da)
  ✓ Drug inheriting module icon: 07b33a99...
Saved Markdown: /home/azureuser/test/content_migrator/data/temp_data/cefazolin_original.md
Saved Markdown: /home/azureuser/test/content_migrator/data/temp_data/cefazolin_adapted_africa.md
Saved Markdown: /home/azureuser/test/content_migrator/data/temp_data/cefazolin_translated_action_card.md
Created action-card resource: title='Cefazolin' description='Cefazolin' icon='07b33a9942164023a8de551a28583b9d' content='a7eaa524ddb24a2aa9c60a41c5a0f7f0' language_id='7cf6efab-a9d7-54d2-2cbd-ec82efe4a7da' region='africa' content_type='original' created_by='nanna@maternity.dk' level=None questions=None derived_from_id=None
Created action-card resource: title='Cefazolin' description='Cefazolin' icon='07b33a9942164023a8de551a28583b9d' content='64124e3634ac466f8b26902a7ae85854' language_id='7cf6efab-a9d7-54d2-2cbd-ec82efe4a7da' region='africa' content_type='adapted' created_by='nanna@maternity.dk' level=None questions=None derived_from_id=None
Created action-card resource: title='Cefazolin' description='Cefazolin' icon='07b33a9942164023a8de551a28583b9d' content='ce70761410db45009c64df8398ecfdc2' language_id='7cf6efab-a9d7-54d2-2cbd-ec82efe4a7da' region='africa' content_type='translated' created_by='nanna@maternity.dk' level=None questions=None derived_from_id=None
  ℹ️  No screens translation found for 'drug:cefazolin_1527579628032', using original
Queuing drug: res-drug-cefazolin (Source: 'Cefazolin')
Overwriting previous queue for 'res-drug-cefazolin' with language-specific version (lang: 7cf6efab-a9d7-54d2-2cbd-ec82efe4a7da)
  ✓ Drug inheriting module icon: 07b33a99...
Saved Markdown: /home/azureuser/test/content_migrator/data/temp_data/diazepam_original.md
Saved Markdown: /home/azureuser/test/content_migrator/data/temp_data/diazepam_adapted_africa.md
Saved Markdown: /home/azureuser/test/content_migrator/data/temp_data/diazepam_translated_action_card.md
Created action-card resource: title='Diazepam' description='Diazepam' icon='07b33a9942164023a8de551a28583b9d' content='69f1e8baf3a54aa3ba2fea8031f82b75' language_id='7cf6efab-a9d7-54d2-2cbd-ec82efe4a7da' region='africa' content_type='original' created_by='nanna@maternity.dk' level=None questions=None derived_from_id=None
Created action-card resource: title='Diazepam' description='Diazepam' icon='07b33a9942164023a8de551a28583b9d' content='7da53bb5f83f4f1db80b56138e44ba07' language_id='7cf6efab-a9d7-54d2-2cbd-ec82efe4a7da' region='africa' content_type='adapted' created_by='nanna@maternity.dk' level=None questions=None derived_from_id=None
Created action-card resource: title='Diazepam' description='Diazepam' icon='07b33a9942164023a8de551a28583b9d' content='cf994203ad6e4e1c82599caef5c17185' language_id='7cf6efab-a9d7-54d2-2cbd-ec82efe4a7da' region='africa' content_type='translated' created_by='nanna@maternity.dk' level=None questions=None derived_from_id=None
  ℹ️  No screens translation found for 'drug:diazepam_1487102080825', using original
Queuing drug: res-drug-diazepam (Source: 'Diazepam')
Overwriting previous queue for 'res-drug-diazepam' with language-specific version (lang: 7cf6efab-a9d7-54d2-2cbd-ec82efe4a7da)
  ✓ Drug inheriting module icon: 07b33a99...
Saved Markdown: /home/azureuser/test/content_migrator/data/temp_data/ergometrine_original.md
Saved Markdown: /home/azureuser/test/content_migrator/data/temp_data/ergometrine_adapted_africa.md
Saved Markdown: /home/azureuser/test/content_migrator/data/temp_data/ergometrine_translated_action_card.md
Created action-card resource: title='Ergometrine' description='Ergometrine' icon='07b33a9942164023a8de551a28583b9d' content='549d8f14fab14351a582ba1f30beb5dd' language_id='7cf6efab-a9d7-54d2-2cbd-ec82efe4a7da' region='africa' content_type='original' created_by='nanna@maternity.dk' level=None questions=None derived_from_id=None
Created action-card resource: title='Ergometrine' description='Ergometrine' icon='07b33a9942164023a8de551a28583b9d' content='7990d4b4dda34704b421378bfa978b81' language_id='7cf6efab-a9d7-54d2-2cbd-ec82efe4a7da' region='africa' content_type='adapted' created_by='nanna@maternity.dk' level=None questions=None derived_from_id=None
Created action-card resource: title='Ergometrine' description='Ergometrine' icon='07b33a9942164023a8de551a28583b9d' content='dc819d6beee14d2ea84b98b51addb12f' language_id='7cf6efab-a9d7-54d2-2cbd-ec82efe4a7da' region='africa' content_type='translated' created_by='nanna@maternity.dk' level=None questions=None derived_from_id=None
  ℹ️  No screens translation found for 'drug:ergometrine_1487103846814', using original
Queuing drug: res-drug-ergometrine (Source: 'Ergometrine')
Overwriting previous queue for 'res-drug-ergometrine' with language-specific version (lang: 7cf6efab-a9d7-54d2-2cbd-ec82efe4a7da)
  ✓ Drug inheriting module icon: 07b33a99...
Saved Markdown: /home/azureuser/test/content_migrator/data/temp_data/iron_original.md
Saved Markdown: /home/azureuser/test/content_migrator/data/temp_data/iron_adapted_africa.md
Saved Markdown: /home/azureuser/test/content_migrator/data/temp_data/iron_translated_action_card.md
Created action-card resource: title='Iron' description='Iron' icon='07b33a9942164023a8de551a28583b9d' content='a19c4cb0d4a14ceb8f37e56f6b4cbe17' language_id='7cf6efab-a9d7-54d2-2cbd-ec82efe4a7da' region='africa' content_type='original' created_by='nanna@maternity.dk' level=None questions=None derived_from_id=None
Created action-card resource: title='Iron' description='Iron' icon='07b33a9942164023a8de551a28583b9d' content='c6a6abcd474a4b8ab210791633b7a719' language_id='7cf6efab-a9d7-54d2-2cbd-ec82efe4a7da' region='africa' content_type='adapted' created_by='nanna@maternity.dk' level=None questions=None derived_from_id=None
Created action-card resource: title='Iron' description='Iron' icon='07b33a9942164023a8de551a28583b9d' content='6974597ac4d54a218bfa5667eb78e8f4' language_id='7cf6efab-a9d7-54d2-2cbd-ec82efe4a7da' region='africa' content_type='translated' created_by='nanna@maternity.dk' level=None questions=None derived_from_id=None
  ℹ️  No screens translation found for 'drug:iron_1487110835869', using original
Queuing drug: res-drug-iron (Source: 'Iron')
Overwriting previous queue for 'res-drug-iron' with language-specific version (lang: 7cf6efab-a9d7-54d2-2cbd-ec82efe4a7da)
  ✓ Drug inheriting module icon: 07b33a99...
Saved Markdown: /home/azureuser/test/content_migrator/data/temp_data/misoprostol_original.md
Saved Markdown: /home/azureuser/test/content_migrator/data/temp_data/misoprostol_adapted_africa.md
Saved Markdown: /home/azureuser/test/content_migrator/data/temp_data/misoprostol_translated_action_card.md
Created action-card resource: title='Misoprostol' description='Misoprostol' icon='07b33a9942164023a8de551a28583b9d' content='30d2b32e737840359d8efd5fd7f332b2' language_id='7cf6efab-a9d7-54d2-2cbd-ec82efe4a7da' region='africa' content_type='original' created_by='nanna@maternity.dk' level=None questions=None derived_from_id=None
Created action-card resource: title='Misoprostol' description='Misoprostol' icon='07b33a9942164023a8de551a28583b9d' content='4207c2d3b6e74e939d774238e0869f98' language_id='7cf6efab-a9d7-54d2-2cbd-ec82efe4a7da' region='africa' content_type='adapted' created_by='nanna@maternity.dk' level=None questions=None derived_from_id=None
Created action-card resource: title='Misoprostol' description='Misoprostol' icon='07b33a9942164023a8de551a28583b9d' content='8f99e7b4f211426590a7733ba52b1cea' language_id='7cf6efab-a9d7-54d2-2cbd-ec82efe4a7da' region='africa' content_type='translated' created_by='nanna@maternity.dk' level=None questions=None derived_from_id=None
  ℹ️  No screens translation found for 'drug:misoprostol_1487112562173', using original
Queuing drug: res-drug-misoprostol (Source: 'Misoprostol')
Overwriting previous queue for 'res-drug-misoprostol' with language-specific version (lang: 7cf6efab-a9d7-54d2-2cbd-ec82efe4a7da)
  ✓ Drug inheriting module icon: 07b33a99...
Saved Markdown: /home/azureuser/test/content_migrator/data/temp_data/morphine_original.md
Saved Markdown: /home/azureuser/test/content_migrator/data/temp_data/morphine_adapted_africa.md
Saved Markdown: /home/azureuser/test/content_migrator/data/temp_data/morphine_translated_action_card.md
Created action-card resource: title='Morphine' description='Morphine' icon='07b33a9942164023a8de551a28583b9d' content='10ba0d36f8f24f09ac786007d707d044' language_id='7cf6efab-a9d7-54d2-2cbd-ec82efe4a7da' region='africa' content_type='original' created_by='nanna@maternity.dk' level=None questions=None derived_from_id=None
Created action-card resource: title='Morphine' description='Morphine' icon='07b33a9942164023a8de551a28583b9d' content='abde14bb496f485e9a15c538be79b65d' language_id='7cf6efab-a9d7-54d2-2cbd-ec82efe4a7da' region='africa' content_type='adapted' created_by='nanna@maternity.dk' level=None questions=None derived_from_id=None
Created action-card resource: title='Morphine' description='Morphine' icon='07b33a9942164023a8de551a28583b9d' content='b697b71a0068446ca25f048aa16589b4' language_id='7cf6efab-a9d7-54d2-2cbd-ec82efe4a7da' region='africa' content_type='translated' created_by='nanna@maternity.dk' level=None questions=None derived_from_id=None
  ℹ️  No screens translation found for 'drug:morphine_1487151518002', using original
Queuing drug: res-drug-morphine (Source: 'Morphine')
Overwriting previous queue for 'res-drug-morphine' with language-specific version (lang: 7cf6efab-a9d7-54d2-2cbd-ec82efe4a7da)
  ✓ Drug inheriting module icon: 07b33a99...
Saved Markdown: /home/azureuser/test/content_migrator/data/temp_data/oxytocin_original.md
Saved Markdown: /home/azureuser/test/content_migrator/data/temp_data/oxytocin_adapted_africa.md
Saved Markdown: /home/azureuser/test/content_migrator/data/temp_data/oxytocin_translated_action_card.md
Created action-card resource: title='Oxytocin' description='Oxytocin' icon='07b33a9942164023a8de551a28583b9d' content='896e0e1eb9bc48ea9828f457ef3d2fd6' language_id='7cf6efab-a9d7-54d2-2cbd-ec82efe4a7da' region='africa' content_type='original' created_by='nanna@maternity.dk' level=None questions=None derived_from_id=None
Created action-card resource: title='Oxytocin' description='Oxytocin' icon='07b33a9942164023a8de551a28583b9d' content='43bcb27255f54326bb12189997f59d09' language_id='7cf6efab-a9d7-54d2-2cbd-ec82efe4a7da' region='africa' content_type='adapted' created_by='nanna@maternity.dk' level=None questions=None derived_from_id=None
Created action-card resource: title='Oxytocin' description='Oxytocin' icon='07b33a9942164023a8de551a28583b9d' content='89f97fc8e1ca4f669265d54db3544ace' language_id='7cf6efab-a9d7-54d2-2cbd-ec82efe4a7da' region='africa' content_type='translated' created_by='nanna@maternity.dk' level=None questions=None derived_from_id=None
  ℹ️  No screens translation found for 'drug:oxytocin_1487156988152', using original
Queuing drug: res-drug-oxytocin (Source: 'Oxytocin')
Overwriting previous queue for 'res-drug-oxytocin' with language-specific version (lang: 7cf6efab-a9d7-54d2-2cbd-ec82efe4a7da)
  ✓ Drug inheriting module icon: 07b33a99...
Saved Markdown: /home/azureuser/test/content_migrator/data/temp_data/tranexamic_acid_original.md
Saved Markdown: /home/azureuser/test/content_migrator/data/temp_data/tranexamic_acid_adapted_africa.md
Saved Markdown: /home/azureuser/test/content_migrator/data/temp_data/tranexamic_acid_translated_action_card.md
Created action-card resource: title='Tranexamic Acid' description='Tranexamic Acid' icon='07b33a9942164023a8de551a28583b9d' content='c65bc4a2631847708467f3fd348cde3a' language_id='7cf6efab-a9d7-54d2-2cbd-ec82efe4a7da' region='africa' content_type='original' created_by='nanna@maternity.dk' level=None questions=None derived_from_id=None
Created action-card resource: title='Tranexamic Acid' description='Tranexamic Acid' icon='07b33a9942164023a8de551a28583b9d' content='53b3b3bf778147e882bdaf4612c160a3' language_id='7cf6efab-a9d7-54d2-2cbd-ec82efe4a7da' region='africa' content_type='adapted' created_by='nanna@maternity.dk' level=None questions=None derived_from_id=None
Created action-card resource: title='Tranexamic Acid' description='Tranexamic Acid' icon='07b33a9942164023a8de551a28583b9d' content='6be33a4f728141db8e672279300b2085' language_id='7cf6efab-a9d7-54d2-2cbd-ec82efe4a7da' region='africa' content_type='translated' created_by='nanna@maternity.dk' level=None questions=None derived_from_id=None
  ℹ️  No screens translation found for 'drug:tranexamic-acid_1490713231363', using original
Queuing drug: res-drug-tranexamic-acid (Source: 'Tranexamic Acid')
Overwriting previous queue for 'res-drug-tranexamic-acid' with language-specific version (lang: 7cf6efab-a9d7-54d2-2cbd-ec82efe4a7da)
Mapping language:   7cf6efab-a9d7-54d2-2cbd-ec82efe4a7da
Using cached asset_id: 8cd47c831aad4be687ec6c342c9d2036
  ✓ KLP question 1 icon uploaded: 8cd47c83...
  ℹ️  No screens translation found for 'key-learning-point:time-before-placenta-be-born_1500550057787'
Queued KLP to klps.csv: klp-1-time-before-placenta-is-born
  ℹ️  No key-learning-points document found for key 'remove-manually_1500550146760' with langId='7cf6efab-a9d7-54d2-2cbd-ec82efe4a7da'.
  ℹ️  No keyLearningPoints document found for key 'remove-manually_1500550146760' with langId='7cf6efab-a9d7-54d2-2cbd-ec82efe4a7da'.
  ⚠ SKIP: Localized KLP 'remove-manually_1500550146760' not found in 7cf6efab-a9d7-54d2-2cbd-ec82efe4a7da.
  ℹ️  No key-learning-points document found for key 'life-threatening_1500550548020' with langId='7cf6efab-a9d7-54d2-2cbd-ec82efe4a7da'.
  ℹ️  No keyLearningPoints document found for key 'life-threatening_1500550548020' with langId='7cf6efab-a9d7-54d2-2cbd-ec82efe4a7da'.
  ⚠ SKIP: Localized KLP 'life-threatening_1500550548020' not found in 7cf6efab-a9d7-54d2-2cbd-ec82efe4a7da.
Using cached asset_id: a91fbae06da34720a16cd3ef964c72ba
  ✓ KLP question 1 icon uploaded: a91fbae0...
  ℹ️  No screens translation found for 'key-learning-point:overall-action_1500550609958'
Queued KLP to klps.csv: klp-1-overall-action
  ℹ️  No key-learning-points document found for key 'mother-in-shock_1500550773682' with langId='7cf6efab-a9d7-54d2-2cbd-ec82efe4a7da'.
  ℹ️  No keyLearningPoints document found for key 'mother-in-shock_1500550773682' with langId='7cf6efab-a9d7-54d2-2cbd-ec82efe4a7da'.
  ⚠ SKIP: Localized KLP 'mother-in-shock_1500550773682' not found in 7cf6efab-a9d7-54d2-2cbd-ec82efe4a7da.
Using cached asset_id: e48f96a5bb504f18865062f6ebeaaeeb
  ✓ KLP question 1 icon uploaded: e48f96a5...
  ℹ️  No screens translation found for 'key-learning-point:how-aorta-compression_1500550835318'
Queued KLP to klps.csv: klp-1-pain-relief-1
Using cached asset_id: aa785705a40f4e8ba120f3fade662323
  ✓ KLP question 1 icon uploaded: aa785705...
  ℹ️  No screens translation found for 'key-learning-point:adequate-aorta-compression_1500550901996'
Queued KLP to klps.csv: klp-3-adequate-aorta-compression
Using cached asset_id: aa785705a40f4e8ba120f3fade662323
  ✓ KLP question 1 icon uploaded: aa785705...
  ℹ️  No screens translation found for 'key-learning-point:maintain-compression_1500550952103'
Queued KLP to klps.csv: klp-2-maintain-compression
Using cached asset_id: eecbc110f2004f4e92fe09e13245a14a
  ✓ KLP question 1 icon uploaded: eecbc110...
  ℹ️  No screens translation found for 'key-learning-point:iv-fluid_1500551093153'
Queued KLP to klps.csv: klp-3-iv-fluid
Using cached asset_id: 7f127a043e044091a289d4b19f4a9ca6
  ✓ KLP question 1 icon uploaded: 7f127a04...
  ℹ️  No screens translation found for 'key-learning-point:fluid-gives-fast-_1500551155005'
Queued KLP to klps.csv: klp-3-fluid-gives-fast
Using cached asset_id: 1c77edcf6930452f8738a76c6b023d72
  ✓ KLP question 1 icon uploaded: 1c77edcf...
  ℹ️  No screens translation found for 'key-learning-point:blood-transfusion_1500551204516'
Queued KLP to klps.csv: klp-3-blood-transfusion
Using cached asset_id: e48f96a5bb504f18865062f6ebeaaeeb
  ✓ KLP question 1 icon uploaded: e48f96a5...
  ℹ️  No screens translation found for 'key-learning-point:pain-relief_1500551251327'
Queued KLP to klps.csv: klp-2-pain-relief
Using cached asset_id: aa785705a40f4e8ba120f3fade662323
  ✓ KLP question 1 icon uploaded: aa785705...
  ℹ️  No screens translation found for 'key-learning-point:pain-relief-and-aorta-compression_1500551299297'
Queued KLP to klps.csv: klp-2-pain-relief-and-aorta-compression
Using cached asset_id: e4fe04c4aeb549999815a0dd6b82bccf
  ✓ KLP question 1 icon uploaded: e4fe04c4...
  ℹ️  No screens translation found for 'key-learning-point:gloves-and-manual-removal-of-placenta_1500551362316'
Queued KLP to klps.csv: klp-3-gloves-and-manual-removal-of-placenta
Using cached asset_id: c1aebe51cc7e4dcca9ad29a4fea3c51e
  ✓ KLP question 1 icon uploaded: c1aebe51...
  ℹ️  No screens translation found for 'key-learning-point:right-order-for-removal-of-placenta_1500551561159'
Queued KLP to klps.csv: klp-1-right-order-for-removal-of-placenta
Using cached asset_id: ba285aa414a24246b8f22f67da7db33d
  ✓ KLP question 1 icon uploaded: ba285aa4...
  ℹ️  No screens translation found for 'key-learning-point:placenta-detached_1500551743553'
Queued KLP to klps.csv: klp-1-action-right-after-removal
Using cached asset_id: f2807a306d1e408591c838ba163a6911
  ✓ KLP question 1 icon uploaded: f2807a30...
  ℹ️  No screens translation found for 'key-learning-point:the-overall-action-to-control-pph_1500551855322'
Queued KLP to klps.csv: klp-1-the-overall-action-to-control-pph
Using cached asset_id: 9be3a72af6fe4d8bb606e2b2af904134
  ✓ KLP question 1 icon uploaded: 9be3a72a...
  ℹ️  No screens translation found for 'key-learning-point:condom-tamponade_1500551920106'
Queued KLP to klps.csv: klp-3-condom-balloon-tamponade
Using cached asset_id: e48f96a5bb504f18865062f6ebeaaeeb
  ✓ KLP question 1 icon uploaded: e48f96a5...
  ℹ️  No screens translation found for 'key-learning-point:bolus-drug-after-removal-of-placenta_1500551982282'
Queued KLP to klps.csv: klp-2-drug-after-removal-of-placenta
Using cached asset_id: 0a4d46f4199041948d5379644ee52dae
  ✓ KLP question 1 icon uploaded: 0a4d46f4...
  ℹ️  No screens translation found for 'key-learning-point:day-after-recommendations_1500552382430'
Queued KLP to klps.csv: klp-2-day-after-recommendations
Using cached asset_id: cb5998db4022408085bb3fc8207e82ea
  ✓ KLP question 1 icon uploaded: cb5998db...
  ℹ️  No screens translation found for 'key-learning-point:refer-manual-removal_1500552464602'
Queued KLP to klps.csv: klp-1-refer-manual-removal
Using cached asset_id: 98798d4a816b4968b99571b7d3bd7faa
  ✓ KLP question 1 icon uploaded: 98798d4a...
  ℹ️  No screens translation found for 'key-learning-point:manual-removal-bemonc_1504534513078'
Queued KLP to klps.csv: klp-1-manual-removal-bemonc
Using cached asset_id: b99775da7c004574b61a5558e195bea4
  ✓ KLP question 1 icon uploaded: b99775da...
  ℹ️  No screens translation found for 'key-learning-point:when-manual-removal_1504534643086'
Queued KLP to klps.csv: klp-2-when-manual-removal
Using cached asset_id: b99775da7c004574b61a5558e195bea4
  ✓ KLP question 1 icon uploaded: b99775da...
  ℹ️  No screens translation found for 'key-learning-point:heavy-bleeding_1504534768047'
Queued KLP to klps.csv: klp-3-heavy-bleeding
Using cached asset_id: 697c3bb1babd4d28b84bbaf06f90a942
  ✓ KLP question 1 icon uploaded: 697c3bb1...
  ℹ️  No screens translation found for 'key-learning-point:excessive-bleeding_1504535064090'
Queued KLP to klps.csv: klp-2-excessive-bleeding
Using cached asset_id: 697c3bb1babd4d28b84bbaf06f90a942
  ✓ KLP question 1 icon uploaded: 697c3bb1...
  ℹ️  No screens translation found for 'key-learning-point:stop-bleeding-retained-placenta_1504535188380'
Queued KLP to klps.csv: klp-2-stop-bleeding-retained-placenta
Using cached asset_id: 61b92094d1db416890c08bc0a763cd1e
  ✓ KLP question 1 icon uploaded: 61b92094...
  ℹ️  No screens translation found for 'key-learning-point:resuscitation_1504535401875'
Queued KLP to klps.csv: klp-3-resuscitation
Using cached asset_id: d7dc813c2e644d03a24fd0518906f3bd
  ✓ KLP question 1 icon uploaded: d7dc813c...
  ℹ️  No screens translation found for 'key-learning-point:stop-compression-at-resuscitation_1504682726957'
Queued KLP to klps.csv: klp-2-stop-compression-at-resuscitation
  ℹ️  No key-learning-points document found for key 'how-to-manually-remove-the-placenta_1504686597840' with langId='7cf6efab-a9d7-54d2-2cbd-ec82efe4a7da'.
  ℹ️  No keyLearningPoints document found for key 'how-to-manually-remove-the-placenta_1504686597840' with langId='7cf6efab-a9d7-54d2-2cbd-ec82efe4a7da'.
  ⚠ SKIP: Localized KLP 'how-to-manually-remove-the-placenta_1504686597840' not found in 7cf6efab-a9d7-54d2-2cbd-ec82efe4a7da.
Using cached asset_id: d7dc813c2e644d03a24fd0518906f3bd
  ✓ KLP question 1 icon uploaded: d7dc813c...
  ℹ️  No screens translation found for 'key-learning-point:aorta-compression-and-manual-removal_1504686794869'
Queued KLP to klps.csv: klp-2-aorta-compression-and-manual-removal
Using cached asset_id: f2807a306d1e408591c838ba163a6911
  ✓ KLP question 1 icon uploaded: f2807a30...
  ℹ️  No screens translation found for 'key-learning-point:repeat-intrauterine-palpation_1504687023070'
Queued KLP to klps.csv: klp-1-repeat-intrauterine-palpation
Using cached asset_id: ae188577ea37412892ea9742301c01a7
  ✓ KLP question 1 icon uploaded: ae188577...
  ℹ️  No screens translation found for 'key-learning-point:manual-compression-ended-aorta-compression_1504687099431'
Queued KLP to klps.csv: klp-2-manual-compression-ended-aorta-compression
Using cached asset_id: f2807a306d1e408591c838ba163a6911
  ✓ KLP question 1 icon uploaded: f2807a30...
  ℹ️  No screens translation found for 'key-learning-point:invasive_1504687163659'
Queued KLP to klps.csv: klp-3-action-after-removal
  ℹ️  No key-learning-points document found for key 'after-removal-of-placenta_1504687463704' with langId='7cf6efab-a9d7-54d2-2cbd-ec82efe4a7da'.
  ℹ️  No keyLearningPoints document found for key 'after-removal-of-placenta_1504687463704' with langId='7cf6efab-a9d7-54d2-2cbd-ec82efe4a7da'.
  ⚠ SKIP: Localized KLP 'after-removal-of-placenta_1504687463704' not found in 7cf6efab-a9d7-54d2-2cbd-ec82efe4a7da.
Using cached asset_id: 34fc7d73545d41ad9a12f4e1ec00a612
  ✓ KLP question 1 icon uploaded: 34fc7d73...
  ℹ️  No screens translation found for 'key-learning-point:action-right-after-removal-of-placenta_1504687629838'
Queued KLP to klps.csv: klp-1-action-right-after-removal-of-placenta
Using cached asset_id: 284b413c284d45f38cb92ce39845f608
  ✓ KLP question 1 icon uploaded: 284b413c...
  ℹ️  No screens translation found for 'key-learning-point:blood-inside-uterus_1504534828505'
Queued KLP to klps.csv: klp-2-blood-inside-uterus
  Step 2: Queuing module payload with resource slugs...
Using cached asset_id: 07b33a9942164023a8de551a28583b9d
Skipping previously failed asset: https://sdacms.blob.core.windows.net/content/assets/videos/english%20WHO/Manual%20removal%20of%20placenta/intro.mp4
Warning: Failed to process video asset: /english WHO/Manual removal of placenta/intro
Skipping previously failed asset: https://sdacms.blob.core.windows.net/content/assets/videos/english%20WHO/Manual%20removal%20of%20placenta/resuscitation.mp4
Warning: Failed to process video asset: /english WHO/Manual removal of placenta/resuscitation
Skipping previously failed asset: https://sdacms.blob.core.windows.net/content/assets/videos/english%20WHO/Manual%20removal%20of%20placenta/drugs_before_removal.mp4
Warning: Failed to process video asset: /english WHO/Manual removal of placenta/drugs_before_removal
Skipping previously failed asset: https://sdacms.blob.core.windows.net/content/assets/videos/english%20WHO/Manual%20removal%20of%20placenta/gloves.mp4
Warning: Failed to process video asset: /english WHO/Manual removal of placenta/gloves
Skipping previously failed asset: https://sdacms.blob.core.windows.net/content/assets/videos/english%20WHO/Manual%20removal%20of%20placenta/remove_the_placenta.mp4
Warning: Failed to process video asset: /english WHO/Manual removal of placenta/remove_the_placenta
Skipping previously failed asset: https://sdacms.blob.core.windows.net/content/assets/videos/english%20WHO/Manual%20removal%20of%20placenta/drugs_after_removal.mp4
Warning: Failed to process video asset: /english WHO/Manual removal of placenta/drugs_after_removal
Skipping previously failed asset: https://sdacms.blob.core.windows.net/content/assets/videos/english%20WHO/Manual%20removal%20of%20placenta/monitoring.mp4
Warning: Failed to process video asset: /english WHO/Manual removal of placenta/monitoring
  → Using bundle description fallback for translated module
  → Queued module 'Manual Removal of Placenta' -> /home/azureuser/test/content_migrator/data/processed_data/modules.csv
  → Found English title from Cosmos (key='maternal-sepsis_1487679043550'): 'Maternal Sepsis'
[ModuleMigrator] Using Cosmos doc resource lists for TRANSLATED module 'maternal-sepsis_1487679043550' (lang: 7cf6efab-a9d7-54d2-2cbd-ec82efe4a7da)
  actionCards: 5 keys
  procedures: 2 keys
  drugs: 11 keys
  keyLearningPoints: 37 keys
  videos: 6 keys
  ⚠ STRUCTURAL VIOLATION: Global identity document not found in Cosmos for localized module 'maternal-sepsis'. Proceeding with placeholder title: Maternal Sepsis
  Step 1: Preparing module resources (queue)...
Loaded 511 existing resource mappings
Mapping language:   7cf6efab-a9d7-54d2-2cbd-ec82efe4a7da
  DEBUG: Found 6 videos in module
Downloading video asset from https://sdacms.blob.core.windows.net/content/assets/videos/english%20WHO/Maternal%20sepsis/intro.mp4
Error downloading video asset https://sdacms.blob.core.windows.net/content/assets/videos/english%20WHO/Maternal%20sepsis/intro.mp4: 404 Client Error: The specified blob does not exist. for url: https://sdacms.blob.core.windows.net/content/assets/videos/english%20WHO/Maternal%20sepsis/intro.mp4
Video icon URL: english%20WHO/Maternal%20sepsis/intro
Video icon URL: english%20WHO/Maternal%20sepsis/intro
Downloading video_icon asset from https://sdacms.blob.core.windows.net/content/assets/videos/english%20WHO/Maternal%20sepsis/intro.png
Error downloading video_icon asset https://sdacms.blob.core.windows.net/content/assets/videos/english%20WHO/Maternal%20sepsis/intro.png: 404 Client Error: The specified blob does not exist. for url: https://sdacms.blob.core.windows.net/content/assets/videos/english%20WHO/Maternal%20sepsis/intro.png
Skipping video '/english WHO/Maternal sepsis/intro' - missing asset upload
Downloading video asset from https://sdacms.blob.core.windows.net/content/assets/videos/english%20WHO/Maternal%20sepsis/how_to_diagnose_definitions.mp4
Error downloading video asset https://sdacms.blob.core.windows.net/content/assets/videos/english%20WHO/Maternal%20sepsis/how_to_diagnose_definitions.mp4: 404 Client Error: The specified blob does not exist. for url: https://sdacms.blob.core.windows.net/content/assets/videos/english%20WHO/Maternal%20sepsis/how_to_diagnose_definitions.mp4
Video icon URL: english%20WHO/Maternal%20sepsis/how_to_diagnose_definitions
Video icon URL: english%20WHO/Maternal%20sepsis/how_to_diagnose_definitions
Downloading video_icon asset from https://sdacms.blob.core.windows.net/content/assets/videos/english%20WHO/Maternal%20sepsis/how_to_diagnose_definitions.png
Error downloading video_icon asset https://sdacms.blob.core.windows.net/content/assets/videos/english%20WHO/Maternal%20sepsis/how_to_diagnose_definitions.png: 404 Client Error: The specified blob does not exist. for url: https://sdacms.blob.core.windows.net/content/assets/videos/english%20WHO/Maternal%20sepsis/how_to_diagnose_definitions.png
Skipping video '/english WHO/Maternal sepsis/how_to_diagnose_definitions' - missing asset upload
Downloading video asset from https://sdacms.blob.core.windows.net/content/assets/videos/english%20WHO/Maternal%20sepsis/how_to_manage.mp4
Error downloading video asset https://sdacms.blob.core.windows.net/content/assets/videos/english%20WHO/Maternal%20sepsis/how_to_manage.mp4: 404 Client Error: The specified blob does not exist. for url: https://sdacms.blob.core.windows.net/content/assets/videos/english%20WHO/Maternal%20sepsis/how_to_manage.mp4
Video icon URL: english%20WHO/Maternal%20sepsis/how_to_manage
Video icon URL: english%20WHO/Maternal%20sepsis/how_to_manage
Downloading video_icon asset from https://sdacms.blob.core.windows.net/content/assets/videos/english%20WHO/Maternal%20sepsis/how_to_manage.png
Error downloading video_icon asset https://sdacms.blob.core.windows.net/content/assets/videos/english%20WHO/Maternal%20sepsis/how_to_manage.png: 404 Client Error: The specified blob does not exist. for url: https://sdacms.blob.core.windows.net/content/assets/videos/english%20WHO/Maternal%20sepsis/how_to_manage.png
Skipping video '/english WHO/Maternal sepsis/how_to_manage' - missing asset upload
Downloading video asset from https://sdacms.blob.core.windows.net/content/assets/videos/english%20WHO/Maternal%20sepsis/following_management.mp4
Error downloading video asset https://sdacms.blob.core.windows.net/content/assets/videos/english%20WHO/Maternal%20sepsis/following_management.mp4: 404 Client Error: The specified blob does not exist. for url: https://sdacms.blob.core.windows.net/content/assets/videos/english%20WHO/Maternal%20sepsis/following_management.mp4
Video icon URL: english%20WHO/Maternal%20sepsis/following_management
Video icon URL: english%20WHO/Maternal%20sepsis/following_management
Downloading video_icon asset from https://sdacms.blob.core.windows.net/content/assets/videos/english%20WHO/Maternal%20sepsis/following_management.png
Error downloading video_icon asset https://sdacms.blob.core.windows.net/content/assets/videos/english%20WHO/Maternal%20sepsis/following_management.png: 404 Client Error: The specified blob does not exist. for url: https://sdacms.blob.core.windows.net/content/assets/videos/english%20WHO/Maternal%20sepsis/following_management.png
Skipping video '/english WHO/Maternal sepsis/following_management' - missing asset upload
Downloading video asset from https://sdacms.blob.core.windows.net/content/assets/videos/english%20WHO/Maternal%20sepsis/origin_of_infection.mp4
Error downloading video asset https://sdacms.blob.core.windows.net/content/assets/videos/english%20WHO/Maternal%20sepsis/origin_of_infection.mp4: 404 Client Error: The specified blob does not exist. for url: https://sdacms.blob.core.windows.net/content/assets/videos/english%20WHO/Maternal%20sepsis/origin_of_infection.mp4
Video icon URL: english%20WHO/Maternal%20sepsis/origin_of_infection
Video icon URL: english%20WHO/Maternal%20sepsis/origin_of_infection
Downloading video_icon asset from https://sdacms.blob.core.windows.net/content/assets/videos/english%20WHO/Maternal%20sepsis/origin_of_infection.png
Error downloading video_icon asset https://sdacms.blob.core.windows.net/content/assets/videos/english%20WHO/Maternal%20sepsis/origin_of_infection.png: 404 Client Error: The specified blob does not exist. for url: https://sdacms.blob.core.windows.net/content/assets/videos/english%20WHO/Maternal%20sepsis/origin_of_infection.png
Skipping video '/english WHO/Maternal sepsis/origin_of_infection' - missing asset upload
Downloading video asset from https://sdacms.blob.core.windows.net/content/assets/videos/english%20WHO/Maternal%20sepsis/hiv.mp4
Error downloading video asset https://sdacms.blob.core.windows.net/content/assets/videos/english%20WHO/Maternal%20sepsis/hiv.mp4: 404 Client Error: The specified blob does not exist. for url: https://sdacms.blob.core.windows.net/content/assets/videos/english%20WHO/Maternal%20sepsis/hiv.mp4
Video icon URL: english%20WHO/Maternal%20sepsis/hiv
Video icon URL: english%20WHO/Maternal%20sepsis/hiv
Downloading video_icon asset from https://sdacms.blob.core.windows.net/content/assets/videos/english%20WHO/Maternal%20sepsis/hiv.png
Error downloading video_icon asset https://sdacms.blob.core.windows.net/content/assets/videos/english%20WHO/Maternal%20sepsis/hiv.png: 404 Client Error: The specified blob does not exist. for url: https://sdacms.blob.core.windows.net/content/assets/videos/english%20WHO/Maternal%20sepsis/hiv.png
Skipping video '/english WHO/Maternal sepsis/hiv' - missing asset upload
  DEBUG: Found 5 action cards in module
Mapping language:   7cf6efab-a9d7-54d2-2cbd-ec82efe4a7da
Using cached asset_id: 6945af35328445df9bf4f3ae4542daf6
Saved Markdown: /home/azureuser/test/content_migrator/data/temp_data/maternal_sepsis_definitions_original.md
Saved Markdown: /home/azureuser/test/content_migrator/data/temp_data/maternal_sepsis_definitions_adapted_africa.md
Saved Markdown: /home/azureuser/test/content_migrator/data/temp_data/maternal_sepsis_definitions_translated_action_card.md
Created action-card resource: title='Maternal Sepsis Definitions' description='Maternal Sepsis Definitions' icon='6945af35328445df9bf4f3ae4542daf6' content='5cdf88da2e074ba5992b7cb0783f4c19' language_id='7cf6efab-a9d7-54d2-2cbd-ec82efe4a7da' region='africa' content_type='original' created_by='natalia@maternity.dk' level=None questions=None derived_from_id=None
Created action-card resource: title='Maternal Sepsis Definitions' description='Maternal Sepsis Definitions' icon='6945af35328445df9bf4f3ae4542daf6' content='b27f36edf94b44b68745c97d2c11fff1' language_id='7cf6efab-a9d7-54d2-2cbd-ec82efe4a7da' region='africa' content_type='adapted' created_by='natalia@maternity.dk' level=None questions=None derived_from_id=None
Created action-card resource: title='Maternal Sepsis Definitions' description='Maternal Sepsis Definitions' icon='6945af35328445df9bf4f3ae4542daf6' content='c97358a996734f37ad61e6f121049e2e' language_id='7cf6efab-a9d7-54d2-2cbd-ec82efe4a7da' region='africa' content_type='translated' created_by='natalia@maternity.dk' level=None questions=None derived_from_id=None
  ℹ️  No screens translation found for 'action-card:definitions_1486838289048', using original
Queuing action-card: res-action-card-maternal-sepsis-definitions (Source: 'Maternal Sepsis Definitions')
Mapping language:   7cf6efab-a9d7-54d2-2cbd-ec82efe4a7da
Using cached asset_id: bc5b8f9b3222441ea2bcb6e8d127ca0f
Saved Markdown: /home/azureuser/test/content_migrator/data/temp_data/maternal_sepsis_emergency_management_original.md
Saved Markdown: /home/azureuser/test/content_migrator/data/temp_data/maternal_sepsis_emergency_management_adapted_africa.md
Saved Markdown: /home/azureuser/test/content_migrator/data/temp_data/maternal_sepsis_emergency_management_translated_action_card.md
Created action-card resource: title='Maternal Sepsis Emergency Management' description='Maternal Sepsis Emergency Management' icon='bc5b8f9b3222441ea2bcb6e8d127ca0f' content='cdecd08a3b2b4274894034615d3409ae' language_id='7cf6efab-a9d7-54d2-2cbd-ec82efe4a7da' region='africa' content_type='original' created_by='natalia@maternity.dk' level=None questions=None derived_from_id=None
Created action-card resource: title='Maternal Sepsis Emergency Management' description='Maternal Sepsis Emergency Management' icon='bc5b8f9b3222441ea2bcb6e8d127ca0f' content='2cb7f7eb993f4fb587190a7f27bd6011' language_id='7cf6efab-a9d7-54d2-2cbd-ec82efe4a7da' region='africa' content_type='adapted' created_by='natalia@maternity.dk' level=None questions=None derived_from_id=None
Created action-card resource: title='Maternal Sepsis Emergency Management' description='Maternal Sepsis Emergency Management' icon='bc5b8f9b3222441ea2bcb6e8d127ca0f' content='8bfb00b15bbd44bc8789748a3393f7a9' language_id='7cf6efab-a9d7-54d2-2cbd-ec82efe4a7da' region='africa' content_type='translated' created_by='natalia@maternity.dk' level=None questions=None derived_from_id=None
  ℹ️  No screens translation found for 'action-card:emergency-management_1486839145753', using original
Queuing action-card: res-action-card-maternal-sepsis-emergency-management (Source: 'Maternal Sepsis Emergency Management')
Mapping language:   7cf6efab-a9d7-54d2-2cbd-ec82efe4a7da
Using cached asset_id: b206312b182d4a1abe3c3c0d2fedf467
Saved Markdown: /home/azureuser/test/content_migrator/data/temp_data/maternal_sepsis_following_management_original.md
Saved Markdown: /home/azureuser/test/content_migrator/data/temp_data/maternal_sepsis_following_management_adapted_africa.md
Saved Markdown: /home/azureuser/test/content_migrator/data/temp_data/maternal_sepsis_following_management_translated_action_card.md
Created action-card resource: title='Maternal Sepsis Following Management' description='Maternal Sepsis Following Management' icon='b206312b182d4a1abe3c3c0d2fedf467' content='eb7acc02d4864e3bad9a7d7649499ce3' language_id='7cf6efab-a9d7-54d2-2cbd-ec82efe4a7da' region='africa' content_type='original' created_by='natalia@maternity.dk' level=None questions=None derived_from_id=None
Created action-card resource: title='Maternal Sepsis Following Management' description='Maternal Sepsis Following Management' icon='b206312b182d4a1abe3c3c0d2fedf467' content='bd6f353cad504ca6a20119acc059bd40' language_id='7cf6efab-a9d7-54d2-2cbd-ec82efe4a7da' region='africa' content_type='adapted' created_by='natalia@maternity.dk' level=None questions=None derived_from_id=None
Created action-card resource: title='Maternal Sepsis Following Management' description='Maternal Sepsis Following Management' icon='b206312b182d4a1abe3c3c0d2fedf467' content='99d2aab512f240a3abb8ac59bbd94490' language_id='7cf6efab-a9d7-54d2-2cbd-ec82efe4a7da' region='africa' content_type='translated' created_by='natalia@maternity.dk' level=None questions=None derived_from_id=None
  ℹ️  No screens translation found for 'action-card:following-management_1486840964786', using original
Queuing action-card: res-action-card-maternal-sepsis-following-management (Source: 'Maternal Sepsis Following Management')
Mapping language:   7cf6efab-a9d7-54d2-2cbd-ec82efe4a7da
Using cached asset_id: c84d39d3bce74c66a00edbae2ff26cfa
Saved Markdown: /home/azureuser/test/content_migrator/data/temp_data/maternal_sepsis_identify_cause_original.md
Saved Markdown: /home/azureuser/test/content_migrator/data/temp_data/maternal_sepsis_identify_cause_adapted_africa.md
Saved Markdown: /home/azureuser/test/content_migrator/data/temp_data/maternal_sepsis_identify_cause_translated_action_card.md
Created action-card resource: title='Maternal Sepsis Identify Cause' description='Maternal Sepsis Identify Cause' icon='c84d39d3bce74c66a00edbae2ff26cfa' content='ed3519b5aa0f4b02ac5cebaca279324c' language_id='7cf6efab-a9d7-54d2-2cbd-ec82efe4a7da' region='africa' content_type='original' created_by='natalia@maternity.dk' level=None questions=None derived_from_id=None
Created action-card resource: title='Maternal Sepsis Identify Cause' description='Maternal Sepsis Identify Cause' icon='c84d39d3bce74c66a00edbae2ff26cfa' content='0e0631450f2242a8b0fb742289315a40' language_id='7cf6efab-a9d7-54d2-2cbd-ec82efe4a7da' region='africa' content_type='adapted' created_by='natalia@maternity.dk' level=None questions=None derived_from_id=None
Created action-card resource: title='Maternal Sepsis Identify Cause' description='Maternal Sepsis Identify Cause' icon='c84d39d3bce74c66a00edbae2ff26cfa' content='ee33c90a93e545289114b0c100b8607d' language_id='7cf6efab-a9d7-54d2-2cbd-ec82efe4a7da' region='africa' content_type='translated' created_by='natalia@maternity.dk' level=None questions=None derived_from_id=None
  ℹ️  No screens translation found for 'action-card:identify-cause_1486841405518', using original
Queuing action-card: res-action-card-maternal-sepsis-identify-cause (Source: 'Maternal Sepsis Identify Cause')
Mapping language:   7cf6efab-a9d7-54d2-2cbd-ec82efe4a7da
Using cached asset_id: 5c7e7afdce7d4b84952e58208235ba8d
Saved Markdown: /home/azureuser/test/content_migrator/data/temp_data/emergency_referral_maternal_sepsis_original.md
Saved Markdown: /home/azureuser/test/content_migrator/data/temp_data/emergency_referral_maternal_sepsis_adapted_africa.md
Saved Markdown: /home/azureuser/test/content_migrator/data/temp_data/emergency_referral_maternal_sepsis_translated_action_card.md
  📎 Linking 1 embedded asset(s) to markdown upload
Created action-card resource: title='Emergency Referral - Maternal Sepsis' description='Emergency Referral - Maternal Sepsis' icon='5c7e7afdce7d4b84952e58208235ba8d' content='94eebd0bce6a4dcba092bd55c5c84fce' language_id='7cf6efab-a9d7-54d2-2cbd-ec82efe4a7da' region='africa' content_type='original' created_by='natalia@maternity.dk' level=None questions=None derived_from_id=None
  📎 Linking 1 embedded asset(s) to markdown upload
Created action-card resource: title='Emergency Referral - Maternal Sepsis' description='Emergency Referral - Maternal Sepsis' icon='5c7e7afdce7d4b84952e58208235ba8d' content='fd4e186fbe0d4425bc1d45a09941b246' language_id='7cf6efab-a9d7-54d2-2cbd-ec82efe4a7da' region='africa' content_type='adapted' created_by='natalia@maternity.dk' level=None questions=None derived_from_id=None
  📎 Linking 1 embedded asset(s) to markdown upload
Created action-card resource: title='Emergency Referral - Maternal Sepsis' description='Emergency Referral - Maternal Sepsis' icon='5c7e7afdce7d4b84952e58208235ba8d' content='3e7ff1cbe76c4e678103d5e6d725da24' language_id='7cf6efab-a9d7-54d2-2cbd-ec82efe4a7da' region='africa' content_type='translated' created_by='natalia@maternity.dk' level=None questions=None derived_from_id=None
  ℹ️  No screens translation found for 'action-card:emergency-referral---maternal-sepsis_1527674910564', using original
Queuing action-card: res-action-card-emergency-referral-maternal-sepsis (Source: 'Emergency Referral - Maternal Sepsis')
Mapping language:   7cf6efab-a9d7-54d2-2cbd-ec82efe4a7da
  DEBUG: Found 2 procedures in module
Using cached asset_id: 28375baf9417458e9f8cd106380f78de
Saved Markdown: /home/azureuser/test/content_migrator/data/temp_data/urine_catheter_original.md
Saved Markdown: /home/azureuser/test/content_migrator/data/temp_data/urine_catheter_adapted_africa.md
Saved Markdown: /home/azureuser/test/content_migrator/data/temp_data/urine_catheter_translated_action_card.md
  📎 Linking 1 embedded asset(s) to markdown upload
Created action-card resource: title='Urine catheter' description='Urine catheter' icon='28375baf9417458e9f8cd106380f78de' content='320c165632b6486d91f383eec613cd27' language_id='7cf6efab-a9d7-54d2-2cbd-ec82efe4a7da' region='africa' content_type='original' created_by='frederikke@maternity.dk' level=None questions=None derived_from_id=None
  📎 Linking 1 embedded asset(s) to markdown upload
Created action-card resource: title='Urine catheter' description='Urine catheter' icon='28375baf9417458e9f8cd106380f78de' content='d7d2736239834e05839b41c66dc76679' language_id='7cf6efab-a9d7-54d2-2cbd-ec82efe4a7da' region='africa' content_type='adapted' created_by='frederikke@maternity.dk' level=None questions=None derived_from_id=None
  📎 Linking 1 embedded asset(s) to markdown upload
Created action-card resource: title='Urine catheter' description='Urine catheter' icon='28375baf9417458e9f8cd106380f78de' content='feb9c125bc994c8ebd49c21f40d79386' language_id='7cf6efab-a9d7-54d2-2cbd-ec82efe4a7da' region='africa' content_type='translated' created_by='frederikke@maternity.dk' level=None questions=None derived_from_id=None
  ℹ️  No screens translation found for 'procedure:urine-catheter_1487245590353', using original
Queuing procedure: res-procedure-urine-catheter (Source: 'Urine catheter')
Overwriting previous queue for 'res-procedure-urine-catheter' with language-specific version (lang: 7cf6efab-a9d7-54d2-2cbd-ec82efe4a7da)
  ℹ️  No procedures document found for key 'intravenous-access-equipment---adult_1771419718711' with langId='7cf6efab-a9d7-54d2-2cbd-ec82efe4a7da'.
  ⚠ SKIP: Localized procedure 'intravenous-access-equipment---adult_1771419718711' not found in 7cf6efab-a9d7-54d2-2cbd-ec82efe4a7da.
Using cached asset_id: a0097b7ba44a48c88cf840c0029ffa25
  ✓ Module icon uploaded for drugs: a0097b7b...
Mapping language:   7cf6efab-a9d7-54d2-2cbd-ec82efe4a7da
  DEBUG: Found 11 drugs in module
  ✓ Drug inheriting module icon: a0097b7b...
Saved Markdown: /home/azureuser/test/content_migrator/data/temp_data/ampicillin_original.md
Saved Markdown: /home/azureuser/test/content_migrator/data/temp_data/ampicillin_adapted_africa.md
Saved Markdown: /home/azureuser/test/content_migrator/data/temp_data/ampicillin_translated_action_card.md
Created action-card resource: title='Ampicillin' description='Ampicillin' icon='a0097b7ba44a48c88cf840c0029ffa25' content='f922d1290be547c188eb81e31a264eea' language_id='7cf6efab-a9d7-54d2-2cbd-ec82efe4a7da' region='africa' content_type='original' created_by='nanna@maternity.dk' level=None questions=None derived_from_id=None
Created action-card resource: title='Ampicillin' description='Ampicillin' icon='a0097b7ba44a48c88cf840c0029ffa25' content='d9a3ea26e0fa406b83cc24aa792d03cd' language_id='7cf6efab-a9d7-54d2-2cbd-ec82efe4a7da' region='africa' content_type='adapted' created_by='nanna@maternity.dk' level=None questions=None derived_from_id=None
Created action-card resource: title='Ampicillin' description='Ampicillin' icon='a0097b7ba44a48c88cf840c0029ffa25' content='913ba865595348a8bcb3f19192c004df' language_id='7cf6efab-a9d7-54d2-2cbd-ec82efe4a7da' region='africa' content_type='translated' created_by='nanna@maternity.dk' level=None questions=None derived_from_id=None
  ℹ️  No screens translation found for 'drug:ampicillin_1486975748548', using original
Queuing drug: res-drug-ampicillin (Source: 'Ampicillin')
Overwriting previous queue for 'res-drug-ampicillin' with language-specific version (lang: 7cf6efab-a9d7-54d2-2cbd-ec82efe4a7da)
  ✓ Drug inheriting module icon: a0097b7b...
Saved Markdown: /home/azureuser/test/content_migrator/data/temp_data/gentamicin_original.md
Saved Markdown: /home/azureuser/test/content_migrator/data/temp_data/gentamicin_adapted_africa.md
Saved Markdown: /home/azureuser/test/content_migrator/data/temp_data/gentamicin_translated_action_card.md
Created action-card resource: title='Gentamicin' description='Gentamicin' icon='a0097b7ba44a48c88cf840c0029ffa25' content='a4d2011e575c497d96bb7887c89a64bb' language_id='7cf6efab-a9d7-54d2-2cbd-ec82efe4a7da' region='africa' content_type='original' created_by='nanna@maternity.dk' level=None questions=None derived_from_id=None
Created action-card resource: title='Gentamicin' description='Gentamicin' icon='a0097b7ba44a48c88cf840c0029ffa25' content='1df7f222b4444e228c03fc6a3ab51e42' language_id='7cf6efab-a9d7-54d2-2cbd-ec82efe4a7da' region='africa' content_type='adapted' created_by='nanna@maternity.dk' level=None questions=None derived_from_id=None
Created action-card resource: title='Gentamicin' description='Gentamicin' icon='a0097b7ba44a48c88cf840c0029ffa25' content='8af667df79c14bcbb8ddf8f62bda7356' language_id='7cf6efab-a9d7-54d2-2cbd-ec82efe4a7da' region='africa' content_type='translated' created_by='nanna@maternity.dk' level=None questions=None derived_from_id=None
  ℹ️  No screens translation found for 'drug:gentamicin_1487679704293', using original
Queuing drug: res-drug-gentamicin (Source: 'Gentamicin')
Overwriting previous queue for 'res-drug-gentamicin' with language-specific version (lang: 7cf6efab-a9d7-54d2-2cbd-ec82efe4a7da)
  ✓ Drug inheriting module icon: a0097b7b...
Saved Markdown: /home/azureuser/test/content_migrator/data/temp_data/metronidazole_original.md
Saved Markdown: /home/azureuser/test/content_migrator/data/temp_data/metronidazole_adapted_africa.md
Saved Markdown: /home/azureuser/test/content_migrator/data/temp_data/metronidazole_translated_action_card.md
Created action-card resource: title='Metronidazole' description='Metronidazole' icon='a0097b7ba44a48c88cf840c0029ffa25' content='fdab3f2d3f30430e9ecbce0dbf9c7656' language_id='7cf6efab-a9d7-54d2-2cbd-ec82efe4a7da' region='africa' content_type='original' created_by='nanna@maternity.dk' level=None questions=None derived_from_id=None
Created action-card resource: title='Metronidazole' description='Metronidazole' icon='a0097b7ba44a48c88cf840c0029ffa25' content='1e1ab0150fc34e538f76db63b6617b4e' language_id='7cf6efab-a9d7-54d2-2cbd-ec82efe4a7da' region='africa' content_type='adapted' created_by='nanna@maternity.dk' level=None questions=None derived_from_id=None
Created action-card resource: title='Metronidazole' description='Metronidazole' icon='a0097b7ba44a48c88cf840c0029ffa25' content='be095a2999cf471ea5616be98446b3e3' language_id='7cf6efab-a9d7-54d2-2cbd-ec82efe4a7da' region='africa' content_type='translated' created_by='nanna@maternity.dk' level=None questions=None derived_from_id=None
  ℹ️  No screens translation found for 'drug:metronidazole_1487112262252', using original
Queuing drug: res-drug-metronidazole (Source: 'Metronidazole')
Overwriting previous queue for 'res-drug-metronidazole' with language-specific version (lang: 7cf6efab-a9d7-54d2-2cbd-ec82efe4a7da)
  ✓ Drug inheriting module icon: a0097b7b...
Saved Markdown: /home/azureuser/test/content_migrator/data/temp_data/artesunate_original.md
Saved Markdown: /home/azureuser/test/content_migrator/data/temp_data/artesunate_adapted_africa.md
Saved Markdown: /home/azureuser/test/content_migrator/data/temp_data/artesunate_translated_action_card.md
Created action-card resource: title='Artesunate' description='Artesunate' icon='a0097b7ba44a48c88cf840c0029ffa25' content='fc64cf591e7e4455b9ddcee0f4d67e5d' language_id='7cf6efab-a9d7-54d2-2cbd-ec82efe4a7da' region='africa' content_type='original' created_by='nanna@maternity.dk' level=None questions=None derived_from_id=None
Created action-card resource: title='Artesunate' description='Artesunate' icon='a0097b7ba44a48c88cf840c0029ffa25' content='1055a94c24a14780b3afb0d6bd325afc' language_id='7cf6efab-a9d7-54d2-2cbd-ec82efe4a7da' region='africa' content_type='adapted' created_by='nanna@maternity.dk' level=None questions=None derived_from_id=None
Created action-card resource: title='Artesunate' description='Artesunate' icon='a0097b7ba44a48c88cf840c0029ffa25' content='5c84a26325b847e6a15b8249e744d549' language_id='7cf6efab-a9d7-54d2-2cbd-ec82efe4a7da' region='africa' content_type='translated' created_by='nanna@maternity.dk' level=None questions=None derived_from_id=None
  ℹ️  No screens translation found for 'drug:artesunate_1487078838130', using original
Queuing drug: res-drug-artesunate (Source: 'Artesunate')
  ✓ Drug inheriting module icon: a0097b7b...
Saved Markdown: /home/azureuser/test/content_migrator/data/temp_data/quinine_original.md
Saved Markdown: /home/azureuser/test/content_migrator/data/temp_data/quinine_adapted_africa.md
Saved Markdown: /home/azureuser/test/content_migrator/data/temp_data/quinine_translated_action_card.md
Created action-card resource: title='Quinine' description='Quinine' icon='a0097b7ba44a48c88cf840c0029ffa25' content='e65a92d138f84a9eb454106c1ae78010' language_id='7cf6efab-a9d7-54d2-2cbd-ec82efe4a7da' region='africa' content_type='original' created_by='nanna@maternity.dk' level=None questions=None derived_from_id=None
Created action-card resource: title='Quinine' description='Quinine' icon='a0097b7ba44a48c88cf840c0029ffa25' content='66278c9543c44d2e9bb74ccfa3da1ccd' language_id='7cf6efab-a9d7-54d2-2cbd-ec82efe4a7da' region='africa' content_type='adapted' created_by='nanna@maternity.dk' level=None questions=None derived_from_id=None
Created action-card resource: title='Quinine' description='Quinine' icon='a0097b7ba44a48c88cf840c0029ffa25' content='a0819eb67cd641d982582569b1147453' language_id='7cf6efab-a9d7-54d2-2cbd-ec82efe4a7da' region='africa' content_type='translated' created_by='nanna@maternity.dk' level=None questions=None derived_from_id=None
  ℹ️  No screens translation found for 'drug:quinine_1487158788622', using original
Queuing drug: res-drug-quinine (Source: 'Quinine')
  ✓ Drug inheriting module icon: a0097b7b...
Saved Markdown: /home/azureuser/test/content_migrator/data/temp_data/dexamethasone_original.md
Saved Markdown: /home/azureuser/test/content_migrator/data/temp_data/dexamethasone_adapted_africa.md
Saved Markdown: /home/azureuser/test/content_migrator/data/temp_data/dexamethasone_translated_action_card.md
Created action-card resource: title='Dexamethasone' description='Dexamethasone' icon='a0097b7ba44a48c88cf840c0029ffa25' content='623aad202e784a0ea1860bdd3d3b9710' language_id='7cf6efab-a9d7-54d2-2cbd-ec82efe4a7da' region='africa' content_type='original' created_by='nanna@maternity.dk' level=None questions=None derived_from_id=None
Created action-card resource: title='Dexamethasone' description='Dexamethasone' icon='a0097b7ba44a48c88cf840c0029ffa25' content='9d620dc6bf8f4a638f68143fcb06a344' language_id='7cf6efab-a9d7-54d2-2cbd-ec82efe4a7da' region='africa' content_type='adapted' created_by='nanna@maternity.dk' level=None questions=None derived_from_id=None
Created action-card resource: title='Dexamethasone' description='Dexamethasone' icon='a0097b7ba44a48c88cf840c0029ffa25' content='6116f304f7214ac9ab29eac71a857640' language_id='7cf6efab-a9d7-54d2-2cbd-ec82efe4a7da' region='africa' content_type='translated' created_by='nanna@maternity.dk' level=None questions=None derived_from_id=None
  ℹ️  No screens translation found for 'drug:dexamethasone_1487101787771', using original
Queuing drug: res-drug-dexamethasone (Source: 'Dexamethasone')
Overwriting previous queue for 'res-drug-dexamethasone' with language-specific version (lang: 7cf6efab-a9d7-54d2-2cbd-ec82efe4a7da)
  ✓ Drug inheriting module icon: a0097b7b...
Saved Markdown: /home/azureuser/test/content_migrator/data/temp_data/betamethasone_original.md
Saved Markdown: /home/azureuser/test/content_migrator/data/temp_data/betamethasone_adapted_africa.md
Saved Markdown: /home/azureuser/test/content_migrator/data/temp_data/betamethasone_translated_action_card.md
Created action-card resource: title='Betamethasone' description='Betamethasone' icon='a0097b7ba44a48c88cf840c0029ffa25' content='da20385fe8994a45a6e296623e6ec0e4' language_id='7cf6efab-a9d7-54d2-2cbd-ec82efe4a7da' region='africa' content_type='original' created_by='nanna@maternity.dk' level=None questions=None derived_from_id=None
Created action-card resource: title='Betamethasone' description='Betamethasone' icon='a0097b7ba44a48c88cf840c0029ffa25' content='ae5740f787b8440c8f8ed433dff7e535' language_id='7cf6efab-a9d7-54d2-2cbd-ec82efe4a7da' region='africa' content_type='adapted' created_by='nanna@maternity.dk' level=None questions=None derived_from_id=None
Created action-card resource: title='Betamethasone' description='Betamethasone' icon='a0097b7ba44a48c88cf840c0029ffa25' content='45f9414fa71b4a59aed5504c975a7ec3' language_id='7cf6efab-a9d7-54d2-2cbd-ec82efe4a7da' region='africa' content_type='translated' created_by='nanna@maternity.dk' level=None questions=None derived_from_id=None
  ℹ️  No screens translation found for 'drug:betamethasone_1487080183154', using original
Queuing drug: res-drug-betamethasone (Source: 'Betamethasone')
Overwriting previous queue for 'res-drug-betamethasone' with language-specific version (lang: 7cf6efab-a9d7-54d2-2cbd-ec82efe4a7da)
  ✓ Drug inheriting module icon: a0097b7b...
Saved Markdown: /home/azureuser/test/content_migrator/data/temp_data/dicloxacillin_original.md
Saved Markdown: /home/azureuser/test/content_migrator/data/temp_data/dicloxacillin_adapted_africa.md
Saved Markdown: /home/azureuser/test/content_migrator/data/temp_data/dicloxacillin_translated_action_card.md
Created action-card resource: title='Dicloxacillin' description='Dicloxacillin' icon='a0097b7ba44a48c88cf840c0029ffa25' content='d86cad416bca4758a76636d9e2d2ffc9' language_id='7cf6efab-a9d7-54d2-2cbd-ec82efe4a7da' region='africa' content_type='original' created_by='nanna@maternity.dk' level=None questions=None derived_from_id=None
Created action-card resource: title='Dicloxacillin' description='Dicloxacillin' icon='a0097b7ba44a48c88cf840c0029ffa25' content='a464575735b44f88b0ce856e01902c44' language_id='7cf6efab-a9d7-54d2-2cbd-ec82efe4a7da' region='africa' content_type='adapted' created_by='nanna@maternity.dk' level=None questions=None derived_from_id=None
Created action-card resource: title='Dicloxacillin' description='Dicloxacillin' icon='a0097b7ba44a48c88cf840c0029ffa25' content='5e23a5046f1149fab4bd5cff063d159c' language_id='7cf6efab-a9d7-54d2-2cbd-ec82efe4a7da' region='africa' content_type='translated' created_by='nanna@maternity.dk' level=None questions=None derived_from_id=None
  ℹ️  No screens translation found for 'drug:dicloxacillin_1487103485964', using original
Queuing drug: res-drug-dicloxacillin (Source: 'Dicloxacillin')
Overwriting previous queue for 'res-drug-dicloxacillin' with language-specific version (lang: 7cf6efab-a9d7-54d2-2cbd-ec82efe4a7da)
  ✓ Drug inheriting module icon: a0097b7b...
Saved Markdown: /home/azureuser/test/content_migrator/data/temp_data/chloramphenicol_original.md
Saved Markdown: /home/azureuser/test/content_migrator/data/temp_data/chloramphenicol_adapted_africa.md
Saved Markdown: /home/azureuser/test/content_migrator/data/temp_data/chloramphenicol_translated_action_card.md
Created action-card resource: title='Chloramphenicol' description='Chloramphenicol' icon='a0097b7ba44a48c88cf840c0029ffa25' content='14153c26ec6640c5877fcc02b6a95af2' language_id='7cf6efab-a9d7-54d2-2cbd-ec82efe4a7da' region='africa' content_type='original' created_by='nanna@maternity.dk' level=None questions=None derived_from_id=None
Created action-card resource: title='Chloramphenicol' description='Chloramphenicol' icon='a0097b7ba44a48c88cf840c0029ffa25' content='d1b51ec09b7e48dfbc72201ed08876d3' language_id='7cf6efab-a9d7-54d2-2cbd-ec82efe4a7da' region='africa' content_type='adapted' created_by='nanna@maternity.dk' level=None questions=None derived_from_id=None
Created action-card resource: title='Chloramphenicol' description='Chloramphenicol' icon='a0097b7ba44a48c88cf840c0029ffa25' content='a9873050f77b4baea38ec8d853139331' language_id='7cf6efab-a9d7-54d2-2cbd-ec82efe4a7da' region='africa' content_type='translated' created_by='nanna@maternity.dk' level=None questions=None derived_from_id=None
  ℹ️  No screens translation found for 'drug:chloramphenicol_1487097224306', using original
Queuing drug: res-drug-chloramphenicol (Source: 'Chloramphenicol')
  ✓ Drug inheriting module icon: a0097b7b...
Saved Markdown: /home/azureuser/test/content_migrator/data/temp_data/penicillin_g_benzylpenicillin_original.md
Saved Markdown: /home/azureuser/test/content_migrator/data/temp_data/penicillin_g_benzylpenicillin_adapted_africa.md
Saved Markdown: /home/azureuser/test/content_migrator/data/temp_data/penicillin_g_benzylpenicillin_translated_action_card.md
Created action-card resource: title='Penicillin G (Benzylpenicillin)' description='Penicillin G (Benzylpenicillin)' icon='a0097b7ba44a48c88cf840c0029ffa25' content='d2a6d7186f6e4b648c6b8ab55ede485e' language_id='7cf6efab-a9d7-54d2-2cbd-ec82efe4a7da' region='africa' content_type='original' created_by='nanna@maternity.dk' level=None questions=None derived_from_id=None
Created action-card resource: title='Penicillin G (Benzylpenicillin)' description='Penicillin G (Benzylpenicillin)' icon='a0097b7ba44a48c88cf840c0029ffa25' content='cde548961b6c4211a017609b958b96e1' language_id='7cf6efab-a9d7-54d2-2cbd-ec82efe4a7da' region='africa' content_type='adapted' created_by='nanna@maternity.dk' level=None questions=None derived_from_id=None
Created action-card resource: title='Penicillin G (Benzylpenicillin)' description='Penicillin G (Benzylpenicillin)' icon='a0097b7ba44a48c88cf840c0029ffa25' content='8e158068eadd4b13b4d0da1b9f082dff' language_id='7cf6efab-a9d7-54d2-2cbd-ec82efe4a7da' region='africa' content_type='translated' created_by='nanna@maternity.dk' level=None questions=None derived_from_id=None
  ℹ️  No screens translation found for 'drug:penicillin-g-benzylpenicillin_1487157542019', using original
Queuing drug: res-drug-penicillin-g-benzylpenicillin (Source: 'Penicillin G (Benzylpenicillin)')
Overwriting previous queue for 'res-drug-penicillin-g-benzylpenicillin' with language-specific version (lang: 7cf6efab-a9d7-54d2-2cbd-ec82efe4a7da)
  ✓ Drug inheriting module icon: a0097b7b...
Saved Markdown: /home/azureuser/test/content_migrator/data/temp_data/ceftriaxone_original.md
Saved Markdown: /home/azureuser/test/content_migrator/data/temp_data/ceftriaxone_adapted_africa.md
Saved Markdown: /home/azureuser/test/content_migrator/data/temp_data/ceftriaxone_translated_action_card.md
Created action-card resource: title='Ceftriaxone' description='Ceftriaxone' icon='a0097b7ba44a48c88cf840c0029ffa25' content='925d291be0e4465398302a4c2b281a55' language_id='7cf6efab-a9d7-54d2-2cbd-ec82efe4a7da' region='africa' content_type='original' created_by='nanna@maternity.dk' level=None questions=None derived_from_id=None
Created action-card resource: title='Ceftriaxone' description='Ceftriaxone' icon='a0097b7ba44a48c88cf840c0029ffa25' content='2da4dcf2a4b1437499b36c9afa91c1fe' language_id='7cf6efab-a9d7-54d2-2cbd-ec82efe4a7da' region='africa' content_type='adapted' created_by='nanna@maternity.dk' level=None questions=None derived_from_id=None
Created action-card resource: title='Ceftriaxone' description='Ceftriaxone' icon='a0097b7ba44a48c88cf840c0029ffa25' content='f04d260b99124af594e0f7bd073c8e01' language_id='7cf6efab-a9d7-54d2-2cbd-ec82efe4a7da' region='africa' content_type='translated' created_by='nanna@maternity.dk' level=None questions=None derived_from_id=None
  ℹ️  No screens translation found for 'drug:ceftriaxone_1487080443380', using original
Queuing drug: res-drug-ceftriaxone (Source: 'Ceftriaxone')
Overwriting previous queue for 'res-drug-ceftriaxone' with language-specific version (lang: 7cf6efab-a9d7-54d2-2cbd-ec82efe4a7da)
Mapping language:   7cf6efab-a9d7-54d2-2cbd-ec82efe4a7da
  ℹ️  No key-learning-points document found for key 'meaning-of-sepsis_1504944629301' with langId='7cf6efab-a9d7-54d2-2cbd-ec82efe4a7da'.
  ℹ️  No keyLearningPoints document found for key 'meaning-of-sepsis_1504944629301' with langId='7cf6efab-a9d7-54d2-2cbd-ec82efe4a7da'.
  ⚠ SKIP: Localized KLP 'meaning-of-sepsis_1504944629301' not found in 7cf6efab-a9d7-54d2-2cbd-ec82efe4a7da.
  ℹ️  No key-learning-points document found for key 'diagnose-sepsis_1504944721115' with langId='7cf6efab-a9d7-54d2-2cbd-ec82efe4a7da'.
  ℹ️  No keyLearningPoints document found for key 'diagnose-sepsis_1504944721115' with langId='7cf6efab-a9d7-54d2-2cbd-ec82efe4a7da'.
  ⚠ SKIP: Localized KLP 'diagnose-sepsis_1504944721115' not found in 7cf6efab-a9d7-54d2-2cbd-ec82efe4a7da.
  ℹ️  No key-learning-points document found for key 'septic-shock_1504944788616' with langId='7cf6efab-a9d7-54d2-2cbd-ec82efe4a7da'.
  ℹ️  No keyLearningPoints document found for key 'septic-shock_1504944788616' with langId='7cf6efab-a9d7-54d2-2cbd-ec82efe4a7da'.
  ⚠ SKIP: Localized KLP 'septic-shock_1504944788616' not found in 7cf6efab-a9d7-54d2-2cbd-ec82efe4a7da.
  ℹ️  No key-learning-points document found for key 'vital-signs_1504944907638' with langId='7cf6efab-a9d7-54d2-2cbd-ec82efe4a7da'.
  ℹ️  No keyLearningPoints document found for key 'vital-signs_1504944907638' with langId='7cf6efab-a9d7-54d2-2cbd-ec82efe4a7da'.
  ⚠ SKIP: Localized KLP 'vital-signs_1504944907638' not found in 7cf6efab-a9d7-54d2-2cbd-ec82efe4a7da.
  ℹ️  No key-learning-points document found for key 'importance-of-fluid-management_1504944997773' with langId='7cf6efab-a9d7-54d2-2cbd-ec82efe4a7da'.
  ℹ️  No keyLearningPoints document found for key 'importance-of-fluid-management_1504944997773' with langId='7cf6efab-a9d7-54d2-2cbd-ec82efe4a7da'.
  ⚠ SKIP: Localized KLP 'importance-of-fluid-management_1504944997773' not found in 7cf6efab-a9d7-54d2-2cbd-ec82efe4a7da.
  ℹ️  No key-learning-points document found for key 'assess-of-fluid-balance_1504945090408' with langId='7cf6efab-a9d7-54d2-2cbd-ec82efe4a7da'.
  ℹ️  No keyLearningPoints document found for key 'assess-of-fluid-balance_1504945090408' with langId='7cf6efab-a9d7-54d2-2cbd-ec82efe4a7da'.
  ⚠ SKIP: Localized KLP 'assess-of-fluid-balance_1504945090408' not found in 7cf6efab-a9d7-54d2-2cbd-ec82efe4a7da.
  ℹ️  No key-learning-points document found for key 'fluid-balance-be-calculated_1504945280195' with langId='7cf6efab-a9d7-54d2-2cbd-ec82efe4a7da'.
  ℹ️  No keyLearningPoints document found for key 'fluid-balance-be-calculated_1504945280195' with langId='7cf6efab-a9d7-54d2-2cbd-ec82efe4a7da'.
  ⚠ SKIP: Localized KLP 'fluid-balance-be-calculated_1504945280195' not found in 7cf6efab-a9d7-54d2-2cbd-ec82efe4a7da.
  ℹ️  No key-learning-points document found for key 'fluid-balance-be_1504945346611' with langId='7cf6efab-a9d7-54d2-2cbd-ec82efe4a7da'.
  ℹ️  No keyLearningPoints document found for key 'fluid-balance-be_1504945346611' with langId='7cf6efab-a9d7-54d2-2cbd-ec82efe4a7da'.
  ⚠ SKIP: Localized KLP 'fluid-balance-be_1504945346611' not found in 7cf6efab-a9d7-54d2-2cbd-ec82efe4a7da.
  ℹ️  No key-learning-points document found for key 'in-case-of-a-septic-shock-it-should-be-calculated-each-hour_1504945415855' with langId='7cf6efab-a9d7-54d2-2cbd-ec82efe4a7da'.
  ℹ️  No keyLearningPoints document found for key 'in-case-of-a-septic-shock-it-should-be-calculated-each-hour_1504945415855' with langId='7cf6efab-a9d7-54d2-2cbd-ec82efe4a7da'.
  ⚠ SKIP: Localized KLP 'in-case-of-a-septic-shock-it-should-be-calculated-each-hour_1504945415855' not found in 7cf6efab-a9d7-54d2-2cbd-ec82efe4a7da.
  ℹ️  No key-learning-points document found for key 'complications-to-sepsis_1504945501258' with langId='7cf6efab-a9d7-54d2-2cbd-ec82efe4a7da'.
  ℹ️  No keyLearningPoints document found for key 'complications-to-sepsis_1504945501258' with langId='7cf6efab-a9d7-54d2-2cbd-ec82efe4a7da'.
  ⚠ SKIP: Localized KLP 'complications-to-sepsis_1504945501258' not found in 7cf6efab-a9d7-54d2-2cbd-ec82efe4a7da.
  ℹ️  No key-learning-points document found for key 'initial-management_1504945569353' with langId='7cf6efab-a9d7-54d2-2cbd-ec82efe4a7da'.
  ℹ️  No keyLearningPoints document found for key 'initial-management_1504945569353' with langId='7cf6efab-a9d7-54d2-2cbd-ec82efe4a7da'.
  ⚠ SKIP: Localized KLP 'initial-management_1504945569353' not found in 7cf6efab-a9d7-54d2-2cbd-ec82efe4a7da.
  ℹ️  No key-learning-points document found for key 'circulation-_1504945650697' with langId='7cf6efab-a9d7-54d2-2cbd-ec82efe4a7da'.
  ℹ️  No keyLearningPoints document found for key 'circulation-_1504945650697' with langId='7cf6efab-a9d7-54d2-2cbd-ec82efe4a7da'.
  ⚠ SKIP: Localized KLP 'circulation-_1504945650697' not found in 7cf6efab-a9d7-54d2-2cbd-ec82efe4a7da.
  ℹ️  No key-learning-points document found for key 'drugs_1504945729088' with langId='7cf6efab-a9d7-54d2-2cbd-ec82efe4a7da'.
  ℹ️  No keyLearningPoints document found for key 'drugs_1504945729088' with langId='7cf6efab-a9d7-54d2-2cbd-ec82efe4a7da'.
  ⚠ SKIP: Localized KLP 'drugs_1504945729088' not found in 7cf6efab-a9d7-54d2-2cbd-ec82efe4a7da.
  ℹ️  No key-learning-points document found for key 'ampicillin-sepsis_1504945793742' with langId='7cf6efab-a9d7-54d2-2cbd-ec82efe4a7da'.
  ℹ️  No keyLearningPoints document found for key 'ampicillin-sepsis_1504945793742' with langId='7cf6efab-a9d7-54d2-2cbd-ec82efe4a7da'.
  ⚠ SKIP: Localized KLP 'ampicillin-sepsis_1504945793742' not found in 7cf6efab-a9d7-54d2-2cbd-ec82efe4a7da.
  ℹ️  No key-learning-points document found for key 'gentamicin_1504945982881' with langId='7cf6efab-a9d7-54d2-2cbd-ec82efe4a7da'.
  ℹ️  No keyLearningPoints document found for key 'gentamicin_1504945982881' with langId='7cf6efab-a9d7-54d2-2cbd-ec82efe4a7da'.
  ⚠ SKIP: Localized KLP 'gentamicin_1504945982881' not found in 7cf6efab-a9d7-54d2-2cbd-ec82efe4a7da.
  ℹ️  No key-learning-points document found for key 'metronidazole_1504946039271' with langId='7cf6efab-a9d7-54d2-2cbd-ec82efe4a7da'.
  ℹ️  No keyLearningPoints document found for key 'metronidazole_1504946039271' with langId='7cf6efab-a9d7-54d2-2cbd-ec82efe4a7da'.
  ⚠ SKIP: Localized KLP 'metronidazole_1504946039271' not found in 7cf6efab-a9d7-54d2-2cbd-ec82efe4a7da.
  ℹ️  No key-learning-points document found for key 'ceftriaxone_1504946097782' with langId='7cf6efab-a9d7-54d2-2cbd-ec82efe4a7da'.
  ℹ️  No keyLearningPoints document found for key 'ceftriaxone_1504946097782' with langId='7cf6efab-a9d7-54d2-2cbd-ec82efe4a7da'.
  ⚠ SKIP: Localized KLP 'ceftriaxone_1504946097782' not found in 7cf6efab-a9d7-54d2-2cbd-ec82efe4a7da.
  ℹ️  No key-learning-points document found for key 'tetracycline_1504946176147' with langId='7cf6efab-a9d7-54d2-2cbd-ec82efe4a7da'.
  ℹ️  No keyLearningPoints document found for key 'tetracycline_1504946176147' with langId='7cf6efab-a9d7-54d2-2cbd-ec82efe4a7da'.
  ⚠ SKIP: Localized KLP 'tetracycline_1504946176147' not found in 7cf6efab-a9d7-54d2-2cbd-ec82efe4a7da.
  ℹ️  No key-learning-points document found for key 'chloramphenicol_1504946438452' with langId='7cf6efab-a9d7-54d2-2cbd-ec82efe4a7da'.
  ℹ️  No keyLearningPoints document found for key 'chloramphenicol_1504946438452' with langId='7cf6efab-a9d7-54d2-2cbd-ec82efe4a7da'.
  ⚠ SKIP: Localized KLP 'chloramphenicol_1504946438452' not found in 7cf6efab-a9d7-54d2-2cbd-ec82efe4a7da.
  ℹ️  No key-learning-points document found for key 'malaria_1504946617389' with langId='7cf6efab-a9d7-54d2-2cbd-ec82efe4a7da'.
  ℹ️  No keyLearningPoints document found for key 'malaria_1504946617389' with langId='7cf6efab-a9d7-54d2-2cbd-ec82efe4a7da'.
  ⚠ SKIP: Localized KLP 'malaria_1504946617389' not found in 7cf6efab-a9d7-54d2-2cbd-ec82efe4a7da.
  ℹ️  No key-learning-points document found for key 'malaria-drugs_1504946711304' with langId='7cf6efab-a9d7-54d2-2cbd-ec82efe4a7da'.
  ℹ️  No keyLearningPoints document found for key 'malaria-drugs_1504946711304' with langId='7cf6efab-a9d7-54d2-2cbd-ec82efe4a7da'.
  ⚠ SKIP: Localized KLP 'malaria-drugs_1504946711304' not found in 7cf6efab-a9d7-54d2-2cbd-ec82efe4a7da.
  ℹ️  No key-learning-points document found for key 'artesuanate_1504946886646' with langId='7cf6efab-a9d7-54d2-2cbd-ec82efe4a7da'.
  ℹ️  No keyLearningPoints document found for key 'artesuanate_1504946886646' with langId='7cf6efab-a9d7-54d2-2cbd-ec82efe4a7da'.
  ⚠ SKIP: Localized KLP 'artesuanate_1504946886646' not found in 7cf6efab-a9d7-54d2-2cbd-ec82efe4a7da.
  ℹ️  No key-learning-points document found for key 'artesuanate_1504946909791' with langId='7cf6efab-a9d7-54d2-2cbd-ec82efe4a7da'.
  ℹ️  No keyLearningPoints document found for key 'artesuanate_1504946909791' with langId='7cf6efab-a9d7-54d2-2cbd-ec82efe4a7da'.
  ⚠ SKIP: Localized KLP 'artesuanate_1504946909791' not found in 7cf6efab-a9d7-54d2-2cbd-ec82efe4a7da.
  ℹ️  No key-learning-points document found for key 'quinine_1504947056059' with langId='7cf6efab-a9d7-54d2-2cbd-ec82efe4a7da'.
  ℹ️  No keyLearningPoints document found for key 'quinine_1504947056059' with langId='7cf6efab-a9d7-54d2-2cbd-ec82efe4a7da'.
  ⚠ SKIP: Localized KLP 'quinine_1504947056059' not found in 7cf6efab-a9d7-54d2-2cbd-ec82efe4a7da.
  ℹ️  No key-learning-points document found for key 'dosage-artesuanate_1504947115207' with langId='7cf6efab-a9d7-54d2-2cbd-ec82efe4a7da'.
  ℹ️  No keyLearningPoints document found for key 'dosage-artesuanate_1504947115207' with langId='7cf6efab-a9d7-54d2-2cbd-ec82efe4a7da'.
  ⚠ SKIP: Localized KLP 'dosage-artesuanate_1504947115207' not found in 7cf6efab-a9d7-54d2-2cbd-ec82efe4a7da.
  ℹ️  No key-learning-points document found for key 'dosage-quinine_1504947179913' with langId='7cf6efab-a9d7-54d2-2cbd-ec82efe4a7da'.
  ℹ️  No keyLearningPoints document found for key 'dosage-quinine_1504947179913' with langId='7cf6efab-a9d7-54d2-2cbd-ec82efe4a7da'.
  ⚠ SKIP: Localized KLP 'dosage-quinine_1504947179913' not found in 7cf6efab-a9d7-54d2-2cbd-ec82efe4a7da.
  ℹ️  No key-learning-points document found for key 'the-6-ws_1504947235003' with langId='7cf6efab-a9d7-54d2-2cbd-ec82efe4a7da'.
  ℹ️  No keyLearningPoints document found for key 'the-6-ws_1504947235003' with langId='7cf6efab-a9d7-54d2-2cbd-ec82efe4a7da'.
  ⚠ SKIP: Localized KLP 'the-6-ws_1504947235003' not found in 7cf6efab-a9d7-54d2-2cbd-ec82efe4a7da.
  ℹ️  No key-learning-points document found for key 'the-6-ws-continue_1504947447368' with langId='7cf6efab-a9d7-54d2-2cbd-ec82efe4a7da'.
  ℹ️  No keyLearningPoints document found for key 'the-6-ws-continue_1504947447368' with langId='7cf6efab-a9d7-54d2-2cbd-ec82efe4a7da'.
  ⚠ SKIP: Localized KLP 'the-6-ws-continue_1504947447368' not found in 7cf6efab-a9d7-54d2-2cbd-ec82efe4a7da.
  ℹ️  No key-learning-points document found for key 'chorioamnionitis_1504947765349' with langId='7cf6efab-a9d7-54d2-2cbd-ec82efe4a7da'.
  ℹ️  No keyLearningPoints document found for key 'chorioamnionitis_1504947765349' with langId='7cf6efab-a9d7-54d2-2cbd-ec82efe4a7da'.
  ⚠ SKIP: Localized KLP 'chorioamnionitis_1504947765349' not found in 7cf6efab-a9d7-54d2-2cbd-ec82efe4a7da.
  ℹ️  No key-learning-points document found for key 'endometritis_1504947835819' with langId='7cf6efab-a9d7-54d2-2cbd-ec82efe4a7da'.
  ℹ️  No keyLearningPoints document found for key 'endometritis_1504947835819' with langId='7cf6efab-a9d7-54d2-2cbd-ec82efe4a7da'.
  ⚠ SKIP: Localized KLP 'endometritis_1504947835819' not found in 7cf6efab-a9d7-54d2-2cbd-ec82efe4a7da.
  ℹ️  No key-learning-points document found for key 'treatment-for-chorioamnionitis_1504947946364' with langId='7cf6efab-a9d7-54d2-2cbd-ec82efe4a7da'.
  ℹ️  No keyLearningPoints document found for key 'treatment-for-chorioamnionitis_1504947946364' with langId='7cf6efab-a9d7-54d2-2cbd-ec82efe4a7da'.
  ⚠ SKIP: Localized KLP 'treatment-for-chorioamnionitis_1504947946364' not found in 7cf6efab-a9d7-54d2-2cbd-ec82efe4a7da.
  ℹ️  No key-learning-points document found for key 'treatment-for-endometritis_1504948024311' with langId='7cf6efab-a9d7-54d2-2cbd-ec82efe4a7da'.
  ℹ️  No keyLearningPoints document found for key 'treatment-for-endometritis_1504948024311' with langId='7cf6efab-a9d7-54d2-2cbd-ec82efe4a7da'.
  ⚠ SKIP: Localized KLP 'treatment-for-endometritis_1504948024311' not found in 7cf6efab-a9d7-54d2-2cbd-ec82efe4a7da.
  ℹ️  No key-learning-points document found for key 'endometritis-and-no-effect-of-ab_1504948113282' with langId='7cf6efab-a9d7-54d2-2cbd-ec82efe4a7da'.
  ℹ️  No keyLearningPoints document found for key 'endometritis-and-no-effect-of-ab_1504948113282' with langId='7cf6efab-a9d7-54d2-2cbd-ec82efe4a7da'.
  ⚠ SKIP: Localized KLP 'endometritis-and-no-effect-of-ab_1504948113282' not found in 7cf6efab-a9d7-54d2-2cbd-ec82efe4a7da.
  ℹ️  No key-learning-points document found for key 'mastitis_1504948177504' with langId='7cf6efab-a9d7-54d2-2cbd-ec82efe4a7da'.
  ℹ️  No keyLearningPoints document found for key 'mastitis_1504948177504' with langId='7cf6efab-a9d7-54d2-2cbd-ec82efe4a7da'.
  ⚠ SKIP: Localized KLP 'mastitis_1504948177504' not found in 7cf6efab-a9d7-54d2-2cbd-ec82efe4a7da.
  ℹ️  No key-learning-points document found for key 'breast-abscess_1504948229532' with langId='7cf6efab-a9d7-54d2-2cbd-ec82efe4a7da'.
  ℹ️  No keyLearningPoints document found for key 'breast-abscess_1504948229532' with langId='7cf6efab-a9d7-54d2-2cbd-ec82efe4a7da'.
  ⚠ SKIP: Localized KLP 'breast-abscess_1504948229532' not found in 7cf6efab-a9d7-54d2-2cbd-ec82efe4a7da.
  ℹ️  No key-learning-points document found for key 'wound-infections_1504948296628' with langId='7cf6efab-a9d7-54d2-2cbd-ec82efe4a7da'.
  ℹ️  No keyLearningPoints document found for key 'wound-infections_1504948296628' with langId='7cf6efab-a9d7-54d2-2cbd-ec82efe4a7da'.
  ⚠ SKIP: Localized KLP 'wound-infections_1504948296628' not found in 7cf6efab-a9d7-54d2-2cbd-ec82efe4a7da.
  ℹ️  No key-learning-points document found for key 'other-causes-of-infection_1504948359563' with langId='7cf6efab-a9d7-54d2-2cbd-ec82efe4a7da'.
  ℹ️  No keyLearningPoints document found for key 'other-causes-of-infection_1504948359563' with langId='7cf6efab-a9d7-54d2-2cbd-ec82efe4a7da'.
  ⚠ SKIP: Localized KLP 'other-causes-of-infection_1504948359563' not found in 7cf6efab-a9d7-54d2-2cbd-ec82efe4a7da.
  Step 2: Queuing module payload with resource slugs...
Using cached asset_id: a0097b7ba44a48c88cf840c0029ffa25
Skipping previously failed asset: https://sdacms.blob.core.windows.net/content/assets/videos/english%20WHO/Maternal%20sepsis/intro.mp4
Warning: Failed to process video asset: /english WHO/Maternal sepsis/intro
Skipping previously failed asset: https://sdacms.blob.core.windows.net/content/assets/videos/english%20WHO/Maternal%20sepsis/how_to_diagnose_definitions.mp4
Warning: Failed to process video asset: /english WHO/Maternal sepsis/how_to_diagnose_definitions
Skipping previously failed asset: https://sdacms.blob.core.windows.net/content/assets/videos/english%20WHO/Maternal%20sepsis/how_to_manage.mp4
Warning: Failed to process video asset: /english WHO/Maternal sepsis/how_to_manage
Skipping previously failed asset: https://sdacms.blob.core.windows.net/content/assets/videos/english%20WHO/Maternal%20sepsis/following_management.mp4
Warning: Failed to process video asset: /english WHO/Maternal sepsis/following_management
Skipping previously failed asset: https://sdacms.blob.core.windows.net/content/assets/videos/english%20WHO/Maternal%20sepsis/origin_of_infection.mp4
Warning: Failed to process video asset: /english WHO/Maternal sepsis/origin_of_infection
Skipping previously failed asset: https://sdacms.blob.core.windows.net/content/assets/videos/english%20WHO/Maternal%20sepsis/hiv.mp4
Warning: Failed to process video asset: /english WHO/Maternal sepsis/hiv
  → Using bundle description fallback for translated module
  → Queued module 'Maternal Sepsis' -> /home/azureuser/test/content_migrator/data/processed_data/modules.csv
  → Found English title from Cosmos (key='neonatal-resuscitation_1487679104279'): 'Neonatal Resuscitation'
[ModuleMigrator] Using Cosmos doc resource lists for TRANSLATED module 'neonatal-resuscitation_1487679104279' (lang: 7cf6efab-a9d7-54d2-2cbd-ec82efe4a7da)
  actionCards: 4 keys
  procedures: 0 keys
  drugs: 4 keys
  keyLearningPoints: 37 keys
  videos: 6 keys
  ⚠ STRUCTURAL VIOLATION: Global identity document not found in Cosmos for localized module 'neonatal-resuscitation'. Proceeding with placeholder title: Neonatal Resuscitation
  Step 1: Preparing module resources (queue)...
Loaded 511 existing resource mappings
Mapping language:   7cf6efab-a9d7-54d2-2cbd-ec82efe4a7da
  DEBUG: Found 6 videos in module
Downloading video asset from https://sdacms.blob.core.windows.net/content/assets/videos/english%20WHO/Neonatal%20resuscitation/intro.mp4
Error downloading video asset https://sdacms.blob.core.windows.net/content/assets/videos/english%20WHO/Neonatal%20resuscitation/intro.mp4: 404 Client Error: The specified blob does not exist. for url: https://sdacms.blob.core.windows.net/content/assets/videos/english%20WHO/Neonatal%20resuscitation/intro.mp4
Video icon URL: english%20WHO/Neonatal%20resuscitation/intro
Video icon URL: english%20WHO/Neonatal%20resuscitation/intro
Downloading video_icon asset from https://sdacms.blob.core.windows.net/content/assets/videos/english%20WHO/Neonatal%20resuscitation/intro.png
Error downloading video_icon asset https://sdacms.blob.core.windows.net/content/assets/videos/english%20WHO/Neonatal%20resuscitation/intro.png: 404 Client Error: The specified blob does not exist. for url: https://sdacms.blob.core.windows.net/content/assets/videos/english%20WHO/Neonatal%20resuscitation/intro.png
Skipping video '/english WHO/Neonatal resuscitation/intro' - missing asset upload
Downloading video asset from https://sdacms.blob.core.windows.net/content/assets/videos/english%20WHO/Neonatal%20resuscitation/assess_the_newborn.mp4
Error downloading video asset https://sdacms.blob.core.windows.net/content/assets/videos/english%20WHO/Neonatal%20resuscitation/assess_the_newborn.mp4: 404 Client Error: The specified blob does not exist. for url: https://sdacms.blob.core.windows.net/content/assets/videos/english%20WHO/Neonatal%20resuscitation/assess_the_newborn.mp4
Video icon URL: english%20WHO/Neonatal%20resuscitation/assess_the_newborn
Video icon URL: english%20WHO/Neonatal%20resuscitation/assess_the_newborn
Downloading video_icon asset from https://sdacms.blob.core.windows.net/content/assets/videos/english%20WHO/Neonatal%20resuscitation/assess_the_newborn.png
Error downloading video_icon asset https://sdacms.blob.core.windows.net/content/assets/videos/english%20WHO/Neonatal%20resuscitation/assess_the_newborn.png: 404 Client Error: The specified blob does not exist. for url: https://sdacms.blob.core.windows.net/content/assets/videos/english%20WHO/Neonatal%20resuscitation/assess_the_newborn.png
Skipping video '/english WHO/Neonatal resuscitation/assess_the_newborn' - missing asset upload
Downloading video asset from https://sdacms.blob.core.windows.net/content/assets/videos/english%20WHO/Neonatal%20resuscitation/airway.mp4
Error downloading video asset https://sdacms.blob.core.windows.net/content/assets/videos/english%20WHO/Neonatal%20resuscitation/airway.mp4: 404 Client Error: The specified blob does not exist. for url: https://sdacms.blob.core.windows.net/content/assets/videos/english%20WHO/Neonatal%20resuscitation/airway.mp4
Video icon URL: english%20WHO/Neonatal%20resuscitation/airway
Video icon URL: english%20WHO/Neonatal%20resuscitation/airway
Downloading video_icon asset from https://sdacms.blob.core.windows.net/content/assets/videos/english%20WHO/Neonatal%20resuscitation/airway.png
Error downloading video_icon asset https://sdacms.blob.core.windows.net/content/assets/videos/english%20WHO/Neonatal%20resuscitation/airway.png: 404 Client Error: The specified blob does not exist. for url: https://sdacms.blob.core.windows.net/content/assets/videos/english%20WHO/Neonatal%20resuscitation/airway.png
Skipping video '/english WHO/Neonatal resuscitation/airway' - missing asset upload
Downloading video asset from https://sdacms.blob.core.windows.net/content/assets/videos/english%20WHO/Neonatal%20resuscitation/when_to_stop_resuscitation.mp4
Error downloading video asset https://sdacms.blob.core.windows.net/content/assets/videos/english%20WHO/Neonatal%20resuscitation/when_to_stop_resuscitation.mp4: 404 Client Error: The specified blob does not exist. for url: https://sdacms.blob.core.windows.net/content/assets/videos/english%20WHO/Neonatal%20resuscitation/when_to_stop_resuscitation.mp4
Video icon URL: english%20WHO/Neonatal%20resuscitation/when_to_stop_resuscitation
Video icon URL: english%20WHO/Neonatal%20resuscitation/when_to_stop_resuscitation
Downloading video_icon asset from https://sdacms.blob.core.windows.net/content/assets/videos/english%20WHO/Neonatal%20resuscitation/when_to_stop_resuscitation.png
Error downloading video_icon asset https://sdacms.blob.core.windows.net/content/assets/videos/english%20WHO/Neonatal%20resuscitation/when_to_stop_resuscitation.png: 404 Client Error: The specified blob does not exist. for url: https://sdacms.blob.core.windows.net/content/assets/videos/english%20WHO/Neonatal%20resuscitation/when_to_stop_resuscitation.png
Skipping video '/english WHO/Neonatal resuscitation/when_to_stop_resuscitation' - missing asset upload
Downloading video asset from https://sdacms.blob.core.windows.net/content/assets/videos/english%20WHO/Neonatal%20resuscitation/monitoring.mp4
Error downloading video asset https://sdacms.blob.core.windows.net/content/assets/videos/english%20WHO/Neonatal%20resuscitation/monitoring.mp4: 404 Client Error: The specified blob does not exist. for url: https://sdacms.blob.core.windows.net/content/assets/videos/english%20WHO/Neonatal%20resuscitation/monitoring.mp4
Video icon URL: english%20WHO/Neonatal%20resuscitation/monitoring
Video icon URL: english%20WHO/Neonatal%20resuscitation/monitoring
Downloading video_icon asset from https://sdacms.blob.core.windows.net/content/assets/videos/english%20WHO/Neonatal%20resuscitation/monitoring.png
Error downloading video_icon asset https://sdacms.blob.core.windows.net/content/assets/videos/english%20WHO/Neonatal%20resuscitation/monitoring.png: 404 Client Error: The specified blob does not exist. for url: https://sdacms.blob.core.windows.net/content/assets/videos/english%20WHO/Neonatal%20resuscitation/monitoring.png
Skipping video '/english WHO/Neonatal resuscitation/monitoring' - missing asset upload
Downloading video asset from https://sdacms.blob.core.windows.net/content/assets/videos/english%20WHO/Neonatal%20resuscitation/referral.mp4
Error downloading video asset https://sdacms.blob.core.windows.net/content/assets/videos/english%20WHO/Neonatal%20resuscitation/referral.mp4: 404 Client Error: The specified blob does not exist. for url: https://sdacms.blob.core.windows.net/content/assets/videos/english%20WHO/Neonatal%20resuscitation/referral.mp4
Video icon URL: english%20WHO/Neonatal%20resuscitation/referral
Video icon URL: english%20WHO/Neonatal%20resuscitation/referral
Downloading video_icon asset from https://sdacms.blob.core.windows.net/content/assets/videos/english%20WHO/Neonatal%20resuscitation/referral.png
Error downloading video_icon asset https://sdacms.blob.core.windows.net/content/assets/videos/english%20WHO/Neonatal%20resuscitation/referral.png: 404 Client Error: The specified blob does not exist. for url: https://sdacms.blob.core.windows.net/content/assets/videos/english%20WHO/Neonatal%20resuscitation/referral.png
Skipping video '/english WHO/Neonatal resuscitation/referral' - missing asset upload
  DEBUG: Found 4 action cards in module
Mapping language:   7cf6efab-a9d7-54d2-2cbd-ec82efe4a7da
Using cached asset_id: 50cf7fd0897049ea99380864b4b5e5a6
Saved Markdown: /home/azureuser/test/content_migrator/data/temp_data/neonatal_resuscitation_new_2025_original.md
Saved Markdown: /home/azureuser/test/content_migrator/data/temp_data/neonatal_resuscitation_new_2025_adapted_africa.md
Saved Markdown: /home/azureuser/test/content_migrator/data/temp_data/neonatal_resuscitation_new_2025_translated_action_card.md
Created action-card resource: title='Neonatal resuscitation (NEW 2025)' description='Neonatal resuscitation (NEW 2025)' icon='50cf7fd0897049ea99380864b4b5e5a6' content='144bdf9199174f268c6c7b5be46f4c8d' language_id='7cf6efab-a9d7-54d2-2cbd-ec82efe4a7da' region='africa' content_type='original' created_by='natalia@maternity.dk' level=None questions=None derived_from_id=None
Created action-card resource: title='Neonatal resuscitation (NEW 2025)' description='Neonatal resuscitation (NEW 2025)' icon='50cf7fd0897049ea99380864b4b5e5a6' content='73a49a2f6fdd46d9ac9fdc7241665dbc' language_id='7cf6efab-a9d7-54d2-2cbd-ec82efe4a7da' region='africa' content_type='adapted' created_by='natalia@maternity.dk' level=None questions=None derived_from_id=None
Created action-card resource: title='Neonatal resuscitation (NEW 2025)' description='Neonatal resuscitation (NEW 2025)' icon='50cf7fd0897049ea99380864b4b5e5a6' content='a9ceac83a2d949ce824e871e3108e5e9' language_id='7cf6efab-a9d7-54d2-2cbd-ec82efe4a7da' region='africa' content_type='translated' created_by='natalia@maternity.dk' level=None questions=None derived_from_id=None
  ✓ Screens translation for action-card description: 'Neonatal resuscitation ...'
Queuing action-card: res-action-card-neonatal-resuscitation-new-2025 (Source: 'Neonatal resuscitation (NEW 2025)')
Mapping language:   7cf6efab-a9d7-54d2-2cbd-ec82efe4a7da
Using cached asset_id: f931c12d2c1c40688303685e3650a07e
CACHED: Saved new asset_id '0ff8327070a642648e17f4508793dc0d' for path 'https://sdacms.blob.core.windows.net/content/assets/images/africa/richtext/Richtext_AC_safe oxygen management.png'
Saved Markdown: /home/azureuser/test/content_migrator/data/temp_data/safe_oxygen_management_new_2025_original.md
Saved Markdown: /home/azureuser/test/content_migrator/data/temp_data/safe_oxygen_management_new_2025_adapted_africa.md
Saved Markdown: /home/azureuser/test/content_migrator/data/temp_data/safe_oxygen_management_new_2025_translated_action_card.md
  📎 Linking 1 embedded asset(s) to markdown upload
Created action-card resource: title='Safe oxygen management (NEW 2025)' description='Safe oxygen management (NEW 2025)' icon='f931c12d2c1c40688303685e3650a07e' content='a9b3ce1737914b00b011b4ddb449ffc7' language_id='7cf6efab-a9d7-54d2-2cbd-ec82efe4a7da' region='africa' content_type='original' created_by='natalia@maternity.dk' level=None questions=None derived_from_id=None
  📎 Linking 1 embedded asset(s) to markdown upload
Created action-card resource: title='Safe oxygen management (NEW 2025)' description='Safe oxygen management (NEW 2025)' icon='f931c12d2c1c40688303685e3650a07e' content='4e4bfb64597b494ebc629a59a716ccf9' language_id='7cf6efab-a9d7-54d2-2cbd-ec82efe4a7da' region='africa' content_type='adapted' created_by='natalia@maternity.dk' level=None questions=None derived_from_id=None
  📎 Linking 1 embedded asset(s) to markdown upload
Created action-card resource: title='Safe oxygen management (NEW 2025)' description='Safe oxygen management (NEW 2025)' icon='f931c12d2c1c40688303685e3650a07e' content='ac29a21333844e93b91f5eb6b11a2406' language_id='7cf6efab-a9d7-54d2-2cbd-ec82efe4a7da' region='africa' content_type='translated' created_by='natalia@maternity.dk' level=None questions=None derived_from_id=None
  ✓ Screens translation for action-card description: 'Safe oxygen management ...'
Queuing action-card: res-action-card-safe-oxygen-management-new-2025 (Source: 'Safe oxygen management (NEW 2025)')
Mapping language:   7cf6efab-a9d7-54d2-2cbd-ec82efe4a7da
Using cached asset_id: 41beb7b3c6b94af3872f3741622b6c16
Saved Markdown: /home/azureuser/test/content_migrator/data/temp_data/feeding_and_fluid_management_original.md
Saved Markdown: /home/azureuser/test/content_migrator/data/temp_data/feeding_and_fluid_management_adapted_africa.md
Saved Markdown: /home/azureuser/test/content_migrator/data/temp_data/feeding_and_fluid_management_translated_action_card.md
Created action-card resource: title='Feeding and fluid management' description='Feeding and fluid management' icon='41beb7b3c6b94af3872f3741622b6c16' content='69d1d1340952450dbab5229b452e0c17' language_id='7cf6efab-a9d7-54d2-2cbd-ec82efe4a7da' region='africa' content_type='original' created_by='natalia@maternity.dk' level=None questions=None derived_from_id=None
Created action-card resource: title='Feeding and fluid management' description='Feeding and fluid management' icon='41beb7b3c6b94af3872f3741622b6c16' content='21409c3e41e94bc4a0a8a9d4a4a3193f' language_id='7cf6efab-a9d7-54d2-2cbd-ec82efe4a7da' region='africa' content_type='adapted' created_by='natalia@maternity.dk' level=None questions=None derived_from_id=None
Created action-card resource: title='Feeding and fluid management' description='Feeding and fluid management' icon='41beb7b3c6b94af3872f3741622b6c16' content='9217cd61d10a4913b4230f27a29278aa' language_id='7cf6efab-a9d7-54d2-2cbd-ec82efe4a7da' region='africa' content_type='translated' created_by='natalia@maternity.dk' level=None questions=None derived_from_id=None
  ℹ️  No screens translation found for 'action-card:feeding-and-fluid-management_1753346657659', using original
Queuing action-card: res-action-card-feeding-and-fluid-management (Source: 'Feeding and fluid management')
Mapping language:   7cf6efab-a9d7-54d2-2cbd-ec82efe4a7da
Using cached asset_id: 5c7e7afdce7d4b84952e58208235ba8d
Saved Markdown: /home/azureuser/test/content_migrator/data/temp_data/emergency_referral_for_newborn_original.md
Saved Markdown: /home/azureuser/test/content_migrator/data/temp_data/emergency_referral_for_newborn_adapted_africa.md
Saved Markdown: /home/azureuser/test/content_migrator/data/temp_data/emergency_referral_for_newborn_translated_action_card.md
  📎 Linking 1 embedded asset(s) to markdown upload
Created action-card resource: title='Emergency Referral for Newborn' description='Emergency Referral for Newborn' icon='5c7e7afdce7d4b84952e58208235ba8d' content='4e416c41d55240f6af1dfcb3049bcc08' language_id='7cf6efab-a9d7-54d2-2cbd-ec82efe4a7da' region='africa' content_type='original' created_by='natalia@maternity.dk' level=None questions=None derived_from_id=None
  📎 Linking 1 embedded asset(s) to markdown upload
Created action-card resource: title='Emergency Referral for Newborn' description='Emergency Referral for Newborn' icon='5c7e7afdce7d4b84952e58208235ba8d' content='4ad31bbd48ea48e8a3500df247b598bc' language_id='7cf6efab-a9d7-54d2-2cbd-ec82efe4a7da' region='africa' content_type='adapted' created_by='natalia@maternity.dk' level=None questions=None derived_from_id=None
  📎 Linking 1 embedded asset(s) to markdown upload
Created action-card resource: title='Emergency Referral for Newborn' description='Emergency Referral for Newborn' icon='5c7e7afdce7d4b84952e58208235ba8d' content='94234a3dd3834ec59a35871b25c8b411' language_id='7cf6efab-a9d7-54d2-2cbd-ec82efe4a7da' region='africa' content_type='translated' created_by='natalia@maternity.dk' level=None questions=None derived_from_id=None
  ℹ️  No screens translation found for 'action-card:emergency-referral-for-newborn_1536854602118', using original
Queuing action-card: res-action-card-emergency-referral-for-newborn (Source: 'Emergency Referral for Newborn')
Mapping language:   7cf6efab-a9d7-54d2-2cbd-ec82efe4a7da
  DEBUG: Found 0 procedures in module
Downloading icon asset from https://sdacms.blob.core.windows.net/content/assets/images/africa/icon/module/neonatal_resuscitation.png
Cached and saved asset_id for https://sdacms.blob.core.windows.net/content/assets/images/africa/icon/module/neonatal_resuscitation.png: 5ebf5423ab7044f3b411bfce41c4fcb5
  ✓ Module icon uploaded for drugs: 5ebf5423...
Mapping language:   7cf6efab-a9d7-54d2-2cbd-ec82efe4a7da
  DEBUG: Found 4 drugs in module
  ✓ Drug inheriting module icon: 5ebf5423...
Saved Markdown: /home/azureuser/test/content_migrator/data/temp_data/ampicillin_original.md
Saved Markdown: /home/azureuser/test/content_migrator/data/temp_data/ampicillin_adapted_africa.md
Saved Markdown: /home/azureuser/test/content_migrator/data/temp_data/ampicillin_translated_action_card.md
Created action-card resource: title='Ampicillin' description='Ampicillin' icon='5ebf5423ab7044f3b411bfce41c4fcb5' content='85d494022b3c436283aa61ae0733d8b2' language_id='7cf6efab-a9d7-54d2-2cbd-ec82efe4a7da' region='africa' content_type='original' created_by='nanna@maternity.dk' level=None questions=None derived_from_id=None
Created action-card resource: title='Ampicillin' description='Ampicillin' icon='5ebf5423ab7044f3b411bfce41c4fcb5' content='f62c5170ceb04fd882044dc5f9200916' language_id='7cf6efab-a9d7-54d2-2cbd-ec82efe4a7da' region='africa' content_type='adapted' created_by='nanna@maternity.dk' level=None questions=None derived_from_id=None
Created action-card resource: title='Ampicillin' description='Ampicillin' icon='5ebf5423ab7044f3b411bfce41c4fcb5' content='39d2f64e41894100a3ce37f0f051cbe4' language_id='7cf6efab-a9d7-54d2-2cbd-ec82efe4a7da' region='africa' content_type='translated' created_by='nanna@maternity.dk' level=None questions=None derived_from_id=None
  ℹ️  No screens translation found for 'drug:ampicillin_1486975748548', using original
Queuing drug: res-drug-ampicillin (Source: 'Ampicillin')
Overwriting previous queue for 'res-drug-ampicillin' with language-specific version (lang: 7cf6efab-a9d7-54d2-2cbd-ec82efe4a7da)
  ✓ Drug inheriting module icon: 5ebf5423...
Saved Markdown: /home/azureuser/test/content_migrator/data/temp_data/ceftriaxone_original.md
Saved Markdown: /home/azureuser/test/content_migrator/data/temp_data/ceftriaxone_adapted_africa.md
Saved Markdown: /home/azureuser/test/content_migrator/data/temp_data/ceftriaxone_translated_action_card.md
Created action-card resource: title='Ceftriaxone' description='Ceftriaxone' icon='5ebf5423ab7044f3b411bfce41c4fcb5' content='dc6b99172bf1462ca68186a571090b3a' language_id='7cf6efab-a9d7-54d2-2cbd-ec82efe4a7da' region='africa' content_type='original' created_by='nanna@maternity.dk' level=None questions=None derived_from_id=None
Created action-card resource: title='Ceftriaxone' description='Ceftriaxone' icon='5ebf5423ab7044f3b411bfce41c4fcb5' content='091f546f602d487e86e03bb83d9c7957' language_id='7cf6efab-a9d7-54d2-2cbd-ec82efe4a7da' region='africa' content_type='adapted' created_by='nanna@maternity.dk' level=None questions=None derived_from_id=None
Created action-card resource: title='Ceftriaxone' description='Ceftriaxone' icon='5ebf5423ab7044f3b411bfce41c4fcb5' content='096b61a2a2434c0590ecbd07b27c731d' language_id='7cf6efab-a9d7-54d2-2cbd-ec82efe4a7da' region='africa' content_type='translated' created_by='nanna@maternity.dk' level=None questions=None derived_from_id=None
  ℹ️  No screens translation found for 'drug:ceftriaxone_1487080443380', using original
Queuing drug: res-drug-ceftriaxone (Source: 'Ceftriaxone')
Overwriting previous queue for 'res-drug-ceftriaxone' with language-specific version (lang: 7cf6efab-a9d7-54d2-2cbd-ec82efe4a7da)
  ✓ Drug inheriting module icon: 5ebf5423...
Saved Markdown: /home/azureuser/test/content_migrator/data/temp_data/gentamicin_original.md
Saved Markdown: /home/azureuser/test/content_migrator/data/temp_data/gentamicin_adapted_africa.md
Saved Markdown: /home/azureuser/test/content_migrator/data/temp_data/gentamicin_translated_action_card.md
Created action-card resource: title='Gentamicin' description='Gentamicin' icon='5ebf5423ab7044f3b411bfce41c4fcb5' content='eae07384673c4b769f8ca375304f87df' language_id='7cf6efab-a9d7-54d2-2cbd-ec82efe4a7da' region='africa' content_type='original' created_by='nanna@maternity.dk' level=None questions=None derived_from_id=None
Created action-card resource: title='Gentamicin' description='Gentamicin' icon='5ebf5423ab7044f3b411bfce41c4fcb5' content='31fee38ba1754638b9a85d6d99b64fde' language_id='7cf6efab-a9d7-54d2-2cbd-ec82efe4a7da' region='africa' content_type='adapted' created_by='nanna@maternity.dk' level=None questions=None derived_from_id=None
Created action-card resource: title='Gentamicin' description='Gentamicin' icon='5ebf5423ab7044f3b411bfce41c4fcb5' content='3591e69546a44532a8ce7d46cda4abcf' language_id='7cf6efab-a9d7-54d2-2cbd-ec82efe4a7da' region='africa' content_type='translated' created_by='nanna@maternity.dk' level=None questions=None derived_from_id=None
  ℹ️  No screens translation found for 'drug:gentamicin_1487679704293', using original
Queuing drug: res-drug-gentamicin (Source: 'Gentamicin')
Overwriting previous queue for 'res-drug-gentamicin' with language-specific version (lang: 7cf6efab-a9d7-54d2-2cbd-ec82efe4a7da)
  ✓ Drug inheriting module icon: 5ebf5423...
Saved Markdown: /home/azureuser/test/content_migrator/data/temp_data/phenobarbital_original.md
Saved Markdown: /home/azureuser/test/content_migrator/data/temp_data/phenobarbital_adapted_africa.md
Saved Markdown: /home/azureuser/test/content_migrator/data/temp_data/phenobarbital_translated_action_card.md
Created action-card resource: title='Phenobarbital' description='Phenobarbital' icon='5ebf5423ab7044f3b411bfce41c4fcb5' content='a0c00188eee247919dd6aebe16998acb' language_id='7cf6efab-a9d7-54d2-2cbd-ec82efe4a7da' region='africa' content_type='original' created_by='nanna@maternity.dk' level=None questions=None derived_from_id=None
Created action-card resource: title='Phenobarbital' description='Phenobarbital' icon='5ebf5423ab7044f3b411bfce41c4fcb5' content='44c1a9b4cd7341cabc5bd00a430407fa' language_id='7cf6efab-a9d7-54d2-2cbd-ec82efe4a7da' region='africa' content_type='adapted' created_by='nanna@maternity.dk' level=None questions=None derived_from_id=None
Created action-card resource: title='Phenobarbital' description='Phenobarbital' icon='5ebf5423ab7044f3b411bfce41c4fcb5' content='0c8dbeb009e4491e9c19da51dc016909' language_id='7cf6efab-a9d7-54d2-2cbd-ec82efe4a7da' region='africa' content_type='translated' created_by='nanna@maternity.dk' level=None questions=None derived_from_id=None
  ℹ️  No screens translation found for 'drug:phenobarbital_1487158287290', using original
Queuing drug: res-drug-phenobarbital (Source: 'Phenobarbital')
Mapping language:   7cf6efab-a9d7-54d2-2cbd-ec82efe4a7da
Using cached asset_id: 368330e01e57463aa7f19fa25600be0b
  ✓ KLP question 1 icon uploaded: 368330e0...
  ℹ️  No screens translation found for 'key-learning-point:adequate-breathing_1504254228875'
Queued KLP to klps.csv: klp-1-adequate-breathing
  ℹ️  No key-learning-points document found for key 'golden-minute_1504254468378' with langId='7cf6efab-a9d7-54d2-2cbd-ec82efe4a7da'.
  ℹ️  No keyLearningPoints document found for key 'golden-minute_1504254468378' with langId='7cf6efab-a9d7-54d2-2cbd-ec82efe4a7da'.
  ⚠ SKIP: Localized KLP 'golden-minute_1504254468378' not found in 7cf6efab-a9d7-54d2-2cbd-ec82efe4a7da.
  ℹ️  No key-learning-points document found for key 'assess-the-newborn-after-birth_1504256308739' with langId='7cf6efab-a9d7-54d2-2cbd-ec82efe4a7da'.
  ℹ️  No keyLearningPoints document found for key 'assess-the-newborn-after-birth_1504256308739' with langId='7cf6efab-a9d7-54d2-2cbd-ec82efe4a7da'.
  ⚠ SKIP: Localized KLP 'assess-the-newborn-after-birth_1504256308739' not found in 7cf6efab-a9d7-54d2-2cbd-ec82efe4a7da.
  ℹ️  No key-learning-points document found for key 'skin-to-the-mother_1504256398872' with langId='7cf6efab-a9d7-54d2-2cbd-ec82efe4a7da'.
  ℹ️  No keyLearningPoints document found for key 'skin-to-the-mother_1504256398872' with langId='7cf6efab-a9d7-54d2-2cbd-ec82efe4a7da'.
  ⚠ SKIP: Localized KLP 'skin-to-the-mother_1504256398872' not found in 7cf6efab-a9d7-54d2-2cbd-ec82efe4a7da.
  ℹ️  No key-learning-points document found for key 'first-step_1504256461191' with langId='7cf6efab-a9d7-54d2-2cbd-ec82efe4a7da'.
  ℹ️  No keyLearningPoints document found for key 'first-step_1504256461191' with langId='7cf6efab-a9d7-54d2-2cbd-ec82efe4a7da'.
  ⚠ SKIP: Localized KLP 'first-step_1504256461191' not found in 7cf6efab-a9d7-54d2-2cbd-ec82efe4a7da.
  ℹ️  No key-learning-points document found for key 'meconium-suction-_1504256548380' with langId='7cf6efab-a9d7-54d2-2cbd-ec82efe4a7da'.
  ℹ️  No keyLearningPoints document found for key 'meconium-suction-_1504256548380' with langId='7cf6efab-a9d7-54d2-2cbd-ec82efe4a7da'.
  ⚠ SKIP: Localized KLP 'meconium-suction-_1504256548380' not found in 7cf6efab-a9d7-54d2-2cbd-ec82efe4a7da.
  ℹ️  No key-learning-points document found for key 'correct-order-suction_1504256615224' with langId='7cf6efab-a9d7-54d2-2cbd-ec82efe4a7da'.
  ℹ️  No keyLearningPoints document found for key 'correct-order-suction_1504256615224' with langId='7cf6efab-a9d7-54d2-2cbd-ec82efe4a7da'.
  ⚠ SKIP: Localized KLP 'correct-order-suction_1504256615224' not found in 7cf6efab-a9d7-54d2-2cbd-ec82efe4a7da.
  ℹ️  No key-learning-points document found for key 'stimulation-the-newborn_1504256686246' with langId='7cf6efab-a9d7-54d2-2cbd-ec82efe4a7da'.
  ℹ️  No keyLearningPoints document found for key 'stimulation-the-newborn_1504256686246' with langId='7cf6efab-a9d7-54d2-2cbd-ec82efe4a7da'.
  ⚠ SKIP: Localized KLP 'stimulation-the-newborn_1504256686246' not found in 7cf6efab-a9d7-54d2-2cbd-ec82efe4a7da.
  ℹ️  No key-learning-points document found for key 'newborn-is-not-breathing-well_1504256807203' with langId='7cf6efab-a9d7-54d2-2cbd-ec82efe4a7da'.
  ℹ️  No keyLearningPoints document found for key 'newborn-is-not-breathing-well_1504256807203' with langId='7cf6efab-a9d7-54d2-2cbd-ec82efe4a7da'.
  ⚠ SKIP: Localized KLP 'newborn-is-not-breathing-well_1504256807203' not found in 7cf6efab-a9d7-54d2-2cbd-ec82efe4a7da.
  ℹ️  No key-learning-points document found for key 'when-to-resuscitate_1504256982883' with langId='7cf6efab-a9d7-54d2-2cbd-ec82efe4a7da'.
  ℹ️  No keyLearningPoints document found for key 'when-to-resuscitate_1504256982883' with langId='7cf6efab-a9d7-54d2-2cbd-ec82efe4a7da'.
  ⚠ SKIP: Localized KLP 'when-to-resuscitate_1504256982883' not found in 7cf6efab-a9d7-54d2-2cbd-ec82efe4a7da.
  ℹ️  No key-learning-points document found for key 'airway-call-for-help_1504257037350' with langId='7cf6efab-a9d7-54d2-2cbd-ec82efe4a7da'.
  ℹ️  No keyLearningPoints document found for key 'airway-call-for-help_1504257037350' with langId='7cf6efab-a9d7-54d2-2cbd-ec82efe4a7da'.
  ⚠ SKIP: Localized KLP 'airway-call-for-help_1504257037350' not found in 7cf6efab-a9d7-54d2-2cbd-ec82efe4a7da.
Using cached asset_id: f2d5cc0d7da749489930a7fc4786db68
  ✓ KLP question 1 icon uploaded: f2d5cc0d...
  ℹ️  No screens translation found for 'key-learning-point:airway-position-of-head_1504257274893'
Queued KLP to klps.csv: klp-2-airway-position-of-head
  ℹ️  No key-learning-points document found for key 'airway-position-of-mask_1504258127166' with langId='7cf6efab-a9d7-54d2-2cbd-ec82efe4a7da'.
  ℹ️  No keyLearningPoints document found for key 'airway-position-of-mask_1504258127166' with langId='7cf6efab-a9d7-54d2-2cbd-ec82efe4a7da'.
  ⚠ SKIP: Localized KLP 'airway-position-of-mask_1504258127166' not found in 7cf6efab-a9d7-54d2-2cbd-ec82efe4a7da.
  ℹ️  No key-learning-points document found for key 'airway-effective-ventilation_1504258182479' with langId='7cf6efab-a9d7-54d2-2cbd-ec82efe4a7da'.
  ℹ️  No keyLearningPoints document found for key 'airway-effective-ventilation_1504258182479' with langId='7cf6efab-a9d7-54d2-2cbd-ec82efe4a7da'.
  ⚠ SKIP: Localized KLP 'airway-effective-ventilation_1504258182479' not found in 7cf6efab-a9d7-54d2-2cbd-ec82efe4a7da.
  ℹ️  No key-learning-points document found for key 'number-of-inflation-breaths_1504258233083' with langId='7cf6efab-a9d7-54d2-2cbd-ec82efe4a7da'.
  ℹ️  No keyLearningPoints document found for key 'number-of-inflation-breaths_1504258233083' with langId='7cf6efab-a9d7-54d2-2cbd-ec82efe4a7da'.
  ⚠ SKIP: Localized KLP 'number-of-inflation-breaths_1504258233083' not found in 7cf6efab-a9d7-54d2-2cbd-ec82efe4a7da.
  ℹ️  No key-learning-points document found for key 'jaw-thrust_1504258315698' with langId='7cf6efab-a9d7-54d2-2cbd-ec82efe4a7da'.
  ℹ️  No keyLearningPoints document found for key 'jaw-thrust_1504258315698' with langId='7cf6efab-a9d7-54d2-2cbd-ec82efe4a7da'.
  ⚠ SKIP: Localized KLP 'jaw-thrust_1504258315698' not found in 7cf6efab-a9d7-54d2-2cbd-ec82efe4a7da.
  ℹ️  No key-learning-points document found for key 'successful-inflation-breaths_1504258364953' with langId='7cf6efab-a9d7-54d2-2cbd-ec82efe4a7da'.
  ℹ️  No keyLearningPoints document found for key 'successful-inflation-breaths_1504258364953' with langId='7cf6efab-a9d7-54d2-2cbd-ec82efe4a7da'.
  ⚠ SKIP: Localized KLP 'successful-inflation-breaths_1504258364953' not found in 7cf6efab-a9d7-54d2-2cbd-ec82efe4a7da.
  ℹ️  No key-learning-points document found for key 'if-no-chest-movements_1504258411252' with langId='7cf6efab-a9d7-54d2-2cbd-ec82efe4a7da'.
  ℹ️  No keyLearningPoints document found for key 'if-no-chest-movements_1504258411252' with langId='7cf6efab-a9d7-54d2-2cbd-ec82efe4a7da'.
  ⚠ SKIP: Localized KLP 'if-no-chest-movements_1504258411252' not found in 7cf6efab-a9d7-54d2-2cbd-ec82efe4a7da.
  ℹ️  No key-learning-points document found for key 'inflation-breaths_1504258492447' with langId='7cf6efab-a9d7-54d2-2cbd-ec82efe4a7da'.
  ℹ️  No keyLearningPoints document found for key 'inflation-breaths_1504258492447' with langId='7cf6efab-a9d7-54d2-2cbd-ec82efe4a7da'.
  ⚠ SKIP: Localized KLP 'inflation-breaths_1504258492447' not found in 7cf6efab-a9d7-54d2-2cbd-ec82efe4a7da.
  ℹ️  No key-learning-points document found for key 'ventilation-breath_1504258548225' with langId='7cf6efab-a9d7-54d2-2cbd-ec82efe4a7da'.
  ℹ️  No keyLearningPoints document found for key 'ventilation-breath_1504258548225' with langId='7cf6efab-a9d7-54d2-2cbd-ec82efe4a7da'.
  ⚠ SKIP: Localized KLP 'ventilation-breath_1504258548225' not found in 7cf6efab-a9d7-54d2-2cbd-ec82efe4a7da.
  ℹ️  No key-learning-points document found for key 'not-breathing-well_1504258620844' with langId='7cf6efab-a9d7-54d2-2cbd-ec82efe4a7da'.
  ℹ️  No keyLearningPoints document found for key 'not-breathing-well_1504258620844' with langId='7cf6efab-a9d7-54d2-2cbd-ec82efe4a7da'.
  ⚠ SKIP: Localized KLP 'not-breathing-well_1504258620844' not found in 7cf6efab-a9d7-54d2-2cbd-ec82efe4a7da.
  ℹ️  No key-learning-points document found for key 'continue-ventilation-breaths_1504258677078' with langId='7cf6efab-a9d7-54d2-2cbd-ec82efe4a7da'.
  ℹ️  No keyLearningPoints document found for key 'continue-ventilation-breaths_1504258677078' with langId='7cf6efab-a9d7-54d2-2cbd-ec82efe4a7da'.
  ⚠ SKIP: Localized KLP 'continue-ventilation-breaths_1504258677078' not found in 7cf6efab-a9d7-54d2-2cbd-ec82efe4a7da.
  ℹ️  No key-learning-points document found for key 'most-important-ventilation-breaths_1504258732578' with langId='7cf6efab-a9d7-54d2-2cbd-ec82efe4a7da'.
  ℹ️  No keyLearningPoints document found for key 'most-important-ventilation-breaths_1504258732578' with langId='7cf6efab-a9d7-54d2-2cbd-ec82efe4a7da'.
  ⚠ SKIP: Localized KLP 'most-important-ventilation-breaths_1504258732578' not found in 7cf6efab-a9d7-54d2-2cbd-ec82efe4a7da.
  ℹ️  No key-learning-points document found for key 'rhythm-ventilation-breaths_1504258780270' with langId='7cf6efab-a9d7-54d2-2cbd-ec82efe4a7da'.
  ℹ️  No keyLearningPoints document found for key 'rhythm-ventilation-breaths_1504258780270' with langId='7cf6efab-a9d7-54d2-2cbd-ec82efe4a7da'.
  ⚠ SKIP: Localized KLP 'rhythm-ventilation-breaths_1504258780270' not found in 7cf6efab-a9d7-54d2-2cbd-ec82efe4a7da.
  ℹ️  No key-learning-points document found for key 'good-ventilation_1504258849221' with langId='7cf6efab-a9d7-54d2-2cbd-ec82efe4a7da'.
  ℹ️  No keyLearningPoints document found for key 'good-ventilation_1504258849221' with langId='7cf6efab-a9d7-54d2-2cbd-ec82efe4a7da'.
  ⚠ SKIP: Localized KLP 'good-ventilation_1504258849221' not found in 7cf6efab-a9d7-54d2-2cbd-ec82efe4a7da.
  ℹ️  No key-learning-points document found for key 'breathing---assessment_1504258930435' with langId='7cf6efab-a9d7-54d2-2cbd-ec82efe4a7da'.
  ℹ️  No keyLearningPoints document found for key 'breathing---assessment_1504258930435' with langId='7cf6efab-a9d7-54d2-2cbd-ec82efe4a7da'.
  ⚠ SKIP: Localized KLP 'breathing---assessment_1504258930435' not found in 7cf6efab-a9d7-54d2-2cbd-ec82efe4a7da.
  ℹ️  No key-learning-points document found for key 'breathing---assessment_1504258984771' with langId='7cf6efab-a9d7-54d2-2cbd-ec82efe4a7da'.
  ℹ️  No keyLearningPoints document found for key 'breathing---assessment_1504258984771' with langId='7cf6efab-a9d7-54d2-2cbd-ec82efe4a7da'.
  ⚠ SKIP: Localized KLP 'breathing---assessment_1504258984771' not found in 7cf6efab-a9d7-54d2-2cbd-ec82efe4a7da.
  ℹ️  No key-learning-points document found for key 'breathing-assessment---continued_1504259182601' with langId='7cf6efab-a9d7-54d2-2cbd-ec82efe4a7da'.
  ℹ️  No keyLearningPoints document found for key 'breathing-assessment---continued_1504259182601' with langId='7cf6efab-a9d7-54d2-2cbd-ec82efe4a7da'.
  ⚠ SKIP: Localized KLP 'breathing-assessment---continued_1504259182601' not found in 7cf6efab-a9d7-54d2-2cbd-ec82efe4a7da.
  ℹ️  No key-learning-points document found for key 'action-if-breathing-well_1504259239916' with langId='7cf6efab-a9d7-54d2-2cbd-ec82efe4a7da'.
  ℹ️  No keyLearningPoints document found for key 'action-if-breathing-well_1504259239916' with langId='7cf6efab-a9d7-54d2-2cbd-ec82efe4a7da'.
  ⚠ SKIP: Localized KLP 'action-if-breathing-well_1504259239916' not found in 7cf6efab-a9d7-54d2-2cbd-ec82efe4a7da.
  ℹ️  No key-learning-points document found for key 'give-oxygen_1504259318506' with langId='7cf6efab-a9d7-54d2-2cbd-ec82efe4a7da'.
  ℹ️  No keyLearningPoints document found for key 'give-oxygen_1504259318506' with langId='7cf6efab-a9d7-54d2-2cbd-ec82efe4a7da'.
  ⚠ SKIP: Localized KLP 'give-oxygen_1504259318506' not found in 7cf6efab-a9d7-54d2-2cbd-ec82efe4a7da.
  ℹ️  No key-learning-points document found for key 'when-to-stop_1504259374882' with langId='7cf6efab-a9d7-54d2-2cbd-ec82efe4a7da'.
  ℹ️  No keyLearningPoints document found for key 'when-to-stop_1504259374882' with langId='7cf6efab-a9d7-54d2-2cbd-ec82efe4a7da'.
  ⚠ SKIP: Localized KLP 'when-to-stop_1504259374882' not found in 7cf6efab-a9d7-54d2-2cbd-ec82efe4a7da.
  ℹ️  No key-learning-points document found for key 'resuscitation-stop-next_1504259443850' with langId='7cf6efab-a9d7-54d2-2cbd-ec82efe4a7da'.
  ℹ️  No keyLearningPoints document found for key 'resuscitation-stop-next_1504259443850' with langId='7cf6efab-a9d7-54d2-2cbd-ec82efe4a7da'.
  ⚠ SKIP: Localized KLP 'resuscitation-stop-next_1504259443850' not found in 7cf6efab-a9d7-54d2-2cbd-ec82efe4a7da.
  ℹ️  No key-learning-points document found for key 'skin-to-skin-and-breastfeeding_1504259573821' with langId='7cf6efab-a9d7-54d2-2cbd-ec82efe4a7da'.
  ℹ️  No keyLearningPoints document found for key 'skin-to-skin-and-breastfeeding_1504259573821' with langId='7cf6efab-a9d7-54d2-2cbd-ec82efe4a7da'.
  ⚠ SKIP: Localized KLP 'skin-to-skin-and-breastfeeding_1504259573821' not found in 7cf6efab-a9d7-54d2-2cbd-ec82efe4a7da.
  ℹ️  No key-learning-points document found for key 'monitoring_1504259668644' with langId='7cf6efab-a9d7-54d2-2cbd-ec82efe4a7da'.
  ℹ️  No keyLearningPoints document found for key 'monitoring_1504259668644' with langId='7cf6efab-a9d7-54d2-2cbd-ec82efe4a7da'.
  ⚠ SKIP: Localized KLP 'monitoring_1504259668644' not found in 7cf6efab-a9d7-54d2-2cbd-ec82efe4a7da.
  ℹ️  No key-learning-points document found for key 'low-birth-weight-and-resuscitation_1504259731434' with langId='7cf6efab-a9d7-54d2-2cbd-ec82efe4a7da'.
  ℹ️  No keyLearningPoints document found for key 'low-birth-weight-and-resuscitation_1504259731434' with langId='7cf6efab-a9d7-54d2-2cbd-ec82efe4a7da'.
  ⚠ SKIP: Localized KLP 'low-birth-weight-and-resuscitation_1504259731434' not found in 7cf6efab-a9d7-54d2-2cbd-ec82efe4a7da.
  ℹ️  No key-learning-points document found for key 'challenge-low-birth-weight_1504259788567' with langId='7cf6efab-a9d7-54d2-2cbd-ec82efe4a7da'.
  ℹ️  No keyLearningPoints document found for key 'challenge-low-birth-weight_1504259788567' with langId='7cf6efab-a9d7-54d2-2cbd-ec82efe4a7da'.
  ⚠ SKIP: Localized KLP 'challenge-low-birth-weight_1504259788567' not found in 7cf6efab-a9d7-54d2-2cbd-ec82efe4a7da.
  ℹ️  No key-learning-points document found for key 'successful-inflation-breaths_1505392891735' with langId='7cf6efab-a9d7-54d2-2cbd-ec82efe4a7da'.
  ℹ️  No keyLearningPoints document found for key 'successful-inflation-breaths_1505392891735' with langId='7cf6efab-a9d7-54d2-2cbd-ec82efe4a7da'.
  ⚠ SKIP: Localized KLP 'successful-inflation-breaths_1505392891735' not found in 7cf6efab-a9d7-54d2-2cbd-ec82efe4a7da.
  Step 2: Queuing module payload with resource slugs...
Using cached asset_id: 5ebf5423ab7044f3b411bfce41c4fcb5
Skipping previously failed asset: https://sdacms.blob.core.windows.net/content/assets/videos/english%20WHO/Neonatal%20resuscitation/intro.mp4
Warning: Failed to process video asset: /english WHO/Neonatal resuscitation/intro
Skipping previously failed asset: https://sdacms.blob.core.windows.net/content/assets/videos/english%20WHO/Neonatal%20resuscitation/assess_the_newborn.mp4
Warning: Failed to process video asset: /english WHO/Neonatal resuscitation/assess_the_newborn
Skipping previously failed asset: https://sdacms.blob.core.windows.net/content/assets/videos/english%20WHO/Neonatal%20resuscitation/airway.mp4
Warning: Failed to process video asset: /english WHO/Neonatal resuscitation/airway
Skipping previously failed asset: https://sdacms.blob.core.windows.net/content/assets/videos/english%20WHO/Neonatal%20resuscitation/when_to_stop_resuscitation.mp4
Warning: Failed to process video asset: /english WHO/Neonatal resuscitation/when_to_stop_resuscitation
Skipping previously failed asset: https://sdacms.blob.core.windows.net/content/assets/videos/english%20WHO/Neonatal%20resuscitation/monitoring.mp4
Warning: Failed to process video asset: /english WHO/Neonatal resuscitation/monitoring
Skipping previously failed asset: https://sdacms.blob.core.windows.net/content/assets/videos/english%20WHO/Neonatal%20resuscitation/referral.mp4
Warning: Failed to process video asset: /english WHO/Neonatal resuscitation/referral
  → Using bundle description fallback for translated module
  → Queued module 'Neonatal Resuscitation' -> /home/azureuser/test/content_migrator/data/processed_data/modules.csv
  → Found English title from Cosmos (key='newborn-management_1487679126990'): 'Newborn Management'
[ModuleMigrator] Using Cosmos doc resource lists for TRANSLATED module 'newborn-management_1487679126990' (lang: 7cf6efab-a9d7-54d2-2cbd-ec82efe4a7da)
  actionCards: 9 keys
  procedures: 3 keys
  drugs: 9 keys
  keyLearningPoints: 36 keys
  videos: 5 keys
  ⚠ STRUCTURAL VIOLATION: Global identity document not found in Cosmos for localized module 'newborn-management'. Proceeding with placeholder title: Newborn Management
  Step 1: Preparing module resources (queue)...
Loaded 511 existing resource mappings
Mapping language:   7cf6efab-a9d7-54d2-2cbd-ec82efe4a7da
  DEBUG: Found 5 videos in module
Downloading video asset from https://sdacms.blob.core.windows.net/content/assets/videos/english%20WHO/Newborn%20management/intro.mp4
Error downloading video asset https://sdacms.blob.core.windows.net/content/assets/videos/english%20WHO/Newborn%20management/intro.mp4: 404 Client Error: The specified blob does not exist. for url: https://sdacms.blob.core.windows.net/content/assets/videos/english%20WHO/Newborn%20management/intro.mp4
Video icon URL: english%20WHO/Newborn%20management/intro
Video icon URL: english%20WHO/Newborn%20management/intro
Downloading video_icon asset from https://sdacms.blob.core.windows.net/content/assets/videos/english%20WHO/Newborn%20management/intro.png
Error downloading video_icon asset https://sdacms.blob.core.windows.net/content/assets/videos/english%20WHO/Newborn%20management/intro.png: 404 Client Error: The specified blob does not exist. for url: https://sdacms.blob.core.windows.net/content/assets/videos/english%20WHO/Newborn%20management/intro.png
Skipping video '/english WHO/Newborn management/intro' - missing asset upload
Downloading video asset from https://sdacms.blob.core.windows.net/content/assets/videos/english%20WHO/Newborn%20management/prevention.mp4
Error downloading video asset https://sdacms.blob.core.windows.net/content/assets/videos/english%20WHO/Newborn%20management/prevention.mp4: 404 Client Error: The specified blob does not exist. for url: https://sdacms.blob.core.windows.net/content/assets/videos/english%20WHO/Newborn%20management/prevention.mp4
Video icon URL: english%20WHO/Newborn%20management/prevention
Video icon URL: english%20WHO/Newborn%20management/prevention
Downloading video_icon asset from https://sdacms.blob.core.windows.net/content/assets/videos/english%20WHO/Newborn%20management/prevention.png
Error downloading video_icon asset https://sdacms.blob.core.windows.net/content/assets/videos/english%20WHO/Newborn%20management/prevention.png: 404 Client Error: The specified blob does not exist. for url: https://sdacms.blob.core.windows.net/content/assets/videos/english%20WHO/Newborn%20management/prevention.png
Skipping video '/english WHO/Newborn management/prevention' - missing asset upload
Downloading video asset from https://sdacms.blob.core.windows.net/content/assets/videos/english%20WHO/Newborn%20management/initial_care_of_the_newborn.mp4
Error downloading video asset https://sdacms.blob.core.windows.net/content/assets/videos/english%20WHO/Newborn%20management/initial_care_of_the_newborn.mp4: 404 Client Error: The specified blob does not exist. for url: https://sdacms.blob.core.windows.net/content/assets/videos/english%20WHO/Newborn%20management/initial_care_of_the_newborn.mp4
Video icon URL: english%20WHO/Newborn%20management/initial_care_of_the_newborn
Video icon URL: english%20WHO/Newborn%20management/initial_care_of_the_newborn
Downloading video_icon asset from https://sdacms.blob.core.windows.net/content/assets/videos/english%20WHO/Newborn%20management/initial_care_of_the_newborn.png
Error downloading video_icon asset https://sdacms.blob.core.windows.net/content/assets/videos/english%20WHO/Newborn%20management/initial_care_of_the_newborn.png: 404 Client Error: The specified blob does not exist. for url: https://sdacms.blob.core.windows.net/content/assets/videos/english%20WHO/Newborn%20management/initial_care_of_the_newborn.png
Skipping video '/english WHO/Newborn management/initial_care_of_the_newborn' - missing asset upload
Downloading video asset from https://sdacms.blob.core.windows.net/content/assets/videos/english%20WHO/Newborn%20management/danger_signs.mp4
Error downloading video asset https://sdacms.blob.core.windows.net/content/assets/videos/english%20WHO/Newborn%20management/danger_signs.mp4: 404 Client Error: The specified blob does not exist. for url: https://sdacms.blob.core.windows.net/content/assets/videos/english%20WHO/Newborn%20management/danger_signs.mp4
Video icon URL: english%20WHO/Newborn%20management/danger_signs
Video icon URL: english%20WHO/Newborn%20management/danger_signs
Downloading video_icon asset from https://sdacms.blob.core.windows.net/content/assets/videos/english%20WHO/Newborn%20management/danger_signs.png
Error downloading video_icon asset https://sdacms.blob.core.windows.net/content/assets/videos/english%20WHO/Newborn%20management/danger_signs.png: 404 Client Error: The specified blob does not exist. for url: https://sdacms.blob.core.windows.net/content/assets/videos/english%20WHO/Newborn%20management/danger_signs.png
Skipping video '/english WHO/Newborn management/danger_signs' - missing asset upload
Downloading video asset from https://sdacms.blob.core.windows.net/content/assets/videos/english%20WHO/Newborn%20management/referral.mp4
Error downloading video asset https://sdacms.blob.core.windows.net/content/assets/videos/english%20WHO/Newborn%20management/referral.mp4: 404 Client Error: The specified blob does not exist. for url: https://sdacms.blob.core.windows.net/content/assets/videos/english%20WHO/Newborn%20management/referral.mp4
Video icon URL: english%20WHO/Newborn%20management/referral
Video icon URL: english%20WHO/Newborn%20management/referral
Downloading video_icon asset from https://sdacms.blob.core.windows.net/content/assets/videos/english%20WHO/Newborn%20management/referral.png
Error downloading video_icon asset https://sdacms.blob.core.windows.net/content/assets/videos/english%20WHO/Newborn%20management/referral.png: 404 Client Error: The specified blob does not exist. for url: https://sdacms.blob.core.windows.net/content/assets/videos/english%20WHO/Newborn%20management/referral.png
Skipping video '/english WHO/Newborn management/referral' - missing asset upload
  DEBUG: Found 9 action cards in module
Mapping language:   7cf6efab-a9d7-54d2-2cbd-ec82efe4a7da
Using cached asset_id: 95a52692c200435e95c7a866e540f28f
Saved Markdown: /home/azureuser/test/content_migrator/data/temp_data/newborn_management_prevention_original.md
Saved Markdown: /home/azureuser/test/content_migrator/data/temp_data/newborn_management_prevention_adapted_africa.md
Saved Markdown: /home/azureuser/test/content_migrator/data/temp_data/newborn_management_prevention_translated_action_card.md
Created action-card resource: title='Newborn Management Prevention' description='Newborn Management Prevention' icon='95a52692c200435e95c7a866e540f28f' content='0b9f5c0651d046cf8ef44119799594ec' language_id='7cf6efab-a9d7-54d2-2cbd-ec82efe4a7da' region='africa' content_type='original' created_by='frederikke@maternity.dk' level=None questions=None derived_from_id=None
Created action-card resource: title='Newborn Management Prevention' description='Newborn Management Prevention' icon='95a52692c200435e95c7a866e540f28f' content='6825ad7cab0447018a5037e420b85b46' language_id='7cf6efab-a9d7-54d2-2cbd-ec82efe4a7da' region='africa' content_type='adapted' created_by='frederikke@maternity.dk' level=None questions=None derived_from_id=None
Created action-card resource: title='Newborn Management Prevention' description='Newborn Management Prevention' icon='95a52692c200435e95c7a866e540f28f' content='fdeecf81d9b04e21b5c311c51dbf758e' language_id='7cf6efab-a9d7-54d2-2cbd-ec82efe4a7da' region='africa' content_type='translated' created_by='frederikke@maternity.dk' level=None questions=None derived_from_id=None
  ℹ️  No screens translation found for 'action-card:prevention_1486813119229', using original
Queuing action-card: res-action-card-newborn-management-prevention (Source: 'Newborn Management Prevention')
Mapping language:   7cf6efab-a9d7-54d2-2cbd-ec82efe4a7da
Using cached asset_id: 225b3882b4374e60b5b8ff0386ed9c8f
CACHED: Saved new asset_id '2a9b1b71042f4cb7ab537faaa0ed80d6' for path 'https://sdacms.blob.core.windows.net/content/assets/images/africa/richtext/severe_jaundice_2.png'
Saved Markdown: /home/azureuser/test/content_migrator/data/temp_data/neonatal_jaundice_original.md
Saved Markdown: /home/azureuser/test/content_migrator/data/temp_data/neonatal_jaundice_adapted_africa.md
Saved Markdown: /home/azureuser/test/content_migrator/data/temp_data/neonatal_jaundice_translated_action_card.md
  📎 Linking 1 embedded asset(s) to markdown upload
Created action-card resource: title='Neonatal jaundice' description='Neonatal jaundice' icon='225b3882b4374e60b5b8ff0386ed9c8f' content='f9be97c97ac74bea881424d53c9f4442' language_id='7cf6efab-a9d7-54d2-2cbd-ec82efe4a7da' region='africa' content_type='original' created_by='natalia@maternity.dk' level=None questions=None derived_from_id=None
  📎 Linking 1 embedded asset(s) to markdown upload
Created action-card resource: title='Neonatal jaundice' description='Neonatal jaundice' icon='225b3882b4374e60b5b8ff0386ed9c8f' content='4c7ed571950a4887b470288263f623a0' language_id='7cf6efab-a9d7-54d2-2cbd-ec82efe4a7da' region='africa' content_type='adapted' created_by='natalia@maternity.dk' level=None questions=None derived_from_id=None
  📎 Linking 1 embedded asset(s) to markdown upload
Created action-card resource: title='Neonatal jaundice' description='Neonatal jaundice' icon='225b3882b4374e60b5b8ff0386ed9c8f' content='39e70d93dc8c4182ba26c50e33801e48' language_id='7cf6efab-a9d7-54d2-2cbd-ec82efe4a7da' region='africa' content_type='translated' created_by='natalia@maternity.dk' level=None questions=None derived_from_id=None
  ℹ️  No screens translation found for 'action-card:neonatal-jaundice_1537288987547', using original
Queuing action-card: res-action-card-neonatal-jaundice (Source: 'Neonatal jaundice')
Mapping language:   7cf6efab-a9d7-54d2-2cbd-ec82efe4a7da
Using cached asset_id: 991081f668e34e9e83aaac8e49235db2
Saved Markdown: /home/azureuser/test/content_migrator/data/temp_data/newborn_management_routine_care_original.md
Saved Markdown: /home/azureuser/test/content_migrator/data/temp_data/newborn_management_routine_care_adapted_africa.md
Saved Markdown: /home/azureuser/test/content_migrator/data/temp_data/newborn_management_routine_care_translated_action_card.md
Created action-card resource: title='Newborn Management Routine Care' description='Newborn Management Routine Care' icon='991081f668e34e9e83aaac8e49235db2' content='6eb6ac6fb7d24322accee329ef11efb0' language_id='7cf6efab-a9d7-54d2-2cbd-ec82efe4a7da' region='africa' content_type='original' created_by='natalia@maternity.dk' level=None questions=None derived_from_id=None
Created action-card resource: title='Newborn Management Routine Care' description='Newborn Management Routine Care' icon='991081f668e34e9e83aaac8e49235db2' content='294c3fe43e4440088cc5f932f09753ed' language_id='7cf6efab-a9d7-54d2-2cbd-ec82efe4a7da' region='africa' content_type='adapted' created_by='natalia@maternity.dk' level=None questions=None derived_from_id=None
Created action-card resource: title='Newborn Management Routine Care' description='Newborn Management Routine Care' icon='991081f668e34e9e83aaac8e49235db2' content='9116df7f42cc4577875f50fa1d6b6800' language_id='7cf6efab-a9d7-54d2-2cbd-ec82efe4a7da' region='africa' content_type='translated' created_by='natalia@maternity.dk' level=None questions=None derived_from_id=None
  ℹ️  No screens translation found for 'action-card:routine-care_1486842306870', using original
Queuing action-card: res-action-card-newborn-management-routine-care (Source: 'Newborn Management Routine Care')
Overwriting previous queue for 'res-action-card-newborn-management-routine-care' with language-specific version (lang: 7cf6efab-a9d7-54d2-2cbd-ec82efe4a7da)
Mapping language:   7cf6efab-a9d7-54d2-2cbd-ec82efe4a7da
Using cached asset_id: 19979296bc68470cb17a0e759465b487
Saved Markdown: /home/azureuser/test/content_migrator/data/temp_data/newborn_management_management_of_danger_signs_original.md
Saved Markdown: /home/azureuser/test/content_migrator/data/temp_data/newborn_management_management_of_danger_signs_adapted_africa.md
Saved Markdown: /home/azureuser/test/content_migrator/data/temp_data/newborn_management_management_of_danger_signs_translated_action_card.md
Created action-card resource: title='Newborn Management Management of Danger Signs' description='Newborn Management Management of Danger Signs' icon='19979296bc68470cb17a0e759465b487' content='fecbc8a56fe345ae9cac2077d6eca90b' language_id='7cf6efab-a9d7-54d2-2cbd-ec82efe4a7da' region='africa' content_type='original' created_by='natalia@maternity.dk' level=None questions=None derived_from_id=None
Created action-card resource: title='Newborn Management Management of Danger Signs' description='Newborn Management Management of Danger Signs' icon='19979296bc68470cb17a0e759465b487' content='7ca9b137332e4392a4c3156f81cb80d8' language_id='7cf6efab-a9d7-54d2-2cbd-ec82efe4a7da' region='africa' content_type='adapted' created_by='natalia@maternity.dk' level=None questions=None derived_from_id=None
Created action-card resource: title='Newborn Management Management of Danger Signs' description='Newborn Management Management of Danger Signs' icon='19979296bc68470cb17a0e759465b487' content='7e28754418a14a3188f3ffbe6253f1ee' language_id='7cf6efab-a9d7-54d2-2cbd-ec82efe4a7da' region='africa' content_type='translated' created_by='natalia@maternity.dk' level=None questions=None derived_from_id=None
  ℹ️  No screens translation found for 'action-card:management-of-danger-signs_1486808272156', using original
Queuing action-card: res-action-card-newborn-management-management-of-danger-signs (Source: 'Newborn Management Management of Danger Signs')
Mapping language:   7cf6efab-a9d7-54d2-2cbd-ec82efe4a7da
Using cached asset_id: 41beb7b3c6b94af3872f3741622b6c16
Saved Markdown: /home/azureuser/test/content_migrator/data/temp_data/feeding_and_fluid_management_original.md
Saved Markdown: /home/azureuser/test/content_migrator/data/temp_data/feeding_and_fluid_management_adapted_africa.md
Saved Markdown: /home/azureuser/test/content_migrator/data/temp_data/feeding_and_fluid_management_translated_action_card.md
Created action-card resource: title='Feeding and fluid management' description='Feeding and fluid management' icon='41beb7b3c6b94af3872f3741622b6c16' content='90e938b5551b4a05bc081a25a9dd0a36' language_id='7cf6efab-a9d7-54d2-2cbd-ec82efe4a7da' region='africa' content_type='original' created_by='natalia@maternity.dk' level=None questions=None derived_from_id=None
Created action-card resource: title='Feeding and fluid management' description='Feeding and fluid management' icon='41beb7b3c6b94af3872f3741622b6c16' content='8a45b759b6a04c529c087690014d35b4' language_id='7cf6efab-a9d7-54d2-2cbd-ec82efe4a7da' region='africa' content_type='adapted' created_by='natalia@maternity.dk' level=None questions=None derived_from_id=None
Created action-card resource: title='Feeding and fluid management' description='Feeding and fluid management' icon='41beb7b3c6b94af3872f3741622b6c16' content='75291a4544bd4e85bc1246ecb9fdeab3' language_id='7cf6efab-a9d7-54d2-2cbd-ec82efe4a7da' region='africa' content_type='translated' created_by='natalia@maternity.dk' level=None questions=None derived_from_id=None
  ℹ️  No screens translation found for 'action-card:feeding-and-fluid-management_1753346657659', using original
Queuing action-card: res-action-card-feeding-and-fluid-management (Source: 'Feeding and fluid management')
Overwriting previous queue for 'res-action-card-feeding-and-fluid-management' with language-specific version (lang: 7cf6efab-a9d7-54d2-2cbd-ec82efe4a7da)
Mapping language:   7cf6efab-a9d7-54d2-2cbd-ec82efe4a7da
Using cached asset_id: f931c12d2c1c40688303685e3650a07e
Saved Markdown: /home/azureuser/test/content_migrator/data/temp_data/safe_oxygen_management_new_2025_original.md
Saved Markdown: /home/azureuser/test/content_migrator/data/temp_data/safe_oxygen_management_new_2025_adapted_africa.md
Saved Markdown: /home/azureuser/test/content_migrator/data/temp_data/safe_oxygen_management_new_2025_translated_action_card.md
  📎 Linking 1 embedded asset(s) to markdown upload
Created action-card resource: title='Safe oxygen management (NEW 2025)' description='Safe oxygen management (NEW 2025)' icon='f931c12d2c1c40688303685e3650a07e' content='29bc033c954e4163a53338a4d4600f40' language_id='7cf6efab-a9d7-54d2-2cbd-ec82efe4a7da' region='africa' content_type='original' created_by='natalia@maternity.dk' level=None questions=None derived_from_id=None
  📎 Linking 1 embedded asset(s) to markdown upload
Created action-card resource: title='Safe oxygen management (NEW 2025)' description='Safe oxygen management (NEW 2025)' icon='f931c12d2c1c40688303685e3650a07e' content='8ed4192e648f4df0b21414e4cfc14942' language_id='7cf6efab-a9d7-54d2-2cbd-ec82efe4a7da' region='africa' content_type='adapted' created_by='natalia@maternity.dk' level=None questions=None derived_from_id=None
  📎 Linking 1 embedded asset(s) to markdown upload
Created action-card resource: title='Safe oxygen management (NEW 2025)' description='Safe oxygen management (NEW 2025)' icon='f931c12d2c1c40688303685e3650a07e' content='d85ce4bcced94359ab82636fb0e066ad' language_id='7cf6efab-a9d7-54d2-2cbd-ec82efe4a7da' region='africa' content_type='translated' created_by='natalia@maternity.dk' level=None questions=None derived_from_id=None
  ✓ Screens translation for action-card description: 'Safe oxygen management ...'
Queuing action-card: res-action-card-safe-oxygen-management-new-2025 (Source: 'Safe oxygen management (NEW 2025)')
Overwriting previous queue for 'res-action-card-safe-oxygen-management-new-2025' with language-specific version (lang: 7cf6efab-a9d7-54d2-2cbd-ec82efe4a7da)
Mapping language:   7cf6efab-a9d7-54d2-2cbd-ec82efe4a7da
Using cached asset_id: 5c7e7afdce7d4b84952e58208235ba8d
Saved Markdown: /home/azureuser/test/content_migrator/data/temp_data/emergency_referral_for_newborn_original.md
Saved Markdown: /home/azureuser/test/content_migrator/data/temp_data/emergency_referral_for_newborn_adapted_africa.md
Saved Markdown: /home/azureuser/test/content_migrator/data/temp_data/emergency_referral_for_newborn_translated_action_card.md
  📎 Linking 1 embedded asset(s) to markdown upload
Created action-card resource: title='Emergency Referral for Newborn' description='Emergency Referral for Newborn' icon='5c7e7afdce7d4b84952e58208235ba8d' content='976a9a08aa5a49b39da8cb9a1f8f654e' language_id='7cf6efab-a9d7-54d2-2cbd-ec82efe4a7da' region='africa' content_type='original' created_by='natalia@maternity.dk' level=None questions=None derived_from_id=None
  📎 Linking 1 embedded asset(s) to markdown upload
Created action-card resource: title='Emergency Referral for Newborn' description='Emergency Referral for Newborn' icon='5c7e7afdce7d4b84952e58208235ba8d' content='d6fb1a891d354740ab818dc9110bd8ff' language_id='7cf6efab-a9d7-54d2-2cbd-ec82efe4a7da' region='africa' content_type='adapted' created_by='natalia@maternity.dk' level=None questions=None derived_from_id=None
  📎 Linking 1 embedded asset(s) to markdown upload
Created action-card resource: title='Emergency Referral for Newborn' description='Emergency Referral for Newborn' icon='5c7e7afdce7d4b84952e58208235ba8d' content='5410f819420540f4bc56ad62d9bcf169' language_id='7cf6efab-a9d7-54d2-2cbd-ec82efe4a7da' region='africa' content_type='translated' created_by='natalia@maternity.dk' level=None questions=None derived_from_id=None
  ℹ️  No screens translation found for 'action-card:emergency-referral-for-newborn_1536854602118', using original
Queuing action-card: res-action-card-emergency-referral-for-newborn (Source: 'Emergency Referral for Newborn')
Overwriting previous queue for 'res-action-card-emergency-referral-for-newborn' with language-specific version (lang: 7cf6efab-a9d7-54d2-2cbd-ec82efe4a7da)
Mapping language:   7cf6efab-a9d7-54d2-2cbd-ec82efe4a7da
Using cached asset_id: 72e1b161410a4f76bbed4441cea4f532
Saved Markdown: /home/azureuser/test/content_migrator/data/temp_data/antibiotic_management_new_2025_original.md
Saved Markdown: /home/azureuser/test/content_migrator/data/temp_data/antibiotic_management_new_2025_adapted_africa.md
Saved Markdown: /home/azureuser/test/content_migrator/data/temp_data/antibiotic_management_new_2025_translated_action_card.md
Created action-card resource: title='Antibiotic management (New 2025)' description='Antibiotic management (New 2025)' icon='72e1b161410a4f76bbed4441cea4f532' content='592bb643d7b644f48e808d2f7384cb81' language_id='7cf6efab-a9d7-54d2-2cbd-ec82efe4a7da' region='africa' content_type='original' created_by='natalia@maternity.dk' level=None questions=None derived_from_id=None
Created action-card resource: title='Antibiotic management (New 2025)' description='Antibiotic management (New 2025)' icon='72e1b161410a4f76bbed4441cea4f532' content='2fc8e6f7a9474932886bb39e5da00935' language_id='7cf6efab-a9d7-54d2-2cbd-ec82efe4a7da' region='africa' content_type='adapted' created_by='natalia@maternity.dk' level=None questions=None derived_from_id=None
Created action-card resource: title='Antibiotic management (New 2025)' description='Antibiotic management (New 2025)' icon='72e1b161410a4f76bbed4441cea4f532' content='f298c0bd2f7245edb539d6b2141ec0ae' language_id='7cf6efab-a9d7-54d2-2cbd-ec82efe4a7da' region='africa' content_type='translated' created_by='natalia@maternity.dk' level=None questions=None derived_from_id=None
  ✓ Screens translation for action-card description: 'Antibiotic management ...'
Queuing action-card: res-action-card-antibiotic-management-new-2025 (Source: 'Antibiotic management (New 2025)')
Mapping language:   7cf6efab-a9d7-54d2-2cbd-ec82efe4a7da
Using cached asset_id: 95a52692c200435e95c7a866e540f28f
Saved Markdown: /home/azureuser/test/content_migrator/data/temp_data/newborn_prevention_and_early_intervention_original.md
Saved Markdown: /home/azureuser/test/content_migrator/data/temp_data/newborn_prevention_and_early_intervention_adapted_africa.md
Saved Markdown: /home/azureuser/test/content_migrator/data/temp_data/newborn_prevention_and_early_intervention_translated_action_card.md
Created action-card resource: title='Newborn — Prevention and Early Intervention' description='Newborn — Prevention and Early Intervention' icon='95a52692c200435e95c7a866e540f28f' content='114366004a4d45ae99100e4c8051b1f5' language_id='7cf6efab-a9d7-54d2-2cbd-ec82efe4a7da' region='africa' content_type='original' created_by='natalia@maternity.dk' level=None questions=None derived_from_id=None
Created action-card resource: title='Newborn — Prevention and Early Intervention' description='Newborn — Prevention and Early Intervention' icon='95a52692c200435e95c7a866e540f28f' content='52959631ab35408481aca0ad585f67a6' language_id='7cf6efab-a9d7-54d2-2cbd-ec82efe4a7da' region='africa' content_type='adapted' created_by='natalia@maternity.dk' level=None questions=None derived_from_id=None
Created action-card resource: title='Newborn — Prevention and Early Intervention' description='Newborn — Prevention and Early Intervention' icon='95a52692c200435e95c7a866e540f28f' content='697f3a29f61844458ee3b0a4fb9d8f61' language_id='7cf6efab-a9d7-54d2-2cbd-ec82efe4a7da' region='africa' content_type='translated' created_by='natalia@maternity.dk' level=None questions=None derived_from_id=None
  ℹ️  No screens translation found for 'action-card:newborn-prevention-and-early-intervention_1753350246576', using original
Queuing action-card: res-action-card-newborn-prevention-and-early-intervention (Source: 'Newborn — Prevention and Early Intervention')
Mapping language:   7cf6efab-a9d7-54d2-2cbd-ec82efe4a7da
  DEBUG: Found 3 procedures in module
Using cached asset_id: de4f2713cb8547999ea5a052eb1e2852
CACHED: Saved new asset_id '4b00ba6824ad46a0ab003160f609927e' for path 'https://sdacms.blob.core.windows.net/content/assets/images/africa/richtext/pp_nasogastric_tube.png'
Saved Markdown: /home/azureuser/test/content_migrator/data/temp_data/nasogastric_tube_original.md
Saved Markdown: /home/azureuser/test/content_migrator/data/temp_data/nasogastric_tube_adapted_africa.md
Saved Markdown: /home/azureuser/test/content_migrator/data/temp_data/nasogastric_tube_translated_action_card.md
  📎 Linking 1 embedded asset(s) to markdown upload
Created action-card resource: title='Nasogastric tube' description='Nasogastric tube' icon='de4f2713cb8547999ea5a052eb1e2852' content='66de148193a0440f8b237a6538b5885b' language_id='7cf6efab-a9d7-54d2-2cbd-ec82efe4a7da' region='africa' content_type='original' created_by='natalia@maternity.dk' level=None questions=None derived_from_id=None
  📎 Linking 1 embedded asset(s) to markdown upload
Created action-card resource: title='Nasogastric tube' description='Nasogastric tube' icon='de4f2713cb8547999ea5a052eb1e2852' content='a972d60cd8b0424e91328c6eeed906d1' language_id='7cf6efab-a9d7-54d2-2cbd-ec82efe4a7da' region='africa' content_type='adapted' created_by='natalia@maternity.dk' level=None questions=None derived_from_id=None
  📎 Linking 1 embedded asset(s) to markdown upload
Created action-card resource: title='Nasogastric tube' description='Nasogastric tube' icon='de4f2713cb8547999ea5a052eb1e2852' content='5a8f83fe082440d7a9fdde12399335a1' language_id='7cf6efab-a9d7-54d2-2cbd-ec82efe4a7da' region='africa' content_type='translated' created_by='natalia@maternity.dk' level=None questions=None derived_from_id=None
  ℹ️  No screens translation found for 'procedure:nasogastric-tube_1487245852188', using original
Queuing procedure: res-procedure-nasogastric-tube (Source: 'Nasogastric tube')
Using cached asset_id: a3a1cc4ec99543159e4d915ff08be23a
Saved Markdown: /home/azureuser/test/content_migrator/data/temp_data/breastfeeding_new_2025_original.md
Saved Markdown: /home/azureuser/test/content_migrator/data/temp_data/breastfeeding_new_2025_adapted_africa.md
Saved Markdown: /home/azureuser/test/content_migrator/data/temp_data/breastfeeding_new_2025_translated_action_card.md
  📎 Linking 2 embedded asset(s) to markdown upload
Created action-card resource: title='Breastfeeding (NEW 2025)' description='Breastfeeding (NEW 2025)' icon='a3a1cc4ec99543159e4d915ff08be23a' content='704f147cefe74da187d829ba1e3993c4' language_id='7cf6efab-a9d7-54d2-2cbd-ec82efe4a7da' region='africa' content_type='original' created_by='natalia@maternity.dk' level=None questions=None derived_from_id=None
  📎 Linking 2 embedded asset(s) to markdown upload
Created action-card resource: title='Breastfeeding (NEW 2025)' description='Breastfeeding (NEW 2025)' icon='a3a1cc4ec99543159e4d915ff08be23a' content='3e9cd874abb84755ba44b30bd59cf5cc' language_id='7cf6efab-a9d7-54d2-2cbd-ec82efe4a7da' region='africa' content_type='adapted' created_by='natalia@maternity.dk' level=None questions=None derived_from_id=None
  📎 Linking 2 embedded asset(s) to markdown upload
Created action-card resource: title='Breastfeeding (NEW 2025)' description='Breastfeeding (NEW 2025)' icon='a3a1cc4ec99543159e4d915ff08be23a' content='ff8c3d7b84864547a7b390f634f1ce4f' language_id='7cf6efab-a9d7-54d2-2cbd-ec82efe4a7da' region='africa' content_type='translated' created_by='natalia@maternity.dk' level=None questions=None derived_from_id=None
  ✓ Screens translation for procedure description: 'Breastfeeding ...'
Queuing procedure: res-procedure-breastfeeding-new-2025 (Source: 'Breastfeeding (NEW 2025)')
  ℹ️  No procedures document found for key 'intravenous-access-equipment---newborn_1771495755381' with langId='7cf6efab-a9d7-54d2-2cbd-ec82efe4a7da'.
  ⚠ SKIP: Localized procedure 'intravenous-access-equipment---newborn_1771495755381' not found in 7cf6efab-a9d7-54d2-2cbd-ec82efe4a7da.
Using cached asset_id: 0f0b36963fd04845b1acc762fc2c8b02
  ✓ Module icon uploaded for drugs: 0f0b3696...
Mapping language:   7cf6efab-a9d7-54d2-2cbd-ec82efe4a7da
  DEBUG: Found 9 drugs in module
  ✓ Drug inheriting module icon: 0f0b3696...
Saved Markdown: /home/azureuser/test/content_migrator/data/temp_data/betamethasone_original.md
Saved Markdown: /home/azureuser/test/content_migrator/data/temp_data/betamethasone_adapted_africa.md
Saved Markdown: /home/azureuser/test/content_migrator/data/temp_data/betamethasone_translated_action_card.md
Created action-card resource: title='Betamethasone' description='Betamethasone' icon='0f0b36963fd04845b1acc762fc2c8b02' content='326b609235544252a7d08b14351becd3' language_id='7cf6efab-a9d7-54d2-2cbd-ec82efe4a7da' region='africa' content_type='original' created_by='nanna@maternity.dk' level=None questions=None derived_from_id=None
Created action-card resource: title='Betamethasone' description='Betamethasone' icon='0f0b36963fd04845b1acc762fc2c8b02' content='341da7f887ec4aff9faa0cd59391f4a0' language_id='7cf6efab-a9d7-54d2-2cbd-ec82efe4a7da' region='africa' content_type='adapted' created_by='nanna@maternity.dk' level=None questions=None derived_from_id=None
Created action-card resource: title='Betamethasone' description='Betamethasone' icon='0f0b36963fd04845b1acc762fc2c8b02' content='30016c70e3d2419dbd2c9e0b05d78444' language_id='7cf6efab-a9d7-54d2-2cbd-ec82efe4a7da' region='africa' content_type='translated' created_by='nanna@maternity.dk' level=None questions=None derived_from_id=None
  ℹ️  No screens translation found for 'drug:betamethasone_1487080183154', using original
Queuing drug: res-drug-betamethasone (Source: 'Betamethasone')
Overwriting previous queue for 'res-drug-betamethasone' with language-specific version (lang: 7cf6efab-a9d7-54d2-2cbd-ec82efe4a7da)
  ✓ Drug inheriting module icon: 0f0b3696...
Saved Markdown: /home/azureuser/test/content_migrator/data/temp_data/dexamethasone_original.md
Saved Markdown: /home/azureuser/test/content_migrator/data/temp_data/dexamethasone_adapted_africa.md
Saved Markdown: /home/azureuser/test/content_migrator/data/temp_data/dexamethasone_translated_action_card.md
Created action-card resource: title='Dexamethasone' description='Dexamethasone' icon='0f0b36963fd04845b1acc762fc2c8b02' content='c4fd3f2c931f4ab8b13824aba8231443' language_id='7cf6efab-a9d7-54d2-2cbd-ec82efe4a7da' region='africa' content_type='original' created_by='nanna@maternity.dk' level=None questions=None derived_from_id=None
Created action-card resource: title='Dexamethasone' description='Dexamethasone' icon='0f0b36963fd04845b1acc762fc2c8b02' content='2b2494c34a53473f83d44ddfb2d90ca5' language_id='7cf6efab-a9d7-54d2-2cbd-ec82efe4a7da' region='africa' content_type='adapted' created_by='nanna@maternity.dk' level=None questions=None derived_from_id=None
Created action-card resource: title='Dexamethasone' description='Dexamethasone' icon='0f0b36963fd04845b1acc762fc2c8b02' content='4cf4a05cdd4e4e57a55a0b4b50d353ad' language_id='7cf6efab-a9d7-54d2-2cbd-ec82efe4a7da' region='africa' content_type='translated' created_by='nanna@maternity.dk' level=None questions=None derived_from_id=None
  ℹ️  No screens translation found for 'drug:dexamethasone_1487101787771', using original
Queuing drug: res-drug-dexamethasone (Source: 'Dexamethasone')
Overwriting previous queue for 'res-drug-dexamethasone' with language-specific version (lang: 7cf6efab-a9d7-54d2-2cbd-ec82efe4a7da)
  ✓ Drug inheriting module icon: 0f0b3696...
Saved Markdown: /home/azureuser/test/content_migrator/data/temp_data/ampicillin_original.md
Saved Markdown: /home/azureuser/test/content_migrator/data/temp_data/ampicillin_adapted_africa.md
Saved Markdown: /home/azureuser/test/content_migrator/data/temp_data/ampicillin_translated_action_card.md
Created action-card resource: title='Ampicillin' description='Ampicillin' icon='0f0b36963fd04845b1acc762fc2c8b02' content='fb59f61afa6447948f266e34a87e6cb8' language_id='7cf6efab-a9d7-54d2-2cbd-ec82efe4a7da' region='africa' content_type='original' created_by='nanna@maternity.dk' level=None questions=None derived_from_id=None
Created action-card resource: title='Ampicillin' description='Ampicillin' icon='0f0b36963fd04845b1acc762fc2c8b02' content='8e2becc889af44099be6b98051136b10' language_id='7cf6efab-a9d7-54d2-2cbd-ec82efe4a7da' region='africa' content_type='adapted' created_by='nanna@maternity.dk' level=None questions=None derived_from_id=None
Created action-card resource: title='Ampicillin' description='Ampicillin' icon='0f0b36963fd04845b1acc762fc2c8b02' content='12d18aff635d447c8e37a2896cca1679' language_id='7cf6efab-a9d7-54d2-2cbd-ec82efe4a7da' region='africa' content_type='translated' created_by='nanna@maternity.dk' level=None questions=None derived_from_id=None
  ℹ️  No screens translation found for 'drug:ampicillin_1486975748548', using original
Queuing drug: res-drug-ampicillin (Source: 'Ampicillin')
Overwriting previous queue for 'res-drug-ampicillin' with language-specific version (lang: 7cf6efab-a9d7-54d2-2cbd-ec82efe4a7da)
  ✓ Drug inheriting module icon: 0f0b3696...
Saved Markdown: /home/azureuser/test/content_migrator/data/temp_data/gentamicin_original.md
Saved Markdown: /home/azureuser/test/content_migrator/data/temp_data/gentamicin_adapted_africa.md
Saved Markdown: /home/azureuser/test/content_migrator/data/temp_data/gentamicin_translated_action_card.md
Created action-card resource: title='Gentamicin' description='Gentamicin' icon='0f0b36963fd04845b1acc762fc2c8b02' content='beb41325d6e84461bab2454a34f15dcd' language_id='7cf6efab-a9d7-54d2-2cbd-ec82efe4a7da' region='africa' content_type='original' created_by='nanna@maternity.dk' level=None questions=None derived_from_id=None
Created action-card resource: title='Gentamicin' description='Gentamicin' icon='0f0b36963fd04845b1acc762fc2c8b02' content='a7e885e945674602816e727e4f588372' language_id='7cf6efab-a9d7-54d2-2cbd-ec82efe4a7da' region='africa' content_type='adapted' created_by='nanna@maternity.dk' level=None questions=None derived_from_id=None
Created action-card resource: title='Gentamicin' description='Gentamicin' icon='0f0b36963fd04845b1acc762fc2c8b02' content='e58703524cf64d75a1d3161c060d89d8' language_id='7cf6efab-a9d7-54d2-2cbd-ec82efe4a7da' region='africa' content_type='translated' created_by='nanna@maternity.dk' level=None questions=None derived_from_id=None
  ℹ️  No screens translation found for 'drug:gentamicin_1487679704293', using original
Queuing drug: res-drug-gentamicin (Source: 'Gentamicin')
Overwriting previous queue for 'res-drug-gentamicin' with language-specific version (lang: 7cf6efab-a9d7-54d2-2cbd-ec82efe4a7da)
  ✓ Drug inheriting module icon: 0f0b3696...
Saved Markdown: /home/azureuser/test/content_migrator/data/temp_data/vitamin_k_original.md
Saved Markdown: /home/azureuser/test/content_migrator/data/temp_data/vitamin_k_adapted_africa.md
Saved Markdown: /home/azureuser/test/content_migrator/data/temp_data/vitamin_k_translated_action_card.md
Created action-card resource: title='Vitamin K' description='Vitamin K' icon='0f0b36963fd04845b1acc762fc2c8b02' content='469dd9ebc37a4c3eb98b6353550360f9' language_id='7cf6efab-a9d7-54d2-2cbd-ec82efe4a7da' region='africa' content_type='original' created_by='nanna@maternity.dk' level=None questions=None derived_from_id=None
Created action-card resource: title='Vitamin K' description='Vitamin K' icon='0f0b36963fd04845b1acc762fc2c8b02' content='997f0acc950f4971abb63ca17339bab4' language_id='7cf6efab-a9d7-54d2-2cbd-ec82efe4a7da' region='africa' content_type='adapted' created_by='nanna@maternity.dk' level=None questions=None derived_from_id=None
Created action-card resource: title='Vitamin K' description='Vitamin K' icon='0f0b36963fd04845b1acc762fc2c8b02' content='1ee2404d6d1f46d38bc817724770a3dc' language_id='7cf6efab-a9d7-54d2-2cbd-ec82efe4a7da' region='africa' content_type='translated' created_by='nanna@maternity.dk' level=None questions=None derived_from_id=None
  ℹ️  No screens translation found for 'drug:vitamin-k_1487160613336', using original
Queuing drug: res-drug-vitamin-k (Source: 'Vitamin K')
Overwriting previous queue for 'res-drug-vitamin-k' with language-specific version (lang: 7cf6efab-a9d7-54d2-2cbd-ec82efe4a7da)
  ✓ Drug inheriting module icon: 0f0b3696...
Saved Markdown: /home/azureuser/test/content_migrator/data/temp_data/phenobarbital_original.md
Saved Markdown: /home/azureuser/test/content_migrator/data/temp_data/phenobarbital_adapted_africa.md
Saved Markdown: /home/azureuser/test/content_migrator/data/temp_data/phenobarbital_translated_action_card.md
Created action-card resource: title='Phenobarbital' description='Phenobarbital' icon='0f0b36963fd04845b1acc762fc2c8b02' content='afba1ec74c4e482392fd5bbffd8bff6c' language_id='7cf6efab-a9d7-54d2-2cbd-ec82efe4a7da' region='africa' content_type='original' created_by='nanna@maternity.dk' level=None questions=None derived_from_id=None
Created action-card resource: title='Phenobarbital' description='Phenobarbital' icon='0f0b36963fd04845b1acc762fc2c8b02' content='3f748987d8e74d789bf895c77cbfff01' language_id='7cf6efab-a9d7-54d2-2cbd-ec82efe4a7da' region='africa' content_type='adapted' created_by='nanna@maternity.dk' level=None questions=None derived_from_id=None
Created action-card resource: title='Phenobarbital' description='Phenobarbital' icon='0f0b36963fd04845b1acc762fc2c8b02' content='f31d38ce41844d07a9abd24e2d9b7c56' language_id='7cf6efab-a9d7-54d2-2cbd-ec82efe4a7da' region='africa' content_type='translated' created_by='nanna@maternity.dk' level=None questions=None derived_from_id=None
  ℹ️  No screens translation found for 'drug:phenobarbital_1487158287290', using original
Queuing drug: res-drug-phenobarbital (Source: 'Phenobarbital')
Overwriting previous queue for 'res-drug-phenobarbital' with language-specific version (lang: 7cf6efab-a9d7-54d2-2cbd-ec82efe4a7da)
  ✓ Drug inheriting module icon: 0f0b3696...
Saved Markdown: /home/azureuser/test/content_migrator/data/temp_data/ceftriaxone_original.md
Saved Markdown: /home/azureuser/test/content_migrator/data/temp_data/ceftriaxone_adapted_africa.md
Saved Markdown: /home/azureuser/test/content_migrator/data/temp_data/ceftriaxone_translated_action_card.md
Created action-card resource: title='Ceftriaxone' description='Ceftriaxone' icon='0f0b36963fd04845b1acc762fc2c8b02' content='e64ec4d5e9fe4699bdc98d84d15e21e9' language_id='7cf6efab-a9d7-54d2-2cbd-ec82efe4a7da' region='africa' content_type='original' created_by='nanna@maternity.dk' level=None questions=None derived_from_id=None
Created action-card resource: title='Ceftriaxone' description='Ceftriaxone' icon='0f0b36963fd04845b1acc762fc2c8b02' content='d6b7fb81c0c84025bd95ad9c33435c95' language_id='7cf6efab-a9d7-54d2-2cbd-ec82efe4a7da' region='africa' content_type='adapted' created_by='nanna@maternity.dk' level=None questions=None derived_from_id=None
Created action-card resource: title='Ceftriaxone' description='Ceftriaxone' icon='0f0b36963fd04845b1acc762fc2c8b02' content='9a0dcab4b2f545bfaad57e87e9ca7e8b' language_id='7cf6efab-a9d7-54d2-2cbd-ec82efe4a7da' region='africa' content_type='translated' created_by='nanna@maternity.dk' level=None questions=None derived_from_id=None
  ℹ️  No screens translation found for 'drug:ceftriaxone_1487080443380', using original
Queuing drug: res-drug-ceftriaxone (Source: 'Ceftriaxone')
Overwriting previous queue for 'res-drug-ceftriaxone' with language-specific version (lang: 7cf6efab-a9d7-54d2-2cbd-ec82efe4a7da)
  ✓ Drug inheriting module icon: 0f0b3696...
Saved Markdown: /home/azureuser/test/content_migrator/data/temp_data/antibiotic_eye_drops_original.md
Saved Markdown: /home/azureuser/test/content_migrator/data/temp_data/antibiotic_eye_drops_adapted_africa.md
Saved Markdown: /home/azureuser/test/content_migrator/data/temp_data/antibiotic_eye_drops_translated_action_card.md
Created action-card resource: title='Antibiotic eye drops' description='Antibiotic eye drops' icon='0f0b36963fd04845b1acc762fc2c8b02' content='b95dd37dd9bb4174bc177b553df77380' language_id='7cf6efab-a9d7-54d2-2cbd-ec82efe4a7da' region='africa' content_type='original' created_by='nanna@maternity.dk' level=None questions=None derived_from_id=None
Created action-card resource: title='Antibiotic eye drops' description='Antibiotic eye drops' icon='0f0b36963fd04845b1acc762fc2c8b02' content='20489a6507254895a1249b0b3edee01a' language_id='7cf6efab-a9d7-54d2-2cbd-ec82efe4a7da' region='africa' content_type='adapted' created_by='nanna@maternity.dk' level=None questions=None derived_from_id=None
Created action-card resource: title='Antibiotic eye drops' description='Antibiotic eye drops' icon='0f0b36963fd04845b1acc762fc2c8b02' content='9eabd9cee188434ea541037fe350a0d4' language_id='7cf6efab-a9d7-54d2-2cbd-ec82efe4a7da' region='africa' content_type='translated' created_by='nanna@maternity.dk' level=None questions=None derived_from_id=None
  ℹ️  No screens translation found for 'drug:antibiotic-eye-drops_1490261954893', using original
Queuing drug: res-drug-antibiotic-eye-drops (Source: 'Antibiotic eye drops')
Overwriting previous queue for 'res-drug-antibiotic-eye-drops' with language-specific version (lang: 7cf6efab-a9d7-54d2-2cbd-ec82efe4a7da)
  ✓ Drug inheriting module icon: 0f0b3696...
Saved Markdown: /home/azureuser/test/content_migrator/data/temp_data/chlorhexidine_original.md
Saved Markdown: /home/azureuser/test/content_migrator/data/temp_data/chlorhexidine_adapted_africa.md
Saved Markdown: /home/azureuser/test/content_migrator/data/temp_data/chlorhexidine_translated_action_card.md
Created action-card resource: title='Chlorhexidine' description='Chlorhexidine' icon='0f0b36963fd04845b1acc762fc2c8b02' content='0cd1cdabedea48f799fb831d6cef84c9' language_id='7cf6efab-a9d7-54d2-2cbd-ec82efe4a7da' region='africa' content_type='original' created_by='nanna@maternity.dk' level=None questions=None derived_from_id=None
Created action-card resource: title='Chlorhexidine' description='Chlorhexidine' icon='0f0b36963fd04845b1acc762fc2c8b02' content='bbdee8dbfea0404691c3e4da5d72ccb3' language_id='7cf6efab-a9d7-54d2-2cbd-ec82efe4a7da' region='africa' content_type='adapted' created_by='nanna@maternity.dk' level=None questions=None derived_from_id=None
Created action-card resource: title='Chlorhexidine' description='Chlorhexidine' icon='0f0b36963fd04845b1acc762fc2c8b02' content='471928075061440e9c30d0ff9d0643b4' language_id='7cf6efab-a9d7-54d2-2cbd-ec82efe4a7da' region='africa' content_type='translated' created_by='nanna@maternity.dk' level=None questions=None derived_from_id=None
  ℹ️  No screens translation found for 'drug:chlorhexidine_1527580209518', using original
Queuing drug: res-drug-chlorhexidine (Source: 'Chlorhexidine')
Overwriting previous queue for 'res-drug-chlorhexidine' with language-specific version (lang: 7cf6efab-a9d7-54d2-2cbd-ec82efe4a7da)
Mapping language:   7cf6efab-a9d7-54d2-2cbd-ec82efe4a7da
Using cached asset_id: 172316bb3233427caa87d02caa0b8f3d
  ✓ KLP question 1 icon uploaded: 172316bb...
Using cached asset_id: 172316bb3233427caa87d02caa0b8f3d
  ✓ KLP question 2 icon uploaded: 172316bb...
  ℹ️  No screens translation found for 'key-learning-point:common-causes-of-newborn-death_1500553429571'
Queued KLP to klps.csv: klp-1-common-causes-of-newborn-death
Using cached asset_id: d71af1adacc542dca24e4e2316c1c8c0
  ✓ KLP question 1 icon uploaded: d71af1ad...
  ℹ️  No screens translation found for 'key-learning-point:death-in-first-week_1500553499970'
Queued KLP to klps.csv: klp-2-death-in-first-week
Using cached asset_id: e091420287084665a86a8a4b6f7eaa16
  ✓ KLP question 1 icon uploaded: e0914202...
Using cached asset_id: e091420287084665a86a8a4b6f7eaa16
  ✓ KLP question 2 icon uploaded: e0914202...
  ℹ️  No screens translation found for 'key-learning-point:prevent-respiratory-distress-preterm_1500553601195'
Queued KLP to klps.csv: klp-3-prevent-respiratory-distress-preterm
Using cached asset_id: e48f96a5bb504f18865062f6ebeaaeeb
  ✓ KLP question 1 icon uploaded: e48f96a5...
Using cached asset_id: e48f96a5bb504f18865062f6ebeaaeeb
  ✓ KLP question 2 icon uploaded: e48f96a5...
  ℹ️  No screens translation found for 'key-learning-point:ab-to-newborn_1500553942631'
Queued KLP to klps.csv: klp-3-ab-to-newborn
Using cached asset_id: 394eb340728247668ab0e056053e1269
  ✓ KLP question 1 icon uploaded: 394eb340...
  ℹ️  No screens translation found for 'key-learning-point:risk-factors-infection-newborn_1500553681339'
Queued KLP to klps.csv: klp-2-risk-factors-infection-newborn
Using cached asset_id: 394eb340728247668ab0e056053e1269
  ✓ KLP question 1 icon uploaded: 394eb340...
  ℹ️  No screens translation found for 'key-learning-point:prevent-newborn-infections_1500553770880'
Queued KLP to klps.csv: klp-1-prevent-newborn-infections
Using cached asset_id: 29ad5aba35ec45c9825da4b21e332e82
  ✓ KLP question 1 icon uploaded: 29ad5aba...
Using cached asset_id: fe2a1140f5464e21b62ca248c1a796b0
  ✓ KLP question 2 icon uploaded: fe2a1140...
  ℹ️  No screens translation found for 'key-learning-point:risk-from-resuscitation_1500554103700'
Queued KLP to klps.csv: klp-2-risk-and-action-after-resuscitation
Using cached asset_id: eea51f0649fe4bfab9707aa7245d3802
  ✓ KLP question 1 icon uploaded: eea51f06...
  ℹ️  No screens translation found for 'key-learning-point:early-feeding_1500554299315'
Queued KLP to klps.csv: klp-2-early-feeding
  ℹ️  No key-learning-points document found for key 'initial-care-of-the-newborn_1500554337833' with langId='7cf6efab-a9d7-54d2-2cbd-ec82efe4a7da'.
  ℹ️  No keyLearningPoints document found for key 'initial-care-of-the-newborn_1500554337833' with langId='7cf6efab-a9d7-54d2-2cbd-ec82efe4a7da'.
  ⚠ SKIP: Localized KLP 'initial-care-of-the-newborn_1500554337833' not found in 7cf6efab-a9d7-54d2-2cbd-ec82efe4a7da.
Using cached asset_id: 04a4c9a8f6e444bcb78181b20d1be279
  ✓ KLP question 1 icon uploaded: 04a4c9a8...
  ℹ️  No screens translation found for 'key-learning-point:not-crying-or-breathing-well_1500554397207'
Queued KLP to klps.csv: klp-1-not-crying-or-breathing-well
Using cached asset_id: 90d8c32fee6e491b8ba1f3c442828af6
  ✓ KLP question 1 icon uploaded: 90d8c32f...
  ℹ️  No screens translation found for 'key-learning-point:initial-care-of-the-newborn-_1500554450890'
Queued KLP to klps.csv: klp-1-initial-care-of-the-newborn-actions
  ℹ️  No key-learning-points document found for key 'initial-care-of-lbw_1500554526669' with langId='7cf6efab-a9d7-54d2-2cbd-ec82efe4a7da'.
  ℹ️  No keyLearningPoints document found for key 'initial-care-of-lbw_1500554526669' with langId='7cf6efab-a9d7-54d2-2cbd-ec82efe4a7da'.
  ⚠ SKIP: Localized KLP 'initial-care-of-lbw_1500554526669' not found in 7cf6efab-a9d7-54d2-2cbd-ec82efe4a7da.
  ℹ️  No key-learning-points document found for key 'lbw-unable-to-suck-adequately_1500554570547' with langId='7cf6efab-a9d7-54d2-2cbd-ec82efe4a7da'.
  ℹ️  No keyLearningPoints document found for key 'lbw-unable-to-suck-adequately_1500554570547' with langId='7cf6efab-a9d7-54d2-2cbd-ec82efe4a7da'.
  ⚠ SKIP: Localized KLP 'lbw-unable-to-suck-adequately_1500554570547' not found in 7cf6efab-a9d7-54d2-2cbd-ec82efe4a7da.
Using cached asset_id: f54b577cf3374a6298da9f7f90148e46
  ✓ KLP question 1 icon uploaded: f54b577c...
Using cached asset_id: f54b577cf3374a6298da9f7f90148e46
  ✓ KLP question 2 icon uploaded: f54b577c...
  ℹ️  No screens translation found for 'key-learning-point:signs-of-illness_1500554688877'
Queued KLP to klps.csv: klp-3-signs-of-illness
Using cached asset_id: c7d756bbe08349e9a9507957f7049802
  ✓ KLP question 1 icon uploaded: c7d756bb...
Using cached asset_id: c7d756bbe08349e9a9507957f7049802
  ✓ KLP question 2 icon uploaded: c7d756bb...
  ℹ️  No screens translation found for 'key-learning-point:management-of-danger-signs_1500554757277'
Queued KLP to klps.csv: klp-2-management-of-danger-signs
  ℹ️  No key-learning-points document found for key 'danger-signs---airway_1500554845568' with langId='7cf6efab-a9d7-54d2-2cbd-ec82efe4a7da'.
  ℹ️  No keyLearningPoints document found for key 'danger-signs---airway_1500554845568' with langId='7cf6efab-a9d7-54d2-2cbd-ec82efe4a7da'.
  ⚠ SKIP: Localized KLP 'danger-signs---airway_1500554845568' not found in 7cf6efab-a9d7-54d2-2cbd-ec82efe4a7da.
Using cached asset_id: 79a4498af7954765aa00ee2229037c66
  ✓ KLP question 1 icon uploaded: 79a4498a...
Using cached asset_id: 79a4498af7954765aa00ee2229037c66
  ✓ KLP question 2 icon uploaded: 79a4498a...
  ℹ️  No screens translation found for 'key-learning-point:danger-signs---breathing_1500554890466'
Queued KLP to klps.csv: klp-1-danger-signs-breathing
Using cached asset_id: 6886c5abc6ea46de80c131cd918d809b
  ✓ KLP question 1 icon uploaded: 6886c5ab...
  ℹ️  No screens translation found for 'key-learning-point:grunting_1500554955221'
Queued KLP to klps.csv: klp-2-grunting
Using cached asset_id: 79a4498af7954765aa00ee2229037c66
  ✓ KLP question 1 icon uploaded: 79a4498a...
  ℹ️  No screens translation found for 'key-learning-point:apnoea_1500554996619'
Queued KLP to klps.csv: klp-3-apnoea
  ℹ️  No key-learning-points document found for key 'shock_1500555055530' with langId='7cf6efab-a9d7-54d2-2cbd-ec82efe4a7da'.
  ℹ️  No keyLearningPoints document found for key 'shock_1500555055530' with langId='7cf6efab-a9d7-54d2-2cbd-ec82efe4a7da'.
  ⚠ SKIP: Localized KLP 'shock_1500555055530' not found in 7cf6efab-a9d7-54d2-2cbd-ec82efe4a7da.
  ℹ️  No key-learning-points document found for key 'disability_1500555142461' with langId='7cf6efab-a9d7-54d2-2cbd-ec82efe4a7da'.
  ℹ️  No keyLearningPoints document found for key 'disability_1500555142461' with langId='7cf6efab-a9d7-54d2-2cbd-ec82efe4a7da'.
  ⚠ SKIP: Localized KLP 'disability_1500555142461' not found in 7cf6efab-a9d7-54d2-2cbd-ec82efe4a7da.
Using cached asset_id: f54b577cf3374a6298da9f7f90148e46
  ✓ KLP question 1 icon uploaded: f54b577c...
  ℹ️  No screens translation found for 'key-learning-point:danger-signs---exposure_1500555231782'
Queued KLP to klps.csv: klp-1-danger-signs-exposure
  ℹ️  No key-learning-points document found for key 'jaundice_1500555273140' with langId='7cf6efab-a9d7-54d2-2cbd-ec82efe4a7da'.
  ℹ️  No keyLearningPoints document found for key 'jaundice_1500555273140' with langId='7cf6efab-a9d7-54d2-2cbd-ec82efe4a7da'.
  ⚠ SKIP: Localized KLP 'jaundice_1500555273140' not found in 7cf6efab-a9d7-54d2-2cbd-ec82efe4a7da.
  ℹ️  No key-learning-points document found for key 'management---case_1500555311125' with langId='7cf6efab-a9d7-54d2-2cbd-ec82efe4a7da'.
  ℹ️  No keyLearningPoints document found for key 'management---case_1500555311125' with langId='7cf6efab-a9d7-54d2-2cbd-ec82efe4a7da'.
  ⚠ SKIP: Localized KLP 'management---case_1500555311125' not found in 7cf6efab-a9d7-54d2-2cbd-ec82efe4a7da.
  ℹ️  No key-learning-points document found for key 'obstructed-airways_1500555401801' with langId='7cf6efab-a9d7-54d2-2cbd-ec82efe4a7da'.
  ℹ️  No keyLearningPoints document found for key 'obstructed-airways_1500555401801' with langId='7cf6efab-a9d7-54d2-2cbd-ec82efe4a7da'.
  ⚠ SKIP: Localized KLP 'obstructed-airways_1500555401801' not found in 7cf6efab-a9d7-54d2-2cbd-ec82efe4a7da.
  ℹ️  No key-learning-points document found for key 'management---breathing_1500555450027' with langId='7cf6efab-a9d7-54d2-2cbd-ec82efe4a7da'.
  ℹ️  No keyLearningPoints document found for key 'management---breathing_1500555450027' with langId='7cf6efab-a9d7-54d2-2cbd-ec82efe4a7da'.
  ⚠ SKIP: Localized KLP 'management---breathing_1500555450027' not found in 7cf6efab-a9d7-54d2-2cbd-ec82efe4a7da.
  ℹ️  No key-learning-points document found for key 'management-drowsy-and-unconscious_1500555531251' with langId='7cf6efab-a9d7-54d2-2cbd-ec82efe4a7da'.
  ℹ️  No keyLearningPoints document found for key 'management-drowsy-and-unconscious_1500555531251' with langId='7cf6efab-a9d7-54d2-2cbd-ec82efe4a7da'.
  ⚠ SKIP: Localized KLP 'management-drowsy-and-unconscious_1500555531251' not found in 7cf6efab-a9d7-54d2-2cbd-ec82efe4a7da.
Using cached asset_id: 6886c5abc6ea46de80c131cd918d809b
  ✓ KLP question 1 icon uploaded: 6886c5ab...
Using cached asset_id: 6886c5abc6ea46de80c131cd918d809b
  ✓ KLP question 2 icon uploaded: 6886c5ab...
  ℹ️  No screens translation found for 'key-learning-point:convulsions_1500555605930'
Queued KLP to klps.csv: klp-2-convulsions
  ℹ️  No key-learning-points document found for key 'management-of-danger-signs_1500555700421' with langId='7cf6efab-a9d7-54d2-2cbd-ec82efe4a7da'.
  ℹ️  No keyLearningPoints document found for key 'management-of-danger-signs_1500555700421' with langId='7cf6efab-a9d7-54d2-2cbd-ec82efe4a7da'.
  ⚠ SKIP: Localized KLP 'management-of-danger-signs_1500555700421' not found in 7cf6efab-a9d7-54d2-2cbd-ec82efe4a7da.
Using cached asset_id: b05ed772c2cd4bca9a4de44976aaadd4
  ✓ KLP question 1 icon uploaded: b05ed772...
  ℹ️  No screens translation found for 'key-learning-point:management---jaundice_1500555760414'
Queued KLP to klps.csv: klp-2-management-jaundice
  ℹ️  No key-learning-points document found for key 'management---kangaroo-motherhood-care-_1500555801259' with langId='7cf6efab-a9d7-54d2-2cbd-ec82efe4a7da'.
  ℹ️  No keyLearningPoints document found for key 'management---kangaroo-motherhood-care-_1500555801259' with langId='7cf6efab-a9d7-54d2-2cbd-ec82efe4a7da'.
  ⚠ SKIP: Localized KLP 'management---kangaroo-motherhood-care-_1500555801259' not found in 7cf6efab-a9d7-54d2-2cbd-ec82efe4a7da.
Using cached asset_id: 9d4e0713a9664671b574b27d86230447
  ✓ KLP question 1 icon uploaded: 9d4e0713...
Using cached asset_id: 9d4e0713a9664671b574b27d86230447
  ✓ KLP question 2 icon uploaded: 9d4e0713...
  ℹ️  No screens translation found for 'key-learning-point:management---infections_1500555888659'
Queued KLP to klps.csv: klp-3-management-infections
Using cached asset_id: 572f36be96ff4c22942574265202f391
  ✓ KLP question 1 icon uploaded: 572f36be...
  ℹ️  No screens translation found for 'key-learning-point:risk-of-low-blood-sugar_1500555965754'
Queued KLP to klps.csv: klp-2-risk-of-low-blood-sugar
Using cached asset_id: 2fdaa42426204465a9363511c4ea09dc
  ✓ KLP question 1 icon uploaded: 2fdaa424...
  ℹ️  No screens translation found for 'key-learning-point:newborn-cannot-suck_1500556011761'
Queued KLP to klps.csv: klp-3-newborn-cannot-suck
Using cached asset_id: 6886c5abc6ea46de80c131cd918d809b
  ✓ KLP question 1 icon uploaded: 6886c5ab...
  ℹ️  No screens translation found for 'key-learning-point:rural-facility-newborn-danger-signs_1500556085207'
Queued KLP to klps.csv: klp-1-rural-facility-newborn-danger-signs
  ℹ️  No key-learning-points document found for key 'kangaroo-care_1504774517466' with langId='7cf6efab-a9d7-54d2-2cbd-ec82efe4a7da'.
  ℹ️  No keyLearningPoints document found for key 'kangaroo-care_1504774517466' with langId='7cf6efab-a9d7-54d2-2cbd-ec82efe4a7da'.
  ⚠ SKIP: Localized KLP 'kangaroo-care_1504774517466' not found in 7cf6efab-a9d7-54d2-2cbd-ec82efe4a7da.
  Step 2: Queuing module payload with resource slugs...
Using cached asset_id: 0f0b36963fd04845b1acc762fc2c8b02
Skipping previously failed asset: https://sdacms.blob.core.windows.net/content/assets/videos/english%20WHO/Newborn%20management/intro.mp4
Warning: Failed to process video asset: /english WHO/Newborn management/intro
Skipping previously failed asset: https://sdacms.blob.core.windows.net/content/assets/videos/english%20WHO/Newborn%20management/prevention.mp4
Warning: Failed to process video asset: /english WHO/Newborn management/prevention
Skipping previously failed asset: https://sdacms.blob.core.windows.net/content/assets/videos/english%20WHO/Newborn%20management/initial_care_of_the_newborn.mp4
Warning: Failed to process video asset: /english WHO/Newborn management/initial_care_of_the_newborn
Skipping previously failed asset: https://sdacms.blob.core.windows.net/content/assets/videos/english%20WHO/Newborn%20management/danger_signs.mp4
Warning: Failed to process video asset: /english WHO/Newborn management/danger_signs
Skipping previously failed asset: https://sdacms.blob.core.windows.net/content/assets/videos/english%20WHO/Newborn%20management/referral.mp4
Warning: Failed to process video asset: /english WHO/Newborn management/referral
  → Using bundle description fallback for translated module
  → Queued module 'Newborn Management' -> /home/azureuser/test/content_migrator/data/processed_data/modules.csv
  → Found English title from Cosmos (key='low-birth-weight_1536047907931'): 'Low Birth Weight'
[ModuleMigrator] Using Cosmos doc resource lists for TRANSLATED module 'low-birth-weight_1536047907931' (lang: 7cf6efab-a9d7-54d2-2cbd-ec82efe4a7da)
  actionCards: 6 keys
  procedures: 3 keys
  drugs: 13 keys
  keyLearningPoints: 36 keys
  videos: 7 keys
  ⚠ STRUCTURAL VIOLATION: Global identity document not found in Cosmos for localized module 'low-birth-weight'. Proceeding with placeholder title: Low Birth Weight
  Step 1: Preparing module resources (queue)...
Loaded 511 existing resource mappings
Mapping language:   7cf6efab-a9d7-54d2-2cbd-ec82efe4a7da
  DEBUG: Found 7 videos in module
Downloading video asset from https://sdacms.blob.core.windows.net/content/assets/videos/english%20WHO/Low%20birth%20weight/intro.mp4
Error downloading video asset https://sdacms.blob.core.windows.net/content/assets/videos/english%20WHO/Low%20birth%20weight/intro.mp4: 404 Client Error: The specified blob does not exist. for url: https://sdacms.blob.core.windows.net/content/assets/videos/english%20WHO/Low%20birth%20weight/intro.mp4
Video icon URL: english%20WHO/Low%20birth%20weight/intro
Video icon URL: english%20WHO/Low%20birth%20weight/intro
Downloading video_icon asset from https://sdacms.blob.core.windows.net/content/assets/videos/english%20WHO/Low%20birth%20weight/intro.png
Error downloading video_icon asset https://sdacms.blob.core.windows.net/content/assets/videos/english%20WHO/Low%20birth%20weight/intro.png: 404 Client Error: The specified blob does not exist. for url: https://sdacms.blob.core.windows.net/content/assets/videos/english%20WHO/Low%20birth%20weight/intro.png
Skipping video '/english WHO/Low birth weight/intro' - missing asset upload
Downloading video asset from https://sdacms.blob.core.windows.net/content/assets/videos/english%20WHO/Low%20birth%20weight/initial_care_of_the_low_birth_weight.mp4
Error downloading video asset https://sdacms.blob.core.windows.net/content/assets/videos/english%20WHO/Low%20birth%20weight/initial_care_of_the_low_birth_weight.mp4: 404 Client Error: The specified blob does not exist. for url: https://sdacms.blob.core.windows.net/content/assets/videos/english%20WHO/Low%20birth%20weight/initial_care_of_the_low_birth_weight.mp4
Video icon URL: english%20WHO/Low%20birth%20weight/initial_care_of_the_low_birth_weight
Video icon URL: english%20WHO/Low%20birth%20weight/initial_care_of_the_low_birth_weight
Downloading video_icon asset from https://sdacms.blob.core.windows.net/content/assets/videos/english%20WHO/Low%20birth%20weight/initial_care_of_the_low_birth_weight.png
Error downloading video_icon asset https://sdacms.blob.core.windows.net/content/assets/videos/english%20WHO/Low%20birth%20weight/initial_care_of_the_low_birth_weight.png: 404 Client Error: The specified blob does not exist. for url: https://sdacms.blob.core.windows.net/content/assets/videos/english%20WHO/Low%20birth%20weight/initial_care_of_the_low_birth_weight.png
Skipping video '/english WHO/Low birth weight/initial_care_of_the_low_birth_weight' - missing asset upload
Downloading video asset from https://sdacms.blob.core.windows.net/content/assets/videos/english%20WHO/Low%20birth%20weight/kangaroo_mother_care.mp4
Error downloading video asset https://sdacms.blob.core.windows.net/content/assets/videos/english%20WHO/Low%20birth%20weight/kangaroo_mother_care.mp4: 404 Client Error: The specified blob does not exist. for url: https://sdacms.blob.core.windows.net/content/assets/videos/english%20WHO/Low%20birth%20weight/kangaroo_mother_care.mp4
Video icon URL: english%20WHO/Low%20birth%20weight/kangaroo_mother_care
Video icon URL: english%20WHO/Low%20birth%20weight/kangaroo_mother_care
Downloading video_icon asset from https://sdacms.blob.core.windows.net/content/assets/videos/english%20WHO/Low%20birth%20weight/kangaroo_mother_care.png
Error downloading video_icon asset https://sdacms.blob.core.windows.net/content/assets/videos/english%20WHO/Low%20birth%20weight/kangaroo_mother_care.png: 404 Client Error: The specified blob does not exist. for url: https://sdacms.blob.core.windows.net/content/assets/videos/english%20WHO/Low%20birth%20weight/kangaroo_mother_care.png
Skipping video '/english WHO/Low birth weight/kangaroo_mother_care' - missing asset upload
Downloading video asset from https://sdacms.blob.core.windows.net/content/assets/videos/english%20WHO/Low%20birth%20weight/feeding.mp4
Error downloading video asset https://sdacms.blob.core.windows.net/content/assets/videos/english%20WHO/Low%20birth%20weight/feeding.mp4: 404 Client Error: The specified blob does not exist. for url: https://sdacms.blob.core.windows.net/content/assets/videos/english%20WHO/Low%20birth%20weight/feeding.mp4
Video icon URL: english%20WHO/Low%20birth%20weight/feeding
Video icon URL: english%20WHO/Low%20birth%20weight/feeding
Downloading video_icon asset from https://sdacms.blob.core.windows.net/content/assets/videos/english%20WHO/Low%20birth%20weight/feeding.png
Error downloading video_icon asset https://sdacms.blob.core.windows.net/content/assets/videos/english%20WHO/Low%20birth%20weight/feeding.png: 404 Client Error: The specified blob does not exist. for url: https://sdacms.blob.core.windows.net/content/assets/videos/english%20WHO/Low%20birth%20weight/feeding.png
Skipping video '/english WHO/Low birth weight/feeding' - missing asset upload
Downloading video asset from https://sdacms.blob.core.windows.net/content/assets/videos/english%20WHO/Low%20birth%20weight/danger_signs.mp4
Error downloading video asset https://sdacms.blob.core.windows.net/content/assets/videos/english%20WHO/Low%20birth%20weight/danger_signs.mp4: 404 Client Error: The specified blob does not exist. for url: https://sdacms.blob.core.windows.net/content/assets/videos/english%20WHO/Low%20birth%20weight/danger_signs.mp4
Video icon URL: english%20WHO/Low%20birth%20weight/danger_signs
Video icon URL: english%20WHO/Low%20birth%20weight/danger_signs
Downloading video_icon asset from https://sdacms.blob.core.windows.net/content/assets/videos/english%20WHO/Low%20birth%20weight/danger_signs.png
Error downloading video_icon asset https://sdacms.blob.core.windows.net/content/assets/videos/english%20WHO/Low%20birth%20weight/danger_signs.png: 404 Client Error: The specified blob does not exist. for url: https://sdacms.blob.core.windows.net/content/assets/videos/english%20WHO/Low%20birth%20weight/danger_signs.png
Skipping video '/english WHO/Low birth weight/danger_signs' - missing asset upload
Downloading video asset from https://sdacms.blob.core.windows.net/content/assets/videos/english%20WHO/Low%20birth%20weight/referral.mp4
Error downloading video asset https://sdacms.blob.core.windows.net/content/assets/videos/english%20WHO/Low%20birth%20weight/referral.mp4: 404 Client Error: The specified blob does not exist. for url: https://sdacms.blob.core.windows.net/content/assets/videos/english%20WHO/Low%20birth%20weight/referral.mp4
Video icon URL: english%20WHO/Low%20birth%20weight/referral
Video icon URL: english%20WHO/Low%20birth%20weight/referral
Downloading video_icon asset from https://sdacms.blob.core.windows.net/content/assets/videos/english%20WHO/Low%20birth%20weight/referral.png
Error downloading video_icon asset https://sdacms.blob.core.windows.net/content/assets/videos/english%20WHO/Low%20birth%20weight/referral.png: 404 Client Error: The specified blob does not exist. for url: https://sdacms.blob.core.windows.net/content/assets/videos/english%20WHO/Low%20birth%20weight/referral.png
Skipping video '/english WHO/Low birth weight/referral' - missing asset upload
Downloading video asset from https://sdacms.blob.core.windows.net/content/assets/videos/english%20WHO/Low%20birth%20weight/respectful_care.mp4
Error downloading video asset https://sdacms.blob.core.windows.net/content/assets/videos/english%20WHO/Low%20birth%20weight/respectful_care.mp4: 404 Client Error: The specified blob does not exist. for url: https://sdacms.blob.core.windows.net/content/assets/videos/english%20WHO/Low%20birth%20weight/respectful_care.mp4
Video icon URL: english%20WHO/Low%20birth%20weight/respectful_care
Video icon URL: english%20WHO/Low%20birth%20weight/respectful_care
Downloading video_icon asset from https://sdacms.blob.core.windows.net/content/assets/videos/english%20WHO/Low%20birth%20weight/respectful_care.png
Error downloading video_icon asset https://sdacms.blob.core.windows.net/content/assets/videos/english%20WHO/Low%20birth%20weight/respectful_care.png: 404 Client Error: The specified blob does not exist. for url: https://sdacms.blob.core.windows.net/content/assets/videos/english%20WHO/Low%20birth%20weight/respectful_care.png
Skipping video '/english WHO/Low birth weight/respectful_care' - missing asset upload
  DEBUG: Found 6 action cards in module
Mapping language:   7cf6efab-a9d7-54d2-2cbd-ec82efe4a7da
Using cached asset_id: 95a52692c200435e95c7a866e540f28f
Saved Markdown: /home/azureuser/test/content_migrator/data/temp_data/newborn_prevention_and_early_intervention_original.md
Saved Markdown: /home/azureuser/test/content_migrator/data/temp_data/newborn_prevention_and_early_intervention_adapted_africa.md
Saved Markdown: /home/azureuser/test/content_migrator/data/temp_data/newborn_prevention_and_early_intervention_translated_action_card.md
Created action-card resource: title='Newborn — Prevention and Early Intervention' description='Newborn — Prevention and Early Intervention' icon='95a52692c200435e95c7a866e540f28f' content='8c769dcd704846e6bae55558a1c1478f' language_id='7cf6efab-a9d7-54d2-2cbd-ec82efe4a7da' region='africa' content_type='original' created_by='natalia@maternity.dk' level=None questions=None derived_from_id=None
Created action-card resource: title='Newborn — Prevention and Early Intervention' description='Newborn — Prevention and Early Intervention' icon='95a52692c200435e95c7a866e540f28f' content='3212ff0f42b84a61a4bfecd018f3d30f' language_id='7cf6efab-a9d7-54d2-2cbd-ec82efe4a7da' region='africa' content_type='adapted' created_by='natalia@maternity.dk' level=None questions=None derived_from_id=None
Created action-card resource: title='Newborn — Prevention and Early Intervention' description='Newborn — Prevention and Early Intervention' icon='95a52692c200435e95c7a866e540f28f' content='a434ea135b7f4a7d997c67bddbc75f21' language_id='7cf6efab-a9d7-54d2-2cbd-ec82efe4a7da' region='africa' content_type='translated' created_by='natalia@maternity.dk' level=None questions=None derived_from_id=None
  ℹ️  No screens translation found for 'action-card:newborn-prevention-and-early-intervention_1753350246576', using original
Queuing action-card: res-action-card-newborn-prevention-and-early-intervention (Source: 'Newborn — Prevention and Early Intervention')
Overwriting previous queue for 'res-action-card-newborn-prevention-and-early-intervention' with language-specific version (lang: 7cf6efab-a9d7-54d2-2cbd-ec82efe4a7da)
Mapping language:   7cf6efab-a9d7-54d2-2cbd-ec82efe4a7da
Using cached asset_id: 225b3882b4374e60b5b8ff0386ed9c8f
Saved Markdown: /home/azureuser/test/content_migrator/data/temp_data/neonatal_jaundice_original.md
Saved Markdown: /home/azureuser/test/content_migrator/data/temp_data/neonatal_jaundice_adapted_africa.md
Saved Markdown: /home/azureuser/test/content_migrator/data/temp_data/neonatal_jaundice_translated_action_card.md
  📎 Linking 1 embedded asset(s) to markdown upload
Created action-card resource: title='Neonatal jaundice' description='Neonatal jaundice' icon='225b3882b4374e60b5b8ff0386ed9c8f' content='4793d8c0555a4682af4a54a4e51d68cf' language_id='7cf6efab-a9d7-54d2-2cbd-ec82efe4a7da' region='africa' content_type='original' created_by='natalia@maternity.dk' level=None questions=None derived_from_id=None
  📎 Linking 1 embedded asset(s) to markdown upload
Created action-card resource: title='Neonatal jaundice' description='Neonatal jaundice' icon='225b3882b4374e60b5b8ff0386ed9c8f' content='6d95765030d043fd840e10d7672eeeb5' language_id='7cf6efab-a9d7-54d2-2cbd-ec82efe4a7da' region='africa' content_type='adapted' created_by='natalia@maternity.dk' level=None questions=None derived_from_id=None
  📎 Linking 1 embedded asset(s) to markdown upload
Created action-card resource: title='Neonatal jaundice' description='Neonatal jaundice' icon='225b3882b4374e60b5b8ff0386ed9c8f' content='b500c3cfcab44ba795ab6a8109353600' language_id='7cf6efab-a9d7-54d2-2cbd-ec82efe4a7da' region='africa' content_type='translated' created_by='natalia@maternity.dk' level=None questions=None derived_from_id=None
  ℹ️  No screens translation found for 'action-card:neonatal-jaundice_1537288987547', using original
Queuing action-card: res-action-card-neonatal-jaundice (Source: 'Neonatal jaundice')
Overwriting previous queue for 'res-action-card-neonatal-jaundice' with language-specific version (lang: 7cf6efab-a9d7-54d2-2cbd-ec82efe4a7da)
Mapping language:   7cf6efab-a9d7-54d2-2cbd-ec82efe4a7da
Using cached asset_id: 72e1b161410a4f76bbed4441cea4f532
Saved Markdown: /home/azureuser/test/content_migrator/data/temp_data/antibiotic_management_new_2025_original.md
Saved Markdown: /home/azureuser/test/content_migrator/data/temp_data/antibiotic_management_new_2025_adapted_africa.md
Saved Markdown: /home/azureuser/test/content_migrator/data/temp_data/antibiotic_management_new_2025_translated_action_card.md
Created action-card resource: title='Antibiotic management (New 2025)' description='Antibiotic management (New 2025)' icon='72e1b161410a4f76bbed4441cea4f532' content='6c989d61912242d280debc065e2deab5' language_id='7cf6efab-a9d7-54d2-2cbd-ec82efe4a7da' region='africa' content_type='original' created_by='natalia@maternity.dk' level=None questions=None derived_from_id=None
Created action-card resource: title='Antibiotic management (New 2025)' description='Antibiotic management (New 2025)' icon='72e1b161410a4f76bbed4441cea4f532' content='9bfc381b43fc43b59ce5fdbe52911582' language_id='7cf6efab-a9d7-54d2-2cbd-ec82efe4a7da' region='africa' content_type='adapted' created_by='natalia@maternity.dk' level=None questions=None derived_from_id=None
Created action-card resource: title='Antibiotic management (New 2025)' description='Antibiotic management (New 2025)' icon='72e1b161410a4f76bbed4441cea4f532' content='e942346b28fd49f088a35acd92d0f73b' language_id='7cf6efab-a9d7-54d2-2cbd-ec82efe4a7da' region='africa' content_type='translated' created_by='natalia@maternity.dk' level=None questions=None derived_from_id=None
  ✓ Screens translation for action-card description: 'Antibiotic management ...'
Queuing action-card: res-action-card-antibiotic-management-new-2025 (Source: 'Antibiotic management (New 2025)')
Overwriting previous queue for 'res-action-card-antibiotic-management-new-2025' with language-specific version (lang: 7cf6efab-a9d7-54d2-2cbd-ec82efe4a7da)
Mapping language:   7cf6efab-a9d7-54d2-2cbd-ec82efe4a7da
Using cached asset_id: f931c12d2c1c40688303685e3650a07e
Saved Markdown: /home/azureuser/test/content_migrator/data/temp_data/safe_oxygen_management_new_2025_original.md
Saved Markdown: /home/azureuser/test/content_migrator/data/temp_data/safe_oxygen_management_new_2025_adapted_africa.md
Saved Markdown: /home/azureuser/test/content_migrator/data/temp_data/safe_oxygen_management_new_2025_translated_action_card.md
  📎 Linking 1 embedded asset(s) to markdown upload
Created action-card resource: title='Safe oxygen management (NEW 2025)' description='Safe oxygen management (NEW 2025)' icon='f931c12d2c1c40688303685e3650a07e' content='f67ffcbf478a4595be0324c125611d5c' language_id='7cf6efab-a9d7-54d2-2cbd-ec82efe4a7da' region='africa' content_type='original' created_by='natalia@maternity.dk' level=None questions=None derived_from_id=None
  📎 Linking 1 embedded asset(s) to markdown upload
Created action-card resource: title='Safe oxygen management (NEW 2025)' description='Safe oxygen management (NEW 2025)' icon='f931c12d2c1c40688303685e3650a07e' content='e057bdfc4a6e442fb95105cf7259ca7c' language_id='7cf6efab-a9d7-54d2-2cbd-ec82efe4a7da' region='africa' content_type='adapted' created_by='natalia@maternity.dk' level=None questions=None derived_from_id=None
  📎 Linking 1 embedded asset(s) to markdown upload
Created action-card resource: title='Safe oxygen management (NEW 2025)' description='Safe oxygen management (NEW 2025)' icon='f931c12d2c1c40688303685e3650a07e' content='36e574fd4e39423aa91c8a2eccf00e9a' language_id='7cf6efab-a9d7-54d2-2cbd-ec82efe4a7da' region='africa' content_type='translated' created_by='natalia@maternity.dk' level=None questions=None derived_from_id=None
  ✓ Screens translation for action-card description: 'Safe oxygen management ...'
Queuing action-card: res-action-card-safe-oxygen-management-new-2025 (Source: 'Safe oxygen management (NEW 2025)')
Overwriting previous queue for 'res-action-card-safe-oxygen-management-new-2025' with language-specific version (lang: 7cf6efab-a9d7-54d2-2cbd-ec82efe4a7da)
Mapping language:   7cf6efab-a9d7-54d2-2cbd-ec82efe4a7da
Using cached asset_id: 41beb7b3c6b94af3872f3741622b6c16
Saved Markdown: /home/azureuser/test/content_migrator/data/temp_data/feeding_and_fluid_management_original.md
Saved Markdown: /home/azureuser/test/content_migrator/data/temp_data/feeding_and_fluid_management_adapted_africa.md
Saved Markdown: /home/azureuser/test/content_migrator/data/temp_data/feeding_and_fluid_management_translated_action_card.md
Created action-card resource: title='Feeding and fluid management' description='Feeding and fluid management' icon='41beb7b3c6b94af3872f3741622b6c16' content='420bcaf788264ec3a2aad3d84c4f1e22' language_id='7cf6efab-a9d7-54d2-2cbd-ec82efe4a7da' region='africa' content_type='original' created_by='natalia@maternity.dk' level=None questions=None derived_from_id=None
Created action-card resource: title='Feeding and fluid management' description='Feeding and fluid management' icon='41beb7b3c6b94af3872f3741622b6c16' content='44b7e54a2cff485e9590e0ee9349e2a8' language_id='7cf6efab-a9d7-54d2-2cbd-ec82efe4a7da' region='africa' content_type='adapted' created_by='natalia@maternity.dk' level=None questions=None derived_from_id=None
Created action-card resource: title='Feeding and fluid management' description='Feeding and fluid management' icon='41beb7b3c6b94af3872f3741622b6c16' content='7d42c4ae82d641638f2825b8f35e7a49' language_id='7cf6efab-a9d7-54d2-2cbd-ec82efe4a7da' region='africa' content_type='translated' created_by='natalia@maternity.dk' level=None questions=None derived_from_id=None
  ℹ️  No screens translation found for 'action-card:feeding-and-fluid-management_1753346657659', using original
Queuing action-card: res-action-card-feeding-and-fluid-management (Source: 'Feeding and fluid management')
Overwriting previous queue for 'res-action-card-feeding-and-fluid-management' with language-specific version (lang: 7cf6efab-a9d7-54d2-2cbd-ec82efe4a7da)
Mapping language:   7cf6efab-a9d7-54d2-2cbd-ec82efe4a7da
Using cached asset_id: 5c7e7afdce7d4b84952e58208235ba8d
Saved Markdown: /home/azureuser/test/content_migrator/data/temp_data/emergency_referral_for_newborn_original.md
Saved Markdown: /home/azureuser/test/content_migrator/data/temp_data/emergency_referral_for_newborn_adapted_africa.md
Saved Markdown: /home/azureuser/test/content_migrator/data/temp_data/emergency_referral_for_newborn_translated_action_card.md
  📎 Linking 1 embedded asset(s) to markdown upload
Created action-card resource: title='Emergency Referral for Newborn' description='Emergency Referral for Newborn' icon='5c7e7afdce7d4b84952e58208235ba8d' content='17996fdaf9aa4d40a6bc6a428d67a721' language_id='7cf6efab-a9d7-54d2-2cbd-ec82efe4a7da' region='africa' content_type='original' created_by='natalia@maternity.dk' level=None questions=None derived_from_id=None
  📎 Linking 1 embedded asset(s) to markdown upload
Created action-card resource: title='Emergency Referral for Newborn' description='Emergency Referral for Newborn' icon='5c7e7afdce7d4b84952e58208235ba8d' content='21e690c96f084ffeacfd4d36d89f87af' language_id='7cf6efab-a9d7-54d2-2cbd-ec82efe4a7da' region='africa' content_type='adapted' created_by='natalia@maternity.dk' level=None questions=None derived_from_id=None
  📎 Linking 1 embedded asset(s) to markdown upload
Created action-card resource: title='Emergency Referral for Newborn' description='Emergency Referral for Newborn' icon='5c7e7afdce7d4b84952e58208235ba8d' content='cfa2bc490f524a3396f1f00305e69062' language_id='7cf6efab-a9d7-54d2-2cbd-ec82efe4a7da' region='africa' content_type='translated' created_by='natalia@maternity.dk' level=None questions=None derived_from_id=None
  ℹ️  No screens translation found for 'action-card:emergency-referral-for-newborn_1536854602118', using original
Queuing action-card: res-action-card-emergency-referral-for-newborn (Source: 'Emergency Referral for Newborn')
Overwriting previous queue for 'res-action-card-emergency-referral-for-newborn' with language-specific version (lang: 7cf6efab-a9d7-54d2-2cbd-ec82efe4a7da)
Mapping language:   7cf6efab-a9d7-54d2-2cbd-ec82efe4a7da
  DEBUG: Found 3 procedures in module
Using cached asset_id: de4f2713cb8547999ea5a052eb1e2852
Saved Markdown: /home/azureuser/test/content_migrator/data/temp_data/nasogastric_tube_original.md
Saved Markdown: /home/azureuser/test/content_migrator/data/temp_data/nasogastric_tube_adapted_africa.md
Saved Markdown: /home/azureuser/test/content_migrator/data/temp_data/nasogastric_tube_translated_action_card.md
  📎 Linking 1 embedded asset(s) to markdown upload
Created action-card resource: title='Nasogastric tube' description='Nasogastric tube' icon='de4f2713cb8547999ea5a052eb1e2852' content='409a1eaf5daa4c339fc4bb1d2256f6bd' language_id='7cf6efab-a9d7-54d2-2cbd-ec82efe4a7da' region='africa' content_type='original' created_by='natalia@maternity.dk' level=None questions=None derived_from_id=None
  📎 Linking 1 embedded asset(s) to markdown upload
Created action-card resource: title='Nasogastric tube' description='Nasogastric tube' icon='de4f2713cb8547999ea5a052eb1e2852' content='0a50a0a59f3a439d833fcd6f8039bd3e' language_id='7cf6efab-a9d7-54d2-2cbd-ec82efe4a7da' region='africa' content_type='adapted' created_by='natalia@maternity.dk' level=None questions=None derived_from_id=None
  📎 Linking 1 embedded asset(s) to markdown upload
Created action-card resource: title='Nasogastric tube' description='Nasogastric tube' icon='de4f2713cb8547999ea5a052eb1e2852' content='2004579276cf47289414177f72a29b88' language_id='7cf6efab-a9d7-54d2-2cbd-ec82efe4a7da' region='africa' content_type='translated' created_by='natalia@maternity.dk' level=None questions=None derived_from_id=None
  ℹ️  No screens translation found for 'procedure:nasogastric-tube_1487245852188', using original
Queuing procedure: res-procedure-nasogastric-tube (Source: 'Nasogastric tube')
Overwriting previous queue for 'res-procedure-nasogastric-tube' with language-specific version (lang: 7cf6efab-a9d7-54d2-2cbd-ec82efe4a7da)
Using cached asset_id: 28ccf11153e94fa180831cb77d36c307
Saved Markdown: /home/azureuser/test/content_migrator/data/temp_data/breastfeeding_original.md
Saved Markdown: /home/azureuser/test/content_migrator/data/temp_data/breastfeeding_adapted_africa.md
Saved Markdown: /home/azureuser/test/content_migrator/data/temp_data/breastfeeding_translated_action_card.md
  📎 Linking 2 embedded asset(s) to markdown upload
Created action-card resource: title='Breastfeeding' description='Breastfeeding' icon='28ccf11153e94fa180831cb77d36c307' content='e30f05514d3c47a48b15e34bf568eb90' language_id='7cf6efab-a9d7-54d2-2cbd-ec82efe4a7da' region='africa' content_type='original' created_by='natalia@maternity.dk' level=None questions=None derived_from_id=None
  📎 Linking 2 embedded asset(s) to markdown upload
Created action-card resource: title='Breastfeeding' description='Breastfeeding' icon='28ccf11153e94fa180831cb77d36c307' content='6008f55d2f274db8b15395374470e77d' language_id='7cf6efab-a9d7-54d2-2cbd-ec82efe4a7da' region='africa' content_type='adapted' created_by='natalia@maternity.dk' level=None questions=None derived_from_id=None
  📎 Linking 2 embedded asset(s) to markdown upload
Created action-card resource: title='Breastfeeding' description='Breastfeeding' icon='28ccf11153e94fa180831cb77d36c307' content='74a48bf348334aadb12dca309298f716' language_id='7cf6efab-a9d7-54d2-2cbd-ec82efe4a7da' region='africa' content_type='translated' created_by='natalia@maternity.dk' level=None questions=None derived_from_id=None
  ℹ️  No screens translation found for 'procedure:breastfeeding_1537451109093', using original
Queuing procedure: res-procedure-breastfeeding (Source: 'Breastfeeding')
Overwriting previous queue for 'res-procedure-breastfeeding' with language-specific version (lang: 7cf6efab-a9d7-54d2-2cbd-ec82efe4a7da)
  ℹ️  No procedures document found for key 'intravenous-access-equipment---newborn_1771495755381' with langId='7cf6efab-a9d7-54d2-2cbd-ec82efe4a7da'.
  ⚠ SKIP: Localized procedure 'intravenous-access-equipment---newborn_1771495755381' not found in 7cf6efab-a9d7-54d2-2cbd-ec82efe4a7da.
Using cached asset_id: ca394780283b4a6980b895920dfdfa98
  ✓ Module icon uploaded for drugs: ca394780...
Mapping language:   7cf6efab-a9d7-54d2-2cbd-ec82efe4a7da
  DEBUG: Found 13 drugs in module
  ✓ Drug inheriting module icon: ca394780...
Saved Markdown: /home/azureuser/test/content_migrator/data/temp_data/ampicillin_original.md
Saved Markdown: /home/azureuser/test/content_migrator/data/temp_data/ampicillin_adapted_africa.md
Saved Markdown: /home/azureuser/test/content_migrator/data/temp_data/ampicillin_translated_action_card.md
Created action-card resource: title='Ampicillin' description='Ampicillin' icon='ca394780283b4a6980b895920dfdfa98' content='bcdc539b9a764f8a87c07b8d8954460c' language_id='7cf6efab-a9d7-54d2-2cbd-ec82efe4a7da' region='africa' content_type='original' created_by='nanna@maternity.dk' level=None questions=None derived_from_id=None
Created action-card resource: title='Ampicillin' description='Ampicillin' icon='ca394780283b4a6980b895920dfdfa98' content='986a63a061ad46c6a9be168f89faa7ee' language_id='7cf6efab-a9d7-54d2-2cbd-ec82efe4a7da' region='africa' content_type='adapted' created_by='nanna@maternity.dk' level=None questions=None derived_from_id=None
Created action-card resource: title='Ampicillin' description='Ampicillin' icon='ca394780283b4a6980b895920dfdfa98' content='d70e44791dee4931b6c1522c33e53c28' language_id='7cf6efab-a9d7-54d2-2cbd-ec82efe4a7da' region='africa' content_type='translated' created_by='nanna@maternity.dk' level=None questions=None derived_from_id=None
  ℹ️  No screens translation found for 'drug:ampicillin_1486975748548', using original
Queuing drug: res-drug-ampicillin (Source: 'Ampicillin')
Overwriting previous queue for 'res-drug-ampicillin' with language-specific version (lang: 7cf6efab-a9d7-54d2-2cbd-ec82efe4a7da)
  ✓ Drug inheriting module icon: ca394780...
Saved Markdown: /home/azureuser/test/content_migrator/data/temp_data/amoxicillin_original.md
Saved Markdown: /home/azureuser/test/content_migrator/data/temp_data/amoxicillin_adapted_africa.md
Saved Markdown: /home/azureuser/test/content_migrator/data/temp_data/amoxicillin_translated_action_card.md
Created action-card resource: title='Amoxicillin' description='Amoxicillin' icon='ca394780283b4a6980b895920dfdfa98' content='5d4808afc0a6443b9521703ddb5b9aef' language_id='7cf6efab-a9d7-54d2-2cbd-ec82efe4a7da' region='africa' content_type='original' created_by='nanna@maternity.dk' level=None questions=None derived_from_id=None
Created action-card resource: title='Amoxicillin' description='Amoxicillin' icon='ca394780283b4a6980b895920dfdfa98' content='a7edd06a11754b738dce3b43304204de' language_id='7cf6efab-a9d7-54d2-2cbd-ec82efe4a7da' region='africa' content_type='adapted' created_by='nanna@maternity.dk' level=None questions=None derived_from_id=None
Created action-card resource: title='Amoxicillin' description='Amoxicillin' icon='ca394780283b4a6980b895920dfdfa98' content='fa98d8be4f4446da9fbf0a6d20db01b4' language_id='7cf6efab-a9d7-54d2-2cbd-ec82efe4a7da' region='africa' content_type='translated' created_by='nanna@maternity.dk' level=None questions=None derived_from_id=None
  ℹ️  No screens translation found for 'drug:amoxicillin-_1506342553240', using original
Queuing drug: res-drug-amoxicillin (Source: 'Amoxicillin')
Overwriting previous queue for 'res-drug-amoxicillin' with language-specific version (lang: 7cf6efab-a9d7-54d2-2cbd-ec82efe4a7da)
  ✓ Drug inheriting module icon: ca394780...
Saved Markdown: /home/azureuser/test/content_migrator/data/temp_data/antibiotic_eye_drops_original.md
Saved Markdown: /home/azureuser/test/content_migrator/data/temp_data/antibiotic_eye_drops_adapted_africa.md
Saved Markdown: /home/azureuser/test/content_migrator/data/temp_data/antibiotic_eye_drops_translated_action_card.md
Created action-card resource: title='Antibiotic eye drops' description='Antibiotic eye drops' icon='ca394780283b4a6980b895920dfdfa98' content='85c0d5ba2e0149b7a8c158369e69d861' language_id='7cf6efab-a9d7-54d2-2cbd-ec82efe4a7da' region='africa' content_type='original' created_by='nanna@maternity.dk' level=None questions=None derived_from_id=None
Created action-card resource: title='Antibiotic eye drops' description='Antibiotic eye drops' icon='ca394780283b4a6980b895920dfdfa98' content='0a648689bcfa487c957420c4f54a179f' language_id='7cf6efab-a9d7-54d2-2cbd-ec82efe4a7da' region='africa' content_type='adapted' created_by='nanna@maternity.dk' level=None questions=None derived_from_id=None
Created action-card resource: title='Antibiotic eye drops' description='Antibiotic eye drops' icon='ca394780283b4a6980b895920dfdfa98' content='85cb84216a7f42d19def7232a13d8195' language_id='7cf6efab-a9d7-54d2-2cbd-ec82efe4a7da' region='africa' content_type='translated' created_by='nanna@maternity.dk' level=None questions=None derived_from_id=None
  ℹ️  No screens translation found for 'drug:antibiotic-eye-drops_1490261954893', using original
Queuing drug: res-drug-antibiotic-eye-drops (Source: 'Antibiotic eye drops')
Overwriting previous queue for 'res-drug-antibiotic-eye-drops' with language-specific version (lang: 7cf6efab-a9d7-54d2-2cbd-ec82efe4a7da)
  ✓ Drug inheriting module icon: ca394780...
Saved Markdown: /home/azureuser/test/content_migrator/data/temp_data/betamethasone_original.md
Saved Markdown: /home/azureuser/test/content_migrator/data/temp_data/betamethasone_adapted_africa.md
Saved Markdown: /home/azureuser/test/content_migrator/data/temp_data/betamethasone_translated_action_card.md
Created action-card resource: title='Betamethasone' description='Betamethasone' icon='ca394780283b4a6980b895920dfdfa98' content='4a595b586d114457bfa5a1ca68852814' language_id='7cf6efab-a9d7-54d2-2cbd-ec82efe4a7da' region='africa' content_type='original' created_by='nanna@maternity.dk' level=None questions=None derived_from_id=None
Created action-card resource: title='Betamethasone' description='Betamethasone' icon='ca394780283b4a6980b895920dfdfa98' content='114aa0264423404898e9993458e06a20' language_id='7cf6efab-a9d7-54d2-2cbd-ec82efe4a7da' region='africa' content_type='adapted' created_by='nanna@maternity.dk' level=None questions=None derived_from_id=None
Created action-card resource: title='Betamethasone' description='Betamethasone' icon='ca394780283b4a6980b895920dfdfa98' content='7c47064eb4424f1bb79b9962b6f8ddfb' language_id='7cf6efab-a9d7-54d2-2cbd-ec82efe4a7da' region='africa' content_type='translated' created_by='nanna@maternity.dk' level=None questions=None derived_from_id=None
  ℹ️  No screens translation found for 'drug:betamethasone_1487080183154', using original
Queuing drug: res-drug-betamethasone (Source: 'Betamethasone')
Overwriting previous queue for 'res-drug-betamethasone' with language-specific version (lang: 7cf6efab-a9d7-54d2-2cbd-ec82efe4a7da)
  ✓ Drug inheriting module icon: ca394780...
Saved Markdown: /home/azureuser/test/content_migrator/data/temp_data/caffeine_citrate_original.md
Saved Markdown: /home/azureuser/test/content_migrator/data/temp_data/caffeine_citrate_adapted_africa.md
Saved Markdown: /home/azureuser/test/content_migrator/data/temp_data/caffeine_citrate_translated_action_card.md
Created action-card resource: title='Caffeine citrate' description='Caffeine citrate' icon='ca394780283b4a6980b895920dfdfa98' content='ced5745d4e3b42eea9ec1a0a81a25b19' language_id='7cf6efab-a9d7-54d2-2cbd-ec82efe4a7da' region='africa' content_type='original' created_by='nanna@maternity.dk' level=None questions=None derived_from_id=None
Created action-card resource: title='Caffeine citrate' description='Caffeine citrate' icon='ca394780283b4a6980b895920dfdfa98' content='4f0e503d29b3400a92ac5cd738d505b2' language_id='7cf6efab-a9d7-54d2-2cbd-ec82efe4a7da' region='africa' content_type='adapted' created_by='nanna@maternity.dk' level=None questions=None derived_from_id=None
Created action-card resource: title='Caffeine citrate' description='Caffeine citrate' icon='ca394780283b4a6980b895920dfdfa98' content='50904a58e02e4fa59cef7594a4dcbba4' language_id='7cf6efab-a9d7-54d2-2cbd-ec82efe4a7da' region='africa' content_type='translated' created_by='nanna@maternity.dk' level=None questions=None derived_from_id=None
  ℹ️  No screens translation found for 'drug:caffeine-citrate_1536653273361', using original
Queuing drug: res-drug-caffeine-citrate (Source: 'Caffeine citrate')
  ✓ Drug inheriting module icon: ca394780...
Saved Markdown: /home/azureuser/test/content_migrator/data/temp_data/cefotaxime_original.md
Saved Markdown: /home/azureuser/test/content_migrator/data/temp_data/cefotaxime_adapted_africa.md
Saved Markdown: /home/azureuser/test/content_migrator/data/temp_data/cefotaxime_translated_action_card.md
Created action-card resource: title='Cefotaxime' description='Cefotaxime' icon='ca394780283b4a6980b895920dfdfa98' content='9b325f306578476fa5ff19ff3ceead53' language_id='7cf6efab-a9d7-54d2-2cbd-ec82efe4a7da' region='africa' content_type='original' created_by='nanna@maternity.dk' level=None questions=None derived_from_id=None
Created action-card resource: title='Cefotaxime' description='Cefotaxime' icon='ca394780283b4a6980b895920dfdfa98' content='83af88f8f379490696b5c82b3fbe6562' language_id='7cf6efab-a9d7-54d2-2cbd-ec82efe4a7da' region='africa' content_type='adapted' created_by='nanna@maternity.dk' level=None questions=None derived_from_id=None
Created action-card resource: title='Cefotaxime' description='Cefotaxime' icon='ca394780283b4a6980b895920dfdfa98' content='7191526aed634a9dac6200a5a9a57032' language_id='7cf6efab-a9d7-54d2-2cbd-ec82efe4a7da' region='africa' content_type='translated' created_by='nanna@maternity.dk' level=None questions=None derived_from_id=None
  ℹ️  No screens translation found for 'drug:cefotaxime_1536653899716', using original
Queuing drug: res-drug-cefotaxime (Source: 'Cefotaxime')
Overwriting previous queue for 'res-drug-cefotaxime' with language-specific version (lang: 7cf6efab-a9d7-54d2-2cbd-ec82efe4a7da)
  ✓ Drug inheriting module icon: ca394780...
Saved Markdown: /home/azureuser/test/content_migrator/data/temp_data/ceftriaxone_original.md
Saved Markdown: /home/azureuser/test/content_migrator/data/temp_data/ceftriaxone_adapted_africa.md
Saved Markdown: /home/azureuser/test/content_migrator/data/temp_data/ceftriaxone_translated_action_card.md
Created action-card resource: title='Ceftriaxone' description='Ceftriaxone' icon='ca394780283b4a6980b895920dfdfa98' content='adfa95a872f74fcb993442bb82117bad' language_id='7cf6efab-a9d7-54d2-2cbd-ec82efe4a7da' region='africa' content_type='original' created_by='nanna@maternity.dk' level=None questions=None derived_from_id=None
Created action-card resource: title='Ceftriaxone' description='Ceftriaxone' icon='ca394780283b4a6980b895920dfdfa98' content='1370a3e4bc394854a3da276b3c1aa837' language_id='7cf6efab-a9d7-54d2-2cbd-ec82efe4a7da' region='africa' content_type='adapted' created_by='nanna@maternity.dk' level=None questions=None derived_from_id=None
Created action-card resource: title='Ceftriaxone' description='Ceftriaxone' icon='ca394780283b4a6980b895920dfdfa98' content='2cffa1a650fe480d8679f944150a66e5' language_id='7cf6efab-a9d7-54d2-2cbd-ec82efe4a7da' region='africa' content_type='translated' created_by='nanna@maternity.dk' level=None questions=None derived_from_id=None
  ℹ️  No screens translation found for 'drug:ceftriaxone_1487080443380', using original
Queuing drug: res-drug-ceftriaxone (Source: 'Ceftriaxone')
Overwriting previous queue for 'res-drug-ceftriaxone' with language-specific version (lang: 7cf6efab-a9d7-54d2-2cbd-ec82efe4a7da)
  ✓ Drug inheriting module icon: ca394780...
Saved Markdown: /home/azureuser/test/content_migrator/data/temp_data/cloxacillin_original.md
Saved Markdown: /home/azureuser/test/content_migrator/data/temp_data/cloxacillin_adapted_africa.md
Saved Markdown: /home/azureuser/test/content_migrator/data/temp_data/cloxacillin_translated_action_card.md
Created action-card resource: title='Cloxacillin' description='Cloxacillin' icon='ca394780283b4a6980b895920dfdfa98' content='89a98d8f61dc4674928b9d19e7b0a278' language_id='7cf6efab-a9d7-54d2-2cbd-ec82efe4a7da' region='africa' content_type='original' created_by='nanna@maternity.dk' level=None questions=None derived_from_id=None
Created action-card resource: title='Cloxacillin' description='Cloxacillin' icon='ca394780283b4a6980b895920dfdfa98' content='020b97fe802649d19f9787171795fd3e' language_id='7cf6efab-a9d7-54d2-2cbd-ec82efe4a7da' region='africa' content_type='adapted' created_by='nanna@maternity.dk' level=None questions=None derived_from_id=None
Created action-card resource: title='Cloxacillin' description='Cloxacillin' icon='ca394780283b4a6980b895920dfdfa98' content='a9032d2579f3412f92160d97e4836bea' language_id='7cf6efab-a9d7-54d2-2cbd-ec82efe4a7da' region='africa' content_type='translated' created_by='nanna@maternity.dk' level=None questions=None derived_from_id=None
  ℹ️  No screens translation found for 'drug:cloxacillin_1510747764922', using original
Queuing drug: res-drug-cloxacillin (Source: 'Cloxacillin')
Overwriting previous queue for 'res-drug-cloxacillin' with language-specific version (lang: 7cf6efab-a9d7-54d2-2cbd-ec82efe4a7da)
  ✓ Drug inheriting module icon: ca394780...
Saved Markdown: /home/azureuser/test/content_migrator/data/temp_data/dexamethasone_original.md
Saved Markdown: /home/azureuser/test/content_migrator/data/temp_data/dexamethasone_adapted_africa.md
Saved Markdown: /home/azureuser/test/content_migrator/data/temp_data/dexamethasone_translated_action_card.md
Created action-card resource: title='Dexamethasone' description='Dexamethasone' icon='ca394780283b4a6980b895920dfdfa98' content='81a698fb0ad24b6caa42863088abc722' language_id='7cf6efab-a9d7-54d2-2cbd-ec82efe4a7da' region='africa' content_type='original' created_by='nanna@maternity.dk' level=None questions=None derived_from_id=None
Created action-card resource: title='Dexamethasone' description='Dexamethasone' icon='ca394780283b4a6980b895920dfdfa98' content='ebb4558955514319a04fc70b4c818756' language_id='7cf6efab-a9d7-54d2-2cbd-ec82efe4a7da' region='africa' content_type='adapted' created_by='nanna@maternity.dk' level=None questions=None derived_from_id=None
Created action-card resource: title='Dexamethasone' description='Dexamethasone' icon='ca394780283b4a6980b895920dfdfa98' content='9bebd45fdbcc4e52bdea8e9cd0a6c1a6' language_id='7cf6efab-a9d7-54d2-2cbd-ec82efe4a7da' region='africa' content_type='translated' created_by='nanna@maternity.dk' level=None questions=None derived_from_id=None
  ℹ️  No screens translation found for 'drug:dexamethasone_1487101787771', using original
Queuing drug: res-drug-dexamethasone (Source: 'Dexamethasone')
Overwriting previous queue for 'res-drug-dexamethasone' with language-specific version (lang: 7cf6efab-a9d7-54d2-2cbd-ec82efe4a7da)
  ✓ Drug inheriting module icon: ca394780...
Saved Markdown: /home/azureuser/test/content_migrator/data/temp_data/gentamicin_original.md
Saved Markdown: /home/azureuser/test/content_migrator/data/temp_data/gentamicin_adapted_africa.md
Saved Markdown: /home/azureuser/test/content_migrator/data/temp_data/gentamicin_translated_action_card.md
Created action-card resource: title='Gentamicin' description='Gentamicin' icon='ca394780283b4a6980b895920dfdfa98' content='d978d069c73c47d99ba90d7f1107101e' language_id='7cf6efab-a9d7-54d2-2cbd-ec82efe4a7da' region='africa' content_type='original' created_by='nanna@maternity.dk' level=None questions=None derived_from_id=None
Created action-card resource: title='Gentamicin' description='Gentamicin' icon='ca394780283b4a6980b895920dfdfa98' content='d7c93e717ad84e6e9e7186b238262f2c' language_id='7cf6efab-a9d7-54d2-2cbd-ec82efe4a7da' region='africa' content_type='adapted' created_by='nanna@maternity.dk' level=None questions=None derived_from_id=None
Created action-card resource: title='Gentamicin' description='Gentamicin' icon='ca394780283b4a6980b895920dfdfa98' content='295453e35f464bb5b85235bb4c158e4a' language_id='7cf6efab-a9d7-54d2-2cbd-ec82efe4a7da' region='africa' content_type='translated' created_by='nanna@maternity.dk' level=None questions=None derived_from_id=None
  ℹ️  No screens translation found for 'drug:gentamicin_1487679704293', using original
Queuing drug: res-drug-gentamicin (Source: 'Gentamicin')
Overwriting previous queue for 'res-drug-gentamicin' with language-specific version (lang: 7cf6efab-a9d7-54d2-2cbd-ec82efe4a7da)
  ✓ Drug inheriting module icon: ca394780...
Saved Markdown: /home/azureuser/test/content_migrator/data/temp_data/penicillin_g_benzylpenicillin_original.md
Saved Markdown: /home/azureuser/test/content_migrator/data/temp_data/penicillin_g_benzylpenicillin_adapted_africa.md
Saved Markdown: /home/azureuser/test/content_migrator/data/temp_data/penicillin_g_benzylpenicillin_translated_action_card.md
Created action-card resource: title='Penicillin G (Benzylpenicillin)' description='Penicillin G (Benzylpenicillin)' icon='ca394780283b4a6980b895920dfdfa98' content='644b260134ab4f13a21011b002458a19' language_id='7cf6efab-a9d7-54d2-2cbd-ec82efe4a7da' region='africa' content_type='original' created_by='nanna@maternity.dk' level=None questions=None derived_from_id=None
Created action-card resource: title='Penicillin G (Benzylpenicillin)' description='Penicillin G (Benzylpenicillin)' icon='ca394780283b4a6980b895920dfdfa98' content='cf85db55432b4c2eaa7dc4467a077310' language_id='7cf6efab-a9d7-54d2-2cbd-ec82efe4a7da' region='africa' content_type='adapted' created_by='nanna@maternity.dk' level=None questions=None derived_from_id=None
Created action-card resource: title='Penicillin G (Benzylpenicillin)' description='Penicillin G (Benzylpenicillin)' icon='ca394780283b4a6980b895920dfdfa98' content='c0aa99c489ec47618a7f32ef70ee81ea' language_id='7cf6efab-a9d7-54d2-2cbd-ec82efe4a7da' region='africa' content_type='translated' created_by='nanna@maternity.dk' level=None questions=None derived_from_id=None
  ℹ️  No screens translation found for 'drug:penicillin-g-benzylpenicillin_1487157542019', using original
Queuing drug: res-drug-penicillin-g-benzylpenicillin (Source: 'Penicillin G (Benzylpenicillin)')
Overwriting previous queue for 'res-drug-penicillin-g-benzylpenicillin' with language-specific version (lang: 7cf6efab-a9d7-54d2-2cbd-ec82efe4a7da)
  ✓ Drug inheriting module icon: ca394780...
Saved Markdown: /home/azureuser/test/content_migrator/data/temp_data/phenobarbital_original.md
Saved Markdown: /home/azureuser/test/content_migrator/data/temp_data/phenobarbital_adapted_africa.md
Saved Markdown: /home/azureuser/test/content_migrator/data/temp_data/phenobarbital_translated_action_card.md
Created action-card resource: title='Phenobarbital' description='Phenobarbital' icon='ca394780283b4a6980b895920dfdfa98' content='e91a17ca34d8454cae705997ecc798ad' language_id='7cf6efab-a9d7-54d2-2cbd-ec82efe4a7da' region='africa' content_type='original' created_by='nanna@maternity.dk' level=None questions=None derived_from_id=None
Created action-card resource: title='Phenobarbital' description='Phenobarbital' icon='ca394780283b4a6980b895920dfdfa98' content='784e09b8b2f444f0be7e900b8ddc1fc6' language_id='7cf6efab-a9d7-54d2-2cbd-ec82efe4a7da' region='africa' content_type='adapted' created_by='nanna@maternity.dk' level=None questions=None derived_from_id=None
Created action-card resource: title='Phenobarbital' description='Phenobarbital' icon='ca394780283b4a6980b895920dfdfa98' content='5ba4ada8c7874acca5f231be802e9c7a' language_id='7cf6efab-a9d7-54d2-2cbd-ec82efe4a7da' region='africa' content_type='translated' created_by='nanna@maternity.dk' level=None questions=None derived_from_id=None
  ℹ️  No screens translation found for 'drug:phenobarbital_1487158287290', using original
Queuing drug: res-drug-phenobarbital (Source: 'Phenobarbital')
Overwriting previous queue for 'res-drug-phenobarbital' with language-specific version (lang: 7cf6efab-a9d7-54d2-2cbd-ec82efe4a7da)
  ✓ Drug inheriting module icon: ca394780...
Saved Markdown: /home/azureuser/test/content_migrator/data/temp_data/metronidazole_original.md
Saved Markdown: /home/azureuser/test/content_migrator/data/temp_data/metronidazole_adapted_africa.md
Saved Markdown: /home/azureuser/test/content_migrator/data/temp_data/metronidazole_translated_action_card.md
Created action-card resource: title='Metronidazole' description='Metronidazole' icon='ca394780283b4a6980b895920dfdfa98' content='3268ce5d027d457f9c40d54031766853' language_id='7cf6efab-a9d7-54d2-2cbd-ec82efe4a7da' region='africa' content_type='original' created_by='nanna@maternity.dk' level=None questions=None derived_from_id=None
Created action-card resource: title='Metronidazole' description='Metronidazole' icon='ca394780283b4a6980b895920dfdfa98' content='a34ad82dbf304c7a96b3e01639146a46' language_id='7cf6efab-a9d7-54d2-2cbd-ec82efe4a7da' region='africa' content_type='adapted' created_by='nanna@maternity.dk' level=None questions=None derived_from_id=None
Created action-card resource: title='Metronidazole' description='Metronidazole' icon='ca394780283b4a6980b895920dfdfa98' content='16be82dc922247d8878af5cc4278cd71' language_id='7cf6efab-a9d7-54d2-2cbd-ec82efe4a7da' region='africa' content_type='translated' created_by='nanna@maternity.dk' level=None questions=None derived_from_id=None
  ℹ️  No screens translation found for 'drug:metronidazole_1487112262252', using original
Queuing drug: res-drug-metronidazole (Source: 'Metronidazole')
Overwriting previous queue for 'res-drug-metronidazole' with language-specific version (lang: 7cf6efab-a9d7-54d2-2cbd-ec82efe4a7da)
Mapping language:   7cf6efab-a9d7-54d2-2cbd-ec82efe4a7da
Using cached asset_id: ec1b985f06314564a2ca4a31b5099688
  ✓ KLP question 1 icon uploaded: ec1b985f...
Using cached asset_id: ec1b985f06314564a2ca4a31b5099688
  ✓ KLP question 2 icon uploaded: ec1b985f...
  ℹ️  No screens translation found for 'key-learning-point:definition-of-low-birthweight_1536581643625'
Queued KLP to klps.csv: klp-2-definition-of-low-birthweight
Using cached asset_id: ddf993b2cf8c4694a6b06447a804eca4
  ✓ KLP question 1 icon uploaded: ddf993b2...
  ℹ️  No screens translation found for 'key-learning-point:preterm-presentation_1536654826827'
Queued KLP to klps.csv: klp-1-preterm-presentation
Using cached asset_id: ac9f27113e25465a8acdc515a6b6d458
  ✓ KLP question 1 icon uploaded: ac9f2711...
Using cached asset_id: 84d9c3773f5648969690217c8fb76258
  ✓ KLP question 2 icon uploaded: 84d9c377...
Using cached asset_id: 9827556cc1a649f7ab143ff9fb0ae9d0
  ✓ KLP question 3 icon uploaded: 9827556c...
Using cached asset_id: 9827556cc1a649f7ab143ff9fb0ae9d0
  ✓ KLP question 4 icon uploaded: 9827556c...
  ℹ️  No screens translation found for 'key-learning-point:initial-care-of-the-low-birth-weight_1536655431159'
Queued KLP to klps.csv: klp-1-initial-care-of-the-low-birth-weight
Using cached asset_id: 2babad4b060440e0adef8607b914bd79
  ✓ KLP question 1 icon uploaded: 2babad4b...
Using cached asset_id: cb71679414bf40ab81bb9d501ee78b08
  ✓ KLP question 2 icon uploaded: cb716794...
  ℹ️  No screens translation found for 'key-learning-point:what-is-kangaroo-mother-care_1536656585009'
Queued KLP to klps.csv: klp-1-what-is-kangaroo-mother-care
Using cached asset_id: b3181220802743459289d83359772546
  ✓ KLP question 1 icon uploaded: b3181220...
  ℹ️  No screens translation found for 'key-learning-point:how-to-kangaroo-mother-care-_1536656920939'
Queued KLP to klps.csv: klp-2-how-to-kangaroo-mother-care
Using cached asset_id: d427ad22c82b4a6e9fb40cbd35ecaf12
  ✓ KLP question 1 icon uploaded: d427ad22...
  ℹ️  No screens translation found for 'key-learning-point:discharge_1536657122882'
Queued KLP to klps.csv: klp-3-discharge
Using cached asset_id: eba22479e84c453593b206679c304a48
  ✓ KLP question 1 icon uploaded: eba22479...
Using cached asset_id: f07328fe26b64e9ba15f2c6ce5e7adb9
  ✓ KLP question 2 icon uploaded: f07328fe...
  ℹ️  No screens translation found for 'key-learning-point:feeding_1536657300209'
Queued KLP to klps.csv: klp-2-feeding
Using cached asset_id: 258ab31d82ed4340b01b5bd662708e9f
  ✓ KLP question 1 icon uploaded: 258ab31d...
Using cached asset_id: 553f328fc2c24f85ac3bafee82bb608c
  ✓ KLP question 2 icon uploaded: 553f328f...
  ℹ️  No screens translation found for 'key-learning-point:unable-to-suck_1536657729684'
Queued KLP to klps.csv: klp-3-unable-to-suck
  ℹ️  No key-learning-points document found for key 'feeding-schedule_1536658197785' with langId='7cf6efab-a9d7-54d2-2cbd-ec82efe4a7da'.
  ℹ️  No keyLearningPoints document found for key 'feeding-schedule_1536658197785' with langId='7cf6efab-a9d7-54d2-2cbd-ec82efe4a7da'.
  ⚠ SKIP: Localized KLP 'feeding-schedule_1536658197785' not found in 7cf6efab-a9d7-54d2-2cbd-ec82efe4a7da.
Using cached asset_id: 6bd90b842db34f588a0da635f408b159
  ✓ KLP question 1 icon uploaded: 6bd90b84...
  ℹ️  No screens translation found for 'key-learning-point:non-responsive-newborn_1536658457344'
Queued KLP to klps.csv: klp-1-non-responsive-newborn
Using cached asset_id: 84d9c3773f5648969690217c8fb76258
  ✓ KLP question 1 icon uploaded: 84d9c377...
  ℹ️  No screens translation found for 'key-learning-point:breathing_1536658700738'
Queued KLP to klps.csv: klp-2-breathing
  ℹ️  No key-learning-points document found for key 'rds---symptoms_1536658937067' with langId='7cf6efab-a9d7-54d2-2cbd-ec82efe4a7da'.
  ℹ️  No keyLearningPoints document found for key 'rds---symptoms_1536658937067' with langId='7cf6efab-a9d7-54d2-2cbd-ec82efe4a7da'.
  ⚠ SKIP: Localized KLP 'rds---symptoms_1536658937067' not found in 7cf6efab-a9d7-54d2-2cbd-ec82efe4a7da.
Using cached asset_id: ed387241057443eea55ce6f33f89ff94
  ✓ KLP question 1 icon uploaded: ed387241...
  ℹ️  No screens translation found for 'key-learning-point:rds-management_1536659213233'
Queued KLP to klps.csv: klp-2-rds-management
Using cached asset_id: c031799479d7433d8c1a3d250231f45c
  ✓ KLP question 1 icon uploaded: c0317994...
  ℹ️  No screens translation found for 'key-learning-point:cpap_1536659420716'
Queued KLP to klps.csv: klp-3-cpap
  ℹ️  No key-learning-points document found for key 'rds-ab_1536659584443' with langId='7cf6efab-a9d7-54d2-2cbd-ec82efe4a7da'.
  ℹ️  No keyLearningPoints document found for key 'rds-ab_1536659584443' with langId='7cf6efab-a9d7-54d2-2cbd-ec82efe4a7da'.
  ⚠ SKIP: Localized KLP 'rds-ab_1536659584443' not found in 7cf6efab-a9d7-54d2-2cbd-ec82efe4a7da.
  ℹ️  No key-learning-points document found for key 'oxygen-therapy_1536659768216' with langId='7cf6efab-a9d7-54d2-2cbd-ec82efe4a7da'.
  ℹ️  No keyLearningPoints document found for key 'oxygen-therapy_1536659768216' with langId='7cf6efab-a9d7-54d2-2cbd-ec82efe4a7da'.
  ⚠ SKIP: Localized KLP 'oxygen-therapy_1536659768216' not found in 7cf6efab-a9d7-54d2-2cbd-ec82efe4a7da.
Using cached asset_id: 9827556cc1a649f7ab143ff9fb0ae9d0
  ✓ KLP question 1 icon uploaded: 9827556c...
  ℹ️  No screens translation found for 'key-learning-point:oxygen-saturation_1536659885805'
Queued KLP to klps.csv: klp-3-oxygen-saturation
Using cached asset_id: 11b98cbd1fef4d02aa8ae4ba4581b69c
  ✓ KLP question 1 icon uploaded: 11b98cbd...
  ℹ️  No screens translation found for 'key-learning-point:oxygen-indication_1536660172269'
Queued KLP to klps.csv: klp-2-oxygen-indication
Using cached asset_id: 65eacef1186e47f7aae5554e9d4435d4
  ✓ KLP question 1 icon uploaded: 65eacef1...
  ℹ️  No screens translation found for 'key-learning-point:grunting_1536660370813'
Queued KLP to klps.csv: klp-1-grunting
Using cached asset_id: 7e85c43e201048c3ba5ea397e554b695
  ✓ KLP question 1 icon uploaded: 7e85c43e...
  ℹ️  No screens translation found for 'key-learning-point:apnea-prevention_1536660536597'
Queued KLP to klps.csv: klp-3-apnea-prevention
Using cached asset_id: a4cb107d35134d85b8a9f95ac31f9a7f
  ✓ KLP question 1 icon uploaded: a4cb107d...
  ℹ️  No screens translation found for 'key-learning-point:stable-newborn-management_1536660766659'
Queued KLP to klps.csv: klp-3-stable-newborn-management
Using cached asset_id: b05ed772c2cd4bca9a4de44976aaadd4
  ✓ KLP question 1 icon uploaded: b05ed772...
  ℹ️  No screens translation found for 'key-learning-point:jaundice_1536660948933'
Queued KLP to klps.csv: klp-3-jaundice
Using cached asset_id: 8ca3dbc90c384408b941d7cdd4865e0b
  ✓ KLP question 1 icon uploaded: 8ca3dbc9...
  ℹ️  No screens translation found for 'key-learning-point:severe-jaundice_1536661074277'
Queued KLP to klps.csv: klp-2-severe-jaundice
  ℹ️  No key-learning-points document found for key 'severe-jaundice-jaundice-treatment_1536661217815' with langId='7cf6efab-a9d7-54d2-2cbd-ec82efe4a7da'.
  ℹ️  No keyLearningPoints document found for key 'severe-jaundice-jaundice-treatment_1536661217815' with langId='7cf6efab-a9d7-54d2-2cbd-ec82efe4a7da'.
  ⚠ SKIP: Localized KLP 'severe-jaundice-jaundice-treatment_1536661217815' not found in 7cf6efab-a9d7-54d2-2cbd-ec82efe4a7da.
Using cached asset_id: 406fb16bb3f04853b506c5f5bf450cb8
  ✓ KLP question 1 icon uploaded: 406fb16b...
  ℹ️  No screens translation found for 'key-learning-point:vomits_1536661318162'
Queued KLP to klps.csv: klp-1-vomits
Using cached asset_id: ed387241057443eea55ce6f33f89ff94
  ✓ KLP question 1 icon uploaded: ed387241...
  ℹ️  No screens translation found for 'key-learning-point:necrotizing-enterocolitis_1536661450486'
Queued KLP to klps.csv: klp-2-necrotizing-enterocolitis
Using cached asset_id: f1c138c79c5945ec93edbc625d944b74
  ✓ KLP question 1 icon uploaded: f1c138c7...
  ℹ️  No screens translation found for 'key-learning-point:necrotizing-enterocolitis---management_1536661739241'
Queued KLP to klps.csv: klp-3-necrotizing-enterocolitis-management
Using cached asset_id: 9f78bb04860f46219815b8edc031503b
  ✓ KLP question 1 icon uploaded: 9f78bb04...
  ℹ️  No screens translation found for 'key-learning-point:necrotizing-enterocolitis---ab_1536661918982'
Queued KLP to klps.csv: klp-3-necrotizing-enterocolitis-ab
Using cached asset_id: 201fcfc3d15c4607af0428376aee5f36
  ✓ KLP question 1 icon uploaded: 201fcfc3...
  ℹ️  No screens translation found for 'key-learning-point:lbw---infection_1536662246097'
Queued KLP to klps.csv: klp-1-lbw-infection
Using cached asset_id: 701e2611e53945b5b23746566f5ad6ce
  ✓ KLP question 1 icon uploaded: 701e2611...
  ℹ️  No screens translation found for 'key-learning-point:lbw-infection-treatment_1536662391832'
Queued KLP to klps.csv: klp-3-lbw-infection-treatment
Using cached asset_id: 201fcfc3d15c4607af0428376aee5f36
  ✓ KLP question 1 icon uploaded: 201fcfc3...
  ℹ️  No screens translation found for 'key-learning-point:severe-infection_1536662581513'
Queued KLP to klps.csv: klp-2-severe-infection
Using cached asset_id: e2f5777adbee415e9729d2fc9c9f7b66
  ✓ KLP question 1 icon uploaded: e2f5777a...
  ℹ️  No screens translation found for 'key-learning-point:referral---indications_1536662739972'
Queued KLP to klps.csv: klp-1-referral-indications
Using cached asset_id: e2f5777adbee415e9729d2fc9c9f7b66
  ✓ KLP question 1 icon uploaded: e2f5777a...
  ℹ️  No screens translation found for 'key-learning-point:referral-safety-rules_1536662914931'
Queued KLP to klps.csv: klp-2-referral-safety-rules
Using cached asset_id: c031799479d7433d8c1a3d250231f45c
  ✓ KLP question 1 icon uploaded: c0317994...
  ℹ️  No screens translation found for 'key-learning-point:referral---warmth_1536663098051'
Queued KLP to klps.csv: klp-2-referral-warmth
Using cached asset_id: c031799479d7433d8c1a3d250231f45c
  ✓ KLP question 1 icon uploaded: c0317994...
  ℹ️  No screens translation found for 'key-learning-point:referral-no-option_1536663257752'
Queued KLP to klps.csv: klp-3-referral-no-option
  ℹ️  No key-learning-points document found for key 'respectful-care_1536663452708' with langId='7cf6efab-a9d7-54d2-2cbd-ec82efe4a7da'.
  ℹ️  No keyLearningPoints document found for key 'respectful-care_1536663452708' with langId='7cf6efab-a9d7-54d2-2cbd-ec82efe4a7da'.
  ⚠ SKIP: Localized KLP 'respectful-care_1536663452708' not found in 7cf6efab-a9d7-54d2-2cbd-ec82efe4a7da.
  Step 2: Queuing module payload with resource slugs...
Using cached asset_id: ca394780283b4a6980b895920dfdfa98
Skipping previously failed asset: https://sdacms.blob.core.windows.net/content/assets/videos/english%20WHO/Low%20birth%20weight/intro.mp4
Warning: Failed to process video asset: /english WHO/Low birth weight/intro
Skipping previously failed asset: https://sdacms.blob.core.windows.net/content/assets/videos/english%20WHO/Low%20birth%20weight/initial_care_of_the_low_birth_weight.mp4
Warning: Failed to process video asset: /english WHO/Low birth weight/initial_care_of_the_low_birth_weight
Skipping previously failed asset: https://sdacms.blob.core.windows.net/content/assets/videos/english%20WHO/Low%20birth%20weight/kangaroo_mother_care.mp4
Warning: Failed to process video asset: /english WHO/Low birth weight/kangaroo_mother_care
Skipping previously failed asset: https://sdacms.blob.core.windows.net/content/assets/videos/english%20WHO/Low%20birth%20weight/feeding.mp4
Warning: Failed to process video asset: /english WHO/Low birth weight/feeding
Skipping previously failed asset: https://sdacms.blob.core.windows.net/content/assets/videos/english%20WHO/Low%20birth%20weight/danger_signs.mp4
Warning: Failed to process video asset: /english WHO/Low birth weight/danger_signs
Skipping previously failed asset: https://sdacms.blob.core.windows.net/content/assets/videos/english%20WHO/Low%20birth%20weight/referral.mp4
Warning: Failed to process video asset: /english WHO/Low birth weight/referral
Skipping previously failed asset: https://sdacms.blob.core.windows.net/content/assets/videos/english%20WHO/Low%20birth%20weight/respectful_care.mp4
Warning: Failed to process video asset: /english WHO/Low birth weight/respectful_care
  → Using bundle description fallback for translated module
  → Queued module 'Low Birth Weight' -> /home/azureuser/test/content_migrator/data/processed_data/modules.csv
Queued module payloads: 17

=== STAGE 1 COMPLETE ===
Queued languages.csv, resources.csv, modules.csv in processed_data
