[csv_resource_map] Loaded 21 modules from CSV resource map.
Starting Stage 2 (posting from CSVs), starting from: klps...
Loaded 1 existing language mappings
Loaded 298 queued resource slugs
Loaded 511 existing resource mappings
Loaded 608 queued KLP slugs
Loaded 885 existing KLP mappings
Loaded 17 queued module slugs

=== STEP 1: Post Languages (SKIPPED) ===

=== STEP 2: Post Resources (SKIPPED) ===

=== STEP 3: Post KLPs ===
Fetching existing KLPs from API...
Fetched 2373 existing KLPs from API
Posting 611 KLPs from klps.csv...
  → Recovered missing Language ID for KLP via mapping: fd789a60bea24f4fa4704b52f277f638
Updated KLP 'klp-1-how-many-women-develop-a-mental-health-condition-during-the-perinatal-period' -> 5c8474c9ffdb4607b71561786d0bde8d
  ✓ Activated version: b56c6eb30e78449382106dfc6bfde16e
  → Recovered missing Language ID for KLP via mapping: fd789a60bea24f4fa4704b52f277f638
Updated KLP 'klp-1-which-mental-health-condition-often-coexists-with-depression' -> e815a23e433e47c0ae0b42f0a22c8c67
  ✓ Activated version: a7b0229714024749842fd9187fb3ff73
  → Recovered missing Language ID for KLP via mapping: fd789a60bea24f4fa4704b52f277f638
Updated KLP 'klp-1-what-is-the-strongest-predictor-of-a-woman-getting-perinatal-mental-health-conditions' -> a729e1e26584465d8979aaf8948028ce
  ✓ Activated version: 84b37ab52b2e416d9ea3e970beff36d0
  → Recovered missing Language ID for KLP via mapping: fd789a60bea24f4fa4704b52f277f638
Updated KLP 'klp-1-symptoms-of-perinatal-mental-health-conditions-include' -> 4a21a1ea41f24ec89356aca2d782ab38
  ✓ Activated version: 1e13a129610d4296b106dd820770c25f
  → Recovered missing Language ID for KLP via mapping: fd789a60bea24f4fa4704b52f277f638
Updated KLP 'klp-1-when-should-you-screen-for-perinatal-mental-illness' -> 4abbd2074b29436891a4051bb90a91de
  ✓ Activated version: 7c8d8ae3076a4560aa1de43af32d3bec
  → Recovered missing Language ID for KLP via mapping: fd789a60bea24f4fa4704b52f277f638
Updated KLP 'klp-1-what-is-not-a-symptom-of-perinatal-depression' -> 36408182d59f4a3e8b537689c331c7d6
  ✓ Activated version: 1707077c16e64da1bec47300654ab76e
  → Recovered missing Language ID for KLP via mapping: fd789a60bea24f4fa4704b52f277f638
Updated KLP 'klp-1-what-are-the-two-different-categories-of-bipolar-disorder' -> 0a4870d9b2204d268147f043c6c5e14f
  ✓ Activated version: 2893d2dc273f42c78e95309f72828d11
  → Recovered missing Language ID for KLP via mapping: fd789a60bea24f4fa4704b52f277f638
Updated KLP 'klp-1-talking-therapy-counselling-techniques-do-not-include' -> 644d667498be427aa6cc1872950740aa
  ✓ Activated version: 1da723a7582d445b9f91a2d637f474d5
  → Recovered missing Language ID for KLP via mapping: fd789a60bea24f4fa4704b52f277f638
Updated KLP 'klp-1-unmanaged-maternal-depression-can-lead-to-long-term-cognitive-and-emotional-developmental-impairment-of-the-infant-true-or-false' -> fa552743978b49119d18f4ab03473ea9
  ✓ Activated version: 537c62a67fbd4cc2a315a30561d04591
  → Recovered missing Language ID for KLP via mapping: fd789a60bea24f4fa4704b52f277f638
Updated KLP 'klp-1-what-can-caring-for-women-and-families-with-perinatal-mental-health-conditions-lead-to' -> e197b7bfbb594cc8b626d445d84ca912
  ✓ Activated version: aad879f248914e75bca81d7dfdeda536
  → Recovered missing Language ID for KLP via mapping: fd789a60bea24f4fa4704b52f277f638
Updated KLP 'klp-1-puerperal-psychosis-usually-occurs' -> ab36cbe55bdd48a384532be923335b54
  ✓ Activated version: f206323af70f43fdaddbea66e242e588
  → Recovered missing Language ID for KLP via mapping: fd789a60bea24f4fa4704b52f277f638
Updated KLP 'klp-1-how-many-partners-experience-postpartum-depression-or-anxiety' -> 63ff8de284654c219681db5fafdb3db5
  ✓ Activated version: d46a0e808e3e487ea753ae2c8b21fed8
  → Recovered missing Language ID for KLP via mapping: fd789a60bea24f4fa4704b52f277f638
Updated KLP 'klp-2-what-causes-perinatal-mental-health-conditions' -> 9993c59fe1d34949be9a97c63ad29983
  ✓ Activated version: e1c295b0d589455b8b4fcb6ed2d1d6c4
  → Recovered missing Language ID for KLP via mapping: fd789a60bea24f4fa4704b52f277f638
Updated KLP 'klp-2-what-are-known-risk-factors-of-developing-a-mental-health-condition-in-the-perinatal-period' -> 58c3f20fc78042688ffce247bea8eb85
  ✓ Activated version: c71c64f1bd2d452e93d41724de7b0f04
  → Recovered missing Language ID for KLP via mapping: fd789a60bea24f4fa4704b52f277f638
Updated KLP 'klp-2-poverty-decreases-the-likelihood-of-women-experiencing-postpartum-depression-or-anxiety-true-or-false' -> 19ce55f498de469493650938b81bcacc
  ✓ Activated version: 70711e6cd3b4454984311fe427afaacc
  → Recovered missing Language ID for KLP via mapping: fd789a60bea24f4fa4704b52f277f638
Updated KLP 'klp-2-what-are-examples-of-useful-screening-tools-for-the-detection-of-perinatal-mental-health-conditions' -> 8ac077edbb37427d95ecb0ffbbd8afd6
  ✓ Activated version: cc92a642bdd7435d93345b56f2cd56d9
  → Recovered missing Language ID for KLP via mapping: fd789a60bea24f4fa4704b52f277f638
Updated KLP 'klp-2-what-are-treatment-options-for-perinatal-depression' -> f5016ae2d81144e5ac1d8fe3ec36ff7f
  ✓ Activated version: 3047b2ad159f4a00af28b8095387db4a
  → Recovered missing Language ID for KLP via mapping: fd789a60bea24f4fa4704b52f277f638
Updated KLP 'klp-2-the-provision-of-perinatal-mental-health-care-often-requires' -> b24b40bed6c7439ba0eb396c076d0613
  ✓ Activated version: 6c867457ef5841e5a4cf9d8a5ebd797c
  → Recovered missing Language ID for KLP via mapping: fd789a60bea24f4fa4704b52f277f638
Updated KLP 'klp-2-what-is-the-first-line-management-of-a-woman-who-has-screened-positive-for-perinatal-depression' -> 5068a83e98804ffbafd2f9248bc6e160
  ✓ Activated version: 7cbe91b314d241daa7543323ff750ecf
  → Recovered missing Language ID for KLP via mapping: fd789a60bea24f4fa4704b52f277f638
Updated KLP 'klp-2-psychoeducation-includes' -> 2d21b123b01b4326804bcfff60aa1cf1
  ✓ Activated version: 1fbac0eaeb5c4776930bb0aa9a670cc1
  → Recovered missing Language ID for KLP via mapping: fd789a60bea24f4fa4704b52f277f638
Updated KLP 'klp-2-what-are-not-symptoms-of-bipolar-disorder' -> 6e300d4867914e2b858456be1b1377a8
  ✓ Activated version: 8142966ee0994c499796add91cf7cab3
  → Recovered missing Language ID for KLP via mapping: fd789a60bea24f4fa4704b52f277f638
Updated KLP 'klp-2-anxiety-disorders-are-a-group-of-related-conditions-that-include' -> 0c8fbe183d5e47cbabf8c92367859c24
  ✓ Activated version: f43b91acef3545868ce1440e19da9a20
  → Recovered missing Language ID for KLP via mapping: fd789a60bea24f4fa4704b52f277f638
Updated KLP 'klp-2-symptoms-of-puerperal-psychosis-include-the-rapid-onset-of' -> ccc34884f58e4bcc8f110db7e6fb6a7b
  ✓ Activated version: d6136f1afdb543c98d9c204f453678ce
  → Recovered missing Language ID for KLP via mapping: fd789a60bea24f4fa4704b52f277f638
Updated KLP 'klp-2-infants-of-mothers-who-suffer-from-depression-have-higher-rates-of' -> 9bacc30288e1472e809aed523a88e463
  ✓ Activated version: e201b6168dba4f92b332158617698428
  → Recovered missing Language ID for KLP via mapping: fd789a60bea24f4fa4704b52f277f638
Updated KLP 'klp-3-what-should-you-do-if-you-experience-negative-personal-consequences-of-caring-for-women-with-perinatal-mental-health-conditions' -> df4ecb00c19d4bcc8e55854b711a87a5
  ✓ Activated version: 3d025e30c692480480352b59d11d2755
  → Recovered missing Language ID for KLP via mapping: fd789a60bea24f4fa4704b52f277f638
Updated KLP 'klp-3-people-with-schizophrenia-are-more-likely-to' -> 2cd5d33a538c484bb200ace1709fe699
  ✓ Activated version: 82fdc28e8f4a475eac454e6fc8d6cb16
  → Recovered missing Language ID for KLP via mapping: fd789a60bea24f4fa4704b52f277f638
Updated KLP 'klp-3-symptoms-of-general-anxiety-disorder-include' -> f5a06158e7114d32827805d292d1fbe1
  ✓ Activated version: e9be1b1e85184347915590650b6c6100
  → Recovered missing Language ID for KLP via mapping: fd789a60bea24f4fa4704b52f277f638
Updated KLP 'klp-3-people-with-anxiety-often-experience' -> d13c04bca5d543a081db54b7609a4645
  ✓ Activated version: 53fb4141873b4e098c8971ff1ccb8527
  → Recovered missing Language ID for KLP via mapping: fd789a60bea24f4fa4704b52f277f638
Updated KLP 'klp-3-why-may-women-not-want-to-disclose-a-history-of-mental-health-conditions' -> be3b4ee0925a4bd1a37b0d9de87b3e5a
  ✓ Activated version: ad332467a93e4a098b37ec65bf9a7815
  → Recovered missing Language ID for KLP via mapping: fd789a60bea24f4fa4704b52f277f638
Updated KLP 'klp-3-why-would-you-suspect-that-the-woman-has-depression-and-not-the-baby-blues' -> 6eac0be8ea1a473380c51bff75a645a4
  ✓ Activated version: 8d0de65f4cca44a58ddc9ddcf136da1f
  → Recovered missing Language ID for KLP via mapping: fd789a60bea24f4fa4704b52f277f638
Updated KLP 'klp-3-talking-therapy-empathetic-counselling-includes' -> a4aed2e016224519bc6277eda912b98b
  ✓ Activated version: 973276746a7946c5a04db8de8f3dbc87
  → Recovered missing Language ID for KLP via mapping: fd789a60bea24f4fa4704b52f277f638
Updated KLP 'klp-3-which-of-the-following-are-guiding-principles-for-clinicians-to-adapt-their-practice-into-trauma-informed-care' -> ff9b0711ddb84d0d9413a96f39dbda1d
  ✓ Activated version: 2748cba493304b67bcbd57bb6ae36741
  → Recovered missing Language ID for KLP via mapping: fd789a60bea24f4fa4704b52f277f638
Updated KLP 'klp-3-what-percentage-of-the-population-suffer-from-schizophrenia' -> 3413d558272d4bdea384850630444d03
  ✓ Activated version: 48234cb4ae9543339ee755c54de0d51f
  → Recovered missing Language ID for KLP via mapping: fd789a60bea24f4fa4704b52f277f638
Updated KLP 'klp-3-cognitive-behavioural-therapy-cbt-aims-to' -> 86d0de41266b4c39b310fa42fe34fe5f
  ✓ Activated version: 60de50d457504f9e9667d02cfc374fc0
  → Recovered missing Language ID for KLP via mapping: fd789a60bea24f4fa4704b52f277f638
Updated KLP 'klp-3-put-these-three-action-principles-of-psychological-first-aid-in-the-correct-order' -> 9567ebe43cdc42b1b6a0c0e5571791c7
  ✓ Activated version: 748f65edcb954a16a73e4174441ec598
  → Recovered missing Language ID for KLP via mapping: fd789a60bea24f4fa4704b52f277f638
Updated KLP 'klp-3-high-levels-of-cortisol-in-the-blood-due-to-prolonged-maternal-anxiety-can-be-damaging-to-the-foetus-s' -> 5336624adda541438c6df4d41ad70bb5
  ✓ Activated version: 34099f3049134daeb99fdca70db803a1
  → Recovered missing Language ID for KLP via mapping: fd789a60bea24f4fa4704b52f277f638
Updated KLP 'klp-1-short-acting-contraceptives-can-only-be-used-over-short-periods-of-time-true-or-false' -> ee1970695b3a488f99dbabadf4de063b
  ✓ Activated version: c34e467985664f36a4a7d574108c5e76
  → Recovered missing Language ID for KLP via mapping: fd789a60bea24f4fa4704b52f277f638
Updated KLP 'klp-1-implant-insertion-aseptic-procedure' -> 4079701b22c0402eb203bfc3f8a8bb2c
  ✓ Activated version: dc89a726d0c548e59795c41696de84e8
  → Recovered missing Language ID for KLP via mapping: fd789a60bea24f4fa4704b52f277f638
Updated KLP 'klp-1-if-a-woman-needs-a-new-implant-after-having-one-removed-where-can-the-new-implant-be-inserted' -> 0ddde92f510745faa42b1bfd67ed03f3
  ✓ Activated version: f554bd0708664818b2b3ecd0641b71a7
  → Recovered missing Language ID for KLP via mapping: fd789a60bea24f4fa4704b52f277f638
Updated KLP 'klp-1-after-inserting-the-iud-ius-at-what-length-should-you-cut-the-strings' -> 1fec7892b79f4a8b8809c3df3d1d9433
  ✓ Activated version: 5efe187df4a442d0b2502a0d5b21094b
  → Recovered missing Language ID for KLP via mapping: fd789a60bea24f4fa4704b52f277f638
Warning: Could not resolve action-card link 'action-card:long-acting-reversible-contraceptiveslarcs_1756990932634'. Candidates: ['res-action-card-india-long-acting-reversible-contraceptiveslarcs', 'res-action-card-long-acting-reversible-contraceptiveslarcs']
  Warning: Link 'action-card:long-acting-reversible-contraceptiveslarcs_1756990932634' not in mapping or could not be resolved, removing from question
Updated KLP 'klp-1-implant-insertion-hiv' -> fe6ea2e23b4e4399970c44899345f520
  ✓ Activated version: 6b463d261e14471ba33c6e2cbfb2cfa1
  → Recovered missing Language ID for KLP via mapping: fd789a60bea24f4fa4704b52f277f638
Updated KLP 'klp-1-healthy-timing-and-spacing-of-pregnancy' -> 5d70935dfa6d4cfba7ca87048fa6e8f0
  ✓ Activated version: 2e148253a2c4424e8dbf3b94b568dfa7
  → Recovered missing Language ID for KLP via mapping: fd789a60bea24f4fa4704b52f277f638
Updated KLP 'klp-1-combined-oral-contraceptives-cocs' -> ca9eb907c0c94a5e83f2e948cb1a895b
  ✓ Activated version: f4c4bc4189904f4ead351b7c71cdc416
  → Recovered missing Language ID for KLP via mapping: fd789a60bea24f4fa4704b52f277f638
Warning: Could not resolve action-card link 'action-card:contraceptive-counsellingind_1757059094580'. Candidates: ['res-action-card-india-contraceptive-counsellingind', 'res-action-card-contraceptive-counsellingind']
  Warning: Link 'action-card:contraceptive-counsellingind_1757059094580' not in mapping or could not be resolved, removing from question
Updated KLP 'klp-1-before-deciding-contraceptive' -> 876bf6e576eb49fd863618cc292f8cda
  ✓ Activated version: 73d6055b204b4228abf7841bf5b94c02
  → Recovered missing Language ID for KLP via mapping: fd789a60bea24f4fa4704b52f277f638
Warning: Could not resolve action-card link 'action-card:contraceptive-counsellingind_1757059094580'. Candidates: ['res-action-card-india-contraceptive-counsellingind', 'res-action-card-contraceptive-counsellingind']
  Warning: Link 'action-card:contraceptive-counsellingind_1757059094580' not in mapping or could not be resolved, removing from question
Updated KLP 'klp-1-successful-counselling' -> a4a87df5d75a47198f98601744a8cd75
  ✓ Activated version: 0475b3cfae6b47c18ad02887afdc4b84
  → Recovered missing Language ID for KLP via mapping: fd789a60bea24f4fa4704b52f277f638
Updated KLP 'klp-1-effectiveness-of-pill' -> 3c18f2e157bb4238b521ebbad6972d8d
  ✓ Activated version: fa30ff98da884e83abae00b5813b668c
  → Recovered missing Language ID for KLP via mapping: fd789a60bea24f4fa4704b52f277f638
Updated KLP 'klp-1-what-type-of-checks-need-to-be-done-before-inserting-an-intrauterine-device-iud-ius' -> ed5283d0ce6d44f6874ef9f6276f8387
  ✓ Activated version: b65e93fd92c44f6387af7f184324e997
  → Recovered missing Language ID for KLP via mapping: fd789a60bea24f4fa4704b52f277f638
Updated KLP 'klp-2-which-piece-of-equipment-is-not-needed-when-inserting-an-implant' -> 0d99c5057b664f9d88264bd1ed082a64
  ✓ Activated version: 718ebf42b6e64eb3b41ef3bbe583cb35
  → Recovered missing Language ID for KLP via mapping: fd789a60bea24f4fa4704b52f277f638
Updated KLP 'klp-2-which-methods-are-categorised-as-long-acting-reversible-contraceptives' -> 730a1782114c47cfb7624d259238042f
  ✓ Activated version: dab19aa3e8e44233a40b6130f376ac42
  → Recovered missing Language ID for KLP via mapping: fd789a60bea24f4fa4704b52f277f638
Updated KLP 'klp-2-when-does-a-woman-not-qualify-to-get-an-iud' -> 09688743657f44dd823b6335c21cde18
  ✓ Activated version: b13de15b4c594dcdaf02a35d4027c7fc
  → Recovered missing Language ID for KLP via mapping: fd789a60bea24f4fa4704b52f277f638
Updated KLP 'klp-2-when-can-a-women-get-an-implant' -> f41d7bee02464eaa964b69dd1cf131a7
  ✓ Activated version: 7be11586dabf4689b639a49c364ce08b
  → Recovered missing Language ID for KLP via mapping: fd789a60bea24f4fa4704b52f277f638
Warning: Could not resolve action-card link 'action-card:long-acting-reversible-contraceptiveslarcs_1756990932634'. Candidates: ['res-action-card-india-long-acting-reversible-contraceptiveslarcs', 'res-action-card-long-acting-reversible-contraceptiveslarcs']
  Warning: Link 'action-card:long-acting-reversible-contraceptiveslarcs_1756990932634' not in mapping or could not be resolved, removing from question
Updated KLP 'klp-2-iucd-380-a' -> 2521f985af7549cfb96a1966e331893b
  ✓ Activated version: 459cb10d9f0947ad9b853d5d8a3b0df5
  → Recovered missing Language ID for KLP via mapping: fd789a60bea24f4fa4704b52f277f638
Warning: Could not resolve procedure link 'procedure:iudius-insertion_1676541229560'. Candidates: ['res-procedure-india-iudius-insertion', 'res-procedure-iudius-insertion']
  Warning: Link 'procedure:iudius-insertion_1676541229560' not in mapping or could not be resolved, removing from question
Updated KLP 'klp-2-what-should-you-recommend-the-woman-to-look-out-for-following-iud-ius-insertion' -> 1b20dab9446a4e79958f22fc87d0be9e
  ✓ Activated version: e837659e08c643909768cb425529f18f
  → Recovered missing Language ID for KLP via mapping: fd789a60bea24f4fa4704b52f277f638
Updated KLP 'klp-2-emergency-contraceptive-pill' -> ebb5ceb8bbbf4f45bdc9df2c967e66f5
  ✓ Activated version: 483cf653d2734d70a6d2c620df277d74
  → Recovered missing Language ID for KLP via mapping: fd789a60bea24f4fa4704b52f277f638
Updated KLP 'klp-2-mpa-return-to-fertility' -> 11b5c65e3a6843639f4e9f99e68e7c39
  ✓ Activated version: 9bf8df4eba53417dacff0d2ad4c8fa4c
  → Recovered missing Language ID for KLP via mapping: fd789a60bea24f4fa4704b52f277f638
Updated KLP 'klp-2-ppiucd-contraindication' -> 5bebcc6c70ed4848ba019d78cc1e49e4
  ✓ Activated version: 57d5a7804b8e4b6c9959ffc70203ae5a
  → Recovered missing Language ID for KLP via mapping: fd789a60bea24f4fa4704b52f277f638
Updated KLP 'klp-2-which-surgical-procedures-can-be-used-to-perform-tubal-ligation' -> 18601429426f4e7683f0ee60586ce149
  ✓ Activated version: 2c25e502a3d144fd99fab29db18a11f2
  → Recovered missing Language ID for KLP via mapping: fd789a60bea24f4fa4704b52f277f638
Updated KLP 'klp-2-asking-woman-to-choose-right-contraception-for-her' -> ea6e50cf409b4be2be466a9b072122d7
  ✓ Activated version: c4036806df844981bfb7760a5dcff8d5
  → Recovered missing Language ID for KLP via mapping: fd789a60bea24f4fa4704b52f277f638
Updated KLP 'klp-2-what-pain-relief-should-be-administered-before-inserting-a-contraceptive-implant' -> 3f6c434fd075471ba2cac6a8adc7d142
  ✓ Activated version: 9ef44a2baf3f40b58680b2715b47a770
  → Recovered missing Language ID for KLP via mapping: fd789a60bea24f4fa4704b52f277f638
Updated KLP 'klp-3-mec-categories' -> 2f1133b4474e469ca8d0531f357b92c6
  ✓ Activated version: e9179e472c584557916463d785e95881
  → Recovered missing Language ID for KLP via mapping: fd789a60bea24f4fa4704b52f277f638
Updated KLP 'klp-3-interval-iucd-insertion' -> db49410c249847048de1f39856d2e4aa
  ✓ Activated version: 1a9b60a326784df9b2d661d409cbec42
  → Recovered missing Language ID for KLP via mapping: fd789a60bea24f4fa4704b52f277f638
Warning: Could not resolve action-card link 'action-card:long-acting-reversible-contraceptiveslarcs_1756990932634'. Candidates: ['res-action-card-india-long-acting-reversible-contraceptiveslarcs', 'res-action-card-long-acting-reversible-contraceptiveslarcs']
  Warning: Link 'action-card:long-acting-reversible-contraceptiveslarcs_1756990932634' not in mapping or could not be resolved, removing from question
Updated KLP 'klp-3-contraceptive-method-which-lasts-longest' -> b5d0325ab572473d99207978d7138760
  ✓ Activated version: 913298c1746f49c597f9b8f9e1604fcf
  → Recovered missing Language ID for KLP via mapping: fd789a60bea24f4fa4704b52f277f638
Updated KLP 'klp-3-centchroman' -> a5ca39e5fbe64a9590f9d6fbb5b880fe
  ✓ Activated version: 2ff92d49532d47f59597cf4436d27c15
  → Recovered missing Language ID for KLP via mapping: fd789a60bea24f4fa4704b52f277f638
Updated KLP 'klp-3-how-iucd-work' -> 21d81d16c1aa48fdbb1a37abd87257ff
  ✓ Activated version: 0464ca6790f04a5da866b59d4d2d37a6
  → Recovered missing Language ID for KLP via mapping: fd789a60bea24f4fa4704b52f277f638
Updated KLP 'klp-3-from-the-moment-after-performing-vasectomy-no-contraception-is-needed-to-avoid-pregnancy-true-or-false' -> df69bac9ad494ed28f3e411ace3666ea
  ✓ Activated version: 06586ae9daf3419680dd82adb8f6f284
  → Recovered missing Language ID for KLP via mapping: fd789a60bea24f4fa4704b52f277f638
Warning: Could not resolve procedure link 'procedure:iudius-insertion_1676541229560'. Candidates: ['res-procedure-india-iudius-insertion', 'res-procedure-iudius-insertion']
  Warning: Link 'procedure:iudius-insertion_1676541229560' not in mapping or could not be resolved, removing from question
Updated KLP 'klp-3-put-these-steps-of-the-non-touch-technique-while-inserting-an-iud-in-the-correct-order' -> 4ea250b871b248d09d405b4f2ccb35ec
  ✓ Activated version: c8196a003df547cca1c321ac119dde9d
  → Recovered missing Language ID for KLP via mapping: fd789a60bea24f4fa4704b52f277f638
Warning: Could not resolve action-card link 'action-card:long-acting-reversible-contraceptiveslarcs_1756990932634'. Candidates: ['res-action-card-india-long-acting-reversible-contraceptiveslarcs', 'res-action-card-long-acting-reversible-contraceptiveslarcs']
  Warning: Link 'action-card:long-acting-reversible-contraceptiveslarcs_1756990932634' not in mapping or could not be resolved, removing from question
Updated KLP 'klp-3-implant-side-effect' -> 40512e143b8248f38df1a4032b332409
  ✓ Activated version: 069a1acb93254f96aee7dcc13c32e9d5
  → Recovered missing Language ID for KLP via mapping: fd789a60bea24f4fa4704b52f277f638
Updated KLP 'klp-3-condom-benefits' -> 3212d9fd96fc4bf79e4532c24221384f
  ✓ Activated version: b988c2699c8c48e0a380de78c353d73d
  → Recovered missing Language ID for KLP via mapping: fd789a60bea24f4fa4704b52f277f638
Updated KLP 'klp-3-emergency-contraception' -> 1b728889af3f44c6a06ecc53cfc62ac1
  ✓ Activated version: 5383c65f41f543e9a7db464e36ad9f26
  → Recovered missing Language ID for KLP via mapping: fd789a60bea24f4fa4704b52f277f638
Updated KLP 'klp-3-ppiucd-insertion' -> 58fc6264ecad4635a208b1879ac2081f
  ✓ Activated version: bb8ce8972643441b832c196f23059d03
  → Recovered missing Language ID for KLP via mapping: fd789a60bea24f4fa4704b52f277f638
Updated KLP 'klp-3-what-is-the-medical-eligibility-criteria-wheel-used-for' -> 8a2359b9fca740b5adc601a667e79d53
  ✓ Activated version: 4fcfbbe549024ed09dab34b0793d3dff
  → Recovered missing Language ID for KLP via mapping: fd789a60bea24f4fa4704b52f277f638
Updated KLP 'klp-1-how-many-antenatal-care-contacts-are-recommended-to-prevent-and-identify-complications' -> abb3b84b421c47ca93ca5efe5717cdeb
  ✓ Activated version: 43cf2fc082674154a5c511b2ac5237a9
  → Recovered missing Language ID for KLP via mapping: fd789a60bea24f4fa4704b52f277f638
Updated KLP 'klp-1-which-of-the-following-are-true-in-relation-to-the-womans-antenatal-record' -> c98ed7dbde264c9397adb47b3e91c6f2
  ✓ Activated version: cc5484bf5cd646d0986da5bb12f93424
  → Recovered missing Language ID for KLP via mapping: fd789a60bea24f4fa4704b52f277f638
Updated KLP 'klp-1-which-of-the-following-are-provided-as-a-part-of-respectful-maternity-care' -> 99923d11c57e4d399c61cf6d92c14b55
  ✓ Activated version: e2b386c534754fc890ae9760f5be2802
  → Recovered missing Language ID for KLP via mapping: fd789a60bea24f4fa4704b52f277f638
Updated KLP 'klp-1-what-should-you-do-during-the-first-contact-in-pregnancy' -> 381dd5d9580147faa6622238a7efece9
  ✓ Activated version: 75af150e3c6843ae8ac1fcf4ba8bc605
  → Recovered missing Language ID for KLP via mapping: fd789a60bea24f4fa4704b52f277f638
Updated KLP 'klp-1-choose-the-tests-that-should-be-carried-out-for-all-pregnant-womean-during-the-first-contact' -> 867743c64ef94a84ace3fdea18b404a3
  ✓ Activated version: e155cdeda9a74fc0a4bc7a48d69b31e6
  → Recovered missing Language ID for KLP via mapping: fd789a60bea24f4fa4704b52f277f638
Updated KLP 'klp-1-identify-the-statement-that-describes-a-normal-foetal-palpation-at-34-weeks' -> d7fb171ed18a4a99b0dd293324f34d0b
  ✓ Activated version: 2b7b97536f8a489e9645634743ebae9c
  → Recovered missing Language ID for KLP via mapping: fd789a60bea24f4fa4704b52f277f638
Updated KLP 'klp-2-which-of-the-following-statements-are-true-in-relation-to-calcium-supplementation-during-pregnancy' -> c74aa00cb2a847a883158e362b0c1ec8
  ✓ Activated version: 5a3d2527b4f4468ba291594b4218b872
  → Recovered missing Language ID for KLP via mapping: fd789a60bea24f4fa4704b52f277f638
Warning: Could not resolve video link 'video:/Antenatal Care/routine_antenatal_assessment_of_the_women'. Path segments: ['Antenatal Care', 'routine_antenatal_assessment_of_the_women'], tried prefix='res-video-antenatal-care-', suffix='-routine-antenatal-assessment-of-the-women'
  Warning: Link 'video:/Antenatal Care/routine_antenatal_assessment_of_the_women' not in mapping or could not be resolved, removing from question
Updated KLP 'klp-2-while-screening-a-pregnant-woman-for-pre-eclampsia-which-of-the-following-parameters-will-you-check' -> ca193152768245dba73b2ddd6f68767a
  ✓ Activated version: e4fccb2d6818489896ec1e4858affbd7
  → Recovered missing Language ID for KLP via mapping: fd789a60bea24f4fa4704b52f277f638
Warning: Could not resolve video link 'video:/Antenatal Care/routine_antenatal_assessment_of_the_women'. Path segments: ['Antenatal Care', 'routine_antenatal_assessment_of_the_women'], tried prefix='res-video-antenatal-care-', suffix='-routine-antenatal-assessment-of-the-women'
  Warning: Link 'video:/Antenatal Care/routine_antenatal_assessment_of_the_women' not in mapping or could not be resolved, removing from question
Updated KLP 'klp-2-a-woman-comes-for-the-anc-contact-with-shortness-of-breath-and-weakness-what-will-you-check-for' -> 7e6598960cbd499c92821062b232e61f
  ✓ Activated version: c549afbd127c4c9d8c4f8962a3ccd742
  → Recovered missing Language ID for KLP via mapping: fd789a60bea24f4fa4704b52f277f638
Updated KLP 'klp-2-name-the-drug-of-choice-for-tocolysis-in-threatened-preterm-labour' -> 7891cef0611f40b9a3b41e625837a345
  ✓ Activated version: 594aef5fb4004be2bafbd40ffa6c046d
  → Recovered missing Language ID for KLP via mapping: fd789a60bea24f4fa4704b52f277f638
Warning: Could not resolve video link 'video:/Antenatal Care/routine_antenatal_assessment_of_the_women'. Path segments: ['Antenatal Care', 'routine_antenatal_assessment_of_the_women'], tried prefix='res-video-antenatal-care-', suffix='-routine-antenatal-assessment-of-the-women'
  Warning: Link 'video:/Antenatal Care/routine_antenatal_assessment_of_the_women' not in mapping or could not be resolved, removing from question
Updated KLP 'klp-2-which-of-the-following-are-signs-of-pre-eclampsia' -> 8b3201237a9e4f799849659d578a8e13
  ✓ Activated version: 6f39b7c1e19f4b2c86fa0114a96f4760
  → Recovered missing Language ID for KLP via mapping: fd789a60bea24f4fa4704b52f277f638
Warning: Could not resolve video link 'video:/Antenatal Care/routine_antenatal_assessment_of_the_women'. Path segments: ['Antenatal Care', 'routine_antenatal_assessment_of_the_women'], tried prefix='res-video-antenatal-care-', suffix='-routine-antenatal-assessment-of-the-women'
  Warning: Link 'video:/Antenatal Care/routine_antenatal_assessment_of_the_women' not in mapping or could not be resolved, removing from question
Updated KLP 'klp-1-a-woman-with-urinary-tract-infection-usually-presents-with' -> 9b751bb344d04b5490bd268523987d30
  ✓ Activated version: f08302fb8a054d139966048161f6e67d
  → Recovered missing Language ID for KLP via mapping: fd789a60bea24f4fa4704b52f277f638
Warning: Could not resolve video link 'video:/Antenatal Care/routine_antenatal_assessment_of_the_women'. Path segments: ['Antenatal Care', 'routine_antenatal_assessment_of_the_women'], tried prefix='res-video-antenatal-care-', suffix='-routine-antenatal-assessment-of-the-women'
  Warning: Link 'video:/Antenatal Care/routine_antenatal_assessment_of_the_women' not in mapping or could not be resolved, removing from question
Updated KLP 'klp-2-which-of-the-following-symptoms-indicate-complications-during-pregnancy' -> f4391134da6e4887acf03cf2e173aa9f
  ✓ Activated version: 1b2aa23670e74b0b8f70e5e1fb845ad9
  → Recovered missing Language ID for KLP via mapping: fd789a60bea24f4fa4704b52f277f638
Updated KLP 'klp-3-what-is-true-about-the-foetal-heart-rate' -> 9e408b5f670a4200b71084380e41baa0
  ✓ Activated version: 0243e107060248639714a9c28b8f2a6d
  → Recovered missing Language ID for KLP via mapping: fd789a60bea24f4fa4704b52f277f638
Warning: Could not resolve video link 'video:/Antenatal Care/routine_antenatal_assessment_of_the_women'. Path segments: ['Antenatal Care', 'routine_antenatal_assessment_of_the_women'], tried prefix='res-video-antenatal-care-', suffix='-routine-antenatal-assessment-of-the-women'
  Warning: Link 'video:/Antenatal Care/routine_antenatal_assessment_of_the_women' not in mapping or could not be resolved, removing from question
Updated KLP 'klp-3-which-of-the-following-indicate-a-normal-pregnancy' -> ba366627634943bcb5b0548bc7cb3bec
  ✓ Activated version: 5479ff43a86e454aa21fef928d38c93b
  → Recovered missing Language ID for KLP via mapping: fd789a60bea24f4fa4704b52f277f638
Updated KLP 'klp-2-what-are-the-signs-that-indicate-that-the-woman-is-going-into-labour' -> fbc3026068e04fa695700a42a3ca7b32
  ✓ Activated version: aa66aea84c8d4d3396a1a5ea26d7352d
  → Recovered missing Language ID for KLP via mapping: fd789a60bea24f4fa4704b52f277f638
Updated KLP 'klp-3-how-will-you-manage-a-woman-who-has-a-haemoglobin-concentration-of-100g-l' -> 60c2ef3458af494e9a2372696deb1946
  ✓ Activated version: bf03c666b029429c9e87cb881157e4be
  → Recovered missing Language ID for KLP via mapping: fd789a60bea24f4fa4704b52f277f638
Updated KLP 'klp-3-which-of-the-following-statements-are-true-in-relation-to-gestational-diabetes-mellitus' -> d9f2a6e164524d13a88eb70a586fd804
  ✓ Activated version: 3018cdad2a5043e388265e4672b6c07a
  → Recovered missing Language ID for KLP via mapping: fd789a60bea24f4fa4704b52f277f638
Updated KLP 'klp-2-while-counselling-the-pregnant-woman-on-nutrition-and-lifestyle-modification-you-should-instruct-her-to' -> 2f0b96564b28462e91be2887587d5145
  ✓ Activated version: bda9d88de209436697a0bdb534a1a0da
  → Recovered missing Language ID for KLP via mapping: fd789a60bea24f4fa4704b52f277f638
Updated KLP 'klp-2-how-much-weight-should-a-woman-with-a-bmi-of-27-gain-during-pregnancy' -> 51810b0f21cc46e8bee652fda9113dab
  ✓ Activated version: d61b8bed88e8415da120b4c6a697b82a
  → Recovered missing Language ID for KLP via mapping: fd789a60bea24f4fa4704b52f277f638
Updated KLP 'klp-1-what-are-the-components-of-a-birth-and-emergency-plan' -> b8087252a1e94983999805c067067e6c
  ✓ Activated version: 605a8f1f3893459d9e191b0aa5f39f93
  → Recovered missing Language ID for KLP via mapping: fd789a60bea24f4fa4704b52f277f638
Updated KLP 'klp-2-when-a-pregnant-woman-complains-of-low-back-pain-and-pelvic-pain-what-should-you-recommend' -> e6bdfddb6e894b5eacc1cc6fc7ac6735
  ✓ Activated version: 2087f42b268d4b6cb9a94380ba9fc671
  → Recovered missing Language ID for KLP via mapping: fd789a60bea24f4fa4704b52f277f638
Updated KLP 'klp-1-if-a-pregnant-woman-complains-of-constipation-what-will-be-your-response' -> f4659333bd7b4b4dbabee5429a5f2d4f
  ✓ Activated version: 84ace14a65f84adc842583fce062f3c0
  → Recovered missing Language ID for KLP via mapping: fd789a60bea24f4fa4704b52f277f638
Updated KLP 'klp-2-how-can-you-help-a-pregnant-woman-who-is-having-leg-cramps' -> 86a642ef43144b8da933aa6727d2e097
  ✓ Activated version: 7411f65148cb40728648db37d9dd877e
  → Recovered missing Language ID for KLP via mapping: fd789a60bea24f4fa4704b52f277f638
Updated KLP 'klp-2-what-are-the-signs-that-indicate-that-a-woman-is-a-victim-of-gender-based-violence-or-intimate-partner-violence' -> 12ee2df8d2354a85bc340fbe3b89b40d
  ✓ Activated version: 983cacc73dfa4bd1ac2171573d2832c1
  → Recovered missing Language ID for KLP via mapping: fd789a60bea24f4fa4704b52f277f638
Updated KLP 'klp-3-what-are-the-drugs-that-can-be-given-to-a-woman-with-suspected-preterm-labour-for-foetal-lung-maturity' -> 250ac0044d4040c7b6df687de3ecd756
  ✓ Activated version: a0edcb86c0884221a11fea4eede08dff
  → Recovered missing Language ID for KLP via mapping: fd789a60bea24f4fa4704b52f277f638
Updated KLP 'klp-3-if-a-pregnant-woman-complains-of-pain-swelling-and-tenderness-in-one-calf-muscle-what-will-you-suspect' -> 89c393cd40434423b0f473c66e42e695
  ✓ Activated version: 7afd8af06b104a69934d9525823bddb4
  → Recovered missing Language ID for KLP via mapping: fd789a60bea24f4fa4704b52f277f638
Updated KLP 'klp-1-before-performing-an-abdominal-examination-you-have-to' -> 3835349c4f6b4dabaa0d596939f9ea8b
  ✓ Activated version: ab53f537f5254b3dab904c229fd6e596
  → Recovered missing Language ID for KLP via mapping: fd789a60bea24f4fa4704b52f277f638
Updated KLP 'klp-3-which-of-the-following-foetal-heart-readings-indicate-foetal-asphyxia' -> 96c44911a2ce416095e219d918f22ab5
  ✓ Activated version: 280dc5c43fcc4f9cafa328a9042fac6a
  → Recovered missing Language ID for KLP via mapping: fd789a60bea24f4fa4704b52f277f638
Updated KLP 'klp-1-what-is-the-drug-of-choice-for-the-intermittent-preventive-treatment-of-malaria-in-endemic-areas' -> d3ab5845553e4fc88582461ca8e71044
  ✓ Activated version: 42d01e95b8e043ad863ab1320a8706b4
  → Recovered missing Language ID for KLP via mapping: fd789a60bea24f4fa4704b52f277f638
Updated KLP 'klp-3-how-can-you-identify-multiple-pregnancy-by-abdominal-examination' -> 38a645b11ffc4b51af8bd14afbff5cdc
  ✓ Activated version: e9899cc175f24eecb5533c896713459a
  → Recovered missing Language ID for KLP via mapping: fd789a60bea24f4fa4704b52f277f638
Updated KLP 'klp-3-identify-the-statements-that-are-true-in-relation-to-preventive-anthelmintic-treatment-during-pregnancy' -> 253c838dcb5b4184834432bdd09cd32d
  ✓ Activated version: 367f0dc67998454391b11310a2d5c53a
  → Recovered missing Language ID for KLP via mapping: fd789a60bea24f4fa4704b52f277f638
Updated KLP 'klp-3-a-pregnant-woman-comes-for-her-first-anc-contact-she-has-not-been-immunized-with-tetanus-toxoid-before-how-many-doses-should-be-given-during-pregnancy-and-at-what-interval' -> c2f505269f6244c5b9961ca8ac73d2dd
  ✓ Activated version: 8113d647c60e44038c126e76f5a362dc
  → Recovered missing Language ID for KLP via mapping: fd789a60bea24f4fa4704b52f277f638
Updated KLP 'klp-1-what-is-the-dose-of-iron-and-folic-acid-supplement-recommended-during-the-antenatal-period' -> b481fc9c819e46ce9522848b0e2c03a2
  ✓ Activated version: 4164e4f29f0c4e3bb1b5cd94b9bfa806
  → Recovered missing Language ID for KLP via mapping: fd789a60bea24f4fa4704b52f277f638
Updated KLP 'klp-3-what-are-the-complications-that-can-be-prevented-by-taking-iron-and-folic-acid-tablets' -> 2b56e0a335ba477988944e92e99542e1
  ✓ Activated version: 8951489ab73249e880d2bf7e2e908740
  → Recovered missing Language ID for KLP via mapping: fd789a60bea24f4fa4704b52f277f638
Updated KLP 'klp-3-what-is-the-risk-that-may-occur-if-the-foetus-is-cephalic-and-the-head-is-not-engaged' -> 8ff6eeafaf0f4cb096d83788497e1ca3
  ✓ Activated version: 642f13f83d0b42c6a61d4bf70ee691fa
  → Recovered missing Language ID for KLP via mapping: fd789a60bea24f4fa4704b52f277f638
Updated KLP 'klp-1-how-many-postnatal-care-visits-are-recommended' -> 54e85d14e9214789995a7ea14c3d01b7
  ✓ Activated version: f4d7cfc23b074cf9bc4dafe849be2307
  → Recovered missing Language ID for KLP via mapping: fd789a60bea24f4fa4704b52f277f638
Updated KLP 'klp-1-when-is-the-woman-in-the-postnatal-period' -> 0e020ee455234169b0dc19ea4ec689a8
  ✓ Activated version: af80088b9b4f4c34bd2d4a2cad84dfb3
  → Recovered missing Language ID for KLP via mapping: fd789a60bea24f4fa4704b52f277f638
Updated KLP 'klp-1-which-statements-are-true-regarding-partner-involvement-in-postnatal-care' -> 912b6cddb8fc4cb1b99060689a17193a
  ✓ Activated version: 8206a63d825a4ecba638d8c9983c7383
  → Recovered missing Language ID for KLP via mapping: fd789a60bea24f4fa4704b52f277f638
Updated KLP 'klp-1-what-does-the-regular-assessments-of-the-mother-include-during-the-first-24-hours-after-birth' -> 102bfdd98efa40c88d2bbbaa5336b9a0
  ✓ Activated version: 540144351e1d453aa180fdd8a250db05
  → Recovered missing Language ID for KLP via mapping: fd789a60bea24f4fa4704b52f277f638
Updated KLP 'klp-2-pnc-bleeding-after-birth' -> a9286a0f045a4b299c5114f80a7d0eb5
  ✓ Activated version: 7887c75e099543eb9ce83b3c4d792af2
  → Recovered missing Language ID for KLP via mapping: fd789a60bea24f4fa4704b52f277f638
Updated KLP 'klp-1-what-is-part-of-the-initial-postnatal-care-counselling' -> acbb4a57c4e54844a178e985a383f64c
  ✓ Activated version: f5f503827db94a01bc8cc0f23dbfa6a6
  → Recovered missing Language ID for KLP via mapping: fd789a60bea24f4fa4704b52f277f638
Updated KLP 'klp-3-for-how-long-should-the-postnatal-woman-be-recommended-to-take-iron-in-anaemia-risk-settings' -> b23dcb766b824f4784c7527adfc55328
  ✓ Activated version: b447c6a40aa54292bd7062f01df79d98
  → Recovered missing Language ID for KLP via mapping: fd789a60bea24f4fa4704b52f277f638
Updated KLP 'klp-2-what-kind-of-pain-relief-can-you-offer-the-woman-postpartum-for-perineal-pain' -> 14778bc61d324178a665c2b083e633af
  ✓ Activated version: 42c778152cb3430993e127f33d39ac3d
  → Recovered missing Language ID for KLP via mapping: fd789a60bea24f4fa4704b52f277f638
Updated KLP 'klp-2-what-are-the-signs-of-postpartum-uterine-infection' -> ef28815002ea4b96a5625ac1e2387b9f
  ✓ Activated version: ebe38d97288a43f8a07801b4cb8f1189
  → Recovered missing Language ID for KLP via mapping: fd789a60bea24f4fa4704b52f277f638
Updated KLP 'klp-2-what-are-the-signs-of-thromboembolism' -> a060acad1a95442093a1b0972726668c
  ✓ Activated version: bd1bb8575f9243a6b10ea9e6e025c90f
  → Recovered missing Language ID for KLP via mapping: fd789a60bea24f4fa4704b52f277f638
Updated KLP 'klp-2-dizziness-nausea-and-headache-three-days-postpartum' -> 49914be1791c4dc79b5a53fc676beb53
  ✓ Activated version: f8f8164d61274976b85f9e744c77bae0
  → Recovered missing Language ID for KLP via mapping: fd789a60bea24f4fa4704b52f277f638
Updated KLP 'klp-3-what-statements-are-correct-regarding-disease-prevention-after-birth' -> ad0ead05a9864749bdc8898839380649
  ✓ Activated version: b8a4b94fc0cc4082ada47c339eae8b1b
  → Recovered missing Language ID for KLP via mapping: fd789a60bea24f4fa4704b52f277f638
Updated KLP 'klp-1-upon-discharge-when-should-you-tell-the-mother-to-react-and-contact-you' -> 2c5110960e6e453a9d7478d14d1c5cb7
  ✓ Activated version: 6d8c4c830388461db43b9070646370d0
  → Recovered missing Language ID for KLP via mapping: fd789a60bea24f4fa4704b52f277f638
Updated KLP 'klp-1-newborn-feeding' -> 3ace163c4e254b77b8723b9016ea3775
  ✓ Activated version: 23558476a60944f59401616fd37c3469
  → Recovered missing Language ID for KLP via mapping: fd789a60bea24f4fa4704b52f277f638
Updated KLP 'klp-2-which-of-the-following-statements-on-breastfeeding-are-true' -> 2dae6aa26b79459a8f64f19456184678
  ✓ Activated version: ca9efc7da6c547249c242d5af3ff4d50
  → Recovered missing Language ID for KLP via mapping: fd789a60bea24f4fa4704b52f277f638
Updated KLP 'klp-3-how-much-weight-should-the-newborn-gain-during-the-first-2-4-weeks' -> 0d3265ce71224cdc87954092c6f4da77
  ✓ Activated version: 67c184ade73347548154515416ae75fa
  → Recovered missing Language ID for KLP via mapping: fd789a60bea24f4fa4704b52f277f638
Updated KLP 'klp-3-mother-and-newborn-discharge-criteria' -> 18e8aaa0938e4faf8b6c40d9db80d0ed
  ✓ Activated version: 9a9b33aaba574cb3bbb1275a963a1408
  → Recovered missing Language ID for KLP via mapping: fd789a60bea24f4fa4704b52f277f638
Updated KLP 'klp-2-newborn-cord-care' -> e50b12b430c74ac0a9e093bc1b7574fb
  ✓ Activated version: 508ac7a8a63047baaa4c38709de765e4
  → Recovered missing Language ID for KLP via mapping: fd789a60bea24f4fa4704b52f277f638
Updated KLP 'klp-2-bring-newborn-to-healthcare-facility-immediately' -> 075e8db91a3c4c52ae56ac6c71e896b3
  ✓ Activated version: fc4c2b2c0b054650b3d2d3ba2ff3f594
  → Recovered missing Language ID for KLP via mapping: fd789a60bea24f4fa4704b52f277f638
Updated KLP 'klp-1-what-is-the-normal-body-temperature-for-a-newborn' -> 194329a43b9d4ede802178b417a41908
  ✓ Activated version: 65008b68e0e940a7a464ff8a3557890b
  → Recovered missing Language ID for KLP via mapping: fd789a60bea24f4fa4704b52f277f638
Updated KLP 'klp-3-if-a-woman-experience-breast-engorgement-what-should-you-advise-her-to-do-to-prevent-mastitis' -> 18b0cb039d8146d3a2077ea62b8b0519
  ✓ Activated version: 7173524dace14d8bb8028a52e06e17b7
  → Recovered missing Language ID for KLP via mapping: fd789a60bea24f4fa4704b52f277f638
Updated KLP 'klp-3-newborns-first-bath' -> 913e15a3a8864865b9179a507d8152bf
  ✓ Activated version: 6d34f675c8ab45799287352c0c8bfb08
  → Recovered missing Language ID for KLP via mapping: fd789a60bea24f4fa4704b52f277f638
Updated KLP 'klp-3-danger-signs-newborn' -> bdaecfdd7b244554a42da9956d3ab3b9
  ✓ Activated version: 590a63d5b6c14fbf80ded3f2d4774285
  → Recovered missing Language ID for KLP via mapping: fd789a60bea24f4fa4704b52f277f638
Updated KLP 'klp-1-what-indicates-postnatal-perineal-trauma-infection' -> 62ab857670b449fdbbbd9f23ce9b3e63
  ✓ Activated version: a672c2e9b611403aabad6cbe4b1c7276
  → Recovered missing Language ID for KLP via mapping: fd789a60bea24f4fa4704b52f277f638
Updated KLP 'klp-2-what-is-true-about-postpartum-blues' -> 5b2cdc35391b4c70b19c33a41e456c58
  ✓ Activated version: ad226d2f2124486b8ca2f89f0b43546b
  → Recovered missing Language ID for KLP via mapping: fd789a60bea24f4fa4704b52f277f638
Updated KLP 'klp-3-postpartum-supplementation' -> aad703b6925b4c7ba5bd1431230d59ae
  ✓ Activated version: 58a2d3aee2274e949ff052e24be72a7d
  → Recovered missing Language ID for KLP via mapping: fd789a60bea24f4fa4704b52f277f638
Updated KLP 'klp-2-what-is-important-to-ask-and-know-when-counselling-the-woman-on-postpartum-contraceptives' -> dfc8ed7692ff45d6a1a8935e791bbe73
  ✓ Activated version: 419989fde718426eac9bfcb2e9197b2d
  → Recovered missing Language ID for KLP via mapping: fd789a60bea24f4fa4704b52f277f638
Updated KLP 'klp-3-contraceptive-methods-and-breastfeeding' -> 038182517923449fb4ac04803b33e0fe
  ✓ Activated version: e0975184618e48049596d1b20a98a5b8
  → Recovered missing Language ID for KLP via mapping: fd789a60bea24f4fa4704b52f277f638
Updated KLP 'klp-3-what-are-the-signs-of-an-effective-attachment-when-breastfeeding' -> e88ea31428d84250ae981e4c0cfa0ce4
  ✓ Activated version: 5e42d997674a47e5aaa971d9aab8d2db
  → Recovered missing Language ID for KLP via mapping: fd789a60bea24f4fa4704b52f277f638
Updated KLP 'klp-2-administration-of-vitamin-k1' -> 0dd1480aed964958a5e67126ca8fa208
  ✓ Activated version: 5588bc8e556b476db377ed930a9d9923
  → Recovered missing Language ID for KLP via mapping: fd789a60bea24f4fa4704b52f277f638
Updated KLP 'klp-3-what-is-true-about-hiv-infection-and-breastfeeding' -> 9f6bb4c1ea9f48bb9e1e0c5564e71f46
  ✓ Activated version: 2dc222f484be4ac8b0c7e56845bc2b51
  → Recovered missing Language ID for KLP via mapping: fd789a60bea24f4fa4704b52f277f638
Updated KLP 'klp-1-what-should-you-advice-and-support-the-woman-to-do-within-the-first-24-hours-after-birth' -> 0f9634e4202047faa58188687fb13226
  ✓ Activated version: cd790bc12e0e47b490ac05694304e4e2
  → Recovered missing Language ID for KLP via mapping: fd789a60bea24f4fa4704b52f277f638
Updated KLP 'klp-1-what-questions-will-you-ask-a-postpartum-woman-during-the-routine-pnc-assessment' -> 76982bcd49d1413c8d71bef01e6d69a6
  ✓ Activated version: 69b970ecb88a4a6c808e6c278e762c5f
  → Recovered missing Language ID for KLP via mapping: fd789a60bea24f4fa4704b52f277f638
Updated KLP 'klp-3-postnatal-visits-lbw-newborn' -> 5461958c1694468091db5f8ce5d603cd
  ✓ Activated version: 863a11424da84d4995f513b66c9c8ced
  → Recovered missing Language ID for KLP via mapping: fd789a60bea24f4fa4704b52f277f638
Updated KLP 'klp-2-when-should-the-mother-alert-you-regarding-the-newborn-within-the-first-24-hours-of-birth' -> 3f28447fa2c743068c4fab66742c65e3
  ✓ Activated version: 23fb5d3b88ab43cba5c72391155ee15c
  → Recovered missing Language ID for KLP via mapping: fd789a60bea24f4fa4704b52f277f638
Updated KLP 'klp-1-newborn-vomiting' -> f01a8e1288e841258cc6555b05ded178
  ✓ Activated version: 7e25954f9fa84c3ea2d058a23792d810
  → Recovered missing Language ID for KLP via mapping: fd789a60bea24f4fa4704b52f277f638
Updated KLP 'klp-1-gdm-is-an-excess-glucose-level-in-the-blood-with-onset-or-first-recognition-during-pregnancy-true-or-false' -> 2b1e4cacc6bb464b905cce5ee6c9639a
  ✓ Activated version: f5825fdb7a2c42cc886787631c5f23ee
  → Recovered missing Language ID for KLP via mapping: fd789a60bea24f4fa4704b52f277f638
Updated KLP 'klp-2-when-can-we-say-that-the-woman-has-gdm' -> c2a966f9360742afb7d813914bb1b2a1
  ✓ Activated version: b752c5f2bc314338affb209291682c0e
  → Recovered missing Language ID for KLP via mapping: fd789a60bea24f4fa4704b52f277f638
Updated KLP 'klp-1-which-of-the-following-are-the-possible-maternal-complications-of-gdm' -> 9da472a320ad4814aa9e517d8387a2f5
  ✓ Activated version: 34f340527d22439780a1e45debc954b8
  → Recovered missing Language ID for KLP via mapping: fd789a60bea24f4fa4704b52f277f638
Updated KLP 'klp-2-which-of-the-following-is-a-possible-foetal-risk-of-gdm' -> 35901dac5f3c4492a2f6227a4f40fe79
  ✓ Activated version: 4025cd7f60024a25bfa1e5021a8dcb13
  → Recovered missing Language ID for KLP via mapping: fd789a60bea24f4fa4704b52f277f638
Updated KLP 'klp-3-which-of-the-following-statements-are-true-regarding-gestational-diabetes-mellitus' -> bd2a6a3295ad4ba7b5bbd9717e95b47b
  ✓ Activated version: 3fb9fcddec12421589beb151f5420944
  → Recovered missing Language ID for KLP via mapping: fd789a60bea24f4fa4704b52f277f638
Updated KLP 'klp-1-which-of-the-following-are-risk-factors-of-gdm' -> a905e2ec7904430a8784d79e9914428d
  ✓ Activated version: 2f1f788de5cd4b0795f1dd857df77257
  → Recovered missing Language ID for KLP via mapping: fd789a60bea24f4fa4704b52f277f638
Updated KLP 'klp-2-a-woman-with-a-family-history-of-diabetes-has-an-increased-risk-of-developing-gdm-during-her-pregnancy-true-or-false' -> 08e4b2bebc394e0786b93e206333a188
  ✓ Activated version: 960febb641db4bd59a1bc7b2f8e98a43
  → Recovered missing Language ID for KLP via mapping: fd789a60bea24f4fa4704b52f277f638
Updated KLP 'klp-1-what-is-the-recommended-test-for-diagnosis-of-gdm' -> 79e373b73a7545e498f8f20a3b0fb839
  ✓ Activated version: 5fc929ade0084e04a537beafd4273676
  → Recovered missing Language ID for KLP via mapping: fd789a60bea24f4fa4704b52f277f638
Updated KLP 'klp-1-when-should-the-first-testing-for-diagnosis-of-gdm-be-done' -> 8d7c6aeda62f4a29a709a7ab8e7f77e0
  ✓ Activated version: 885ff99f97f24ba6ab501f1620d5d68f
  → Recovered missing Language ID for KLP via mapping: fd789a60bea24f4fa4704b52f277f638
Updated KLP 'klp-2-when-should-the-second-test-for-diagnosis-of-gdm-be-done' -> 6f505670540e424d9644935c705a7eae
  ✓ Activated version: b67f57a4f7e441ebba96eb911ac4fe97
  → Recovered missing Language ID for KLP via mapping: fd789a60bea24f4fa4704b52f277f638
Updated KLP 'klp-3-which-of-the-following-is-true-regarding-screening-for-gdm' -> 3466ea5e76884d70a4177cda0bf07193
  ✓ Activated version: 28e85ebe0be2447b8b2c1cb27ad9cb8e
  → Recovered missing Language ID for KLP via mapping: fd789a60bea24f4fa4704b52f277f638
Updated KLP 'klp-2-what-is-the-2-hour-blood-sugar-cut-off-value-for-the-diagnosis-of-gdm-using-the-ogtt' -> 3b9a4c7e833347788dcd0fd56ffc2adc
  ✓ Activated version: c9673cff0bc249ebad68bd682f661de6
  → Recovered missing Language ID for KLP via mapping: fd789a60bea24f4fa4704b52f277f638
Updated KLP 'klp-2-which-of-the-following-statements-are-correct-in-relation-to-ogtt' -> c551bb9ab1804e0286552fa04b581bda
  ✓ Activated version: 10badf0ec5fe4570b3852a261dad2a62
  → Recovered missing Language ID for KLP via mapping: fd789a60bea24f4fa4704b52f277f638
Updated KLP 'klp-1-what-is-the-initial-management-of-a-woman-with-gdm' -> bbadd53b14bb401ba4f139d3cca209f9
  ✓ Activated version: c13d5c366e5741a38e910e3fefbc17cf
  → Recovered missing Language ID for KLP via mapping: fd789a60bea24f4fa4704b52f277f638
Updated KLP 'klp-3-after-2-weeks-of-mnt-and-physical-exercise-the-2-hr-ppbs-of-a-gdm-woman-is-115-mg-dl-what-will-be-your-recommendations-for-her' -> ad46590ff78d44558a662f6ff0007903
  ✓ Activated version: bdb5e5680c7849beb024621ea2ad7fee
  → Recovered missing Language ID for KLP via mapping: fd789a60bea24f4fa4704b52f277f638
Updated KLP 'klp-3-a-pregnant-woman-weighs-69-kg-and-her-height-is-157-cm-under-which-category-does-she-fall-based-on-her-body-mass-index-bmi' -> feb9580be662483c9ff701331cdafe43
  ✓ Activated version: 5e63cb678fe9495fa847dba2241ad4bb
  → Recovered missing Language ID for KLP via mapping: fd789a60bea24f4fa4704b52f277f638
Updated KLP 'klp-1-what-advice-should-be-given-to-the-woman-when-starting-her-on-medical-nutrition-therapy-select-all-that-is-appropriate' -> 9d6901be05fa4127b943383f9fa9a612
  ✓ Activated version: 114f045711c3489a855a3fc016c83fb4
  → Recovered missing Language ID for KLP via mapping: fd789a60bea24f4fa4704b52f277f638
Updated KLP 'klp-2-for-a-pregnant-woman-how-many-additional-calories-are-required-during-the-second-and-third-trimester' -> 6ea2378fd4924ab2a91398a34a8ce7f0
  ✓ Activated version: 89cb17d28e9047c2922cb6a703615311
  → Recovered missing Language ID for KLP via mapping: fd789a60bea24f4fa4704b52f277f638
Updated KLP 'klp-1-which-is-the-first-drug-of-choice-for-the-management-of-gdm' -> 2e61d7d42c1a4b88b3907ee697cab78a
  ✓ Activated version: c6288f2b8a5c4165a7c6b4fb738fb00a
  → Recovered missing Language ID for KLP via mapping: fd789a60bea24f4fa4704b52f277f638
Updated KLP 'klp-2-which-of-the-following-statements-are-true-in-relation-to-insulin-administration' -> daf8d31ea74345a391e2c53cf2a1a415
  ✓ Activated version: 93b2248327b74e23a40d5e035807fb5f
  → Recovered missing Language ID for KLP via mapping: fd789a60bea24f4fa4704b52f277f638
Updated KLP 'klp-1-through-which-route-should-insulin-be-administered-daily-for-a-woman-with-gdm' -> a31719e104694fa592555b568e6cdd53
  ✓ Activated version: 6024c8eaad634781a19474a781b5aff6
  → Recovered missing Language ID for KLP via mapping: fd789a60bea24f4fa4704b52f277f638
Updated KLP 'klp-3-which-of-the-following-statements-are-true-regarding-metformin-use-for-control-of-blood-sugar' -> 201b30fb0e2d4fc39d373d3186d0d056
  ✓ Activated version: 1624514dcb134783898faa9a0a5086ca
  → Recovered missing Language ID for KLP via mapping: fd789a60bea24f4fa4704b52f277f638
Updated KLP 'klp-2-monitor-fasting-2-hour-post-prandial-blood-sugar-bi-weekly-if-the-woman-is-on-metformin-true-or-false' -> daa2ea23b40f45c1b749533b70654c2c
  ✓ Activated version: 5c7d556e7575405fbaf3a13af8341f7f
  → Recovered missing Language ID for KLP via mapping: fd789a60bea24f4fa4704b52f277f638
Updated KLP 'klp-2-which-of-the-following-statements-are-correct-regarding-antenatal-care-of-pregnant-woman-with-gdm' -> ccec7dc3b4e849f48cda2681f3e92fe4
  ✓ Activated version: fd36cbeef9664c1c9e6fd8d5236fab75
  → Recovered missing Language ID for KLP via mapping: fd789a60bea24f4fa4704b52f277f638
Updated KLP 'klp-2-which-of-the-following-injection-sites-can-be-used-for-self-administration-of-insulin-injection-select-all-that-apply' -> 2c15d6555a504b588d44aa17c7845166
  ✓ Activated version: 47a958e441fa478487ab7cd16efd78a0
  → Recovered missing Language ID for KLP via mapping: fd789a60bea24f4fa4704b52f277f638
Updated KLP 'klp-3-which-of-the-following-are-an-indication-for-referral-of-the-woman-with-gdm-to-a-higher-centre' -> 1fe0bcfd828443a3b90f0da9e36c50a9
  ✓ Activated version: 60d4cfa036f94aee91786119919f346b
  → Recovered missing Language ID for KLP via mapping: fd789a60bea24f4fa4704b52f277f638
Updated KLP 'klp-3-which-of-the-following-are-the-symptoms-of-hypoglycemia-in-a-woman-with-gdm' -> e649e707669649d7bf1ea66c6efc8443
  ✓ Activated version: e6e3b0f356d24a3cb04096c186df185b
  → Recovered missing Language ID for KLP via mapping: fd789a60bea24f4fa4704b52f277f638
Updated KLP 'klp-1-what-steps-should-be-taken-to-manage-hypoglycemia-in-a-gdm-woman' -> b6fd3e89783346d0b6f4fa6277a83360
  ✓ Activated version: e165eeb20557454c894ef770496bb853
  → Recovered missing Language ID for KLP via mapping: fd789a60bea24f4fa4704b52f277f638
Updated KLP 'klp-3-when-will-you-diagnose-hypoglycemia-in-a-newborn-based-on-the-capillary-blood-glucose-level' -> 54874155f5fc4f14b62c0f5cf8fe8231
  ✓ Activated version: 866ee701dda74e389ead4df15965f6b8
  → Recovered missing Language ID for KLP via mapping: fd789a60bea24f4fa4704b52f277f638
Updated KLP 'klp-3-which-of-the-following-steps-should-be-taken-to-manage-hypoglycemia-in-a-newborn' -> 604ea52179c74f6d98def6a05b5dfeb7
  ✓ Activated version: 077c42e0f0704477bcb413dd58f55d00
  → Recovered missing Language ID for KLP via mapping: fd789a60bea24f4fa4704b52f277f638
Updated KLP 'klp-2-which-of-the-following-statements-are-false-regarding-care-of-a-newborn-of-a-woman-with-gdm' -> 289b1713b9a64fa1956cbdd031b4acab
  ✓ Activated version: c0509a6866a141719b08a46e95c27a87
  → Recovered missing Language ID for KLP via mapping: fd789a60bea24f4fa4704b52f277f638
Updated KLP 'klp-3-which-of-the-following-are-signs-of-hypoglycemia-in-a-newborn-select-all-that-apply' -> ae64c64187cc40cabf6c06f040013881
  ✓ Activated version: a1bab5f97cc949f68d9fb59278ba9cf7
  → Recovered missing Language ID for KLP via mapping: fd789a60bea24f4fa4704b52f277f638
Updated KLP 'klp-3-which-of-the-following-are-appropriate-in-relation-to-management-of-labour-and-delivery-of-a-woman-with-gdm' -> 583b0899f8db44979f45e534cda884fd
  ✓ Activated version: 19cee820fed949578bc114625782e47e
  → Recovered missing Language ID for KLP via mapping: fd789a60bea24f4fa4704b52f277f638
Updated KLP 'klp-1-in-a-woman-with-gdm-maternal-blood-glucose-levels-usually-return-to-normal-after-delivery' -> b679bb56a8d74c8ba0635bbb3fb7d814
  ✓ Activated version: 7d44e172a0444d1cb2ce4cc4dc3108cc
  → Recovered missing Language ID for KLP via mapping: fd789a60bea24f4fa4704b52f277f638
Updated KLP 'klp-1-which-of-the-following-test-is-recommended-for-after-delivery-of-a-woman-with-gdm-to-evaluate-her-glycaemic-status' -> e60cbf597b3c46359245fd4b37ad9fcc
  ✓ Activated version: 6a6feffb105646c2a560b03e3f670902
  → Recovered missing Language ID for KLP via mapping: fd789a60bea24f4fa4704b52f277f638
Updated KLP 'klp-3-if-a-woman-with-a-history-of-gdm-is-planning-her-next-pregnancy-what-should-be-her-desired-blood-sugar-level' -> a02566a6f3434f9bb7ac4fb9c1890515
  ✓ Activated version: 9193cc40d19047b48d934b84b3299376
  → Recovered missing Language ID for KLP via mapping: fd789a60bea24f4fa4704b52f277f638
Updated KLP 'klp-2-post-exposure-prophylaxis' -> 2c74bd82f99b4ab9bca86ae9a73139c1
  ✓ Activated version: 39788f396e3a425aa352e4d8f5632455
  → Recovered missing Language ID for KLP via mapping: fd789a60bea24f4fa4704b52f277f638
Updated KLP 'klp-3-antibiotic-prophylaxis' -> 0b18d075092741a5b9f8d9ab7b61ae70
  ✓ Activated version: c1f6edaf8bf94e3bb7d70c9ba8d4107c
  → Recovered missing Language ID for KLP via mapping: fd789a60bea24f4fa4704b52f277f638
Updated KLP 'klp-2-infection-and-germs' -> 6a14faa9f3b24c0f8e2b44efda8be5fc
  ✓ Activated version: 500e7328f606416dbb4258e7da3b7e5c
  → Recovered missing Language ID for KLP via mapping: fd789a60bea24f4fa4704b52f277f638
Updated KLP 'klp-2-healthcare-professionals-hands' -> 4c6608ba35134058af79187b1b1bcbc4
  ✓ Activated version: 6ee8c45900744c759be89df86010e303
  → Recovered missing Language ID for KLP via mapping: fd789a60bea24f4fa4704b52f277f638
Updated KLP 'klp-1-prevent-infections' -> b6b9ace3e9194cbd9839b59f658c6afa
  ✓ Activated version: 46982d5ffb0047f5bca098c23d670c14
  → Recovered missing Language ID for KLP via mapping: fd789a60bea24f4fa4704b52f277f638
Updated KLP 'klp-1-hand-hygiene-wash-and-alcohol' -> 4387f25fe7614a43998898667a2f57e1
  ✓ Activated version: c3dd2e93c587439bb65f8c004771b26d
  → Recovered missing Language ID for KLP via mapping: fd789a60bea24f4fa4704b52f277f638
Updated KLP 'klp-2-handrub' -> 7da2ba702cd442c9944b44bc7ec4ef62
  ✓ Activated version: 45dccc166c884b5d82cc33e9b38ebdbf
  → Recovered missing Language ID for KLP via mapping: fd789a60bea24f4fa4704b52f277f638
Warning: Could not resolve video link 'video:/Infection prevention/injection_safety_WHO'. Path segments: ['Infection prevention', 'injection_safety_WHO'], tried prefix='res-video-infection-prevention-', suffix='-injection-safety-who'
  Warning: Link 'video:/Infection prevention/injection_safety_WHO' not in mapping or could not be resolved, removing from question
Updated KLP 'klp-3-injection-safety' -> e06f936bfcd04272b9f0233af175e34a
  ✓ Activated version: 4887ff4a7f624c069de09eb1cc3da417
  → Recovered missing Language ID for KLP via mapping: fd789a60bea24f4fa4704b52f277f638
Updated KLP 'klp-2-five-steps-to-infection-prevention' -> 5daabc44928a4fde8747da49ccb38c27
  ✓ Activated version: 856df601d1b643c4a5fe537ebbc9976d
  → Recovered missing Language ID for KLP via mapping: fd789a60bea24f4fa4704b52f277f638
Updated KLP 'klp-2-no-jewellery-on-hands' -> fdbf995ddf8e4620912695938bbe9b8d
  ✓ Activated version: c93d6a0812e94d8ab11cea43aba7e010
  → Recovered missing Language ID for KLP via mapping: fd789a60bea24f4fa4704b52f277f638
Warning: Could not resolve video link 'video:/Infection prevention/procedure_for_handwash'. Path segments: ['Infection prevention', 'procedure_for_handwash'], tried prefix='res-video-infection-prevention-', suffix='-procedure-for-handwash'
  Warning: Link 'video:/Infection prevention/procedure_for_handwash' not in mapping or could not be resolved, removing from question
Updated KLP 'klp-3-procedure-for-handwashing' -> a34921039a3b497a989e65e1d91aab6c
  ✓ Activated version: 7ded0c5359664cdda84740556d92776d
  → Recovered missing Language ID for KLP via mapping: fd789a60bea24f4fa4704b52f277f638
Updated KLP 'klp-3-best-soap-for-handwashing' -> eb70b504be024c5db1edc35adaf021e2
  ✓ Activated version: 92eda5e841404fceb8f137eaa7ff2024
  → Recovered missing Language ID for KLP via mapping: fd789a60bea24f4fa4704b52f277f638
Warning: Could not resolve video link 'video:/Infection prevention/procedure_for_handwash'. Path segments: ['Infection prevention', 'procedure_for_handwash'], tried prefix='res-video-infection-prevention-', suffix='-procedure-for-handwash'
  Warning: Link 'video:/Infection prevention/procedure_for_handwash' not in mapping or could not be resolved, removing from question
Updated KLP 'klp-1-soap-wet-container' -> c1ea16c3f778422b9373262ce3186b38
  ✓ Activated version: dd1dc510b3e643a8ba0ce95fe19088b1
  → Recovered missing Language ID for KLP via mapping: fd789a60bea24f4fa4704b52f277f638
Warning: Could not resolve video link 'video:/Infection prevention/procedure_for_handwash'. Path segments: ['Infection prevention', 'procedure_for_handwash'], tried prefix='res-video-infection-prevention-', suffix='-procedure-for-handwash'
  Warning: Link 'video:/Infection prevention/procedure_for_handwash' not in mapping or could not be resolved, removing from question
Warning: Could not resolve video link 'video:/Infection prevention/procedure_for_handwash'. Path segments: ['Infection prevention', 'procedure_for_handwash'], tried prefix='res-video-infection-prevention-', suffix='-procedure-for-handwash'
  Warning: Link 'video:/Infection prevention/procedure_for_handwash' not in mapping or could not be resolved, removing from question
Updated KLP 'klp-2-towel' -> ea698034df334bac90e8ca056926a51b
  ✓ Activated version: c042abcb4e534923b14224bc9f4cb637
  → Recovered missing Language ID for KLP via mapping: fd789a60bea24f4fa4704b52f277f638
Updated KLP 'klp-1-decontamination-of-instruments' -> 819dc378ef9240398d9507506187f28d
  ✓ Activated version: aafe53737059414cbf05c0e9fb9b7ebc
  → Recovered missing Language ID for KLP via mapping: fd789a60bea24f4fa4704b52f277f638
Warning: Could not resolve video link 'video:/Infection prevention/procedure_for_handrub'. Path segments: ['Infection prevention', 'procedure_for_handrub'], tried prefix='res-video-infection-prevention-', suffix='-procedure-for-handrub'
  Warning: Link 'video:/Infection prevention/procedure_for_handrub' not in mapping or could not be resolved, removing from question
Updated KLP 'klp-3-amount-of-handrub' -> 74274185f861418bb64b07d0d9d8c04f
  ✓ Activated version: a319bbc093054653a5883e078e196042
  → Recovered missing Language ID for KLP via mapping: fd789a60bea24f4fa4704b52f277f638
Updated KLP 'klp-3-sterilization' -> d56f155ec9f341c9b08eba74802f3f7f
  ✓ Activated version: 3e2950a6a015415b84036380b0a12ea8
  → Recovered missing Language ID for KLP via mapping: fd789a60bea24f4fa4704b52f277f638
Updated KLP 'klp-2-prevention-of-respiratory-infections-in-waiting-areas' -> d3a1f43970ae4cc688f461a3214d6c05
  ✓ Activated version: 784a49131a30405b85fd9f4683ac4a99
  → Recovered missing Language ID for KLP via mapping: fd789a60bea24f4fa4704b52f277f638
Updated KLP 'klp-3-prevention-of-respiratory-infections-while-coughing' -> 35c345fef8fb4905b664eded83f83575
  ✓ Activated version: f9e29c29f3504d1b9d70d306da6ef189
  → Recovered missing Language ID for KLP via mapping: fd789a60bea24f4fa4704b52f277f638
Updated KLP 'klp-2-handling-sterilized-items' -> 150cf7ed54e442289f958473317774bf
  ✓ Activated version: 40a542976bab476c8d48ba3015e79b75
  → Recovered missing Language ID for KLP via mapping: fd789a60bea24f4fa4704b52f277f638
Updated KLP 'klp-1-personal-protective-equipment' -> 6a351dabcba74fd39239589e53cdbd01
  ✓ Activated version: 4e136299afa249b4a7f7d99ea101a0ef
  → Recovered missing Language ID for KLP via mapping: fd789a60bea24f4fa4704b52f277f638
Updated KLP 'klp-3-gloves-for-birth' -> f0e6641b84fe41e68ecc259e8889648d
  ✓ Activated version: f7d61d3dddcd401083c9021fa945760c
  → Recovered missing Language ID for KLP via mapping: fd789a60bea24f4fa4704b52f277f638
Updated KLP 'klp-1-gloves-for-different-patients' -> 54d0ed6319084b2bbb81143d23fed963
  ✓ Activated version: bf28591156844540842a6bd6ab033362
  → Recovered missing Language ID for KLP via mapping: fd789a60bea24f4fa4704b52f277f638
Updated KLP 'klp-3-removing-gloves' -> 026dd09e3636466f96c8b314f91b86e7
  ✓ Activated version: 17c837029a5d4d24ac044662adf3f934
  → Recovered missing Language ID for KLP via mapping: fd789a60bea24f4fa4704b52f277f638
Updated KLP 'klp-1-segregation-of-bio-medical-waste-yellow' -> c3870fa6698f4cbcb127115a658c5143
  ✓ Activated version: 196c5a1385da4da2afbb433e68fa8c80
  → Recovered missing Language ID for KLP via mapping: fd789a60bea24f4fa4704b52f277f638
Updated KLP 'klp-1-segregation-of-bio-medical-waste-sharps' -> 20787788f2ff48509616fd33823870d8
  ✓ Activated version: f6a6c2c078ad43a68744c9256a5b5111
  → Recovered missing Language ID for KLP via mapping: fd789a60bea24f4fa4704b52f277f638
Updated KLP 'klp-1-time-for-sterilization' -> bf51d0a0fd0f45c4933ddcdccdb77f1f
  ✓ Activated version: 80bb5656599b4076b2b5a8908614ebac
  → Recovered missing Language ID for KLP via mapping: fd789a60bea24f4fa4704b52f277f638
Updated KLP 'klp-2-spill-management' -> 2ad47237e4b54f24b4ab7f9ce6cf87fb
  ✓ Activated version: e6fa44ef5f8e4f35890491f20be4d7b9
  → Recovered missing Language ID for KLP via mapping: fd789a60bea24f4fa4704b52f277f638
Updated KLP 'klp-2-chemical-sterilization' -> 81258b6739c84cd3b782ec7d00bb018f
  ✓ Activated version: 2dfae8eec42c4997934bc3a8aa7d40e6
  → Recovered missing Language ID for KLP via mapping: fd789a60bea24f4fa4704b52f277f638
Updated KLP 'klp-3-preparation-of-0-5-sodium-hypochlorite-solution' -> 818af3adc950454c9d50f7370a358871
  ✓ Activated version: fe4e6324cedb4e4f9c9398a3eb82be1a
  → Recovered missing Language ID for KLP via mapping: fd789a60bea24f4fa4704b52f277f638
Updated KLP 'klp-1-cleaning-and-delivery-bed-ind' -> 91022bef27504ebeadf4e7d027e015f1
  ✓ Activated version: 3d18a658658c40538148bc2b4a2aed5d
  → Recovered missing Language ID for KLP via mapping: fd789a60bea24f4fa4704b52f277f638
Updated KLP 'klp-2-spread-of-hiv-and-hep-b' -> 6dbd5f8d879b4981a2a4389e8184f6a8
  ✓ Activated version: b86dd86b99bb448099a142c4c9228c2f
  → Recovered missing Language ID for KLP via mapping: fd789a60bea24f4fa4704b52f277f638
Updated KLP 'klp-3-hepatitis-b-prophylaxis' -> b9bb661e0b1344bb8ce6a78bff1a525c
  ✓ Activated version: 1f055542de6741959ae54080cdd79960
  → Recovered missing Language ID for KLP via mapping: fd789a60bea24f4fa4704b52f277f638
Updated KLP 'klp-1-recommended-vaccination' -> fd690ae857794c8591e114fa24c4c1bf
  ✓ Activated version: d98280144f5f4c90937327ebbebbc207
  → Recovered missing Language ID for KLP via mapping: fd789a60bea24f4fa4704b52f277f638
Updated KLP 'klp-1-nevirapine-prophylaxis' -> 55273a83aace483f9c544a9797538ca0
  ✓ Activated version: 9229d3d5dc3149f8a9dd71d834801940
  → Recovered missing Language ID for KLP via mapping: fd789a60bea24f4fa4704b52f277f638
Updated KLP 'klp-3-when-hand-hygiene2' -> 9f0f70f26df34d55bbdd86cc0c833114
  ✓ Activated version: e118c9ff31cb45ab95989e27063a4f1b
  → Recovered missing Language ID for KLP via mapping: fd789a60bea24f4fa4704b52f277f638
Updated KLP 'klp-2-unsafe-abortion-globally' -> db1b906436a5471c8ea6fe8024174904
  ✓ Activated version: 4cfeed0ec1fb4dbab1b38d9e4b76bdc0
  → Recovered missing Language ID for KLP via mapping: fd789a60bea24f4fa4704b52f277f638
Updated KLP 'klp-1-septic-abortion' -> 02931ba9ac2248c892acdcb547c42686
  ✓ Activated version: 99bad73140ff44d181465584faf64aed
  → Recovered missing Language ID for KLP via mapping: fd789a60bea24f4fa4704b52f277f638
Updated KLP 'klp-1-complication-to-unsafe-abortion' -> 3ee8c03ebb394e1cb80f43844fa6356c
  ✓ Activated version: a9a27b7d7d3749ed8e914610091bbf87
  → Recovered missing Language ID for KLP via mapping: fd789a60bea24f4fa4704b52f277f638
Updated KLP 'klp-1-urine-test' -> 80effbc2f14643d4b2a9b4623e19b355
  ✓ Activated version: 766a0465336349d2a692ab08e98b76cb
  → Recovered missing Language ID for KLP via mapping: fd789a60bea24f4fa4704b52f277f638
Updated KLP 'klp-2-complication-to-abortion' -> 0190d27b16424ee0bc96cbfcc6af3630
  ✓ Activated version: 284175e16d814323a698af3f2cd0dd11
  → Recovered missing Language ID for KLP via mapping: fd789a60bea24f4fa4704b52f277f638
Updated KLP 'klp-1-fever-and-septic-abortion' -> 190b6c0382aa4862929d35329ed26c83
  ✓ Activated version: def1dd94c89d4c8399e860a47b252819
  → Recovered missing Language ID for KLP via mapping: fd789a60bea24f4fa4704b52f277f638
Updated KLP 'klp-2-what-to-measure' -> 444ccecf99be46d6aa2eb93bee488366
  ✓ Activated version: 40a40bb465d74485853d438493c49b11
  → Recovered missing Language ID for KLP via mapping: fd789a60bea24f4fa4704b52f277f638
Updated KLP 'klp-1-signs-of-septic-abortion' -> 5c780c38f1c642c2aeeb95e595d387f6
  ✓ Activated version: ea823edbfcbb4ae2b552fb8423ab4663
  → Recovered missing Language ID for KLP via mapping: fd789a60bea24f4fa4704b52f277f638
Updated KLP 'klp-3-suspect-lower-abdominal-tenderness' -> e263e6de876c4f23ba8f8952aacda92e
  ✓ Activated version: 25017231f63e4875a044952d194ae00a
  → Recovered missing Language ID for KLP via mapping: fd789a60bea24f4fa4704b52f277f638
Updated KLP 'klp-1-septic-abortion-can-be-fatal' -> 1855ac0ec7db46af8848e2acccd220de
  ✓ Activated version: 4fe875e2ed3b41b8b21d9b27b1f0677c
  → Recovered missing Language ID for KLP via mapping: fd789a60bea24f4fa4704b52f277f638
Updated KLP 'klp-2-most-important-action-at-septic-abortion' -> 8792d8b67862413db10bd188b5f1fba6
  ✓ Activated version: 64377a3cbbf1445db7689853fc1fbefe
  → Recovered missing Language ID for KLP via mapping: fd789a60bea24f4fa4704b52f277f638
Updated KLP 'klp-1-action-at-septic-abortion' -> 7ce7b05f6add49a29e6c9d7a7d5c8ad3
  ✓ Activated version: 489c6ccc1f084ede89fbf9fcd3c9c3bd
  → Recovered missing Language ID for KLP via mapping: fd789a60bea24f4fa4704b52f277f638
Updated KLP 'klp-3-ab-and-evacuation-of-the-uterus' -> 7440c95497ea43959147937399df5b14
  ✓ Activated version: cd2572b8f36e4e179ca79c1efa73acbf
  → Recovered missing Language ID for KLP via mapping: fd789a60bea24f4fa4704b52f277f638
Updated KLP 'klp-3-which-ab-to-give' -> 5cfe45beaa6540b5ac242aca03553cf4
  ✓ Activated version: 813424402f5b4a7fafb701fc6cf320d2
  → Recovered missing Language ID for KLP via mapping: fd789a60bea24f4fa4704b52f277f638
Updated KLP 'klp-1-urgent-management' -> 21e97d2ea360448197fd13dec8ac6bdf
  ✓ Activated version: 22be7f197bc54b57a566ef5ae3ad3114
  → Recovered missing Language ID for KLP via mapping: fd789a60bea24f4fa4704b52f277f638
Updated KLP 'klp-3-correct-order-of-actions' -> ebb4092f83814fabbff40a5978519917
  ✓ Activated version: ac09065d4e3949a3befca3aee736d14c
  → Recovered missing Language ID for KLP via mapping: fd789a60bea24f4fa4704b52f277f638
Updated KLP 'klp-1-peritonitis' -> 9ff65656d8e44212ae6c7b87ed8b7c4f
  ✓ Activated version: 346cade94b54427984541ce77ff26bc2
  → Recovered missing Language ID for KLP via mapping: fd789a60bea24f4fa4704b52f277f638
Updated KLP 'klp-1-evacuation-of-the-uterus' -> 822b3502bac6494a9978dd7b32697adf
  ✓ Activated version: 20b152621feb43b7b888a6156e369b13
  → Recovered missing Language ID for KLP via mapping: fd789a60bea24f4fa4704b52f277f638
Updated KLP 'klp-3-manual-vacuum-aspiration' -> 03103cc1010e4829953f7e5e5e422063
  ✓ Activated version: 0b80fea0cde345399ecf4b583e15ecc1
  → Recovered missing Language ID for KLP via mapping: fd789a60bea24f4fa4704b52f277f638
Updated KLP 'klp-3-uterus-size-in-week-12' -> 5c8cf25bfd884ddeaeb50ca8c2e2e7b5
  ✓ Activated version: 0c7c5c0482324a33865e155bb05101fb
  → Recovered missing Language ID for KLP via mapping: fd789a60bea24f4fa4704b52f277f638
Updated KLP 'klp-3-preparation-for-mva' -> b7a87a163bc54c20b8474446f8ac6f68
  ✓ Activated version: 6531d55f11a545b0b89bc217e37bb1f2
  → Recovered missing Language ID for KLP via mapping: fd789a60bea24f4fa4704b52f277f638
Updated KLP 'klp-3-analgesic-for-mva' -> 1966a2ceea634106a7d471f7460597cf
  ✓ Activated version: 464cea978af04de9a830d2d6b9b7a2b9
  → Recovered missing Language ID for KLP via mapping: fd789a60bea24f4fa4704b52f277f638
Updated KLP 'klp-3-valves-closed' -> baa703ba89ca41418c7a4752e2c7df0a
  ✓ Activated version: 7dd34e5efe1849719e67a68541a5a0b9
  → Recovered missing Language ID for KLP via mapping: fd789a60bea24f4fa4704b52f277f638
Updated KLP 'klp-2-vacuum-to-mva-syringe' -> 62d08a09bfe14817abe5af4682617d20
  ✓ Activated version: 283e98e7f2174f009d06869f7cc64db8
  → Recovered missing Language ID for KLP via mapping: fd789a60bea24f4fa4704b52f277f638
Updated KLP 'klp-2-tenaculum' -> 610d761b65084999b73a3b180c6e97ca
  ✓ Activated version: 4d1226e10c7a45a496da4797a089cc19
  → Recovered missing Language ID for KLP via mapping: fd789a60bea24f4fa4704b52f277f638
Updated KLP 'klp-2-dilate-the-cervix' -> ff72e864071f4cf2af3e2ac3c562c0fc
  ✓ Activated version: c30e79b1bbeb46bfb7796889030cc410
  → Recovered missing Language ID for KLP via mapping: fd789a60bea24f4fa4704b52f277f638
Updated KLP 'klp-2-no-touch-technique' -> f4c6bb828d32487689769a8c657776c4
  ✓ Activated version: c35da72629114d6b9060c48062b7a1ea
  → Recovered missing Language ID for KLP via mapping: fd789a60bea24f4fa4704b52f277f638
Updated KLP 'klp-3-size-of-cannula-for-mva' -> 2039e47fb57b4901b49da395af595a4c
  ✓ Activated version: cd1c0a79801246ae96d8be700adbf52c
  → Recovered missing Language ID for KLP via mapping: fd789a60bea24f4fa4704b52f277f638
Updated KLP 'klp-2-insert-of-the-cannula' -> aa5a719580624f9fa94f0dd10030928d
  ✓ Activated version: 1798e4ff9be44ee182e35d58ff96e78d
  → Recovered missing Language ID for KLP via mapping: fd789a60bea24f4fa4704b52f277f638
Updated KLP 'klp-2-attachment-of-the-syringe' -> b921ff412cd7439ba7394095a620c95a
  ✓ Activated version: 9e7522f0a4e545b0ab17adcec253f4ea
  → Recovered missing Language ID for KLP via mapping: fd789a60bea24f4fa4704b52f277f638
Updated KLP 'klp-2-rotate-and-move-cannula-back-and-forth' -> 0d27bbf8142b407580a3be0c8d805090
  ✓ Activated version: bb8b111ade5a4c7db59d86d5905370df
  → Recovered missing Language ID for KLP via mapping: fd789a60bea24f4fa4704b52f277f638
Updated KLP 'klp-1-end-of-suctioning' -> 0f1c8c4832074906abd1f1c11c29ffca
  ✓ Activated version: b522aaebf1a84e289a403cc38b8cb0a9
  → Recovered missing Language ID for KLP via mapping: fd789a60bea24f4fa4704b52f277f638
Updated KLP 'klp-2-use-the-cannula-again' -> f29633d537c441e1b04c036e04995ccf
  ✓ Activated version: 557cc51f4bd641b78cefb2320755992c
  → Recovered missing Language ID for KLP via mapping: fd789a60bea24f4fa4704b52f277f638
Updated KLP 'klp-3-monitoring-after-mva' -> 2e8a16ed0950443ba610fd48701188c2
  ✓ Activated version: dd445880f9f149378464e5afa9e65107
  → Recovered missing Language ID for KLP via mapping: fd789a60bea24f4fa4704b52f277f638
Updated KLP 'klp-3-counselling' -> 9add2a8ffc234773ad8ab6c339f8c685
  ✓ Activated version: 86cd4eb1be6a44fbb142708e0183930c
  → Recovered missing Language ID for KLP via mapping: fd789a60bea24f4fa4704b52f277f638
Updated KLP 'klp-1-advise-before-dismission' -> 959118d1d7f549e29b6d59758cbc9a82
  ✓ Activated version: c1e7d06a74f64575a28894fc34232fcd
  → Recovered missing Language ID for KLP via mapping: fd789a60bea24f4fa4704b52f277f638
Updated KLP 'klp-1-severe-preeclampsia' -> 982f2150c8bc468e92c129d2660eeeaa
  ✓ Activated version: e6a0ad496efe4ad9a950a1ce57e35022
  → Recovered missing Language ID for KLP via mapping: fd789a60bea24f4fa4704b52f277f638
Updated KLP 'klp-2-gestational-hypertension' -> 88c37ad23a5d40fdab0e355048b9d570
  ✓ Activated version: 4ebec4fc9d8340b08038ecb53a31ad12
  → Recovered missing Language ID for KLP via mapping: fd789a60bea24f4fa4704b52f277f638
Updated KLP 'klp-2-preeclampsia' -> ae5ebf31f7f84fe6a60ed9308470de94
  ✓ Activated version: 6150ca5cd0924730bede1aee57c76d8c
  → Recovered missing Language ID for KLP via mapping: fd789a60bea24f4fa4704b52f277f638
Updated KLP 'klp-1-severely-elevated-blood-pressure' -> 58ab08221ac346788c003c6c665c8807
  ✓ Activated version: 68fd56836f02468fbf17f60e905d7fa3
  → Recovered missing Language ID for KLP via mapping: fd789a60bea24f4fa4704b52f277f638
Updated KLP 'klp-1-severe-headache-and-visual-disturbance' -> dddc2f1ee02d466b938fbd44596dd588
  ✓ Activated version: 33669edb5ee9416fb8c8738de7cfc83c
  → Recovered missing Language ID for KLP via mapping: fd789a60bea24f4fa4704b52f277f638
Updated KLP 'klp-1-visual-disturbances-like-silver-lights-or-blurry-vision-eyes' -> ec076eae976d4a3a9e99bcc6d6dd7e7b
  ✓ Activated version: 652b2080ef3443b2b12dfeb6109635e9
  → Recovered missing Language ID for KLP via mapping: fd789a60bea24f4fa4704b52f277f638
Updated KLP 'klp-1-upper-abdominal-pain-from-the-liver' -> 0188c19c0d7f4893b6546f4c329d02cc
  ✓ Activated version: 6570d3c9b0cd40a8ad26984093a446f6
  → Recovered missing Language ID for KLP via mapping: fd789a60bea24f4fa4704b52f277f638
Updated KLP 'klp-3-cause-of-oliguria' -> ff8973991cd04cdda7543e8d34433d7c
  ✓ Activated version: 19de21d1f614492fb0d964efcc8fa7db
  → Recovered missing Language ID for KLP via mapping: fd789a60bea24f4fa4704b52f277f638
Updated KLP 'klp-2-eclampsia' -> e7fb583446bc4e3bbedf96bffdeedf02
  ✓ Activated version: 50c4df9080a540b4990b1ef9819445d8
  → Recovered missing Language ID for KLP via mapping: fd789a60bea24f4fa4704b52f277f638
Updated KLP 'klp-2-eclampsia-normal-blood-pressure' -> 6fee78b4093b41249e9ee3df21b04fe0
  ✓ Activated version: 326be7688cab4d43afb2e6b11f12aa3e
  → Recovered missing Language ID for KLP via mapping: fd789a60bea24f4fa4704b52f277f638
Updated KLP 'klp-1-causes-of-pre-eclampsia' -> 77dcb41c0c584e6eb9a17b948aaec93a
  ✓ Activated version: ef6bb9db53b647f895abf53301ff6584
  → Recovered missing Language ID for KLP via mapping: fd789a60bea24f4fa4704b52f277f638
Updated KLP 'klp-3-anc-blood-pressure' -> 0a3649fbb3624fb294ad2e9adede6486
  ✓ Activated version: 166ace7970844ddea0e4d95a53d038a9
  → Recovered missing Language ID for KLP via mapping: fd789a60bea24f4fa4704b52f277f638
Updated KLP 'klp-3-confirm-bp' -> 38effd7bb6fb4a8a96ea4a63c3d40c00
  ✓ Activated version: 55e5d428c4a04d5d8e3eba9d6825aa53
  → Recovered missing Language ID for KLP via mapping: fd789a60bea24f4fa4704b52f277f638
Updated KLP 'klp-1-keep-systolic-bp-below-160' -> 0cb6085eaed64a76bda85df19e8517b7
  ✓ Activated version: 73325d9831bf4856a340c5309e190eb9
  → Recovered missing Language ID for KLP via mapping: fd789a60bea24f4fa4704b52f277f638
Updated KLP 'klp-3-labetalol' -> 0cb55ed0a1e1497abda5ddac808e12b4
  ✓ Activated version: 17df8d202ead46e9b2de6358abbdc465
  → Recovered missing Language ID for KLP via mapping: fd789a60bea24f4fa4704b52f277f638
Updated KLP 'klp-3-methyldopa' -> 675a662d6e474199be547726e49db042
  ✓ Activated version: c3710a67aae74eb59e1aa299dcb63fe7
  → Recovered missing Language ID for KLP via mapping: fd789a60bea24f4fa4704b52f277f638
Updated KLP 'klp-1-iv-medication' -> 3ca9f68428ae4360b9519ca7c02892b5
  ✓ Activated version: 2e46a99270b647bf9ed332dfeec7264e
  → Recovered missing Language ID for KLP via mapping: fd789a60bea24f4fa4704b52f277f638
Updated KLP 'klp-3-hydralazine' -> aa468819c2a34ed5b1f81c531ffa5745
  ✓ Activated version: 9ad68260e4324a13909db4376189bedb
  → Recovered missing Language ID for KLP via mapping: fd789a60bea24f4fa4704b52f277f638
Updated KLP 'klp-2-eclampsia-seizures' -> 4779f6ac39454237b775cf54ed27ebd1
  ✓ Activated version: 9bee9cc62d884c3fa92d9df699e75da9
  → Recovered missing Language ID for KLP via mapping: fd789a60bea24f4fa4704b52f277f638
Updated KLP 'klp-1-eclampsia-monitor-1-2-hour' -> 926b4f3b4d1346c890c5ff3ea75e377d
  ✓ Activated version: 5a317a837ef045acb39d55239adaa3f4
  → Recovered missing Language ID for KLP via mapping: fd789a60bea24f4fa4704b52f277f638
Updated KLP 'klp-2-give-magnesium-sulphate' -> bfda4844f0b84a80b4f9f7563efdc453
  ✓ Activated version: 44c9e47b22684262a9664a776b984476
  → Recovered missing Language ID for KLP via mapping: fd789a60bea24f4fa4704b52f277f638
Updated KLP 'klp-2-toxicity' -> ebd886e5a1444fc985aec6ba79af7d4a
  ✓ Activated version: b6f83c2a8bc448abb2d82dfb5aae4cf7
  → Recovered missing Language ID for KLP via mapping: fd789a60bea24f4fa4704b52f277f638
Updated KLP 'klp-2-maintain-dose-magnesium-sulphate' -> bcefd997e19d4f03bbbbf8bb8eff8331
  ✓ Activated version: f53346f96a7143b0b5c96319b67299f4
  → Recovered missing Language ID for KLP via mapping: fd789a60bea24f4fa4704b52f277f638
Updated KLP 'klp-3-refer-and-eclampsia' -> 8ee53df50c5b4d169c5c1273b86c19d8
  ✓ Activated version: bf86a3c07abf46839062336208bf2d45
  → Recovered missing Language ID for KLP via mapping: fd789a60bea24f4fa4704b52f277f638
Updated KLP 'klp-3-lung-maturity' -> aa2ef833c71642c382c1e1529cbef2a9
  ✓ Activated version: cbe93a69eff04021ae4cbbd05537e995
  → Recovered missing Language ID for KLP via mapping: fd789a60bea24f4fa4704b52f277f638
Updated KLP 'klp-2-proteinuria' -> bf28eccbab854e349d5536ca909035c3
  ✓ Activated version: a844d9a0436148edb2c6829320bc7c9d
  → Recovered missing Language ID for KLP via mapping: fd789a60bea24f4fa4704b52f277f638
Updated KLP 'klp-2-cure-of-pre-eclampsia' -> bff4951444d1407ea13a9f21aecf3ded
  ✓ Activated version: 79708f3f70574f21a9d5e1acae3e6d73
  → Recovered missing Language ID for KLP via mapping: fd789a60bea24f4fa4704b52f277f638
Updated KLP 'klp-3-action-eclampsia' -> 870bd0d7b3fc4e0c8cfab208300749a0
  ✓ Activated version: 21864439a19d44cfa9e8504ec3715709
  → Recovered missing Language ID for KLP via mapping: fd789a60bea24f4fa4704b52f277f638
Updated KLP 'klp-3-fluid-overload' -> 2b5d32aa6e5c4c3d80f2285d666c168e
  ✓ Activated version: f0b4affa07fe41a9b4754affadc04d16
  → Recovered missing Language ID for KLP via mapping: fd789a60bea24f4fa4704b52f277f638
Updated KLP 'klp-1-calcium-gluconate' -> 4d9fcf94f196476798145e9749088db4
  ✓ Activated version: 8d067e96bdd24a71823f93baeb1f551a
  → Recovered missing Language ID for KLP via mapping: fd789a60bea24f4fa4704b52f277f638
Updated KLP 'klp-1-antidote-administration' -> a5eb297e29c64a718153a1a95407263f
  ✓ Activated version: 8658ac2872da4a39bc1ecf6beb1a0b54
  → Recovered missing Language ID for KLP via mapping: fd789a60bea24f4fa4704b52f277f638
Updated KLP 'klp-3-dose-of-inj-labetalol' -> a54d7114d91b4d49b1ff72d59a4d0ffb
  ✓ Activated version: 633467849bf6474da6a25b14b2d48e18
  → Recovered missing Language ID for KLP via mapping: fd789a60bea24f4fa4704b52f277f638
Updated KLP 'klp-2-confirmed-elevated-bp' -> 36a55602cc0c45639a669475fe82b47e
  ✓ Activated version: 61cfd8db378b4988b9b49788328f92fa
  → Recovered missing Language ID for KLP via mapping: fd789a60bea24f4fa4704b52f277f638
Updated KLP 'klp-2-we-start-antihypertensive-drugs' -> 0ff152f779b645668e0cf1555f8526be
  ✓ Activated version: a97d7fd2c2af44919fbfb054529ca6dc
  → Recovered missing Language ID for KLP via mapping: fd789a60bea24f4fa4704b52f277f638
Updated KLP 'klp-1-prevention-of-htn-during-pregnancy' -> 4bab298420f84a4cb76c975f95caf4f5
  ✓ Activated version: 925eae2cb3884dd691ade6d2ba024dfa
  → Recovered missing Language ID for KLP via mapping: fd789a60bea24f4fa4704b52f277f638
Updated KLP 'klp-1-the-definition-of-a-normal-birth' -> a728158d4cf249e0a7780767d86d76d9
  ✓ Activated version: 90dcc464fddb4d34a68933891d8792b0
  → Recovered missing Language ID for KLP via mapping: fd789a60bea24f4fa4704b52f277f638
Updated KLP 'klp-2-a-child-born-in-week-36' -> 7717324800f94844a6d3efda16059bd4
  ✓ Activated version: 296d349c52854285b29bb4c5f6ba9e3e
  → Recovered missing Language ID for KLP via mapping: fd789a60bea24f4fa4704b52f277f638
Updated KLP 'klp-3-start-of-a-spontaneous-normal-birth' -> bfc42038d62543a2b1371922425dea2f
  ✓ Activated version: b92d9a94caa74e35a91fdc728fe8df0b
  → Recovered missing Language ID for KLP via mapping: fd789a60bea24f4fa4704b52f277f638
Updated KLP 'klp-1-what-is-respectful-care' -> dc4399bfec1e48eb8956288754c337fa
  ✓ Activated version: e7c885faf76f495c869f6641b75a3e62
  → Recovered missing Language ID for KLP via mapping: fd789a60bea24f4fa4704b52f277f638
Updated KLP 'klp-2-fear-of-being-mistreated' -> e17f90d3eb824b9b8363be5f6669325f
  ✓ Activated version: 3ecb85a4dccb4004addddc4309dfe5ac
  → Recovered missing Language ID for KLP via mapping: fd789a60bea24f4fa4704b52f277f638
Updated KLP 'klp-3-the-elements-of-true-respectful-care' -> 964f68de141249289fa786e7ac0bfa1b
  ✓ Activated version: 18f7fa93817742f69acad6026a938313
  → Recovered missing Language ID for KLP via mapping: fd789a60bea24f4fa4704b52f277f638
Updated KLP 'klp-1-the-first-thing-you-do' -> 29d15f74b632415fa4c1e91d89e1b164
  ✓ Activated version: 173455097a7242dd8cff9e5ae0b3f3b1
  → Recovered missing Language ID for KLP via mapping: fd789a60bea24f4fa4704b52f277f638
Updated KLP 'klp-2-what-kind-of-danger-signs-should-be-examined' -> 9c81c103889d46f49540f49c75182293
  ✓ Activated version: d6ccf7e620f5421f9dcbb9566763da5b
  → Recovered missing Language ID for KLP via mapping: fd789a60bea24f4fa4704b52f277f638
Updated KLP 'klp-3-when-is-her-due-date' -> 13a9033aaa584bc3992d421549fc620d
  ✓ Activated version: 68c7b721174f45c1b31956588f72de08
  → Recovered missing Language ID for KLP via mapping: fd789a60bea24f4fa4704b52f277f638
Updated KLP 'klp-1-strong-contractions-5-6-minutes-apart' -> 99a878c743d54fc18fd8aef770ea3833
  ✓ Activated version: 12f50e527b9f4894b642eafd8f17ab83
  → Recovered missing Language ID for KLP via mapping: fd789a60bea24f4fa4704b52f277f638
Updated KLP 'klp-2-abdominal-examination' -> 08bf33dfeb794d0d911e2837637b7822
  ✓ Activated version: 846fcde38d7a441a81cb9baa3ba9dfed
  → Recovered missing Language ID for KLP via mapping: fd789a60bea24f4fa4704b52f277f638
Updated KLP 'klp-3-when-performing-a-ve' -> e8c3eb3e15924364b9adc21c9e86d2a6
  ✓ Activated version: 2de9498f309f4ee2bd345c1fb3814b51
  → Recovered missing Language ID for KLP via mapping: fd789a60bea24f4fa4704b52f277f638
Updated KLP 'klp-1-good-contractions-with-3-minutes-apart' -> 3db5a92fb3fe49bfaf6c9a85f1a0bf04
  ✓ Activated version: ead7949c23eb4aa79375be3cef7b3cd5
  → Recovered missing Language ID for KLP via mapping: fd789a60bea24f4fa4704b52f277f638
Updated KLP 'klp-2-the-documentation-on-the-partograph' -> 203cc10263a9497c8781c00567ed793f
  ✓ Activated version: ace2c4bd945741929844fadf612101a3
  → Recovered missing Language ID for KLP via mapping: fd789a60bea24f4fa4704b52f277f638
Updated KLP 'klp-1-help-the-woman-to-get-good-contractions' -> 957cf6427a364bdfb68f4c0f8b98a98c
  ✓ Activated version: d1956eeed36e41edb6ca2962c0324180
  → Recovered missing Language ID for KLP via mapping: fd789a60bea24f4fa4704b52f277f638
Warning: Could not resolve video link 'video:/Normal labour and birth/support'. Path segments: ['Normal labour and birth', 'support'], tried prefix='res-video-normal-labour-and-birth-', suffix='-support'
  Warning: Link 'video:/Normal labour and birth/support' not in mapping or could not be resolved, removing from question
Updated KLP 'klp-2-when-the-woman-wants-to-stand-up' -> 1208f5b066ac4546b0effd3666971fb0
  ✓ Activated version: fe57073fb2e94c3c9791c2fa757273e6
  → Recovered missing Language ID for KLP via mapping: fd789a60bea24f4fa4704b52f277f638
Warning: Could not resolve video link 'video:/Normal labour and birth/support'. Path segments: ['Normal labour and birth', 'support'], tried prefix='res-video-normal-labour-and-birth-', suffix='-support'
  Warning: Link 'video:/Normal labour and birth/support' not in mapping or could not be resolved, removing from question
Updated KLP 'klp-3-the-woman-cannot-eat-or-drink-during-labour-and-birth' -> 8fdcf1df62224510a68ebb9b556173f1
  ✓ Activated version: 5c6b0176e2f347988c2dfa63d9dad7aa
  → Recovered missing Language ID for KLP via mapping: fd789a60bea24f4fa4704b52f277f638
Warning: Could not resolve video link 'video:/Normal labour and birth/support'. Path segments: ['Normal labour and birth', 'support'], tried prefix='res-video-normal-labour-and-birth-', suffix='-support'
  Warning: Link 'video:/Normal labour and birth/support' not in mapping or could not be resolved, removing from question
Updated KLP 'klp-1-when-the-woman-is-in-an-upright-position' -> cf550b6e0eab4c7280af431cbed79d5d
  ✓ Activated version: db343f96df864efc8d822e13d62ca6cd
  → Recovered missing Language ID for KLP via mapping: fd789a60bea24f4fa4704b52f277f638
Updated KLP 'klp-2-to-be-on-all-fours-and-give-birth' -> 4ec770e9fc694aa99dcc25d204403249
  ✓ Activated version: b3278a0163554f8397688f98a29d727c
  → Recovered missing Language ID for KLP via mapping: fd789a60bea24f4fa4704b52f277f638
Warning: Could not resolve video link 'video:/Normal labour and birth/support'. Path segments: ['Normal labour and birth', 'support'], tried prefix='res-video-normal-labour-and-birth-', suffix='-support'
  Warning: Link 'video:/Normal labour and birth/support' not in mapping or could not be resolved, removing from question
Updated KLP 'klp-3-non-pharmacological-pain-relief' -> 490a00a250324e8c96aef382f915b926
  ✓ Activated version: 8c3e4ed4e0614618b45daa9b179c7da7
  → Recovered missing Language ID for KLP via mapping: fd789a60bea24f4fa4704b52f277f638
Updated KLP 'klp-1-the-woman-can-push-when' -> b147150f0421445c9c987fb293f89ffa
  ✓ Activated version: c3652e51655d4db18b638db5e96fe2c0
  → Recovered missing Language ID for KLP via mapping: fd789a60bea24f4fa4704b52f277f638
Updated KLP 'klp-2-what-needs-to-be-ready-for-the-birth' -> 120117d44765437cb83bd28ac02d8df2
  ✓ Activated version: 88f660f0039e42c2903866e9c80aa8e6
  → Recovered missing Language ID for KLP via mapping: fd789a60bea24f4fa4704b52f277f638
Updated KLP 'klp-3-what-should-you-do-during-the-second-stage' -> d30dbbc2ca124285a62b5d746ccd3e9a
  ✓ Activated version: d0aeb063d91b42e095847dbbb5401279
  → Recovered missing Language ID for KLP via mapping: fd789a60bea24f4fa4704b52f277f638
Updated KLP 'klp-1-how-would-you-help-the-woman-to-push' -> 1e749207a87e45818c6c00745f1e0abf
  ✓ Activated version: 52de37edadff4ef89e4aa5afa460f720
  → Recovered missing Language ID for KLP via mapping: fd789a60bea24f4fa4704b52f277f638
Updated KLP 'klp-2-the-woman-can-give-birth-in-any-position-she-wants' -> bc7fd3c18241474db050b7125a390f30
  ✓ Activated version: 0edbebbcc6d54d57af8193491481a769
  → Recovered missing Language ID for KLP via mapping: fd789a60bea24f4fa4704b52f277f638
Updated KLP 'klp-3-what-kind-of-practices-should-not-be-performed' -> 511f7023491e416aa55fc7ecf61a0144
  ✓ Activated version: bda0be3082294e16adb30054daa10e11
  → Recovered missing Language ID for KLP via mapping: fd789a60bea24f4fa4704b52f277f638
Updated KLP 'klp-1-before-the-babys-head-is-about-to-be-born' -> eedb1c09bf2d4947a69df3396053db42
  ✓ Activated version: 8d376975cdf14b92a2702bba1298d6dc
  → Recovered missing Language ID for KLP via mapping: fd789a60bea24f4fa4704b52f277f638
Updated KLP 'klp-2-when-the-babys-head-is-crowning' -> d215994e1a1a47c981057e2d92b4ef00
  ✓ Activated version: aaea4002754b4c4c87c1f467c5a06b8c
  → Recovered missing Language ID for KLP via mapping: fd789a60bea24f4fa4704b52f277f638
Updated KLP 'klp-3-after-the-head-is-born' -> 632f99e6235f4b2aa9461cfac58aa571
  ✓ Activated version: 5ccd9a5281244d1b82c1f7d110ed70d9
  → Recovered missing Language ID for KLP via mapping: fd789a60bea24f4fa4704b52f277f638
Updated KLP 'klp-1-the-order-of-the-four-steps-for-palpating-the-foetus' -> fa059bb025de44d4ae92324d64c61004
  ✓ Activated version: 66f71919539640d6b513db944e1d0402
  → Recovered missing Language ID for KLP via mapping: fd789a60bea24f4fa4704b52f277f638
Updated KLP 'klp-2-if-you-feel-a-lose-cord-around-the-neck' -> 0df928bd3b224b559264b3835768de8a
  ✓ Activated version: d8f400d6b91c44c1979d4d0792ff585e
  → Recovered missing Language ID for KLP via mapping: fd789a60bea24f4fa4704b52f277f638
Updated KLP 'klp-3-when-the-baby-is-born-with-meconium-and-is-breathing' -> 3b702fa280fa41dfa6c268201c919459
  ✓ Activated version: 09a3fd656c5d40919570c0f9d722829a
  → Recovered missing Language ID for KLP via mapping: fd789a60bea24f4fa4704b52f277f638
Updated KLP 'klp-2-what-do-you-do-when-the-baby-is-born' -> c5c602a23c714d499942e9c728536075
  ✓ Activated version: e43481b3b43344a3af09877e5ab9632c
  → Recovered missing Language ID for KLP via mapping: fd789a60bea24f4fa4704b52f277f638
Updated KLP 'klp-3-delivery-of-the-shoulders' -> f4ebc8b1ea934e57a8c10bc10fe15d90
  ✓ Activated version: 71d77a5c39fd4079bbfb1291c624d03c
  → Recovered missing Language ID for KLP via mapping: fd789a60bea24f4fa4704b52f277f638
Updated KLP 'klp-3-first-component-to-be-plot' -> dda9d3e27d054634b7bfd308904ff4cf
  ✓ Activated version: 2b4bb2805dd14160bcacffb1af1bf187
  → Recovered missing Language ID for KLP via mapping: fd789a60bea24f4fa4704b52f277f638
Updated KLP 'klp-1-partograph' -> 39221a1c8498477581f3ae4a14f8ab5e
  ✓ Activated version: a17ce1cd5b614f1789ba2aad0fed837a
  → Recovered missing Language ID for KLP via mapping: fd789a60bea24f4fa4704b52f277f638
Updated KLP 'klp-2-active-management' -> c299f7dbe06d41d19196679d41155112
  ✓ Activated version: e2ff13c4a8964a98b5c1b7acba4203fe
  → Recovered missing Language ID for KLP via mapping: fd789a60bea24f4fa4704b52f277f638
Updated KLP 'klp-1-uterotonic-drug' -> c881f8f0d5b34d14865b0f22893a092d
  ✓ Activated version: 9cbf7189c0844bad998555c83c2d8aec
  → Recovered missing Language ID for KLP via mapping: fd789a60bea24f4fa4704b52f277f638
Updated KLP 'klp-1-oxytocin' -> ff3ed725e80b4a1281c8f728201a034b
  ✓ Activated version: feed6265a0444fda9edd6db1fa49f08e
  → Recovered missing Language ID for KLP via mapping: fd789a60bea24f4fa4704b52f277f638
Updated KLP 'klp-1-dose-of-oxytocin' -> 5a61c9cf0082418d91f8349eb1da71a4
  ✓ Activated version: 96741536f2e24932a310761eda106a5b
  → Recovered missing Language ID for KLP via mapping: fd789a60bea24f4fa4704b52f277f638
Updated KLP 'klp-1-when-to-give-oxytocin' -> 1f0ea76e98e24723a9e6a5fbe42e74ca
  ✓ Activated version: c0510f965686431ea6c5e0e620ac0a52
  → Recovered missing Language ID for KLP via mapping: fd789a60bea24f4fa4704b52f277f638
Updated KLP 'klp-3-storage-of-oxytocin' -> c22cbf667a484cb2bb57b0430ea35eb8
  ✓ Activated version: 2083ad0fc12a4e1bb947998c1f93d625
  → Recovered missing Language ID for KLP via mapping: fd789a60bea24f4fa4704b52f277f638
Updated KLP 'klp-1-misoprostol' -> 96eb15931143453ba2a5fb8cbf7c2139
  ✓ Activated version: 4aa30df358be4edbbe08ff3bd4937b9c
  → Recovered missing Language ID for KLP via mapping: fd789a60bea24f4fa4704b52f277f638
Updated KLP 'klp-1-heat-stable-carbetocin' -> f1768f89ee1e4dc198d25919597b36e7
  ✓ Activated version: 253f302ffcd54cd18110f083f0361866
  → Recovered missing Language ID for KLP via mapping: fd789a60bea24f4fa4704b52f277f638
Updated KLP 'klp-1-when-to-assess-the-newborn' -> c50b14a5ff8342ffbb2eace1f13b3d53
  ✓ Activated version: adfe88a9e0dc4edeb81bf9a1a404e961
  → Recovered missing Language ID for KLP via mapping: fd789a60bea24f4fa4704b52f277f638
Updated KLP 'klp-2-thick-meconium' -> 94920c7e0a424c61992775b0cc4922b1
  ✓ Activated version: 5bfddefb3e9041538b383aef19623d58
  → Recovered missing Language ID for KLP via mapping: fd789a60bea24f4fa4704b52f277f638
Updated KLP 'klp-1-suction-thick-meconium' -> 53450468f2524e9e9366bdb5fec0049a
  ✓ Activated version: 49f622b5dfa349d88a92515f4b0a85ee
  → Recovered missing Language ID for KLP via mapping: fd789a60bea24f4fa4704b52f277f638
Updated KLP 'klp-2-dry-of-the-baby' -> b4a8c0775272413da2ddb943138b682a
  ✓ Activated version: f7b5e50b7a5d432490a2d7fcf80bb239
  → Recovered missing Language ID for KLP via mapping: fd789a60bea24f4fa4704b52f277f638
Updated KLP 'klp-3-warm-baby' -> de1ed4f4b99b4373bba99ec7a0e2551d
  ✓ Activated version: 280400fd727f417b9dc812992857566d
  → Recovered missing Language ID for KLP via mapping: fd789a60bea24f4fa4704b52f277f638
Updated KLP 'klp-1-newborn-not-breathing-well' -> 13eae50976fd4a66bd79ea3300832d59
  ✓ Activated version: e6e0e7de6c6049d3b4156d10a0a97178
  → Recovered missing Language ID for KLP via mapping: fd789a60bea24f4fa4704b52f277f638
Updated KLP 'klp-2-stable-newborn' -> 22689f1f17de4a6d8de5f7008e474797
  ✓ Activated version: 19089705dcf4459fb7ca31834c6eb519
  → Recovered missing Language ID for KLP via mapping: fd789a60bea24f4fa4704b52f277f638
Updated KLP 'klp-3-clamp-umbilical-cord' -> 200ee03d34c546f19ead747ece58bec6
  ✓ Activated version: 7eec32e52351412981e2c23cee210666
  → Recovered missing Language ID for KLP via mapping: fd789a60bea24f4fa4704b52f277f638
Updated KLP 'klp-2-cord-traction' -> 44a75079433b4d32ab45c56a347d2b1e
  ✓ Activated version: 68782d19a5a54fb19bc539f3774bc042
  → Recovered missing Language ID for KLP via mapping: fd789a60bea24f4fa4704b52f277f638
Updated KLP 'klp-3-counter-pressure-pubic-bone' -> 3e3c519712ac4ee499dff3b278927768
  ✓ Activated version: 9ea2565c6f824676bd9964f5068c1fd3
  → Recovered missing Language ID for KLP via mapping: fd789a60bea24f4fa4704b52f277f638
Updated KLP 'klp-3-rounded-uterus' -> 7e51669dfe3c455da734f6530013805a
  ✓ Activated version: d657f1de4bb1446fab0c31ed69f39524
  → Recovered missing Language ID for KLP via mapping: fd789a60bea24f4fa4704b52f277f638
Updated KLP 'klp-3-push-for-the-placenta' -> c7009cf8962c4cbbbbf22fc2d9b75b6d
  ✓ Activated version: 668a9bd22c9a436186b603cd87b0c373
  → Recovered missing Language ID for KLP via mapping: fd789a60bea24f4fa4704b52f277f638
Updated KLP 'klp-1-check-uterus' -> 8d6719a4c3514081bfcadc7fced0c3f5
  ✓ Activated version: e1a0052db580423091c381b6d1e9d64e
  → Recovered missing Language ID for KLP via mapping: fd789a60bea24f4fa4704b52f277f638
Updated KLP 'klp-2-measure-blood-loss' -> 9f59e30415f142d68b6a7da0c65b48b7
  ✓ Activated version: 0327b122ccf049a88cb78c509f314d80
  → Recovered missing Language ID for KLP via mapping: fd789a60bea24f4fa4704b52f277f638
Updated KLP 'klp-1-examine-the-placenta' -> d3a88eb12c8f445b9b7386829c1dbbdd
  ✓ Activated version: 095b23e298a34514b038d97ae122a78e
  → Recovered missing Language ID for KLP via mapping: fd789a60bea24f4fa4704b52f277f638
Updated KLP 'klp-2-maternal-surface-of-placenta' -> 62e7012b1f55425e895d2d3bc77229b6
  ✓ Activated version: 5b5316b985514b8da557dcec9c4c0e49
  → Recovered missing Language ID for KLP via mapping: fd789a60bea24f4fa4704b52f277f638
Updated KLP 'klp-2-no-unattended-mother-and-newborn' -> 90b306401f45487588008363a3335adf
  ✓ Activated version: a89e4417e5904313b06a2f56277d7395
  → Recovered missing Language ID for KLP via mapping: fd789a60bea24f4fa4704b52f277f638
Updated KLP 'klp-3-skin-to-skin-contact' -> add47cfefe264baf83d4ccbcea10c9e3
  ✓ Activated version: 1f59848e2912489496db8f613ce2e09b
  → Recovered missing Language ID for KLP via mapping: fd789a60bea24f4fa4704b52f277f638
Updated KLP 'klp-1-check-mother-after-birth' -> deb5d7bf78464aa7ba3884ff8407a123
  ✓ Activated version: 39f4a532b8bb4c6ebe9ee4f8f3a10e1f
  → Recovered missing Language ID for KLP via mapping: fd789a60bea24f4fa4704b52f277f638
Updated KLP 'klp-3-how-often-check-mother' -> 55cda0771968464e960c27d627e966b5
  ✓ Activated version: 8d140fa02dfa406b9a8b486740d9c2f9
  → Recovered missing Language ID for KLP via mapping: fd789a60bea24f4fa4704b52f277f638
Updated KLP 'klp-3-how-often-check-newborn' -> a6a2011c63a64035bd05c966bfd2166b
  ✓ Activated version: 32e80373414a4e9e9ccfe1172b1aa089
  → Recovered missing Language ID for KLP via mapping: fd789a60bea24f4fa4704b52f277f638
Updated KLP 'klp-2-check-the-newborn-after-birth' -> a6eae1439418464a98ac2eb7191e1226
  ✓ Activated version: 96ab39b75b6a40ec8ed1b2efdb0b01b6
  → Recovered missing Language ID for KLP via mapping: fd789a60bea24f4fa4704b52f277f638
Updated KLP 'klp-3-cord-monitor' -> dd888bc629bd4f65b431d226550eadc7
  ✓ Activated version: d7f2d4fefcbd4ae7be556e787261d99f
  → Recovered missing Language ID for KLP via mapping: fd789a60bea24f4fa4704b52f277f638
Updated KLP 'klp-2-apgar-score-and-vit-k' -> 1ca20e7dc62946438fe8f542cffa2ea6
  ✓ Activated version: 58a6e6b1322d4fe58d7847c845caad8d
  → Recovered missing Language ID for KLP via mapping: fd789a60bea24f4fa4704b52f277f638
Updated KLP 'klp-2-early-breastfeeding-newborn' -> ab5c7efcc0264b99b3e84930f3ed5899
  ✓ Activated version: 76612b2e7d5343039e4854af8d3d7e88
  → Recovered missing Language ID for KLP via mapping: fd789a60bea24f4fa4704b52f277f638
Updated KLP 'klp-3-early-breastfeeding-mother' -> 777a0849539e4876a16117234909557d
  ✓ Activated version: a245c4d2194c41069c7b851107ecd2db
  → Recovered missing Language ID for KLP via mapping: fd789a60bea24f4fa4704b52f277f638
Updated KLP 'klp-3-delivery-of-membranes' -> 25aab10d84cf4eac858bb91db441a54d
  ✓ Activated version: d362fb9774404aeea76637dcff24d9b9
  → Recovered missing Language ID for KLP via mapping: fd789a60bea24f4fa4704b52f277f638
Updated KLP 'klp-2-estimation-of-blood-loss' -> 6ef0bc6e76aa4c468caf4e22b07327c8
  ✓ Activated version: 945d96dcf180467e986ac520222c6c00
  → Recovered missing Language ID for KLP via mapping: fd789a60bea24f4fa4704b52f277f638
Updated KLP 'klp-1-complication-prolonged-mother' -> 1286d664f1744926a28c5498983758f1
  ✓ Activated version: 185cf9c8fc2848d6a374a6731407af90
  → Recovered missing Language ID for KLP via mapping: fd789a60bea24f4fa4704b52f277f638
Updated KLP 'klp-1-complication-prolonged-infant' -> 0a7bcf29885340b79cf82ba017b74a7b
  ✓ Activated version: c75c55f3068f429c8d44635f026be1ab
  → Recovered missing Language ID for KLP via mapping: fd789a60bea24f4fa4704b52f277f638
Updated KLP 'klp-2-causes' -> 716d4546bb9040bd80df2346b8984076
  ✓ Activated version: 5ad256c223a84e14aa6126bfa0081a0f
  → Recovered missing Language ID for KLP via mapping: fd789a60bea24f4fa4704b52f277f638
Updated KLP 'klp-2-power' -> e30c07d935aa4bafa8e56c4fbaa42737
  ✓ Activated version: 0f7a77b13da94abd9bfd84bfb6b04d7d
  → Recovered missing Language ID for KLP via mapping: fd789a60bea24f4fa4704b52f277f638
Updated KLP 'klp-3-pelvis-passage' -> 9aaa462a91ae41f0ade21ddba9f66b26
  ✓ Activated version: 583ea479884c439987846721c789db17
  → Recovered missing Language ID for KLP via mapping: fd789a60bea24f4fa4704b52f277f638
Updated KLP 'klp-3-small-pelvis' -> 161c9e7a5ad240a28f714e3b3f4ab5c6
  ✓ Activated version: 01e665864ef4468dbd6dacfbb7646ba9
  → Recovered missing Language ID for KLP via mapping: fd789a60bea24f4fa4704b52f277f638
Updated KLP 'klp-2-know-small-pelvis' -> 8b9eb02b4b284eaeb25ff16cb723d423
  ✓ Activated version: 4d1b5d85b2124e389b3d8f65ade99647
  → Recovered missing Language ID for KLP via mapping: fd789a60bea24f4fa4704b52f277f638
Updated KLP 'klp-2-passenger' -> 6abd719769e54c31a209b5f4fcfac0d6
  ✓ Activated version: b27d00b688324a2694c1ecc2863863d6
  → Recovered missing Language ID for KLP via mapping: fd789a60bea24f4fa4704b52f277f638
Updated KLP 'klp-3-psyche' -> 5c53e796efbe4018bd5d328ab8b673a7
  ✓ Activated version: 6628cc069ab645e5af38284c075c080e
  → Recovered missing Language ID for KLP via mapping: fd789a60bea24f4fa4704b52f277f638
Updated KLP 'klp-1-pushing' -> 0d3962052db648cc815df394067e9267
  ✓ Activated version: 2ae0328e0f2945e4bd80be96504a1104
  → Recovered missing Language ID for KLP via mapping: fd789a60bea24f4fa4704b52f277f638
Updated KLP 'klp-3-push-how-long' -> e0d26dda85164d16b19321be0c333cc0
  ✓ Activated version: cec2a7c8421840cfaa917361910506de
  → Recovered missing Language ID for KLP via mapping: fd789a60bea24f4fa4704b52f277f638
Updated KLP 'klp-1-indication-for-vacuum' -> fba72e47db8c4bfeae1db10d7e539a53
  ✓ Activated version: f96177d3ee4e47aa80b0b5e570991f03
  → Recovered missing Language ID for KLP via mapping: fd789a60bea24f4fa4704b52f277f638
Updated KLP 'klp-1-fhr' -> ce06f0974dca44cd9888a56fcc61764f
  ✓ Activated version: 6665336edc034d969d27c4da7b72a8c9
  → Recovered missing Language ID for KLP via mapping: fd789a60bea24f4fa4704b52f277f638
Updated KLP 'klp-2-fhr-and-contractions' -> 1fd7d015ffb9434b9ca9b8dd320e2e53
  ✓ Activated version: f143f74ba69f44929ba50462fb85f4fd
  → Recovered missing Language ID for KLP via mapping: fd789a60bea24f4fa4704b52f277f638
Updated KLP 'klp-3-prerequisites-for-vacuum' -> ca78bcd79f434668bb18c9d2020ebcd4
  ✓ Activated version: e3c6935d84de4812ae8c04fdb93e41c6
  → Recovered missing Language ID for KLP via mapping: fd789a60bea24f4fa4704b52f277f638
Updated KLP 'klp-2-complications-to-vacuum-extraction' -> b807ee41ea8e437893f9dcf21d6d7b13
  ✓ Activated version: 29b3dbf8b0054a9aa565805f54bceff4
  → Recovered missing Language ID for KLP via mapping: fd789a60bea24f4fa4704b52f277f638
Warning: Could not resolve action-card link 'action-card:procedures-by-also_1486848037447'. Candidates: ['res-action-card-india-procedures-by-also', 'res-action-card-procedures-by-also']
  Warning: Link 'action-card:procedures-by-also_1486848037447' not in mapping or could not be resolved, removing from question
Updated KLP 'klp-2-preparation-for-vacuum' -> 7b3affea41f94def8a2fede79646866e
  ✓ Activated version: ca862d422fdd4b92bb273e0091e6535d
  → Recovered missing Language ID for KLP via mapping: fd789a60bea24f4fa4704b52f277f638
Updated KLP 'klp-1-give-up-vacuum' -> 22b420ab7db9425ba9e14300a42358c0
  ✓ Activated version: 93bd52cf484a417abcff9a3360adeeef
  → Recovered missing Language ID for KLP via mapping: fd789a60bea24f4fa4704b52f277f638
Updated KLP 'klp-3-incision' -> d62551854c7e43ce9672af8c3401391c
  ✓ Activated version: 2de3895389fc4d8182ff61dc0a71404d
  → Recovered missing Language ID for KLP via mapping: fd789a60bea24f4fa4704b52f277f638
Updated KLP 'klp-2-cephalic-occiput-posterior' -> 0c16732383aa484ea2d6616d39af8433
  ✓ Activated version: 004b8207a3cf454c8b6dbde4896ab171
  → Recovered missing Language ID for KLP via mapping: fd789a60bea24f4fa4704b52f277f638
Updated KLP 'klp-3-more-comfortable' -> b8f8422053e64e00b25fc4aa06c78f25
  ✓ Activated version: eb12c7c6081f47dd94174a5047e32b69
  → Recovered missing Language ID for KLP via mapping: fd789a60bea24f4fa4704b52f277f638
Updated KLP 'klp-3-prolonged-first-stage-latent-phase' -> 8115578240c843aaa0bf457198c0371f
  ✓ Activated version: 4f969e59cf954c9fa9f3ef8e542f0c79
  → Recovered missing Language ID for KLP via mapping: fd789a60bea24f4fa4704b52f277f638
Updated KLP 'klp-3-contractions-causes-if-not-prolonged-latent-phase' -> 721f4c372aaa4d13b06fe76c66555344
  ✓ Activated version: 11ee65b8a51b4173bc5d56d76a3d2452
  → Recovered missing Language ID for KLP via mapping: fd789a60bea24f4fa4704b52f277f638
Updated KLP 'klp-1-prolonged-first-stage-active-phase' -> 797c6383e2a04c0f96da62216c8bc8ca
  ✓ Activated version: fa01720bd708484e87366c4b12d6add7
  → Recovered missing Language ID for KLP via mapping: fd789a60bea24f4fa4704b52f277f638
Updated KLP 'klp-2-progress-of-labour' -> afb8574d6fe84f95a76eae3fce078046
  ✓ Activated version: 55c1b4075a944b21b2fd3de486a872b1
  → Recovered missing Language ID for KLP via mapping: fd789a60bea24f4fa4704b52f277f638
Updated KLP 'klp-1-partograph-with-dilatation-between-alert-and-action-line' -> e7aa9c04cfa74bf6824c8049d9f388ce
  ✓ Activated version: b11dd498a83744a18b6d992d84c55a4b
  → Recovered missing Language ID for KLP via mapping: fd789a60bea24f4fa4704b52f277f638
Updated KLP 'klp-2-cervical-dilatation' -> 2a9776516c3b4410805f203dcc3b1d55
  ✓ Activated version: 202c964314234fac8cdd10f7e555de1b
  → Recovered missing Language ID for KLP via mapping: fd789a60bea24f4fa4704b52f277f638
Updated KLP 'klp-1-immediate-delivery' -> 083b842a518a45bcbe8e2de99119135c
  ✓ Activated version: da7a6ca7355f4c63be28e0252a87dd78
  → Recovered missing Language ID for KLP via mapping: fd789a60bea24f4fa4704b52f277f638
Updated KLP 'klp-1-head-above-the-pubic-bone' -> 0c06ff00a00c4b98818019246dd83357
  ✓ Activated version: d1e8298c9ba24b64bf1cb57e696af385
  → Recovered missing Language ID for KLP via mapping: fd789a60bea24f4fa4704b52f277f638
Updated KLP 'klp-3-posterior-fontanelle-where' -> 706e3360f4734a1fb839e2fb26a397c8
  ✓ Activated version: 6126a6ba22b54055a9b8fdc02a1470e2
  → Recovered missing Language ID for KLP via mapping: fd789a60bea24f4fa4704b52f277f638
Updated KLP 'klp-2-posterior-fontanelle' -> cfd3129ab6dd40bfba1a766cb01b7ae4
  ✓ Activated version: 769110f304214d09a88f6324b27629a9
  → Recovered missing Language ID for KLP via mapping: fd789a60bea24f4fa4704b52f277f638
Updated KLP 'klp-1-placing-the-cup' -> 32b05930bc3b4a759d65bf81919226d9
  ✓ Activated version: 250849562ae24b6298b1a15ac4aa43f5
  → Recovered missing Language ID for KLP via mapping: fd789a60bea24f4fa4704b52f277f638
Updated KLP 'klp-1-check-for-maternal-tissue' -> c78960440b9e45e1946cdd50f3fda2ea
  ✓ Activated version: eb1d75ed08b244a18c967fd3266247c6
  → Recovered missing Language ID for KLP via mapping: fd789a60bea24f4fa4704b52f277f638
Updated KLP 'klp-3-flexion-point' -> 8c94e8f4f2c94e56bb991957ed9a2ec1
  ✓ Activated version: 364ce1954db04414bd1910d561121796
  → Recovered missing Language ID for KLP via mapping: fd789a60bea24f4fa4704b52f277f638
Updated KLP 'klp-3-intact-perineum' -> 93966f5296d74e188acfca657970e2d1
  ✓ Activated version: e1225a4cc1db4a8e81339fc80c155583
  → Recovered missing Language ID for KLP via mapping: fd789a60bea24f4fa4704b52f277f638
Updated KLP 'klp-2-prolonged-second-stage' -> ffee5014e7034a62bdaa040bb041cad3
  ✓ Activated version: 12b79c75d64441dc89e01f1546cbab9b
  → Recovered missing Language ID for KLP via mapping: fd789a60bea24f4fa4704b52f277f638
Updated KLP 'klp-2-prolonged-labour-indication' -> 7716027f4df149f9bb7febf7476e3c2c
  ✓ Activated version: 1af437f0b50644da9efbf9c1379961ea
  → Recovered missing Language ID for KLP via mapping: fd789a60bea24f4fa4704b52f277f638
Updated KLP 'klp-1-maternal-death' -> dee500e5c008488fa251f3e95385831f
  ✓ Activated version: 62384fc5b2c44c17b5df24a45bcff2c8
  → Recovered missing Language ID for KLP via mapping: fd789a60bea24f4fa4704b52f277f638
Updated KLP 'klp-1-common-cause-of-pph' -> 488fe023a5a746fd9e14f263b056c01f
  ✓ Activated version: 4bd55fd33ca44d96a0e4615ae7fa3b20
  → Recovered missing Language ID for KLP via mapping: fd789a60bea24f4fa4704b52f277f638
Updated KLP 'klp-1-steps-of-immediate-management' -> a9559ffefda64dbe8eee703af3bbf1aa
  ✓ Activated version: 94d40969abd447d288a67cee7493c529
  → Recovered missing Language ID for KLP via mapping: fd789a60bea24f4fa4704b52f277f638
Updated KLP 'klp-1-symptoms-for-pph' -> 645cfed6984b44c291ebcacd80895c19
  ✓ Activated version: c2ed68bde5bd4d66a232ce8f8f15ff0b
  → Recovered missing Language ID for KLP via mapping: fd789a60bea24f4fa4704b52f277f638
Updated KLP 'klp-1-aortic-compression' -> b5a7dd0c4c6a4b219b37b0a7d548a1ca
  ✓ Activated version: 2018b53fe4cb490ba4582a7c559f74c4
  → Recovered missing Language ID for KLP via mapping: fd789a60bea24f4fa4704b52f277f638
Updated KLP 'klp-1-volume-replacement' -> 0a17c8a7ec4e4d85b2bc458636f0c3f5
  ✓ Activated version: d2576a709ff848358238a7c03a97d8c4
  → Recovered missing Language ID for KLP via mapping: fd789a60bea24f4fa4704b52f277f638
Updated KLP 'klp-3-immediate-management' -> 6da0593a814c43c1bca066eea6e36854
  ✓ Activated version: c573df3e545d4d0598ce7ffe5c1e325f
  → Recovered missing Language ID for KLP via mapping: fd789a60bea24f4fa4704b52f277f638
Updated KLP 'klp-3-uterine-massage-immediate-management' -> 61fb2befb2ed4b9792fd8113d7b02b50
  ✓ Activated version: 65ae737baed54523b89c365afaff1520
  → Recovered missing Language ID for KLP via mapping: fd789a60bea24f4fa4704b52f277f638
Updated KLP 'klp-2-oxytocin-dose' -> 7b2003120afb49eab6284fb8457a8249
  ✓ Activated version: e0951f0824f6405b816ce4c4fc2fff7f
  → Recovered missing Language ID for KLP via mapping: fd789a60bea24f4fa4704b52f277f638
Updated KLP 'klp-1-uterotonics' -> 916ca76850f04acd9492cf922e9961c7
  ✓ Activated version: 7e1c6e0c1a0c4c448f12f1f41afe9985
  → Recovered missing Language ID for KLP via mapping: fd789a60bea24f4fa4704b52f277f638
Updated KLP 'klp-1-uncontrolled-bleeding' -> 307722c3faee4922924d7ddbbfb41da1
  ✓ Activated version: 2463bec1018842e5a698804d0ba1ea6d
  → Recovered missing Language ID for KLP via mapping: fd789a60bea24f4fa4704b52f277f638
Updated KLP 'klp-1-bimanual-compression-aortic-compression' -> 0438d3b62a4b4c03b697ec3d1a645ca0
  ✓ Activated version: 7973e4fed0564b388a72f864d0aaafa1
  → Recovered missing Language ID for KLP via mapping: fd789a60bea24f4fa4704b52f277f638
Updated KLP 'klp-2-bimanual-compression-procedure' -> 26a9593b03b34b6bafc6a49e1455a1e2
  ✓ Activated version: f7d4321b7b274fc78acf79a0e7812d8f
  → Recovered missing Language ID for KLP via mapping: fd789a60bea24f4fa4704b52f277f638
Updated KLP 'klp-2-aorta-compression-procedure' -> 3313c8f8492448469a6bcafdaa369f72
  ✓ Activated version: 35528343e82143a2a448a9c383f441c9
  → Recovered missing Language ID for KLP via mapping: fd789a60bea24f4fa4704b52f277f638
Updated KLP 'klp-3-pph-drugs' -> 3fc593804fea45bca0910a4c8ee0b2f3
  ✓ Activated version: da5d23ef463c4d318246ae4d0425d560
  → Recovered missing Language ID for KLP via mapping: fd789a60bea24f4fa4704b52f277f638
Updated KLP 'klp-3-ergometrine' -> c6ef5086552043f1920b51054e9808ec
  ✓ Activated version: 77922193653a4977993b4cd4a7a4f773
  → Recovered missing Language ID for KLP via mapping: fd789a60bea24f4fa4704b52f277f638
Updated KLP 'klp-1-first-degree-tear' -> 81ad43ad70ee4c268d146a156b1c9da0
  ✓ Activated version: c24ba249117f428da460940720ab5d7a
  → Recovered missing Language ID for KLP via mapping: fd789a60bea24f4fa4704b52f277f638
Updated KLP 'klp-2-bleeding-from-a-vaginal-tear' -> 2342400cfa86489a8788bf7449e87861
  ✓ Activated version: 8f8444d515534e49824fe78e5a8b6cb5
  → Recovered missing Language ID for KLP via mapping: fd789a60bea24f4fa4704b52f277f638
Updated KLP 'klp-2-always-do-a-rectal-exploration' -> efb8925f4a4b4ab69ae7185eb106237c
  ✓ Activated version: e9cfa5cab40a44389b2bdaa52fdf8d4d
  → Recovered missing Language ID for KLP via mapping: fd789a60bea24f4fa4704b52f277f638
Updated KLP 'klp-2-placental-tissue-missing' -> 2e09ef7746f2408fb30383bdac3c5895
  ✓ Activated version: c7357ac83b9043eeb7f325beed2de29d
  → Recovered missing Language ID for KLP via mapping: fd789a60bea24f4fa4704b52f277f638
Updated KLP 'klp-2-ubt' -> 0c8650a8c9e744f2a6cdf461a36f068a
  ✓ Activated version: ac0f024f2db84651ad3302a2b1c432a1
  → Recovered missing Language ID for KLP via mapping: fd789a60bea24f4fa4704b52f277f638
Updated KLP 'klp-3-removal-of-tissue-list-the-actions-in-correct-order' -> d4c4c616625c468e883c604be52f1219
  ✓ Activated version: d0d75d10d10849d88826744f84c79b7a
  → Recovered missing Language ID for KLP via mapping: fd789a60bea24f4fa4704b52f277f638
Updated KLP 'klp-3-when-to-measure-hemoglobin' -> 70a444a7624e4a639380fc12a9783859
  ✓ Activated version: 22a18f1565cd4f5aacbf672d596f72d7
  → Recovered missing Language ID for KLP via mapping: fd789a60bea24f4fa4704b52f277f638
Updated KLP 'klp-2-ifa-dose-in-postpartum' -> ddf87684b39b4e87a2d8a36f02c0b387
  ✓ Activated version: 331119e1410f409a9242621fd90c0d54
  → Recovered missing Language ID for KLP via mapping: fd789a60bea24f4fa4704b52f277f638
Updated KLP 'klp-3-tear-management' -> 259b1f582e2843d0b96602652ae49987
  ✓ Activated version: 9f349e00b40a4c24bca2cc32aeca1287
  → Recovered missing Language ID for KLP via mapping: fd789a60bea24f4fa4704b52f277f638
Updated KLP 'klp-3-causes-of-pph' -> f9d5ee71ccfc4b3fa4b824d584b21aab
  ✓ Activated version: d2cb0790a3ec4fbe9a6ba64fee77f473
  → Recovered missing Language ID for KLP via mapping: fd789a60bea24f4fa4704b52f277f638
Updated KLP 'klp-2-correct-position-pph' -> 1df425e22d0245ec98f305278c90a19a
  ✓ Activated version: abc562887fbd4b4393bcc9fc6bbf0776
  → Recovered missing Language ID for KLP via mapping: fd789a60bea24f4fa4704b52f277f638
Updated KLP 'klp-2-ubt-deflation' -> cc50825db3c04868971a383ce9282ca0
  ✓ Activated version: cc88aa19158141ebb6e694c1c262e8dc
  → Recovered missing Language ID for KLP via mapping: fd789a60bea24f4fa4704b52f277f638
Updated KLP 'klp-3-ubt-insertion' -> 6ad7b26fec2c4e6487ef3b99308942ea
  ✓ Activated version: fc8073c8717c41b3848666ed7c020c6b
  → Recovered missing Language ID for KLP via mapping: fd789a60bea24f4fa4704b52f277f638
Updated KLP 'klp-3-pph-definition' -> a174e89b4d914f8193bce164433a2b86
  ✓ Activated version: cc38d01059204a7e9fcfa8f90a57cce6
  → Recovered missing Language ID for KLP via mapping: fd789a60bea24f4fa4704b52f277f638
Updated KLP 'klp-1-referral-pph' -> 86d29530784b492a89147bb5043f16bc
  ✓ Activated version: b16d078ffb794106b86e9a06e5e15fc3
  → Recovered missing Language ID for KLP via mapping: fd789a60bea24f4fa4704b52f277f638
Updated KLP 'klp-2-types-of-pph' -> 803fed98b6624ca2bfb4ccd5e71dbbf1
  ✓ Activated version: b8cdd66d224c42058f0255e49c80454b
  → Recovered missing Language ID for KLP via mapping: fd789a60bea24f4fa4704b52f277f638
Updated KLP 'klp-1-how-aorta-compression' -> aa6ef81b31c040bb8c73cacd71fba48d
  ✓ Activated version: b445ced0753342b69617ab1a409ce541
  → Recovered missing Language ID for KLP via mapping: fd789a60bea24f4fa4704b52f277f638
Updated KLP 'klp-3-vital-signs-monitoring-pph' -> 2ae006390b324ba399ce0bb156e32a96
  ✓ Activated version: 75683d9708a14b09961584fd35d3506d
  → Recovered missing Language ID for KLP via mapping: fd789a60bea24f4fa4704b52f277f638
Updated KLP 'klp-2-carbetocin' -> 8c1ea561bf5e45378db55054e7aa7774
  ✓ Activated version: 4fd9d1c577b74ae6b9a729d2f6591565
  → Recovered missing Language ID for KLP via mapping: fd789a60bea24f4fa4704b52f277f638
Updated KLP 'klp-1-mother-in-shock' -> a373ec8349074f3db872c4b7bc875636
  ✓ Activated version: bee5895174b64870949727aa8f24e554
  → Recovered missing Language ID for KLP via mapping: fd789a60bea24f4fa4704b52f277f638
Updated KLP 'klp-1-time-before-placenta-is-born' -> e5ce7b8fd22e456aa5d86f83892f734f
  ✓ Activated version: f88050ae75704cd0be09277ae96238da
  → Recovered missing Language ID for KLP via mapping: fd789a60bea24f4fa4704b52f277f638
Updated KLP 'klp-1-remove-manually' -> c24d5fed52ff4ca7aac148a28329fd14
  ✓ Activated version: 03f8445f9ba14db8a2b0420ec1510de7
  → Recovered missing Language ID for KLP via mapping: fd789a60bea24f4fa4704b52f277f638
Updated KLP 'klp-1-life-threatening' -> 7ec08433a8724c84876161a6b03d3a9f
  ✓ Activated version: 71bbe54ca6c2433ab2b1f4e3d5b77835
  → Recovered missing Language ID for KLP via mapping: fd789a60bea24f4fa4704b52f277f638
Updated KLP 'klp-1-overall-action' -> 5df75d2ea1f14925a8b30536b7280cc8
  ✓ Activated version: 9260d37bb1054b45acd10379859aeca9
  → Recovered missing Language ID for KLP via mapping: fd789a60bea24f4fa4704b52f277f638
Updated KLP 'klp-2-maintain-compression' -> 5acdead6339743f3b65ab5228f5b4391
  ✓ Activated version: 16bce9eb63d7433d8e672bc6b621d083
  → Recovered missing Language ID for KLP via mapping: fd789a60bea24f4fa4704b52f277f638
Updated KLP 'klp-3-iv-fluid' -> b3d99aae69d04f988289b2a33874d05b
  ✓ Activated version: 4b785070d2dd4b8eb0c9e43e217caea8
  → Recovered missing Language ID for KLP via mapping: fd789a60bea24f4fa4704b52f277f638
Updated KLP 'klp-3-fluid-gives-fast' -> f6c09d944df245079332f352e514ff19
  ✓ Activated version: ac04afd82a5242e6bec36469550ff27c
  → Recovered missing Language ID for KLP via mapping: fd789a60bea24f4fa4704b52f277f638
Updated KLP 'klp-3-blood-transfusion' -> 7c0fa63eaf4541eea0379a1fe6dff470
  ✓ Activated version: ec61bec8dcde4697aa7f2c224db028e2
  → Recovered missing Language ID for KLP via mapping: fd789a60bea24f4fa4704b52f277f638
Warning: Could not resolve video link 'video:/Manual removal of placenta/gloves'. Path segments: ['Manual removal of placenta', 'gloves'], tried prefix='res-video-manual-removal-of-placenta-', suffix='-gloves'
  Warning: Link 'video:/Manual removal of placenta/gloves' not in mapping or could not be resolved, removing from question
Updated KLP 'klp-3-gloves-and-manual-removal-of-placenta' -> 6241d47cf6cd4d60abe7dce1ef61c99a
  ✓ Activated version: dde5688f8ba14740a527952d04e6d541
  → Recovered missing Language ID for KLP via mapping: fd789a60bea24f4fa4704b52f277f638
Updated KLP 'klp-1-right-order-for-removal-of-placenta' -> 992836ab46384582b6502531a0076b57
  ✓ Activated version: a47e4c08598e443db552c545a21cab60
  → Recovered missing Language ID for KLP via mapping: fd789a60bea24f4fa4704b52f277f638
Updated KLP 'klp-1-the-overall-action-to-control-pph' -> 4246a45c3bd04dbaba8b23fcb3b2941f
  ✓ Activated version: c1512c1aa60a401ca5f7a5280964f392
  → Recovered missing Language ID for KLP via mapping: fd789a60bea24f4fa4704b52f277f638
Updated KLP 'klp-3-condom-balloon-tamponade' -> 3a701bc3db584c00beebe061b81781ac
  ✓ Activated version: f171e69c36c54b0799eaa27bbfb83e22
  → Recovered missing Language ID for KLP via mapping: fd789a60bea24f4fa4704b52f277f638
Updated KLP 'klp-2-day-after-recommendations' -> 158c7210ad9f4d59be64adc5c6252c9f
  ✓ Activated version: aec94b3bbc2140afa8e1016022beb122
  → Recovered missing Language ID for KLP via mapping: fd789a60bea24f4fa4704b52f277f638
Updated KLP 'klp-1-refer-manual-removal' -> 02698ef3f5ea49efbf02be633b1cd1e6
  ✓ Activated version: 681d10be101449179e97a14cdffc3e63
  → Recovered missing Language ID for KLP via mapping: fd789a60bea24f4fa4704b52f277f638
Updated KLP 'klp-1-manual-removal-bemonc' -> 606d6a3beb0c4fd1b2ec0dfcc3b314e7
  ✓ Activated version: 31373f3aed764bd4b157f3954f27520d
  → Recovered missing Language ID for KLP via mapping: fd789a60bea24f4fa4704b52f277f638
Updated KLP 'klp-2-when-manual-removal' -> ccaf3d5542f34da39c099cd37b772b4e
  ✓ Activated version: 54a2a1594d6648a5aab0037a6f215ce2
  → Recovered missing Language ID for KLP via mapping: fd789a60bea24f4fa4704b52f277f638
Updated KLP 'klp-3-heavy-bleeding' -> f3624c0b1c8e4c2380c2f6a9f619f6fc
  ✓ Activated version: d67487eecdb746c3a82a8ff50d803ce4
  → Recovered missing Language ID for KLP via mapping: fd789a60bea24f4fa4704b52f277f638
Updated KLP 'klp-2-excessive-bleeding' -> c8147c6ff0634917ace7e586be07548c
  ✓ Activated version: 5f8c81f2b41143c1898399b1447d9a33
  → Recovered missing Language ID for KLP via mapping: fd789a60bea24f4fa4704b52f277f638
Updated KLP 'klp-2-stop-bleeding-retained-placenta' -> c0d69bc0574f4de5b8122307f17da72b
  ✓ Activated version: d48575d1a907430cb509b36fa87e6be1
  → Recovered missing Language ID for KLP via mapping: fd789a60bea24f4fa4704b52f277f638
Updated KLP 'klp-3-resuscitation' -> 5714feab54084993871d08b4654bb9cc
  ✓ Activated version: 2cd4b87e09e14a738bfbe8c497938559
  → Recovered missing Language ID for KLP via mapping: fd789a60bea24f4fa4704b52f277f638
Updated KLP 'klp-3-how-to-manually-remove-the-placenta' -> c0415957aeb0457fb6df099849b64f13
  ✓ Activated version: d2bef0a5b9874222acda6d32002e7190
  → Recovered missing Language ID for KLP via mapping: fd789a60bea24f4fa4704b52f277f638
Updated KLP 'klp-1-repeat-intrauterine-palpation' -> 72db289e076c42e7916dbf355f0b649f
  ✓ Activated version: 7753778995ea4089b916af0f7525db21
  → Recovered missing Language ID for KLP via mapping: fd789a60bea24f4fa4704b52f277f638
Updated KLP 'klp-3-after-removal-of-placenta' -> 688ff213f8bc445ea0d254eabeea3a24
  ✓ Activated version: 276a9d2071c04537bda4c8eab22df848
  → Recovered missing Language ID for KLP via mapping: fd789a60bea24f4fa4704b52f277f638
Updated KLP 'klp-1-action-right-after-removal-of-placenta' -> a85a148b00ad4621816780925aa4359f
  ✓ Activated version: e3a0cae564fc4a1088f98e4aa622e227
  → Recovered missing Language ID for KLP via mapping: fd789a60bea24f4fa4704b52f277f638
Updated KLP 'klp-1-blood-inside-uterus-in' -> 51be1968174340d6be367afdf9ae79eb
  ✓ Activated version: ed0245503db44c9aa4ae5fe2d36d7817
  → Recovered missing Language ID for KLP via mapping: fd789a60bea24f4fa4704b52f277f638
Updated KLP 'klp-3-broad-spectrum-antibiotics' -> 0847f1c9b3914c10919205c8e25e3f23
  ✓ Activated version: ed78fa718544474f8e1f424db186c792
  → Recovered missing Language ID for KLP via mapping: fd789a60bea24f4fa4704b52f277f638
Updated KLP 'klp-1-removal-of-placenta' -> 9b06d3bfff8e43c886a222491c3fcc09
  ✓ Activated version: 5da4dd291d6648648d53865f7ed664e0
  → Recovered missing Language ID for KLP via mapping: fd789a60bea24f4fa4704b52f277f638
Updated KLP 'klp-3-tranexamic-acid' -> d98a1f5a8e6b49be84531b22d1f45f32
  ✓ Activated version: 7299aaa82a5945ca87eaf1e803924479
  → Recovered missing Language ID for KLP via mapping: fd789a60bea24f4fa4704b52f277f638
Updated KLP 'klp-2-uterine-balloon-tamponade-ubt' -> 77c6a09fd1464b6eb7805cf360a37d4f
  ✓ Activated version: 66904c1149a940a7acbe8ba8afdbfbf8
  → Recovered missing Language ID for KLP via mapping: fd789a60bea24f4fa4704b52f277f638
Updated KLP 'klp-2-where-to-perform-mrp' -> ce8b0418151948b398cf79e9f804a1ac
  ✓ Activated version: 4e81336fa1f24e048ab8aa8b34687739
  → Recovered missing Language ID for KLP via mapping: fd789a60bea24f4fa4704b52f277f638
Updated KLP 'klp-2-how-to-manually-remove-the-placenta' -> 356bcb0a0462407c8c0454e9d72d07a4
  ✓ Activated version: ed72881455ed45e99f47a0dc436700fa
  → Recovered missing Language ID for KLP via mapping: fd789a60bea24f4fa4704b52f277f638
Updated KLP 'klp-2-drug-after-removal-of-placenta-new' -> c028cf29b15a4f1cb137c6c58a732769
  ✓ Activated version: 2bb6ded9760d47e1ad218a7000781911
  → Recovered missing Language ID for KLP via mapping: fd789a60bea24f4fa4704b52f277f638
Updated KLP 'klp-3-adequate-aorta-compression' -> 2248746374f94cc1a3a89e281d6446d4
  ✓ Activated version: 4829501c68fd4c0195c67c37cb0b78f3
  → Recovered missing Language ID for KLP via mapping: fd789a60bea24f4fa4704b52f277f638
Updated KLP 'klp-2-anaesthesia' -> 81f69e61d92e486faa96c29a5ca11108
  ✓ Activated version: c4723252fc8243c0b3f2ccefe1e9eeaf
  → Recovered missing Language ID for KLP via mapping: fd789a60bea24f4fa4704b52f277f638
Updated KLP 'klp-2-aorta-compression-and-manual-removal' -> a05fa933cfed40529b543a325371a4b8
  ✓ Activated version: 8868d57843f34e95926eed195f2714a4
  → Recovered missing Language ID for KLP via mapping: fd789a60bea24f4fa4704b52f277f638
Warning: Could not resolve video link 'video:/Manual removal of placenta/IND_ENG_NEW_referral'. Path segments: ['Manual removal of placenta', 'IND_ENG_NEW_referral'], tried prefix='res-video-manual-removal-of-placenta-', suffix='-ind-eng-new-referral'
  Warning: Link 'video:/Manual removal of placenta/IND_ENG_NEW_referral' not in mapping or could not be resolved, removing from question
Updated KLP 'klp-2-referral-mrp' -> 5ce514cd7167443781cfbbd227b16095
  ✓ Activated version: baf2e7bc899945efaf47adb9f354416d
  → Recovered missing Language ID for KLP via mapping: fd789a60bea24f4fa4704b52f277f638
Updated KLP 'klp-1-meaning-of-sepsis' -> 66c42ec598724174b6de2bb90b0bb96b
  ✓ Activated version: 6f9c9fe1a2864c10b8297ef5f5545a23
  → Recovered missing Language ID for KLP via mapping: fd789a60bea24f4fa4704b52f277f638
Updated KLP 'klp-1-diagnose-sepsis' -> 2a873510f2144882ae3922aa4f2a30f4
  ✓ Activated version: 00dc5c3d1cbe4de1b9f1c03a745b35d4
  → Recovered missing Language ID for KLP via mapping: fd789a60bea24f4fa4704b52f277f638
Updated KLP 'klp-1-septic-shock' -> 115f999222ed472aa6f571036855e7a9
  ✓ Activated version: 513830623b384c4992c582ecf38007d5
  → Recovered missing Language ID for KLP via mapping: fd789a60bea24f4fa4704b52f277f638
Updated KLP 'klp-1-vital-signs' -> 657e450dd4b14372a5aa838fafeab395
  ✓ Activated version: 05eaeb3443a74a048eca0c7c5816f365
  → Recovered missing Language ID for KLP via mapping: fd789a60bea24f4fa4704b52f277f638
Updated KLP 'klp-2-importance-of-fluid-management' -> 4aa6f1be97764b82a5547e02f33af9e6
  ✓ Activated version: 19ef072e5e61408986f8975e813c9d79
  → Recovered missing Language ID for KLP via mapping: fd789a60bea24f4fa4704b52f277f638
Updated KLP 'klp-2-chorioamnionitis-signs-and-symptoms' -> f212d249571b48c3b49a7ad7374efe0f
  ✓ Activated version: a918fcfe909142d9baf7552f874bd46d
  → Recovered missing Language ID for KLP via mapping: fd789a60bea24f4fa4704b52f277f638
Updated KLP 'klp-2-fluid-balance-be-calculated' -> 4a1562f6351a443bb55a704fb696935a
  ✓ Activated version: 4cbe18f97ea7456aa2fd22e95e057d28
  → Recovered missing Language ID for KLP via mapping: fd789a60bea24f4fa4704b52f277f638
Warning: Could not resolve action-card link 'action-card:following-management_1486840964786'. Candidates: ['res-action-card-india-following-management', 'res-action-card-following-management']
  Warning: Link 'action-card:following-management_1486840964786' not in mapping or could not be resolved, removing from question
Updated KLP 'klp-2-fluid-balance-be' -> 0fd0829f70754a1fb6158fc69c18adc1
  ✓ Activated version: 4a2cdeda5abe40ecb1ff266dd6ecc640
  → Recovered missing Language ID for KLP via mapping: fd789a60bea24f4fa4704b52f277f638
Updated KLP 'klp-2-in-case-of-a-septic-shock-it-should-be-calculated-each-hour' -> 189b340ca084444ca2b0c45dab49d867
  ✓ Activated version: 9a5f865b5cc842ac9d1915b84b14c27f
  → Recovered missing Language ID for KLP via mapping: fd789a60bea24f4fa4704b52f277f638
Updated KLP 'klp-2-complications-to-sepsis' -> b4188b22bc794bb9a8e6d6f80fb3cdf9
  ✓ Activated version: b02e0f98d9f043928b6756c8db2f4941
  → Recovered missing Language ID for KLP via mapping: fd789a60bea24f4fa4704b52f277f638
Updated KLP 'klp-1-initial-management' -> 9a70da66617f4028b3c21b5823c07dc8
  ✓ Activated version: 3405694fa3c1428aad40fba802dabf66
  → Recovered missing Language ID for KLP via mapping: fd789a60bea24f4fa4704b52f277f638
Updated KLP 'klp-2-circulation' -> 1c9ba19ee9fa42b7a2281189a2343ae5
  ✓ Activated version: 6cdcb8e9a41f44d4b87ab05220812b85
  → Recovered missing Language ID for KLP via mapping: fd789a60bea24f4fa4704b52f277f638
Updated KLP 'klp-3-drugs' -> 7fe0ebb5da7b4c5296785c41624a24b2
  ✓ Activated version: 612c8a5c76f14fc895c0710ba38ced30
  → Recovered missing Language ID for KLP via mapping: fd789a60bea24f4fa4704b52f277f638
Updated KLP 'klp-3-ampicillin-sepsis' -> 94f7579100ce453c8883eecf7b879639
  ✓ Activated version: c2cac47f9165451ebec33a95a6a1166e
  → Recovered missing Language ID for KLP via mapping: fd789a60bea24f4fa4704b52f277f638
Updated KLP 'klp-3-gentamicin' -> 0b521b296c6a46c891906bc9b5cbe1b3
  ✓ Activated version: f29d4b6654fa4196bfc81d645ddfd4ef
  → Recovered missing Language ID for KLP via mapping: fd789a60bea24f4fa4704b52f277f638
Updated KLP 'klp-3-metronidazole' -> 67f0c786948c4eb7a8998b46a64ff18d
  ✓ Activated version: bfc2ab8ef96b466b86aec7e0025016e2
  → Recovered missing Language ID for KLP via mapping: fd789a60bea24f4fa4704b52f277f638
Updated KLP 'klp-3-diagnosis-for-respiratory-distress' -> 311a5bd96104456b85282bf466ac4c1f
  ✓ Activated version: 0391f0ce3fdc458f831b93d0ac2fac0d
  → Recovered missing Language ID for KLP via mapping: fd789a60bea24f4fa4704b52f277f638
Updated KLP 'klp-3-oxygen-administration' -> cb4028f59f5c411495c16bde0d89ff12
  ✓ Activated version: 309771212dcb4e09a0877b86e3faaeee
  → Recovered missing Language ID for KLP via mapping: fd789a60bea24f4fa4704b52f277f638
Updated KLP 'klp-3-referral-slip-details' -> ce5e554290ec40f7a4ca5bf499c7dc11
  ✓ Activated version: 93c1f7f095c147a98aa536a4d3ee9725
  → Recovered missing Language ID for KLP via mapping: fd789a60bea24f4fa4704b52f277f638
Updated KLP 'klp-2-malaria' -> a8047a2e7cda44b99db96c675a8d1acd
  ✓ Activated version: 3d17a04663044e2e8ec2fb5d59063375
  → Recovered missing Language ID for KLP via mapping: fd789a60bea24f4fa4704b52f277f638
Updated KLP 'klp-3-malaria-drugs' -> 816ae3b872bb401c953f9b1f4d68ab69
  ✓ Activated version: 0da7f18396ec4541841fd4dff40bd72f
  → Recovered missing Language ID for KLP via mapping: fd789a60bea24f4fa4704b52f277f638
Updated KLP 'klp-3-artesunate' -> 6cef2f579fd1444ea23eb0ab0ee39c2e
  ✓ Activated version: c1b0387fc7af424db8dd41d312fea913
  → Recovered missing Language ID for KLP via mapping: fd789a60bea24f4fa4704b52f277f638
Updated KLP 'klp-3-quinine' -> 5e3691a4bcab4723b14e3934d5eb6f92
  ✓ Activated version: aa868fdcef874d0fbb2dc8527c5628a6
  → Recovered missing Language ID for KLP via mapping: fd789a60bea24f4fa4704b52f277f638
Updated KLP 'klp-3-dosage-artesunate' -> cb560e278c1c4ce7b9c421500cecc10d
  ✓ Activated version: 504dba622a7f4a2f818dae64999cc3b4
  → Recovered missing Language ID for KLP via mapping: fd789a60bea24f4fa4704b52f277f638
Updated KLP 'klp-3-dosage-quinine' -> 0113691fd4d04b06b6cb78817cf3bec2
  ✓ Activated version: dcba1ac33b664ec8a2144c095ab81e2e
  → Recovered missing Language ID for KLP via mapping: fd789a60bea24f4fa4704b52f277f638
Updated KLP 'klp-1-the-6-ws' -> f451f0a6e9df4df0a6999b9ed4688671
  ✓ Activated version: 8f9983f4fc89433bb4a3b365d87e89cc
  → Recovered missing Language ID for KLP via mapping: fd789a60bea24f4fa4704b52f277f638
Updated KLP 'klp-1-art-regimen' -> 6aad9c8a068c4edf932a67fa8e939dbe
  ✓ Activated version: dab2d039ff9d4d39b5912f8ef59f6606
  → Recovered missing Language ID for KLP via mapping: fd789a60bea24f4fa4704b52f277f638
Warning: Could not resolve action-card link 'action-card:identify-cause_1486841405518'. Candidates: ['res-action-card-india-identify-cause', 'res-action-card-identify-cause']
  Warning: Link 'action-card:identify-cause_1486841405518' not in mapping or could not be resolved, removing from question
Updated KLP 'klp-2-chorioamnionitis' -> 4b4ae6e5595b4e18a422e22772e606d3
  ✓ Activated version: f3dd5f01993a49d78f38b03cd1e3cf23
  → Recovered missing Language ID for KLP via mapping: fd789a60bea24f4fa4704b52f277f638
Warning: Could not resolve action-card link 'action-card:identify-cause_1486841405518'. Candidates: ['res-action-card-india-identify-cause', 'res-action-card-identify-cause']
  Warning: Link 'action-card:identify-cause_1486841405518' not in mapping or could not be resolved, removing from question
Updated KLP 'klp-2-endometritis' -> 662058c526b641a0833bfac5a6c8660c
  ✓ Activated version: 884bd6f8a59f4b97a2e0ec8de22a5e4c
  → Recovered missing Language ID for KLP via mapping: fd789a60bea24f4fa4704b52f277f638
Updated KLP 'klp-1-treatment-for-chorioamnionitis' -> e0f51e98e9284db9920bc6614c4734da
  ✓ Activated version: b0100beaabfd453396cd0343cd3cb379
  → Recovered missing Language ID for KLP via mapping: fd789a60bea24f4fa4704b52f277f638
Updated KLP 'klp-1-treatment-for-endometritis' -> 9fc112a788ae451bbfca5536cd4fdd41
  ✓ Activated version: 2a59911eb3c34985b36481276b8739f3
  → Recovered missing Language ID for KLP via mapping: fd789a60bea24f4fa4704b52f277f638
Updated KLP 'klp-2-endometritis-and-no-effect-of-ab' -> 072b1c9b06514a52bee7af4618f35997
  ✓ Activated version: 003bb7234ee34c71a36c93074370a9e9
  → Recovered missing Language ID for KLP via mapping: fd789a60bea24f4fa4704b52f277f638
Updated KLP 'klp-1-mastitis' -> 26a84f94301349d0b9c067bcac9cff78
  ✓ Activated version: 8efb20aecc6c4bc08e08f84b533d424b
  → Recovered missing Language ID for KLP via mapping: fd789a60bea24f4fa4704b52f277f638
Updated KLP 'klp-1-breast-abscess' -> d1a4f924bc6646f4a6963d8bd789e538
  ✓ Activated version: b4bef9bb19fd4347be5afa45abba3c9b
  → Recovered missing Language ID for KLP via mapping: fd789a60bea24f4fa4704b52f277f638
Updated KLP 'klp-1-wound-infections' -> d4f3282c297842a889864eb1f0b0076d
  ✓ Activated version: c0874f036d0548e2b5092f02ea9573fc
  → Recovered missing Language ID for KLP via mapping: fd789a60bea24f4fa4704b52f277f638
Updated KLP 'klp-2-other-causes-of-infection' -> 3b7dfd7f7f294fc5b4f7788268552d1d
  ✓ Activated version: 598fe05817e84e9ea04a03cf56b288f2
  → Recovered missing Language ID for KLP via mapping: fd789a60bea24f4fa4704b52f277f638
Updated KLP 'klp-1-adequate-breathing' -> b1559116ba914a4f8fdfe443cad6c175
  ✓ Activated version: e4160028f78c4e609fee2cf80e84a2d1
  → Recovered missing Language ID for KLP via mapping: fd789a60bea24f4fa4704b52f277f638
Updated KLP 'klp-1-golden-minute' -> 85a0287019744226b3a3ddf24cc934df
  ✓ Activated version: feb5836a6b7744d1bc3b3b3713247598
  → Recovered missing Language ID for KLP via mapping: fd789a60bea24f4fa4704b52f277f638
Updated KLP 'klp-1-assess-the-newborn-after-birth' -> 0ddbc5d4b2f344f79c26d1605e11ee41
  ✓ Activated version: 66a8b219fb4f45e0b5cc0a8266e3e20a
  → Recovered missing Language ID for KLP via mapping: fd789a60bea24f4fa4704b52f277f638
Updated KLP 'klp-2-skin-to-the-mother' -> c28e4a2fed7f488a8e79db0c5075f777
  ✓ Activated version: 4bf3070f5be64916a81749c66f1ca5ec
  → Recovered missing Language ID for KLP via mapping: fd789a60bea24f4fa4704b52f277f638
Updated KLP 'klp-2-first-step' -> 0120504b6a674237b2723eaaeda96b3c
  ✓ Activated version: de75e070121a4be0ac359c68a701038f
  → Recovered missing Language ID for KLP via mapping: fd789a60bea24f4fa4704b52f277f638
Updated KLP 'klp-2-meconium-suction' -> 0a26433c8cba4ddcb607d5ac39956548
  ✓ Activated version: 552bd6593b304f8faab5d144834e2921
  → Recovered missing Language ID for KLP via mapping: fd789a60bea24f4fa4704b52f277f638
Updated KLP 'klp-3-correct-order-suction' -> ee819670babf4e859018f88c978bdcea
  ✓ Activated version: 642f3af6b1504d79a074d83be71cab26
  → Recovered missing Language ID for KLP via mapping: fd789a60bea24f4fa4704b52f277f638
Updated KLP 'klp-2-stimulation-the-newborn' -> 596d423396e8415fa4bd4d409a0924d8
  ✓ Activated version: c0c11771932449c1ad5beb4b91e0795d
  → Recovered missing Language ID for KLP via mapping: fd789a60bea24f4fa4704b52f277f638
Updated KLP 'klp-2-newborn-is-not-breathing-well' -> 5f53704087194454b406bdd354700b3e
  ✓ Activated version: 2f9e7aba31004b7db1d8470f7a331285
  → Recovered missing Language ID for KLP via mapping: fd789a60bea24f4fa4704b52f277f638
Updated KLP 'klp-1-when-to-resuscitate' -> cfc597e68a6c4a14b84d39be4212fb90
  ✓ Activated version: 3f25a48ea4f14ceaa6d55ec4345a48bd
  → Recovered missing Language ID for KLP via mapping: fd789a60bea24f4fa4704b52f277f638
Updated KLP 'klp-3-airway-call-for-help' -> 0af187aad0ee4a738360676a1de70a64
  ✓ Activated version: 3b69e37063c54256bd95f3b8270f9028
  → Recovered missing Language ID for KLP via mapping: fd789a60bea24f4fa4704b52f277f638
Updated KLP 'klp-2-airway-position-of-head' -> acf870efd5174445b8b1d08e080c5772
  ✓ Activated version: a85b076ae083486ebd38cba6ffc15896
  → Recovered missing Language ID for KLP via mapping: fd789a60bea24f4fa4704b52f277f638
Updated KLP 'klp-1-airway-position-of-mask' -> 6fa395e3ff7c43c2bb65e8afca2894c6
  ✓ Activated version: 099615b2d71b4bc887c7295cceb5f6e1
  → Recovered missing Language ID for KLP via mapping: fd789a60bea24f4fa4704b52f277f638
Updated KLP 'klp-1-airway-effective-ventilation' -> bf01339a1d234b58a3b8501e8f35201f
  ✓ Activated version: d6ad17d977ad470daee8f71ebcdbc471
  → Recovered missing Language ID for KLP via mapping: fd789a60bea24f4fa4704b52f277f638
Updated KLP 'klp-2-number-of-inflation-breaths' -> 09d5f8ba8ee744f9962e0617f3aaadc2
  ✓ Activated version: d5eb61b92c204b38ad441b2dfbe5d6f3
  → Recovered missing Language ID for KLP via mapping: fd789a60bea24f4fa4704b52f277f638
Updated KLP 'klp-3-jaw-thrust' -> 596956b2085243bc9fe27f96940a6825
  ✓ Activated version: 74b1c442435a4390a4b9e6a27ea9ea44
  → Recovered missing Language ID for KLP via mapping: fd789a60bea24f4fa4704b52f277f638
Updated KLP 'klp-2-if-no-chest-movements' -> ad90970714d84150866457e367ad6948
  ✓ Activated version: f7ddfd66c86b4d03a757fed4d3d66aa9
  → Recovered missing Language ID for KLP via mapping: fd789a60bea24f4fa4704b52f277f638
Updated KLP 'klp-2-inflation-breaths' -> 9afda38a72574e72a8cfc567368ae166
  ✓ Activated version: 6d457ac6840f4885a4fd2740217f9866
  → Recovered missing Language ID for KLP via mapping: fd789a60bea24f4fa4704b52f277f638
Warning: Could not resolve video link 'video:/Neonatal resuscitation/breathing'. Path segments: ['Neonatal resuscitation', 'breathing'], tried prefix='res-video-neonatal-resuscitation-', suffix='-breathing'
  Warning: Link 'video:/Neonatal resuscitation/breathing' not in mapping or could not be resolved, removing from question
Warning: Could not resolve video link 'video:/Neonatal resuscitation/breathing'. Path segments: ['Neonatal resuscitation', 'breathing'], tried prefix='res-video-neonatal-resuscitation-', suffix='-breathing'
  Warning: Link 'video:/Neonatal resuscitation/breathing' not in mapping or could not be resolved, removing from question
Updated KLP 'klp-2-ventilation-breath' -> a80b7cbbfd6744ea8d995b2eae07b6cc
  ✓ Activated version: 1effacb9b6a64872b20e5646789fc4d7
  → Recovered missing Language ID for KLP via mapping: fd789a60bea24f4fa4704b52f277f638
Warning: Could not resolve video link 'video:/Neonatal resuscitation/breathing'. Path segments: ['Neonatal resuscitation', 'breathing'], tried prefix='res-video-neonatal-resuscitation-', suffix='-breathing'
  Warning: Link 'video:/Neonatal resuscitation/breathing' not in mapping or could not be resolved, removing from question
Updated KLP 'klp-1-not-breathing-well' -> 22c958f3bc8740438bd0bc2587fdc39d
  ✓ Activated version: e0860f03035c46e99e67d3787f065419
  → Recovered missing Language ID for KLP via mapping: fd789a60bea24f4fa4704b52f277f638
Warning: Could not resolve video link 'video:/Neonatal resuscitation/breathing'. Path segments: ['Neonatal resuscitation', 'breathing'], tried prefix='res-video-neonatal-resuscitation-', suffix='-breathing'
  Warning: Link 'video:/Neonatal resuscitation/breathing' not in mapping or could not be resolved, removing from question
Updated KLP 'klp-1-continue-ventilation-breaths' -> 0c204f0fdc204c439deec8e78e96aa0e
  ✓ Activated version: 9aab5f38a07944a690d65ca213c3b6d3
  → Recovered missing Language ID for KLP via mapping: fd789a60bea24f4fa4704b52f277f638
Warning: Could not resolve video link 'video:/Neonatal resuscitation/breathing'. Path segments: ['Neonatal resuscitation', 'breathing'], tried prefix='res-video-neonatal-resuscitation-', suffix='-breathing'
  Warning: Link 'video:/Neonatal resuscitation/breathing' not in mapping or could not be resolved, removing from question
Updated KLP 'klp-1-most-important-ventilation-breaths' -> 15e19cf2dd4645678b7cd1fd8e7742c4
  ✓ Activated version: c8e8270f97ac423a864d907d7e6e3107
  → Recovered missing Language ID for KLP via mapping: fd789a60bea24f4fa4704b52f277f638
Warning: Could not resolve video link 'video:/Neonatal resuscitation/breathing'. Path segments: ['Neonatal resuscitation', 'breathing'], tried prefix='res-video-neonatal-resuscitation-', suffix='-breathing'
  Warning: Link 'video:/Neonatal resuscitation/breathing' not in mapping or could not be resolved, removing from question
Updated KLP 'klp-3-rhythm-ventilation-breaths' -> a1e0fe2003174101a9352c566820b404
  ✓ Activated version: bbc6ecf6ec964ce6856ad807c66fa05b
  → Recovered missing Language ID for KLP via mapping: fd789a60bea24f4fa4704b52f277f638
Warning: Could not resolve video link 'video:/Neonatal resuscitation/breathing'. Path segments: ['Neonatal resuscitation', 'breathing'], tried prefix='res-video-neonatal-resuscitation-', suffix='-breathing'
  Warning: Link 'video:/Neonatal resuscitation/breathing' not in mapping or could not be resolved, removing from question
Updated KLP 'klp-3-good-ventilation' -> 0ae2e7d937294657ad39b40e9ea340e6
  ✓ Activated version: a3199ff044fa44ec9c736b7f3a848c89
  → Recovered missing Language ID for KLP via mapping: fd789a60bea24f4fa4704b52f277f638
Warning: Could not resolve video link 'video:/Neonatal resuscitation/breathing'. Path segments: ['Neonatal resuscitation', 'breathing'], tried prefix='res-video-neonatal-resuscitation-', suffix='-breathing'
  Warning: Link 'video:/Neonatal resuscitation/breathing' not in mapping or could not be resolved, removing from question
Updated KLP 'klp-3-breathing-assessment2' -> 93ab767accab4021b141098f9279dcc2
  ✓ Activated version: 0e1501db8f944606b37eee9eb565f89f
  → Recovered missing Language ID for KLP via mapping: fd789a60bea24f4fa4704b52f277f638
Warning: Could not resolve video link 'video:/Neonatal resuscitation/breathing'. Path segments: ['Neonatal resuscitation', 'breathing'], tried prefix='res-video-neonatal-resuscitation-', suffix='-breathing'
  Warning: Link 'video:/Neonatal resuscitation/breathing' not in mapping or could not be resolved, removing from question
Updated KLP 'klp-1-breathing-assessment1' -> 01fb3838e1d14e1282a6d4fbf288331a
  ✓ Activated version: 3d3f740c465f45b59aac7886c6284d63
  → Recovered missing Language ID for KLP via mapping: fd789a60bea24f4fa4704b52f277f638
Warning: Could not resolve video link 'video:/Neonatal resuscitation/breathing'. Path segments: ['Neonatal resuscitation', 'breathing'], tried prefix='res-video-neonatal-resuscitation-', suffix='-breathing'
  Warning: Link 'video:/Neonatal resuscitation/breathing' not in mapping or could not be resolved, removing from question
Updated KLP 'klp-1-breathing-assessment-continued' -> ff9de17ee3ff47a39181afb230e7fd64
  ✓ Activated version: e4a8278af1684d6a9d4b6a61a1181ff5
  → Recovered missing Language ID for KLP via mapping: fd789a60bea24f4fa4704b52f277f638
Updated KLP 'klp-3-action-if-breathing-well' -> e65ca125dc9c4cbfbfc9c3fc3cc905c4
  ✓ Activated version: a771cf6698574d24814c67d0cca04dfe
  → Recovered missing Language ID for KLP via mapping: fd789a60bea24f4fa4704b52f277f638
Warning: Could not resolve video link 'video:/Neonatal resuscitation/breathing'. Path segments: ['Neonatal resuscitation', 'breathing'], tried prefix='res-video-neonatal-resuscitation-', suffix='-breathing'
  Warning: Link 'video:/Neonatal resuscitation/breathing' not in mapping or could not be resolved, removing from question
Updated KLP 'klp-3-nr-give-oxygen' -> 87cda8ca96d0420c9cc60be251ed0f29
  ✓ Activated version: b2dbe8361dcf4a4cb7835778a0979e61
  → Recovered missing Language ID for KLP via mapping: fd789a60bea24f4fa4704b52f277f638
Updated KLP 'klp-2-when-to-stop' -> ba62aa0e9f79478cbe9cafeeb527461e
  ✓ Activated version: 575790b307214e329e3f19f6c6bcc2a6
  → Recovered missing Language ID for KLP via mapping: fd789a60bea24f4fa4704b52f277f638
Updated KLP 'klp-3-resuscitation-stop-next' -> 5a3ceae7298e4267b55aa9469e894dcc
  ✓ Activated version: 0b4f9f114f544f369d56894c7c61cfec
  → Recovered missing Language ID for KLP via mapping: fd789a60bea24f4fa4704b52f277f638
Updated KLP 'klp-1-skin-to-skin-and-breastfeeding' -> 6ed8db06c66441a5abc53a6fb80366f3
  ✓ Activated version: 58edaf73a7504d77a2bea61028780310
  → Recovered missing Language ID for KLP via mapping: fd789a60bea24f4fa4704b52f277f638
Updated KLP 'klp-3-monitoring' -> 52a1777025214a88af8561ef384e9f6f
  ✓ Activated version: ca14e3b452194b958b1a608120ec44ac
  → Recovered missing Language ID for KLP via mapping: fd789a60bea24f4fa4704b52f277f638
Updated KLP 'klp-3-low-birth-weight-and-resuscitation' -> cbe9c5223c4c498eb2243b56f1e3b064
  ✓ Activated version: aa6821326567465f874d56483a6fbdb8
  → Recovered missing Language ID for KLP via mapping: fd789a60bea24f4fa4704b52f277f638
Updated KLP 'klp-3-challenge-low-birth-weight' -> f70355c85eab4dd285748362bc60e4fe
  ✓ Activated version: e6f19ae6e9214d06a045cf71e1f536ac
  → Recovered missing Language ID for KLP via mapping: fd789a60bea24f4fa4704b52f277f638
Updated KLP 'klp-2-successful-inflation-breaths' -> 2cfa9f4c39bc41f9ab5790994341680b
  ✓ Activated version: 8942ab08d30f419fbe6f5bb996a40880
  → Recovered missing Language ID for KLP via mapping: fd789a60bea24f4fa4704b52f277f638
Updated KLP 'klp-1-dosages-antibiotics' -> 8d09d1d908e64769a28fa92f71978970
  ✓ Activated version: 7d3549171c0e43c78f7b9d8e73a96455
  → Recovered missing Language ID for KLP via mapping: fd789a60bea24f4fa4704b52f277f638
Warning: Could not resolve video link 'video:/Newborn management/management_of_danger_signs'. Path segments: ['Newborn management', 'management_of_danger_signs'], tried prefix='res-video-newborn-management-', suffix='-management-of-danger-signs'
  Warning: Link 'video:/Newborn management/management_of_danger_signs' not in mapping or could not be resolved, removing from question
Updated KLP 'klp-1-dosage-ampicillin-and-gentamicin' -> 019367c05ca543488ec479ce6b59e1bc
  ✓ Activated version: 5b5a7361d3c44da886bb38f6bedf9317
  → Recovered missing Language ID for KLP via mapping: fd789a60bea24f4fa4704b52f277f638
Updated KLP 'klp-1-emergency-signs-newborn' -> b74461dc9f9d43ea94319eb6c95b920b
  ✓ Activated version: cb7a9d2e5acf419e9b00ac92f3da75f8
  → Recovered missing Language ID for KLP via mapping: fd789a60bea24f4fa4704b52f277f638
Updated KLP 'klp-1-approach-assessment-of-newborn' -> d1816210ee2246f791abc4d8fe17fe93
  ✓ Activated version: 56f4270426a6467fad03086fa93f62b6
  → Recovered missing Language ID for KLP via mapping: fd789a60bea24f4fa4704b52f277f638
Updated KLP 'klp-1-unconscious-newborn' -> 01af459b5d5c48b2b94868afea940218
  ✓ Activated version: 1bbe65adf16b44609a4029911ed85562
  → Recovered missing Language ID for KLP via mapping: fd789a60bea24f4fa4704b52f277f638
Warning: Could not resolve video link 'video:/Newborn management/management_of_danger_signs'. Path segments: ['Newborn management', 'management_of_danger_signs'], tried prefix='res-video-newborn-management-', suffix='-management-of-danger-signs'
  Warning: Link 'video:/Newborn management/management_of_danger_signs' not in mapping or could not be resolved, removing from question
Updated KLP 'klp-1-airway-management' -> fc61241da90f4d8db25883479c9c240c
  ✓ Activated version: ce1de3702fda436696c6a8f69acde9ec
  → Recovered missing Language ID for KLP via mapping: fd789a60bea24f4fa4704b52f277f638
Warning: Could not resolve video link 'video:/Newborn management/management_of_danger_signs'. Path segments: ['Newborn management', 'management_of_danger_signs'], tried prefix='res-video-newborn-management-', suffix='-management-of-danger-signs'
  Warning: Link 'video:/Newborn management/management_of_danger_signs' not in mapping or could not be resolved, removing from question
Updated KLP 'klp-1-breathing-emergency-signs' -> a1153000dea846979b98d14fdcdb28c6
  ✓ Activated version: 580f0e137c6a4fa095c558e2590e7a27
  → Recovered missing Language ID for KLP via mapping: fd789a60bea24f4fa4704b52f277f638
Warning: Could not resolve video link 'video:/Newborn management/management_of_danger_signs'. Path segments: ['Newborn management', 'management_of_danger_signs'], tried prefix='res-video-newborn-management-', suffix='-management-of-danger-signs'
  Warning: Link 'video:/Newborn management/management_of_danger_signs' not in mapping or could not be resolved, removing from question
Updated KLP 'klp-1-low-respiratory-rate' -> 60ccdff2a00d4ca09e72ad37db806de3
  ✓ Activated version: 699b74c8839b478da863fb6d9bd7dd43
  → Recovered missing Language ID for KLP via mapping: fd789a60bea24f4fa4704b52f277f638
Warning: Could not resolve video link 'video:/Newborn management/management_of_danger_signs'. Path segments: ['Newborn management', 'management_of_danger_signs'], tried prefix='res-video-newborn-management-', suffix='-management-of-danger-signs'
  Warning: Link 'video:/Newborn management/management_of_danger_signs' not in mapping or could not be resolved, removing from question
Updated KLP 'klp-1-grunting' -> 569eef76d7d141668a0b7fd9301d8ceb
  ✓ Activated version: 66b8ce8928794629820c9d1d2fbad340
  → Recovered missing Language ID for KLP via mapping: fd789a60bea24f4fa4704b52f277f638
Warning: Could not resolve video link 'video:/Newborn management/management_of_danger_signs'. Path segments: ['Newborn management', 'management_of_danger_signs'], tried prefix='res-video-newborn-management-', suffix='-management-of-danger-signs'
  Warning: Link 'video:/Newborn management/management_of_danger_signs' not in mapping or could not be resolved, removing from question
Updated KLP 'klp-1-apnoea' -> 978ada5bf2b84afda758a2b242cf1827
  ✓ Activated version: dbb394445dbc4ccdb41c9bc2e0533811
  → Recovered missing Language ID for KLP via mapping: fd789a60bea24f4fa4704b52f277f638
Warning: Could not resolve video link 'video:/Newborn management/management_of_danger_signs'. Path segments: ['Newborn management', 'management_of_danger_signs'], tried prefix='res-video-newborn-management-', suffix='-management-of-danger-signs'
  Warning: Link 'video:/Newborn management/management_of_danger_signs' not in mapping or could not be resolved, removing from question
Warning: Could not resolve video link 'video:/Newborn management/management_of_danger_signs'. Path segments: ['Newborn management', 'management_of_danger_signs'], tried prefix='res-video-newborn-management-', suffix='-management-of-danger-signs'
  Warning: Link 'video:/Newborn management/management_of_danger_signs' not in mapping or could not be resolved, removing from question
Updated KLP 'klp-1-signs-of-shock' -> 95ebde16a21a444cbd6df3e6031c91b4
  ✓ Activated version: b5993bb9b6ca4da7a9c5ca40529235c2
  → Recovered missing Language ID for KLP via mapping: fd789a60bea24f4fa4704b52f277f638
Warning: Could not resolve video link 'video:/Newborn management/management_of_danger_signs'. Path segments: ['Newborn management', 'management_of_danger_signs'], tried prefix='res-video-newborn-management-', suffix='-management-of-danger-signs'
  Warning: Link 'video:/Newborn management/management_of_danger_signs' not in mapping or could not be resolved, removing from question
Updated KLP 'klp-1-emergency-signs-newborn' -> b74461dc9f9d43ea94319eb6c95b920b
  ✓ Activated version: 297b37e448b34630a42ae9d470eb4771
  → Recovered missing Language ID for KLP via mapping: fd789a60bea24f4fa4704b52f277f638
Warning: Could not resolve video link 'video:/Newborn management/management_of_danger_signs'. Path segments: ['Newborn management', 'management_of_danger_signs'], tried prefix='res-video-newborn-management-', suffix='-management-of-danger-signs'
  Warning: Link 'video:/Newborn management/management_of_danger_signs' not in mapping or could not be resolved, removing from question
Updated KLP 'klp-2-hypothermia' -> 238cc2d0908b4359bf253cf6bc53d12c
  ✓ Activated version: 960e8cdfe8fe4d8fb348aae8ba6502a8
  → Recovered missing Language ID for KLP via mapping: fd789a60bea24f4fa4704b52f277f638
Warning: Could not resolve video link 'video:/Newborn management/management_of_danger_signs'. Path segments: ['Newborn management', 'management_of_danger_signs'], tried prefix='res-video-newborn-management-', suffix='-management-of-danger-signs'
  Warning: Link 'video:/Newborn management/management_of_danger_signs' not in mapping or could not be resolved, removing from question
Updated KLP 'klp-2-emergency-management' -> 9c37fabcc40d409f80c28451cc6326c8
  ✓ Activated version: b5a476ee0a89474cb0a7552f1c47ace5
  → Recovered missing Language ID for KLP via mapping: fd789a60bea24f4fa4704b52f277f638
Warning: Could not resolve video link 'video:/Newborn management/management_of_danger_signs'. Path segments: ['Newborn management', 'management_of_danger_signs'], tried prefix='res-video-newborn-management-', suffix='-management-of-danger-signs'
  Warning: Link 'video:/Newborn management/management_of_danger_signs' not in mapping or could not be resolved, removing from question
Updated KLP 'klp-2-emergency-sign-2-week-old-baby' -> 58810f19a1b7469b9ee61e5d383a2098
  ✓ Activated version: 3286979a473e4f98aa8ca83be08bf6b1
  → Recovered missing Language ID for KLP via mapping: fd789a60bea24f4fa4704b52f277f638
Warning: Could not resolve video link 'video:/Newborn management/management_of_danger_signs'. Path segments: ['Newborn management', 'management_of_danger_signs'], tried prefix='res-video-newborn-management-', suffix='-management-of-danger-signs'
  Warning: Link 'video:/Newborn management/management_of_danger_signs' not in mapping or could not be resolved, removing from question
Updated KLP 'klp-2-obstructed-airway' -> 0a5873d5c7db45f1b2efd2ba952d0ca4
  ✓ Activated version: 7070e662645449a785038193e7929490
  → Recovered missing Language ID for KLP via mapping: fd789a60bea24f4fa4704b52f277f638
Warning: Could not resolve video link 'video:/Newborn management/management_of_danger_signs'. Path segments: ['Newborn management', 'management_of_danger_signs'], tried prefix='res-video-newborn-management-', suffix='-management-of-danger-signs'
  Warning: Link 'video:/Newborn management/management_of_danger_signs' not in mapping or could not be resolved, removing from question
Updated KLP 'klp-2-difficulty-breathing' -> 1c60dc533a7140e1a49d40944043912b
  ✓ Activated version: 4f9fbb45d92244bea8077ac020899866
  → Recovered missing Language ID for KLP via mapping: fd789a60bea24f4fa4704b52f277f638
Updated KLP 'klp-2-drowsy-and-unconscious' -> 391ff1f28881439cabc0ed280ce5f727
  ✓ Activated version: 51e884a1791f477c9e0659db10ce5b79
  → Recovered missing Language ID for KLP via mapping: fd789a60bea24f4fa4704b52f277f638
Warning: Could not resolve video link 'video:/Newborn management/management_of_danger_signs'. Path segments: ['Newborn management', 'management_of_danger_signs'], tried prefix='res-video-newborn-management-', suffix='-management-of-danger-signs'
  Warning: Link 'video:/Newborn management/management_of_danger_signs' not in mapping or could not be resolved, removing from question
Updated KLP 'klp-2-low-blood-sugar-treatment' -> 491502b52d15423dafd6b9dd5b781308
  ✓ Activated version: d7a800c4136d46aaa4385210fbb29f6f
  → Recovered missing Language ID for KLP via mapping: fd789a60bea24f4fa4704b52f277f638
Warning: Could not resolve video link 'video:/Newborn management/management_of_danger_signs'. Path segments: ['Newborn management', 'management_of_danger_signs'], tried prefix='res-video-newborn-management-', suffix='-management-of-danger-signs'
  Warning: Link 'video:/Newborn management/management_of_danger_signs' not in mapping or could not be resolved, removing from question
Warning: Could not resolve video link 'video:/Newborn management/management_of_danger_signs'. Path segments: ['Newborn management', 'management_of_danger_signs'], tried prefix='res-video-newborn-management-', suffix='-management-of-danger-signs'
  Warning: Link 'video:/Newborn management/management_of_danger_signs' not in mapping or could not be resolved, removing from question
Updated KLP 'klp-2-convulsions' -> 2e3c3cc8f3404710999bf0524a7225c1
  ✓ Activated version: 75a7ac55f8f247b0ba7148bda53884b3
  → Recovered missing Language ID for KLP via mapping: fd789a60bea24f4fa4704b52f277f638
Updated KLP 'klp-2-phenorbabital' -> 94382b66d9c84e7a9bffb44bb0c61286
  ✓ Activated version: 9cedc21edeac4959aee445f71b432816
  → Recovered missing Language ID for KLP via mapping: fd789a60bea24f4fa4704b52f277f638
Warning: Could not resolve video link 'video:/Newborn management/management_of_danger_signs'. Path segments: ['Newborn management', 'management_of_danger_signs'], tried prefix='res-video-newborn-management-', suffix='-management-of-danger-signs'
  Warning: Link 'video:/Newborn management/management_of_danger_signs' not in mapping or could not be resolved, removing from question
Updated KLP 'klp-2-low-temperature' -> 02e124eaa91044bea35c7ae909f750a0
  ✓ Activated version: 8120353690f6462b8ca96e38b7ce9823
  → Recovered missing Language ID for KLP via mapping: fd789a60bea24f4fa4704b52f277f638
Warning: Could not resolve video link 'video:/Newborn management/management_of_danger_signs'. Path segments: ['Newborn management', 'management_of_danger_signs'], tried prefix='res-video-newborn-management-', suffix='-management-of-danger-signs'
  Warning: Link 'video:/Newborn management/management_of_danger_signs' not in mapping or could not be resolved, removing from question
Updated KLP 'klp-2-severe-infection' -> b98c9e988bd2477e99f7f88eb232cf5d
  ✓ Activated version: c048336fe78d4f69b5fd076ef5a35398
  → Recovered missing Language ID for KLP via mapping: fd789a60bea24f4fa4704b52f277f638
Warning: Could not resolve video link 'video:/Newborn management/management_of_danger_signs'. Path segments: ['Newborn management', 'management_of_danger_signs'], tried prefix='res-video-newborn-management-', suffix='-management-of-danger-signs'
  Warning: Link 'video:/Newborn management/management_of_danger_signs' not in mapping or could not be resolved, removing from question
Updated KLP 'klp-2-newborn-no-improvement' -> a9ee5900e09e465b9bb9400003e79a9c
  ✓ Activated version: aaea635654794fe48d20c066a89d1652
  → Recovered missing Language ID for KLP via mapping: fd789a60bea24f4fa4704b52f277f638
Warning: Could not resolve video link 'video:/Newborn management/management_of_danger_signs'. Path segments: ['Newborn management', 'management_of_danger_signs'], tried prefix='res-video-newborn-management-', suffix='-management-of-danger-signs'
  Warning: Link 'video:/Newborn management/management_of_danger_signs' not in mapping or could not be resolved, removing from question
Updated KLP 'klp-3-risk-of-low-blood-sugar' -> 4efeec9eb0bf418a9853faa9efc8a2de
  ✓ Activated version: 58381b73306e4c1f8fb3f2551bd5ffac
  → Recovered missing Language ID for KLP via mapping: fd789a60bea24f4fa4704b52f277f638
Updated KLP 'klp-3-referral' -> 53b3473a748a452b8c7dfd2797916bce
  ✓ Activated version: 141b1df00a0b4fc8ad4d1b08e3205ce2
  → Recovered missing Language ID for KLP via mapping: fd789a60bea24f4fa4704b52f277f638
Warning: Could not resolve video link 'video:/Newborn management/management_of_danger_signs'. Path segments: ['Newborn management', 'management_of_danger_signs'], tried prefix='res-video-newborn-management-', suffix='-management-of-danger-signs'
  Warning: Link 'video:/Newborn management/management_of_danger_signs' not in mapping or could not be resolved, removing from question
Updated KLP 'klp-3-bed-side-diagnostics' -> 30d578bcc4fe49e89bc89478b25e5b23
  ✓ Activated version: 0bb6583dc11740419bc4dd3787416720
  → Recovered missing Language ID for KLP via mapping: fd789a60bea24f4fa4704b52f277f638
Warning: Could not resolve video link 'video:/Newborn management/management_of_danger_signs'. Path segments: ['Newborn management', 'management_of_danger_signs'], tried prefix='res-video-newborn-management-', suffix='-management-of-danger-signs'
  Warning: Link 'video:/Newborn management/management_of_danger_signs' not in mapping or could not be resolved, removing from question
Updated KLP 'klp-3-safe-oxygen-level' -> c9aa5a90822646289ad13cc6eb574005
  ✓ Activated version: 1f6d4ec1f6f544a9b26d6b226b7f201f
  → Recovered missing Language ID for KLP via mapping: fd789a60bea24f4fa4704b52f277f638
Updated KLP 'klp-3-transportation' -> 7b9bbc1b43104b578f0fd765942eb3b3
  ✓ Activated version: 5c94448b01d74882a65deef162df7121
  → Recovered missing Language ID for KLP via mapping: fd789a60bea24f4fa4704b52f277f638
Updated KLP 'klp-3-referral-not-possible' -> 67ad8d6a5f2c4f3b9038956f0de7aced
  ✓ Activated version: c2fdeed7d4944e00a22ca161d10f78ef
  → Recovered missing Language ID for KLP via mapping: fd789a60bea24f4fa4704b52f277f638
Updated KLP 'klp-3-functions-nbsu' -> 8621a0a48cac401e906892e61aa8cb96
  ✓ Activated version: 96142f8f66ed40aa8f1fc8d7aaffcc68
  → Recovered missing Language ID for KLP via mapping: fd789a60bea24f4fa4704b52f277f638
Warning: Could not resolve video link 'video:/Newborn management/management_of_danger_signs'. Path segments: ['Newborn management', 'management_of_danger_signs'], tried prefix='res-video-newborn-management-', suffix='-management-of-danger-signs'
  Warning: Link 'video:/Newborn management/management_of_danger_signs' not in mapping or could not be resolved, removing from question
Updated KLP 'klp-3-prevention-respiratory-distress' -> 0febec31c81443c8b43fff6f020bd0f4
  ✓ Activated version: 68df697e440f448b9eaf2698a46d294d
  → Recovered missing Language ID for KLP via mapping: fd789a60bea24f4fa4704b52f277f638
Warning: Could not resolve video link 'video:/Newborn management/management_of_danger_signs'. Path segments: ['Newborn management', 'management_of_danger_signs'], tried prefix='res-video-newborn-management-', suffix='-management-of-danger-signs'
  Warning: Link 'video:/Newborn management/management_of_danger_signs' not in mapping or could not be resolved, removing from question
Updated KLP 'klp-3-administration-of-phenobarbital' -> 7f05812caecd48c8814ab441a29784f2
  ✓ Activated version: ec2fcc44322d42f998d7a1c8a1fb5628
  → Recovered missing Language ID for KLP via mapping: fd789a60bea24f4fa4704b52f277f638
Updated KLP 'klp-3-temperature-management' -> 002e96e5264644e09c6620d6779407e8
  ✓ Activated version: dc3caf539ada417c873a368cbf627f2a
  → Recovered missing Language ID for KLP via mapping: fd789a60bea24f4fa4704b52f277f638
Warning: Could not resolve video link 'video:/Newborn management/management_of_danger_signs'. Path segments: ['Newborn management', 'management_of_danger_signs'], tried prefix='res-video-newborn-management-', suffix='-management-of-danger-signs'
  Warning: Link 'video:/Newborn management/management_of_danger_signs' not in mapping or could not be resolved, removing from question
Updated KLP 'klp-3-nbsu-bed-side-diagnostics' -> 0990683fd8ae41acbc8b5480560f0f92
  ✓ Activated version: f6271f286592414fbc6a32407c283475
  → Recovered missing Language ID for KLP via mapping: fd789a60bea24f4fa4704b52f277f638
Updated KLP 'klp-3-what-are-emergency-signs' -> a992651ef6194a6abef2589fb16c05c0
  ✓ Activated version: 66f73f3056ba4f52b41b77d90a81c59f
  → Recovered missing Language ID for KLP via mapping: fd789a60bea24f4fa4704b52f277f638
Updated KLP 'klp-2-definition-of-low-birthweight' -> cd24350bd14a4f16a0e3ecced862b1d5
  ✓ Activated version: 27b6f888361041e7a53af6e810e27402
  → Recovered missing Language ID for KLP via mapping: fd789a60bea24f4fa4704b52f277f638
Updated KLP 'klp-1-preterm-presentation' -> 883dff31f25349a1ba1cc64f0919ae34
  ✓ Activated version: a0da16e451f44dfea665971e332150b2
  → Recovered missing Language ID for KLP via mapping: fd789a60bea24f4fa4704b52f277f638
Updated KLP 'klp-1-initial-care-of-the-low-birth-weight' -> fe2f8f854bad46dab3a9dfd77c16f1cb
  ✓ Activated version: 639f7b493bb34856bcc97b02f23d6257
  → Recovered missing Language ID for KLP via mapping: fd789a60bea24f4fa4704b52f277f638
Updated KLP 'klp-1-what-is-kangaroo-mother-care' -> 6994852c890c43a39fe5c1cfc1063c74
  ✓ Activated version: e6fa978461d14c7697c79048976ae073
  → Recovered missing Language ID for KLP via mapping: fd789a60bea24f4fa4704b52f277f638
Updated KLP 'klp-2-how-to-kangaroo-mother-care' -> 5f2b7d094ea9407d9546c807acedc319
  ✓ Activated version: f0e9b40a488b43a7901ccb15b357306c
  → Recovered missing Language ID for KLP via mapping: fd789a60bea24f4fa4704b52f277f638
Updated KLP 'klp-3-discharge' -> c9ab5dd6c9194ed995b19015a315b7b3
  ✓ Activated version: 43b9d5940a304fef838c5715eb7681cf
  → Recovered missing Language ID for KLP via mapping: fd789a60bea24f4fa4704b52f277f638
Updated KLP 'klp-2-feeding' -> 69ee0e37dc8844fabde935123f68fb04
  ✓ Activated version: b2e446b2df594ed1ad6c0ed8ed49ee90
  → Recovered missing Language ID for KLP via mapping: fd789a60bea24f4fa4704b52f277f638
Updated KLP 'klp-3-unable-to-suck' -> bc584bbe2cd1459885a41b3b25ec1934
  ✓ Activated version: 7eace73e024940f5852f70483497d21e
  → Recovered missing Language ID for KLP via mapping: fd789a60bea24f4fa4704b52f277f638
Warning: Could not resolve action-card link 'action-card:pediatric-drugs-and-fluids_1486735917639'. Candidates: ['res-action-card-india-pediatric-drugs-and-fluids', 'res-action-card-pediatric-drugs-and-fluids']
  Warning: Link 'action-card:pediatric-drugs-and-fluids_1486735917639' not in mapping or could not be resolved, removing from question
Updated KLP 'klp-1-feeding-schedule' -> eb8651dc170b4db9a6c3ae9227110ea7
  ✓ Activated version: dd7956369679497397ddfb80649bc8cd
  → Recovered missing Language ID for KLP via mapping: fd789a60bea24f4fa4704b52f277f638
Updated KLP 'klp-1-non-responsive-newborn' -> 3748a4d27e7e47079a49febd1ec41f04
  ✓ Activated version: 9f724cc765214e0da85e4f459aa32d94
  → Recovered missing Language ID for KLP via mapping: fd789a60bea24f4fa4704b52f277f638
Updated KLP 'klp-2-breathing' -> fd1811f3f8e7463e945c6f679f287d3f
  ✓ Activated version: c89f3e32f16e4e60b708c0aca6e0452b
  → Recovered missing Language ID for KLP via mapping: fd789a60bea24f4fa4704b52f277f638
Updated KLP 'klp-1-rds-symptoms' -> 5afa124e7f3540bab444c779c7eaed65
  ✓ Activated version: 5ec22fd6651f49d79576d5286be921ef
  → Recovered missing Language ID for KLP via mapping: fd789a60bea24f4fa4704b52f277f638
Updated KLP 'klp-2-rds-management' -> 69fbc83954b141d2af023315a847e89e
  ✓ Activated version: bee5fd9e7ce8493599065cfde933dbb2
  → Recovered missing Language ID for KLP via mapping: fd789a60bea24f4fa4704b52f277f638
Updated KLP 'klp-3-cpap' -> 29811183b36b4aa1a661844838c4e7a1
  ✓ Activated version: 0d1fea3ca7aa4f96b15dea8147372ebd
  → Recovered missing Language ID for KLP via mapping: fd789a60bea24f4fa4704b52f277f638
Updated KLP 'klp-1-rds-ab' -> 073ce65c26a44cac8bc5cf27c912d49e
  ✓ Activated version: 3dbb52e76c414f4cae7c9ae4f3cd0ae1
  → Recovered missing Language ID for KLP via mapping: fd789a60bea24f4fa4704b52f277f638
Updated KLP 'klp-2-oxygen-therapy' -> 5b2eb4e172504aa599de7dcf78d8fdac
  ✓ Activated version: 4945226966e84286be69ccd43cc4522e
  → Recovered missing Language ID for KLP via mapping: fd789a60bea24f4fa4704b52f277f638
Updated KLP 'klp-3-oxygen-saturation' -> 357b92becdc04959880ba0d0da9df3cf
  ✓ Activated version: 98770673e0f042e48abe406c49c88162
  → Recovered missing Language ID for KLP via mapping: fd789a60bea24f4fa4704b52f277f638
Updated KLP 'klp-2-oxygen-indication' -> 7b91d3d383b54efe94eb582aff6c8b47
  ✓ Activated version: 80cd5fad56a0486fadcec375251aad94
  → Recovered missing Language ID for KLP via mapping: fd789a60bea24f4fa4704b52f277f638
Updated KLP 'klp-1-grunting' -> 569eef76d7d141668a0b7fd9301d8ceb
  ✓ Activated version: e737ebb190fe4a48ae86be664cb551a1
  → Recovered missing Language ID for KLP via mapping: fd789a60bea24f4fa4704b52f277f638
Updated KLP 'klp-3-apnea-prevention' -> f6efa1133226444ab5cc54cbd53ec476
  ✓ Activated version: 5b0e8070ed37458eb43b24d7dbf5a862
  → Recovered missing Language ID for KLP via mapping: fd789a60bea24f4fa4704b52f277f638
Updated KLP 'klp-3-stable-newborn-management' -> 9baa6108fd214267b8d775a712f88ed2
  ✓ Activated version: 7d6215017dc54d0a997cb985a821ba98
  → Recovered missing Language ID for KLP via mapping: fd789a60bea24f4fa4704b52f277f638
Updated KLP 'klp-3-jaundice' -> 685a35d493a542cbbcd8db2ff86b6894
  ✓ Activated version: 282a7450239040eca45b33418da1bd56
  → Recovered missing Language ID for KLP via mapping: fd789a60bea24f4fa4704b52f277f638
Updated KLP 'klp-2-severe-jaundice' -> 052165663dfd4856a15ad9ffcc0a38f1
  ✓ Activated version: 5dbb8306c7cc40c4910a0e8735ca9747
  → Recovered missing Language ID for KLP via mapping: fd789a60bea24f4fa4704b52f277f638
Updated KLP 'klp-3-severe-jaundice-jaundice-treatment' -> 16bfcb7955324ec688d726249cb76f1a
  ✓ Activated version: 1438425e76e9455d8db99640de9622c4
  → Recovered missing Language ID for KLP via mapping: fd789a60bea24f4fa4704b52f277f638
Updated KLP 'klp-1-vomits' -> d6778b30307f4724b8b608edbdf988b7
  ✓ Activated version: 123250009c2f48139dfbf8ef458f0a71
  → Recovered missing Language ID for KLP via mapping: fd789a60bea24f4fa4704b52f277f638
Updated KLP 'klp-2-necrotizing-enterocolitis' -> 3434e595f81e4fb1882fa31d77122fa4
  ✓ Activated version: 438bcaad7fe740f8af2b5e1c991d5a0e
  → Recovered missing Language ID for KLP via mapping: fd789a60bea24f4fa4704b52f277f638
Updated KLP 'klp-3-necrotizing-enterocolitis-management' -> 620e2888d1cb40c58f87d03921974402
  ✓ Activated version: a6f78db5eb894edfa57579908330fe75
  → Recovered missing Language ID for KLP via mapping: fd789a60bea24f4fa4704b52f277f638
Updated KLP 'klp-1-lbw-infection' -> b8c0a6877d254426b8953b8ad5d5b03c
  ✓ Activated version: d0f3985a2b5f48599f1ae37093359c02
  → Recovered missing Language ID for KLP via mapping: fd789a60bea24f4fa4704b52f277f638
Updated KLP 'klp-3-lbw-infection-treatment' -> 3c46cb4cf75947edacd320e03bdc0ecb
  ✓ Activated version: 38aa80ecb508404ba01706ed30c570b7
  → Recovered missing Language ID for KLP via mapping: fd789a60bea24f4fa4704b52f277f638
Updated KLP 'klp-2-severe-infection' -> b98c9e988bd2477e99f7f88eb232cf5d
  ✓ Activated version: 1c50693df7e845dda517089e93d192db
  → Recovered missing Language ID for KLP via mapping: fd789a60bea24f4fa4704b52f277f638
Updated KLP 'klp-1-referral-indications' -> dc06dd764f254c5e840c8b241133e944
  ✓ Activated version: 7b42fcb6ef1e491292e37cd4b83bc442
  → Recovered missing Language ID for KLP via mapping: fd789a60bea24f4fa4704b52f277f638
Updated KLP 'klp-2-referral-safety-rules' -> 656412240b434cdbaf7fd1b828421f46
  ✓ Activated version: 206ec9a0a9d4496685a00df5432fc52d
  → Recovered missing Language ID for KLP via mapping: fd789a60bea24f4fa4704b52f277f638
Updated KLP 'klp-2-referral-warmth' -> d18456b708bf4868af883ea4dc80e584
  ✓ Activated version: 98c12146c9d4427eb0a85d1df7237d29
  → Recovered missing Language ID for KLP via mapping: fd789a60bea24f4fa4704b52f277f638
Updated KLP 'klp-3-referral-no-option' -> 3d843f24f807430ea98b5b03e301ea9e
  ✓ Activated version: 8093587a4eb646af8887fd4ca767292e
  → Recovered missing Language ID for KLP via mapping: fd789a60bea24f4fa4704b52f277f638
Updated KLP 'klp-1-respectful-care' -> 1532e228ebec4a4c966dd04a8fad200f
  ✓ Activated version: be635fe299864dfe9eaaea530db50218
  → Recovered missing Language ID for KLP via mapping: fd789a60bea24f4fa4704b52f277f638
Updated KLP 'klp-3-necrotizing-enterocolitis-antibiotics' -> 81c504f3d72c4cb0a172fb1a9a7a35a3
  ✓ Activated version: f8f0cc69158a44068ad29909f7662335

=== STEP 4: Post Modules ===
Loaded 21 existing module mappings

📋 Modules to be processed:
    1. [PATCH (ddd4286db3b444a291617883c553ddc3)] Perinatal Mental Health  (mod-perinatal-mental-health)  [🌍 49bc07fa...]
    2. [PATCH (7f17de21b1f34a5799c408d3a32bf1ea)] Modern Contraception  (mod-modern-contraception)  [🌍 49bc07fa...]
    3. [PATCH (532aa6e1aef4400bb135d56e28adcd60)] Antenatal Care  (mod-antenatal-care)  [🌍 49bc07fa...]
    4. [PATCH (194f4d7529604864a7ee2becc6d5ccf2)] Postnatal Care  (mod-postnatal-care)  [🌍 49bc07fa...]
    5. [PATCH (9ad575c730694b7497f9c5333e7a00bf)] Gestational Diabetes Mellitus  (mod-gestational-diabetes-mellitus)  [🌍 49bc07fa...]
    6. [PATCH (cd540252573944ea99aecd93a90cbaa6)] Infection Prevention  (mod-infection-prevention)  [🌍 49bc07fa...]
    7. [PATCH (30d26fe1021c4a95ab0edb66df12f6ad)] Post Abortion Care  (mod-post-abortion-care)  [🌍 49bc07fa...]
    8. [PATCH (2ef6c41587c7424d87c6659c820cfc10)] Hypertension  (mod-hypertension)  [🌍 49bc07fa...]
    9. [PATCH (0f73646c919147fca15e6f8a19c963aa)] Normal Labour and Birth  (mod-normal-labour-and-birth)  [🌍 49bc07fa...]
   10. [PATCH (dae9cfb68f0d4412a794b3298d835915)] Active Management of Third Stage Labour  (mod-active-management-of-third-stage-labour)  [🌍 49bc07fa...]
   11. [PATCH (607c0afc3bcf49fc971c8e242b5a953c)] Prolonged Labour  (mod-prolonged-labour)  [🌍 49bc07fa...]
   12. [PATCH (aadf002d61b74895b0220cccf101d1a7)] Post Partum Hemorrhage  (mod-post-partum-hemorrhage)  [🌍 49bc07fa...]
   13. [PATCH (34e08d6ec0e14c86b834b39099fa9b50)] Manual Removal of Placenta  (mod-manual-removal-of-placenta)  [🌍 49bc07fa...]
   14. [PATCH (001333fd94134f2faecbaddf3f6e0a73)] Maternal Sepsis  (mod-maternal-sepsis)  [🌍 49bc07fa...]
   15. [PATCH (88fbca99a4484c05b2d49b1a9d43ba1a)] Neonatal Resuscitation  (mod-neonatal-resuscitation)  [🌍 49bc07fa...]
   16. [PATCH (9c3fd6c13ab04714b1fa4360dae7e7b0)] Care of The Sick Newborn  (mod-care-of-the-sick-newborn)  [🌍 49bc07fa...]
   17. [PATCH (ba9c75886ccf4505991026b2dab71131)] Low Birth Weight  (mod-low-birth-weight)  [🌍 49bc07fa...]


  📋 Module 'Perinatal Mental Health' [mod-perinatal-mental-health] resource resolution:
     Videos:     8 slugs → 8 IDs
     ActionCards:5 slugs → 5 IDs
     Procedures: 3 slugs → 3 IDs
     Drugs:      0 slugs → 0 IDs
     KLPs:       36 slugs → 36 IDs
     (sample action_card ID: 01d89ef3b3e54940986210d58466f310)
  🔄 PATCH → http://135.225.105.160:8004/modules/ddd4286db3b444a291617883c553ddc3
     Payload resource counts: videos=8, action_cards=5, procedures=3, drugs=0, klps=36
     language_id=fd789a60bea24f4fa4704b52f277f638, region=india, content_type=translated
  📨 Response: 200
Updated module 'Perinatal Mental Health'
  ✓ Activated module version: 5591daaf2d38405ebbe6c098cbed63cc

  📋 Module 'Modern Contraception' [mod-modern-contraception] resource resolution:
     Videos:     9 slugs → 9 IDs
     ActionCards:6 slugs → 6 IDs
     Procedures: 5 slugs → 5 IDs
     Drugs:      7 slugs → 7 IDs
     KLPs:       35 slugs → 35 IDs
     (sample action_card ID: 182df42f49424d6cb62f195d8f9b0eb1)
     (sample drug ID: 735c4af20a1648a6b82fbc6529ba9e36)
  🔄 PATCH → http://135.225.105.160:8004/modules/7f17de21b1f34a5799c408d3a32bf1ea
     Payload resource counts: videos=9, action_cards=6, procedures=5, drugs=7, klps=35
     language_id=fd789a60bea24f4fa4704b52f277f638, region=india, content_type=translated
  📨 Response: 200
Updated module 'Modern Contraception'
  ✓ Activated module version: 459b49a010fa4cc8ab9d33f2e1b917c4

  📋 Module 'Antenatal Care' [mod-antenatal-care] resource resolution:
     Videos:     7 slugs → 7 IDs
     ActionCards:7 slugs → 7 IDs
     Procedures: 3 slugs → 3 IDs
     Drugs:      11 slugs → 11 IDs
     KLPs:       36 slugs → 36 IDs
     (sample action_card ID: a29c7a215f9d440cb895bc1028611fbc)
     (sample drug ID: f2a032e6bbd74330a64742f40e69928b)
  🔄 PATCH → http://135.225.105.160:8004/modules/532aa6e1aef4400bb135d56e28adcd60
     Payload resource counts: videos=7, action_cards=7, procedures=3, drugs=11, klps=36
     language_id=fd789a60bea24f4fa4704b52f277f638, region=india, content_type=translated
  📨 Response: 200
Updated module 'Antenatal Care'
  ✓ Activated module version: 5573375151554a1cb484f34b9b4a2815

  📋 Module 'Postnatal Care' [mod-postnatal-care] resource resolution:
     Videos:     9 slugs → 9 IDs
     ActionCards:2 slugs → 2 IDs
     Procedures: 2 slugs → 2 IDs
     Drugs:      15 slugs → 15 IDs
     KLPs:       36 slugs → 36 IDs
     (sample action_card ID: eabd402497344009b157fdcfe095b3e7)
     (sample drug ID: f756ef196ad545309b09ee93f496a517)
  🔄 PATCH → http://135.225.105.160:8004/modules/194f4d7529604864a7ee2becc6d5ccf2
     Payload resource counts: videos=9, action_cards=2, procedures=2, drugs=15, klps=36
     language_id=fd789a60bea24f4fa4704b52f277f638, region=india, content_type=translated
  📨 Response: 200
Updated module 'Postnatal Care'
  ✓ Activated module version: 4251e899d563465ab92437e24537eb04

  📋 Module 'Gestational Diabetes Mellitus' [mod-gestational-diabetes-mellitus] resource resolution:
     Videos:     10 slugs → 10 IDs
     ActionCards:10 slugs → 10 IDs
     Procedures: 6 slugs → 6 IDs
     Drugs:      3 slugs → 3 IDs
     KLPs:       36 slugs → 36 IDs
     (sample action_card ID: a0df51f815a546cfae95b107be5303a7)
     (sample drug ID: 9c90eefb6b59481a9a11b1e2387f77b9)
  🔄 PATCH → http://135.225.105.160:8004/modules/9ad575c730694b7497f9c5333e7a00bf
     Payload resource counts: videos=10, action_cards=10, procedures=6, drugs=3, klps=36
     language_id=fd789a60bea24f4fa4704b52f277f638, region=india, content_type=translated
  📨 Response: 200
Updated module 'Gestational Diabetes Mellitus'
  ✓ Activated module version: 3860cda20a5a40dd9713c0b401636080

  📋 Module 'Infection Prevention' [mod-infection-prevention] resource resolution:
     Videos:     7 slugs → 7 IDs
     ActionCards:3 slugs → 3 IDs
     Procedures: 5 slugs → 5 IDs
     Drugs:      5 slugs → 5 IDs
     KLPs:       36 slugs → 36 IDs
     (sample action_card ID: 59a292895ac8451bb074901330d00ead)
     (sample drug ID: 65282796fa844bd6bc8ad1a68d632df9)
  🔄 PATCH → http://135.225.105.160:8004/modules/cd540252573944ea99aecd93a90cbaa6
     Payload resource counts: videos=7, action_cards=3, procedures=5, drugs=5, klps=36
     language_id=fd789a60bea24f4fa4704b52f277f638, region=india, content_type=translated
  📨 Response: 200
Updated module 'Infection Prevention'
  ✓ Activated module version: c821c1c7e95843d8911f82ee4fa3d0bb

  📋 Module 'Post Abortion Care' [mod-post-abortion-care] resource resolution:
     Videos:     5 slugs → 5 IDs
     ActionCards:5 slugs → 5 IDs
     Procedures: 3 slugs → 3 IDs
     Drugs:      6 slugs → 6 IDs
     KLPs:       36 slugs → 36 IDs
     (sample action_card ID: 53daccecbe1843f0890317f5010b19ec)
     (sample drug ID: f756ef196ad545309b09ee93f496a517)
  🔄 PATCH → http://135.225.105.160:8004/modules/30d26fe1021c4a95ab0edb66df12f6ad
     Payload resource counts: videos=5, action_cards=5, procedures=3, drugs=6, klps=36
     language_id=fd789a60bea24f4fa4704b52f277f638, region=india, content_type=translated
  📨 Response: 200
Updated module 'Post Abortion Care'
  ✓ Activated module version: 384df45b97bd4f45aac5714bd73f7f98

  📋 Module 'Hypertension' [mod-hypertension] resource resolution:
     Videos:     6 slugs → 6 IDs
     ActionCards:5 slugs → 5 IDs
     Procedures: 3 slugs → 3 IDs
     Drugs:      9 slugs → 9 IDs
     KLPs:       35 slugs → 35 IDs
     (sample action_card ID: 07d137e01a3f42bbb3c99da51ee34a1f)
     (sample drug ID: 43406c6f5ba345bc9a126dbed5e58879)
  🔄 PATCH → http://135.225.105.160:8004/modules/2ef6c41587c7424d87c6659c820cfc10
     Payload resource counts: videos=6, action_cards=5, procedures=3, drugs=9, klps=35
     language_id=fd789a60bea24f4fa4704b52f277f638, region=india, content_type=translated
  📨 Response: 200
Updated module 'Hypertension'
  ✓ Activated module version: 4db3509b162c4c8ab302eb3d2e6b688d

  📋 Module 'Normal Labour and Birth' [mod-normal-labour-and-birth] resource resolution:
     Videos:     9 slugs → 9 IDs
     ActionCards:1 slugs → 1 IDs
     Procedures: 5 slugs → 5 IDs
     Drugs:      2 slugs → 2 IDs
     KLPs:       36 slugs → 36 IDs
     (sample action_card ID: eeb55b124bd24e06801f12b6eaa0ada0)
     (sample drug ID: cabf485d7eb44a0791519567ec027682)
  🔄 PATCH → http://135.225.105.160:8004/modules/0f73646c919147fca15e6f8a19c963aa
     Payload resource counts: videos=9, action_cards=1, procedures=5, drugs=2, klps=36
     language_id=fd789a60bea24f4fa4704b52f277f638, region=india, content_type=translated
  📨 Response: 200
Updated module 'Normal Labour and Birth'
  ✓ Activated module version: 2e15f67f6d624ad1ab958ddd470ef2e2

  📋 Module 'Active Management of Third Stage Labour' [mod-active-management-of-third-stage-labour] resource resolution:
     Videos:     9 slugs → 9 IDs
     ActionCards:3 slugs → 3 IDs
     Procedures: 1 slugs → 1 IDs
     Drugs:      3 slugs → 3 IDs
     KLPs:       36 slugs → 36 IDs
     (sample action_card ID: c052a2d9459b471c9163e99106ff721d)
     (sample drug ID: cabf485d7eb44a0791519567ec027682)
  🔄 PATCH → http://135.225.105.160:8004/modules/dae9cfb68f0d4412a794b3298d835915
     Payload resource counts: videos=9, action_cards=3, procedures=1, drugs=3, klps=36
     language_id=fd789a60bea24f4fa4704b52f277f638, region=india, content_type=translated
  📨 Response: 200
Updated module 'Active Management of Third Stage Labour'
  ✓ Activated module version: 71460f5ed48e4724a030935411a49345

  📋 Module 'Prolonged Labour' [mod-prolonged-labour] resource resolution:
     Videos:     6 slugs → 6 IDs
     ActionCards:5 slugs → 5 IDs
     Procedures: 4 slugs → 4 IDs
     Drugs:      2 slugs → 2 IDs
     KLPs:       37 slugs → 37 IDs
     (sample action_card ID: eeb55b124bd24e06801f12b6eaa0ada0)
     (sample drug ID: cabf485d7eb44a0791519567ec027682)
  🔄 PATCH → http://135.225.105.160:8004/modules/607c0afc3bcf49fc971c8e242b5a953c
     Payload resource counts: videos=6, action_cards=5, procedures=4, drugs=2, klps=37
     language_id=fd789a60bea24f4fa4704b52f277f638, region=india, content_type=translated
  📨 Response: 200
Updated module 'Prolonged Labour'
  ✓ Activated module version: 6ad6319d2cc34924aee7db71b42544ee

  📋 Module 'Post Partum Hemorrhage' [mod-post-partum-hemorrhage] resource resolution:
     Videos:     11 slugs → 11 IDs
     ActionCards:2 slugs → 2 IDs
     Procedures: 7 slugs → 7 IDs
     Drugs:      11 slugs → 11 IDs
     KLPs:       36 slugs → 36 IDs
     (sample action_card ID: c052a2d9459b471c9163e99106ff721d)
     (sample drug ID: f756ef196ad545309b09ee93f496a517)
  🔄 PATCH → http://135.225.105.160:8004/modules/aadf002d61b74895b0220cccf101d1a7
     Payload resource counts: videos=11, action_cards=2, procedures=7, drugs=11, klps=36
     language_id=fd789a60bea24f4fa4704b52f277f638, region=india, content_type=translated
  📨 Response: 200
Updated module 'Post Partum Hemorrhage'
  ✓ Activated module version: a762491a400845c983c799bd96138ee2

  📋 Module 'Manual Removal of Placenta' [mod-manual-removal-of-placenta] resource resolution:
     Videos:     6 slugs → 6 IDs
     ActionCards:1 slugs → 1 IDs
     Procedures: 4 slugs → 4 IDs
     Drugs:      7 slugs → 7 IDs
     KLPs:       36 slugs → 36 IDs
     (sample action_card ID: 55756bb38e7e4c1aafb9ee9db23b6f13)
     (sample drug ID: f756ef196ad545309b09ee93f496a517)
  🔄 PATCH → http://135.225.105.160:8004/modules/34e08d6ec0e14c86b834b39099fa9b50
     Payload resource counts: videos=6, action_cards=1, procedures=4, drugs=7, klps=36
     language_id=fd789a60bea24f4fa4704b52f277f638, region=india, content_type=translated
  📨 Response: 200
Updated module 'Manual Removal of Placenta'
  ✓ Activated module version: 8139616699ea4804b2c661504f573e7c

  📋 Module 'Maternal Sepsis' [mod-maternal-sepsis] resource resolution:
     Videos:     6 slugs → 6 IDs
     ActionCards:3 slugs → 3 IDs
     Procedures: 2 slugs → 2 IDs
     Drugs:      10 slugs → 10 IDs
     KLPs:       36 slugs → 36 IDs
     (sample action_card ID: ff487992b2fc40e3a3a5d1ee21f9018d)
     (sample drug ID: f756ef196ad545309b09ee93f496a517)
  🔄 PATCH → http://135.225.105.160:8004/modules/001333fd94134f2faecbaddf3f6e0a73
     Payload resource counts: videos=6, action_cards=3, procedures=2, drugs=10, klps=36
     language_id=fd789a60bea24f4fa4704b52f277f638, region=india, content_type=translated
  📨 Response: 200
Updated module 'Maternal Sepsis'
  ✓ Activated module version: 7a1516f7f2864967979e722bdbcf78de

  📋 Module 'Neonatal Resuscitation' [mod-neonatal-resuscitation] resource resolution:
     Videos:     6 slugs → 6 IDs
     ActionCards:4 slugs → 4 IDs
     Procedures: 0 slugs → 0 IDs
     Drugs:      1 slugs → 1 IDs
     KLPs:       36 slugs → 36 IDs
     (sample action_card ID: 47467c0729154fedb646f376adb9ca05)
     (sample drug ID: e44525a2a04146429d5fa79194c974cd)
  🔄 PATCH → http://135.225.105.160:8004/modules/88fbca99a4484c05b2d49b1a9d43ba1a
     Payload resource counts: videos=6, action_cards=4, procedures=0, drugs=1, klps=36
     language_id=fd789a60bea24f4fa4704b52f277f638, region=india, content_type=translated
  📨 Response: 200
Updated module 'Neonatal Resuscitation'
  ✓ Activated module version: 6d5784636cf6430f976ced1e53d4c4d8

  📋 Module 'Care of The Sick Newborn' [mod-care-of-the-sick-newborn] resource resolution:
     Videos:     4 slugs → 4 IDs
     ActionCards:5 slugs → 5 IDs
     Procedures: 3 slugs → 3 IDs
     Drugs:      9 slugs → 9 IDs
     KLPs:       36 slugs → 36 IDs
     (sample action_card ID: cbea4214b1f647e38ee3544f11c445f7)
     (sample drug ID: f756ef196ad545309b09ee93f496a517)
  🔄 PATCH → http://135.225.105.160:8004/modules/9c3fd6c13ab04714b1fa4360dae7e7b0
     Payload resource counts: videos=4, action_cards=5, procedures=3, drugs=9, klps=36
     language_id=fd789a60bea24f4fa4704b52f277f638, region=india, content_type=translated
  📨 Response: 200
Updated module 'Care of The Sick Newborn'
  ✓ Activated module version: f799b18c02604177944d5c8c6b7b47c8

  📋 Module 'Low Birth Weight' [mod-low-birth-weight] resource resolution:
     Videos:     7 slugs → 7 IDs
     ActionCards:7 slugs → 7 IDs
     Procedures: 5 slugs → 5 IDs
     Drugs:      9 slugs → 9 IDs
     KLPs:       36 slugs → 36 IDs
     (sample action_card ID: 01a382631b164ef5a400613a4b01e406)
     (sample drug ID: b79532e710834d9da6ba7eb9696fcc9e)
  🔄 PATCH → http://135.225.105.160:8004/modules/ba9c75886ccf4505991026b2dab71131
     Payload resource counts: videos=7, action_cards=7, procedures=5, drugs=9, klps=36
     language_id=fd789a60bea24f4fa4704b52f277f638, region=india, content_type=translated
  📨 Response: 200
Updated module 'Low Birth Weight'
  ✓ Activated module version: 8883128f6b664479b56ef2387920d48d

=== STEP 5: Post Categories ===
Starting category migration for language fd789a60bea24f4fa4704b52f277f638...
Processing category: Sexual & reproductive health
  Found module: Modern Contraception -> 7f17de21b1f34a5799c408d3a32bf1ea
  Found module: Safe Abortion -> 5724a2c0f1dc4728b84f23e4185a234a
  Found module: Post Abortion Care -> 30d26fe1021c4a95ab0edb66df12f6ad
  Found module: Female Genital Mutilation -> 4777dfada7a1414193f777e40c33883a
  Total modules found: 4
  Category exists: 33d419b4a6744440b0cbeb9c094d0f2a, patching...
  ✓ Activated category version: 2443bdeb24c242129c8aa27f09d82680 (Universal)
Processing category: Pregnancy and birth complications
  Found module: Hypertension -> 2ef6c41587c7424d87c6659c820cfc10
  Found module: Prolonged Labour -> 607c0afc3bcf49fc971c8e242b5a953c
  Found module: Post Partum Hemorrhage -> aadf002d61b74895b0220cccf101d1a7
  Found module: Manual Removal of Placenta -> 34e08d6ec0e14c86b834b39099fa9b50
  Found module: Maternal Sepsis -> 001333fd94134f2faecbaddf3f6e0a73
  Found module: Gestational Diabetes Mellitus -> 9ad575c730694b7497f9c5333e7a00bf
  Total modules found: 6
  Category exists: e71492498dad4929a15fca17fb69c1f3, patching...
  ✓ Activated category version: 166e81cfe61146c2ad3e9f3816142a87 (Universal)
Processing category: Maternal health
  Found module: Antenatal Care -> 532aa6e1aef4400bb135d56e28adcd60
  Found module: Postnatal Care -> 194f4d7529604864a7ee2becc6d5ccf2
  Found module: Normal Labour and Birth -> 0f73646c919147fca15e6f8a19c963aa
  Found module: Active Management of Third Stage Labour -> dae9cfb68f0d4412a794b3298d835915
  Found module: Perinatal Mental Health -> ddd4286db3b444a291617883c553ddc3
  Total modules found: 5
  Category exists: e66e3623e73c43f590e1f254ef93ec8c, patching...
  ✓ Activated category version: d272c90d6bfb425e8282b55635efee4c (Universal)
Processing category: Newborn health
  Found module: Neonatal Resuscitation -> 88fbca99a4484c05b2d49b1a9d43ba1a
  Found module: Newborn Management -> 47e6d44526fc438788ec78ce2d11d650
  Found module: Low Birth Weight -> ba9c75886ccf4505991026b2dab71131
  Found module: Care of The Sick Newborn -> 9c3fd6c13ab04714b1fa4360dae7e7b0
  Total modules found: 4
  Category exists: 446b81d54b6149e3a512a3ae285e22e1, patching...
  ✓ Activated category version: e667380c51314b9fb2f01312283d80ab (Universal)
Processing category: Infection prevention
  Found module: Infection Prevention -> cd540252573944ea99aecd93a90cbaa6
  Total modules found: 1
  Category exists: 727c7cc75155433f9cb3f7e7c846cc43, patching...
  ✓ Activated category version: 6c02d0caf406431299f6df495d14aa61 (Universal)
Category migration complete. 5 categories processed.

=== STEP 6: Post Certificates ===
  📂 Loaded 2 local certificate mappings.
  🔄 Fetching all existing certificates from LME for caching...
  ✅ Cached 2 existing certificates from API.

🚀 Starting CERTIFICATE migration...
  Found 159 certificate documents in Cosmos.
  Filtered to 45 unique latest certificates.
  Grouped into 1 certificate families.

================================================================================
Processing Certificate Group 1/1: certificate-2017_1503996242450
================================================================================

📜 Migrating GLOBAL certificate for key: certificate-2017_1503996242450
  → Found in slug cache (cert-certificate-2017): 53a8d5c8d287470187d88d942a8c7c95
  ✅ Found existing global certificate: 53a8d5c8d287470187d88d942a8c7c95
  ⚠️ Skipping translation for langId '039159a0-4ade-4125-ceaa-b0d8df3e6516': Not in languages.csv
  ⚠️ Skipping translation for langId 'aa8c18d3-f053-d7f3-e8be-6a023cda1234': Not in languages.csv
  ⚠️ Skipping translation for langId '51cf0b46-59a8-e6d8-61b2-607afffa54e7': Not in languages.csv
  ⚠️ Skipping translation for langId '82b95239-ab14-8010-e1bd-8451f831148a': Not in languages.csv
  ⚠️ Skipping translation for langId '57153e33-dd43-63d8-337b-ce55028fddb6': Not in languages.csv
  ⚠️ Skipping translation for langId '31ac7e6e-0a21-6d65-7c65-528baae911ca': Not in languages.csv
  ⚠️ Skipping translation for langId '5f06426b-f7f4-ced1-66e3-d8ab3d0881bd': Not in languages.csv
  ⚠️ Skipping translation for langId '48a750e1-e772-975f-3632-1854b5b4501b': Not in languages.csv
  ⚠️ Skipping translation for langId '9d3b9b64-a68a-e704-7243-61a41f3972ff': Not in languages.csv
  ⚠️ Skipping translation for langId '27e7c925-c74b-9e3c-39c5-4d5bf5de63f2': Not in languages.csv
  ⚠️ Skipping translation for langId 'f2546fdb-9ef6-62e0-3ade-ed94cd3f1156': Not in languages.csv
  ⚠️ Skipping translation for langId 'b9d76a25-dbf4-4e26-e4e5-2957ba00eef7': Not in languages.csv
  ⚠️ Skipping translation for langId 'a0be8909-b77e-79b0-ef7c-c145b7b702b5': Not in languages.csv
  ⚠️ Skipping translation for langId 'a5cf01c8-aee8-1f48-bac8-b887483595ca': Not in languages.csv
  ⚠️ Skipping translation for langId 'b7a76509-da16-2796-4851-7ded7456350e': Not in languages.csv
  ⚠️ Skipping translation for langId '3602753e-8e6a-3b05-094b-caf78b37ae26': Not in languages.csv
  ⚠️ Skipping translation for langId '7ec65d25-3edc-dde4-c066-dfe92c798404': Not in languages.csv
  ⚠️ Skipping translation for langId 'ba2b6912-0bf8-d0ed-5c57-22ba41da24af': Not in languages.csv
  ⚠️ Skipping translation for langId '9f9139fa-8d00-28b8-13b9-34ce26df08cd': Not in languages.csv
  ⚠️ Skipping translation for langId '130685a4-db88-3933-1026-f4ac14c4a95a': Not in languages.csv
  ⚠️ Skipping translation for langId 'd7fee124-6f53-1672-57c7-1b29038bfa35': Not in languages.csv
  ⚠️ Skipping translation for langId 'b1df240d-17a7-a114-6e95-50bcde2b81df': Not in languages.csv
  ⚠️ Skipping translation for langId '00bfd564-7d6f-59b6-b00d-df89bddfaabe': Not in languages.csv
  ⚠️ Skipping translation for langId '34167545-4a28-61c7-8f78-af899807d40e': Not in languages.csv
  ⚠️ Skipping translation for langId 'd43337f5-be53-293d-4dc2-751621a70125': Not in languages.csv
  ⚠️ Skipping translation for langId 'd8873ed0-de3a-da5d-9e10-a4cdced24b1b': Not in languages.csv
  ⚠️ Skipping translation for langId '6d8fa9f3-88cd-348a-01be-0851a662bd6d': Not in languages.csv
  ⚠️ Skipping translation for langId '6a146956-9f21-206a-98cf-55db7b0a8301': Not in languages.csv
  ⚠️ Skipping translation for langId 'bba50fa5-52ca-8773-6f0f-257c96ade5be': Not in languages.csv
  ⚠️ Skipping translation for langId 'f3bb22c9-d64b-26e3-cbf9-e5418e905fb1': Not in languages.csv
  ⚠️ Skipping translation for langId 'ca483533-44b4-e792-f941-b8f809c50bfd': Not in languages.csv
  ⚠️ Skipping translation for langId '7c507a77-f40c-944d-d832-9925cce38b77': Not in languages.csv
  ⚠️ Skipping translation for langId 'a5a16d2a-c5c4-c605-f944-1e559dfe7bdf': Not in languages.csv
  ⚠️ Skipping translation for langId '32c2c9f8-5afe-6746-2a79-9966e7987446': Not in languages.csv
  ⚠️ Skipping translation for langId '67431a5f-a328-a334-3a79-125866630feb': Not in languages.csv
  ⚠️ Skipping translation for langId '57de429d-e031-f1e6-d355-c0c8f9b53424': Not in languages.csv
  ⚠️ Skipping translation for langId '791bb5cb-192d-9a45-a03a-c4a0805caf23': Not in languages.csv
  ⚠️ Skipping translation for langId 'c212e9db-06b3-2282-a07d-d3c0c9fe12ea': Not in languages.csv
  ⚠️ Skipping translation for langId '7a3f367b-99df-9bca-0b1f-100dcc14ae95': Not in languages.csv
  ⚠️ Skipping translation for langId '52510488-1303-5e36-6616-cc66413a73f1': Not in languages.csv
  ⚠️ Skipping translation for langId 'cca954e8-6c14-6924-6990-010cd19c7919': Not in languages.csv
  ⚠️ Skipping translation for langId '3163c8ae-e97e-2ad3-986d-82868e1b342b': Not in languages.csv
  ⚠️ Skipping translation for langId 'dca15fb5-81b8-eeaa-c971-d08a7e5c7570': Not in languages.csv

  📚 Found 1 valid translation(s) to migrate
     Parent certificate ID: 53a8d5c8d287470187d88d942a8c7c95

  ────────────────────────────────────────────────────────────────────────────
  🌍 Translation 1/1: Language 49bc07fa-9ad4-816c-17db-e693a28dd40f
  ────────────────────────────────────────────────────────────────────────────

📜 Processing TRANSLATED Certificate: 'Certificate 2017'
   Language: 49bc07fa-9ad4-816c-17db-e693a28dd40f
   Parent ID: 53a8d5c8d287470187d88d942a8c7c95
  ✅ Content uploaded: e8aa844c91af4b299385...
Loaded 1404 asset mappings from file
Using cached asset_id: 46e8b68ba87f43f2bc0540f84534c496
Using cached asset_id: 46e8b68ba87f43f2bc0540f84534c496
Using cached asset_id: 6378698243bc4a68ac3a7eafec7650bf
Using cached asset_id: b48587e2cab9477db8ef9182e4a823cf
Using cached asset_id: b48587e2cab9477db8ef9182e4a823cf
Using cached asset_id: bf97292e052c4af493b87af1e7172ee2
Using cached asset_id: 0c0baa75cb0642639a06b80f875c27f3
Using cached asset_id: d879b28e0252468bac5a33c07520f49f
Using cached asset_id: d879b28e0252468bac5a33c07520f49f
Using cached asset_id: 3c60484fca8f43a29589adc3e38aefce
Using cached asset_id: 3c60484fca8f43a29589adc3e38aefce
Using cached asset_id: dcc44ed0c9944b1b8f94d373bd0bfa73
Using cached asset_id: dcc44ed0c9944b1b8f94d373bd0bfa73
Using cached asset_id: aa7aabd0837c42cea9de9238f549873c
Using cached asset_id: fd49da5d64ed4a67a4ce307ff091576b
Using cached asset_id: 6aeb1c1c5b734118bc1f731d8ae331ee
Using cached asset_id: 324fa5427df8450694c72ea6c82e398f
Using cached asset_id: f48a59fe61cc402e9ff7a2b665106a82
Using cached asset_id: f48a59fe61cc402e9ff7a2b665106a82
Using cached asset_id: 6d5ab388ca194720a63142dc7f387d8a
Using cached asset_id: f73365c3ff4e4d779fa2f2f6fc8dba63
Using cached asset_id: c0a6cada5043458f8ef09c0fcede48e2
Using cached asset_id: 6d5ab388ca194720a63142dc7f387d8a
Using cached asset_id: 82c70174442f4926929215a032e4bc23
Using cached asset_id: 3fa4c5206b58431bbf9193ad9c829d6f
Using cached asset_id: 1a68b07db01b4bec9bc723a26af379b3
Using cached asset_id: 3b1925f28e3c4dc594425db041f8cd24
Using cached asset_id: ba7f9164c26442bb8f50066cc1264748
Using cached asset_id: cfd77382b4e8478fbc4383cf6f15e1f4
Using cached asset_id: d60095192af04e629b04260022cde309
Using cached asset_id: 7bd48537fe134e2695f0c876d6ab5fb3
Using cached asset_id: 2e4d1ec71e4a4e96b9b9a07a79fe5ebe
Using cached asset_id: d14474b20ecf4971a86e8876d7a5b91c
Using cached asset_id: d14474b20ecf4971a86e8876d7a5b91c
Using cached asset_id: f48a59fe61cc402e9ff7a2b665106a82
Using cached asset_id: e2fc51a61a774ed7b0a101f77349cce5
Using cached asset_id: e2fc51a61a774ed7b0a101f77349cce5
Using cached asset_id: 62410e8103f44559a1281b797bdecccb
Using cached asset_id: f1b10db0b93e49bb8ad3e160a924e64a
Using cached asset_id: f1b10db0b93e49bb8ad3e160a924e64a
Using cached asset_id: 7cb68d3fede04a11a031b9bb13c68cf0
Using cached asset_id: e2cc66125e694a2d8cc28afd011303a1
Using cached asset_id: 260b12c77d564078a92b31913eebae28
Using cached asset_id: bcb98b73c21145b9ae706367a6743281
Using cached asset_id: ba47162201cd4980bae561fdf7d3ee0b
Using cached asset_id: ba47162201cd4980bae561fdf7d3ee0b
Using cached asset_id: 0ba2a21475784e80a2b755aa6255bd41
Using cached asset_id: bcb98b73c21145b9ae706367a6743281
Using cached asset_id: bcb98b73c21145b9ae706367a6743281
Using cached asset_id: 8c6465ce0b614432b8c1911b6cc7d59d
Using cached asset_id: e321fcde50ae4a879353b503bb6a3bc9
Using cached asset_id: e321fcde50ae4a879353b503bb6a3bc9
Using cached asset_id: e2cc66125e694a2d8cc28afd011303a1
Using cached asset_id: 94c2da0a19af45d7804ad043c6550915
Using cached asset_id: 94c2da0a19af45d7804ad043c6550915
Using cached asset_id: f1a34c388db04d76944a9b8a262ff2f8
Using cached asset_id: 25f89bbb63d14a95b7cb3915d6d07977
Using cached asset_id: 50c5c805ae724ac3b8014ef07879c156
Using cached asset_id: de8bd3f1ab484ee296882d6facde7136
Using cached asset_id: bcb98b73c21145b9ae706367a6743281
Using cached asset_id: ca6f7215d442450a93f96ede9bcb2661
Using cached asset_id: ca6f7215d442450a93f96ede9bcb2661
Using cached asset_id: 86a0595de52c495abb1a25cd8d9871f8
Using cached asset_id: 1490a99dcb434aba991c12a21efc4eee
Using cached asset_id: 25066ca4e18e4ff686d4c27b6a43a9c2
Using cached asset_id: 81711541fad942c1978427463e7b5924
Using cached asset_id: 6d6af1b669fa4068b1935672493b96a3
Using cached asset_id: 6d6af1b669fa4068b1935672493b96a3
Using cached asset_id: 8c13004fd5bc4dceba610ba1ed0783ff
Using cached asset_id: 46d6a1740e694f1186c37d2a9a8d73ca
Using cached asset_id: dbfd02e3a938408a83ce66258fb2ef47
  → Creating VERSION via POST http://135.225.105.160:8004/certificates (derived_from_id=53a8d5c8d287470187d88d942a8c7c95)
  ⚠️ Certificate already exists (HTTP 500)
     Attempting to find existing certificate...
  → Found in slug cache (cert-certificate-2017): 53a8d5c8d287470187d88d942a8c7c95
  ✅ Found existing certificate: 53a8d5c8d287470187d88d942a8c7c95
  ✅ Translation version created: 53a8d5c8d287470187d88d942a8c7c95

================================================================================
Certificate migration completed!
================================================================================

=== STEP 7: Post Settings Screens ===
  Filtered settings migration to 1 languages (from languages.csv).
2026-03-24 10:59:05,266 - INFO - Loaded 1 screen data mappings from CSV
2026-03-24 10:59:05,267 - INFO - ============================================================
2026-03-24 10:59:05,267 - INFO - Starting Settings Screen Migration
2026-03-24 10:59:05,267 - INFO - ============================================================
2026-03-24 10:59:05,267 - INFO - ✅ Found existing GLOBAL screen data: 78dfedc09338432f8cd3a6789cef618c
2026-03-24 10:59:05,267 - INFO -    Skipping Step 1 (original already exists from global migration)
2026-03-24 10:59:05,267 - INFO - 
📌 Step 2: Patching TRANSLATED screen data
2026-03-24 10:59:05,267 - INFO - ----------------------------------------
2026-03-24 10:59:05,268 - INFO - 
🌐 Processing: 49bc07fa-9ad4-816c-17db-e693a28dd40f (region=india)
2026-03-24 10:59:05,409 - INFO -    Found 12 about sections
2026-03-24 10:59:05,410 - INFO -    Processing section: thankyou
Using cached asset_id: 2ce21a545add4bf18bde469ccdf38514
2026-03-24 10:59:05,539 - INFO -    ✅ thankyou: content=50adf12dc08d43a2ba60b22bbb9685bb, icon=2ce21a545add4bf18bde469ccdf38514
2026-03-24 10:59:05,539 - INFO -    Processing section: feedback-and-troubleshooting
2026-03-24 10:59:05,665 - INFO -    ✅ feedback-and-troubleshooting: content=1836becece474b699168ab078f71cd19, icon=None
2026-03-24 10:59:05,665 - INFO -    Processing section: background-survey
2026-03-24 10:59:05,795 - INFO -    ✅ background-survey: content=8b11a24c47904547a3f3911415fcaf2c, icon=None
2026-03-24 10:59:05,795 - INFO -    Processing section: lp-introduction
2026-03-24 10:59:05,903 - INFO -    ✅ lp-introduction: content=27cdbc74685f433ead0b4270579ec0e8, icon=None
2026-03-24 10:59:05,903 - INFO -    Processing section: introduction
2026-03-24 10:59:06,016 - INFO -    ✅ introduction: content=64933921b77b49a1a3aa9eb0532746b2, icon=None
2026-03-24 10:59:06,016 - INFO -    Processing section: welcome
Using cached asset_id: b25b01c476bd4b9c9baf912f10c2e68a
2026-03-24 10:59:06,122 - INFO -    ✅ welcome: content=a0f13520871249e1a7817788f6258fca, icon=b25b01c476bd4b9c9baf912f10c2e68a
2026-03-24 10:59:06,122 - INFO -    Processing section: comingsoon
2026-03-24 10:59:06,235 - INFO -    ✅ comingsoon: content=06e27a2ebc1d4c9cbb28d6f0fc696556, icon=None
2026-03-24 10:59:06,235 - INFO -    Processing section: upq-introduction
2026-03-24 10:59:06,343 - INFO -    ✅ upq-introduction: content=b0b64ef916a849a0a6c602b678fcab02, icon=None
2026-03-24 10:59:06,343 - INFO -    Processing section: developers
Using cached asset_id: b6faaa0852dc45e5bead90b93c744a00
2026-03-24 10:59:06,452 - INFO -    ✅ developers: content=d63bd11b3c174d2e8d65289dd34c5ff4, icon=b6faaa0852dc45e5bead90b93c744a00
2026-03-24 10:59:06,452 - INFO -    Processing section: disclaimer
2026-03-24 10:59:06,560 - INFO -    ✅ disclaimer: content=6cff48978e494181a36b12191f086019, icon=None
2026-03-24 10:59:06,560 - INFO -    Processing section: copyright
2026-03-24 10:59:06,669 - INFO -    ✅ copyright: content=60153e638cf0412f8dc65c17c3255ce4, icon=None
2026-03-24 10:59:06,669 - INFO -    Processing section: upq-thankyou
2026-03-24 10:59:06,790 - INFO -    ✅ upq-thankyou: content=1dc7e8ed291143989c8f7b2c3b6bf049, icon=None
2026-03-24 10:59:06,791 - INFO - PATCHing translated screen data to http://135.225.105.160:8004/settings-screens/78dfedc09338432f8cd3a6789cef618c
2026-03-24 10:59:07,007 - INFO - ✅ Created translated screen data for india (lang=fd789a60bea24f4fa4704b52f277f638)
2026-03-24 10:59:07,056 - INFO -    ✓ Activated screen data version: 6edbd0083c744e31a5506187c1f207c9
2026-03-24 10:59:07,056 - INFO - 
============================================================
2026-03-24 10:59:07,057 - INFO - Settings Screen Migration Complete! (1 languages patched)
2026-03-24 10:59:07,057 - INFO - ============================================================

=== STEP 8: Post Onboarding Flows ===
  ⚠️  Mapping file not found: /home/azureuser/test/content_migrator/data/mappings/onboarding_mapping.csv
  ❌ No onboarding_flow_id available. Run global migration first.
  Onboarding: 0 patched, 1 skipped.

=== STAGE 2 COMPLETE ===
Languages, resources, KLPs, modules, categories, certificates, settings screens, and onboarding flows posted.
