Starting Stage 2 (posting from CSVs), starting from: languages...
Loaded 2 existing language mappings
Loaded 165 queued resource slugs
Loaded 605 existing resource mappings
DEBUG: ResourceMigrator loaded ACTIVATE_KLP_VERSION: http://135.225.105.160:8004/klps/versions/{version_id}/status
Loaded 430 queued KLP slugs
Loaded 886 existing KLP mappings
Loaded 12 queued module slugs

=== STEP 1: Post Languages ===
DEBUG: POST_LANGUAGE URL: http://135.225.105.160:8004/languages/
Successfully posted language: Amharic
Skipping cosmos_id f3bb22c9-d64b-26e3-cbf9-e5418e905fb1; mapping already exists

=== STEP 2: Post Resources ===
Ensuring linked resources exist (creating placeholders)...
Found 69 unresolved links (Cosmos Language: f3bb22c9-d64b-26e3-cbf9-e5418e905fb1, LME ID: cc8fdc7c2e2441738bc99a70bbc74796). Creating placeholder resources...
  ℹ️  No localized resource found for 'res-video-bimanual-compression' (lang: f3bb22c9-d64b-26e3-cbf9-e5418e905fb1). Skipping (no global fallback).
  ℹ️  No localized resource found for 'res-video-1st-stage-active-phase' (lang: f3bb22c9-d64b-26e3-cbf9-e5418e905fb1). Skipping (no global fallback).
  ℹ️  No localized resource found for 'res-video-management-of-a-pregnant-woman-with-fgm' (lang: f3bb22c9-d64b-26e3-cbf9-e5418e905fb1). Skipping (no global fallback).
  ℹ️  No localized resource found for 'res-video-resuscitation' (lang: f3bb22c9-d64b-26e3-cbf9-e5418e905fb1). Skipping (no global fallback).
  ℹ️  No localized resource found for 'res-video-following-management' (lang: f3bb22c9-d64b-26e3-cbf9-e5418e905fb1). Skipping (no global fallback).
  ℹ️  No localized resource found for 'res-video-storage' (lang: f3bb22c9-d64b-26e3-cbf9-e5418e905fb1). Skipping (no global fallback).
  ℹ️  No localized resource found for 'res-video-birth-complications' (lang: f3bb22c9-d64b-26e3-cbf9-e5418e905fb1). Skipping (no global fallback).
  ℹ️  No localized resource found for 'res-video-initial-care-of-the-low-birth-weight' (lang: f3bb22c9-d64b-26e3-cbf9-e5418e905fb1). Skipping (no global fallback).
  ℹ️  No localized resource found for 'res-video-2nd-stage-vacuum-extraction' (lang: f3bb22c9-d64b-26e3-cbf9-e5418e905fb1). Skipping (no global fallback).
  ℹ️  No localized resource found for 'res-video-definitions' (lang: f3bb22c9-d64b-26e3-cbf9-e5418e905fb1). Skipping (no global fallback).
  ℹ️  No localized resource found for 'res-video-management-of-hypertension' (lang: f3bb22c9-d64b-26e3-cbf9-e5418e905fb1). Skipping (no global fallback).
  ℹ️  No localized resource found for 'res-action-card-pediatric-drugs-and-fluids' (lang: f3bb22c9-d64b-26e3-cbf9-e5418e905fb1). Skipping (no global fallback).
  ℹ️  No localized resource found for 'res-video-how-to-diagnose-definitions' (lang: f3bb22c9-d64b-26e3-cbf9-e5418e905fb1). Skipping (no global fallback).
  ℹ️  No localized resource found for 'res-action-card-3-arms' (lang: f3bb22c9-d64b-26e3-cbf9-e5418e905fb1). Skipping (no global fallback).
  ℹ️  No localized resource found for 'res-video-monitoring-after-bleeding' (lang: f3bb22c9-d64b-26e3-cbf9-e5418e905fb1). Skipping (no global fallback).
  ℹ️  No localized resource found for 'res-action-card-procedures-by-also' (lang: f3bb22c9-d64b-26e3-cbf9-e5418e905fb1). Skipping (no global fallback).
  ℹ️  No localized resource found for 'res-video-1st-stage-latent-phase' (lang: f3bb22c9-d64b-26e3-cbf9-e5418e905fb1). Skipping (no global fallback).
  ℹ️  No localized resource found for 'res-video-deinfibulation' (lang: f3bb22c9-d64b-26e3-cbf9-e5418e905fb1). Skipping (no global fallback).
  ℹ️  No localized resource found for 'res-video-uterus-massage' (lang: f3bb22c9-d64b-26e3-cbf9-e5418e905fb1). Skipping (no global fallback).
  ℹ️  No localized resource found for 'res-video-intro' (lang: f3bb22c9-d64b-26e3-cbf9-e5418e905fb1). Skipping (no global fallback).
  ℹ️  No localized resource found for 'res-video-how-to-manage' (lang: f3bb22c9-d64b-26e3-cbf9-e5418e905fb1). Skipping (no global fallback).
  ℹ️  No localized resource found for 'res-video-causes' (lang: f3bb22c9-d64b-26e3-cbf9-e5418e905fb1). Skipping (no global fallback).
  ℹ️  No localized resource found for 'res-video-respectful-care' (lang: f3bb22c9-d64b-26e3-cbf9-e5418e905fb1). Skipping (no global fallback).
  ℹ️  No localized resource found for 'res-video-evacuation-of-the-uterus' (lang: f3bb22c9-d64b-26e3-cbf9-e5418e905fb1). Skipping (no global fallback).
  ℹ️  No localized resource found for 'res-video-kangaroo-mother-care' (lang: f3bb22c9-d64b-26e3-cbf9-e5418e905fb1). Skipping (no global fallback).
  ℹ️  No localized resource found for 'res-action-card-following-management' (lang: f3bb22c9-d64b-26e3-cbf9-e5418e905fb1). Skipping (no global fallback).
  ℹ️  No localized resource found for 'res-action-card-1-uterus' (lang: f3bb22c9-d64b-26e3-cbf9-e5418e905fb1). Skipping (no global fallback).
  ℹ️  No localized resource found for 'res-video-give-a-uterotonic-drug' (lang: f3bb22c9-d64b-26e3-cbf9-e5418e905fb1). Skipping (no global fallback).
  ℹ️  No localized resource found for 'res-video-counsel-the-woman-and-her-husband' (lang: f3bb22c9-d64b-26e3-cbf9-e5418e905fb1). Skipping (no global fallback).
  ℹ️  No localized resource found for 'res-video-airway' (lang: f3bb22c9-d64b-26e3-cbf9-e5418e905fb1). Skipping (no global fallback).
  ℹ️  No localized resource found for 'res-video-manual-vacuum-aspiration' (lang: f3bb22c9-d64b-26e3-cbf9-e5418e905fb1). Skipping (no global fallback).
  ℹ️  No localized resource found for 'res-video-when-to-stop-resuscitation' (lang: f3bb22c9-d64b-26e3-cbf9-e5418e905fb1). Skipping (no global fallback).
  ℹ️  No localized resource found for 'res-video-initial-care-of-the-newborn' (lang: f3bb22c9-d64b-26e3-cbf9-e5418e905fb1). Skipping (no global fallback).
  ℹ️  No localized resource found for 'res-video-housekeeping' (lang: f3bb22c9-d64b-26e3-cbf9-e5418e905fb1). Skipping (no global fallback).
  ℹ️  No localized resource found for 'res-video-referral' (lang: f3bb22c9-d64b-26e3-cbf9-e5418e905fb1). Skipping (no global fallback).
  ℹ️  No localized resource found for 'res-video-clamp-and-cut-the-umbilical-cord' (lang: f3bb22c9-d64b-26e3-cbf9-e5418e905fb1). Skipping (no global fallback).
  ℹ️  No localized resource found for 'res-video-immediate-health-risks' (lang: f3bb22c9-d64b-26e3-cbf9-e5418e905fb1). Skipping (no global fallback).
  ℹ️  No localized resource found for 'res-video-procedure-for-handrub' (lang: f3bb22c9-d64b-26e3-cbf9-e5418e905fb1). Skipping (no global fallback).
  ℹ️  No localized resource found for 'res-video-how-to-diagnose' (lang: f3bb22c9-d64b-26e3-cbf9-e5418e905fb1). Skipping (no global fallback).
  ℹ️  No localized resource found for 'res-video-drugs-before-removal' (lang: f3bb22c9-d64b-26e3-cbf9-e5418e905fb1). Skipping (no global fallback).
  ℹ️  No localized resource found for 'res-video-prevention' (lang: f3bb22c9-d64b-26e3-cbf9-e5418e905fb1). Skipping (no global fallback).
  ℹ️  No localized resource found for 'res-video-empty-the-bladder' (lang: f3bb22c9-d64b-26e3-cbf9-e5418e905fb1). Skipping (no global fallback).
  ℹ️  No localized resource found for 'res-video-monitoring' (lang: f3bb22c9-d64b-26e3-cbf9-e5418e905fb1). Skipping (no global fallback).
  ℹ️  No localized resource found for 'res-video-labour-with-fgm' (lang: f3bb22c9-d64b-26e3-cbf9-e5418e905fb1). Skipping (no global fallback).
  ℹ️  No localized resource found for 'res-video-management-of-danger-signs' (lang: f3bb22c9-d64b-26e3-cbf9-e5418e905fb1). Skipping (no global fallback).
  ℹ️  No localized resource found for 'res-video-hiv-hepatitis-b-prevention' (lang: f3bb22c9-d64b-26e3-cbf9-e5418e905fb1). Skipping (no global fallback).
  ℹ️  No localized resource found for 'res-video-trauma' (lang: f3bb22c9-d64b-26e3-cbf9-e5418e905fb1). Skipping (no global fallback).
  ℹ️  No localized resource found for 'res-video-the-types-of-fgm' (lang: f3bb22c9-d64b-26e3-cbf9-e5418e905fb1). Skipping (no global fallback).
  ℹ️  No localized resource found for 'res-video-procedure-for-handwash' (lang: f3bb22c9-d64b-26e3-cbf9-e5418e905fb1). Skipping (no global fallback).
  ℹ️  No localized resource found for 'res-action-card-identify-cause' (lang: f3bb22c9-d64b-26e3-cbf9-e5418e905fb1). Skipping (no global fallback).
  ℹ️  No localized resource found for 'res-video-tissue' (lang: f3bb22c9-d64b-26e3-cbf9-e5418e905fb1). Skipping (no global fallback).
  ℹ️  No localized resource found for 'res-video-severe-preeclampsia-eclampsia' (lang: f3bb22c9-d64b-26e3-cbf9-e5418e905fb1). Skipping (no global fallback).
  ℹ️  No localized resource found for 'res-video-examine-the-placenta' (lang: f3bb22c9-d64b-26e3-cbf9-e5418e905fb1). Skipping (no global fallback).
  ℹ️  No localized resource found for 'res-video-controlled-cord-traction' (lang: f3bb22c9-d64b-26e3-cbf9-e5418e905fb1). Skipping (no global fallback).
  ℹ️  No localized resource found for 'res-video-2nd-stage-prolonged' (lang: f3bb22c9-d64b-26e3-cbf9-e5418e905fb1). Skipping (no global fallback).
  ℹ️  No localized resource found for 'res-video-breathing' (lang: f3bb22c9-d64b-26e3-cbf9-e5418e905fb1). Skipping (no global fallback).
  ℹ️  No localized resource found for 'res-video-origin-of-infection' (lang: f3bb22c9-d64b-26e3-cbf9-e5418e905fb1). Skipping (no global fallback).
  ℹ️  No localized resource found for 'res-video-hand-hygiene' (lang: f3bb22c9-d64b-26e3-cbf9-e5418e905fb1). Skipping (no global fallback).
  ℹ️  No localized resource found for 'res-video-drugs-after-removal' (lang: f3bb22c9-d64b-26e3-cbf9-e5418e905fb1). Skipping (no global fallback).
  ℹ️  No localized resource found for 'res-action-card-2-legs' (lang: f3bb22c9-d64b-26e3-cbf9-e5418e905fb1). Skipping (no global fallback).
  ℹ️  No localized resource found for 'res-video-assess-the-newborn' (lang: f3bb22c9-d64b-26e3-cbf9-e5418e905fb1). Skipping (no global fallback).
  ℹ️  No localized resource found for 'res-video-feeding' (lang: f3bb22c9-d64b-26e3-cbf9-e5418e905fb1). Skipping (no global fallback).
  ℹ️  No localized resource found for 'res-video-immediate-management' (lang: f3bb22c9-d64b-26e3-cbf9-e5418e905fb1). Skipping (no global fallback).
  ℹ️  No localized resource found for 'res-video-remove-the-placenta' (lang: f3bb22c9-d64b-26e3-cbf9-e5418e905fb1). Skipping (no global fallback).
  ℹ️  No localized resource found for 'res-video-personal-protective-equipment' (lang: f3bb22c9-d64b-26e3-cbf9-e5418e905fb1). Skipping (no global fallback).
  ℹ️  No localized resource found for 'res-video-cleaning-decontamination' (lang: f3bb22c9-d64b-26e3-cbf9-e5418e905fb1). Skipping (no global fallback).
  ℹ️  No localized resource found for 'res-video-gloves' (lang: f3bb22c9-d64b-26e3-cbf9-e5418e905fb1). Skipping (no global fallback).
  ℹ️  No localized resource found for 'res-video-danger-signs' (lang: f3bb22c9-d64b-26e3-cbf9-e5418e905fb1). Skipping (no global fallback).
  ℹ️  No localized resource found for 'res-video-aorta-compression' (lang: f3bb22c9-d64b-26e3-cbf9-e5418e905fb1). Skipping (no global fallback).
Fetching existing resources from API to prevent duplication...
Loaded 605 existing resource mappings from API.
  → Recovered missing Language ID for Resource via mapping: cc8fdc7c2e2441738bc99a70bbc74796
  → Recovered missing Language ID for Resource via mapping: cc8fdc7c2e2441738bc99a70bbc74796
  → Recovered missing Language ID for Resource via mapping: cc8fdc7c2e2441738bc99a70bbc74796
  → Recovered missing Language ID for Resource via mapping: cc8fdc7c2e2441738bc99a70bbc74796
  → Recovered missing Language ID for Resource via mapping: cc8fdc7c2e2441738bc99a70bbc74796
  → Recovered missing Language ID for Resource via mapping: cc8fdc7c2e2441738bc99a70bbc74796
  → Recovered missing Language ID for Resource via mapping: cc8fdc7c2e2441738bc99a70bbc74796
  → Recovered missing Language ID for Resource via mapping: cc8fdc7c2e2441738bc99a70bbc74796
  → Recovered missing Language ID for Resource via mapping: cc8fdc7c2e2441738bc99a70bbc74796
  → Recovered missing Language ID for Resource via mapping: cc8fdc7c2e2441738bc99a70bbc74796
  → Recovered missing Language ID for Resource via mapping: cc8fdc7c2e2441738bc99a70bbc74796
  → Recovered missing Language ID for Resource via mapping: cc8fdc7c2e2441738bc99a70bbc74796
  → Recovered missing Language ID for Resource via mapping: cc8fdc7c2e2441738bc99a70bbc74796
  → Recovered missing Language ID for Resource via mapping: cc8fdc7c2e2441738bc99a70bbc74796
  → Recovered missing Language ID for Resource via mapping: cc8fdc7c2e2441738bc99a70bbc74796
  → Recovered missing Language ID for Resource via mapping: cc8fdc7c2e2441738bc99a70bbc74796
  → Recovered missing Language ID for Resource via mapping: cc8fdc7c2e2441738bc99a70bbc74796
  → Recovered missing Language ID for Resource via mapping: cc8fdc7c2e2441738bc99a70bbc74796
  → Recovered missing Language ID for Resource via mapping: cc8fdc7c2e2441738bc99a70bbc74796
  → Recovered missing Language ID for Resource via mapping: cc8fdc7c2e2441738bc99a70bbc74796
  → Recovered missing Language ID for Resource via mapping: cc8fdc7c2e2441738bc99a70bbc74796
  → Recovered missing Language ID for Resource via mapping: cc8fdc7c2e2441738bc99a70bbc74796
  → Recovered missing Language ID for Resource via mapping: cc8fdc7c2e2441738bc99a70bbc74796
  → Recovered missing Language ID for Resource via mapping: cc8fdc7c2e2441738bc99a70bbc74796
  → Recovered missing Language ID for Resource via mapping: cc8fdc7c2e2441738bc99a70bbc74796
  → Recovered missing Language ID for Resource via mapping: cc8fdc7c2e2441738bc99a70bbc74796
  → Recovered missing Language ID for Resource via mapping: cc8fdc7c2e2441738bc99a70bbc74796
  → Recovered missing Language ID for Resource via mapping: cc8fdc7c2e2441738bc99a70bbc74796
  → Recovered missing Language ID for Resource via mapping: cc8fdc7c2e2441738bc99a70bbc74796
  → Recovered missing Language ID for Resource via mapping: cc8fdc7c2e2441738bc99a70bbc74796
  → Recovered missing Language ID for Resource via mapping: cc8fdc7c2e2441738bc99a70bbc74796
  → Recovered missing Language ID for Resource via mapping: cc8fdc7c2e2441738bc99a70bbc74796
  → Recovered missing Language ID for Resource via mapping: cc8fdc7c2e2441738bc99a70bbc74796
  → Recovered missing Language ID for Resource via mapping: cc8fdc7c2e2441738bc99a70bbc74796
  → Recovered missing Language ID for Resource via mapping: cc8fdc7c2e2441738bc99a70bbc74796
  → Recovered missing Language ID for Resource via mapping: cc8fdc7c2e2441738bc99a70bbc74796
  → Recovered missing Language ID for Resource via mapping: cc8fdc7c2e2441738bc99a70bbc74796
  → Recovered missing Language ID for Resource via mapping: cc8fdc7c2e2441738bc99a70bbc74796
  → Recovered missing Language ID for Resource via mapping: cc8fdc7c2e2441738bc99a70bbc74796
  → Recovered missing Language ID for Resource via mapping: cc8fdc7c2e2441738bc99a70bbc74796
  → Recovered missing Language ID for Resource via mapping: cc8fdc7c2e2441738bc99a70bbc74796
  → Recovered missing Language ID for Resource via mapping: cc8fdc7c2e2441738bc99a70bbc74796
  → Recovered missing Language ID for Resource via mapping: cc8fdc7c2e2441738bc99a70bbc74796
  → Recovered missing Language ID for Resource via mapping: cc8fdc7c2e2441738bc99a70bbc74796
  → Recovered missing Language ID for Resource via mapping: cc8fdc7c2e2441738bc99a70bbc74796
  → Recovered missing Language ID for Resource via mapping: cc8fdc7c2e2441738bc99a70bbc74796
  → Recovered missing Language ID for Resource via mapping: cc8fdc7c2e2441738bc99a70bbc74796
  → Recovered missing Language ID for Resource via mapping: cc8fdc7c2e2441738bc99a70bbc74796
  → Recovered missing Language ID for Resource via mapping: cc8fdc7c2e2441738bc99a70bbc74796
  → Recovered missing Language ID for Resource via mapping: cc8fdc7c2e2441738bc99a70bbc74796
  → Recovered missing Language ID for Resource via mapping: cc8fdc7c2e2441738bc99a70bbc74796
  → Recovered missing Language ID for Resource via mapping: cc8fdc7c2e2441738bc99a70bbc74796
  → Recovered missing Language ID for Resource via mapping: cc8fdc7c2e2441738bc99a70bbc74796
  → Recovered missing Language ID for Resource via mapping: cc8fdc7c2e2441738bc99a70bbc74796
  → Recovered missing Language ID for Resource via mapping: cc8fdc7c2e2441738bc99a70bbc74796
  → Recovered missing Language ID for Resource via mapping: cc8fdc7c2e2441738bc99a70bbc74796
  → Recovered missing Language ID for Resource via mapping: cc8fdc7c2e2441738bc99a70bbc74796
  → Recovered missing Language ID for Resource via mapping: cc8fdc7c2e2441738bc99a70bbc74796
  → Recovered missing Language ID for Resource via mapping: cc8fdc7c2e2441738bc99a70bbc74796
  → Recovered missing Language ID for Resource via mapping: cc8fdc7c2e2441738bc99a70bbc74796
  → Recovered missing Language ID for Resource via mapping: cc8fdc7c2e2441738bc99a70bbc74796
  → Recovered missing Language ID for Resource via mapping: cc8fdc7c2e2441738bc99a70bbc74796
  → Recovered missing Language ID for Resource via mapping: cc8fdc7c2e2441738bc99a70bbc74796
  → Recovered missing Language ID for Resource via mapping: cc8fdc7c2e2441738bc99a70bbc74796
  → Recovered missing Language ID for Resource via mapping: cc8fdc7c2e2441738bc99a70bbc74796
  → Recovered missing Language ID for Resource via mapping: cc8fdc7c2e2441738bc99a70bbc74796
  → Recovered missing Language ID for Resource via mapping: cc8fdc7c2e2441738bc99a70bbc74796
  → Recovered missing Language ID for Resource via mapping: cc8fdc7c2e2441738bc99a70bbc74796
  → Recovered missing Language ID for Resource via mapping: cc8fdc7c2e2441738bc99a70bbc74796
  → Recovered missing Language ID for Resource via mapping: cc8fdc7c2e2441738bc99a70bbc74796
  → Recovered missing Language ID for Resource via mapping: cc8fdc7c2e2441738bc99a70bbc74796
  → Recovered missing Language ID for Resource via mapping: cc8fdc7c2e2441738bc99a70bbc74796
  → Recovered missing Language ID for Resource via mapping: cc8fdc7c2e2441738bc99a70bbc74796
  → Recovered missing Language ID for Resource via mapping: cc8fdc7c2e2441738bc99a70bbc74796
  → Recovered missing Language ID for Resource via mapping: cc8fdc7c2e2441738bc99a70bbc74796
  → Recovered missing Language ID for Resource via mapping: cc8fdc7c2e2441738bc99a70bbc74796
  → Recovered missing Language ID for Resource via mapping: cc8fdc7c2e2441738bc99a70bbc74796
  → Recovered missing Language ID for Resource via mapping: cc8fdc7c2e2441738bc99a70bbc74796
  → Recovered missing Language ID for Resource via mapping: cc8fdc7c2e2441738bc99a70bbc74796
  → Recovered missing Language ID for Resource via mapping: cc8fdc7c2e2441738bc99a70bbc74796
  → Recovered missing Language ID for Resource via mapping: cc8fdc7c2e2441738bc99a70bbc74796
  → Recovered missing Language ID for Resource via mapping: cc8fdc7c2e2441738bc99a70bbc74796
  → Recovered missing Language ID for Resource via mapping: cc8fdc7c2e2441738bc99a70bbc74796
  → Recovered missing Language ID for Resource via mapping: cc8fdc7c2e2441738bc99a70bbc74796
  → Recovered missing Language ID for Resource via mapping: cc8fdc7c2e2441738bc99a70bbc74796
  → Recovered missing Language ID for Resource via mapping: cc8fdc7c2e2441738bc99a70bbc74796
  → Recovered missing Language ID for Resource via mapping: cc8fdc7c2e2441738bc99a70bbc74796
  → Recovered missing Language ID for Resource via mapping: cc8fdc7c2e2441738bc99a70bbc74796
  → Recovered missing Language ID for Resource via mapping: cc8fdc7c2e2441738bc99a70bbc74796
  → Recovered missing Language ID for Resource via mapping: cc8fdc7c2e2441738bc99a70bbc74796
  → Recovered missing Language ID for Resource via mapping: cc8fdc7c2e2441738bc99a70bbc74796
  → Recovered missing Language ID for Resource via mapping: cc8fdc7c2e2441738bc99a70bbc74796
  → Recovered missing Language ID for Resource via mapping: cc8fdc7c2e2441738bc99a70bbc74796
  → Recovered missing Language ID for Resource via mapping: cc8fdc7c2e2441738bc99a70bbc74796
  → Recovered missing Language ID for Resource via mapping: cc8fdc7c2e2441738bc99a70bbc74796
  → Recovered missing Language ID for Resource via mapping: cc8fdc7c2e2441738bc99a70bbc74796
  → Recovered missing Language ID for Resource via mapping: cc8fdc7c2e2441738bc99a70bbc74796
  → Recovered missing Language ID for Resource via mapping: cc8fdc7c2e2441738bc99a70bbc74796
  → Recovered missing Language ID for Resource via mapping: cc8fdc7c2e2441738bc99a70bbc74796
  → Recovered missing Language ID for Resource via mapping: cc8fdc7c2e2441738bc99a70bbc74796
  → Recovered missing Language ID for Resource via mapping: cc8fdc7c2e2441738bc99a70bbc74796
  → Recovered missing Language ID for Resource via mapping: cc8fdc7c2e2441738bc99a70bbc74796
  → Recovered missing Language ID for Resource via mapping: cc8fdc7c2e2441738bc99a70bbc74796
  → Recovered missing Language ID for Resource via mapping: cc8fdc7c2e2441738bc99a70bbc74796
  → Recovered missing Language ID for Resource via mapping: cc8fdc7c2e2441738bc99a70bbc74796
  → Recovered missing Language ID for Resource via mapping: cc8fdc7c2e2441738bc99a70bbc74796
  → Recovered missing Language ID for Resource via mapping: cc8fdc7c2e2441738bc99a70bbc74796
  → Recovered missing Language ID for Resource via mapping: cc8fdc7c2e2441738bc99a70bbc74796
  → Recovered missing Language ID for Resource via mapping: cc8fdc7c2e2441738bc99a70bbc74796
  → Recovered missing Language ID for Resource via mapping: cc8fdc7c2e2441738bc99a70bbc74796
  → Recovered missing Language ID for Resource via mapping: cc8fdc7c2e2441738bc99a70bbc74796
  → Recovered missing Language ID for Resource via mapping: cc8fdc7c2e2441738bc99a70bbc74796
  → Recovered missing Language ID for Resource via mapping: cc8fdc7c2e2441738bc99a70bbc74796
  → Recovered missing Language ID for Resource via mapping: cc8fdc7c2e2441738bc99a70bbc74796
  → Recovered missing Language ID for Resource via mapping: cc8fdc7c2e2441738bc99a70bbc74796
  → Recovered missing Language ID for Resource via mapping: cc8fdc7c2e2441738bc99a70bbc74796
  → Recovered missing Language ID for Resource via mapping: cc8fdc7c2e2441738bc99a70bbc74796
  → Recovered missing Language ID for Resource via mapping: cc8fdc7c2e2441738bc99a70bbc74796
  → Recovered missing Language ID for Resource via mapping: cc8fdc7c2e2441738bc99a70bbc74796
  → Recovered missing Language ID for Resource via mapping: cc8fdc7c2e2441738bc99a70bbc74796
  → Recovered missing Language ID for Resource via mapping: cc8fdc7c2e2441738bc99a70bbc74796
  → Recovered missing Language ID for Resource via mapping: cc8fdc7c2e2441738bc99a70bbc74796
  → Recovered missing Language ID for Resource via mapping: cc8fdc7c2e2441738bc99a70bbc74796
  → Recovered missing Language ID for Resource via mapping: cc8fdc7c2e2441738bc99a70bbc74796
  → Recovered missing Language ID for Resource via mapping: cc8fdc7c2e2441738bc99a70bbc74796
  → Recovered missing Language ID for Resource via mapping: cc8fdc7c2e2441738bc99a70bbc74796
  → Recovered missing Language ID for Resource via mapping: cc8fdc7c2e2441738bc99a70bbc74796
  → Recovered missing Language ID for Resource via mapping: cc8fdc7c2e2441738bc99a70bbc74796
  → Recovered missing Language ID for Resource via mapping: cc8fdc7c2e2441738bc99a70bbc74796
  → Recovered missing Language ID for Resource via mapping: cc8fdc7c2e2441738bc99a70bbc74796
  → Recovered missing Language ID for Resource via mapping: cc8fdc7c2e2441738bc99a70bbc74796
  → Recovered missing Language ID for Resource via mapping: cc8fdc7c2e2441738bc99a70bbc74796
  → Recovered missing Language ID for Resource via mapping: cc8fdc7c2e2441738bc99a70bbc74796
  → Recovered missing Language ID for Resource via mapping: cc8fdc7c2e2441738bc99a70bbc74796
  → Recovered missing Language ID for Resource via mapping: cc8fdc7c2e2441738bc99a70bbc74796
  → Recovered missing Language ID for Resource via mapping: cc8fdc7c2e2441738bc99a70bbc74796
  → Recovered missing Language ID for Resource via mapping: cc8fdc7c2e2441738bc99a70bbc74796
  → Recovered missing Language ID for Resource via mapping: cc8fdc7c2e2441738bc99a70bbc74796
  → Recovered missing Language ID for Resource via mapping: cc8fdc7c2e2441738bc99a70bbc74796
  → Recovered missing Language ID for Resource via mapping: cc8fdc7c2e2441738bc99a70bbc74796
  → Recovered missing Language ID for Resource via mapping: cc8fdc7c2e2441738bc99a70bbc74796
  → Recovered missing Language ID for Resource via mapping: cc8fdc7c2e2441738bc99a70bbc74796
  → Recovered missing Language ID for Resource via mapping: cc8fdc7c2e2441738bc99a70bbc74796
  → Recovered missing Language ID for Resource via mapping: cc8fdc7c2e2441738bc99a70bbc74796
  → Recovered missing Language ID for Resource via mapping: cc8fdc7c2e2441738bc99a70bbc74796
  → Recovered missing Language ID for Resource via mapping: cc8fdc7c2e2441738bc99a70bbc74796
  → Recovered missing Language ID for Resource via mapping: cc8fdc7c2e2441738bc99a70bbc74796
  → Recovered missing Language ID for Resource via mapping: cc8fdc7c2e2441738bc99a70bbc74796
  → Recovered missing Language ID for Resource via mapping: cc8fdc7c2e2441738bc99a70bbc74796
  → Recovered missing Language ID for Resource via mapping: cc8fdc7c2e2441738bc99a70bbc74796
  → Recovered missing Language ID for Resource via mapping: cc8fdc7c2e2441738bc99a70bbc74796
  → Recovered missing Language ID for Resource via mapping: cc8fdc7c2e2441738bc99a70bbc74796
  → Recovered missing Language ID for Resource via mapping: cc8fdc7c2e2441738bc99a70bbc74796
  → Recovered missing Language ID for Resource via mapping: cc8fdc7c2e2441738bc99a70bbc74796
  → Recovered missing Language ID for Resource via mapping: cc8fdc7c2e2441738bc99a70bbc74796
  → Recovered missing Language ID for Resource via mapping: cc8fdc7c2e2441738bc99a70bbc74796
  → Recovered missing Language ID for Resource via mapping: cc8fdc7c2e2441738bc99a70bbc74796
  → Recovered missing Language ID for Resource via mapping: cc8fdc7c2e2441738bc99a70bbc74796
  → Recovered missing Language ID for Resource via mapping: cc8fdc7c2e2441738bc99a70bbc74796
  → Recovered missing Language ID for Resource via mapping: cc8fdc7c2e2441738bc99a70bbc74796
  → Recovered missing Language ID for Resource via mapping: cc8fdc7c2e2441738bc99a70bbc74796
  → Recovered missing Language ID for Resource via mapping: cc8fdc7c2e2441738bc99a70bbc74796
  → Recovered missing Language ID for Resource via mapping: cc8fdc7c2e2441738bc99a70bbc74796
  → Recovered missing Language ID for Resource via mapping: cc8fdc7c2e2441738bc99a70bbc74796
  → Recovered missing Language ID for Resource via mapping: cc8fdc7c2e2441738bc99a70bbc74796
  → Recovered missing Language ID for Resource via mapping: cc8fdc7c2e2441738bc99a70bbc74796
  → Recovered missing Language ID for Resource via mapping: cc8fdc7c2e2441738bc99a70bbc74796
  → Recovered missing Language ID for Resource via mapping: cc8fdc7c2e2441738bc99a70bbc74796
  → Recovered missing Language ID for Resource via mapping: cc8fdc7c2e2441738bc99a70bbc74796
  → Recovered missing Language ID for Resource via mapping: cc8fdc7c2e2441738bc99a70bbc74796
  → Recovered missing Language ID for Resource via mapping: cc8fdc7c2e2441738bc99a70bbc74796
  → Recovered missing Language ID for Resource via mapping: cc8fdc7c2e2441738bc99a70bbc74796
  → Recovered missing Language ID for Resource via mapping: cc8fdc7c2e2441738bc99a70bbc74796
  → Recovered missing Language ID for Resource via mapping: cc8fdc7c2e2441738bc99a70bbc74796
  → Recovered missing Language ID for Resource via mapping: cc8fdc7c2e2441738bc99a70bbc74796
  → Recovered missing Language ID for Resource via mapping: cc8fdc7c2e2441738bc99a70bbc74796
  → Recovered missing Language ID for Resource via mapping: cc8fdc7c2e2441738bc99a70bbc74796
  → Recovered missing Language ID for Resource via mapping: cc8fdc7c2e2441738bc99a70bbc74796
  → Recovered missing Language ID for Resource via mapping: cc8fdc7c2e2441738bc99a70bbc74796
  → Recovered missing Language ID for Resource via mapping: cc8fdc7c2e2441738bc99a70bbc74796
  → Recovered missing Language ID for Resource via mapping: cc8fdc7c2e2441738bc99a70bbc74796
  → Recovered missing Language ID for Resource via mapping: cc8fdc7c2e2441738bc99a70bbc74796
  → Recovered missing Language ID for Resource via mapping: cc8fdc7c2e2441738bc99a70bbc74796
  → Recovered missing Language ID for Resource via mapping: cc8fdc7c2e2441738bc99a70bbc74796
  → Recovered missing Language ID for Resource via mapping: cc8fdc7c2e2441738bc99a70bbc74796
  → Recovered missing Language ID for Resource via mapping: cc8fdc7c2e2441738bc99a70bbc74796
  → Recovered missing Language ID for Resource via mapping: cc8fdc7c2e2441738bc99a70bbc74796
  → Recovered missing Language ID for Resource via mapping: cc8fdc7c2e2441738bc99a70bbc74796
  → Recovered missing Language ID for Resource via mapping: cc8fdc7c2e2441738bc99a70bbc74796
  → Recovered missing Language ID for Resource via mapping: cc8fdc7c2e2441738bc99a70bbc74796
  → Recovered missing Language ID for Resource via mapping: cc8fdc7c2e2441738bc99a70bbc74796
  → Recovered missing Language ID for Resource via mapping: cc8fdc7c2e2441738bc99a70bbc74796
  → Recovered missing Language ID for Resource via mapping: cc8fdc7c2e2441738bc99a70bbc74796
  → Recovered missing Language ID for Resource via mapping: cc8fdc7c2e2441738bc99a70bbc74796
  → Recovered missing Language ID for Resource via mapping: cc8fdc7c2e2441738bc99a70bbc74796
  → Recovered missing Language ID for Resource via mapping: cc8fdc7c2e2441738bc99a70bbc74796
  → Recovered missing Language ID for Resource via mapping: cc8fdc7c2e2441738bc99a70bbc74796
  → Recovered missing Language ID for Resource via mapping: cc8fdc7c2e2441738bc99a70bbc74796
  → Recovered missing Language ID for Resource via mapping: cc8fdc7c2e2441738bc99a70bbc74796
  → Recovered missing Language ID for Resource via mapping: cc8fdc7c2e2441738bc99a70bbc74796
  → Recovered missing Language ID for Resource via mapping: cc8fdc7c2e2441738bc99a70bbc74796
  → Recovered missing Language ID for Resource via mapping: cc8fdc7c2e2441738bc99a70bbc74796
  → Recovered missing Language ID for Resource via mapping: cc8fdc7c2e2441738bc99a70bbc74796
  → Recovered missing Language ID for Resource via mapping: cc8fdc7c2e2441738bc99a70bbc74796
  → Recovered missing Language ID for Resource via mapping: cc8fdc7c2e2441738bc99a70bbc74796
  → Recovered missing Language ID for Resource via mapping: cc8fdc7c2e2441738bc99a70bbc74796
  → Recovered missing Language ID for Resource via mapping: cc8fdc7c2e2441738bc99a70bbc74796
  → Recovered missing Language ID for Resource via mapping: cc8fdc7c2e2441738bc99a70bbc74796
  → Recovered missing Language ID for Resource via mapping: cc8fdc7c2e2441738bc99a70bbc74796
  → Recovered missing Language ID for Resource via mapping: cc8fdc7c2e2441738bc99a70bbc74796
  → Recovered missing Language ID for Resource via mapping: cc8fdc7c2e2441738bc99a70bbc74796
  → Recovered missing Language ID for Resource via mapping: cc8fdc7c2e2441738bc99a70bbc74796
  → Recovered missing Language ID for Resource via mapping: cc8fdc7c2e2441738bc99a70bbc74796
  → Recovered missing Language ID for Resource via mapping: cc8fdc7c2e2441738bc99a70bbc74796
  → Recovered missing Language ID for Resource via mapping: cc8fdc7c2e2441738bc99a70bbc74796
  → Recovered missing Language ID for Resource via mapping: cc8fdc7c2e2441738bc99a70bbc74796
  → Recovered missing Language ID for Resource via mapping: cc8fdc7c2e2441738bc99a70bbc74796
  → Recovered missing Language ID for Resource via mapping: cc8fdc7c2e2441738bc99a70bbc74796
  → Recovered missing Language ID for Resource via mapping: cc8fdc7c2e2441738bc99a70bbc74796
  → Recovered missing Language ID for Resource via mapping: cc8fdc7c2e2441738bc99a70bbc74796
  → Recovered missing Language ID for Resource via mapping: cc8fdc7c2e2441738bc99a70bbc74796
  → Recovered missing Language ID for Resource via mapping: cc8fdc7c2e2441738bc99a70bbc74796
  → Recovered missing Language ID for Resource via mapping: cc8fdc7c2e2441738bc99a70bbc74796
  → POSTing video resource 'res-video-ethiopia-amharic-active-management-of-third-stage-labour-intro' directly (no global original)
Created resource 'res-video-ethiopia-amharic-active-management-of-third-stage-labour-intro' [translated] -> b0523353e60243b2ba3b147724b91458
DEBUG: activating version 85e9c7c597444b99a74a208341914991 with url='http://135.225.105.160:8004/resources/version/85e9c7c597444b99a74a208341914991/status'
  ✓ Activated version: 85e9c7c597444b99a74a208341914991
  → POSTing video resource 'res-video-ethiopia-amharic-active-management-of-third-stage-labour-give-a-uterotonic-drug' directly (no global original)
Created resource 'res-video-ethiopia-amharic-active-management-of-third-stage-labour-give-a-uterotonic-drug' [translated] -> 0724e25b857d46549e8b18b9b92a6c13
DEBUG: activating version b41d847a312d47f5867543ef9f8d08bb with url='http://135.225.105.160:8004/resources/version/b41d847a312d47f5867543ef9f8d08bb/status'
  ✓ Activated version: b41d847a312d47f5867543ef9f8d08bb
  → POSTing video resource 'res-video-ethiopia-amharic-active-management-of-third-stage-labour-assess-the-newborn' directly (no global original)
Created resource 'res-video-ethiopia-amharic-active-management-of-third-stage-labour-assess-the-newborn' [translated] -> c5f5c0c31dd44e81ab342e401f21e32a
DEBUG: activating version 5b658c2619ee4ceba09c70028fb32c40 with url='http://135.225.105.160:8004/resources/version/5b658c2619ee4ceba09c70028fb32c40/status'
  ✓ Activated version: 5b658c2619ee4ceba09c70028fb32c40
  → POSTing video resource 'res-video-ethiopia-amharic-active-management-of-third-stage-labour-clamp-and-cut-the-umbilical-cord' directly (no global original)
Created resource 'res-video-ethiopia-amharic-active-management-of-third-stage-labour-clamp-and-cut-the-umbilical-cord' [translated] -> f810e68cfde94cab86fa99d98031f902
DEBUG: activating version 657010b6c3f649728106da145d0541d9 with url='http://135.225.105.160:8004/resources/version/657010b6c3f649728106da145d0541d9/status'
  ✓ Activated version: 657010b6c3f649728106da145d0541d9
  → POSTing video resource 'res-video-ethiopia-amharic-active-management-of-third-stage-labour-controlled-cord-traction' directly (no global original)
Created resource 'res-video-ethiopia-amharic-active-management-of-third-stage-labour-controlled-cord-traction' [translated] -> d632cff4ed7e469bbbaaf1fe46e6972c
DEBUG: activating version a0e6a562601d40f7ab1f2b39c7ced86a with url='http://135.225.105.160:8004/resources/version/a0e6a562601d40f7ab1f2b39c7ced86a/status'
  ✓ Activated version: a0e6a562601d40f7ab1f2b39c7ced86a
  → POSTing video resource 'res-video-ethiopia-amharic-active-management-of-third-stage-labour-examine-the-placenta' directly (no global original)
Created resource 'res-video-ethiopia-amharic-active-management-of-third-stage-labour-examine-the-placenta' [translated] -> 781528f988544b86b3bcd3cbc46d8c2b
DEBUG: activating version ddbc2fef92f449e681388ae71990d5b9 with url='http://135.225.105.160:8004/resources/version/ddbc2fef92f449e681388ae71990d5b9/status'
  ✓ Activated version: ddbc2fef92f449e681388ae71990d5b9
  → POSTing video resource 'res-video-ethiopia-amharic-active-management-of-third-stage-labour-monitoring' directly (no global original)
Created resource 'res-video-ethiopia-amharic-active-management-of-third-stage-labour-monitoring' [translated] -> 1ca757b26ac044c384e4e8e9ee89aa54
DEBUG: activating version 6a75eab9edb64be4a36b3dc5b53ac60b with url='http://135.225.105.160:8004/resources/version/6a75eab9edb64be4a36b3dc5b53ac60b/status'
  ✓ Activated version: 6a75eab9edb64be4a36b3dc5b53ac60b
  → POSTing video resource 'res-video-ethiopia-amharic-female-genital-mutilation-intro' directly (no global original)
Created resource 'res-video-ethiopia-amharic-female-genital-mutilation-intro' [translated] -> 1839cec5e4bc4e7285cee65f4dad685c
DEBUG: activating version ce9b6aa7290f41ce86e540a423e8485f with url='http://135.225.105.160:8004/resources/version/ce9b6aa7290f41ce86e540a423e8485f/status'
  ✓ Activated version: ce9b6aa7290f41ce86e540a423e8485f
  → POSTing video resource 'res-video-ethiopia-amharic-female-genital-mutilation-the-types-of-fgm' directly (no global original)
Created resource 'res-video-ethiopia-amharic-female-genital-mutilation-the-types-of-fgm' [translated] -> 1349631213a44c40b29cd88463779bf1
DEBUG: activating version 425b84788bab45658568efb2d9a02538 with url='http://135.225.105.160:8004/resources/version/425b84788bab45658568efb2d9a02538/status'
  ✓ Activated version: 425b84788bab45658568efb2d9a02538
  → POSTing video resource 'res-video-ethiopia-amharic-female-genital-mutilation-immediate-health-risks' directly (no global original)
Created resource 'res-video-ethiopia-amharic-female-genital-mutilation-immediate-health-risks' [translated] -> d0ddabad0572464d85d2fbb7aadfc182
DEBUG: activating version 2a5fe22930b3495cb67416ce71b64a20 with url='http://135.225.105.160:8004/resources/version/2a5fe22930b3495cb67416ce71b64a20/status'
  ✓ Activated version: 2a5fe22930b3495cb67416ce71b64a20
  → POSTing video resource 'res-video-ethiopia-amharic-female-genital-mutilation-birth-complications' directly (no global original)
Created resource 'res-video-ethiopia-amharic-female-genital-mutilation-birth-complications' [translated] -> fc996248222f46acbfcc6698f3e072bf
DEBUG: activating version cb58aed2dc1e4acc96d784f2c0460382 with url='http://135.225.105.160:8004/resources/version/cb58aed2dc1e4acc96d784f2c0460382/status'
  ✓ Activated version: cb58aed2dc1e4acc96d784f2c0460382
  → POSTing video resource 'res-video-ethiopia-amharic-female-genital-mutilation-management-of-a-pregnant-woman-with-fgm' directly (no global original)
Created resource 'res-video-ethiopia-amharic-female-genital-mutilation-management-of-a-pregnant-woman-with-fgm' [translated] -> 34e194b038b74aff82820f1060fd1806
DEBUG: activating version 90e733d4e2ec422a8579be98e13e783c with url='http://135.225.105.160:8004/resources/version/90e733d4e2ec422a8579be98e13e783c/status'
  ✓ Activated version: 90e733d4e2ec422a8579be98e13e783c
  → POSTing video resource 'res-video-ethiopia-amharic-female-genital-mutilation-deinfibulation' directly (no global original)
Created resource 'res-video-ethiopia-amharic-female-genital-mutilation-deinfibulation' [translated] -> 367e7d6d964d496f8444b1a055cbbb4c
DEBUG: activating version 140184c583be46e3a1cf3c81569d6c5d with url='http://135.225.105.160:8004/resources/version/140184c583be46e3a1cf3c81569d6c5d/status'
  ✓ Activated version: 140184c583be46e3a1cf3c81569d6c5d
  → POSTing video resource 'res-video-ethiopia-amharic-female-genital-mutilation-labour-with-fgm' directly (no global original)
Created resource 'res-video-ethiopia-amharic-female-genital-mutilation-labour-with-fgm' [translated] -> f8d71685d3ca414d9b9aba53d8ccd027
DEBUG: activating version 5e29c697f00645909b19d2cc9f25a674 with url='http://135.225.105.160:8004/resources/version/5e29c697f00645909b19d2cc9f25a674/status'
  ✓ Activated version: 5e29c697f00645909b19d2cc9f25a674
  → POSTing video resource 'res-video-ethiopia-amharic-female-genital-mutilation-counsel-the-woman-and-her-husband' directly (no global original)
Created resource 'res-video-ethiopia-amharic-female-genital-mutilation-counsel-the-woman-and-her-husband' [translated] -> d2f46075df4d4086ae82808489286b1b
DEBUG: activating version 1a3462fc9cee4c6587ee7a31c493ea66 with url='http://135.225.105.160:8004/resources/version/1a3462fc9cee4c6587ee7a31c493ea66/status'
  ✓ Activated version: 1a3462fc9cee4c6587ee7a31c493ea66
  → POSTing video resource 'res-video-ethiopia-amharic-hypertension-intro' directly (no global original)
Created resource 'res-video-ethiopia-amharic-hypertension-intro' [translated] -> 6df7de79f5424ea7b5eb8670f7ea3496
DEBUG: activating version 4eee97b01c854aef8621614a2d03ee8b with url='http://135.225.105.160:8004/resources/version/4eee97b01c854aef8621614a2d03ee8b/status'
  ✓ Activated version: 4eee97b01c854aef8621614a2d03ee8b
  → POSTing video resource 'res-video-ethiopia-amharic-hypertension-definitions' directly (no global original)
Created resource 'res-video-ethiopia-amharic-hypertension-definitions' [translated] -> 160e95cb921f4b20af0d96f0c268a1e5
DEBUG: activating version 55f2ff90f93a443389718d4d1a890604 with url='http://135.225.105.160:8004/resources/version/55f2ff90f93a443389718d4d1a890604/status'
  ✓ Activated version: 55f2ff90f93a443389718d4d1a890604
  → POSTing video resource 'res-video-ethiopia-amharic-hypertension-causes' directly (no global original)
Created resource 'res-video-ethiopia-amharic-hypertension-causes' [translated] -> 8c1b7dbc97414cf98ce0ad729a8a65a2
DEBUG: activating version 14a4a609cf2b412283d86fa0220de4a1 with url='http://135.225.105.160:8004/resources/version/14a4a609cf2b412283d86fa0220de4a1/status'
  ✓ Activated version: 14a4a609cf2b412283d86fa0220de4a1
  → POSTing video resource 'res-video-ethiopia-amharic-hypertension-how-to-diagnose' directly (no global original)
Created resource 'res-video-ethiopia-amharic-hypertension-how-to-diagnose' [translated] -> 1d2843efda4e4339b55c76c02b1d649d
DEBUG: activating version 780499a23db9484a81aea094bf6e847d with url='http://135.225.105.160:8004/resources/version/780499a23db9484a81aea094bf6e847d/status'
  ✓ Activated version: 780499a23db9484a81aea094bf6e847d
  → POSTing video resource 'res-video-ethiopia-amharic-hypertension-management-of-hypertension' directly (no global original)
Created resource 'res-video-ethiopia-amharic-hypertension-management-of-hypertension' [translated] -> adf8e601d72744b5a642bb7f0e4e60f6
DEBUG: activating version 1647cbb9c06c45db9c85039256c049cb with url='http://135.225.105.160:8004/resources/version/1647cbb9c06c45db9c85039256c049cb/status'
  ✓ Activated version: 1647cbb9c06c45db9c85039256c049cb
  → POSTing video resource 'res-video-ethiopia-amharic-hypertension-severe-preeclampsia-eclampsia' directly (no global original)
Created resource 'res-video-ethiopia-amharic-hypertension-severe-preeclampsia-eclampsia' [translated] -> 729da473dfca41dc88a77a816a147a0b
DEBUG: activating version 021a5621a4a2476abbb3d841cc3f4ac6 with url='http://135.225.105.160:8004/resources/version/021a5621a4a2476abbb3d841cc3f4ac6/status'
  ✓ Activated version: 021a5621a4a2476abbb3d841cc3f4ac6
  → POSTing video resource 'res-video-ethiopia-amharic-infection-prevention-intro' directly (no global original)
Created resource 'res-video-ethiopia-amharic-infection-prevention-intro' [translated] -> e5af077ea0b848f2babf68376dddecc4
DEBUG: activating version 8ecb71fd917d4059a385bd87a4e7afce with url='http://135.225.105.160:8004/resources/version/8ecb71fd917d4059a385bd87a4e7afce/status'
  ✓ Activated version: 8ecb71fd917d4059a385bd87a4e7afce
  → POSTing video resource 'res-video-ethiopia-amharic-infection-prevention-hand-hygiene' directly (no global original)
Created resource 'res-video-ethiopia-amharic-infection-prevention-hand-hygiene' [translated] -> 19e247835dc14292b0950ef9e8659364
DEBUG: activating version 3e67da4cd4b84db6b05586cc730f4bac with url='http://135.225.105.160:8004/resources/version/3e67da4cd4b84db6b05586cc730f4bac/status'
  ✓ Activated version: 3e67da4cd4b84db6b05586cc730f4bac
  → POSTing video resource 'res-video-ethiopia-amharic-infection-prevention-procedure-for-handwash' directly (no global original)
Created resource 'res-video-ethiopia-amharic-infection-prevention-procedure-for-handwash' [translated] -> 9b28cb8ac1384ed18318d245b9c5df53
DEBUG: activating version b89d11e5ee204e8194a5390dbe43512c with url='http://135.225.105.160:8004/resources/version/b89d11e5ee204e8194a5390dbe43512c/status'
  ✓ Activated version: b89d11e5ee204e8194a5390dbe43512c
  → POSTing video resource 'res-video-ethiopia-amharic-infection-prevention-procedure-for-handrub' directly (no global original)
Created resource 'res-video-ethiopia-amharic-infection-prevention-procedure-for-handrub' [translated] -> d816a5337d1c49869f8a0eeae257cd26
DEBUG: activating version 8d822d96c2ba447ab497bacc97d9886e with url='http://135.225.105.160:8004/resources/version/8d822d96c2ba447ab497bacc97d9886e/status'
  ✓ Activated version: 8d822d96c2ba447ab497bacc97d9886e
  → POSTing video resource 'res-video-ethiopia-amharic-infection-prevention-personal-protective-equipment' directly (no global original)
Created resource 'res-video-ethiopia-amharic-infection-prevention-personal-protective-equipment' [translated] -> 1751a8cdeb524311853b92f9e7bd4b06
DEBUG: activating version 9b3a39495c674417b53a436619e406df with url='http://135.225.105.160:8004/resources/version/9b3a39495c674417b53a436619e406df/status'
  ✓ Activated version: 9b3a39495c674417b53a436619e406df
  → POSTing video resource 'res-video-ethiopia-amharic-infection-prevention-storage' directly (no global original)
Created resource 'res-video-ethiopia-amharic-infection-prevention-storage' [translated] -> 9aa592b258c54f0e87736da5cb4b4a41
DEBUG: activating version aa4a32d4a9d546f5a43fc7e8d6af3b06 with url='http://135.225.105.160:8004/resources/version/aa4a32d4a9d546f5a43fc7e8d6af3b06/status'
  ✓ Activated version: aa4a32d4a9d546f5a43fc7e8d6af3b06
  → POSTing video resource 'res-video-ethiopia-amharic-infection-prevention-housekeeping' directly (no global original)
Created resource 'res-video-ethiopia-amharic-infection-prevention-housekeeping' [translated] -> 2b59d1f06db94b67a90b8b2b66be2860
DEBUG: activating version 762e1b11fde245d0a11d769e4696499b with url='http://135.225.105.160:8004/resources/version/762e1b11fde245d0a11d769e4696499b/status'
  ✓ Activated version: 762e1b11fde245d0a11d769e4696499b
  → POSTing video resource 'res-video-ethiopia-amharic-infection-prevention-hiv-hepatitis-b-prevention' directly (no global original)
Created resource 'res-video-ethiopia-amharic-infection-prevention-hiv-hepatitis-b-prevention' [translated] -> bd3ac4c2400e4370b0b6209ec4acbe06
DEBUG: activating version 1f9adc10a645427a8a1a4988747b9792 with url='http://135.225.105.160:8004/resources/version/1f9adc10a645427a8a1a4988747b9792/status'
  ✓ Activated version: 1f9adc10a645427a8a1a4988747b9792
  → POSTing video resource 'res-video-ethiopia-amharic-low-birth-weight-intro' directly (no global original)
Created resource 'res-video-ethiopia-amharic-low-birth-weight-intro' [translated] -> 90f3e7a0be274ea2a6144a4c3fa0cff1
DEBUG: activating version 096ad31bb09f4351b657d667ae1be379 with url='http://135.225.105.160:8004/resources/version/096ad31bb09f4351b657d667ae1be379/status'
  ✓ Activated version: 096ad31bb09f4351b657d667ae1be379
  → POSTing video resource 'res-video-ethiopia-amharic-low-birth-weight-initial-care-of-the-low-birth-weight' directly (no global original)
Created resource 'res-video-ethiopia-amharic-low-birth-weight-initial-care-of-the-low-birth-weight' [translated] -> f4145efd593b4620adc501506a0cbbdb
DEBUG: activating version 73c2c2a022504e5f8a7439b0f7c060d0 with url='http://135.225.105.160:8004/resources/version/73c2c2a022504e5f8a7439b0f7c060d0/status'
  ✓ Activated version: 73c2c2a022504e5f8a7439b0f7c060d0
  → POSTing video resource 'res-video-ethiopia-amharic-low-birth-weight-kangaroo-mother-care' directly (no global original)
Created resource 'res-video-ethiopia-amharic-low-birth-weight-kangaroo-mother-care' [translated] -> e0ea0b00c69849e28e32ae10d68f057e
DEBUG: activating version 468f6d8bf97d4fcfb2eeb8c1657ecf06 with url='http://135.225.105.160:8004/resources/version/468f6d8bf97d4fcfb2eeb8c1657ecf06/status'
  ✓ Activated version: 468f6d8bf97d4fcfb2eeb8c1657ecf06
  → POSTing video resource 'res-video-ethiopia-amharic-low-birth-weight-feeding' directly (no global original)
Created resource 'res-video-ethiopia-amharic-low-birth-weight-feeding' [translated] -> 421f3586a6d7416381f8d5052bbd0cc5
DEBUG: activating version d2ff75095f764ba08d28d109b5051f93 with url='http://135.225.105.160:8004/resources/version/d2ff75095f764ba08d28d109b5051f93/status'
  ✓ Activated version: d2ff75095f764ba08d28d109b5051f93
  → POSTing video resource 'res-video-ethiopia-amharic-low-birth-weight-danger-signs' directly (no global original)
Created resource 'res-video-ethiopia-amharic-low-birth-weight-danger-signs' [translated] -> 5db2e63bf2c0464cafaaf64c8824161e
DEBUG: activating version 25aa6e975376481fa20e26dfb9b3c12c with url='http://135.225.105.160:8004/resources/version/25aa6e975376481fa20e26dfb9b3c12c/status'
  ✓ Activated version: 25aa6e975376481fa20e26dfb9b3c12c
  → POSTing video resource 'res-video-ethiopia-amharic-low-birth-weight-referral' directly (no global original)
Created resource 'res-video-ethiopia-amharic-low-birth-weight-referral' [translated] -> ced2684e40f84515b34d85977e3ebaf7
DEBUG: activating version 1bbf64bd3e3c4005b552962bf471e6ec with url='http://135.225.105.160:8004/resources/version/1bbf64bd3e3c4005b552962bf471e6ec/status'
  ✓ Activated version: 1bbf64bd3e3c4005b552962bf471e6ec
  → POSTing video resource 'res-video-ethiopia-amharic-low-birth-weight-respectful-care' directly (no global original)
Created resource 'res-video-ethiopia-amharic-low-birth-weight-respectful-care' [translated] -> 2919a69269db4db2be11d030e8f103af
DEBUG: activating version fa0a3727c09f49efb829d00da70a2d47 with url='http://135.225.105.160:8004/resources/version/fa0a3727c09f49efb829d00da70a2d47/status'
  ✓ Activated version: fa0a3727c09f49efb829d00da70a2d47
  → POSTing video resource 'res-video-ethiopia-amharic-manual-removal-of-placenta-intro' directly (no global original)
Created resource 'res-video-ethiopia-amharic-manual-removal-of-placenta-intro' [translated] -> b5715f4618284e1891b4ee0aa49ba399
DEBUG: activating version c78d50ceadf64a65838607955a83c693 with url='http://135.225.105.160:8004/resources/version/c78d50ceadf64a65838607955a83c693/status'
  ✓ Activated version: c78d50ceadf64a65838607955a83c693
  → POSTing video resource 'res-video-ethiopia-amharic-manual-removal-of-placenta-aorta-compression' directly (no global original)
Created resource 'res-video-ethiopia-amharic-manual-removal-of-placenta-aorta-compression' [translated] -> 0a43fd77ad48458e84e4c1c01f9da2f6
DEBUG: activating version 04fb375dfee147b7aabb9f91d6cc5a57 with url='http://135.225.105.160:8004/resources/version/04fb375dfee147b7aabb9f91d6cc5a57/status'
  ✓ Activated version: 04fb375dfee147b7aabb9f91d6cc5a57
  → POSTing video resource 'res-video-ethiopia-amharic-manual-removal-of-placenta-resuscitation' directly (no global original)
Created resource 'res-video-ethiopia-amharic-manual-removal-of-placenta-resuscitation' [translated] -> 19a109b23fe541bdbd49452b1cdf67ff
DEBUG: activating version cad9287ed95345eaa94b48c685375f3e with url='http://135.225.105.160:8004/resources/version/cad9287ed95345eaa94b48c685375f3e/status'
  ✓ Activated version: cad9287ed95345eaa94b48c685375f3e
  → POSTing video resource 'res-video-ethiopia-amharic-manual-removal-of-placenta-drugs-before-removal' directly (no global original)
Created resource 'res-video-ethiopia-amharic-manual-removal-of-placenta-drugs-before-removal' [translated] -> 9511af66d82e41439fba6cafbd649af3
DEBUG: activating version 3cb81df8e03c4136b9b9b3b2c2a9ffda with url='http://135.225.105.160:8004/resources/version/3cb81df8e03c4136b9b9b3b2c2a9ffda/status'
  ✓ Activated version: 3cb81df8e03c4136b9b9b3b2c2a9ffda
  → POSTing video resource 'res-video-ethiopia-amharic-manual-removal-of-placenta-gloves' directly (no global original)
Created resource 'res-video-ethiopia-amharic-manual-removal-of-placenta-gloves' [translated] -> dc1833a4726c4c16ac8e04ae7ee778ee
DEBUG: activating version 833d21af486e4cec98164390395f41e6 with url='http://135.225.105.160:8004/resources/version/833d21af486e4cec98164390395f41e6/status'
  ✓ Activated version: 833d21af486e4cec98164390395f41e6
  → POSTing video resource 'res-video-ethiopia-amharic-manual-removal-of-placenta-remove-the-placenta' directly (no global original)
Created resource 'res-video-ethiopia-amharic-manual-removal-of-placenta-remove-the-placenta' [translated] -> 0ff6c49051df4b14a49aeff1c2ad6003
DEBUG: activating version a74b403926ad49a581f4c156ffafeceb with url='http://135.225.105.160:8004/resources/version/a74b403926ad49a581f4c156ffafeceb/status'
  ✓ Activated version: a74b403926ad49a581f4c156ffafeceb
  → POSTing video resource 'res-video-ethiopia-amharic-manual-removal-of-placenta-drugs-after-removal' directly (no global original)
Created resource 'res-video-ethiopia-amharic-manual-removal-of-placenta-drugs-after-removal' [translated] -> 354fc85109d54b62a680b6ab678461f0
DEBUG: activating version aaecdc63fd5d44adacc2926e91520fc4 with url='http://135.225.105.160:8004/resources/version/aaecdc63fd5d44adacc2926e91520fc4/status'
  ✓ Activated version: aaecdc63fd5d44adacc2926e91520fc4
  → POSTing video resource 'res-video-ethiopia-amharic-manual-removal-of-placenta-monitoring' directly (no global original)
Created resource 'res-video-ethiopia-amharic-manual-removal-of-placenta-monitoring' [translated] -> 78743d9715b742109a8cb71c214c0d4c
DEBUG: activating version a267cad3026c4d4b81e88293be0f3f29 with url='http://135.225.105.160:8004/resources/version/a267cad3026c4d4b81e88293be0f3f29/status'
  ✓ Activated version: a267cad3026c4d4b81e88293be0f3f29
  → POSTing video resource 'res-video-ethiopia-amharic-maternal-sepsis-intro' directly (no global original)
Created resource 'res-video-ethiopia-amharic-maternal-sepsis-intro' [translated] -> d41a69243c664fec918ae1db023061f3
DEBUG: activating version 3717a13cee3b4099b2449a7abdcb9e4c with url='http://135.225.105.160:8004/resources/version/3717a13cee3b4099b2449a7abdcb9e4c/status'
  ✓ Activated version: 3717a13cee3b4099b2449a7abdcb9e4c
  → POSTing video resource 'res-video-ethiopia-amharic-maternal-sepsis-how-to-diagnose-definitions' directly (no global original)
Created resource 'res-video-ethiopia-amharic-maternal-sepsis-how-to-diagnose-definitions' [translated] -> 6e63d045407748c0b2ebdb4cabb4f62a
DEBUG: activating version 7591ee37ebba4e55b441d4cf01992492 with url='http://135.225.105.160:8004/resources/version/7591ee37ebba4e55b441d4cf01992492/status'
  ✓ Activated version: 7591ee37ebba4e55b441d4cf01992492
  → POSTing video resource 'res-video-ethiopia-amharic-maternal-sepsis-how-to-manage' directly (no global original)
Created resource 'res-video-ethiopia-amharic-maternal-sepsis-how-to-manage' [translated] -> a1411652abd94441bd562103a0b3ba3f
DEBUG: activating version 7e0d44c8a1ed425480b8445967cce29d with url='http://135.225.105.160:8004/resources/version/7e0d44c8a1ed425480b8445967cce29d/status'
  ✓ Activated version: 7e0d44c8a1ed425480b8445967cce29d
  → POSTing video resource 'res-video-ethiopia-amharic-maternal-sepsis-following-management' directly (no global original)
Created resource 'res-video-ethiopia-amharic-maternal-sepsis-following-management' [translated] -> e22833ce78d54ef08f5caaf6c43be523
DEBUG: activating version 93c84efd2e6d41b9bbc41a7ea88e4dbb with url='http://135.225.105.160:8004/resources/version/93c84efd2e6d41b9bbc41a7ea88e4dbb/status'
  ✓ Activated version: 93c84efd2e6d41b9bbc41a7ea88e4dbb
  → POSTing video resource 'res-video-ethiopia-amharic-maternal-sepsis-origin-of-infection' directly (no global original)
Created resource 'res-video-ethiopia-amharic-maternal-sepsis-origin-of-infection' [translated] -> 3f62628bfcd949b681c36d10970d5a0b
DEBUG: activating version 83abd6c698bf441ca9cb5e39c6f25b4e with url='http://135.225.105.160:8004/resources/version/83abd6c698bf441ca9cb5e39c6f25b4e/status'
  ✓ Activated version: 83abd6c698bf441ca9cb5e39c6f25b4e
  → POSTing video resource 'res-video-ethiopia-amharic-maternal-sepsis-hiv' directly (no global original)
Created resource 'res-video-ethiopia-amharic-maternal-sepsis-hiv' [translated] -> dfb4f54078bd4268b6028659e91a8a2c
DEBUG: activating version 9e88bb03a4414b488480df2d72a096df with url='http://135.225.105.160:8004/resources/version/9e88bb03a4414b488480df2d72a096df/status'
  ✓ Activated version: 9e88bb03a4414b488480df2d72a096df
  → POSTing video resource 'res-video-ethiopia-amharic-neonatal-resuscitation-intro' directly (no global original)
Created resource 'res-video-ethiopia-amharic-neonatal-resuscitation-intro' [translated] -> fe191f6e0658416f97ef73bce4c6d077
DEBUG: activating version 003be4725fd24b47abba2f25e5397ffe with url='http://135.225.105.160:8004/resources/version/003be4725fd24b47abba2f25e5397ffe/status'
  ✓ Activated version: 003be4725fd24b47abba2f25e5397ffe
  → POSTing video resource 'res-video-ethiopia-amharic-neonatal-resuscitation-assess-the-newborn' directly (no global original)
Created resource 'res-video-ethiopia-amharic-neonatal-resuscitation-assess-the-newborn' [translated] -> 39ce7a61c5344a5cb53be453bc7b241a
DEBUG: activating version db64a667f43742b88d2a66a84c98c19c with url='http://135.225.105.160:8004/resources/version/db64a667f43742b88d2a66a84c98c19c/status'
  ✓ Activated version: db64a667f43742b88d2a66a84c98c19c
  → POSTing video resource 'res-video-ethiopia-amharic-neonatal-resuscitation-airway' directly (no global original)
Created resource 'res-video-ethiopia-amharic-neonatal-resuscitation-airway' [translated] -> c6630351f4624d49ad2d0396b7834d51
DEBUG: activating version add4432205844bde97ffa40d06f8a8cd with url='http://135.225.105.160:8004/resources/version/add4432205844bde97ffa40d06f8a8cd/status'
  ✓ Activated version: add4432205844bde97ffa40d06f8a8cd
  → POSTing video resource 'res-video-ethiopia-amharic-neonatal-resuscitation-breathing' directly (no global original)
Created resource 'res-video-ethiopia-amharic-neonatal-resuscitation-breathing' [translated] -> 1413f4770b6b44e3b606d78c62c9ca5d
DEBUG: activating version f807a08cbb564f8bb879d67ab7a993f7 with url='http://135.225.105.160:8004/resources/version/f807a08cbb564f8bb879d67ab7a993f7/status'
  ✓ Activated version: f807a08cbb564f8bb879d67ab7a993f7
  → POSTing video resource 'res-video-ethiopia-amharic-neonatal-resuscitation-when-to-stop-resuscitation' directly (no global original)
Created resource 'res-video-ethiopia-amharic-neonatal-resuscitation-when-to-stop-resuscitation' [translated] -> 7c3b70dff0c445c68c5941e7ad9e986e
DEBUG: activating version 692feaba2ab744fc8c18a9de780d8763 with url='http://135.225.105.160:8004/resources/version/692feaba2ab744fc8c18a9de780d8763/status'
  ✓ Activated version: 692feaba2ab744fc8c18a9de780d8763
  → POSTing video resource 'res-video-ethiopia-amharic-neonatal-resuscitation-monitoring' directly (no global original)
Created resource 'res-video-ethiopia-amharic-neonatal-resuscitation-monitoring' [translated] -> c6a472fc48704b66b69cf1df5ab82c8c
DEBUG: activating version 092cfd65292e48409a2f0625c1af369b with url='http://135.225.105.160:8004/resources/version/092cfd65292e48409a2f0625c1af369b/status'
  ✓ Activated version: 092cfd65292e48409a2f0625c1af369b
  → POSTing video resource 'res-video-ethiopia-amharic-newborn-management-intro' directly (no global original)
Created resource 'res-video-ethiopia-amharic-newborn-management-intro' [translated] -> ab1c170bed1e44f8a05fc90ecc76f99a
DEBUG: activating version ae2c82aa12d343c3bd3a8f9ef3588e1d with url='http://135.225.105.160:8004/resources/version/ae2c82aa12d343c3bd3a8f9ef3588e1d/status'
  ✓ Activated version: ae2c82aa12d343c3bd3a8f9ef3588e1d
  → POSTing video resource 'res-video-ethiopia-amharic-newborn-management-prevention' directly (no global original)
Created resource 'res-video-ethiopia-amharic-newborn-management-prevention' [translated] -> ed96a7f662ac4151ba9cff7f4fd384ac
DEBUG: activating version fea32d67bfb240ffa1a19ff60501cee2 with url='http://135.225.105.160:8004/resources/version/fea32d67bfb240ffa1a19ff60501cee2/status'
  ✓ Activated version: fea32d67bfb240ffa1a19ff60501cee2
  → POSTing video resource 'res-video-ethiopia-amharic-newborn-management-initial-care-of-the-newborn' directly (no global original)
Created resource 'res-video-ethiopia-amharic-newborn-management-initial-care-of-the-newborn' [translated] -> 30f5f24350814e9b8436004795cfed27
DEBUG: activating version 87898a12fb2e431985fbb690965b63b8 with url='http://135.225.105.160:8004/resources/version/87898a12fb2e431985fbb690965b63b8/status'
  ✓ Activated version: 87898a12fb2e431985fbb690965b63b8
  → POSTing video resource 'res-video-ethiopia-amharic-newborn-management-danger-signs' directly (no global original)
Created resource 'res-video-ethiopia-amharic-newborn-management-danger-signs' [translated] -> 5e764985e4a642f39afd614ec89f9876
DEBUG: activating version b6afb664647d4f63a2375144aed0d376 with url='http://135.225.105.160:8004/resources/version/b6afb664647d4f63a2375144aed0d376/status'
  ✓ Activated version: b6afb664647d4f63a2375144aed0d376
  → POSTing video resource 'res-video-ethiopia-amharic-newborn-management-referral' directly (no global original)
Created resource 'res-video-ethiopia-amharic-newborn-management-referral' [translated] -> 005dbfa300df48ef8b507d7f1ce275de
DEBUG: activating version 4ef30105bcc54971ae3797426431ddf3 with url='http://135.225.105.160:8004/resources/version/4ef30105bcc54971ae3797426431ddf3/status'
  ✓ Activated version: 4ef30105bcc54971ae3797426431ddf3
  → POSTing video resource 'res-video-ethiopia-amharic-post-abortion-care-intro' directly (no global original)
Created resource 'res-video-ethiopia-amharic-post-abortion-care-intro' [translated] -> ee4af23da42e4dcc8803624a3b3afea3
DEBUG: activating version f4d139924f834a17aa5a85b2ef7c3075 with url='http://135.225.105.160:8004/resources/version/f4d139924f834a17aa5a85b2ef7c3075/status'
  ✓ Activated version: f4d139924f834a17aa5a85b2ef7c3075
  → POSTing video resource 'res-video-ethiopia-amharic-post-abortion-care-how-to-diagnose' directly (no global original)
Created resource 'res-video-ethiopia-amharic-post-abortion-care-how-to-diagnose' [translated] -> 3aba64550684484996ed9968c0b144c9
DEBUG: activating version 0e35bf3d3d9a444cb91f1cc6b1829fb7 with url='http://135.225.105.160:8004/resources/version/0e35bf3d3d9a444cb91f1cc6b1829fb7/status'
  ✓ Activated version: 0e35bf3d3d9a444cb91f1cc6b1829fb7
  → POSTing video resource 'res-video-ethiopia-amharic-post-abortion-care-how-to-manage' directly (no global original)
Created resource 'res-video-ethiopia-amharic-post-abortion-care-how-to-manage' [translated] -> 35ec69ea0c0745819a2bc0a18917e130
DEBUG: activating version 868ce5100ef54a39858ffb0140ff561c with url='http://135.225.105.160:8004/resources/version/868ce5100ef54a39858ffb0140ff561c/status'
  ✓ Activated version: 868ce5100ef54a39858ffb0140ff561c
  → POSTing video resource 'res-video-ethiopia-amharic-post-abortion-care-evacuation-of-the-uterus' directly (no global original)
Created resource 'res-video-ethiopia-amharic-post-abortion-care-evacuation-of-the-uterus' [translated] -> 101963bad51340b6918b4f1d8062e117
DEBUG: activating version 0cdc2288c1d747f78c0dda6fd9e8f980 with url='http://135.225.105.160:8004/resources/version/0cdc2288c1d747f78c0dda6fd9e8f980/status'
  ✓ Activated version: 0cdc2288c1d747f78c0dda6fd9e8f980
  → POSTing video resource 'res-video-ethiopia-amharic-post-abortion-care-manual-vacuum-aspiration' directly (no global original)
Created resource 'res-video-ethiopia-amharic-post-abortion-care-manual-vacuum-aspiration' [translated] -> 76e8ac2d566d433ebb138cfdaaf8d099
DEBUG: activating version e9550a41a21e4b7d84ed165eeb97c553 with url='http://135.225.105.160:8004/resources/version/e9550a41a21e4b7d84ed165eeb97c553/status'
  ✓ Activated version: e9550a41a21e4b7d84ed165eeb97c553
  → POSTing video resource 'res-video-ethiopia-amharic-post-partum-hemorrhage-intro' directly (no global original)
Created resource 'res-video-ethiopia-amharic-post-partum-hemorrhage-intro' [translated] -> 84b9a559cfdc471db435c36d744739c4
DEBUG: activating version c32663cc08a8422d8e9ba943e2d20bd4 with url='http://135.225.105.160:8004/resources/version/c32663cc08a8422d8e9ba943e2d20bd4/status'
  ✓ Activated version: c32663cc08a8422d8e9ba943e2d20bd4
  → POSTing video resource 'res-video-ethiopia-amharic-post-partum-hemorrhage-uterus-massage' directly (no global original)
Created resource 'res-video-ethiopia-amharic-post-partum-hemorrhage-uterus-massage' [translated] -> ea166c53fa064106b8173823f3daa416
DEBUG: activating version 4e53fedd5d994919a6ebf06bc51aac7b with url='http://135.225.105.160:8004/resources/version/4e53fedd5d994919a6ebf06bc51aac7b/status'
  ✓ Activated version: 4e53fedd5d994919a6ebf06bc51aac7b
  → POSTing video resource 'res-video-ethiopia-amharic-post-partum-hemorrhage-empty-the-bladder' directly (no global original)
Created resource 'res-video-ethiopia-amharic-post-partum-hemorrhage-empty-the-bladder' [translated] -> 893ea542a313483baebe7620aaf43751
DEBUG: activating version c74cf50a7f7c47518e73406b178d8562 with url='http://135.225.105.160:8004/resources/version/c74cf50a7f7c47518e73406b178d8562/status'
  ✓ Activated version: c74cf50a7f7c47518e73406b178d8562
  → POSTing video resource 'res-video-ethiopia-amharic-post-partum-hemorrhage-bimanual-compression' directly (no global original)
Created resource 'res-video-ethiopia-amharic-post-partum-hemorrhage-bimanual-compression' [translated] -> ec24bbe8ae4c4e2a9bd79808c82eaf04
DEBUG: activating version 55d8d515cf9941c19f03671f22703874 with url='http://135.225.105.160:8004/resources/version/55d8d515cf9941c19f03671f22703874/status'
  ✓ Activated version: 55d8d515cf9941c19f03671f22703874
  → POSTing video resource 'res-video-ethiopia-amharic-post-partum-hemorrhage-resuscitation' directly (no global original)
Created resource 'res-video-ethiopia-amharic-post-partum-hemorrhage-resuscitation' [translated] -> 0f3f3b12914342c28298403dfb85b008
DEBUG: activating version 1dffdcabad104046bed217652e3e499a with url='http://135.225.105.160:8004/resources/version/1dffdcabad104046bed217652e3e499a/status'
  ✓ Activated version: 1dffdcabad104046bed217652e3e499a
  → POSTing video resource 'res-video-ethiopia-amharic-post-partum-hemorrhage-give-uterotonic-drugs' directly (no global original)
Created resource 'res-video-ethiopia-amharic-post-partum-hemorrhage-give-uterotonic-drugs' [translated] -> b488a535894c456aadef19a117159997
DEBUG: activating version 2ad0b4ffb5e743a499a2255725d012ed with url='http://135.225.105.160:8004/resources/version/2ad0b4ffb5e743a499a2255725d012ed/status'
  ✓ Activated version: 2ad0b4ffb5e743a499a2255725d012ed
  → POSTing video resource 'res-video-ethiopia-amharic-post-partum-hemorrhage-trauma' directly (no global original)
Created resource 'res-video-ethiopia-amharic-post-partum-hemorrhage-trauma' [translated] -> c4ca8ed260af433fb7373aa2c3b0d039
DEBUG: activating version ffc1e5192f7b419099c6d9b4b29463cf with url='http://135.225.105.160:8004/resources/version/ffc1e5192f7b419099c6d9b4b29463cf/status'
  ✓ Activated version: ffc1e5192f7b419099c6d9b4b29463cf
  → POSTing video resource 'res-video-ethiopia-amharic-post-partum-hemorrhage-tissue' directly (no global original)
Created resource 'res-video-ethiopia-amharic-post-partum-hemorrhage-tissue' [translated] -> 71dcb7bb10d9458b8748f777b65e79ee
DEBUG: activating version 30b6c1315c994074bfeee2fb859e986f with url='http://135.225.105.160:8004/resources/version/30b6c1315c994074bfeee2fb859e986f/status'
  ✓ Activated version: 30b6c1315c994074bfeee2fb859e986f
  → POSTing video resource 'res-video-ethiopia-amharic-post-partum-hemorrhage-monitoring-after-bleeding' directly (no global original)
Created resource 'res-video-ethiopia-amharic-post-partum-hemorrhage-monitoring-after-bleeding' [translated] -> 8d713cf8e5334ada8547ed55ac0aabbc
DEBUG: activating version e4fb3042d7824888ba92d9b84e90f7fd with url='http://135.225.105.160:8004/resources/version/e4fb3042d7824888ba92d9b84e90f7fd/status'
  ✓ Activated version: e4fb3042d7824888ba92d9b84e90f7fd
  → POSTing video resource 'res-video-ethiopia-amharic-prolonged-labour-intro' directly (no global original)
Created resource 'res-video-ethiopia-amharic-prolonged-labour-intro' [translated] -> b603f10f0f3047faa4d811b011f6ef14
DEBUG: activating version 286e87b460104c2f9f27afaeeed0dbc1 with url='http://135.225.105.160:8004/resources/version/286e87b460104c2f9f27afaeeed0dbc1/status'
  ✓ Activated version: 286e87b460104c2f9f27afaeeed0dbc1
  → POSTing video resource 'res-video-ethiopia-amharic-prolonged-labour-causes' directly (no global original)
Created resource 'res-video-ethiopia-amharic-prolonged-labour-causes' [translated] -> f290eedc44084267be992433eb9098dd
DEBUG: activating version f8b9c3a520564f9da01c0a16b2153a07 with url='http://135.225.105.160:8004/resources/version/f8b9c3a520564f9da01c0a16b2153a07/status'
  ✓ Activated version: f8b9c3a520564f9da01c0a16b2153a07
  → POSTing video resource 'res-video-ethiopia-amharic-prolonged-labour-1st-stage-latent-phase' directly (no global original)
Created resource 'res-video-ethiopia-amharic-prolonged-labour-1st-stage-latent-phase' [translated] -> 4f72b36321844ad6804cad32527607ae
DEBUG: activating version eb024c7dba3b4bcfac1dff6bc5bb3823 with url='http://135.225.105.160:8004/resources/version/eb024c7dba3b4bcfac1dff6bc5bb3823/status'
  ✓ Activated version: eb024c7dba3b4bcfac1dff6bc5bb3823
  → POSTing video resource 'res-video-ethiopia-amharic-prolonged-labour-1st-stage-active-phase' directly (no global original)
Created resource 'res-video-ethiopia-amharic-prolonged-labour-1st-stage-active-phase' [translated] -> e5324904ed9e40afa747ac8bc74d19c2
DEBUG: activating version c3ed1cd70a594d5da51ffbe222cf57a3 with url='http://135.225.105.160:8004/resources/version/c3ed1cd70a594d5da51ffbe222cf57a3/status'
  ✓ Activated version: c3ed1cd70a594d5da51ffbe222cf57a3
  → POSTing video resource 'res-video-ethiopia-amharic-prolonged-labour-2nd-stage-prolonged' directly (no global original)
Created resource 'res-video-ethiopia-amharic-prolonged-labour-2nd-stage-prolonged' [translated] -> 4e95ec47a0f340a4a0bd5c77f6f12b3e
DEBUG: activating version ef15243f82a74364846794e40a193e9f with url='http://135.225.105.160:8004/resources/version/ef15243f82a74364846794e40a193e9f/status'
  ✓ Activated version: ef15243f82a74364846794e40a193e9f
  → POSTing video resource 'res-video-ethiopia-amharic-prolonged-labour-2nd-stage-vacuum-extraction' directly (no global original)
Created resource 'res-video-ethiopia-amharic-prolonged-labour-2nd-stage-vacuum-extraction' [translated] -> 9c636dcb938e494a9b98be96a761e101
DEBUG: activating version 67e50c89055549998e96b9eb63e0a5db with url='http://135.225.105.160:8004/resources/version/67e50c89055549998e96b9eb63e0a5db/status'
  ✓ Activated version: 67e50c89055549998e96b9eb63e0a5db
Updated resource 'res-drug-antibiotic-eye-drops' [translated] -> 40428433842b487ba5ddb19081152bf6
DEBUG: activating version 8a62aff374bb42949efce298e7ea02e6 with url='http://135.225.105.160:8004/resources/version/8a62aff374bb42949efce298e7ea02e6/status'
  ✓ Activated version: 8a62aff374bb42949efce298e7ea02e6
Updated resource 'res-drug-chlorhexidine' [translated] -> 882622b0def64310b56d5cec68676b56
DEBUG: activating version 270e273157694d00a48597de4a55686d with url='http://135.225.105.160:8004/resources/version/270e273157694d00a48597de4a55686d/status'
  ✓ Activated version: 270e273157694d00a48597de4a55686d
Updated resource 'res-drug-misoprostol' [translated] -> 251a488f0e974e4087f90ec47db28eb2
DEBUG: activating version 5b55e9eaba8b4a22a6017ea4121c71cd with url='http://135.225.105.160:8004/resources/version/5b55e9eaba8b4a22a6017ea4121c71cd/status'
  ✓ Activated version: 5b55e9eaba8b4a22a6017ea4121c71cd
Updated resource 'res-drug-oxytocin' [translated] -> d93a6d3a36b142629e012b0653760f75
DEBUG: activating version 12272be1505f4a1daa8f8024a659ba4f with url='http://135.225.105.160:8004/resources/version/12272be1505f4a1daa8f8024a659ba4f/status'
  ✓ Activated version: 12272be1505f4a1daa8f8024a659ba4f
Updated resource 'res-drug-vitamin-k' [translated] -> 145cd6f960234df8b184e981b15ec284
DEBUG: activating version 96b042a1b86540bebf6ba4330161a936 with url='http://135.225.105.160:8004/resources/version/96b042a1b86540bebf6ba4330161a936/status'
  ✓ Activated version: 96b042a1b86540bebf6ba4330161a936
Updated resource 'res-drug-carbetocin' [translated] -> bafc8a8c7d644209881f0fdbede3c26f
DEBUG: activating version 24a566248d884b48b190980df92f7b52 with url='http://135.225.105.160:8004/resources/version/24a566248d884b48b190980df92f7b52/status'
  ✓ Activated version: 24a566248d884b48b190980df92f7b52
Updated resource 'res-drug-diclofenac' [translated] -> 78b7e6a40737498fbd46efbb183b1c80
DEBUG: activating version 74a834d2113a4019a63c81335c553700 with url='http://135.225.105.160:8004/resources/version/74a834d2113a4019a63c81335c553700/status'
  ✓ Activated version: 74a834d2113a4019a63c81335c553700
Updated resource 'res-drug-lidocaine' [translated] -> 07ef0e24c77d4c06bbac48b0f1529622
DEBUG: activating version 29a8fac10e4742558603cd74956c030f with url='http://135.225.105.160:8004/resources/version/29a8fac10e4742558603cd74956c030f/status'
  ✓ Activated version: 29a8fac10e4742558603cd74956c030f
Updated resource 'res-drug-paracetamol' [translated] -> f6c3b8bc785b484781c5ae5f8c9a19da
DEBUG: activating version 6416f5eb42774b9d95e426983bd74c4e with url='http://135.225.105.160:8004/resources/version/6416f5eb42774b9d95e426983bd74c4e/status'
  ✓ Activated version: 6416f5eb42774b9d95e426983bd74c4e
Updated resource 'res-drug-ibuprofen' [translated] -> 098156fb090c4926a5334bb8f43fb4dc
DEBUG: activating version e7ecfec63496403e9a576ccb53cd3e95 with url='http://135.225.105.160:8004/resources/version/e7ecfec63496403e9a576ccb53cd3e95/status'
  ✓ Activated version: e7ecfec63496403e9a576ccb53cd3e95
Updated resource 'res-drug-calcium-gluconate' [translated] -> 343b8731cbd944f59aedd82f1f8518b8
DEBUG: activating version 30e7c23e12784d3ba0921fad2f2601b7 with url='http://135.225.105.160:8004/resources/version/30e7c23e12784d3ba0921fad2f2601b7/status'
  ✓ Activated version: 30e7c23e12784d3ba0921fad2f2601b7
Updated resource 'res-drug-hydralazine' [translated] -> ea5d4a3dbdda43a5b0853b463b02b26d
DEBUG: activating version d4d66563221b495c8ce7b5d5f7d9f4e4 with url='http://135.225.105.160:8004/resources/version/d4d66563221b495c8ce7b5d5f7d9f4e4/status'
  ✓ Activated version: d4d66563221b495c8ce7b5d5f7d9f4e4
Updated resource 'res-drug-labetalol' [translated] -> 9be45501c02d4828b37fc605c303fc99
DEBUG: activating version 373ac71c3f9241f796a0d7fd9b415c3f with url='http://135.225.105.160:8004/resources/version/373ac71c3f9241f796a0d7fd9b415c3f/status'
  ✓ Activated version: 373ac71c3f9241f796a0d7fd9b415c3f
Updated resource 'res-drug-lidocaine' [translated] -> 07ef0e24c77d4c06bbac48b0f1529622
DEBUG: activating version 2c6ddbc12dff48e7a37bcec35b57f23c with url='http://135.225.105.160:8004/resources/version/2c6ddbc12dff48e7a37bcec35b57f23c/status'
  ✓ Activated version: 2c6ddbc12dff48e7a37bcec35b57f23c
Updated resource 'res-drug-magnesium-sulphate' [translated] -> c9c78373aa844ba3a3f4e708f2b8ca63
DEBUG: activating version 85ab1abcc3b44840b91df53b9a46ae14 with url='http://135.225.105.160:8004/resources/version/85ab1abcc3b44840b91df53b9a46ae14/status'
  ✓ Activated version: 85ab1abcc3b44840b91df53b9a46ae14
Updated resource 'res-drug-methyldopa' [translated] -> 7ef9d06343404a1682a1d3e637363ff8
DEBUG: activating version c783d79055774a07a9fbe99e5f02429e with url='http://135.225.105.160:8004/resources/version/c783d79055774a07a9fbe99e5f02429e/status'
  ✓ Activated version: c783d79055774a07a9fbe99e5f02429e
Updated resource 'res-drug-nifedipine' [translated] -> d9be3f6a4679426e9ad419b1577a7805
DEBUG: activating version fe29a9e7e8904de183b1f9050390f3f5 with url='http://135.225.105.160:8004/resources/version/fe29a9e7e8904de183b1f9050390f3f5/status'
  ✓ Activated version: fe29a9e7e8904de183b1f9050390f3f5
Updated resource 'res-drug-dexamethasone' [translated] -> 97a91a95aaf04ecc9a37165428f94a88
DEBUG: activating version b2f28958dd514e12a270d70762a04815 with url='http://135.225.105.160:8004/resources/version/b2f28958dd514e12a270d70762a04815/status'
  ✓ Activated version: b2f28958dd514e12a270d70762a04815
Updated resource 'res-drug-post-exposure-prophylaxis-pep' [translated] -> 0ad2a7a14a824d1fbf7563826d3fc358
DEBUG: activating version 7106d29b67ae4ae8adde26551316baae with url='http://135.225.105.160:8004/resources/version/7106d29b67ae4ae8adde26551316baae/status'
  ✓ Activated version: 7106d29b67ae4ae8adde26551316baae
Updated resource 'res-drug-amoxicillin' [translated] -> f0c4dfc2c7524d209a1225c355c0f47d
DEBUG: activating version 3171937680d547fe8d5592d05e56d49c with url='http://135.225.105.160:8004/resources/version/3171937680d547fe8d5592d05e56d49c/status'
  ✓ Activated version: 3171937680d547fe8d5592d05e56d49c
Updated resource 'res-drug-ampicillin' [translated] -> a6220d8a938e459ab837f9cb79b2b9ef
DEBUG: activating version cdbaa9cd1181419a82a810a1f1c324b6 with url='http://135.225.105.160:8004/resources/version/cdbaa9cd1181419a82a810a1f1c324b6/status'
  ✓ Activated version: cdbaa9cd1181419a82a810a1f1c324b6
Updated resource 'res-drug-antibiotic-eye-drops' [translated] -> 40428433842b487ba5ddb19081152bf6
DEBUG: activating version fa0e6c8be93e4408a0c7e5ec2cea57dc with url='http://135.225.105.160:8004/resources/version/fa0e6c8be93e4408a0c7e5ec2cea57dc/status'
  ✓ Activated version: fa0e6c8be93e4408a0c7e5ec2cea57dc
Updated resource 'res-drug-betamethasone' [translated] -> c951943a119c490da993f3cadaf942a1
DEBUG: activating version 12c152c1855145de8581bd6e578309f0 with url='http://135.225.105.160:8004/resources/version/12c152c1855145de8581bd6e578309f0/status'
  ✓ Activated version: 12c152c1855145de8581bd6e578309f0
Updated resource 'res-drug-ceftriaxone' [translated] -> 83a0e8ca4e5343f6ba53ce070f4bc9bd
DEBUG: activating version 39fb4ceea23a405f95b23683f239ccbf with url='http://135.225.105.160:8004/resources/version/39fb4ceea23a405f95b23683f239ccbf/status'
  ✓ Activated version: 39fb4ceea23a405f95b23683f239ccbf
Updated resource 'res-drug-dexamethasone' [translated] -> 97a91a95aaf04ecc9a37165428f94a88
DEBUG: activating version e5422734102648e4b54b81ca0b2cd839 with url='http://135.225.105.160:8004/resources/version/e5422734102648e4b54b81ca0b2cd839/status'
  ✓ Activated version: e5422734102648e4b54b81ca0b2cd839
Updated resource 'res-drug-gentamicin' [translated] -> c39c41b857f3415c80dd6a76d2112e85
DEBUG: activating version 79c2f3318e1143bc8978c78cbdba291b with url='http://135.225.105.160:8004/resources/version/79c2f3318e1143bc8978c78cbdba291b/status'
  ✓ Activated version: 79c2f3318e1143bc8978c78cbdba291b
Updated resource 'res-drug-metronidazole' [translated] -> 22ac1b1983924a5c9f8c4ea79debbb0c
DEBUG: activating version 726255bc7ab84c0692378bc4c659d52a with url='http://135.225.105.160:8004/resources/version/726255bc7ab84c0692378bc4c659d52a/status'
  ✓ Activated version: 726255bc7ab84c0692378bc4c659d52a
Updated resource 'res-drug-penicillin-g-benzylpenicillin' [translated] -> 1bbe863a8a254f08891f49eac4103882
DEBUG: activating version 9d07764c9fa14e868824ce5db4c9f3e9 with url='http://135.225.105.160:8004/resources/version/9d07764c9fa14e868824ce5db4c9f3e9/status'
  ✓ Activated version: 9d07764c9fa14e868824ce5db4c9f3e9
Updated resource 'res-drug-phenobarbital' [translated] -> 5f05fc351117481a926b1eea0438f624
DEBUG: activating version 25c3983d4f754dc89569ed38a851df40 with url='http://135.225.105.160:8004/resources/version/25c3983d4f754dc89569ed38a851df40/status'
  ✓ Activated version: 25c3983d4f754dc89569ed38a851df40
Updated resource 'res-drug-aminophylline' [translated] -> 507edefb57294752be83953a362c7c99
DEBUG: activating version 29f28a8d5dd34d3d8efac4d2cbc32f3b with url='http://135.225.105.160:8004/resources/version/29f28a8d5dd34d3d8efac4d2cbc32f3b/status'
  ✓ Activated version: 29f28a8d5dd34d3d8efac4d2cbc32f3b
Updated resource 'res-drug-caffeine-citrate' [translated] -> ac98c227ae2f4f9fadb77e38acc210d5
DEBUG: activating version 533f88c3029b45b7b67614fc6276718c with url='http://135.225.105.160:8004/resources/version/533f88c3029b45b7b67614fc6276718c/status'
  ✓ Activated version: 533f88c3029b45b7b67614fc6276718c
Updated resource 'res-drug-ampicillin' [translated] -> a6220d8a938e459ab837f9cb79b2b9ef
DEBUG: activating version 4dc9a4b2323540339295f6c969479e0e with url='http://135.225.105.160:8004/resources/version/4dc9a4b2323540339295f6c969479e0e/status'
  ✓ Activated version: 4dc9a4b2323540339295f6c969479e0e
Updated resource 'res-drug-cefazolin' [translated] -> 0cf9299e0636424f8b972e95de52634b
DEBUG: activating version 2251d1fedd02429f8b66f69c4753654c with url='http://135.225.105.160:8004/resources/version/2251d1fedd02429f8b66f69c4753654c/status'
  ✓ Activated version: 2251d1fedd02429f8b66f69c4753654c
Updated resource 'res-drug-diazepam' [translated] -> 2bfebad66c9e4262b49f824099495ad4
DEBUG: activating version 5fb3678738bf40fa9940a185a2c95ecb with url='http://135.225.105.160:8004/resources/version/5fb3678738bf40fa9940a185a2c95ecb/status'
  ✓ Activated version: 5fb3678738bf40fa9940a185a2c95ecb
Updated resource 'res-drug-ergometrine' [translated] -> 97fa3686c4ea422294a63bc1f24d856d
DEBUG: activating version 89db3c56ad0a414f9c6b14e410af9320 with url='http://135.225.105.160:8004/resources/version/89db3c56ad0a414f9c6b14e410af9320/status'
  ✓ Activated version: 89db3c56ad0a414f9c6b14e410af9320
Updated resource 'res-drug-iron' [translated] -> a6c651a949004887939a5775fa20e466
DEBUG: activating version 469030b1dc1b4b1cab16b79d5d8e43e2 with url='http://135.225.105.160:8004/resources/version/469030b1dc1b4b1cab16b79d5d8e43e2/status'
  ✓ Activated version: 469030b1dc1b4b1cab16b79d5d8e43e2
Updated resource 'res-drug-misoprostol' [translated] -> 251a488f0e974e4087f90ec47db28eb2
DEBUG: activating version f4a44c162a74427192d57448cf6ee8a9 with url='http://135.225.105.160:8004/resources/version/f4a44c162a74427192d57448cf6ee8a9/status'
  ✓ Activated version: f4a44c162a74427192d57448cf6ee8a9
Updated resource 'res-drug-oxytocin' [translated] -> d93a6d3a36b142629e012b0653760f75
DEBUG: activating version 490d24fdbe4a45d595747cda526c46ac with url='http://135.225.105.160:8004/resources/version/490d24fdbe4a45d595747cda526c46ac/status'
  ✓ Activated version: 490d24fdbe4a45d595747cda526c46ac
Updated resource 'res-drug-tranexamic-acid' [translated] -> d482a104aa1a44c299b901ee950655f5
DEBUG: activating version a962c53a770f411498a89f4db2efedd9 with url='http://135.225.105.160:8004/resources/version/a962c53a770f411498a89f4db2efedd9/status'
  ✓ Activated version: a962c53a770f411498a89f4db2efedd9
Updated resource 'res-drug-ampicillin' [translated] -> a6220d8a938e459ab837f9cb79b2b9ef
DEBUG: activating version df13b6d281244e84b9e695ab3b5d29ac with url='http://135.225.105.160:8004/resources/version/df13b6d281244e84b9e695ab3b5d29ac/status'
  ✓ Activated version: df13b6d281244e84b9e695ab3b5d29ac
Updated resource 'res-drug-artesunate' [translated] -> ee4dc658a0c94df18836ebc3778d3be2
DEBUG: activating version 7171731a4d72467c89671ebb409af76d with url='http://135.225.105.160:8004/resources/version/7171731a4d72467c89671ebb409af76d/status'
  ✓ Activated version: 7171731a4d72467c89671ebb409af76d
Updated resource 'res-drug-betamethasone' [translated] -> c951943a119c490da993f3cadaf942a1
DEBUG: activating version eca6656768e54da993b24ae4dae3a855 with url='http://135.225.105.160:8004/resources/version/eca6656768e54da993b24ae4dae3a855/status'
  ✓ Activated version: eca6656768e54da993b24ae4dae3a855
Updated resource 'res-drug-chloramphenicol' [translated] -> 88084086d589492fb2a960475e46b1e5
DEBUG: activating version b6770d7ecde146e29049eefc26d0d346 with url='http://135.225.105.160:8004/resources/version/b6770d7ecde146e29049eefc26d0d346/status'
  ✓ Activated version: b6770d7ecde146e29049eefc26d0d346
Updated resource 'res-drug-dexamethasone' [translated] -> 97a91a95aaf04ecc9a37165428f94a88
DEBUG: activating version 816cc4fa5ac1453abb15302c87ac0cda with url='http://135.225.105.160:8004/resources/version/816cc4fa5ac1453abb15302c87ac0cda/status'
  ✓ Activated version: 816cc4fa5ac1453abb15302c87ac0cda
Updated resource 'res-drug-dicloxacillin' [translated] -> 9ef30b0ae528400bba8519a7b0f1118e
DEBUG: activating version c747dbb4da2f4619acb573166a295f4f with url='http://135.225.105.160:8004/resources/version/c747dbb4da2f4619acb573166a295f4f/status'
  ✓ Activated version: c747dbb4da2f4619acb573166a295f4f
Updated resource 'res-drug-gentamicin' [translated] -> c39c41b857f3415c80dd6a76d2112e85
DEBUG: activating version d577d55b8b6f47db9c821cad22a2fc5e with url='http://135.225.105.160:8004/resources/version/d577d55b8b6f47db9c821cad22a2fc5e/status'
  ✓ Activated version: d577d55b8b6f47db9c821cad22a2fc5e
Updated resource 'res-drug-metronidazole' [translated] -> 22ac1b1983924a5c9f8c4ea79debbb0c
DEBUG: activating version c5449aba94194914b8977ff7f9ff0012 with url='http://135.225.105.160:8004/resources/version/c5449aba94194914b8977ff7f9ff0012/status'
  ✓ Activated version: c5449aba94194914b8977ff7f9ff0012
Updated resource 'res-drug-penicillin-g-benzylpenicillin' [translated] -> 1bbe863a8a254f08891f49eac4103882
DEBUG: activating version 6bda61b41d2d4139973c29f4d46d6bd8 with url='http://135.225.105.160:8004/resources/version/6bda61b41d2d4139973c29f4d46d6bd8/status'
  ✓ Activated version: 6bda61b41d2d4139973c29f4d46d6bd8
Updated resource 'res-drug-quinine' [translated] -> bf186349372f46cf9a4b75a68240e118
DEBUG: activating version 16a90250cd5840879ce65d74b3c7994a with url='http://135.225.105.160:8004/resources/version/16a90250cd5840879ce65d74b3c7994a/status'
  ✓ Activated version: 16a90250cd5840879ce65d74b3c7994a
Updated resource 'res-drug-ampicillin' [translated] -> a6220d8a938e459ab837f9cb79b2b9ef
DEBUG: activating version f55acc10f239432587c639d64b6ca9dd with url='http://135.225.105.160:8004/resources/version/f55acc10f239432587c639d64b6ca9dd/status'
  ✓ Activated version: f55acc10f239432587c639d64b6ca9dd
Updated resource 'res-drug-ceftriaxone' [translated] -> 83a0e8ca4e5343f6ba53ce070f4bc9bd
DEBUG: activating version b0f8230ca4f8419f85d0b4e818652a19 with url='http://135.225.105.160:8004/resources/version/b0f8230ca4f8419f85d0b4e818652a19/status'
  ✓ Activated version: b0f8230ca4f8419f85d0b4e818652a19
Updated resource 'res-drug-gentamicin' [translated] -> c39c41b857f3415c80dd6a76d2112e85
DEBUG: activating version 1a1f4f3391624668b09ea5caaeb5c3ab with url='http://135.225.105.160:8004/resources/version/1a1f4f3391624668b09ea5caaeb5c3ab/status'
  ✓ Activated version: 1a1f4f3391624668b09ea5caaeb5c3ab
Updated resource 'res-drug-phenobarbital' [translated] -> 5f05fc351117481a926b1eea0438f624
DEBUG: activating version 3d1f16d939244055a621e13f136fd556 with url='http://135.225.105.160:8004/resources/version/3d1f16d939244055a621e13f136fd556/status'
  ✓ Activated version: 3d1f16d939244055a621e13f136fd556
Updated resource 'res-drug-ampicillin' [translated] -> a6220d8a938e459ab837f9cb79b2b9ef
DEBUG: activating version 35852cc16ad24897a05a3dea57b292f8 with url='http://135.225.105.160:8004/resources/version/35852cc16ad24897a05a3dea57b292f8/status'
  ✓ Activated version: 35852cc16ad24897a05a3dea57b292f8
Updated resource 'res-drug-antibiotic-eye-drops' [translated] -> 40428433842b487ba5ddb19081152bf6
DEBUG: activating version a356fcfea0af4060b2a517643bc8ead9 with url='http://135.225.105.160:8004/resources/version/a356fcfea0af4060b2a517643bc8ead9/status'
  ✓ Activated version: a356fcfea0af4060b2a517643bc8ead9
Updated resource 'res-drug-betamethasone' [translated] -> c951943a119c490da993f3cadaf942a1
DEBUG: activating version 69ea73f1e9424d78a272acfd3f6d2cff with url='http://135.225.105.160:8004/resources/version/69ea73f1e9424d78a272acfd3f6d2cff/status'
  ✓ Activated version: 69ea73f1e9424d78a272acfd3f6d2cff
Updated resource 'res-drug-ceftriaxone' [translated] -> 83a0e8ca4e5343f6ba53ce070f4bc9bd
DEBUG: activating version 2ef60fa1b6f74c3b8b82aa3402910612 with url='http://135.225.105.160:8004/resources/version/2ef60fa1b6f74c3b8b82aa3402910612/status'
  ✓ Activated version: 2ef60fa1b6f74c3b8b82aa3402910612
Updated resource 'res-drug-chlorhexidine' [translated] -> 882622b0def64310b56d5cec68676b56
DEBUG: activating version cd666381507f4898bb22179a5215bfcd with url='http://135.225.105.160:8004/resources/version/cd666381507f4898bb22179a5215bfcd/status'
  ✓ Activated version: cd666381507f4898bb22179a5215bfcd
Updated resource 'res-drug-dexamethasone' [translated] -> 97a91a95aaf04ecc9a37165428f94a88
DEBUG: activating version 5c465f0aaa264cefaefe32756e138ba5 with url='http://135.225.105.160:8004/resources/version/5c465f0aaa264cefaefe32756e138ba5/status'
  ✓ Activated version: 5c465f0aaa264cefaefe32756e138ba5
Updated resource 'res-drug-gentamicin' [translated] -> c39c41b857f3415c80dd6a76d2112e85
DEBUG: activating version bb9f402718834a36b86319dcd1de6a8c with url='http://135.225.105.160:8004/resources/version/bb9f402718834a36b86319dcd1de6a8c/status'
  ✓ Activated version: bb9f402718834a36b86319dcd1de6a8c
Updated resource 'res-drug-oxytocin' [translated] -> d93a6d3a36b142629e012b0653760f75
DEBUG: activating version b72039179c0e4716a4e6c7d7f30409ae with url='http://135.225.105.160:8004/resources/version/b72039179c0e4716a4e6c7d7f30409ae/status'
  ✓ Activated version: b72039179c0e4716a4e6c7d7f30409ae
Updated resource 'res-drug-phenobarbital' [translated] -> 5f05fc351117481a926b1eea0438f624
DEBUG: activating version 67fef1d0fb8641a9b736e95d06595583 with url='http://135.225.105.160:8004/resources/version/67fef1d0fb8641a9b736e95d06595583/status'
  ✓ Activated version: 67fef1d0fb8641a9b736e95d06595583
Updated resource 'res-drug-vitamin-k' [translated] -> 145cd6f960234df8b184e981b15ec284
DEBUG: activating version 37293661266947b1978f5bc4caa47638 with url='http://135.225.105.160:8004/resources/version/37293661266947b1978f5bc4caa47638/status'
  ✓ Activated version: 37293661266947b1978f5bc4caa47638
Updated resource 'res-drug-ampicillin' [translated] -> a6220d8a938e459ab837f9cb79b2b9ef
DEBUG: activating version 54127f8ee3b64295a3dddbcdebfebacf with url='http://135.225.105.160:8004/resources/version/54127f8ee3b64295a3dddbcdebfebacf/status'
  ✓ Activated version: 54127f8ee3b64295a3dddbcdebfebacf
Updated resource 'res-drug-diazepam' [translated] -> 2bfebad66c9e4262b49f824099495ad4
DEBUG: activating version f701fecc00364a8c95aad84a2f82844c with url='http://135.225.105.160:8004/resources/version/f701fecc00364a8c95aad84a2f82844c/status'
  ✓ Activated version: f701fecc00364a8c95aad84a2f82844c
Updated resource 'res-drug-gentamicin' [translated] -> c39c41b857f3415c80dd6a76d2112e85
DEBUG: activating version 6bc832618e5942b0ad323b95c2a2d009 with url='http://135.225.105.160:8004/resources/version/6bc832618e5942b0ad323b95c2a2d009/status'
  ✓ Activated version: 6bc832618e5942b0ad323b95c2a2d009
Updated resource 'res-drug-ibuprofen' [translated] -> 098156fb090c4926a5334bb8f43fb4dc
DEBUG: activating version 464747e86164498280f474b090481bcf with url='http://135.225.105.160:8004/resources/version/464747e86164498280f474b090481bcf/status'
  ✓ Activated version: 464747e86164498280f474b090481bcf
Updated resource 'res-drug-metronidazole' [translated] -> 22ac1b1983924a5c9f8c4ea79debbb0c
DEBUG: activating version 2e4ce7a3f86d414a97e9d09de89e956f with url='http://135.225.105.160:8004/resources/version/2e4ce7a3f86d414a97e9d09de89e956f/status'
  ✓ Activated version: 2e4ce7a3f86d414a97e9d09de89e956f
Updated resource 'res-drug-morphine' [translated] -> 327c7710f2644fbf9b62bb18c21909dd
DEBUG: activating version 9f14148bd8534c569dc807f35b6a5e83 with url='http://135.225.105.160:8004/resources/version/9f14148bd8534c569dc807f35b6a5e83/status'
  ✓ Activated version: 9f14148bd8534c569dc807f35b6a5e83
Updated resource 'res-drug-ampicillin' [translated] -> a6220d8a938e459ab837f9cb79b2b9ef
DEBUG: activating version 12721f9bccce45488a2380506d509f8c with url='http://135.225.105.160:8004/resources/version/12721f9bccce45488a2380506d509f8c/status'
  ✓ Activated version: 12721f9bccce45488a2380506d509f8c
Updated resource 'res-drug-cefazolin' [translated] -> 0cf9299e0636424f8b972e95de52634b
DEBUG: activating version d03ada15fdb94f6cb42f3e1c35a4471d with url='http://135.225.105.160:8004/resources/version/d03ada15fdb94f6cb42f3e1c35a4471d/status'
  ✓ Activated version: d03ada15fdb94f6cb42f3e1c35a4471d
Updated resource 'res-drug-diazepam' [translated] -> 2bfebad66c9e4262b49f824099495ad4
DEBUG: activating version 520d9e2914f74e4fb79e19257a7db6e3 with url='http://135.225.105.160:8004/resources/version/520d9e2914f74e4fb79e19257a7db6e3/status'
  ✓ Activated version: 520d9e2914f74e4fb79e19257a7db6e3
Updated resource 'res-drug-ergometrine' [translated] -> 97fa3686c4ea422294a63bc1f24d856d
DEBUG: activating version bfb5a92d42c2429fa93a0ed6a2e1d53b with url='http://135.225.105.160:8004/resources/version/bfb5a92d42c2429fa93a0ed6a2e1d53b/status'
  ✓ Activated version: bfb5a92d42c2429fa93a0ed6a2e1d53b
Updated resource 'res-drug-iron' [translated] -> a6c651a949004887939a5775fa20e466
DEBUG: activating version a5313faf7df34d05a6598764bde0ba7e with url='http://135.225.105.160:8004/resources/version/a5313faf7df34d05a6598764bde0ba7e/status'
  ✓ Activated version: a5313faf7df34d05a6598764bde0ba7e
Updated resource 'res-drug-misoprostol' [translated] -> 251a488f0e974e4087f90ec47db28eb2
DEBUG: activating version 28ff25ca61e9450b9cf45a2e4e3df95b with url='http://135.225.105.160:8004/resources/version/28ff25ca61e9450b9cf45a2e4e3df95b/status'
  ✓ Activated version: 28ff25ca61e9450b9cf45a2e4e3df95b
Updated resource 'res-drug-oxytocin' [translated] -> d93a6d3a36b142629e012b0653760f75
DEBUG: activating version 914d30b1f70a4fd4b0afa89604d72a03 with url='http://135.225.105.160:8004/resources/version/914d30b1f70a4fd4b0afa89604d72a03/status'
  ✓ Activated version: 914d30b1f70a4fd4b0afa89604d72a03
Updated resource 'res-drug-tranexamic-acid' [translated] -> d482a104aa1a44c299b901ee950655f5
DEBUG: activating version e5d04c7f6f6e4eacbc4692dcd77ec62c with url='http://135.225.105.160:8004/resources/version/e5d04c7f6f6e4eacbc4692dcd77ec62c/status'
  ✓ Activated version: e5d04c7f6f6e4eacbc4692dcd77ec62c
Updated resource 'res-drug-oxytocin' [translated] -> d93a6d3a36b142629e012b0653760f75
DEBUG: activating version acb536c337064c8b930aef16b290da5b with url='http://135.225.105.160:8004/resources/version/acb536c337064c8b930aef16b290da5b/status'
  ✓ Activated version: acb536c337064c8b930aef16b290da5b
Updated resource 'res-procedure-breastfeeding' [translated] -> d30312830d704c2c8f02977df9f0294c
DEBUG: activating version 028a00e371be46878e67131725786c5c with url='http://135.225.105.160:8004/resources/version/028a00e371be46878e67131725786c5c/status'
  ✓ Activated version: 028a00e371be46878e67131725786c5c
Updated resource 'res-procedure-deinfibulation' [translated] -> 4ee7d337a034459590d67398903d1bfd
DEBUG: activating version a08df835195e44fa9f47e361a6b6d529 with url='http://135.225.105.160:8004/resources/version/a08df835195e44fa9f47e361a6b6d529/status'
  ✓ Activated version: a08df835195e44fa9f47e361a6b6d529
Updated resource 'res-procedure-deinfibulation-ethiopia' [translated] -> d65cd77d85614c1881783ba1f8ad4bcf
DEBUG: activating version 5f0347730ddb4afdb8e7d8b05d8af3f2 with url='http://135.225.105.160:8004/resources/version/5f0347730ddb4afdb8e7d8b05d8af3f2/status'
  ✓ Activated version: 5f0347730ddb4afdb8e7d8b05d8af3f2
Updated resource 'res-procedure-urine-catheter' [translated] -> 0e0c839266bc49dbaedf1c819e851389
DEBUG: activating version b7dba89a688b4046ab5f2c2e3f68e091 with url='http://135.225.105.160:8004/resources/version/b7dba89a688b4046ab5f2c2e3f68e091/status'
  ✓ Activated version: b7dba89a688b4046ab5f2c2e3f68e091
Updated resource 'res-procedure-mixing-alcohol-based-handrub' [translated] -> b6b3c5e3a9204e3396237cfe679c696c
DEBUG: activating version 8fd6d78011aa4747a03a227dab2a820b with url='http://135.225.105.160:8004/resources/version/8fd6d78011aa4747a03a227dab2a820b/status'
  ✓ Activated version: 8fd6d78011aa4747a03a227dab2a820b
Updated resource 'res-procedure-nasogastric-tube' [translated] -> d1f0872f4f6240f384a5bb381d288c7e
DEBUG: activating version 876cfa524fa44e8d8bcdfef13e61781a with url='http://135.225.105.160:8004/resources/version/876cfa524fa44e8d8bcdfef13e61781a/status'
  ✓ Activated version: 876cfa524fa44e8d8bcdfef13e61781a
Updated resource 'res-procedure-breastfeeding' [translated] -> d30312830d704c2c8f02977df9f0294c
DEBUG: activating version d0bf0e80d9474c69b3eee47f0601a524 with url='http://135.225.105.160:8004/resources/version/d0bf0e80d9474c69b3eee47f0601a524/status'
  ✓ Activated version: d0bf0e80d9474c69b3eee47f0601a524
Updated resource 'res-procedure-urine-catheter' [translated] -> 0e0c839266bc49dbaedf1c819e851389
DEBUG: activating version 7e3dd47f01c74107a69678d69d6e0f7a with url='http://135.225.105.160:8004/resources/version/7e3dd47f01c74107a69678d69d6e0f7a/status'
  ✓ Activated version: 7e3dd47f01c74107a69678d69d6e0f7a
Updated resource 'res-procedure-condom-balloon-tamponade' [translated] -> 4583a02ed4d443d58e811bcdd8814b0e
DEBUG: activating version d97c1ca1d74b4181ad2736968d4ff9a6 with url='http://135.225.105.160:8004/resources/version/d97c1ca1d74b4181ad2736968d4ff9a6/status'
  ✓ Activated version: d97c1ca1d74b4181ad2736968d4ff9a6
Updated resource 'res-procedure-urine-catheter' [translated] -> 0e0c839266bc49dbaedf1c819e851389
DEBUG: activating version 99bc96f219074dd4bbd5b2546dfc5a6e with url='http://135.225.105.160:8004/resources/version/99bc96f219074dd4bbd5b2546dfc5a6e/status'
  ✓ Activated version: 99bc96f219074dd4bbd5b2546dfc5a6e
Updated resource 'res-procedure-nasogastric-tube' [translated] -> d1f0872f4f6240f384a5bb381d288c7e
DEBUG: activating version 7c6a344ff2304c54896e635484154f8b with url='http://135.225.105.160:8004/resources/version/7c6a344ff2304c54896e635484154f8b/status'
  ✓ Activated version: 7c6a344ff2304c54896e635484154f8b
Updated resource 'res-procedure-breastfeeding' [translated] -> d30312830d704c2c8f02977df9f0294c
DEBUG: activating version 431ee9f50afb4ddf85bc512ea48beb69 with url='http://135.225.105.160:8004/resources/version/431ee9f50afb4ddf85bc512ea48beb69/status'
  ✓ Activated version: 431ee9f50afb4ddf85bc512ea48beb69
Updated resource 'res-procedure-cleaning-manual-vacuum-aspirator' [translated] -> 2b8fd9eadf09437f83b026adbb733642
DEBUG: activating version a7e1034f2fa7420091358c8bc1ace117 with url='http://135.225.105.160:8004/resources/version/a7e1034f2fa7420091358c8bc1ace117/status'
  ✓ Activated version: a7e1034f2fa7420091358c8bc1ace117
Updated resource 'res-procedure-urine-catheter' [translated] -> 0e0c839266bc49dbaedf1c819e851389
DEBUG: activating version 201ead67443c48dda927cfa105c96d4f with url='http://135.225.105.160:8004/resources/version/201ead67443c48dda927cfa105c96d4f/status'
  ✓ Activated version: 201ead67443c48dda927cfa105c96d4f
Updated resource 'res-procedure-urine-catheter' [translated] -> 0e0c839266bc49dbaedf1c819e851389
DEBUG: activating version 994af5acf5f5428487f2feab08d1e16b with url='http://135.225.105.160:8004/resources/version/994af5acf5f5428487f2feab08d1e16b/status'
  ✓ Activated version: 994af5acf5f5428487f2feab08d1e16b
Updated resource 'res-procedure-condom-balloon-tamponade' [translated] -> 4583a02ed4d443d58e811bcdd8814b0e
DEBUG: activating version 1556557117794a8085f1db48a7a58700 with url='http://135.225.105.160:8004/resources/version/1556557117794a8085f1db48a7a58700/status'
  ✓ Activated version: 1556557117794a8085f1db48a7a58700
Updated resource 'res-procedure-urine-catheter' [translated] -> 0e0c839266bc49dbaedf1c819e851389
DEBUG: activating version 5b27bb12369c4c99a873b89b471adb85 with url='http://135.225.105.160:8004/resources/version/5b27bb12369c4c99a873b89b471adb85/status'
  ✓ Activated version: 5b27bb12369c4c99a873b89b471adb85
Updated resource 'res-procedure-foetal-heart-rate' [translated] -> d9de7bce1e074be68e0fe08175e078a3
DEBUG: activating version 52779c7469db4e3dadc3f1197925fa71 with url='http://135.225.105.160:8004/resources/version/52779c7469db4e3dadc3f1197925fa71/status'
  ✓ Activated version: 52779c7469db4e3dadc3f1197925fa71
Updated resource 'res-procedure-vacuum-extractor' [translated] -> 21b4843bda1b4ac4a6624ee11aa4216d
DEBUG: activating version e2d3ccfd22b947b592c984630984be95 with url='http://135.225.105.160:8004/resources/version/e2d3ccfd22b947b592c984630984be95/status'
  ✓ Activated version: e2d3ccfd22b947b592c984630984be95
Updated resource 'res-action-card-newborn-management-routine-care' [translated] -> d533fa42d107486f9faea5209bc63694
DEBUG: activating version b09a8cfb64f1417cb5a46ce6e43c732c with url='http://135.225.105.160:8004/resources/version/b09a8cfb64f1417cb5a46ce6e43c732c/status'
  ✓ Activated version: b09a8cfb64f1417cb5a46ce6e43c732c
Updated resource 'res-action-card-essential-steps-for-active-management-of-third-stage-labour' [translated] -> d322194d3d8045519d1a5e07a978b47f
DEBUG: activating version 9bd70730701e4907ad00c0218e4e70e7 with url='http://135.225.105.160:8004/resources/version/9bd70730701e4907ad00c0218e4e70e7/status'
  ✓ Activated version: 9bd70730701e4907ad00c0218e4e70e7
Updated resource 'res-action-card-definition-and-complications' [translated] -> 27cfa1d0800a44b8ba7be0e9f7b48f14
DEBUG: activating version 2b2da97edad64b939f8838e8603e11a9 with url='http://135.225.105.160:8004/resources/version/2b2da97edad64b939f8838e8603e11a9/status'
  ✓ Activated version: 2b2da97edad64b939f8838e8603e11a9
Updated resource 'res-action-card-definitions-and-complications-ethiopia' [translated] -> bdeca180a11645f1879418db5eaf6c88
DEBUG: activating version 6afb41e828f44194afa764c9dbb14488 with url='http://135.225.105.160:8004/resources/version/6afb41e828f44194afa764c9dbb14488/status'
  ✓ Activated version: 6afb41e828f44194afa764c9dbb14488
Updated resource 'res-action-card-hypertension-definitions' [translated] -> de1f4ee5bd174aa599c70695ff993113
DEBUG: activating version 5103d1960123464481409c901db29f69 with url='http://135.225.105.160:8004/resources/version/5103d1960123464481409c901db29f69/status'
  ✓ Activated version: 5103d1960123464481409c901db29f69
Updated resource 'res-action-card-hypertension-management-hypertension' [translated] -> 5ba3434a7c7a45ad9b58b2f3bfa92f41
DEBUG: activating version 9013c1094e81443fb0f99fb83609ed3a with url='http://135.225.105.160:8004/resources/version/9013c1094e81443fb0f99fb83609ed3a/status'
  ✓ Activated version: 9013c1094e81443fb0f99fb83609ed3a
Updated resource 'res-action-card-hypertension-management-eclampsia' [translated] -> 991f588823c24e62b2c596140ff67027
DEBUG: activating version 47387a2c93cc4be0a1a61e2df05c4258 with url='http://135.225.105.160:8004/resources/version/47387a2c93cc4be0a1a61e2df05c4258/status'
  ✓ Activated version: 47387a2c93cc4be0a1a61e2df05c4258
Updated resource 'res-action-card-emergency-referral-hypertension' [translated] -> a4df8fa45aff4ce893a5f941f710e213
DEBUG: activating version 5f240bc625e54e92a0358b079d570498 with url='http://135.225.105.160:8004/resources/version/5f240bc625e54e92a0358b079d570498/status'
  ✓ Activated version: 5f240bc625e54e92a0358b079d570498
Updated resource 'res-action-card-newborn-management-prevention' [translated] -> e0b01f0328e24541bc8f3f25d46d5840
DEBUG: activating version d0804fe5afc1454ca1cf7649373231ab with url='http://135.225.105.160:8004/resources/version/d0804fe5afc1454ca1cf7649373231ab/status'
  ✓ Activated version: d0804fe5afc1454ca1cf7649373231ab
Updated resource 'res-action-card-neonatal-jaundice' [translated] -> 9fe64818e53a4e4bb911e48b59e89f6b
DEBUG: activating version 72faeb720d6f4a8d849fae3ad6195b09 with url='http://135.225.105.160:8004/resources/version/72faeb720d6f4a8d849fae3ad6195b09/status'
  ✓ Activated version: 72faeb720d6f4a8d849fae3ad6195b09
Updated resource 'res-action-card-antibiotic-management' [translated] -> a21c053f992142cb99c22a5c52036332
DEBUG: activating version 6114aee2a2064c8d9bcc8747f235dd09 with url='http://135.225.105.160:8004/resources/version/6114aee2a2064c8d9bcc8747f235dd09/status'
  ✓ Activated version: 6114aee2a2064c8d9bcc8747f235dd09
Updated resource 'res-action-card-newborn-management-pediatric-drugs-and-fluids' [translated] -> 616d33bf5f4c426cabc72263a0656cf7
DEBUG: activating version e28deb9d0b7f4584b778bd5ac4f11a9f with url='http://135.225.105.160:8004/resources/version/e28deb9d0b7f4584b778bd5ac4f11a9f/status'
  ✓ Activated version: e28deb9d0b7f4584b778bd5ac4f11a9f
Updated resource 'res-action-card-safe-oxygen-therapy' [translated] -> a16a63025711447da5f728daac6105df
DEBUG: activating version b0e7a42373684138b757b08d7f6f04d4 with url='http://135.225.105.160:8004/resources/version/b0e7a42373684138b757b08d7f6f04d4/status'
  ✓ Activated version: b0e7a42373684138b757b08d7f6f04d4
Updated resource 'res-action-card-emergency-referral-newborn-management' [translated] -> 3c69ba9215ab4331a3fabbb5c7e92fe2
DEBUG: activating version 18e760f21ecf44e99e1e9fd17a88c377 with url='http://135.225.105.160:8004/resources/version/18e760f21ecf44e99e1e9fd17a88c377/status'
  ✓ Activated version: 18e760f21ecf44e99e1e9fd17a88c377
Updated resource 'res-action-card-emergency-referral-manual-removal-of-placenta' [translated] -> df8923c4b29f4940baec119820020b07
DEBUG: activating version 5b1d74ccb76c4f1c8941aee59d0855e7 with url='http://135.225.105.160:8004/resources/version/5b1d74ccb76c4f1c8941aee59d0855e7/status'
  ✓ Activated version: 5b1d74ccb76c4f1c8941aee59d0855e7
Updated resource 'res-action-card-maternal-sepsis-definitions' [translated] -> 9ac7669da72d4fa894f35ed096bbebc4
DEBUG: activating version 721ffc20996949a9a6c012465ed7a3e8 with url='http://135.225.105.160:8004/resources/version/721ffc20996949a9a6c012465ed7a3e8/status'
  ✓ Activated version: 721ffc20996949a9a6c012465ed7a3e8
Updated resource 'res-action-card-maternal-sepsis-emergency-management' [translated] -> ef0a8e4d496a46f29aaf54852c8f2477
DEBUG: activating version b933e563816d4e1980ed4a57bf6f4642 with url='http://135.225.105.160:8004/resources/version/b933e563816d4e1980ed4a57bf6f4642/status'
  ✓ Activated version: b933e563816d4e1980ed4a57bf6f4642
Updated resource 'res-action-card-maternal-sepsis-following-management' [translated] -> 4b09a710f0904815bd3297fad0bbda1b
DEBUG: activating version 6ee3b0c51eb84c9e8c7067911c4998b6 with url='http://135.225.105.160:8004/resources/version/6ee3b0c51eb84c9e8c7067911c4998b6/status'
  ✓ Activated version: 6ee3b0c51eb84c9e8c7067911c4998b6
Updated resource 'res-action-card-maternal-sepsis-identify-cause' [translated] -> b09f82a82a204a60a1c737caa313ecb2
DEBUG: activating version ea302c5063e8476eb82ec471ff1dc10b with url='http://135.225.105.160:8004/resources/version/ea302c5063e8476eb82ec471ff1dc10b/status'
  ✓ Activated version: ea302c5063e8476eb82ec471ff1dc10b
Updated resource 'res-action-card-emergency-referral-maternal-sepsis' [translated] -> cfdc2038ae344bf08595bbdd73448ecd
DEBUG: activating version 9002ab36b7334fefaf1ed46264fe12af with url='http://135.225.105.160:8004/resources/version/9002ab36b7334fefaf1ed46264fe12af/status'
  ✓ Activated version: 9002ab36b7334fefaf1ed46264fe12af
Updated resource 'res-action-card-neonatal-resuscitation' [translated] -> 9ab065e64f994d45aa1c3358208ba7ee
DEBUG: activating version 551456ee1b4347c6b4ce25182dda8488 with url='http://135.225.105.160:8004/resources/version/551456ee1b4347c6b4ce25182dda8488/status'
  ✓ Activated version: 551456ee1b4347c6b4ce25182dda8488
Updated resource 'res-action-card-emergency-referral-neonatal-resuscitation' [translated] -> 6f6519cef3d640be9ff3ea09dc8604a2
DEBUG: activating version 7455e45d69b645c99d7dd2ba99b0da9a with url='http://135.225.105.160:8004/resources/version/7455e45d69b645c99d7dd2ba99b0da9a/status'
  ✓ Activated version: 7455e45d69b645c99d7dd2ba99b0da9a
Updated resource 'res-action-card-safe-oxygen-therapy' [translated] -> a16a63025711447da5f728daac6105df
DEBUG: activating version 6ac6efcddf2445418b4236e74f0bd116 with url='http://135.225.105.160:8004/resources/version/6ac6efcddf2445418b4236e74f0bd116/status'
  ✓ Activated version: 6ac6efcddf2445418b4236e74f0bd116
Updated resource 'res-action-card-newborn-management-pediatric-drugs-and-fluids' [translated] -> 616d33bf5f4c426cabc72263a0656cf7
DEBUG: activating version 1724167f48a6426ab79c9f4a4a14b9ab with url='http://135.225.105.160:8004/resources/version/1724167f48a6426ab79c9f4a4a14b9ab/status'
  ✓ Activated version: 1724167f48a6426ab79c9f4a4a14b9ab
Updated resource 'res-action-card-newborn-management-prevention' [translated] -> e0b01f0328e24541bc8f3f25d46d5840
DEBUG: activating version 670f052c0f174538895e84328f9aff77 with url='http://135.225.105.160:8004/resources/version/670f052c0f174538895e84328f9aff77/status'
  ✓ Activated version: 670f052c0f174538895e84328f9aff77
Updated resource 'res-action-card-neonatal-jaundice' [translated] -> 9fe64818e53a4e4bb911e48b59e89f6b
DEBUG: activating version 5ebb528567484d1492bde6f245a7a95f with url='http://135.225.105.160:8004/resources/version/5ebb528567484d1492bde6f245a7a95f/status'
  ✓ Activated version: 5ebb528567484d1492bde6f245a7a95f
Updated resource 'res-action-card-newborn-management-routine-care' [translated] -> d533fa42d107486f9faea5209bc63694
DEBUG: activating version 2acaa237b55546b8ae95680069125e14 with url='http://135.225.105.160:8004/resources/version/2acaa237b55546b8ae95680069125e14/status'
  ✓ Activated version: 2acaa237b55546b8ae95680069125e14
Updated resource 'res-action-card-newborn-management-danger-signs' [translated] -> 8f26b88f9d7d4e399af3a72c1b3258c7
DEBUG: activating version f8dbf3be1292486cb7982850e1e905ef with url='http://135.225.105.160:8004/resources/version/f8dbf3be1292486cb7982850e1e905ef/status'
  ✓ Activated version: f8dbf3be1292486cb7982850e1e905ef
Updated resource 'res-action-card-newborn-management-management-of-danger-signs' [translated] -> 48bd12ebb77a4f81bdc03bec665abbf8
DEBUG: activating version 5b85b999b9b34338a077e0d639e96ed6 with url='http://135.225.105.160:8004/resources/version/5b85b999b9b34338a077e0d639e96ed6/status'
  ✓ Activated version: 5b85b999b9b34338a077e0d639e96ed6
Updated resource 'res-action-card-antibiotic-management' [translated] -> a21c053f992142cb99c22a5c52036332
DEBUG: activating version 410921df51454f8daa44cc1cc8908e39 with url='http://135.225.105.160:8004/resources/version/410921df51454f8daa44cc1cc8908e39/status'
  ✓ Activated version: 410921df51454f8daa44cc1cc8908e39
Updated resource 'res-action-card-newborn-management-pediatric-drugs-and-fluids' [translated] -> 616d33bf5f4c426cabc72263a0656cf7
DEBUG: activating version f978092c6d3c4cc19bdcbeb3267aada4 with url='http://135.225.105.160:8004/resources/version/f978092c6d3c4cc19bdcbeb3267aada4/status'
  ✓ Activated version: f978092c6d3c4cc19bdcbeb3267aada4
Updated resource 'res-action-card-safe-oxygen-therapy' [translated] -> a16a63025711447da5f728daac6105df
DEBUG: activating version 3d43d77807304963ac2a4a9527b054e5 with url='http://135.225.105.160:8004/resources/version/3d43d77807304963ac2a4a9527b054e5/status'
  ✓ Activated version: 3d43d77807304963ac2a4a9527b054e5
Updated resource 'res-action-card-emergency-referral-newborn-management' [translated] -> 3c69ba9215ab4331a3fabbb5c7e92fe2
DEBUG: activating version d81be219768a4d59a6e6b2978ef7d6a4 with url='http://135.225.105.160:8004/resources/version/d81be219768a4d59a6e6b2978ef7d6a4/status'
  ✓ Activated version: d81be219768a4d59a6e6b2978ef7d6a4
Updated resource 'res-action-card-post-abortion-care-definitions' [translated] -> 0ca0b1afd9c44698a92e3b6efeb2f303
DEBUG: activating version a1cdc3acaf4b4cb2964ea2d14238d394 with url='http://135.225.105.160:8004/resources/version/a1cdc3acaf4b4cb2964ea2d14238d394/status'
  ✓ Activated version: a1cdc3acaf4b4cb2964ea2d14238d394
Updated resource 'res-action-card-post-abortion-care-emergency-management' [translated] -> 8ddb864237314dd2a4a9dbf343fa600a
DEBUG: activating version 1929d0a341cd40b8ba6bc440c411b735 with url='http://135.225.105.160:8004/resources/version/1929d0a341cd40b8ba6bc440c411b735/status'
  ✓ Activated version: 1929d0a341cd40b8ba6bc440c411b735
Updated resource 'res-action-card-post-abortion-care-following-management' [translated] -> 5e74376cccc34f48bfa52694d64ea32e
DEBUG: activating version 22f652b0ee274a2cabe56a0aa1fc2710 with url='http://135.225.105.160:8004/resources/version/22f652b0ee274a2cabe56a0aa1fc2710/status'
  ✓ Activated version: 22f652b0ee274a2cabe56a0aa1fc2710
Updated resource 'res-action-card-emergency-referral-post-abortion-care' [translated] -> 485ab71af6cc4b3e90108ffe0d89f0a2
DEBUG: activating version 439251b401be4a2182feb63000eb2a08 with url='http://135.225.105.160:8004/resources/version/439251b401be4a2182feb63000eb2a08/status'
  ✓ Activated version: 439251b401be4a2182feb63000eb2a08
Updated resource 'res-action-card-post-partum-hemorrage-uterus' [translated] -> f6a936a3be754237b7f1a6e531a7c3f2
DEBUG: activating version 39df89a9118a4be9aaf309a94a7df3e7 with url='http://135.225.105.160:8004/resources/version/39df89a9118a4be9aaf309a94a7df3e7/status'
  ✓ Activated version: 39df89a9118a4be9aaf309a94a7df3e7
Updated resource 'res-action-card-post-partum-hemorrage-head' [translated] -> 5c8763957ad54bca93b87baa61eea1b7
DEBUG: activating version 4fa58fa966e74845b526738be3424a1e with url='http://135.225.105.160:8004/resources/version/4fa58fa966e74845b526738be3424a1e/status'
  ✓ Activated version: 4fa58fa966e74845b526738be3424a1e
Updated resource 'res-action-card-post-partum-hemorrage-arms' [translated] -> 21341215fa274d89abd1de95f03dd1e4
DEBUG: activating version 1b5d8051e487465e93b0ef65c1c90b49 with url='http://135.225.105.160:8004/resources/version/1b5d8051e487465e93b0ef65c1c90b49/status'
  ✓ Activated version: 1b5d8051e487465e93b0ef65c1c90b49
Updated resource 'res-action-card-emergency-referral-post-partum-hemorrhage' [translated] -> 3f8e85553ca3474ea081671767faed8f
DEBUG: activating version 3b3e0ba53d234a9496ab4326ad7ac9b8 with url='http://135.225.105.160:8004/resources/version/3b3e0ba53d234a9496ab4326ad7ac9b8/status'
  ✓ Activated version: 3b3e0ba53d234a9496ab4326ad7ac9b8
Updated resource 'res-action-card-vacuum-delivery-indications' [translated] -> 782b222dfa454817b226cf80959275cc
DEBUG: activating version 7615b1eb6f9441f895841cba19bdfe60 with url='http://135.225.105.160:8004/resources/version/7615b1eb6f9441f895841cba19bdfe60/status'
  ✓ Activated version: 7615b1eb6f9441f895841cba19bdfe60
Updated resource 'res-action-card-vacuum-delivery-prerequisites' [translated] -> cfcbd21b6cd54708b6a3bd60e04bdb7b
DEBUG: activating version 1fad4e9bd60440628bb33c99365089a5 with url='http://135.225.105.160:8004/resources/version/1fad4e9bd60440628bb33c99365089a5/status'
  ✓ Activated version: 1fad4e9bd60440628bb33c99365089a5
Updated resource 'res-action-card-vacuum-delivery-procedure-as-by-also' [translated] -> a20d9f43151743968c3364e6294cd199
DEBUG: activating version 01d0933e6270491fa447e584ff46072e with url='http://135.225.105.160:8004/resources/version/01d0933e6270491fa447e584ff46072e/status'
  ✓ Activated version: 01d0933e6270491fa447e584ff46072e
Updated resource 'res-action-card-emergency-referral-prolonged-labour' [translated] -> 6588e14639f346dfb20ee35301d61a99
DEBUG: activating version 837357ff099f456a8520bd0171c1826b with url='http://135.225.105.160:8004/resources/version/837357ff099f456a8520bd0171c1826b/status'
  ✓ Activated version: 837357ff099f456a8520bd0171c1826b

=== STEP 3: Post KLPs ===
Fetching existing KLPs from API...
Fetched 2329 existing KLPs from API
Posting 432 KLPs from klps.csv...
  → Recovered missing Language ID for KLP via mapping: cc8fdc7c2e2441738bc99a70bbc74796
  Warning: Link slug 'res-video-intro' not in mapping, removing from question
Updated KLP 'klp-2-active-management' -> 402138cd650048f49a0bff716ce277f5
DEBUG: activating version 28a07b36dcdb470c85c9b813926e2029 with url='http://135.225.105.160:8004/klps/versions/28a07b36dcdb470c85c9b813926e2029/status'
  ✓ Activated version: 28a07b36dcdb470c85c9b813926e2029
  → Recovered missing Language ID for KLP via mapping: cc8fdc7c2e2441738bc99a70bbc74796
  Warning: Link slug 'res-video-give-a-uterotonic-drug' not in mapping, removing from question
Updated KLP 'klp-1-uterotonic-drug' -> 0987dd3ddc6245b981c2e96a02434a01
DEBUG: activating version 39373eb6e8fa44899bbdef6459416277 with url='http://135.225.105.160:8004/klps/versions/39373eb6e8fa44899bbdef6459416277/status'
  ✓ Activated version: 39373eb6e8fa44899bbdef6459416277
  → Recovered missing Language ID for KLP via mapping: cc8fdc7c2e2441738bc99a70bbc74796
  Warning: Link slug 'res-video-give-a-uterotonic-drug' not in mapping, removing from question
Updated KLP 'klp-1-oxytocin' -> 6604e0c3f9a146229a863bb122ab0f59
DEBUG: activating version 5f577cdd2d494a29b8527d282e6723c8 with url='http://135.225.105.160:8004/klps/versions/5f577cdd2d494a29b8527d282e6723c8/status'
  ✓ Activated version: 5f577cdd2d494a29b8527d282e6723c8
  → Recovered missing Language ID for KLP via mapping: cc8fdc7c2e2441738bc99a70bbc74796
Updated KLP 'klp-1-dose-of-oxytocin' -> 0ee23f34ff344bf1a2d5368a1497626b
DEBUG: activating version 1d36ce4564194874a854fbf7d8c288da with url='http://135.225.105.160:8004/klps/versions/1d36ce4564194874a854fbf7d8c288da/status'
  ✓ Activated version: 1d36ce4564194874a854fbf7d8c288da
  → Recovered missing Language ID for KLP via mapping: cc8fdc7c2e2441738bc99a70bbc74796
  Warning: Link slug 'res-video-give-a-uterotonic-drug' not in mapping, removing from question
Updated KLP 'klp-1-when-to-give-oxytocin' -> c48ab917d13c4de6a726a00559ed97c4
DEBUG: activating version 4ce649fd8b784ba0beac472269d77bf4 with url='http://135.225.105.160:8004/klps/versions/4ce649fd8b784ba0beac472269d77bf4/status'
  ✓ Activated version: 4ce649fd8b784ba0beac472269d77bf4
  → Recovered missing Language ID for KLP via mapping: cc8fdc7c2e2441738bc99a70bbc74796
Updated KLP 'klp-3-storage-of-oxytocin' -> d4e9619ef6f14d9ba0834ab890874cb8
DEBUG: activating version 6a4f5776f0e9473fad30b3c5eab6f78b with url='http://135.225.105.160:8004/klps/versions/6a4f5776f0e9473fad30b3c5eab6f78b/status'
  ✓ Activated version: 6a4f5776f0e9473fad30b3c5eab6f78b
  → Recovered missing Language ID for KLP via mapping: cc8fdc7c2e2441738bc99a70bbc74796
Updated KLP 'klp-1-misoprostol' -> 43a49228f4344ec49d441967fec48ee9
DEBUG: activating version 6ca7566877244bca94bf90e5414c9092 with url='http://135.225.105.160:8004/klps/versions/6ca7566877244bca94bf90e5414c9092/status'
  ✓ Activated version: 6ca7566877244bca94bf90e5414c9092
  → Recovered missing Language ID for KLP via mapping: cc8fdc7c2e2441738bc99a70bbc74796
Updated KLP 'klp-1-heat-stable-carbetocin' -> 62628b141496423fb9a568e1568b87ae
DEBUG: activating version e15041d93924407380d22b5de2f09113 with url='http://135.225.105.160:8004/klps/versions/e15041d93924407380d22b5de2f09113/status'
  ✓ Activated version: e15041d93924407380d22b5de2f09113
  → Recovered missing Language ID for KLP via mapping: cc8fdc7c2e2441738bc99a70bbc74796
  Warning: Link slug 'res-video-assess-the-newborn' not in mapping, removing from question
Updated KLP 'klp-1-when-to-assess-the-newborn' -> c59866dc4ff4414b9740535bac7de083
DEBUG: activating version 13eb6466f41c4133ab316ca399c7b400 with url='http://135.225.105.160:8004/klps/versions/13eb6466f41c4133ab316ca399c7b400/status'
  ✓ Activated version: 13eb6466f41c4133ab316ca399c7b400
  → Recovered missing Language ID for KLP via mapping: cc8fdc7c2e2441738bc99a70bbc74796
  Warning: Link slug 'res-video-assess-the-newborn' not in mapping, removing from question
Updated KLP 'klp-2-thick-meconium' -> 2e025e6b3bde4094b259e69b6250e87e
DEBUG: activating version 3c2c45e2f6a842c4aa9bb2153b2caf03 with url='http://135.225.105.160:8004/klps/versions/3c2c45e2f6a842c4aa9bb2153b2caf03/status'
  ✓ Activated version: 3c2c45e2f6a842c4aa9bb2153b2caf03
  → Recovered missing Language ID for KLP via mapping: cc8fdc7c2e2441738bc99a70bbc74796
  Warning: Link slug 'res-video-assess-the-newborn' not in mapping, removing from question
Updated KLP 'klp-1-suction-thick-meconium' -> 8c6ea05918db40f08e3eae6559445c68
DEBUG: activating version 8ccd01f8bbfe4fe4a1ec3c3bd8d733b1 with url='http://135.225.105.160:8004/klps/versions/8ccd01f8bbfe4fe4a1ec3c3bd8d733b1/status'
  ✓ Activated version: 8ccd01f8bbfe4fe4a1ec3c3bd8d733b1
  → Recovered missing Language ID for KLP via mapping: cc8fdc7c2e2441738bc99a70bbc74796
  Warning: Link slug 'res-video-assess-the-newborn' not in mapping, removing from question
Updated KLP 'klp-2-dry-of-the-baby' -> 7053396674114fc49a1180996001ccc9
DEBUG: activating version d060eb5a19e048bca8c04e89583cbac7 with url='http://135.225.105.160:8004/klps/versions/d060eb5a19e048bca8c04e89583cbac7/status'
  ✓ Activated version: d060eb5a19e048bca8c04e89583cbac7
  → Recovered missing Language ID for KLP via mapping: cc8fdc7c2e2441738bc99a70bbc74796
  Warning: Link slug 'res-video-assess-the-newborn' not in mapping, removing from question
Updated KLP 'klp-3-warm-baby' -> 9cdf35c620614d6fb3f67a79e834e817
DEBUG: activating version 1a909c9d430b4a8793c0521bbb2022d6 with url='http://135.225.105.160:8004/klps/versions/1a909c9d430b4a8793c0521bbb2022d6/status'
  ✓ Activated version: 1a909c9d430b4a8793c0521bbb2022d6
  → Recovered missing Language ID for KLP via mapping: cc8fdc7c2e2441738bc99a70bbc74796
  Warning: Link slug 'res-video-assess-the-newborn' not in mapping, removing from question
Updated KLP 'klp-1-newborn-not-breathing-well' -> ce5385a6e53748d6be66e64ab48a9291
DEBUG: activating version 3535309298b54efd81c4603d491a83f5 with url='http://135.225.105.160:8004/klps/versions/3535309298b54efd81c4603d491a83f5/status'
  ✓ Activated version: 3535309298b54efd81c4603d491a83f5
  → Recovered missing Language ID for KLP via mapping: cc8fdc7c2e2441738bc99a70bbc74796
  Warning: Link slug 'res-video-assess-the-newborn' not in mapping, removing from question
Updated KLP 'klp-2-stable-newborn' -> 2b323c49c2664fcda8a898182062da67
DEBUG: activating version 99da469ef05a436baad7617195a9f7ba with url='http://135.225.105.160:8004/klps/versions/99da469ef05a436baad7617195a9f7ba/status'
  ✓ Activated version: 99da469ef05a436baad7617195a9f7ba
  → Recovered missing Language ID for KLP via mapping: cc8fdc7c2e2441738bc99a70bbc74796
  Warning: Link slug 'res-video-clamp-and-cut-the-umbilical-cord' not in mapping, removing from question
Updated KLP 'klp-3-clamp-umbilical-cord' -> da664d431d5b45b988a2942125f428a5
DEBUG: activating version 1b1c7ddb8cc24541a580a1a053801d81 with url='http://135.225.105.160:8004/klps/versions/1b1c7ddb8cc24541a580a1a053801d81/status'
  ✓ Activated version: 1b1c7ddb8cc24541a580a1a053801d81
  → Recovered missing Language ID for KLP via mapping: cc8fdc7c2e2441738bc99a70bbc74796
  Warning: Link slug 'res-video-controlled-cord-traction' not in mapping, removing from question
Updated KLP 'klp-2-cord-traction' -> f10dbba0057348a4b410e83179ce5404
DEBUG: activating version d3681969b02741fea863b330ed38d9f8 with url='http://135.225.105.160:8004/klps/versions/d3681969b02741fea863b330ed38d9f8/status'
  ✓ Activated version: d3681969b02741fea863b330ed38d9f8
  → Recovered missing Language ID for KLP via mapping: cc8fdc7c2e2441738bc99a70bbc74796
  Warning: Link slug 'res-video-controlled-cord-traction' not in mapping, removing from question
Updated KLP 'klp-3-counter-pressure-pubic-bone' -> be231cdfaca6473c81416105d28d4f28
DEBUG: activating version 653ed849bdf841ce888eca4f779ce62a with url='http://135.225.105.160:8004/klps/versions/653ed849bdf841ce888eca4f779ce62a/status'
  ✓ Activated version: 653ed849bdf841ce888eca4f779ce62a
  → Recovered missing Language ID for KLP via mapping: cc8fdc7c2e2441738bc99a70bbc74796
  Warning: Link slug 'res-video-controlled-cord-traction' not in mapping, removing from question
Updated KLP 'klp-3-rounded-uterus' -> b3ca4de62c4e4acc8de4a756567e3c0a
DEBUG: activating version 7d29a1262bb74b60a062a2c00ec57b2f with url='http://135.225.105.160:8004/klps/versions/7d29a1262bb74b60a062a2c00ec57b2f/status'
  ✓ Activated version: 7d29a1262bb74b60a062a2c00ec57b2f
  → Recovered missing Language ID for KLP via mapping: cc8fdc7c2e2441738bc99a70bbc74796
  Warning: Link slug 'res-video-controlled-cord-traction' not in mapping, removing from question
Updated KLP 'klp-3-push-for-the-placenta' -> d850fe7c73ce4e6da672bd944aea54f0
DEBUG: activating version ae1e8bec126842f6b443708e5fc96b7e with url='http://135.225.105.160:8004/klps/versions/ae1e8bec126842f6b443708e5fc96b7e/status'
  ✓ Activated version: ae1e8bec126842f6b443708e5fc96b7e
  → Recovered missing Language ID for KLP via mapping: cc8fdc7c2e2441738bc99a70bbc74796
  Warning: Link slug 'res-video-controlled-cord-traction' not in mapping, removing from question
Updated KLP 'klp-1-check-uterus' -> b4eced214cdf486e92c8466eaddfe793
DEBUG: activating version b76f27f9c4354edb8a796ee1942f007c with url='http://135.225.105.160:8004/klps/versions/b76f27f9c4354edb8a796ee1942f007c/status'
  ✓ Activated version: b76f27f9c4354edb8a796ee1942f007c
  → Recovered missing Language ID for KLP via mapping: cc8fdc7c2e2441738bc99a70bbc74796
  Warning: Link slug 'res-video-controlled-cord-traction' not in mapping, removing from question
Updated KLP 'klp-2-measure-blood-loss' -> 998fdbcdf78c421f8f655a7ec53369e1
DEBUG: activating version a9217d1ed2954cbb97339a55d6d0d3d8 with url='http://135.225.105.160:8004/klps/versions/a9217d1ed2954cbb97339a55d6d0d3d8/status'
  ✓ Activated version: a9217d1ed2954cbb97339a55d6d0d3d8
  → Recovered missing Language ID for KLP via mapping: cc8fdc7c2e2441738bc99a70bbc74796
  Warning: Link slug 'res-video-examine-the-placenta' not in mapping, removing from question
Updated KLP 'klp-1-examine-the-placenta' -> d2c3436378ba4c79bdf0f2e2825b700b
DEBUG: activating version 0c1ab665998744aeb2fe5236fcc4e7a0 with url='http://135.225.105.160:8004/klps/versions/0c1ab665998744aeb2fe5236fcc4e7a0/status'
  ✓ Activated version: 0c1ab665998744aeb2fe5236fcc4e7a0
  → Recovered missing Language ID for KLP via mapping: cc8fdc7c2e2441738bc99a70bbc74796
  Warning: Link slug 'res-video-examine-the-placenta' not in mapping, removing from question
Updated KLP 'klp-2-maternal-surface-of-placenta' -> 68fdf927d3ba46c9bcc9ced2b07540b8
DEBUG: activating version 408a5793aa164ab482616c247ea0fff0 with url='http://135.225.105.160:8004/klps/versions/408a5793aa164ab482616c247ea0fff0/status'
  ✓ Activated version: 408a5793aa164ab482616c247ea0fff0
  → Recovered missing Language ID for KLP via mapping: cc8fdc7c2e2441738bc99a70bbc74796
  Warning: Link slug 'res-video-monitoring' not in mapping, removing from question
Updated KLP 'klp-2-no-unattended-mother-and-newborn' -> ca002d394e2b4438bf405bb768fc5f5e
DEBUG: activating version fb763ae7336a42579fa038cb8e7aa3b3 with url='http://135.225.105.160:8004/klps/versions/fb763ae7336a42579fa038cb8e7aa3b3/status'
  ✓ Activated version: fb763ae7336a42579fa038cb8e7aa3b3
  → Recovered missing Language ID for KLP via mapping: cc8fdc7c2e2441738bc99a70bbc74796
  Warning: Link slug 'res-video-monitoring' not in mapping, removing from question
Updated KLP 'klp-3-skin-to-skin-contact' -> 845cf0e6b580477c98f74902ffe86e1f
DEBUG: activating version fce0164ddfed44d4a6d92fd04e47f456 with url='http://135.225.105.160:8004/klps/versions/fce0164ddfed44d4a6d92fd04e47f456/status'
  ✓ Activated version: fce0164ddfed44d4a6d92fd04e47f456
  → Recovered missing Language ID for KLP via mapping: cc8fdc7c2e2441738bc99a70bbc74796
  Warning: Link slug 'res-video-monitoring' not in mapping, removing from question
Updated KLP 'klp-1-check-mother-after-birth' -> e0cfee3141e041799e8cfff6704c5e62
DEBUG: activating version 9bca8496136c4628946639bbbb882dd0 with url='http://135.225.105.160:8004/klps/versions/9bca8496136c4628946639bbbb882dd0/status'
  ✓ Activated version: 9bca8496136c4628946639bbbb882dd0
  → Recovered missing Language ID for KLP via mapping: cc8fdc7c2e2441738bc99a70bbc74796
  Warning: Link slug 'res-video-monitoring' not in mapping, removing from question
Updated KLP 'klp-3-how-often-check-mother' -> 364d30b39bf04972b247311afab556e9
DEBUG: activating version 2b339c1583b04c8c83411d4900cbc61d with url='http://135.225.105.160:8004/klps/versions/2b339c1583b04c8c83411d4900cbc61d/status'
  ✓ Activated version: 2b339c1583b04c8c83411d4900cbc61d
  → Recovered missing Language ID for KLP via mapping: cc8fdc7c2e2441738bc99a70bbc74796
  Warning: Link slug 'res-video-monitoring' not in mapping, removing from question
Updated KLP 'klp-3-how-often-check-newborn' -> f5cf87309fb54b63b023b3e0185e6b30
DEBUG: activating version a250a2b75d724d0aa01cac07d44ed66c with url='http://135.225.105.160:8004/klps/versions/a250a2b75d724d0aa01cac07d44ed66c/status'
  ✓ Activated version: a250a2b75d724d0aa01cac07d44ed66c
  → Recovered missing Language ID for KLP via mapping: cc8fdc7c2e2441738bc99a70bbc74796
  Warning: Link slug 'res-video-monitoring' not in mapping, removing from question
Updated KLP 'klp-2-check-the-newborn-after-birth' -> 5897ddf5eb5a42369c27a5137f54cceb
DEBUG: activating version 3f985abfbb704467bdae55d20820cd1d with url='http://135.225.105.160:8004/klps/versions/3f985abfbb704467bdae55d20820cd1d/status'
  ✓ Activated version: 3f985abfbb704467bdae55d20820cd1d
  → Recovered missing Language ID for KLP via mapping: cc8fdc7c2e2441738bc99a70bbc74796
  Warning: Link slug 'res-video-monitoring' not in mapping, removing from question
Updated KLP 'klp-3-cord-monitor' -> 69309d4554774f3cb20e717dfd808152
DEBUG: activating version c613e63d63b6483983eb3ba6a9a89124 with url='http://135.225.105.160:8004/klps/versions/c613e63d63b6483983eb3ba6a9a89124/status'
  ✓ Activated version: c613e63d63b6483983eb3ba6a9a89124
  → Recovered missing Language ID for KLP via mapping: cc8fdc7c2e2441738bc99a70bbc74796
  Warning: Link slug 'res-video-monitoring' not in mapping, removing from question
Updated KLP 'klp-2-apgar-score-and-vit-k' -> 87c6202ffb354c01afa476fb997398da
DEBUG: activating version 16112063d31c4b72bb4c6eee913b193b with url='http://135.225.105.160:8004/klps/versions/16112063d31c4b72bb4c6eee913b193b/status'
  ✓ Activated version: 16112063d31c4b72bb4c6eee913b193b
  → Recovered missing Language ID for KLP via mapping: cc8fdc7c2e2441738bc99a70bbc74796
  Warning: Link slug 'res-video-monitoring' not in mapping, removing from question
Updated KLP 'klp-2-early-breastfeeding-newborn' -> 17c792da81774f58a83d37533f80274c
DEBUG: activating version f21c701d578f4fc2943eb257c0d28339 with url='http://135.225.105.160:8004/klps/versions/f21c701d578f4fc2943eb257c0d28339/status'
  ✓ Activated version: f21c701d578f4fc2943eb257c0d28339
  → Recovered missing Language ID for KLP via mapping: cc8fdc7c2e2441738bc99a70bbc74796
  Warning: Link slug 'res-video-monitoring' not in mapping, removing from question
Updated KLP 'klp-3-early-breastfeeding-mother' -> 30257d83219c4669bf857be7812e05f4
DEBUG: activating version 618cf99d6f0c4bfaa02827222161e71a with url='http://135.225.105.160:8004/klps/versions/618cf99d6f0c4bfaa02827222161e71a/status'
  ✓ Activated version: 618cf99d6f0c4bfaa02827222161e71a
  → Recovered missing Language ID for KLP via mapping: cc8fdc7c2e2441738bc99a70bbc74796
  Warning: Link slug 'res-video-controlled-cord-traction' not in mapping, removing from question
Updated KLP 'klp-3-delivery-of-membranes' -> 76bf9d8835a445d1975c62a868b5f6dd
DEBUG: activating version d6486f8d7e9a4964bee250e54c155e54 with url='http://135.225.105.160:8004/klps/versions/d6486f8d7e9a4964bee250e54c155e54/status'
  ✓ Activated version: d6486f8d7e9a4964bee250e54c155e54
  → Recovered missing Language ID for KLP via mapping: cc8fdc7c2e2441738bc99a70bbc74796
  Warning: Link slug 'res-video-controlled-cord-traction' not in mapping, removing from question
Updated KLP 'klp-2-estimation-of-blood-loss' -> 3c2a90adc1fd47308436a1a989e8b83e
DEBUG: activating version 89423d6bbf4a4b7d92af905dcf01012a with url='http://135.225.105.160:8004/klps/versions/89423d6bbf4a4b7d92af905dcf01012a/status'
  ✓ Activated version: 89423d6bbf4a4b7d92af905dcf01012a
  → Recovered missing Language ID for KLP via mapping: cc8fdc7c2e2441738bc99a70bbc74796
  Warning: Link slug 'res-video-intro' not in mapping, removing from question
Updated KLP 'klp-1-fgm-is-an-unhealthy-practice' -> 516b19f6e1fb4776a3d260afc9ef2979
DEBUG: activating version 289a81419dd341dfbe0223a85611d303 with url='http://135.225.105.160:8004/klps/versions/289a81419dd341dfbe0223a85611d303/status'
  ✓ Activated version: 289a81419dd341dfbe0223a85611d303
  → Recovered missing Language ID for KLP via mapping: cc8fdc7c2e2441738bc99a70bbc74796
  Warning: Link slug 'res-video-immediate-health-risks' not in mapping, removing from question
Updated KLP 'klp-1-fgm-is-a-dangerous-practice' -> cb846b0e82a54e22831e0140c8db05e4
DEBUG: activating version 824322307b3c4425bb5247e7cde8581c with url='http://135.225.105.160:8004/klps/versions/824322307b3c4425bb5247e7cde8581c/status'
  ✓ Activated version: 824322307b3c4425bb5247e7cde8581c
  → Recovered missing Language ID for KLP via mapping: cc8fdc7c2e2441738bc99a70bbc74796
  Warning: Link slug 'res-video-intro' not in mapping, removing from question
Updated KLP 'klp-2-fgm-is-forbidden' -> 83c0b4eae6154a66b4e8f03f2172e1a7
DEBUG: activating version 06faf92072cc4089bec5e37f5d5b7430 with url='http://135.225.105.160:8004/klps/versions/06faf92072cc4089bec5e37f5d5b7430/status'
  ✓ Activated version: 06faf92072cc4089bec5e37f5d5b7430
  → Recovered missing Language ID for KLP via mapping: cc8fdc7c2e2441738bc99a70bbc74796
  Warning: Link slug 'res-video-the-types-of-fgm' not in mapping, removing from question
Updated KLP 'klp-1-four-types-of-fgm' -> 0efd98859cc54522b75d1b04788afada
DEBUG: activating version 1e0351409a784b1ea42f9254382eec7d with url='http://135.225.105.160:8004/klps/versions/1e0351409a784b1ea42f9254382eec7d/status'
  ✓ Activated version: 1e0351409a784b1ea42f9254382eec7d
  → Recovered missing Language ID for KLP via mapping: cc8fdc7c2e2441738bc99a70bbc74796
  Warning: Link slug 'res-video-the-types-of-fgm' not in mapping, removing from question
Updated KLP 'klp-3-mix-of-the-types' -> 57edf7a97f764ff58f19580d77a9e6c7
DEBUG: activating version 93e32b4c5ea7452eb8918f3c25b7791c with url='http://135.225.105.160:8004/klps/versions/93e32b4c5ea7452eb8918f3c25b7791c/status'
  ✓ Activated version: 93e32b4c5ea7452eb8918f3c25b7791c
  → Recovered missing Language ID for KLP via mapping: cc8fdc7c2e2441738bc99a70bbc74796
  Warning: Link slug 'res-video-the-types-of-fgm' not in mapping, removing from question
Updated KLP 'klp-2-type-1' -> 6e18e83bb61346af8f35f31187eb543c
DEBUG: activating version ff2964f363644d77a829031a38744b18 with url='http://135.225.105.160:8004/klps/versions/ff2964f363644d77a829031a38744b18/status'
  ✓ Activated version: ff2964f363644d77a829031a38744b18
  → Recovered missing Language ID for KLP via mapping: cc8fdc7c2e2441738bc99a70bbc74796
  Warning: Link slug 'res-video-the-types-of-fgm' not in mapping, removing from question
Updated KLP 'klp-2-type-2' -> eb9b38df76774f7bb1c9b0d63c40ee42
DEBUG: activating version 69898d7637354ab58ef75330e063b45a with url='http://135.225.105.160:8004/klps/versions/69898d7637354ab58ef75330e063b45a/status'
  ✓ Activated version: 69898d7637354ab58ef75330e063b45a
  → Recovered missing Language ID for KLP via mapping: cc8fdc7c2e2441738bc99a70bbc74796
  Warning: Link slug 'res-video-the-types-of-fgm' not in mapping, removing from question
Updated KLP 'klp-2-type-3' -> c329bf3e45524be59db407986a1bfc68
DEBUG: activating version d382fbb24c10487ab8d98eaf9b45dfac with url='http://135.225.105.160:8004/klps/versions/d382fbb24c10487ab8d98eaf9b45dfac/status'
  ✓ Activated version: d382fbb24c10487ab8d98eaf9b45dfac
  → Recovered missing Language ID for KLP via mapping: cc8fdc7c2e2441738bc99a70bbc74796
  Warning: Link slug 'res-video-the-types-of-fgm' not in mapping, removing from question
Updated KLP 'klp-2-type-4' -> 99cd0543406a49ea82ad9704bc44a1f7
DEBUG: activating version a0ad7398c0a049afac2eceb10a0c84e0 with url='http://135.225.105.160:8004/klps/versions/a0ad7398c0a049afac2eceb10a0c84e0/status'
  ✓ Activated version: a0ad7398c0a049afac2eceb10a0c84e0
  → Recovered missing Language ID for KLP via mapping: cc8fdc7c2e2441738bc99a70bbc74796
  Warning: Link slug 'res-video-the-types-of-fgm' not in mapping, removing from question
  Warning: Link slug 'res-video-the-types-of-fgm' not in mapping, removing from question
Updated KLP 'klp-1-type-2-becomes-type-3' -> 3ef7b00d3cb74554a873fa8629c7c4ba
DEBUG: activating version 0cd4433de6de4377878819b402e0c420 with url='http://135.225.105.160:8004/klps/versions/0cd4433de6de4377878819b402e0c420/status'
  ✓ Activated version: 0cd4433de6de4377878819b402e0c420
  → Recovered missing Language ID for KLP via mapping: cc8fdc7c2e2441738bc99a70bbc74796
  Warning: Link slug 'res-video-immediate-health-risks' not in mapping, removing from question
Updated KLP 'klp-1-immediate-health-risk' -> 5076b95b088a4a49982644b2692ea0df
DEBUG: activating version ceda0ca755534b7499323b7d5ffcd4a5 with url='http://135.225.105.160:8004/klps/versions/ceda0ca755534b7499323b7d5ffcd4a5/status'
  ✓ Activated version: ceda0ca755534b7499323b7d5ffcd4a5
  → Recovered missing Language ID for KLP via mapping: cc8fdc7c2e2441738bc99a70bbc74796
  Warning: Link slug 'res-video-immediate-health-risks' not in mapping, removing from question
Updated KLP 'klp-2-fgm-and-infertility' -> 0317b7aa85e541e085659f1333e43eda
DEBUG: activating version 70ec2b7eac9e44fc87102cc3cfb4c545 with url='http://135.225.105.160:8004/klps/versions/70ec2b7eac9e44fc87102cc3cfb4c545/status'
  ✓ Activated version: 70ec2b7eac9e44fc87102cc3cfb4c545
  → Recovered missing Language ID for KLP via mapping: cc8fdc7c2e2441738bc99a70bbc74796
  Warning: Link slug 'res-video-immediate-health-risks' not in mapping, removing from question
Updated KLP 'klp-1-long-term-consequences' -> 02eb2338bde5434390959eb33ee09ecd
DEBUG: activating version 58aa0f77e9d5479cb0d8495269fe2e0f with url='http://135.225.105.160:8004/klps/versions/58aa0f77e9d5479cb0d8495269fe2e0f/status'
  ✓ Activated version: 58aa0f77e9d5479cb0d8495269fe2e0f
  → Recovered missing Language ID for KLP via mapping: cc8fdc7c2e2441738bc99a70bbc74796
  Warning: Link slug 'res-video-birth-complications' not in mapping, removing from question
Updated KLP 'klp-3-fgm-antenatal' -> c36b3ceafa18471d8f6fbdfea9043c34
DEBUG: activating version 546e3ba5f4024471929eb694c24455f6 with url='http://135.225.105.160:8004/klps/versions/546e3ba5f4024471929eb694c24455f6/status'
  ✓ Activated version: 546e3ba5f4024471929eb694c24455f6
  → Recovered missing Language ID for KLP via mapping: cc8fdc7c2e2441738bc99a70bbc74796
  Warning: Link slug 'res-video-birth-complications' not in mapping, removing from question
Updated KLP 'klp-3-birth-complications' -> 02e327873a0f4d898f89bdad170ce505
DEBUG: activating version 498563cf85484c4b8e289915e3855657 with url='http://135.225.105.160:8004/klps/versions/498563cf85484c4b8e289915e3855657/status'
  ✓ Activated version: 498563cf85484c4b8e289915e3855657
  → Recovered missing Language ID for KLP via mapping: cc8fdc7c2e2441738bc99a70bbc74796
  Warning: Link slug 'res-video-birth-complications' not in mapping, removing from question
Updated KLP 'klp-1-why-birth-complications' -> 0e3ce88189704476ad8a9410cb65948a
DEBUG: activating version a72ae11915c94c0788cbe19ed578c20b with url='http://135.225.105.160:8004/klps/versions/a72ae11915c94c0788cbe19ed578c20b/status'
  ✓ Activated version: a72ae11915c94c0788cbe19ed578c20b
  → Recovered missing Language ID for KLP via mapping: cc8fdc7c2e2441738bc99a70bbc74796
  Warning: Link slug 'res-video-management-of-a-pregnant-woman-with-fgm' not in mapping, removing from question
Updated KLP 'klp-1-urethra' -> 127dbeb997b046d2bdaa2f1ec4ffe292
DEBUG: activating version 5a4a6450d0264aa2a9792995b2305782 with url='http://135.225.105.160:8004/klps/versions/5a4a6450d0264aa2a9792995b2305782/status'
  ✓ Activated version: 5a4a6450d0264aa2a9792995b2305782
  → Recovered missing Language ID for KLP via mapping: cc8fdc7c2e2441738bc99a70bbc74796
  Warning: Link slug 'res-video-deinfibulation' not in mapping, removing from question
Updated KLP 'klp-3-deinfibulation-and-urethra' -> a39478c09b8544f3b811b1a658dc5189
DEBUG: activating version a59f1b5aea6c4d48848f437e88a9247b with url='http://135.225.105.160:8004/klps/versions/a59f1b5aea6c4d48848f437e88a9247b/status'
  ✓ Activated version: a59f1b5aea6c4d48848f437e88a9247b
  → Recovered missing Language ID for KLP via mapping: cc8fdc7c2e2441738bc99a70bbc74796
  Warning: Link slug 'res-video-deinfibulation' not in mapping, removing from question
Updated KLP 'klp-2-steps-for-deinfibulation' -> a88f72694aa44bb0b1d6e6169f2474ee
DEBUG: activating version a5cc3d297e284a07a1b6c5ecd653f94c with url='http://135.225.105.160:8004/klps/versions/a5cc3d297e284a07a1b6c5ecd653f94c/status'
  ✓ Activated version: a5cc3d297e284a07a1b6c5ecd653f94c
  → Recovered missing Language ID for KLP via mapping: cc8fdc7c2e2441738bc99a70bbc74796
  Warning: Link slug 'res-video-deinfibulation' not in mapping, removing from question
Updated KLP 'klp-3-interrupted-sutures' -> 979e4108e5ad470589a386ccad5d83a6
DEBUG: activating version f85d04fd2b644647a12f310ae0dd6c20 with url='http://135.225.105.160:8004/klps/versions/f85d04fd2b644647a12f310ae0dd6c20/status'
  ✓ Activated version: f85d04fd2b644647a12f310ae0dd6c20
  → Recovered missing Language ID for KLP via mapping: cc8fdc7c2e2441738bc99a70bbc74796
  Warning: Link slug 'res-video-deinfibulation' not in mapping, removing from question
Updated KLP 'klp-1-analgesia-after-deinfibulation' -> d3136647cb1b4a268942b8056d2ecf74
DEBUG: activating version 75c5064ecf374e57865d1a94477b91ea with url='http://135.225.105.160:8004/klps/versions/75c5064ecf374e57865d1a94477b91ea/status'
  ✓ Activated version: 75c5064ecf374e57865d1a94477b91ea
  → Recovered missing Language ID for KLP via mapping: cc8fdc7c2e2441738bc99a70bbc74796
  Warning: Link slug 'res-video-deinfibulation' not in mapping, removing from question
Updated KLP 'klp-3-hygiene-for-deinfibulation' -> 4847310f536d433da0dc1186b6972982
DEBUG: activating version 032d9dd4b76946ae8f93cedc067ca55e with url='http://135.225.105.160:8004/klps/versions/032d9dd4b76946ae8f93cedc067ca55e/status'
  ✓ Activated version: 032d9dd4b76946ae8f93cedc067ca55e
  → Recovered missing Language ID for KLP via mapping: cc8fdc7c2e2441738bc99a70bbc74796
  Warning: Link slug 'res-video-management-of-a-pregnant-woman-with-fgm' not in mapping, removing from question
Updated KLP 'klp-2-antenatal-deinfibulation' -> 50930232721a4e7ebed98dcaa82b7537
DEBUG: activating version ff3cba861613426fa4add8227ef33500 with url='http://135.225.105.160:8004/klps/versions/ff3cba861613426fa4add8227ef33500/status'
  ✓ Activated version: ff3cba861613426fa4add8227ef33500
  → Recovered missing Language ID for KLP via mapping: cc8fdc7c2e2441738bc99a70bbc74796
  Warning: Link slug 'res-video-management-of-a-pregnant-woman-with-fgm' not in mapping, removing from question
Updated KLP 'klp-2-when-antenatal-deinfibulation' -> 18d41495529449719e4b5c18f0227ce0
DEBUG: activating version 30dcb1148b9b458793ea80fc81d21832 with url='http://135.225.105.160:8004/klps/versions/30dcb1148b9b458793ea80fc81d21832/status'
  ✓ Activated version: 30dcb1148b9b458793ea80fc81d21832
  → Recovered missing Language ID for KLP via mapping: cc8fdc7c2e2441738bc99a70bbc74796
  Warning: Link slug 'res-video-management-of-a-pregnant-woman-with-fgm' not in mapping, removing from question
Updated KLP 'klp-3-whom-to-deinfibulate-at-birth' -> ad7b74f3c501479ca437166300daf7d0
DEBUG: activating version d3724f9a8f9044e09eb44c0a59a67583 with url='http://135.225.105.160:8004/klps/versions/d3724f9a8f9044e09eb44c0a59a67583/status'
  ✓ Activated version: d3724f9a8f9044e09eb44c0a59a67583
  → Recovered missing Language ID for KLP via mapping: cc8fdc7c2e2441738bc99a70bbc74796
  Warning: Link slug 'res-video-labour-with-fgm' not in mapping, removing from question
Updated KLP 'klp-2-when-deinfibulation-at-birth' -> 6ee56bd845c9467eac313827c69c9128
DEBUG: activating version c1ddefd20e404635936ac0dc5b4f2f53 with url='http://135.225.105.160:8004/klps/versions/c1ddefd20e404635936ac0dc5b4f2f53/status'
  ✓ Activated version: c1ddefd20e404635936ac0dc5b4f2f53
  → Recovered missing Language ID for KLP via mapping: cc8fdc7c2e2441738bc99a70bbc74796
  Warning: Link slug 'res-video-labour-with-fgm' not in mapping, removing from question
Updated KLP 'klp-3-deinfibulation-and-second-stage' -> b623c2c14d1947b084a9b4c4b2fd9965
DEBUG: activating version 6af78d5999134648851236fecab5abf7 with url='http://135.225.105.160:8004/klps/versions/6af78d5999134648851236fecab5abf7/status'
  ✓ Activated version: 6af78d5999134648851236fecab5abf7
  → Recovered missing Language ID for KLP via mapping: cc8fdc7c2e2441738bc99a70bbc74796
  Warning: Link slug 'res-video-labour-with-fgm' not in mapping, removing from question
  Warning: Link slug 'res-video-labour-with-fgm' not in mapping, removing from question
Updated KLP 'klp-2-episiotomy' -> 7a9362db6abe4495839c6933a59d14ff
DEBUG: activating version d94c6838c0c64400a2c6452e296028fa with url='http://135.225.105.160:8004/klps/versions/d94c6838c0c64400a2c6452e296028fa/status'
  ✓ Activated version: d94c6838c0c64400a2c6452e296028fa
  → Recovered missing Language ID for KLP via mapping: cc8fdc7c2e2441738bc99a70bbc74796
  Warning: Link slug 'res-video-labour-with-fgm' not in mapping, removing from question
Updated KLP 'klp-1-episiotomy-procedure' -> d82d6231eb8349318c5ca9dc23c34701
DEBUG: activating version 7373ae5ebb734575b0f50f269a076944 with url='http://135.225.105.160:8004/klps/versions/7373ae5ebb734575b0f50f269a076944/status'
  ✓ Activated version: 7373ae5ebb734575b0f50f269a076944
  → Recovered missing Language ID for KLP via mapping: cc8fdc7c2e2441738bc99a70bbc74796
  Warning: Link slug 'res-video-labour-with-fgm' not in mapping, removing from question
Updated KLP 'klp-1-forbidden-re-infibulation' -> 6036e0f0ce48447282a5d24a4c2bbfeb
DEBUG: activating version de41521b8910407081c197464cbcf730 with url='http://135.225.105.160:8004/klps/versions/de41521b8910407081c197464cbcf730/status'
  ✓ Activated version: de41521b8910407081c197464cbcf730
  → Recovered missing Language ID for KLP via mapping: cc8fdc7c2e2441738bc99a70bbc74796
  Warning: Link slug 'res-video-counsel-the-woman-and-her-husband' not in mapping, removing from question
Updated KLP 'klp-3-wash-after-deinfibulation' -> 105e7c16147346058ac098d2c00d2e45
DEBUG: activating version 90738e0651f24175936f7ad1a5cf6d2b with url='http://135.225.105.160:8004/klps/versions/90738e0651f24175936f7ad1a5cf6d2b/status'
  ✓ Activated version: 90738e0651f24175936f7ad1a5cf6d2b
  → Recovered missing Language ID for KLP via mapping: cc8fdc7c2e2441738bc99a70bbc74796
  Warning: Link slug 'res-video-counsel-the-woman-and-her-husband' not in mapping, removing from question
Updated KLP 'klp-3-how-to-wash' -> 3aed1fc0709b4787bd1c6758f23bac7f
DEBUG: activating version 58d03366a632497583093915a7de3648 with url='http://135.225.105.160:8004/klps/versions/58d03366a632497583093915a7de3648/status'
  ✓ Activated version: 58d03366a632497583093915a7de3648
  → Recovered missing Language ID for KLP via mapping: cc8fdc7c2e2441738bc99a70bbc74796
  Warning: Link slug 'res-video-counsel-the-woman-and-her-husband' not in mapping, removing from question
Updated KLP 'klp-1-re-infibulation-no-health-benefits' -> 65bd633f726747b1aa684e806d674411
DEBUG: activating version db7117b2c7954a55901c2e247960b85b with url='http://135.225.105.160:8004/klps/versions/db7117b2c7954a55901c2e247960b85b/status'
  ✓ Activated version: db7117b2c7954a55901c2e247960b85b
  → Recovered missing Language ID for KLP via mapping: cc8fdc7c2e2441738bc99a70bbc74796
  Warning: Link slug 'res-video-counsel-the-woman-and-her-husband' not in mapping, removing from question
Updated KLP 'klp-3-re-infibulation-is-a-health-risk' -> 6f36f0a53d804c8485bfa07dcb6a199e
DEBUG: activating version 6cd16eb21ffe4bf3bc50b6fcbbad0de5 with url='http://135.225.105.160:8004/klps/versions/6cd16eb21ffe4bf3bc50b6fcbbad0de5/status'
  ✓ Activated version: 6cd16eb21ffe4bf3bc50b6fcbbad0de5
  → Recovered missing Language ID for KLP via mapping: cc8fdc7c2e2441738bc99a70bbc74796
  Warning: Link slug 'res-video-counsel-the-woman-and-her-husband' not in mapping, removing from question
Updated KLP 'klp-3-healthcare-worker-fgm-knowledge' -> 87bc3c1f766f4b5cba568223b97474c1
DEBUG: activating version fe72a8b3be7848dbb65c20d16f9fbd8d with url='http://135.225.105.160:8004/klps/versions/fe72a8b3be7848dbb65c20d16f9fbd8d/status'
  ✓ Activated version: fe72a8b3be7848dbb65c20d16f9fbd8d
  → Recovered missing Language ID for KLP via mapping: cc8fdc7c2e2441738bc99a70bbc74796
  Warning: Link slug 'res-video-counsel-the-woman-and-her-husband' not in mapping, removing from question
Updated KLP 'klp-2-no-fgm-for-newborn-girl' -> 0541d9273d2e4c08be99e658a9a7703c
DEBUG: activating version b57db43038254fe6871108515b877d41 with url='http://135.225.105.160:8004/klps/versions/b57db43038254fe6871108515b877d41/status'
  ✓ Activated version: b57db43038254fe6871108515b877d41
  → Recovered missing Language ID for KLP via mapping: cc8fdc7c2e2441738bc99a70bbc74796
  Warning: Link slug 'res-video-definitions' not in mapping, removing from question
Updated KLP 'klp-1-severe-preeclampsia' -> b04d24426c5641738ed7725061573ca5
DEBUG: activating version eab57ab8f6214b73a2abe01ee6c5f60f with url='http://135.225.105.160:8004/klps/versions/eab57ab8f6214b73a2abe01ee6c5f60f/status'
  ✓ Activated version: eab57ab8f6214b73a2abe01ee6c5f60f
  → Recovered missing Language ID for KLP via mapping: cc8fdc7c2e2441738bc99a70bbc74796
  Warning: Link slug 'res-video-definitions' not in mapping, removing from question
Updated KLP 'klp-2-gestational-hypertension' -> ef0744d158c74b65b98f0192c8f5b042
DEBUG: activating version 100ab0a531d84ed29c8f3dced03fb09c with url='http://135.225.105.160:8004/klps/versions/100ab0a531d84ed29c8f3dced03fb09c/status'
  ✓ Activated version: 100ab0a531d84ed29c8f3dced03fb09c
  → Recovered missing Language ID for KLP via mapping: cc8fdc7c2e2441738bc99a70bbc74796
  Warning: Link slug 'res-video-definitions' not in mapping, removing from question
Updated KLP 'klp-2-preeclampsia' -> 778b58fda64b4bbeb31aa90c350f2e75
DEBUG: activating version 0a6ff940df53481cb683393430fed0fb with url='http://135.225.105.160:8004/klps/versions/0a6ff940df53481cb683393430fed0fb/status'
  ✓ Activated version: 0a6ff940df53481cb683393430fed0fb
  → Recovered missing Language ID for KLP via mapping: cc8fdc7c2e2441738bc99a70bbc74796
  Warning: Link slug 'res-video-definitions' not in mapping, removing from question
Updated KLP 'klp-1-severely-elevated-blood-pressure' -> dc6b0d57822d4a319be40c49828c1918
DEBUG: activating version 3dab834c2c814e17909c39bc8b6cc1be with url='http://135.225.105.160:8004/klps/versions/3dab834c2c814e17909c39bc8b6cc1be/status'
  ✓ Activated version: 3dab834c2c814e17909c39bc8b6cc1be
  → Recovered missing Language ID for KLP via mapping: cc8fdc7c2e2441738bc99a70bbc74796
  Warning: Link slug 'res-video-definitions' not in mapping, removing from question
Updated KLP 'klp-1-severe-headache-and-visual-disturbance' -> abd6a43f54f94859b1871655d2bc55b2
DEBUG: activating version 8b4dcb0998124a23895007d02440de90 with url='http://135.225.105.160:8004/klps/versions/8b4dcb0998124a23895007d02440de90/status'
  ✓ Activated version: 8b4dcb0998124a23895007d02440de90
  → Recovered missing Language ID for KLP via mapping: cc8fdc7c2e2441738bc99a70bbc74796
  Warning: Link slug 'res-video-definitions' not in mapping, removing from question
  Warning: Link slug 'res-video-definitions' not in mapping, removing from question
Updated KLP 'klp-1-visual-disturbances-like-silver-lights-or-blurry-vision-eyes' -> 13d8134e6aba476ab5d19bd2f18d5733
DEBUG: activating version a2066dcadec24240af791d7893e32dca with url='http://135.225.105.160:8004/klps/versions/a2066dcadec24240af791d7893e32dca/status'
  ✓ Activated version: a2066dcadec24240af791d7893e32dca
  → Recovered missing Language ID for KLP via mapping: cc8fdc7c2e2441738bc99a70bbc74796
  Warning: Link slug 'res-video-definitions' not in mapping, removing from question
Updated KLP 'klp-1-upper-abdominal-pain-from-the-liver' -> 90f57fedeccc4e049a49a40460eed1b3
DEBUG: activating version 0a05c8532e96493baf05b5b81aa49c73 with url='http://135.225.105.160:8004/klps/versions/0a05c8532e96493baf05b5b81aa49c73/status'
  ✓ Activated version: 0a05c8532e96493baf05b5b81aa49c73
  → Recovered missing Language ID for KLP via mapping: cc8fdc7c2e2441738bc99a70bbc74796
  Warning: Link slug 'res-video-definitions' not in mapping, removing from question
Updated KLP 'klp-1-respiratory-distress' -> 199cb313e115416e8e8f93f0c70b8238
DEBUG: activating version 530ab1e0fc9a49e6bc0a04d49545cd54 with url='http://135.225.105.160:8004/klps/versions/530ab1e0fc9a49e6bc0a04d49545cd54/status'
  ✓ Activated version: 530ab1e0fc9a49e6bc0a04d49545cd54
  → Recovered missing Language ID for KLP via mapping: cc8fdc7c2e2441738bc99a70bbc74796
  Warning: Link slug 'res-video-definitions' not in mapping, removing from question
  Warning: Link slug 'res-video-definitions' not in mapping, removing from question
Updated KLP 'klp-3-cause-of-oliguria' -> e06ec646042c4456abd17119fef62af1
DEBUG: activating version 9afcb201d96843e8945fabf9616244cb with url='http://135.225.105.160:8004/klps/versions/9afcb201d96843e8945fabf9616244cb/status'
  ✓ Activated version: 9afcb201d96843e8945fabf9616244cb
  → Recovered missing Language ID for KLP via mapping: cc8fdc7c2e2441738bc99a70bbc74796
  Warning: Link slug 'res-video-definitions' not in mapping, removing from question
Updated KLP 'klp-2-eclampsia' -> 002779fb63f441f38a0ba69e593b85de
DEBUG: activating version 003d7a5293a541a49d6611d42c929f7e with url='http://135.225.105.160:8004/klps/versions/003d7a5293a541a49d6611d42c929f7e/status'
  ✓ Activated version: 003d7a5293a541a49d6611d42c929f7e
  → Recovered missing Language ID for KLP via mapping: cc8fdc7c2e2441738bc99a70bbc74796
  Warning: Link slug 'res-video-definitions' not in mapping, removing from question
Updated KLP 'klp-2-eclampsia-normal-blood-pressure' -> e9d06b2f5cbe47148aa1133674f081e5
DEBUG: activating version a32b29cae51f42ac82274fb81a3c7638 with url='http://135.225.105.160:8004/klps/versions/a32b29cae51f42ac82274fb81a3c7638/status'
  ✓ Activated version: a32b29cae51f42ac82274fb81a3c7638
  → Recovered missing Language ID for KLP via mapping: cc8fdc7c2e2441738bc99a70bbc74796
  Warning: Link slug 'res-video-definitions' not in mapping, removing from question
Updated KLP 'klp-3-differential-diagnosis' -> 1338c641f2b346d39294f86a0331a5fd
DEBUG: activating version 593e38c6628a4836a4418270dadcf08e with url='http://135.225.105.160:8004/klps/versions/593e38c6628a4836a4418270dadcf08e/status'
  ✓ Activated version: 593e38c6628a4836a4418270dadcf08e
  → Recovered missing Language ID for KLP via mapping: cc8fdc7c2e2441738bc99a70bbc74796
  Warning: Link slug 'res-video-causes' not in mapping, removing from question
Updated KLP 'klp-1-causes-of-pre-eclampsia' -> 6544016538e54509a6f85481be4425af
DEBUG: activating version 36df8152b430465dbcfb603689121a32 with url='http://135.225.105.160:8004/klps/versions/36df8152b430465dbcfb603689121a32/status'
  ✓ Activated version: 36df8152b430465dbcfb603689121a32
  → Recovered missing Language ID for KLP via mapping: cc8fdc7c2e2441738bc99a70bbc74796
  Warning: Link slug 'res-video-how-to-diagnose' not in mapping, removing from question
  Warning: Link slug 'res-video-how-to-diagnose' not in mapping, removing from question
Updated KLP 'klp-3-anc-blood-pressure' -> 316930ec55ae492ab7c678f9fa907c8d
DEBUG: activating version fec7636020d040a1b38f31d49a0c4cb8 with url='http://135.225.105.160:8004/klps/versions/fec7636020d040a1b38f31d49a0c4cb8/status'
  ✓ Activated version: fec7636020d040a1b38f31d49a0c4cb8
  → Recovered missing Language ID for KLP via mapping: cc8fdc7c2e2441738bc99a70bbc74796
  Warning: Link slug 'res-video-how-to-diagnose' not in mapping, removing from question
  Warning: Link slug 'res-video-how-to-diagnose' not in mapping, removing from question
Updated KLP 'klp-3-confirm-bp' -> 2f1c3777836c4e55b5666b16703b2f7c
DEBUG: activating version 8bba85d9bbe94767b6773780342f49e2 with url='http://135.225.105.160:8004/klps/versions/8bba85d9bbe94767b6773780342f49e2/status'
  ✓ Activated version: 8bba85d9bbe94767b6773780342f49e2
  → Recovered missing Language ID for KLP via mapping: cc8fdc7c2e2441738bc99a70bbc74796
  Warning: Link slug 'res-video-how-to-diagnose' not in mapping, removing from question
Updated KLP 'klp-2-confirmed-elevated-bp' -> 506f1290d6a348e68e8438f4e13f547b
DEBUG: activating version ea4316bfe460427ca0d09b453f5bd219 with url='http://135.225.105.160:8004/klps/versions/ea4316bfe460427ca0d09b453f5bd219/status'
  ✓ Activated version: ea4316bfe460427ca0d09b453f5bd219
  → Recovered missing Language ID for KLP via mapping: cc8fdc7c2e2441738bc99a70bbc74796
  Warning: Link slug 'res-video-management-of-hypertension' not in mapping, removing from question
Updated KLP 'klp-1-keep-systolic-bp-below-160' -> a55476a495c543d88a1b15f7f2d1d6a2
DEBUG: activating version f98c0a49f1874662967aa86abbeccbe2 with url='http://135.225.105.160:8004/klps/versions/f98c0a49f1874662967aa86abbeccbe2/status'
  ✓ Activated version: f98c0a49f1874662967aa86abbeccbe2
  → Recovered missing Language ID for KLP via mapping: cc8fdc7c2e2441738bc99a70bbc74796
  Warning: Link slug 'res-video-management-of-hypertension' not in mapping, removing from question
Updated KLP 'klp-2-keep-diastolic-bp-above-80' -> 17e8d2ba830b40a3933bd976dfa71ee7
DEBUG: activating version 0b8c7ebe9d9d464aab05ab8f703f0874 with url='http://135.225.105.160:8004/klps/versions/0b8c7ebe9d9d464aab05ab8f703f0874/status'
  ✓ Activated version: 0b8c7ebe9d9d464aab05ab8f703f0874
  → Recovered missing Language ID for KLP via mapping: cc8fdc7c2e2441738bc99a70bbc74796
Updated KLP 'klp-3-labetalol' -> e7339ec21ad24de2bd9515b3ca406a1f
DEBUG: activating version 0c01b9b88c7f4979b5a6a9f975d40c1e with url='http://135.225.105.160:8004/klps/versions/0c01b9b88c7f4979b5a6a9f975d40c1e/status'
  ✓ Activated version: 0c01b9b88c7f4979b5a6a9f975d40c1e
  → Recovered missing Language ID for KLP via mapping: cc8fdc7c2e2441738bc99a70bbc74796
Updated KLP 'klp-3-methyldopa' -> e5e99e2620534ca59926193fc0bc279a
DEBUG: activating version fc9da3a8890944a09cab24976d8c43b1 with url='http://135.225.105.160:8004/klps/versions/fc9da3a8890944a09cab24976d8c43b1/status'
  ✓ Activated version: fc9da3a8890944a09cab24976d8c43b1
  → Recovered missing Language ID for KLP via mapping: cc8fdc7c2e2441738bc99a70bbc74796
  Warning: Link slug 'res-video-management-of-hypertension' not in mapping, removing from question
Updated KLP 'klp-1-iv-medication' -> d9386920345945198b7141a3d618c4ae
DEBUG: activating version 38927b7c0c55461d9bff06b0e00ff5df with url='http://135.225.105.160:8004/klps/versions/38927b7c0c55461d9bff06b0e00ff5df/status'
  ✓ Activated version: 38927b7c0c55461d9bff06b0e00ff5df
  → Recovered missing Language ID for KLP via mapping: cc8fdc7c2e2441738bc99a70bbc74796
Updated KLP 'klp-3-hydralazine' -> 334c743bd0a047c093837b310053358b
DEBUG: activating version 8c7f096068c546388ab19ed87546c8aa with url='http://135.225.105.160:8004/klps/versions/8c7f096068c546388ab19ed87546c8aa/status'
  ✓ Activated version: 8c7f096068c546388ab19ed87546c8aa
  → Recovered missing Language ID for KLP via mapping: cc8fdc7c2e2441738bc99a70bbc74796
  Warning: Link slug 'res-video-severe-preeclampsia-eclampsia' not in mapping, removing from question
  Warning: Link slug 'res-video-severe-preeclampsia-eclampsia' not in mapping, removing from question
Updated KLP 'klp-2-eclampsia-seizures' -> 017f9e347d6d4bcea9763ae0024f01c0
DEBUG: activating version 78f0737460a64eb78fca27c6cc276f20 with url='http://135.225.105.160:8004/klps/versions/78f0737460a64eb78fca27c6cc276f20/status'
  ✓ Activated version: 78f0737460a64eb78fca27c6cc276f20
  → Recovered missing Language ID for KLP via mapping: cc8fdc7c2e2441738bc99a70bbc74796
  Warning: Link slug 'res-video-severe-preeclampsia-eclampsia' not in mapping, removing from question
Updated KLP 'klp-1-severe-pre-eclampsia-or-eclampsia' -> bb51201c226c490989ae76d4e2cc11bd
DEBUG: activating version fba8818798d3482ea9a9fec71ee445d0 with url='http://135.225.105.160:8004/klps/versions/fba8818798d3482ea9a9fec71ee445d0/status'
  ✓ Activated version: fba8818798d3482ea9a9fec71ee445d0
  → Recovered missing Language ID for KLP via mapping: cc8fdc7c2e2441738bc99a70bbc74796
  Warning: Link slug 'res-video-severe-preeclampsia-eclampsia' not in mapping, removing from question
Updated KLP 'klp-1-eclampsia-monitor-1-2-hour' -> 0de81fa632d042c59899406b27df2d04
DEBUG: activating version 2a83ea7e89214228a01f4f7c0b45c4bd with url='http://135.225.105.160:8004/klps/versions/2a83ea7e89214228a01f4f7c0b45c4bd/status'
  ✓ Activated version: 2a83ea7e89214228a01f4f7c0b45c4bd
  → Recovered missing Language ID for KLP via mapping: cc8fdc7c2e2441738bc99a70bbc74796
Updated KLP 'klp-2-give-magnesium-sulphate' -> 673ffd45509742dba8864a58dddcb9c4
DEBUG: activating version e4f04fd640ac4cf49638f2764ee918dc with url='http://135.225.105.160:8004/klps/versions/e4f04fd640ac4cf49638f2764ee918dc/status'
  ✓ Activated version: e4f04fd640ac4cf49638f2764ee918dc
  → Recovered missing Language ID for KLP via mapping: cc8fdc7c2e2441738bc99a70bbc74796
  Warning: Link slug 'res-video-severe-preeclampsia-eclampsia' not in mapping, removing from question
  Warning: Link slug 'res-video-severe-preeclampsia-eclampsia' not in mapping, removing from question
Updated KLP 'klp-2-toxicity' -> 85cf2eff4c29444b8c17c04ce15d3e57
DEBUG: activating version 239fd7e313014addb876efae88db3b5c with url='http://135.225.105.160:8004/klps/versions/239fd7e313014addb876efae88db3b5c/status'
  ✓ Activated version: 239fd7e313014addb876efae88db3b5c
  → Recovered missing Language ID for KLP via mapping: cc8fdc7c2e2441738bc99a70bbc74796
Updated KLP 'klp-2-maintain-dose-magnesium-sulphate' -> b0039cbf819f4d90855bae6ea4f451f3
DEBUG: activating version d6949ea756e1426883a57b66076821e8 with url='http://135.225.105.160:8004/klps/versions/d6949ea756e1426883a57b66076821e8/status'
  ✓ Activated version: d6949ea756e1426883a57b66076821e8
  → Recovered missing Language ID for KLP via mapping: cc8fdc7c2e2441738bc99a70bbc74796
  Warning: Link slug 'res-video-severe-preeclampsia-eclampsia' not in mapping, removing from question
Updated KLP 'klp-3-refer-and-eclampsia' -> 5071ef9394744774ad2e16f7073a0ab4
DEBUG: activating version 7b86f3334a8140a9af5fa1220c6ff89a with url='http://135.225.105.160:8004/klps/versions/7b86f3334a8140a9af5fa1220c6ff89a/status'
  ✓ Activated version: 7b86f3334a8140a9af5fa1220c6ff89a
  → Recovered missing Language ID for KLP via mapping: cc8fdc7c2e2441738bc99a70bbc74796
Updated KLP 'klp-3-lung-maturity' -> 6fea37fc87bf4eebae67f46de88aed02
DEBUG: activating version 0788ad085928459f803944a4eeaabb5b with url='http://135.225.105.160:8004/klps/versions/0788ad085928459f803944a4eeaabb5b/status'
  ✓ Activated version: 0788ad085928459f803944a4eeaabb5b
  → Recovered missing Language ID for KLP via mapping: cc8fdc7c2e2441738bc99a70bbc74796
  Warning: Link slug 'res-video-definitions' not in mapping, removing from question
  Warning: Link slug 'res-video-definitions' not in mapping, removing from question
Updated KLP 'klp-2-proteinuria' -> af8ff4e9379441a8be2fc8d3b0057380
DEBUG: activating version 44a3d20d605243b7a63f70939ef21d5d with url='http://135.225.105.160:8004/klps/versions/44a3d20d605243b7a63f70939ef21d5d/status'
  ✓ Activated version: 44a3d20d605243b7a63f70939ef21d5d
  → Recovered missing Language ID for KLP via mapping: cc8fdc7c2e2441738bc99a70bbc74796
  Warning: Link slug 'res-video-causes' not in mapping, removing from question
  Warning: Link slug 'res-video-causes' not in mapping, removing from question
Updated KLP 'klp-2-cure-of-pre-eclampsia' -> a154179109f8407f9ee5c4118970c31a
DEBUG: activating version 92acb34ae2d345e8beb60ea1a06760e5 with url='http://135.225.105.160:8004/klps/versions/92acb34ae2d345e8beb60ea1a06760e5/status'
  ✓ Activated version: 92acb34ae2d345e8beb60ea1a06760e5
  → Recovered missing Language ID for KLP via mapping: cc8fdc7c2e2441738bc99a70bbc74796
  Warning: Link slug 'res-video-management-of-hypertension' not in mapping, removing from question
  Warning: Link slug 'res-video-management-of-hypertension' not in mapping, removing from question
Updated KLP 'klp-3-maternal-death-and-pre-eclampsia' -> d72831add97c4163b4c72344716e8b42
DEBUG: activating version 77d546b3ab1949aeaaf90d9384e6ccb0 with url='http://135.225.105.160:8004/klps/versions/77d546b3ab1949aeaaf90d9384e6ccb0/status'
  ✓ Activated version: 77d546b3ab1949aeaaf90d9384e6ccb0
  → Recovered missing Language ID for KLP via mapping: cc8fdc7c2e2441738bc99a70bbc74796
  Warning: Link slug 'res-video-severe-preeclampsia-eclampsia' not in mapping, removing from question
Updated KLP 'klp-3-action-eclampsia' -> 3fbb8b8b87a04de4b5696406d5226b96
DEBUG: activating version 076f68db8cab4fc1bce2cd0e33863fd3 with url='http://135.225.105.160:8004/klps/versions/076f68db8cab4fc1bce2cd0e33863fd3/status'
  ✓ Activated version: 076f68db8cab4fc1bce2cd0e33863fd3
  → Recovered missing Language ID for KLP via mapping: cc8fdc7c2e2441738bc99a70bbc74796
  Warning: Link slug 'res-video-severe-preeclampsia-eclampsia' not in mapping, removing from question
Updated KLP 'klp-3-fluid-overload' -> 2798d873be4d44d2b0763c66efa748d4
DEBUG: activating version 5e487c37f4e84f67884e7d0124672aad with url='http://135.225.105.160:8004/klps/versions/5e487c37f4e84f67884e7d0124672aad/status'
  ✓ Activated version: 5e487c37f4e84f67884e7d0124672aad
  → Recovered missing Language ID for KLP via mapping: cc8fdc7c2e2441738bc99a70bbc74796
  Warning: Link slug 'res-video-management-of-hypertension' not in mapping, removing from question
Updated KLP 'klp-1-calcium-gluconate' -> 2dfaeef141ce4510a0ccbfa34e529f02
DEBUG: activating version 4cc77eb56b0145059080db7b9a9cd91a with url='http://135.225.105.160:8004/klps/versions/4cc77eb56b0145059080db7b9a9cd91a/status'
  ✓ Activated version: 4cc77eb56b0145059080db7b9a9cd91a
  → Recovered missing Language ID for KLP via mapping: cc8fdc7c2e2441738bc99a70bbc74796
  Warning: Link slug 'res-video-intro' not in mapping, removing from question
  Warning: Link slug 'res-video-intro' not in mapping, removing from question
Updated KLP 'klp-1-prevent-infections' -> 5d82632fd8b047c5996f96ae24796ae6
DEBUG: activating version 13765dcc5f12462c9314360914b1f748 with url='http://135.225.105.160:8004/klps/versions/13765dcc5f12462c9314360914b1f748/status'
  ✓ Activated version: 13765dcc5f12462c9314360914b1f748
  → Recovered missing Language ID for KLP via mapping: cc8fdc7c2e2441738bc99a70bbc74796
  Warning: Link slug 'res-video-hand-hygiene' not in mapping, removing from question
Updated KLP 'klp-1-hand-hygiene-wash-and-alcohol' -> 15b06f43e8e54bdabd97c6fcec70dd50
DEBUG: activating version 37f5e0b915dd45f8a07f7ba37d8cd24f with url='http://135.225.105.160:8004/klps/versions/37f5e0b915dd45f8a07f7ba37d8cd24f/status'
  ✓ Activated version: 37f5e0b915dd45f8a07f7ba37d8cd24f
  → Recovered missing Language ID for KLP via mapping: cc8fdc7c2e2441738bc99a70bbc74796
  Warning: Link slug 'res-video-hand-hygiene' not in mapping, removing from question
Updated KLP 'klp-1-use-alcohol-based-handrub' -> 591a03e42bf74334a9b0d071746a836c
DEBUG: activating version e3a007e41339459d99e354bb03c4fb35 with url='http://135.225.105.160:8004/klps/versions/e3a007e41339459d99e354bb03c4fb35/status'
  ✓ Activated version: e3a007e41339459d99e354bb03c4fb35
  → Recovered missing Language ID for KLP via mapping: cc8fdc7c2e2441738bc99a70bbc74796
  Warning: Link slug 'res-video-procedure-for-handwash' not in mapping, removing from question
Updated KLP 'klp-3-soap-for-handwashing' -> 3177e40dd05e47b0895bf9c56d3e0043
DEBUG: activating version af3e02d0dd9e4bec9da77620e1e4416f with url='http://135.225.105.160:8004/klps/versions/af3e02d0dd9e4bec9da77620e1e4416f/status'
  ✓ Activated version: af3e02d0dd9e4bec9da77620e1e4416f
  → Recovered missing Language ID for KLP via mapping: cc8fdc7c2e2441738bc99a70bbc74796
  Warning: Link slug 'res-video-personal-protective-equipment' not in mapping, removing from question
Updated KLP 'klp-1-personal-protective-equipment' -> bfbb4330d3154851ad7f501a393eec67
DEBUG: activating version 65136f40a4f14a4e951293bc36c69038 with url='http://135.225.105.160:8004/klps/versions/65136f40a4f14a4e951293bc36c69038/status'
  ✓ Activated version: 65136f40a4f14a4e951293bc36c69038
  → Recovered missing Language ID for KLP via mapping: cc8fdc7c2e2441738bc99a70bbc74796
  Warning: Link slug 'res-video-personal-protective-equipment' not in mapping, removing from question
Updated KLP 'klp-1-gloves-for-different-patients' -> 4b02c6fa2fca497d9948d1ebcd930d5a
DEBUG: activating version fed9c829a9b9470ba7d8692df1e880ec with url='http://135.225.105.160:8004/klps/versions/fed9c829a9b9470ba7d8692df1e880ec/status'
  ✓ Activated version: fed9c829a9b9470ba7d8692df1e880ec
  → Recovered missing Language ID for KLP via mapping: cc8fdc7c2e2441738bc99a70bbc74796
  Warning: Link slug 'res-video-cleaning-decontamination' not in mapping, removing from question
Updated KLP 'klp-1-soap-solution' -> 95b1970006c24136b9f32ff30eb2980d
DEBUG: activating version 59f94a05f1de481a8ffe0c2fb79fe9e7 with url='http://135.225.105.160:8004/klps/versions/59f94a05f1de481a8ffe0c2fb79fe9e7/status'
  ✓ Activated version: 59f94a05f1de481a8ffe0c2fb79fe9e7
  → Recovered missing Language ID for KLP via mapping: cc8fdc7c2e2441738bc99a70bbc74796
  Warning: Link slug 'res-video-storage' not in mapping, removing from question
Updated KLP 'klp-1-package-of-sterile-items' -> 352152a2033a48668a647de6dbc01391
DEBUG: activating version 77e28bd5e903456690837f21ea509e25 with url='http://135.225.105.160:8004/klps/versions/77e28bd5e903456690837f21ea509e25/status'
  ✓ Activated version: 77e28bd5e903456690837f21ea509e25
  → Recovered missing Language ID for KLP via mapping: cc8fdc7c2e2441738bc99a70bbc74796
  Warning: Link slug 'res-video-storage' not in mapping, removing from question
Updated KLP 'klp-1-storage-of-sterile-items' -> 0ddc18ded6cb4b1f8b707febc21fa6c3
DEBUG: activating version 918f5903a97245b9bbb67b40b89b07dd with url='http://135.225.105.160:8004/klps/versions/918f5903a97245b9bbb67b40b89b07dd/status'
  ✓ Activated version: 918f5903a97245b9bbb67b40b89b07dd
  → Recovered missing Language ID for KLP via mapping: cc8fdc7c2e2441738bc99a70bbc74796
  Warning: Link slug 'res-video-housekeeping' not in mapping, removing from question
Updated KLP 'klp-1-cleaning-and-delivery-bed' -> 48f56ae72f444c70a162e4bd7e063401
DEBUG: activating version 20b9db75b6114a9b96c6ea8340e1b471 with url='http://135.225.105.160:8004/klps/versions/20b9db75b6114a9b96c6ea8340e1b471/status'
  ✓ Activated version: 20b9db75b6114a9b96c6ea8340e1b471
  → Recovered missing Language ID for KLP via mapping: cc8fdc7c2e2441738bc99a70bbc74796
  Warning: Link slug 'res-video-hiv-hepatitis-b-prevention' not in mapping, removing from question
Updated KLP 'klp-1-recommended-vaccination' -> 5e90670c507d471e965bb61284c4c926
DEBUG: activating version 17f650821351493291ff164d1c25a146 with url='http://135.225.105.160:8004/klps/versions/17f650821351493291ff164d1c25a146/status'
  ✓ Activated version: 17f650821351493291ff164d1c25a146
  → Recovered missing Language ID for KLP via mapping: cc8fdc7c2e2441738bc99a70bbc74796
  Warning: Link slug 'res-video-intro' not in mapping, removing from question
Updated KLP 'klp-2-infection-and-maternal-death' -> 398bd23536204f9e81d4434fa8caf221
DEBUG: activating version 09552acd4b0342b3996b808177b7fd3b with url='http://135.225.105.160:8004/klps/versions/09552acd4b0342b3996b808177b7fd3b/status'
  ✓ Activated version: 09552acd4b0342b3996b808177b7fd3b
  → Recovered missing Language ID for KLP via mapping: cc8fdc7c2e2441738bc99a70bbc74796
  Warning: Link slug 'res-video-intro' not in mapping, removing from question
Updated KLP 'klp-2-infection-and-neonatal-death' -> 0e97d49b28174f828102591f623af5f3
DEBUG: activating version d91f76dd43e44178992961e19f25f3cd with url='http://135.225.105.160:8004/klps/versions/d91f76dd43e44178992961e19f25f3cd/status'
  ✓ Activated version: d91f76dd43e44178992961e19f25f3cd
  → Recovered missing Language ID for KLP via mapping: cc8fdc7c2e2441738bc99a70bbc74796
  Warning: Link slug 'res-video-intro' not in mapping, removing from question
Updated KLP 'klp-2-infection-and-germs' -> b8796123d6ef4d66bd501fa17c7dedba
DEBUG: activating version 038a5c0b33ce42d8b7642cd78ac35624 with url='http://135.225.105.160:8004/klps/versions/038a5c0b33ce42d8b7642cd78ac35624/status'
  ✓ Activated version: 038a5c0b33ce42d8b7642cd78ac35624
  → Recovered missing Language ID for KLP via mapping: cc8fdc7c2e2441738bc99a70bbc74796
  Warning: Link slug 'res-video-intro' not in mapping, removing from question
Updated KLP 'klp-2-healthcare-professionals-hands' -> 93e4b92852be41ee931651f89d106dab
DEBUG: activating version 822f10c4425644a5922d2845dc542cf5 with url='http://135.225.105.160:8004/klps/versions/822f10c4425644a5922d2845dc542cf5/status'
  ✓ Activated version: 822f10c4425644a5922d2845dc542cf5
  → Recovered missing Language ID for KLP via mapping: cc8fdc7c2e2441738bc99a70bbc74796
  Warning: Link slug 'res-video-hand-hygiene' not in mapping, removing from question
Updated KLP 'klp-2-alcohol-most-effective' -> 38e7e9caed0a4c5ea01f597c5e3aac89
DEBUG: activating version 63846588dc93484f8a285353de0472e2 with url='http://135.225.105.160:8004/klps/versions/63846588dc93484f8a285353de0472e2/status'
  ✓ Activated version: 63846588dc93484f8a285353de0472e2
  → Recovered missing Language ID for KLP via mapping: cc8fdc7c2e2441738bc99a70bbc74796
  Warning: Link slug 'res-video-hand-hygiene' not in mapping, removing from question
Updated KLP 'klp-2-no-jewellery-on-hands' -> d338e5439f774844981dc7ca8ec79424
DEBUG: activating version f69daf9f73f74ec786c79031dcd72b7d with url='http://135.225.105.160:8004/klps/versions/f69daf9f73f74ec786c79031dcd72b7d/status'
  ✓ Activated version: f69daf9f73f74ec786c79031dcd72b7d
  → Recovered missing Language ID for KLP via mapping: cc8fdc7c2e2441738bc99a70bbc74796
  Warning: Link slug 'res-video-procedure-for-handwash' not in mapping, removing from question
  Warning: Link slug 'res-video-procedure-for-handwash' not in mapping, removing from question
Updated KLP 'klp-2-towel' -> 693b1443b6fc47a099ba1a9f90fdaf13
DEBUG: activating version 04f0efe0ed454ca5ab8fb825f5e4d58d with url='http://135.225.105.160:8004/klps/versions/04f0efe0ed454ca5ab8fb825f5e4d58d/status'
  ✓ Activated version: 04f0efe0ed454ca5ab8fb825f5e4d58d
  → Recovered missing Language ID for KLP via mapping: cc8fdc7c2e2441738bc99a70bbc74796
  Warning: Link slug 'res-video-procedure-for-handrub' not in mapping, removing from question
Updated KLP 'klp-2-when-hand-hygiene1' -> e05b3b0011e7481da0ba9fffe33691e5
DEBUG: activating version 2a40a5d88d1d4e85b2a981874af6ab90 with url='http://135.225.105.160:8004/klps/versions/2a40a5d88d1d4e85b2a981874af6ab90/status'
  ✓ Activated version: 2a40a5d88d1d4e85b2a981874af6ab90
  → Recovered missing Language ID for KLP via mapping: cc8fdc7c2e2441738bc99a70bbc74796
  Warning: Link slug 'res-video-storage' not in mapping, removing from question
Updated KLP 'klp-2-order-of-cleaning-and-storage' -> d989a0f4fd334dfd929908bf92ae55db
DEBUG: activating version 59d8ce20d8214e54ae0777f69fafa318 with url='http://135.225.105.160:8004/klps/versions/59d8ce20d8214e54ae0777f69fafa318/status'
  ✓ Activated version: 59d8ce20d8214e54ae0777f69fafa318
  → Recovered missing Language ID for KLP via mapping: cc8fdc7c2e2441738bc99a70bbc74796
  Warning: Link slug 'res-video-housekeeping' not in mapping, removing from question
Updated KLP 'klp-2-disinfection-solution' -> e4d4064468364fb6af3cf766a1d7b108
DEBUG: activating version 2d807000da1f4af29e9a20d3a9f5305b with url='http://135.225.105.160:8004/klps/versions/2d807000da1f4af29e9a20d3a9f5305b/status'
  ✓ Activated version: 2d807000da1f4af29e9a20d3a9f5305b
  → Recovered missing Language ID for KLP via mapping: cc8fdc7c2e2441738bc99a70bbc74796
  Warning: Link slug 'res-video-hiv-hepatitis-b-prevention' not in mapping, removing from question
Updated KLP 'klp-2-spread-of-hiv-and-hep-b' -> b2cb15afa0c74431b7555876527f86ad
DEBUG: activating version 0b405715acbc4622bf963fcd3029a103 with url='http://135.225.105.160:8004/klps/versions/0b405715acbc4622bf963fcd3029a103/status'
  ✓ Activated version: 0b405715acbc4622bf963fcd3029a103
  → Recovered missing Language ID for KLP via mapping: cc8fdc7c2e2441738bc99a70bbc74796
  Warning: Link slug 'res-video-hand-hygiene' not in mapping, removing from question
Updated KLP 'klp-3-when-hand-hygiene2' -> 25317e611c354ddfaa479cb9797e683c
DEBUG: activating version c2020df4dc37468ca7b57743bbc487ba with url='http://135.225.105.160:8004/klps/versions/c2020df4dc37468ca7b57743bbc487ba/status'
  ✓ Activated version: c2020df4dc37468ca7b57743bbc487ba
  → Recovered missing Language ID for KLP via mapping: cc8fdc7c2e2441738bc99a70bbc74796
  Warning: Link slug 'res-video-hand-hygiene' not in mapping, removing from question
Updated KLP 'klp-3-wash-hands' -> 2c78898744f24a8694a37fd32443e850
DEBUG: activating version 299f1292c77f465db8d938119227dc9a with url='http://135.225.105.160:8004/klps/versions/299f1292c77f465db8d938119227dc9a/status'
  ✓ Activated version: 299f1292c77f465db8d938119227dc9a
  → Recovered missing Language ID for KLP via mapping: cc8fdc7c2e2441738bc99a70bbc74796
  Warning: Link slug 'res-video-procedure-for-handwash' not in mapping, removing from question
Updated KLP 'klp-3-procedure-for-handwashing' -> 2af9ab3320e7479e93ddfc4da207d1b6
DEBUG: activating version cb8ed4b228374249b2af023081377ef4 with url='http://135.225.105.160:8004/klps/versions/cb8ed4b228374249b2af023081377ef4/status'
  ✓ Activated version: cb8ed4b228374249b2af023081377ef4
  → Recovered missing Language ID for KLP via mapping: cc8fdc7c2e2441738bc99a70bbc74796
  Warning: Link slug 'res-video-procedure-for-handrub' not in mapping, removing from question
Updated KLP 'klp-3-amount-of-handrub' -> 21baea47a4e2428d8a67f3dfa114dafd
DEBUG: activating version eea117da635949b18264462918b9de67 with url='http://135.225.105.160:8004/klps/versions/eea117da635949b18264462918b9de67/status'
  ✓ Activated version: eea117da635949b18264462918b9de67
  → Recovered missing Language ID for KLP via mapping: cc8fdc7c2e2441738bc99a70bbc74796
Updated KLP 'klp-3-product-in-alcohol-based-handrub' -> 058ce4cc00c64f508c305ec7f6c89df6
DEBUG: activating version bed53ed7e307415ca85ef86618bae5b0 with url='http://135.225.105.160:8004/klps/versions/bed53ed7e307415ca85ef86618bae5b0/status'
  ✓ Activated version: bed53ed7e307415ca85ef86618bae5b0
  → Recovered missing Language ID for KLP via mapping: cc8fdc7c2e2441738bc99a70bbc74796
Updated KLP 'klp-3-label-of-alcohol-based-handrub' -> cce933ee1b9f4a20bd36c44bb29f491b
DEBUG: activating version 0faa217722be4dd8a7576bb8192824e0 with url='http://135.225.105.160:8004/klps/versions/0faa217722be4dd8a7576bb8192824e0/status'
  ✓ Activated version: 0faa217722be4dd8a7576bb8192824e0
  → Recovered missing Language ID for KLP via mapping: cc8fdc7c2e2441738bc99a70bbc74796
  Warning: Link slug 'res-video-personal-protective-equipment' not in mapping, removing from question
Updated KLP 'klp-3-removing-gloves' -> 0334bb8f5067462aab6b61cf66524153
DEBUG: activating version cda4573cdbca440f9bcfd3775ec4a785 with url='http://135.225.105.160:8004/klps/versions/cda4573cdbca440f9bcfd3775ec4a785/status'
  ✓ Activated version: cda4573cdbca440f9bcfd3775ec4a785
  → Recovered missing Language ID for KLP via mapping: cc8fdc7c2e2441738bc99a70bbc74796
  Warning: Link slug 'res-video-personal-protective-equipment' not in mapping, removing from question
Updated KLP 'klp-3-gloves-for-birth' -> 4b48b9d185014cba9d76f6277d1b0663
DEBUG: activating version 1f75e0fce3d449e7bfb94d953b1c8ee4 with url='http://135.225.105.160:8004/klps/versions/1f75e0fce3d449e7bfb94d953b1c8ee4/status'
  ✓ Activated version: 1f75e0fce3d449e7bfb94d953b1c8ee4
  → Recovered missing Language ID for KLP via mapping: cc8fdc7c2e2441738bc99a70bbc74796
  Warning: Link slug 'res-video-housekeeping' not in mapping, removing from question
Updated KLP 'klp-3-high-risk-area' -> 58d39a562a31466ba35cc71355ef1815
DEBUG: activating version 70a6097c547e49b198509ae6935d79a4 with url='http://135.225.105.160:8004/klps/versions/70a6097c547e49b198509ae6935d79a4/status'
  ✓ Activated version: 70a6097c547e49b198509ae6935d79a4
  → Recovered missing Language ID for KLP via mapping: cc8fdc7c2e2441738bc99a70bbc74796
  Warning: Link slug 'res-video-hiv-hepatitis-b-prevention' not in mapping, removing from question
Updated KLP 'klp-3-transmission-most-likely' -> 284df90aad2d4e82b8993598920fa58b
DEBUG: activating version 7f84d32830ce4748ae4449c364be0f17 with url='http://135.225.105.160:8004/klps/versions/7f84d32830ce4748ae4449c364be0f17/status'
  ✓ Activated version: 7f84d32830ce4748ae4449c364be0f17
  → Recovered missing Language ID for KLP via mapping: cc8fdc7c2e2441738bc99a70bbc74796
  Warning: Link slug 'res-video-hiv-hepatitis-b-prevention' not in mapping, removing from question
Updated KLP 'klp-3-action-if-exposed' -> cc326a51c8ce40009b9a24dbf343da80
DEBUG: activating version 4dae071d4864402a9dc4bafc9bef02e0 with url='http://135.225.105.160:8004/klps/versions/4dae071d4864402a9dc4bafc9bef02e0/status'
  ✓ Activated version: 4dae071d4864402a9dc4bafc9bef02e0
  → Recovered missing Language ID for KLP via mapping: cc8fdc7c2e2441738bc99a70bbc74796
  Warning: Link slug 'res-video-procedure-for-handwash' not in mapping, removing from question
Updated KLP 'klp-1-soap-wet-container' -> a9bdb2d9c72b4d32ae7a3a7c077a570c
DEBUG: activating version 476fb365b2c54765a8c3548f9a5b3934 with url='http://135.225.105.160:8004/klps/versions/476fb365b2c54765a8c3548f9a5b3934/status'
  ✓ Activated version: 476fb365b2c54765a8c3548f9a5b3934
  → Recovered missing Language ID for KLP via mapping: cc8fdc7c2e2441738bc99a70bbc74796
  Warning: Link slug 'res-video-procedure-for-handwash' not in mapping, removing from question
Updated KLP 'klp-1-air-dry-hands' -> 6278325f307d4216b169a4ab802c6f81
DEBUG: activating version c5f75551e8e846f28dae903422dd7e9d with url='http://135.225.105.160:8004/klps/versions/c5f75551e8e846f28dae903422dd7e9d/status'
  ✓ Activated version: c5f75551e8e846f28dae903422dd7e9d
  → Recovered missing Language ID for KLP via mapping: cc8fdc7c2e2441738bc99a70bbc74796
Updated KLP 'klp-2-product-in-alcohol-based-handrub-2' -> 0b14d487dd9446dfb1d8d9ad96a0b6f2
DEBUG: activating version dab1e5f7603848f1bbc7adbaefc80d5a with url='http://135.225.105.160:8004/klps/versions/dab1e5f7603848f1bbc7adbaefc80d5a/status'
  ✓ Activated version: dab1e5f7603848f1bbc7adbaefc80d5a
  → Recovered missing Language ID for KLP via mapping: cc8fdc7c2e2441738bc99a70bbc74796
  Warning: Link slug 'res-video-intro' not in mapping, removing from question
  Warning: Link slug 'res-video-intro' not in mapping, removing from question
Updated KLP 'klp-2-definition-of-low-birthweight' -> 8792c18b6c184da99d2268a8524f9c66
DEBUG: activating version 4e61570b23724578911420c6bc45aaf4 with url='http://135.225.105.160:8004/klps/versions/4e61570b23724578911420c6bc45aaf4/status'
  ✓ Activated version: 4e61570b23724578911420c6bc45aaf4
  → Recovered missing Language ID for KLP via mapping: cc8fdc7c2e2441738bc99a70bbc74796
  Warning: Link slug 'res-video-intro' not in mapping, removing from question
Updated KLP 'klp-1-preterm-presentation' -> 0891100d33f541eebcdc1e5ac4512ca1
DEBUG: activating version 51cb54b5f582413a94381f4af3480ce9 with url='http://135.225.105.160:8004/klps/versions/51cb54b5f582413a94381f4af3480ce9/status'
  ✓ Activated version: 51cb54b5f582413a94381f4af3480ce9
  → Recovered missing Language ID for KLP via mapping: cc8fdc7c2e2441738bc99a70bbc74796
  Warning: Link slug 'res-video-initial-care-of-the-low-birth-weight' not in mapping, removing from question
  Warning: Link slug 'res-video-initial-care-of-the-low-birth-weight' not in mapping, removing from question
  Warning: Link slug 'res-video-initial-care-of-the-low-birth-weight' not in mapping, removing from question
  Warning: Link slug 'res-video-initial-care-of-the-low-birth-weight' not in mapping, removing from question
Updated KLP 'klp-1-initial-care-of-the-low-birth-weight' -> aad87a8f7b984c46a6a4b0257e8403db
DEBUG: activating version adb760b6c273424d9331a0dac1f11db3 with url='http://135.225.105.160:8004/klps/versions/adb760b6c273424d9331a0dac1f11db3/status'
  ✓ Activated version: adb760b6c273424d9331a0dac1f11db3
  → Recovered missing Language ID for KLP via mapping: cc8fdc7c2e2441738bc99a70bbc74796
  Warning: Link slug 'res-video-kangaroo-mother-care' not in mapping, removing from question
  Warning: Link slug 'res-video-kangaroo-mother-care' not in mapping, removing from question
Updated KLP 'klp-1-what-is-kangaroo-mother-care' -> cad0293e8ea94b109ce6aa568f5a41fd
DEBUG: activating version 568b38bc0fe94fefa788a23f88bf4b1f with url='http://135.225.105.160:8004/klps/versions/568b38bc0fe94fefa788a23f88bf4b1f/status'
  ✓ Activated version: 568b38bc0fe94fefa788a23f88bf4b1f
  → Recovered missing Language ID for KLP via mapping: cc8fdc7c2e2441738bc99a70bbc74796
  Warning: Link slug 'res-video-kangaroo-mother-care' not in mapping, removing from question
Updated KLP 'klp-2-how-to-kangaroo-mother-care' -> d68bbd3b015147c183dbcc45cb058d75
DEBUG: activating version 0bf49422ef65444dac65649a17d0a0a2 with url='http://135.225.105.160:8004/klps/versions/0bf49422ef65444dac65649a17d0a0a2/status'
  ✓ Activated version: 0bf49422ef65444dac65649a17d0a0a2
  → Recovered missing Language ID for KLP via mapping: cc8fdc7c2e2441738bc99a70bbc74796
  Warning: Link slug 'res-video-kangaroo-mother-care' not in mapping, removing from question
Updated KLP 'klp-3-discharge' -> 423d30f1a47141109539534c742fe151
DEBUG: activating version 7db71658e413458f8e330e4110eb7939 with url='http://135.225.105.160:8004/klps/versions/7db71658e413458f8e330e4110eb7939/status'
  ✓ Activated version: 7db71658e413458f8e330e4110eb7939
  → Recovered missing Language ID for KLP via mapping: cc8fdc7c2e2441738bc99a70bbc74796
  Warning: Link slug 'res-video-feeding' not in mapping, removing from question
  Warning: Link slug 'res-video-feeding' not in mapping, removing from question
Updated KLP 'klp-2-feeding' -> 8ad35d5f9e7a44f3b67767d007f6442d
DEBUG: activating version 78c224b9e19348b0bd60357fc8c8dfcc with url='http://135.225.105.160:8004/klps/versions/78c224b9e19348b0bd60357fc8c8dfcc/status'
  ✓ Activated version: 78c224b9e19348b0bd60357fc8c8dfcc
  → Recovered missing Language ID for KLP via mapping: cc8fdc7c2e2441738bc99a70bbc74796
  Warning: Link slug 'res-video-feeding' not in mapping, removing from question
  Warning: Link slug 'res-video-feeding' not in mapping, removing from question
Updated KLP 'klp-3-unable-to-suck' -> 8886c16249664d369aa6fbc05a238ffa
DEBUG: activating version 9bce3941b44846138f7e837238b8b79d with url='http://135.225.105.160:8004/klps/versions/9bce3941b44846138f7e837238b8b79d/status'
  ✓ Activated version: 9bce3941b44846138f7e837238b8b79d
  → Recovered missing Language ID for KLP via mapping: cc8fdc7c2e2441738bc99a70bbc74796
  Warning: Link slug 'res-action-card-pediatric-drugs-and-fluids' not in mapping, removing from question
Updated KLP 'klp-1-feeding-schedule' -> 54e8422c61d6490baf6c5f0bd2899e3a
DEBUG: activating version b9a842dddf58489fb79b22682014d0b7 with url='http://135.225.105.160:8004/klps/versions/b9a842dddf58489fb79b22682014d0b7/status'
  ✓ Activated version: b9a842dddf58489fb79b22682014d0b7
  → Recovered missing Language ID for KLP via mapping: cc8fdc7c2e2441738bc99a70bbc74796
  Warning: Link slug 'res-video-danger-signs' not in mapping, removing from question
Updated KLP 'klp-1-non-responsive-newborn' -> 0917b4cdb8094ba99bbe888a048df018
DEBUG: activating version f38d7c4c4621450aa7aeebc753ada48d with url='http://135.225.105.160:8004/klps/versions/f38d7c4c4621450aa7aeebc753ada48d/status'
  ✓ Activated version: f38d7c4c4621450aa7aeebc753ada48d
  → Recovered missing Language ID for KLP via mapping: cc8fdc7c2e2441738bc99a70bbc74796
  Warning: Link slug 'res-video-danger-signs' not in mapping, removing from question
Updated KLP 'klp-2-breathing' -> 003fd7d16d6a421b9b9e45ff6e5277a7
DEBUG: activating version 992d955278084c9896958f6ed3563e47 with url='http://135.225.105.160:8004/klps/versions/992d955278084c9896958f6ed3563e47/status'
  ✓ Activated version: 992d955278084c9896958f6ed3563e47
  → Recovered missing Language ID for KLP via mapping: cc8fdc7c2e2441738bc99a70bbc74796
  Warning: Link slug 'res-video-danger-signs' not in mapping, removing from question
Updated KLP 'klp-1-rds-symptoms' -> 77d29cc875a243e5a533c9b9e2c55d5b
DEBUG: activating version 49af2682263a400b8ceeae580509c783 with url='http://135.225.105.160:8004/klps/versions/49af2682263a400b8ceeae580509c783/status'
  ✓ Activated version: 49af2682263a400b8ceeae580509c783
  → Recovered missing Language ID for KLP via mapping: cc8fdc7c2e2441738bc99a70bbc74796
  Warning: Link slug 'res-video-danger-signs' not in mapping, removing from question
Updated KLP 'klp-2-rds-management' -> 094ae32d01fc4a5b84058e166d053190
DEBUG: activating version 3af8abc88c904e959f0ec7a99cb65896 with url='http://135.225.105.160:8004/klps/versions/3af8abc88c904e959f0ec7a99cb65896/status'
  ✓ Activated version: 3af8abc88c904e959f0ec7a99cb65896
  → Recovered missing Language ID for KLP via mapping: cc8fdc7c2e2441738bc99a70bbc74796
  Warning: Link slug 'res-video-danger-signs' not in mapping, removing from question
Updated KLP 'klp-3-cpap' -> cd1b3b85753c42daa8d4a26b002c13ff
DEBUG: activating version fa5c74cd275e41ccacf7e7078a463bf0 with url='http://135.225.105.160:8004/klps/versions/fa5c74cd275e41ccacf7e7078a463bf0/status'
  ✓ Activated version: fa5c74cd275e41ccacf7e7078a463bf0
  → Recovered missing Language ID for KLP via mapping: cc8fdc7c2e2441738bc99a70bbc74796
  Warning: Link slug 'res-video-danger-signs' not in mapping, removing from question
Updated KLP 'klp-1-rds-ab' -> 15180dff4ae348eeb5e19eea97ea0acd
DEBUG: activating version 8ddb4688b5bf4d829d79a336accb85a9 with url='http://135.225.105.160:8004/klps/versions/8ddb4688b5bf4d829d79a336accb85a9/status'
  ✓ Activated version: 8ddb4688b5bf4d829d79a336accb85a9
  → Recovered missing Language ID for KLP via mapping: cc8fdc7c2e2441738bc99a70bbc74796
  Warning: Link slug 'res-video-danger-signs' not in mapping, removing from question
Updated KLP 'klp-2-oxygen-therapy' -> 3304227615f74082b2a62347f8776450
DEBUG: activating version 5711406223ed4deb98afb0160da15039 with url='http://135.225.105.160:8004/klps/versions/5711406223ed4deb98afb0160da15039/status'
  ✓ Activated version: 5711406223ed4deb98afb0160da15039
  → Recovered missing Language ID for KLP via mapping: cc8fdc7c2e2441738bc99a70bbc74796
  Warning: Link slug 'res-video-danger-signs' not in mapping, removing from question
Updated KLP 'klp-3-oxygen-saturation' -> 3ba00f6a48b941beba16d6130c5c8dbe
DEBUG: activating version 673ee072f9f347e98a3fef4e811cf8fd with url='http://135.225.105.160:8004/klps/versions/673ee072f9f347e98a3fef4e811cf8fd/status'
  ✓ Activated version: 673ee072f9f347e98a3fef4e811cf8fd
  → Recovered missing Language ID for KLP via mapping: cc8fdc7c2e2441738bc99a70bbc74796
  Warning: Link slug 'res-video-danger-signs' not in mapping, removing from question
Updated KLP 'klp-2-oxygen-indication' -> 79fbce45a4c8469a9641159ed00c6e74
DEBUG: activating version 8db50e071386420aaf7256a6bb599647 with url='http://135.225.105.160:8004/klps/versions/8db50e071386420aaf7256a6bb599647/status'
  ✓ Activated version: 8db50e071386420aaf7256a6bb599647
  → Recovered missing Language ID for KLP via mapping: cc8fdc7c2e2441738bc99a70bbc74796
  Warning: Link slug 'res-video-danger-signs' not in mapping, removing from question
Updated KLP 'klp-1-grunting' -> 2fe12af4daa94712a56a903cc9479c78
DEBUG: activating version c4bd5e1d374c4cd3bb292115e1ac4016 with url='http://135.225.105.160:8004/klps/versions/c4bd5e1d374c4cd3bb292115e1ac4016/status'
  ✓ Activated version: c4bd5e1d374c4cd3bb292115e1ac4016
  → Recovered missing Language ID for KLP via mapping: cc8fdc7c2e2441738bc99a70bbc74796
Updated KLP 'klp-3-apnea-prevention' -> 022db3a3844b43679bbc078299f7a919
DEBUG: activating version 68cbd6c00c0a48e6b0ce17c547446aa9 with url='http://135.225.105.160:8004/klps/versions/68cbd6c00c0a48e6b0ce17c547446aa9/status'
  ✓ Activated version: 68cbd6c00c0a48e6b0ce17c547446aa9
  → Recovered missing Language ID for KLP via mapping: cc8fdc7c2e2441738bc99a70bbc74796
  Warning: Link slug 'res-video-danger-signs' not in mapping, removing from question
Updated KLP 'klp-3-stable-newborn-management' -> 594b3496c76442c6861f7df67f99678f
DEBUG: activating version 8093db190978461babd2b82271f73273 with url='http://135.225.105.160:8004/klps/versions/8093db190978461babd2b82271f73273/status'
  ✓ Activated version: 8093db190978461babd2b82271f73273
  → Recovered missing Language ID for KLP via mapping: cc8fdc7c2e2441738bc99a70bbc74796
  Warning: Link slug 'res-video-danger-signs' not in mapping, removing from question
Updated KLP 'klp-3-jaundice' -> 90fbac1e72cf48678f5124def3adc8ae
DEBUG: activating version 0d2292ad81a345a68b4951d32d431d0c with url='http://135.225.105.160:8004/klps/versions/0d2292ad81a345a68b4951d32d431d0c/status'
  ✓ Activated version: 0d2292ad81a345a68b4951d32d431d0c
  → Recovered missing Language ID for KLP via mapping: cc8fdc7c2e2441738bc99a70bbc74796
  Warning: Link slug 'res-video-danger-signs' not in mapping, removing from question
Updated KLP 'klp-2-severe-jaundice' -> 3817ed4c92c84b2ebcec7bf353da7868
DEBUG: activating version ba0ad7ab1b6c43729fff9072bcc72092 with url='http://135.225.105.160:8004/klps/versions/ba0ad7ab1b6c43729fff9072bcc72092/status'
  ✓ Activated version: ba0ad7ab1b6c43729fff9072bcc72092
  → Recovered missing Language ID for KLP via mapping: cc8fdc7c2e2441738bc99a70bbc74796
  Warning: Link slug 'res-video-danger-signs' not in mapping, removing from question
Updated KLP 'klp-3-severe-jaundice-jaundice-treatment' -> e58bce0aaab44d43a3698b31e175a6e5
DEBUG: activating version 3539a60655d94ec895c8d726570a2f70 with url='http://135.225.105.160:8004/klps/versions/3539a60655d94ec895c8d726570a2f70/status'
  ✓ Activated version: 3539a60655d94ec895c8d726570a2f70
  → Recovered missing Language ID for KLP via mapping: cc8fdc7c2e2441738bc99a70bbc74796
  Warning: Link slug 'res-video-danger-signs' not in mapping, removing from question
Updated KLP 'klp-1-vomits' -> a336ed86f8cc474eb23c1fc6ccff1af1
DEBUG: activating version a3102df36be7406d82a85cb39aaa30db with url='http://135.225.105.160:8004/klps/versions/a3102df36be7406d82a85cb39aaa30db/status'
  ✓ Activated version: a3102df36be7406d82a85cb39aaa30db
  → Recovered missing Language ID for KLP via mapping: cc8fdc7c2e2441738bc99a70bbc74796
  Warning: Link slug 'res-video-danger-signs' not in mapping, removing from question
Updated KLP 'klp-2-necrotizing-enterocolitis' -> d8260686fadb4a4f8b0bc7b8933182d7
DEBUG: activating version ab985260ff624dd7a14bc99bd857b630 with url='http://135.225.105.160:8004/klps/versions/ab985260ff624dd7a14bc99bd857b630/status'
  ✓ Activated version: ab985260ff624dd7a14bc99bd857b630
  → Recovered missing Language ID for KLP via mapping: cc8fdc7c2e2441738bc99a70bbc74796
  Warning: Link slug 'res-video-danger-signs' not in mapping, removing from question
Updated KLP 'klp-3-necrotizing-enterocolitis-management' -> 08c83f229a314cb4bd7f88262e9f9528
DEBUG: activating version 6c528868b8b74b70bda5512a45677fb2 with url='http://135.225.105.160:8004/klps/versions/6c528868b8b74b70bda5512a45677fb2/status'
  ✓ Activated version: 6c528868b8b74b70bda5512a45677fb2
  → Recovered missing Language ID for KLP via mapping: cc8fdc7c2e2441738bc99a70bbc74796
  Warning: Link slug 'res-video-danger-signs' not in mapping, removing from question
Updated KLP 'klp-3-necrotizing-enterocolitis-ab' -> 7c767e4b2b2845dd9ca14b82895ed1d6
DEBUG: activating version 447bd53f5db14b2eaea16b7cd90977f3 with url='http://135.225.105.160:8004/klps/versions/447bd53f5db14b2eaea16b7cd90977f3/status'
  ✓ Activated version: 447bd53f5db14b2eaea16b7cd90977f3
  → Recovered missing Language ID for KLP via mapping: cc8fdc7c2e2441738bc99a70bbc74796
  Warning: Link slug 'res-video-danger-signs' not in mapping, removing from question
Updated KLP 'klp-1-lbw-infection' -> a4b0de6409eb46879ec538c3efc90b6d
DEBUG: activating version a61eb188f86f478c98dd19ee1481fccc with url='http://135.225.105.160:8004/klps/versions/a61eb188f86f478c98dd19ee1481fccc/status'
  ✓ Activated version: a61eb188f86f478c98dd19ee1481fccc
  → Recovered missing Language ID for KLP via mapping: cc8fdc7c2e2441738bc99a70bbc74796
  Warning: Link slug 'res-video-danger-signs' not in mapping, removing from question
Updated KLP 'klp-3-lbw-infection-treatment' -> ba30765612d947fdbda4ba0e1b0f1809
DEBUG: activating version 7cc9236788c942d28542f4b1157639c9 with url='http://135.225.105.160:8004/klps/versions/7cc9236788c942d28542f4b1157639c9/status'
  ✓ Activated version: 7cc9236788c942d28542f4b1157639c9
  → Recovered missing Language ID for KLP via mapping: cc8fdc7c2e2441738bc99a70bbc74796
  Warning: Link slug 'res-video-danger-signs' not in mapping, removing from question
Updated KLP 'klp-2-severe-infection' -> 871fc02c71e9477ca894cd37635dbb16
DEBUG: activating version 0ae8dfdd756a48f382a7e584aa7bdf5b with url='http://135.225.105.160:8004/klps/versions/0ae8dfdd756a48f382a7e584aa7bdf5b/status'
  ✓ Activated version: 0ae8dfdd756a48f382a7e584aa7bdf5b
  → Recovered missing Language ID for KLP via mapping: cc8fdc7c2e2441738bc99a70bbc74796
  Warning: Link slug 'res-video-referral' not in mapping, removing from question
Updated KLP 'klp-1-referral-indications' -> 4c25627ab9104d6baa68af29e1f79e3a
DEBUG: activating version 678a546d9cc647f4b723bfa151e6c330 with url='http://135.225.105.160:8004/klps/versions/678a546d9cc647f4b723bfa151e6c330/status'
  ✓ Activated version: 678a546d9cc647f4b723bfa151e6c330
  → Recovered missing Language ID for KLP via mapping: cc8fdc7c2e2441738bc99a70bbc74796
  Warning: Link slug 'res-video-referral' not in mapping, removing from question
Updated KLP 'klp-2-referral-safety-rules' -> 6b4f64cb10904e1fa8648e5c573cd027
DEBUG: activating version 4d87054db9b749c39f9d78deb46dc577 with url='http://135.225.105.160:8004/klps/versions/4d87054db9b749c39f9d78deb46dc577/status'
  ✓ Activated version: 4d87054db9b749c39f9d78deb46dc577
  → Recovered missing Language ID for KLP via mapping: cc8fdc7c2e2441738bc99a70bbc74796
  Warning: Link slug 'res-video-referral' not in mapping, removing from question
Updated KLP 'klp-2-referral-warmth' -> 746bfb8ce3bc4a0db8a41f57af020c38
DEBUG: activating version e0a7fc60976543a2b3f3701e922209df with url='http://135.225.105.160:8004/klps/versions/e0a7fc60976543a2b3f3701e922209df/status'
  ✓ Activated version: e0a7fc60976543a2b3f3701e922209df
  → Recovered missing Language ID for KLP via mapping: cc8fdc7c2e2441738bc99a70bbc74796
  Warning: Link slug 'res-video-referral' not in mapping, removing from question
Updated KLP 'klp-3-referral-no-option' -> 561e6a622e0f4cff8c4c51b101fd981b
DEBUG: activating version ad0d8c6d2685494cb59a41efa9957a09 with url='http://135.225.105.160:8004/klps/versions/ad0d8c6d2685494cb59a41efa9957a09/status'
  ✓ Activated version: ad0d8c6d2685494cb59a41efa9957a09
  → Recovered missing Language ID for KLP via mapping: cc8fdc7c2e2441738bc99a70bbc74796
  Warning: Link slug 'res-video-respectful-care' not in mapping, removing from question
Updated KLP 'klp-1-respectful-care' -> 68959fa1d3494ee1bdf42909a03cb1b5
DEBUG: activating version 9263621a0f1e4376938f7d633201c558 with url='http://135.225.105.160:8004/klps/versions/9263621a0f1e4376938f7d633201c558/status'
  ✓ Activated version: 9263621a0f1e4376938f7d633201c558
  → Recovered missing Language ID for KLP via mapping: cc8fdc7c2e2441738bc99a70bbc74796
  Warning: Link slug 'res-video-intro' not in mapping, removing from question
Updated KLP 'klp-1-time-before-placenta-is-born' -> c928ee45e92a4ec6be1ee03e5d870bff
DEBUG: activating version 20beb7371c7741c2815519b2367873d1 with url='http://135.225.105.160:8004/klps/versions/20beb7371c7741c2815519b2367873d1/status'
  ✓ Activated version: 20beb7371c7741c2815519b2367873d1
  → Recovered missing Language ID for KLP via mapping: cc8fdc7c2e2441738bc99a70bbc74796
Updated KLP 'klp-1-manual-removal-bemonc' -> f57784b8327d4bb7b374a175d0ae2037
DEBUG: activating version 20b406a37b7e49569ad7090d9d6105d4 with url='http://135.225.105.160:8004/klps/versions/20b406a37b7e49569ad7090d9d6105d4/status'
  ✓ Activated version: 20b406a37b7e49569ad7090d9d6105d4
  → Recovered missing Language ID for KLP via mapping: cc8fdc7c2e2441738bc99a70bbc74796
  Warning: Link slug 'res-video-intro' not in mapping, removing from question
Updated KLP 'klp-1-remove-manually' -> 24feafbd36374014803e84af10d7cd3b
DEBUG: activating version 68670940cde44edc866d579ea055d7fa with url='http://135.225.105.160:8004/klps/versions/68670940cde44edc866d579ea055d7fa/status'
  ✓ Activated version: 68670940cde44edc866d579ea055d7fa
  → Recovered missing Language ID for KLP via mapping: cc8fdc7c2e2441738bc99a70bbc74796
  Warning: Link slug 'res-video-intro' not in mapping, removing from question
Updated KLP 'klp-2-when-manual-removal' -> 50a3cd9d64a948f38bc77cfbd8cf5a45
DEBUG: activating version 7d660b6348b64910bf0b3d89c192ac19 with url='http://135.225.105.160:8004/klps/versions/7d660b6348b64910bf0b3d89c192ac19/status'
  ✓ Activated version: 7d660b6348b64910bf0b3d89c192ac19
  → Recovered missing Language ID for KLP via mapping: cc8fdc7c2e2441738bc99a70bbc74796
  Warning: Link slug 'res-video-intro' not in mapping, removing from question
Updated KLP 'klp-1-life-threatening' -> 572e1feb917044869721531f3e2f7508
DEBUG: activating version 56b28df3f85c40e09ddc8e1bb72ef24c with url='http://135.225.105.160:8004/klps/versions/56b28df3f85c40e09ddc8e1bb72ef24c/status'
  ✓ Activated version: 56b28df3f85c40e09ddc8e1bb72ef24c
  → Recovered missing Language ID for KLP via mapping: cc8fdc7c2e2441738bc99a70bbc74796
  Warning: Link slug 'res-video-intro' not in mapping, removing from question
Updated KLP 'klp-3-heavy-bleeding' -> 3a90bc2344d14a04b7bb8f4fe71f26c2
DEBUG: activating version 9b94309e8a9c4603bad4b8541ddc1746 with url='http://135.225.105.160:8004/klps/versions/9b94309e8a9c4603bad4b8541ddc1746/status'
  ✓ Activated version: 9b94309e8a9c4603bad4b8541ddc1746
  → Recovered missing Language ID for KLP via mapping: cc8fdc7c2e2441738bc99a70bbc74796
  Warning: Link slug 'res-video-intro' not in mapping, removing from question
Updated KLP 'klp-2-blood-inside-uterus' -> e690a214d23f4c7daa90ceeb2d57f2a1
DEBUG: activating version a408e440b65c42da9e1145403e417def with url='http://135.225.105.160:8004/klps/versions/a408e440b65c42da9e1145403e417def/status'
  ✓ Activated version: a408e440b65c42da9e1145403e417def
  → Recovered missing Language ID for KLP via mapping: cc8fdc7c2e2441738bc99a70bbc74796
  Warning: Link slug 'res-video-intro' not in mapping, removing from question
Updated KLP 'klp-1-overall-action' -> e2e1c2baf73e40cd96c11113447e9ca4
DEBUG: activating version 69176ff0e63f4bba845554f923a2300c with url='http://135.225.105.160:8004/klps/versions/69176ff0e63f4bba845554f923a2300c/status'
  ✓ Activated version: 69176ff0e63f4bba845554f923a2300c
  → Recovered missing Language ID for KLP via mapping: cc8fdc7c2e2441738bc99a70bbc74796
  Warning: Link slug 'res-video-intro' not in mapping, removing from question
Updated KLP 'klp-2-excessive-bleeding' -> fb5f8647f0074ee79ad862a9de1bf6e7
DEBUG: activating version c1eefad27dfe422ab710baca291b2e6a with url='http://135.225.105.160:8004/klps/versions/c1eefad27dfe422ab710baca291b2e6a/status'
  ✓ Activated version: c1eefad27dfe422ab710baca291b2e6a
  → Recovered missing Language ID for KLP via mapping: cc8fdc7c2e2441738bc99a70bbc74796
  Warning: Link slug 'res-video-aorta-compression' not in mapping, removing from question
Updated KLP 'klp-3-mother-in-shock' -> 21f5c8ec27114125887024da0b9e91b6
DEBUG: activating version 540c0e51fd1549a985f0f0e648859518 with url='http://135.225.105.160:8004/klps/versions/540c0e51fd1549a985f0f0e648859518/status'
  ✓ Activated version: 540c0e51fd1549a985f0f0e648859518
  → Recovered missing Language ID for KLP via mapping: cc8fdc7c2e2441738bc99a70bbc74796
  Warning: Link slug 'res-video-aorta-compression' not in mapping, removing from question
Updated KLP 'klp-2-stop-bleeding-retained-placenta' -> ad3fbb86c830432d9875dd1e0f2524d5
DEBUG: activating version 520c3fed13814531818c40fb5aafe4b0 with url='http://135.225.105.160:8004/klps/versions/520c3fed13814531818c40fb5aafe4b0/status'
  ✓ Activated version: 520c3fed13814531818c40fb5aafe4b0
  → Recovered missing Language ID for KLP via mapping: cc8fdc7c2e2441738bc99a70bbc74796
  Warning: Link slug 'res-video-aorta-compression' not in mapping, removing from question
Updated KLP 'klp-1-pain-relief-1' -> 740265c0a3614cdeb768fcb2618d4de4
DEBUG: activating version 44dde3a9b8c445208bbf5a4269608342 with url='http://135.225.105.160:8004/klps/versions/44dde3a9b8c445208bbf5a4269608342/status'
  ✓ Activated version: 44dde3a9b8c445208bbf5a4269608342
  → Recovered missing Language ID for KLP via mapping: cc8fdc7c2e2441738bc99a70bbc74796
  Warning: Link slug 'res-video-aorta-compression' not in mapping, removing from question
Updated KLP 'klp-3-adequate-aorta-compression' -> dd8af11932eb4c2db2f9e03a5f63c7f7
DEBUG: activating version 811e9c330100486fbace68b8fa6774e2 with url='http://135.225.105.160:8004/klps/versions/811e9c330100486fbace68b8fa6774e2/status'
  ✓ Activated version: 811e9c330100486fbace68b8fa6774e2
  → Recovered missing Language ID for KLP via mapping: cc8fdc7c2e2441738bc99a70bbc74796
  Warning: Link slug 'res-video-aorta-compression' not in mapping, removing from question
Updated KLP 'klp-2-maintain-compression' -> 79abc54ee152498ab8d07e3938798075
DEBUG: activating version 1a1e5d94f9df467c897e16d5d0c94837 with url='http://135.225.105.160:8004/klps/versions/1a1e5d94f9df467c897e16d5d0c94837/status'
  ✓ Activated version: 1a1e5d94f9df467c897e16d5d0c94837
  → Recovered missing Language ID for KLP via mapping: cc8fdc7c2e2441738bc99a70bbc74796
  Warning: Link slug 'res-video-resuscitation' not in mapping, removing from question
Updated KLP 'klp-3-resuscitation' -> c93383c4b6204864a30e898ec5a0dafc
DEBUG: activating version 5d910e03877c44f991da24b28eee6607 with url='http://135.225.105.160:8004/klps/versions/5d910e03877c44f991da24b28eee6607/status'
  ✓ Activated version: 5d910e03877c44f991da24b28eee6607
  → Recovered missing Language ID for KLP via mapping: cc8fdc7c2e2441738bc99a70bbc74796
  Warning: Link slug 'res-video-resuscitation' not in mapping, removing from question
Updated KLP 'klp-3-iv-fluid' -> 45c15427642e4a09aa8d4d9678060f6c
DEBUG: activating version 5a217c3492074721a5ec7db829394e7d with url='http://135.225.105.160:8004/klps/versions/5a217c3492074721a5ec7db829394e7d/status'
  ✓ Activated version: 5a217c3492074721a5ec7db829394e7d
  → Recovered missing Language ID for KLP via mapping: cc8fdc7c2e2441738bc99a70bbc74796
  Warning: Link slug 'res-video-resuscitation' not in mapping, removing from question
Updated KLP 'klp-3-fluid-gives-fast' -> ad6afdf0b7d34babb8dd81ad84b35e01
DEBUG: activating version 963147f005c4446a92fa274f2b3cf76f with url='http://135.225.105.160:8004/klps/versions/963147f005c4446a92fa274f2b3cf76f/status'
  ✓ Activated version: 963147f005c4446a92fa274f2b3cf76f
  → Recovered missing Language ID for KLP via mapping: cc8fdc7c2e2441738bc99a70bbc74796
  Warning: Link slug 'res-video-resuscitation' not in mapping, removing from question
Updated KLP 'klp-2-stop-compression-at-resuscitation' -> 20520baeb60642ae9e5d28b5b7c3e919
DEBUG: activating version 258a481db08d49789964280750714106 with url='http://135.225.105.160:8004/klps/versions/258a481db08d49789964280750714106/status'
  ✓ Activated version: 258a481db08d49789964280750714106
  → Recovered missing Language ID for KLP via mapping: cc8fdc7c2e2441738bc99a70bbc74796
  Warning: Link slug 'res-video-resuscitation' not in mapping, removing from question
Updated KLP 'klp-3-blood-transfusion' -> a65ce4d4071547be9a8a03f2a50db077
DEBUG: activating version 835bcde5eb2648079e6c97f7b5ca6fb2 with url='http://135.225.105.160:8004/klps/versions/835bcde5eb2648079e6c97f7b5ca6fb2/status'
  ✓ Activated version: 835bcde5eb2648079e6c97f7b5ca6fb2
  → Recovered missing Language ID for KLP via mapping: cc8fdc7c2e2441738bc99a70bbc74796
  Warning: Link slug 'res-video-drugs-before-removal' not in mapping, removing from question
Updated KLP 'klp-2-pain-relief' -> 5446f7030cec4e7a84fef53fb1945589
DEBUG: activating version cc634fef13a24972bb59bb0d9566e995 with url='http://135.225.105.160:8004/klps/versions/cc634fef13a24972bb59bb0d9566e995/status'
  ✓ Activated version: cc634fef13a24972bb59bb0d9566e995
  → Recovered missing Language ID for KLP via mapping: cc8fdc7c2e2441738bc99a70bbc74796
  Warning: Link slug 'res-video-drugs-before-removal' not in mapping, removing from question
Updated KLP 'klp-2-pain-relief-and-aorta-compression' -> b76c1a4435254db681cfaa35776a2917
DEBUG: activating version d5bf779569594fa5a8182e19c9173bd6 with url='http://135.225.105.160:8004/klps/versions/d5bf779569594fa5a8182e19c9173bd6/status'
  ✓ Activated version: d5bf779569594fa5a8182e19c9173bd6
  → Recovered missing Language ID for KLP via mapping: cc8fdc7c2e2441738bc99a70bbc74796
  Warning: Link slug 'res-video-gloves' not in mapping, removing from question
Updated KLP 'klp-3-gloves-and-manual-removal-of-placenta' -> 079715ac5166469fb41f5abc5167ea7b
DEBUG: activating version a56e5e0a97c7434c9a45e70f56de5c65 with url='http://135.225.105.160:8004/klps/versions/a56e5e0a97c7434c9a45e70f56de5c65/status'
  ✓ Activated version: a56e5e0a97c7434c9a45e70f56de5c65
  → Recovered missing Language ID for KLP via mapping: cc8fdc7c2e2441738bc99a70bbc74796
  Warning: Link slug 'res-video-remove-the-placenta' not in mapping, removing from question
Updated KLP 'klp-3-how-to-manually-remove-the-placenta' -> 21fe8fdf1c4b41a6a711578740610feb
DEBUG: activating version 44347bbda3e44ac59517989b1ce3eb41 with url='http://135.225.105.160:8004/klps/versions/44347bbda3e44ac59517989b1ce3eb41/status'
  ✓ Activated version: 44347bbda3e44ac59517989b1ce3eb41
  → Recovered missing Language ID for KLP via mapping: cc8fdc7c2e2441738bc99a70bbc74796
  Warning: Link slug 'res-video-remove-the-placenta' not in mapping, removing from question
Updated KLP 'klp-2-aorta-compression-and-manual-removal' -> 8b57cdb149da4f0b9878fe1ec71b388e
DEBUG: activating version effb10d366d84bc089f682355b374154 with url='http://135.225.105.160:8004/klps/versions/effb10d366d84bc089f682355b374154/status'
  ✓ Activated version: effb10d366d84bc089f682355b374154
  → Recovered missing Language ID for KLP via mapping: cc8fdc7c2e2441738bc99a70bbc74796
  Warning: Link slug 'res-video-remove-the-placenta' not in mapping, removing from question
Updated KLP 'klp-1-right-order-for-removal-of-placenta' -> 82d9375e3b14435c8f5c588c842219ed
DEBUG: activating version ac33dfea634247e88c763a5986f5fdd4 with url='http://135.225.105.160:8004/klps/versions/ac33dfea634247e88c763a5986f5fdd4/status'
  ✓ Activated version: ac33dfea634247e88c763a5986f5fdd4
  → Recovered missing Language ID for KLP via mapping: cc8fdc7c2e2441738bc99a70bbc74796
  Warning: Link slug 'res-video-remove-the-placenta' not in mapping, removing from question
Updated KLP 'klp-1-repeat-intrauterine-palpation' -> c8717d1310214fdfa1c4ed261b0994fa
DEBUG: activating version c76ba88f916b40ae90141c7401a6cd4a with url='http://135.225.105.160:8004/klps/versions/c76ba88f916b40ae90141c7401a6cd4a/status'
  ✓ Activated version: c76ba88f916b40ae90141c7401a6cd4a
  → Recovered missing Language ID for KLP via mapping: cc8fdc7c2e2441738bc99a70bbc74796
  Warning: Link slug 'res-video-remove-the-placenta' not in mapping, removing from question
Updated KLP 'klp-2-manual-compression-ended-aorta-compression' -> 49c90f8c810b44b9b9faedbfd510c19b
DEBUG: activating version 0f4ee4faaa31471c8537edb1c865e655 with url='http://135.225.105.160:8004/klps/versions/0f4ee4faaa31471c8537edb1c865e655/status'
  ✓ Activated version: 0f4ee4faaa31471c8537edb1c865e655
  → Recovered missing Language ID for KLP via mapping: cc8fdc7c2e2441738bc99a70bbc74796
  Warning: Link slug 'res-video-monitoring' not in mapping, removing from question
Updated KLP 'klp-1-action-right-after-removal' -> 068473d7537f4d4ca0365e038d409735
DEBUG: activating version e0688cb8d7b54e53820d0b50d88cf239 with url='http://135.225.105.160:8004/klps/versions/e0688cb8d7b54e53820d0b50d88cf239/status'
  ✓ Activated version: e0688cb8d7b54e53820d0b50d88cf239
  → Recovered missing Language ID for KLP via mapping: cc8fdc7c2e2441738bc99a70bbc74796
  Warning: Link slug 'res-video-remove-the-placenta' not in mapping, removing from question
Updated KLP 'klp-3-action-after-removal' -> 37dafae128c44c76ba8c9bface8016a7
DEBUG: activating version dc799915070f459c805495bdfd3a3d28 with url='http://135.225.105.160:8004/klps/versions/dc799915070f459c805495bdfd3a3d28/status'
  ✓ Activated version: dc799915070f459c805495bdfd3a3d28
  → Recovered missing Language ID for KLP via mapping: cc8fdc7c2e2441738bc99a70bbc74796
  Warning: Link slug 'res-video-remove-the-placenta' not in mapping, removing from question
Updated KLP 'klp-1-the-overall-action-to-control-pph' -> 029805b66db74e39b5df4275bb1febff
DEBUG: activating version 2809df3f64d941a3820cdc05b2cba5a9 with url='http://135.225.105.160:8004/klps/versions/2809df3f64d941a3820cdc05b2cba5a9/status'
  ✓ Activated version: 2809df3f64d941a3820cdc05b2cba5a9
  → Recovered missing Language ID for KLP via mapping: cc8fdc7c2e2441738bc99a70bbc74796
Updated KLP 'klp-3-condom-balloon-tamponade' -> 856760e9e8f04471adef1502a4bd7622
DEBUG: activating version 14aecde105ba48ac9b08d7e0a77f5130 with url='http://135.225.105.160:8004/klps/versions/14aecde105ba48ac9b08d7e0a77f5130/status'
  ✓ Activated version: 14aecde105ba48ac9b08d7e0a77f5130
  → Recovered missing Language ID for KLP via mapping: cc8fdc7c2e2441738bc99a70bbc74796
Updated KLP 'klp-3-after-removal-of-placenta' -> 64bdcbe536d144bc8c6d2e7909ac0c0c
DEBUG: activating version 961f8fdf8a6b4ad2b8d1134711c27c52 with url='http://135.225.105.160:8004/klps/versions/961f8fdf8a6b4ad2b8d1134711c27c52/status'
  ✓ Activated version: 961f8fdf8a6b4ad2b8d1134711c27c52
  → Recovered missing Language ID for KLP via mapping: cc8fdc7c2e2441738bc99a70bbc74796
  Warning: Link slug 'res-video-drugs-after-removal' not in mapping, removing from question
Updated KLP 'klp-2-drug-after-removal-of-placenta' -> 2076fe182d8c4ad18770602cddb6bffd
DEBUG: activating version 6e80a9a636ab48fda46a939d73be71a6 with url='http://135.225.105.160:8004/klps/versions/6e80a9a636ab48fda46a939d73be71a6/status'
  ✓ Activated version: 6e80a9a636ab48fda46a939d73be71a6
  → Recovered missing Language ID for KLP via mapping: cc8fdc7c2e2441738bc99a70bbc74796
  Warning: Link slug 'res-video-monitoring' not in mapping, removing from question
Updated KLP 'klp-1-action-right-after-removal-of-placenta' -> 988726c43bea4086a7a76f154889cb7c
DEBUG: activating version 5cd2f326fe8346f4a8d6d8f199f84880 with url='http://135.225.105.160:8004/klps/versions/5cd2f326fe8346f4a8d6d8f199f84880/status'
  ✓ Activated version: 5cd2f326fe8346f4a8d6d8f199f84880
  → Recovered missing Language ID for KLP via mapping: cc8fdc7c2e2441738bc99a70bbc74796
  Warning: Link slug 'res-video-monitoring' not in mapping, removing from question
Updated KLP 'klp-2-day-after-recommendations' -> 34c2b318b9964928b090569b1949ed39
DEBUG: activating version a1587a89e0b442b9a3f305714ba7daf9 with url='http://135.225.105.160:8004/klps/versions/a1587a89e0b442b9a3f305714ba7daf9/status'
  ✓ Activated version: a1587a89e0b442b9a3f305714ba7daf9
  → Recovered missing Language ID for KLP via mapping: cc8fdc7c2e2441738bc99a70bbc74796
Updated KLP 'klp-1-refer-manual-removal' -> 819bb3f61f8040508711a2671c050c09
DEBUG: activating version 602506d4eead4ebbacf0a09531dcb254 with url='http://135.225.105.160:8004/klps/versions/602506d4eead4ebbacf0a09531dcb254/status'
  ✓ Activated version: 602506d4eead4ebbacf0a09531dcb254
  → Recovered missing Language ID for KLP via mapping: cc8fdc7c2e2441738bc99a70bbc74796
  Warning: Link slug 'res-video-intro' not in mapping, removing from question
Updated KLP 'klp-1-meaning-of-sepsis' -> a3e00337d3c54169b6b1d60c7ff8ddd9
DEBUG: activating version ddc3436ac35e4a25944faf794eb2afb8 with url='http://135.225.105.160:8004/klps/versions/ddc3436ac35e4a25944faf794eb2afb8/status'
  ✓ Activated version: ddc3436ac35e4a25944faf794eb2afb8
  → Recovered missing Language ID for KLP via mapping: cc8fdc7c2e2441738bc99a70bbc74796
  Warning: Link slug 'res-video-how-to-diagnose-definitions' not in mapping, removing from question
Updated KLP 'klp-1-diagnose-sepsis' -> bfd8b96c641c4b1ea29fa47cee4ce84c
DEBUG: activating version 32b324c862904488a115d631059f6443 with url='http://135.225.105.160:8004/klps/versions/32b324c862904488a115d631059f6443/status'
  ✓ Activated version: 32b324c862904488a115d631059f6443
  → Recovered missing Language ID for KLP via mapping: cc8fdc7c2e2441738bc99a70bbc74796
  Warning: Link slug 'res-video-how-to-diagnose-definitions' not in mapping, removing from question
Updated KLP 'klp-1-septic-shock' -> bbfc1c22f8c342c99b30e0686964d344
DEBUG: activating version 92d0c61d6e10402496e0a8707170dee7 with url='http://135.225.105.160:8004/klps/versions/92d0c61d6e10402496e0a8707170dee7/status'
  ✓ Activated version: 92d0c61d6e10402496e0a8707170dee7
  → Recovered missing Language ID for KLP via mapping: cc8fdc7c2e2441738bc99a70bbc74796
  Warning: Link slug 'res-video-how-to-diagnose-definitions' not in mapping, removing from question
Updated KLP 'klp-1-vital-signs' -> 3cdc90e98ef84a3882564fc82c9877d4
DEBUG: activating version 64289bf74438461e8805c670b8c37bcf with url='http://135.225.105.160:8004/klps/versions/64289bf74438461e8805c670b8c37bcf/status'
  ✓ Activated version: 64289bf74438461e8805c670b8c37bcf
  → Recovered missing Language ID for KLP via mapping: cc8fdc7c2e2441738bc99a70bbc74796
  Warning: Link slug 'res-video-following-management' not in mapping, removing from question
Updated KLP 'klp-2-importance-of-fluid-management' -> caa36cc86b7640d78b150c864c180372
DEBUG: activating version f8c64dbcfb004c459abe67b90bc112e9 with url='http://135.225.105.160:8004/klps/versions/f8c64dbcfb004c459abe67b90bc112e9/status'
  ✓ Activated version: f8c64dbcfb004c459abe67b90bc112e9
  → Recovered missing Language ID for KLP via mapping: cc8fdc7c2e2441738bc99a70bbc74796
  Warning: Link slug 'res-video-controlled-cord-traction' not in mapping, removing from question
Updated KLP 'klp-2-assessment-of-fluid-balance' -> 0224ad27f1154bff99b0aa40eb6fc627
DEBUG: activating version cfd8a80fc72e48c285767a629b6c5f3d with url='http://135.225.105.160:8004/klps/versions/cfd8a80fc72e48c285767a629b6c5f3d/status'
  ✓ Activated version: cfd8a80fc72e48c285767a629b6c5f3d
  → Recovered missing Language ID for KLP via mapping: cc8fdc7c2e2441738bc99a70bbc74796
  Warning: Link slug 'res-video-following-management' not in mapping, removing from question
Updated KLP 'klp-2-fluid-balance-be-calculated' -> f327a95c2d004f30ac865c4de1684c2d
DEBUG: activating version 420a5688785e457daebb2fdc39377a64 with url='http://135.225.105.160:8004/klps/versions/420a5688785e457daebb2fdc39377a64/status'
  ✓ Activated version: 420a5688785e457daebb2fdc39377a64
  → Recovered missing Language ID for KLP via mapping: cc8fdc7c2e2441738bc99a70bbc74796
  Warning: Link slug 'res-action-card-following-management' not in mapping, removing from question
Updated KLP 'klp-2-fluid-balance-be' -> 73294a3d58884f629d0b2f49c217c032
DEBUG: activating version 53252381a9a441bd8d7efd2614e14cbf with url='http://135.225.105.160:8004/klps/versions/53252381a9a441bd8d7efd2614e14cbf/status'
  ✓ Activated version: 53252381a9a441bd8d7efd2614e14cbf
  → Recovered missing Language ID for KLP via mapping: cc8fdc7c2e2441738bc99a70bbc74796
  Warning: Link slug 'res-video-following-management' not in mapping, removing from question
Updated KLP 'klp-2-in-case-of-a-septic-shock-it-should-be-calculated-each-hour' -> 10de6437536e494eb08063d03c179157
DEBUG: activating version 9ffb719c6f83435fadbb66f9c204b946 with url='http://135.225.105.160:8004/klps/versions/9ffb719c6f83435fadbb66f9c204b946/status'
  ✓ Activated version: 9ffb719c6f83435fadbb66f9c204b946
  → Recovered missing Language ID for KLP via mapping: cc8fdc7c2e2441738bc99a70bbc74796
  Warning: Link slug 'res-video-intro' not in mapping, removing from question
Updated KLP 'klp-2-complications-to-sepsis' -> e8ab1291defb4b399a6dc8f0dca5bf9e
DEBUG: activating version 1d63efafa245405dafd2f68bad38851f with url='http://135.225.105.160:8004/klps/versions/1d63efafa245405dafd2f68bad38851f/status'
  ✓ Activated version: 1d63efafa245405dafd2f68bad38851f
  → Recovered missing Language ID for KLP via mapping: cc8fdc7c2e2441738bc99a70bbc74796
  Warning: Link slug 'res-video-how-to-manage' not in mapping, removing from question
Updated KLP 'klp-1-initial-management' -> 3705eeeced9142ff988e0975e18615ee
DEBUG: activating version b37f8af1e1f54a7b9827e5fa3cfe086e with url='http://135.225.105.160:8004/klps/versions/b37f8af1e1f54a7b9827e5fa3cfe086e/status'
  ✓ Activated version: b37f8af1e1f54a7b9827e5fa3cfe086e
  → Recovered missing Language ID for KLP via mapping: cc8fdc7c2e2441738bc99a70bbc74796
  Warning: Link slug 'res-video-how-to-manage' not in mapping, removing from question
Updated KLP 'klp-2-circulation' -> 3359985b25954578ac011d4a040ee6bc
DEBUG: activating version 7adc43e992894f178793f63193fcaf3e with url='http://135.225.105.160:8004/klps/versions/7adc43e992894f178793f63193fcaf3e/status'
  ✓ Activated version: 7adc43e992894f178793f63193fcaf3e
  → Recovered missing Language ID for KLP via mapping: cc8fdc7c2e2441738bc99a70bbc74796
  Warning: Link slug 'res-video-how-to-manage' not in mapping, removing from question
Updated KLP 'klp-3-drugs' -> 9e30b4a831894666bbcad193ee9d5d5f
DEBUG: activating version 6a118f33abb24fda8cb613b04ca7582f with url='http://135.225.105.160:8004/klps/versions/6a118f33abb24fda8cb613b04ca7582f/status'
  ✓ Activated version: 6a118f33abb24fda8cb613b04ca7582f
  → Recovered missing Language ID for KLP via mapping: cc8fdc7c2e2441738bc99a70bbc74796
  Warning: Link slug 'res-video-how-to-manage' not in mapping, removing from question
Updated KLP 'klp-3-ampicillin-sepsis' -> 672768d244684c558915109940ce615a
DEBUG: activating version cb0374a9c5974ef7873f5e2a402dd5f2 with url='http://135.225.105.160:8004/klps/versions/cb0374a9c5974ef7873f5e2a402dd5f2/status'
  ✓ Activated version: cb0374a9c5974ef7873f5e2a402dd5f2
  → Recovered missing Language ID for KLP via mapping: cc8fdc7c2e2441738bc99a70bbc74796
  Warning: Link slug 'res-video-how-to-manage' not in mapping, removing from question
Updated KLP 'klp-3-gentamicin' -> 36330584bdd240b48ca5d33ff53fca32
DEBUG: activating version d4d65f28b2604d5984f2a3eb2f78361e with url='http://135.225.105.160:8004/klps/versions/d4d65f28b2604d5984f2a3eb2f78361e/status'
  ✓ Activated version: d4d65f28b2604d5984f2a3eb2f78361e
  → Recovered missing Language ID for KLP via mapping: cc8fdc7c2e2441738bc99a70bbc74796
  Warning: Link slug 'res-video-how-to-manage' not in mapping, removing from question
Updated KLP 'klp-3-metronidazole' -> 1da8788a1a0d49e7be68996c382637a3
DEBUG: activating version 3fffc7f0266f49248d21fa7cc6faa008 with url='http://135.225.105.160:8004/klps/versions/3fffc7f0266f49248d21fa7cc6faa008/status'
  ✓ Activated version: 3fffc7f0266f49248d21fa7cc6faa008
  → Recovered missing Language ID for KLP via mapping: cc8fdc7c2e2441738bc99a70bbc74796
Updated KLP 'klp-3-ceftriaxone' -> 9e05d7622e614369b98b49f892ab040e
DEBUG: activating version c0e4b7c86afe4242b0aa0419e7db54ed with url='http://135.225.105.160:8004/klps/versions/c0e4b7c86afe4242b0aa0419e7db54ed/status'
  ✓ Activated version: c0e4b7c86afe4242b0aa0419e7db54ed
  → Recovered missing Language ID for KLP via mapping: cc8fdc7c2e2441738bc99a70bbc74796
Updated KLP 'klp-3-tetracycline' -> b4f05e04156e4eee954876460fa4fb14
DEBUG: activating version d2b16e55917f4dd38cd5879b111673e3 with url='http://135.225.105.160:8004/klps/versions/d2b16e55917f4dd38cd5879b111673e3/status'
  ✓ Activated version: d2b16e55917f4dd38cd5879b111673e3
  → Recovered missing Language ID for KLP via mapping: cc8fdc7c2e2441738bc99a70bbc74796
Updated KLP 'klp-3-chloramphenicol' -> 377273bccdae400ab4d9718c62014310
DEBUG: activating version cf8a34755fdd4c0ba72038c29b584d63 with url='http://135.225.105.160:8004/klps/versions/cf8a34755fdd4c0ba72038c29b584d63/status'
  ✓ Activated version: cf8a34755fdd4c0ba72038c29b584d63
  → Recovered missing Language ID for KLP via mapping: cc8fdc7c2e2441738bc99a70bbc74796
  Warning: Link slug 'res-video-origin-of-infection' not in mapping, removing from question
Updated KLP 'klp-2-malaria' -> 1f01b1d6a2f54fc09e607093976f67e3
DEBUG: activating version 9d5c960d22904157836ec1f4aebf3a3c with url='http://135.225.105.160:8004/klps/versions/9d5c960d22904157836ec1f4aebf3a3c/status'
  ✓ Activated version: 9d5c960d22904157836ec1f4aebf3a3c
  → Recovered missing Language ID for KLP via mapping: cc8fdc7c2e2441738bc99a70bbc74796
  Warning: Link slug 'res-video-origin-of-infection' not in mapping, removing from question
Updated KLP 'klp-3-malaria-drugs' -> fb2c7f68231a402dbb1214fa31cd154b
DEBUG: activating version df4ee66f68e34b13b6a02c96490bb926 with url='http://135.225.105.160:8004/klps/versions/df4ee66f68e34b13b6a02c96490bb926/status'
  ✓ Activated version: df4ee66f68e34b13b6a02c96490bb926
  → Recovered missing Language ID for KLP via mapping: cc8fdc7c2e2441738bc99a70bbc74796
Updated KLP 'klp-3-artesunate' -> 40e1294a91eb44778b89fb87aa72b496
DEBUG: activating version fc1b17732c65453a8bd8626fff94ec23 with url='http://135.225.105.160:8004/klps/versions/fc1b17732c65453a8bd8626fff94ec23/status'
  ✓ Activated version: fc1b17732c65453a8bd8626fff94ec23
  → Recovered missing Language ID for KLP via mapping: cc8fdc7c2e2441738bc99a70bbc74796
Updated KLP 'klp-3-quinine' -> 37f7163ebefe44aeb14b39c2ee5340dc
DEBUG: activating version 1fc8224c2612427a801892be78d6464e with url='http://135.225.105.160:8004/klps/versions/1fc8224c2612427a801892be78d6464e/status'
  ✓ Activated version: 1fc8224c2612427a801892be78d6464e
  → Recovered missing Language ID for KLP via mapping: cc8fdc7c2e2441738bc99a70bbc74796
Updated KLP 'klp-3-dosage-artesunate' -> 6a0e6020afdf4d7fa4d9f20d903e25c0
DEBUG: activating version af50645c6ff74dd289cbee8ce3b7433d with url='http://135.225.105.160:8004/klps/versions/af50645c6ff74dd289cbee8ce3b7433d/status'
  ✓ Activated version: af50645c6ff74dd289cbee8ce3b7433d
  → Recovered missing Language ID for KLP via mapping: cc8fdc7c2e2441738bc99a70bbc74796
Updated KLP 'klp-3-dosage-quinine' -> 45b38b56100c48928b226c9e71009c79
DEBUG: activating version ac649c37612f430187df8e89ef967323 with url='http://135.225.105.160:8004/klps/versions/ac649c37612f430187df8e89ef967323/status'
  ✓ Activated version: ac649c37612f430187df8e89ef967323
  → Recovered missing Language ID for KLP via mapping: cc8fdc7c2e2441738bc99a70bbc74796
  Warning: Link slug 'res-video-origin-of-infection' not in mapping, removing from question
Updated KLP 'klp-1-the-6-ws' -> 15da61fa7b7d4e54bf4db9dff987361f
DEBUG: activating version 1af47bd021814cb095603402146c5fda with url='http://135.225.105.160:8004/klps/versions/1af47bd021814cb095603402146c5fda/status'
  ✓ Activated version: 1af47bd021814cb095603402146c5fda
  → Recovered missing Language ID for KLP via mapping: cc8fdc7c2e2441738bc99a70bbc74796
  Warning: Link slug 'res-video-origin-of-infection' not in mapping, removing from question
Updated KLP 'klp-1-the-6-ws-continue' -> 32f1335dc658463cabac3c112b6f36a8
DEBUG: activating version 55a637c9e74547d2872816858a167490 with url='http://135.225.105.160:8004/klps/versions/55a637c9e74547d2872816858a167490/status'
  ✓ Activated version: 55a637c9e74547d2872816858a167490
  → Recovered missing Language ID for KLP via mapping: cc8fdc7c2e2441738bc99a70bbc74796
  Warning: Link slug 'res-action-card-identify-cause' not in mapping, removing from question
Updated KLP 'klp-2-chorioamnionitis' -> b5d48e20143e4679a1585062c2566136
DEBUG: activating version e24f2803724d471bb2a91d4c4699e859 with url='http://135.225.105.160:8004/klps/versions/e24f2803724d471bb2a91d4c4699e859/status'
  ✓ Activated version: e24f2803724d471bb2a91d4c4699e859
  → Recovered missing Language ID for KLP via mapping: cc8fdc7c2e2441738bc99a70bbc74796
  Warning: Link slug 'res-action-card-identify-cause' not in mapping, removing from question
Updated KLP 'klp-2-endometritis' -> e9ec4001f464441da60d062410097dc0
DEBUG: activating version 2f9eec7bc400410dbeda5b778a133be7 with url='http://135.225.105.160:8004/klps/versions/2f9eec7bc400410dbeda5b778a133be7/status'
  ✓ Activated version: 2f9eec7bc400410dbeda5b778a133be7
  → Recovered missing Language ID for KLP via mapping: cc8fdc7c2e2441738bc99a70bbc74796
  Warning: Link slug 'res-video-origin-of-infection' not in mapping, removing from question
Updated KLP 'klp-1-treatment-for-chorioamnionitis' -> 076778c916294db5a14b8d46b249cd32
DEBUG: activating version 5acca8828bd14b4e9d8eba10ac5a8ed2 with url='http://135.225.105.160:8004/klps/versions/5acca8828bd14b4e9d8eba10ac5a8ed2/status'
  ✓ Activated version: 5acca8828bd14b4e9d8eba10ac5a8ed2
  → Recovered missing Language ID for KLP via mapping: cc8fdc7c2e2441738bc99a70bbc74796
  Warning: Link slug 'res-video-origin-of-infection' not in mapping, removing from question
Updated KLP 'klp-1-treatment-for-endometritis' -> abb9dc4b71ba462faf7e237103494934
DEBUG: activating version dfb175931c92414da5bd4de716980a61 with url='http://135.225.105.160:8004/klps/versions/dfb175931c92414da5bd4de716980a61/status'
  ✓ Activated version: dfb175931c92414da5bd4de716980a61
  → Recovered missing Language ID for KLP via mapping: cc8fdc7c2e2441738bc99a70bbc74796
  Warning: Link slug 'res-video-origin-of-infection' not in mapping, removing from question
Updated KLP 'klp-2-endometritis-and-no-effect-of-ab' -> 5fceb91648f5466881698afcd46174aa
DEBUG: activating version b8170f490d4043b59e318794404d429b with url='http://135.225.105.160:8004/klps/versions/b8170f490d4043b59e318794404d429b/status'
  ✓ Activated version: b8170f490d4043b59e318794404d429b
  → Recovered missing Language ID for KLP via mapping: cc8fdc7c2e2441738bc99a70bbc74796
Updated KLP 'klp-1-mastitis' -> 774774f771674f528e705a2a6d1f8735
DEBUG: activating version 5c15337033144a28a4f928826bbe1a2e with url='http://135.225.105.160:8004/klps/versions/5c15337033144a28a4f928826bbe1a2e/status'
  ✓ Activated version: 5c15337033144a28a4f928826bbe1a2e
  → Recovered missing Language ID for KLP via mapping: cc8fdc7c2e2441738bc99a70bbc74796
  Warning: Link slug 'res-video-origin-of-infection' not in mapping, removing from question
Updated KLP 'klp-1-breast-abscess' -> 25b27f37c5094b0686d2604a62932dd7
DEBUG: activating version 10028f51364847ccba9ccf55fdda0197 with url='http://135.225.105.160:8004/klps/versions/10028f51364847ccba9ccf55fdda0197/status'
  ✓ Activated version: 10028f51364847ccba9ccf55fdda0197
  → Recovered missing Language ID for KLP via mapping: cc8fdc7c2e2441738bc99a70bbc74796
  Warning: Link slug 'res-video-origin-of-infection' not in mapping, removing from question
Updated KLP 'klp-1-wound-infections' -> 9b663cce68ef4fa3b5c177b3a053798e
DEBUG: activating version 9661629fcd9a406fa0009af06761e1dd with url='http://135.225.105.160:8004/klps/versions/9661629fcd9a406fa0009af06761e1dd/status'
  ✓ Activated version: 9661629fcd9a406fa0009af06761e1dd
  → Recovered missing Language ID for KLP via mapping: cc8fdc7c2e2441738bc99a70bbc74796
  Warning: Link slug 'res-video-origin-of-infection' not in mapping, removing from question
Updated KLP 'klp-2-other-causes-of-infection' -> dac96b55761a4ef09bfd3b3c009ecc8c
DEBUG: activating version e9f99b437c164ec7b06db57615c22572 with url='http://135.225.105.160:8004/klps/versions/e9f99b437c164ec7b06db57615c22572/status'
  ✓ Activated version: e9f99b437c164ec7b06db57615c22572
  → Recovered missing Language ID for KLP via mapping: cc8fdc7c2e2441738bc99a70bbc74796
  Warning: Link slug 'res-video-intro' not in mapping, removing from question
Updated KLP 'klp-1-adequate-breathing' -> 58ae7db8c3ea42589cc5f5752ae73c9e
DEBUG: activating version d2d91ef7197449adacb147c1a802f8cf with url='http://135.225.105.160:8004/klps/versions/d2d91ef7197449adacb147c1a802f8cf/status'
  ✓ Activated version: d2d91ef7197449adacb147c1a802f8cf
  → Recovered missing Language ID for KLP via mapping: cc8fdc7c2e2441738bc99a70bbc74796
  Warning: Link slug 'res-video-intro' not in mapping, removing from question
Updated KLP 'klp-1-golden-minute' -> a678a32b56c048419ffa818299f285c2
DEBUG: activating version 612c988b68e94c4ea04b01719f9ce5bb with url='http://135.225.105.160:8004/klps/versions/612c988b68e94c4ea04b01719f9ce5bb/status'
  ✓ Activated version: 612c988b68e94c4ea04b01719f9ce5bb
  → Recovered missing Language ID for KLP via mapping: cc8fdc7c2e2441738bc99a70bbc74796
  Warning: Link slug 'res-video-assess-the-newborn' not in mapping, removing from question
Updated KLP 'klp-1-assess-the-newborn-after-birth' -> 501fa7c5d1ff40ae9d9d1514ef18ffae
DEBUG: activating version 93a4e42dfcf0488bbaa22b6e03e8ef3e with url='http://135.225.105.160:8004/klps/versions/93a4e42dfcf0488bbaa22b6e03e8ef3e/status'
  ✓ Activated version: 93a4e42dfcf0488bbaa22b6e03e8ef3e
  → Recovered missing Language ID for KLP via mapping: cc8fdc7c2e2441738bc99a70bbc74796
  Warning: Link slug 'res-video-assess-the-newborn' not in mapping, removing from question
Updated KLP 'klp-2-skin-to-the-mother' -> 665bd4e7729b43bd9603d9193bdf00f3
DEBUG: activating version ddf7e75b08f544d388a3de56a6a364a7 with url='http://135.225.105.160:8004/klps/versions/ddf7e75b08f544d388a3de56a6a364a7/status'
  ✓ Activated version: ddf7e75b08f544d388a3de56a6a364a7
  → Recovered missing Language ID for KLP via mapping: cc8fdc7c2e2441738bc99a70bbc74796
  Warning: Link slug 'res-video-assess-the-newborn' not in mapping, removing from question
Updated KLP 'klp-2-first-step' -> 52924391353c4bbe88014aa4dcf49090
DEBUG: activating version 4c9ed7433ed24437a2141eb9f6800488 with url='http://135.225.105.160:8004/klps/versions/4c9ed7433ed24437a2141eb9f6800488/status'
  ✓ Activated version: 4c9ed7433ed24437a2141eb9f6800488
  → Recovered missing Language ID for KLP via mapping: cc8fdc7c2e2441738bc99a70bbc74796
  Warning: Link slug 'res-video-assess-the-newborn' not in mapping, removing from question
Updated KLP 'klp-2-meconium-suction' -> 312854cef54645b296b060eb6dae84f2
DEBUG: activating version ea531017217a4512a67a69a6522d07ce with url='http://135.225.105.160:8004/klps/versions/ea531017217a4512a67a69a6522d07ce/status'
  ✓ Activated version: ea531017217a4512a67a69a6522d07ce
  → Recovered missing Language ID for KLP via mapping: cc8fdc7c2e2441738bc99a70bbc74796
  Warning: Link slug 'res-video-assess-the-newborn' not in mapping, removing from question
Updated KLP 'klp-3-correct-order-suction' -> f77bdff40c3d4c32b3ddfac572256260
DEBUG: activating version fb5ed1bcedb34e73abea1369f75a58d1 with url='http://135.225.105.160:8004/klps/versions/fb5ed1bcedb34e73abea1369f75a58d1/status'
  ✓ Activated version: fb5ed1bcedb34e73abea1369f75a58d1
  → Recovered missing Language ID for KLP via mapping: cc8fdc7c2e2441738bc99a70bbc74796
  Warning: Link slug 'res-video-assess-the-newborn' not in mapping, removing from question
Updated KLP 'klp-2-stimulation-the-newborn' -> 8777f245721646f28e34e10de7ed3b8a
DEBUG: activating version 602d4fbe79b0458583fdbb983a34fbcd with url='http://135.225.105.160:8004/klps/versions/602d4fbe79b0458583fdbb983a34fbcd/status'
  ✓ Activated version: 602d4fbe79b0458583fdbb983a34fbcd
  → Recovered missing Language ID for KLP via mapping: cc8fdc7c2e2441738bc99a70bbc74796
  Warning: Link slug 'res-video-assess-the-newborn' not in mapping, removing from question
Updated KLP 'klp-2-newborn-is-not-breathing-well' -> c9bbc5d19fa2410b8eaf466dce6f2643
DEBUG: activating version a7775b4dd65f467a92867e15ea003724 with url='http://135.225.105.160:8004/klps/versions/a7775b4dd65f467a92867e15ea003724/status'
  ✓ Activated version: a7775b4dd65f467a92867e15ea003724
  → Recovered missing Language ID for KLP via mapping: cc8fdc7c2e2441738bc99a70bbc74796
  Warning: Link slug 'res-video-assess-the-newborn' not in mapping, removing from question
Updated KLP 'klp-1-when-to-resuscitate' -> 0488ca6927c143f3a68aa661ff9766fe
DEBUG: activating version ca7f9eab4d1e41b7b0491696824fca0a with url='http://135.225.105.160:8004/klps/versions/ca7f9eab4d1e41b7b0491696824fca0a/status'
  ✓ Activated version: ca7f9eab4d1e41b7b0491696824fca0a
  → Recovered missing Language ID for KLP via mapping: cc8fdc7c2e2441738bc99a70bbc74796
  Warning: Link slug 'res-video-airway' not in mapping, removing from question
Updated KLP 'klp-3-airway-call-for-help' -> 140d8638603344199b6bcd4189f415a6
DEBUG: activating version f99c01252ef84975977ac83d5a6ee6c3 with url='http://135.225.105.160:8004/klps/versions/f99c01252ef84975977ac83d5a6ee6c3/status'
  ✓ Activated version: f99c01252ef84975977ac83d5a6ee6c3
  → Recovered missing Language ID for KLP via mapping: cc8fdc7c2e2441738bc99a70bbc74796
  Warning: Link slug 'res-video-airway' not in mapping, removing from question
Updated KLP 'klp-2-airway-position-of-head' -> e9e9917194b14082b649df1bc0d33c01
DEBUG: activating version 0f081564c0094593a6b89e1ff2122137 with url='http://135.225.105.160:8004/klps/versions/0f081564c0094593a6b89e1ff2122137/status'
  ✓ Activated version: 0f081564c0094593a6b89e1ff2122137
  → Recovered missing Language ID for KLP via mapping: cc8fdc7c2e2441738bc99a70bbc74796
  Warning: Link slug 'res-video-airway' not in mapping, removing from question
Updated KLP 'klp-1-airway-position-of-mask' -> a56c66ec59b4452ab88ddd655fad546e
DEBUG: activating version 07a6cb2be64741ad822f6de5ee168170 with url='http://135.225.105.160:8004/klps/versions/07a6cb2be64741ad822f6de5ee168170/status'
  ✓ Activated version: 07a6cb2be64741ad822f6de5ee168170
  → Recovered missing Language ID for KLP via mapping: cc8fdc7c2e2441738bc99a70bbc74796
  Warning: Link slug 'res-video-airway' not in mapping, removing from question
Updated KLP 'klp-1-airway-effective-ventilation' -> a42dcdb829464cb49b18e51a3436302e
DEBUG: activating version 8cac8a615b4f4585b7ba20c152fdb13f with url='http://135.225.105.160:8004/klps/versions/8cac8a615b4f4585b7ba20c152fdb13f/status'
  ✓ Activated version: 8cac8a615b4f4585b7ba20c152fdb13f
  → Recovered missing Language ID for KLP via mapping: cc8fdc7c2e2441738bc99a70bbc74796
  Warning: Link slug 'res-video-airway' not in mapping, removing from question
Updated KLP 'klp-2-number-of-inflation-breaths' -> 6c79d1f667044b3dbab2716c71431135
DEBUG: activating version 2ad631d3f8fa4a1bb527e1bcea41c334 with url='http://135.225.105.160:8004/klps/versions/2ad631d3f8fa4a1bb527e1bcea41c334/status'
  ✓ Activated version: 2ad631d3f8fa4a1bb527e1bcea41c334
  → Recovered missing Language ID for KLP via mapping: cc8fdc7c2e2441738bc99a70bbc74796
  Warning: Link slug 'res-video-airway' not in mapping, removing from question
Updated KLP 'klp-3-jaw-thrust' -> fb18c62c3f144dc7b6243b1d1f64a7c7
DEBUG: activating version 98f1ad09711a4897857ae8e077db8133 with url='http://135.225.105.160:8004/klps/versions/98f1ad09711a4897857ae8e077db8133/status'
  ✓ Activated version: 98f1ad09711a4897857ae8e077db8133
  → Recovered missing Language ID for KLP via mapping: cc8fdc7c2e2441738bc99a70bbc74796
  Warning: Link slug 'res-video-airway' not in mapping, removing from question
Updated KLP 'klp-2-if-no-chest-movements' -> ec150c13ef4c48678697cbe3a36e9da9
DEBUG: activating version ec0dc32a6c594fd6b5a1aa1df2e45a5d with url='http://135.225.105.160:8004/klps/versions/ec0dc32a6c594fd6b5a1aa1df2e45a5d/status'
  ✓ Activated version: ec0dc32a6c594fd6b5a1aa1df2e45a5d
  → Recovered missing Language ID for KLP via mapping: cc8fdc7c2e2441738bc99a70bbc74796
  Warning: Link slug 'res-video-airway' not in mapping, removing from question
Updated KLP 'klp-2-inflation-breaths' -> 843c8589e92a423ba6f1978287a9bfbc
DEBUG: activating version 6eb895066c794e67aa2f9706d04bc279 with url='http://135.225.105.160:8004/klps/versions/6eb895066c794e67aa2f9706d04bc279/status'
  ✓ Activated version: 6eb895066c794e67aa2f9706d04bc279
  → Recovered missing Language ID for KLP via mapping: cc8fdc7c2e2441738bc99a70bbc74796
  Warning: Link slug 'res-video-breathing' not in mapping, removing from question
  Warning: Link slug 'res-video-breathing' not in mapping, removing from question
Updated KLP 'klp-2-ventilation-breath' -> 95aa2639836e49a090c2e39fc4a78b4a
DEBUG: activating version 3cbc62de691f4738bb152c4756fa799f with url='http://135.225.105.160:8004/klps/versions/3cbc62de691f4738bb152c4756fa799f/status'
  ✓ Activated version: 3cbc62de691f4738bb152c4756fa799f
  → Recovered missing Language ID for KLP via mapping: cc8fdc7c2e2441738bc99a70bbc74796
  Warning: Link slug 'res-video-breathing' not in mapping, removing from question
Updated KLP 'klp-1-not-breathing-well' -> 501492c944dc4a1091a7cb6474a79f3c
DEBUG: activating version 260e5b857aa7476b8be0bf117569332d with url='http://135.225.105.160:8004/klps/versions/260e5b857aa7476b8be0bf117569332d/status'
  ✓ Activated version: 260e5b857aa7476b8be0bf117569332d
  → Recovered missing Language ID for KLP via mapping: cc8fdc7c2e2441738bc99a70bbc74796
  Warning: Link slug 'res-video-breathing' not in mapping, removing from question
Updated KLP 'klp-1-continue-ventilation-breaths' -> d113f2d7f94f4383b32ab6220b0f8a60
DEBUG: activating version eb090ca0b17f4844a2d5d17b1db4eba6 with url='http://135.225.105.160:8004/klps/versions/eb090ca0b17f4844a2d5d17b1db4eba6/status'
  ✓ Activated version: eb090ca0b17f4844a2d5d17b1db4eba6
  → Recovered missing Language ID for KLP via mapping: cc8fdc7c2e2441738bc99a70bbc74796
  Warning: Link slug 'res-video-breathing' not in mapping, removing from question
Updated KLP 'klp-1-most-important-ventilation-breaths' -> f66e74d7403d46fb9c5b12e2e1d55b5d
DEBUG: activating version bb66eae585b542f98ac4cd5d6b577ea5 with url='http://135.225.105.160:8004/klps/versions/bb66eae585b542f98ac4cd5d6b577ea5/status'
  ✓ Activated version: bb66eae585b542f98ac4cd5d6b577ea5
  → Recovered missing Language ID for KLP via mapping: cc8fdc7c2e2441738bc99a70bbc74796
  Warning: Link slug 'res-video-breathing' not in mapping, removing from question
Updated KLP 'klp-3-rhythm-ventilation-breaths' -> 0ba9f802b0c1437bb9d7eef81fd89c7a
DEBUG: activating version cb811b16a57142bf9e4a35d660626607 with url='http://135.225.105.160:8004/klps/versions/cb811b16a57142bf9e4a35d660626607/status'
  ✓ Activated version: cb811b16a57142bf9e4a35d660626607
  → Recovered missing Language ID for KLP via mapping: cc8fdc7c2e2441738bc99a70bbc74796
  Warning: Link slug 'res-video-breathing' not in mapping, removing from question
Updated KLP 'klp-3-good-ventilation' -> 8e36e5a17a874971aa9c7ecdb7896bfe
DEBUG: activating version 4d9361bbcd6843dcae52d160342656a6 with url='http://135.225.105.160:8004/klps/versions/4d9361bbcd6843dcae52d160342656a6/status'
  ✓ Activated version: 4d9361bbcd6843dcae52d160342656a6
  → Recovered missing Language ID for KLP via mapping: cc8fdc7c2e2441738bc99a70bbc74796
  Warning: Link slug 'res-video-breathing' not in mapping, removing from question
Updated KLP 'klp-3-breathing-assessment2' -> e8809bb779314c859e4e904c256c1483
DEBUG: activating version be5f47292a2d4c1d923f5fc747a325d6 with url='http://135.225.105.160:8004/klps/versions/be5f47292a2d4c1d923f5fc747a325d6/status'
  ✓ Activated version: be5f47292a2d4c1d923f5fc747a325d6
  → Recovered missing Language ID for KLP via mapping: cc8fdc7c2e2441738bc99a70bbc74796
  Warning: Link slug 'res-video-breathing' not in mapping, removing from question
Updated KLP 'klp-1-breathing-assessment1' -> 284990c2ed7844398af18a18fedcd31e
DEBUG: activating version 6f880a7774924d1785db0e4e778c7d0d with url='http://135.225.105.160:8004/klps/versions/6f880a7774924d1785db0e4e778c7d0d/status'
  ✓ Activated version: 6f880a7774924d1785db0e4e778c7d0d
  → Recovered missing Language ID for KLP via mapping: cc8fdc7c2e2441738bc99a70bbc74796
  Warning: Link slug 'res-video-breathing' not in mapping, removing from question
Updated KLP 'klp-1-breathing-assessment-continued' -> d6e625cbc91b4d0b815860e4affbc569
DEBUG: activating version bd60e7ee487943f0a816857db3f951f2 with url='http://135.225.105.160:8004/klps/versions/bd60e7ee487943f0a816857db3f951f2/status'
  ✓ Activated version: bd60e7ee487943f0a816857db3f951f2
  → Recovered missing Language ID for KLP via mapping: cc8fdc7c2e2441738bc99a70bbc74796
  Warning: Link slug 'res-video-monitoring' not in mapping, removing from question
Updated KLP 'klp-3-action-if-breathing-well' -> 14c608ed14d742ac9539838db29791d2
DEBUG: activating version 753e078cf3bf4067be11544a9e07b5e0 with url='http://135.225.105.160:8004/klps/versions/753e078cf3bf4067be11544a9e07b5e0/status'
  ✓ Activated version: 753e078cf3bf4067be11544a9e07b5e0
  → Recovered missing Language ID for KLP via mapping: cc8fdc7c2e2441738bc99a70bbc74796
  Warning: Link slug 'res-video-breathing' not in mapping, removing from question
Updated KLP 'klp-3-nr-give-oxygen' -> 33cb5c37c77c4c2cb5e1e7775bad2884
DEBUG: activating version 70e5f19d308c4f0e8b2890bfb116ece3 with url='http://135.225.105.160:8004/klps/versions/70e5f19d308c4f0e8b2890bfb116ece3/status'
  ✓ Activated version: 70e5f19d308c4f0e8b2890bfb116ece3
  → Recovered missing Language ID for KLP via mapping: cc8fdc7c2e2441738bc99a70bbc74796
  Warning: Link slug 'res-video-when-to-stop-resuscitation' not in mapping, removing from question
Updated KLP 'klp-2-when-to-stop' -> 82415cfd84b4482d8dc47bfe301a1239
DEBUG: activating version 1494b137c5034e6fabb19da0a9f10c05 with url='http://135.225.105.160:8004/klps/versions/1494b137c5034e6fabb19da0a9f10c05/status'
  ✓ Activated version: 1494b137c5034e6fabb19da0a9f10c05
  → Recovered missing Language ID for KLP via mapping: cc8fdc7c2e2441738bc99a70bbc74796
  Warning: Link slug 'res-video-when-to-stop-resuscitation' not in mapping, removing from question
Updated KLP 'klp-3-resuscitation-stop-next' -> 17c50805156541539dd6c8f42c33741c
DEBUG: activating version faeda894105841e481f21e372a9c3c38 with url='http://135.225.105.160:8004/klps/versions/faeda894105841e481f21e372a9c3c38/status'
  ✓ Activated version: faeda894105841e481f21e372a9c3c38
  → Recovered missing Language ID for KLP via mapping: cc8fdc7c2e2441738bc99a70bbc74796
  Warning: Link slug 'res-video-monitoring' not in mapping, removing from question
Updated KLP 'klp-1-skin-to-skin-and-breastfeeding' -> 8d43151e65a74bd98b96179299dcacda
DEBUG: activating version a9f49037c2d540d2af03c7d4719c99ec with url='http://135.225.105.160:8004/klps/versions/a9f49037c2d540d2af03c7d4719c99ec/status'
  ✓ Activated version: a9f49037c2d540d2af03c7d4719c99ec
  → Recovered missing Language ID for KLP via mapping: cc8fdc7c2e2441738bc99a70bbc74796
  Warning: Link slug 'res-video-monitoring' not in mapping, removing from question
Updated KLP 'klp-3-monitoring' -> dca1d492d9fd4eb28c525806b0dd1c2b
DEBUG: activating version b541e2820763442281b5228a272fe354 with url='http://135.225.105.160:8004/klps/versions/b541e2820763442281b5228a272fe354/status'
  ✓ Activated version: b541e2820763442281b5228a272fe354
  → Recovered missing Language ID for KLP via mapping: cc8fdc7c2e2441738bc99a70bbc74796
  Warning: Link slug 'res-video-monitoring' not in mapping, removing from question
Updated KLP 'klp-3-low-birth-weight-and-resuscitation' -> f885d5f3247e4017863af1095d8df84a
DEBUG: activating version b8ba426bb28d48de8a0decb12068f954 with url='http://135.225.105.160:8004/klps/versions/b8ba426bb28d48de8a0decb12068f954/status'
  ✓ Activated version: b8ba426bb28d48de8a0decb12068f954
  → Recovered missing Language ID for KLP via mapping: cc8fdc7c2e2441738bc99a70bbc74796
  Warning: Link slug 'res-video-monitoring' not in mapping, removing from question
Updated KLP 'klp-3-challenge-low-birth-weight' -> f1b8d7f991e940bc9b7e557c92bf04d0
DEBUG: activating version e1da821a7bd642079b6d4a209a0d76bb with url='http://135.225.105.160:8004/klps/versions/e1da821a7bd642079b6d4a209a0d76bb/status'
  ✓ Activated version: e1da821a7bd642079b6d4a209a0d76bb
  → Recovered missing Language ID for KLP via mapping: cc8fdc7c2e2441738bc99a70bbc74796
  Warning: Link slug 'res-video-airway' not in mapping, removing from question
Updated KLP 'klp-2-successful-inflation-breaths' -> 75172ac7067c4fb0a2569f90de1773f2
DEBUG: activating version 53a92c2c9a714c4092f233b47cf5107a with url='http://135.225.105.160:8004/klps/versions/53a92c2c9a714c4092f233b47cf5107a/status'
  ✓ Activated version: 53a92c2c9a714c4092f233b47cf5107a
  → Recovered missing Language ID for KLP via mapping: cc8fdc7c2e2441738bc99a70bbc74796
  Warning: Link slug 'res-video-intro' not in mapping, removing from question
  Warning: Link slug 'res-video-intro' not in mapping, removing from question
Updated KLP 'klp-1-common-causes-of-newborn-death' -> 677d1e5c055b4b429d14a8adb6ee5579
DEBUG: activating version 3943efd2996142318f15110ecc2a4c19 with url='http://135.225.105.160:8004/klps/versions/3943efd2996142318f15110ecc2a4c19/status'
  ✓ Activated version: 3943efd2996142318f15110ecc2a4c19
  → Recovered missing Language ID for KLP via mapping: cc8fdc7c2e2441738bc99a70bbc74796
  Warning: Link slug 'res-video-intro' not in mapping, removing from question
Updated KLP 'klp-2-death-in-first-week' -> 07e96b4647ec4964bae5738e93388f51
DEBUG: activating version 3472bb104eb7469f884ca9d53115b2b4 with url='http://135.225.105.160:8004/klps/versions/3472bb104eb7469f884ca9d53115b2b4/status'
  ✓ Activated version: 3472bb104eb7469f884ca9d53115b2b4
  → Recovered missing Language ID for KLP via mapping: cc8fdc7c2e2441738bc99a70bbc74796
  Warning: Link slug 'res-video-prevention' not in mapping, removing from question
Updated KLP 'klp-3-prevent-respiratory-distress-preterm' -> f12b624591df47558f415285d17d2591
DEBUG: activating version 50fb4991771f453782e3ef0d6e2c2944 with url='http://135.225.105.160:8004/klps/versions/50fb4991771f453782e3ef0d6e2c2944/status'
  ✓ Activated version: 50fb4991771f453782e3ef0d6e2c2944
  → Recovered missing Language ID for KLP via mapping: cc8fdc7c2e2441738bc99a70bbc74796
  Warning: Link slug 'res-video-prevention' not in mapping, removing from question
Updated KLP 'klp-2-risk-factors-infection-newborn' -> 58b08b1b3ee046e9b70537e8a477c08f
DEBUG: activating version 2032e9f3de834606b51cb085b3f4e458 with url='http://135.225.105.160:8004/klps/versions/2032e9f3de834606b51cb085b3f4e458/status'
  ✓ Activated version: 2032e9f3de834606b51cb085b3f4e458
  → Recovered missing Language ID for KLP via mapping: cc8fdc7c2e2441738bc99a70bbc74796
  Warning: Link slug 'res-video-prevention' not in mapping, removing from question
Updated KLP 'klp-1-prevent-newborn-infections' -> 53b264d64dad4f3ba4342b6abcd5b15f
DEBUG: activating version 7cb1a924d7864256a0a4030f4aaad6b3 with url='http://135.225.105.160:8004/klps/versions/7cb1a924d7864256a0a4030f4aaad6b3/status'
  ✓ Activated version: 7cb1a924d7864256a0a4030f4aaad6b3
  → Recovered missing Language ID for KLP via mapping: cc8fdc7c2e2441738bc99a70bbc74796
  Warning: Link slug 'res-video-prevention' not in mapping, removing from question
  Warning: Link slug 'res-video-prevention' not in mapping, removing from question
Updated KLP 'klp-3-ab-to-newborn' -> 6c84ee593f2145f2a3a537c4f081556a
DEBUG: activating version f546dc194f044b8c8fad7d337be3fb65 with url='http://135.225.105.160:8004/klps/versions/f546dc194f044b8c8fad7d337be3fb65/status'
  ✓ Activated version: f546dc194f044b8c8fad7d337be3fb65
  → Recovered missing Language ID for KLP via mapping: cc8fdc7c2e2441738bc99a70bbc74796
  Warning: Link slug 'res-video-prevention' not in mapping, removing from question
  Warning: Link slug 'res-video-prevention' not in mapping, removing from question
Updated KLP 'klp-2-risk-and-action-after-resuscitation' -> 770761ada7ff438da308dda6ad48d1d0
DEBUG: activating version 0d9516f6a51d4c06afd772dd8fbe07ef with url='http://135.225.105.160:8004/klps/versions/0d9516f6a51d4c06afd772dd8fbe07ef/status'
  ✓ Activated version: 0d9516f6a51d4c06afd772dd8fbe07ef
  → Recovered missing Language ID for KLP via mapping: cc8fdc7c2e2441738bc99a70bbc74796
  Warning: Link slug 'res-video-prevention' not in mapping, removing from question
Updated KLP 'klp-2-early-feeding' -> 84601ace76024d3594154ec24938f75b
DEBUG: activating version 5db429cd01d6464d9c9d516747f6f836 with url='http://135.225.105.160:8004/klps/versions/5db429cd01d6464d9c9d516747f6f836/status'
  ✓ Activated version: 5db429cd01d6464d9c9d516747f6f836
  → Recovered missing Language ID for KLP via mapping: cc8fdc7c2e2441738bc99a70bbc74796
  Warning: Link slug 'res-video-initial-care-of-the-newborn' not in mapping, removing from question
Updated KLP 'klp-2-initial-care-of-the-newborn' -> 35c1f2c4f7704eccadace4a799b17f1f
DEBUG: activating version 3fbb74cb530444fcb1c1980a37c8a3c9 with url='http://135.225.105.160:8004/klps/versions/3fbb74cb530444fcb1c1980a37c8a3c9/status'
  ✓ Activated version: 3fbb74cb530444fcb1c1980a37c8a3c9
  → Recovered missing Language ID for KLP via mapping: cc8fdc7c2e2441738bc99a70bbc74796
  Warning: Link slug 'res-video-initial-care-of-the-newborn' not in mapping, removing from question
Updated KLP 'klp-1-initial-care-of-the-newborn-actions' -> 9f2795315c334b15a5da33e575e9114f
DEBUG: activating version 649c5b85050f40c4b6df9e540e962dc1 with url='http://135.225.105.160:8004/klps/versions/649c5b85050f40c4b6df9e540e962dc1/status'
  ✓ Activated version: 649c5b85050f40c4b6df9e540e962dc1
  → Recovered missing Language ID for KLP via mapping: cc8fdc7c2e2441738bc99a70bbc74796
  Warning: Link slug 'res-video-initial-care-of-the-newborn' not in mapping, removing from question
Updated KLP 'klp-1-not-crying-or-breathing-well' -> 1d22b9549c8c4980946241d29283b71e
DEBUG: activating version b4991b8b30a0491f9c0a7656e6f4f59e with url='http://135.225.105.160:8004/klps/versions/b4991b8b30a0491f9c0a7656e6f4f59e/status'
  ✓ Activated version: b4991b8b30a0491f9c0a7656e6f4f59e
  → Recovered missing Language ID for KLP via mapping: cc8fdc7c2e2441738bc99a70bbc74796
  Warning: Link slug 'res-video-initial-care-of-the-newborn' not in mapping, removing from question
Updated KLP 'klp-3-initial-care-of-lbw' -> cad09b5c41ab45ec85b6cad3a292cbc1
DEBUG: activating version 4d4891d5b0a3469f9a3473839ac4ab9a with url='http://135.225.105.160:8004/klps/versions/4d4891d5b0a3469f9a3473839ac4ab9a/status'
  ✓ Activated version: 4d4891d5b0a3469f9a3473839ac4ab9a
  → Recovered missing Language ID for KLP via mapping: cc8fdc7c2e2441738bc99a70bbc74796
  Warning: Link slug 'res-action-card-pediatric-drugs-and-fluids' not in mapping, removing from question
Updated KLP 'klp-1-lbw-unable-to-suck-adequately' -> b562ca253e624851856e3ed4c88ef53b
DEBUG: activating version bf1dd83b87d2451eb2185f47c015182b with url='http://135.225.105.160:8004/klps/versions/bf1dd83b87d2451eb2185f47c015182b/status'
  ✓ Activated version: bf1dd83b87d2451eb2185f47c015182b
  → Recovered missing Language ID for KLP via mapping: cc8fdc7c2e2441738bc99a70bbc74796
  Warning: Link slug 'res-video-danger-signs' not in mapping, removing from question
  Warning: Link slug 'res-video-danger-signs' not in mapping, removing from question
Updated KLP 'klp-3-signs-of-illness' -> 1b4bf6429b0f4b1a9a93a740869fa339
DEBUG: activating version 0e26e1cb2ae348eca1647c86eaa6153b with url='http://135.225.105.160:8004/klps/versions/0e26e1cb2ae348eca1647c86eaa6153b/status'
  ✓ Activated version: 0e26e1cb2ae348eca1647c86eaa6153b
  → Recovered missing Language ID for KLP via mapping: cc8fdc7c2e2441738bc99a70bbc74796
  Warning: Link slug 'res-video-management-of-danger-signs' not in mapping, removing from question
  Warning: Link slug 'res-video-management-of-danger-signs' not in mapping, removing from question
Updated KLP 'klp-2-management-of-danger-signs' -> 17eb6a06bee347e98d0e55a0b5b88466
DEBUG: activating version 19a94866e5c94207a14e462ab1858ed4 with url='http://135.225.105.160:8004/klps/versions/19a94866e5c94207a14e462ab1858ed4/status'
  ✓ Activated version: 19a94866e5c94207a14e462ab1858ed4
  → Recovered missing Language ID for KLP via mapping: cc8fdc7c2e2441738bc99a70bbc74796
  Warning: Link slug 'res-video-danger-signs' not in mapping, removing from question
Updated KLP 'klp-2-danger-signs-airway' -> b17ada334b354075b30cbdcfda58de89
DEBUG: activating version 08b4ace4facf4637a34a10b772252b13 with url='http://135.225.105.160:8004/klps/versions/08b4ace4facf4637a34a10b772252b13/status'
  ✓ Activated version: 08b4ace4facf4637a34a10b772252b13
  → Recovered missing Language ID for KLP via mapping: cc8fdc7c2e2441738bc99a70bbc74796
  Warning: Link slug 'res-video-danger-signs' not in mapping, removing from question
  Warning: Link slug 'res-video-management-of-danger-signs' not in mapping, removing from question
Updated KLP 'klp-1-danger-signs-breathing' -> 900638cb1d684baa87aad6a5c1314792
DEBUG: activating version 6ba2fa19a61f49578e555db4045fd082 with url='http://135.225.105.160:8004/klps/versions/6ba2fa19a61f49578e555db4045fd082/status'
  ✓ Activated version: 6ba2fa19a61f49578e555db4045fd082
  → Recovered missing Language ID for KLP via mapping: cc8fdc7c2e2441738bc99a70bbc74796
  Warning: Link slug 'res-video-danger-signs' not in mapping, removing from question
Updated KLP 'klp-2-grunting' -> 106f6edc7b974f67bf2236d57659b647
DEBUG: activating version 0d9f78efb08041c9b6b3ab0055a823d3 with url='http://135.225.105.160:8004/klps/versions/0d9f78efb08041c9b6b3ab0055a823d3/status'
  ✓ Activated version: 0d9f78efb08041c9b6b3ab0055a823d3
  → Recovered missing Language ID for KLP via mapping: cc8fdc7c2e2441738bc99a70bbc74796
  Warning: Link slug 'res-video-danger-signs' not in mapping, removing from question
Updated KLP 'klp-3-apnoea' -> 888f4cbaf6a948a193fa9dcd10a2e66e
DEBUG: activating version 1b8df0a612e745e4b65aef5954157434 with url='http://135.225.105.160:8004/klps/versions/1b8df0a612e745e4b65aef5954157434/status'
  ✓ Activated version: 1b8df0a612e745e4b65aef5954157434
  → Recovered missing Language ID for KLP via mapping: cc8fdc7c2e2441738bc99a70bbc74796
  Warning: Link slug 'res-video-danger-signs' not in mapping, removing from question
  Warning: Link slug 'res-video-danger-signs' not in mapping, removing from question
Updated KLP 'klp-1-shock' -> 81b363de0f904a50a2da4e30e79cd9d0
DEBUG: activating version eda450c0c0bc4047b512e25029d7f2d7 with url='http://135.225.105.160:8004/klps/versions/eda450c0c0bc4047b512e25029d7f2d7/status'
  ✓ Activated version: eda450c0c0bc4047b512e25029d7f2d7
  → Recovered missing Language ID for KLP via mapping: cc8fdc7c2e2441738bc99a70bbc74796
  Warning: Link slug 'res-video-danger-signs' not in mapping, removing from question
  Warning: Link slug 'res-video-danger-signs' not in mapping, removing from question
Updated KLP 'klp-1-disability' -> 6964732a02704ae08ac9fdd8205a3ef0
DEBUG: activating version c3288ea578204fdaa4652a575318dfb8 with url='http://135.225.105.160:8004/klps/versions/c3288ea578204fdaa4652a575318dfb8/status'
  ✓ Activated version: c3288ea578204fdaa4652a575318dfb8
  → Recovered missing Language ID for KLP via mapping: cc8fdc7c2e2441738bc99a70bbc74796
  Warning: Link slug 'res-video-danger-signs' not in mapping, removing from question
Updated KLP 'klp-1-danger-signs-exposure' -> adbd870d30c84a3a9ec9fe412dc9811b
DEBUG: activating version c719337671354b8db28d3d4182f3ae6c with url='http://135.225.105.160:8004/klps/versions/c719337671354b8db28d3d4182f3ae6c/status'
  ✓ Activated version: c719337671354b8db28d3d4182f3ae6c
  → Recovered missing Language ID for KLP via mapping: cc8fdc7c2e2441738bc99a70bbc74796
  Warning: Link slug 'res-video-danger-signs' not in mapping, removing from question
Updated KLP 'klp-3-jaundice' -> 90fbac1e72cf48678f5124def3adc8ae
DEBUG: activating version c4d8c5aefb894b868147fb6ffe0d25ca with url='http://135.225.105.160:8004/klps/versions/c4d8c5aefb894b868147fb6ffe0d25ca/status'
  ✓ Activated version: c4d8c5aefb894b868147fb6ffe0d25ca
  → Recovered missing Language ID for KLP via mapping: cc8fdc7c2e2441738bc99a70bbc74796
  Warning: Link slug 'res-video-management-of-danger-signs' not in mapping, removing from question
  Warning: Link slug 'res-video-management-of-danger-signs' not in mapping, removing from question
Updated KLP 'klp-3-management-case' -> bd861615a05845e18b456ff0801127f5
DEBUG: activating version 9e4f511c282645f1a673bafc89d4fcab with url='http://135.225.105.160:8004/klps/versions/9e4f511c282645f1a673bafc89d4fcab/status'
  ✓ Activated version: 9e4f511c282645f1a673bafc89d4fcab
  → Recovered missing Language ID for KLP via mapping: cc8fdc7c2e2441738bc99a70bbc74796
  Warning: Link slug 'res-video-management-of-danger-signs' not in mapping, removing from question
Updated KLP 'klp-1-obstructed-airways' -> 01034a84af994a8ab048b540ff2bb32a
DEBUG: activating version 728284a6fafd44f2a525767b0b2b5d5c with url='http://135.225.105.160:8004/klps/versions/728284a6fafd44f2a525767b0b2b5d5c/status'
  ✓ Activated version: 728284a6fafd44f2a525767b0b2b5d5c
  → Recovered missing Language ID for KLP via mapping: cc8fdc7c2e2441738bc99a70bbc74796
  Warning: Link slug 'res-video-management-of-danger-signs' not in mapping, removing from question
Updated KLP 'klp-3-management-breathing' -> 19725ee6c942434190f0687059b0fb01
DEBUG: activating version 4989317773b844cd97ff99aecccff931 with url='http://135.225.105.160:8004/klps/versions/4989317773b844cd97ff99aecccff931/status'
  ✓ Activated version: 4989317773b844cd97ff99aecccff931
  → Recovered missing Language ID for KLP via mapping: cc8fdc7c2e2441738bc99a70bbc74796
  Warning: Link slug 'res-video-management-of-danger-signs' not in mapping, removing from question
  Warning: Link slug 'res-video-management-of-danger-signs' not in mapping, removing from question
Updated KLP 'klp-2-management-drowsy-and-unconscious' -> ab202640db044d78bf1d97b47288beba
DEBUG: activating version 86338b87a7284ea8a3335c6c04ae6a5e with url='http://135.225.105.160:8004/klps/versions/86338b87a7284ea8a3335c6c04ae6a5e/status'
  ✓ Activated version: 86338b87a7284ea8a3335c6c04ae6a5e
  → Recovered missing Language ID for KLP via mapping: cc8fdc7c2e2441738bc99a70bbc74796
  Warning: Link slug 'res-video-management-of-danger-signs' not in mapping, removing from question
  Warning: Link slug 'res-video-management-of-danger-signs' not in mapping, removing from question
Updated KLP 'klp-2-convulsions' -> b7075d9bc87c4ac681254efef43f15c1
DEBUG: activating version 10119c98d4aa49bbb251b030c47bde14 with url='http://135.225.105.160:8004/klps/versions/10119c98d4aa49bbb251b030c47bde14/status'
  ✓ Activated version: 10119c98d4aa49bbb251b030c47bde14
  → Recovered missing Language ID for KLP via mapping: cc8fdc7c2e2441738bc99a70bbc74796
Updated KLP 'klp-3-management-of-danger-signs' -> dcb667c8ec9247b3a9ecae855f32a9f9
DEBUG: activating version a8fac5d860b140498a78ea1ea14a9d50 with url='http://135.225.105.160:8004/klps/versions/a8fac5d860b140498a78ea1ea14a9d50/status'
  ✓ Activated version: a8fac5d860b140498a78ea1ea14a9d50
  → Recovered missing Language ID for KLP via mapping: cc8fdc7c2e2441738bc99a70bbc74796
  Warning: Link slug 'res-video-management-of-danger-signs' not in mapping, removing from question
Updated KLP 'klp-2-management-jaundice' -> 68982d61516945f3aaf56f0f2cac2db9
DEBUG: activating version 0811dec353d74c71bf88c35f59085ae6 with url='http://135.225.105.160:8004/klps/versions/0811dec353d74c71bf88c35f59085ae6/status'
  ✓ Activated version: 0811dec353d74c71bf88c35f59085ae6
  → Recovered missing Language ID for KLP via mapping: cc8fdc7c2e2441738bc99a70bbc74796
  Warning: Link slug 'res-video-management-of-danger-signs' not in mapping, removing from question
Updated KLP 'klp-3-management-kangaroo-motherhood-care' -> 88d4fde7bf3a4bda9bee2b75e0a79615
DEBUG: activating version 54b452a378c84c889c754b618fa18fab with url='http://135.225.105.160:8004/klps/versions/54b452a378c84c889c754b618fa18fab/status'
  ✓ Activated version: 54b452a378c84c889c754b618fa18fab
  → Recovered missing Language ID for KLP via mapping: cc8fdc7c2e2441738bc99a70bbc74796
  Warning: Link slug 'res-video-initial-care-of-the-newborn' not in mapping, removing from question
Updated KLP 'klp-1-kangaroo-care' -> b6635edf3a5c4bd7843ea845055186f5
DEBUG: activating version 721bccbdaf4a42b8a30afd148443b52f with url='http://135.225.105.160:8004/klps/versions/721bccbdaf4a42b8a30afd148443b52f/status'
  ✓ Activated version: 721bccbdaf4a42b8a30afd148443b52f
  → Recovered missing Language ID for KLP via mapping: cc8fdc7c2e2441738bc99a70bbc74796
  Warning: Link slug 'res-video-management-of-danger-signs' not in mapping, removing from question
  Warning: Link slug 'res-video-management-of-danger-signs' not in mapping, removing from question
Updated KLP 'klp-3-management-infections' -> 0ac8bad063d742a49efb8f50d130dad0
DEBUG: activating version afe2d2b8c5b14f0ca801e1ddf32b3e22 with url='http://135.225.105.160:8004/klps/versions/afe2d2b8c5b14f0ca801e1ddf32b3e22/status'
  ✓ Activated version: afe2d2b8c5b14f0ca801e1ddf32b3e22
  → Recovered missing Language ID for KLP via mapping: cc8fdc7c2e2441738bc99a70bbc74796
  Warning: Link slug 'res-video-management-of-danger-signs' not in mapping, removing from question
Updated KLP 'klp-2-risk-of-low-blood-sugar' -> 19c636506f3243c987ef4f3a5648a2d6
DEBUG: activating version 65dec36446dd4a028c2b18ebc0acef08 with url='http://135.225.105.160:8004/klps/versions/65dec36446dd4a028c2b18ebc0acef08/status'
  ✓ Activated version: 65dec36446dd4a028c2b18ebc0acef08
  → Recovered missing Language ID for KLP via mapping: cc8fdc7c2e2441738bc99a70bbc74796
  Warning: Link slug 'res-video-management-of-danger-signs' not in mapping, removing from question
Updated KLP 'klp-3-newborn-cannot-suck' -> 773fb8bdb93d4327a3dde2fe9a0a43b1
DEBUG: activating version fa4a2e7ceab547f1a94d8b0276fc1055 with url='http://135.225.105.160:8004/klps/versions/fa4a2e7ceab547f1a94d8b0276fc1055/status'
  ✓ Activated version: fa4a2e7ceab547f1a94d8b0276fc1055
  → Recovered missing Language ID for KLP via mapping: cc8fdc7c2e2441738bc99a70bbc74796
  Warning: Link slug 'res-video-management-of-danger-signs' not in mapping, removing from question
Updated KLP 'klp-1-rural-facility-newborn-danger-signs' -> 9e64b72b82954506a1573c94540d0440
DEBUG: activating version 4133be422ddf4588a7e20016cb2ec156 with url='http://135.225.105.160:8004/klps/versions/4133be422ddf4588a7e20016cb2ec156/status'
  ✓ Activated version: 4133be422ddf4588a7e20016cb2ec156
  → Recovered missing Language ID for KLP via mapping: cc8fdc7c2e2441738bc99a70bbc74796
  Warning: Link slug 'res-video-how-to-diagnose' not in mapping, removing from question
Updated KLP 'klp-1-complication-to-unsafe-abortion' -> 7c19aa77c2e945bb99dd94aca52b5077
DEBUG: activating version e0083fc772c846b2b7659dc06c80e943 with url='http://135.225.105.160:8004/klps/versions/e0083fc772c846b2b7659dc06c80e943/status'
  ✓ Activated version: e0083fc772c846b2b7659dc06c80e943
  → Recovered missing Language ID for KLP via mapping: cc8fdc7c2e2441738bc99a70bbc74796
  Warning: Link slug 'res-video-how-to-diagnose' not in mapping, removing from question
Updated KLP 'klp-1-urine-test' -> c49cde8087384980a6ef54343052e1dc
DEBUG: activating version 99924c9df51748ac9151047d1c8155ca with url='http://135.225.105.160:8004/klps/versions/99924c9df51748ac9151047d1c8155ca/status'
  ✓ Activated version: 99924c9df51748ac9151047d1c8155ca
  → Recovered missing Language ID for KLP via mapping: cc8fdc7c2e2441738bc99a70bbc74796
  Warning: Link slug 'res-video-how-to-diagnose' not in mapping, removing from question
Updated KLP 'klp-2-complication-to-abortion' -> 690a754d6396436d93c3990ad59315d3
DEBUG: activating version bdd30e1afca44a609020084721fa064e with url='http://135.225.105.160:8004/klps/versions/bdd30e1afca44a609020084721fa064e/status'
  ✓ Activated version: bdd30e1afca44a609020084721fa064e
  → Recovered missing Language ID for KLP via mapping: cc8fdc7c2e2441738bc99a70bbc74796
  Warning: Link slug 'res-video-how-to-diagnose' not in mapping, removing from question
Updated KLP 'klp-1-fever-and-septic-abortion' -> bb11925488474d158b5fc04dae6a5fc9
DEBUG: activating version cabf82f7b6cb4ceba282492b9cc3231a with url='http://135.225.105.160:8004/klps/versions/cabf82f7b6cb4ceba282492b9cc3231a/status'
  ✓ Activated version: cabf82f7b6cb4ceba282492b9cc3231a
  → Recovered missing Language ID for KLP via mapping: cc8fdc7c2e2441738bc99a70bbc74796
  Warning: Link slug 'res-video-how-to-diagnose' not in mapping, removing from question
Updated KLP 'klp-2-what-to-measure' -> 9c26301c8351403a9bf113f75577ca83
DEBUG: activating version 2d45ba5e12f94468a70bef44e96dca07 with url='http://135.225.105.160:8004/klps/versions/2d45ba5e12f94468a70bef44e96dca07/status'
  ✓ Activated version: 2d45ba5e12f94468a70bef44e96dca07
  → Recovered missing Language ID for KLP via mapping: cc8fdc7c2e2441738bc99a70bbc74796
  Warning: Link slug 'res-video-how-to-diagnose' not in mapping, removing from question
Updated KLP 'klp-1-signs-of-septic-abortion' -> 161f45a620bd4bb0aaf6c722dc87c101
DEBUG: activating version 2a83d9e178234b3ca6423a97e893d2e3 with url='http://135.225.105.160:8004/klps/versions/2a83d9e178234b3ca6423a97e893d2e3/status'
  ✓ Activated version: 2a83d9e178234b3ca6423a97e893d2e3
  → Recovered missing Language ID for KLP via mapping: cc8fdc7c2e2441738bc99a70bbc74796
  Warning: Link slug 'res-video-how-to-diagnose' not in mapping, removing from question
Updated KLP 'klp-3-suspect-lower-abdominal-tenderness' -> cf9d57a3b074463bb70bb7a1c2aa5ea9
DEBUG: activating version e5ed2b13da074c73b654df284982d988 with url='http://135.225.105.160:8004/klps/versions/e5ed2b13da074c73b654df284982d988/status'
  ✓ Activated version: e5ed2b13da074c73b654df284982d988
  → Recovered missing Language ID for KLP via mapping: cc8fdc7c2e2441738bc99a70bbc74796
  Warning: Link slug 'res-video-how-to-manage' not in mapping, removing from question
Updated KLP 'klp-1-septic-abortion-can-be-fatal' -> 8bc69efe018243b5b381ad8acfefcebc
DEBUG: activating version 0134966796b04b35ba4b01deb5550b65 with url='http://135.225.105.160:8004/klps/versions/0134966796b04b35ba4b01deb5550b65/status'
  ✓ Activated version: 0134966796b04b35ba4b01deb5550b65
  → Recovered missing Language ID for KLP via mapping: cc8fdc7c2e2441738bc99a70bbc74796
  Warning: Link slug 'res-video-how-to-manage' not in mapping, removing from question
Updated KLP 'klp-2-most-important-action-at-septic-abortion' -> f9010a24564d45cfa31573a44ff4bf51
DEBUG: activating version a48e3b107d4e4f8bb558e48017a4a4ce with url='http://135.225.105.160:8004/klps/versions/a48e3b107d4e4f8bb558e48017a4a4ce/status'
  ✓ Activated version: a48e3b107d4e4f8bb558e48017a4a4ce
  → Recovered missing Language ID for KLP via mapping: cc8fdc7c2e2441738bc99a70bbc74796
  Warning: Link slug 'res-video-how-to-manage' not in mapping, removing from question
  Warning: Link slug 'res-video-how-to-manage' not in mapping, removing from question
  Warning: Link slug 'res-video-how-to-manage' not in mapping, removing from question
Updated KLP 'klp-1-action-at-septic-abortion' -> d6fec6645c1c499aa1d765bb2a3cd2e1
DEBUG: activating version f4cda8e17857485b91d46c52ad56bf25 with url='http://135.225.105.160:8004/klps/versions/f4cda8e17857485b91d46c52ad56bf25/status'
  ✓ Activated version: f4cda8e17857485b91d46c52ad56bf25
  → Recovered missing Language ID for KLP via mapping: cc8fdc7c2e2441738bc99a70bbc74796
  Warning: Link slug 'res-video-how-to-manage' not in mapping, removing from question
Updated KLP 'klp-3-ab-and-evacuation-of-the-uterus' -> 4bf3aadd822d463a8ce09f3f09cd82a6
DEBUG: activating version b66813dce1004f70b5d08d6980bd15c1 with url='http://135.225.105.160:8004/klps/versions/b66813dce1004f70b5d08d6980bd15c1/status'
  ✓ Activated version: b66813dce1004f70b5d08d6980bd15c1
  → Recovered missing Language ID for KLP via mapping: cc8fdc7c2e2441738bc99a70bbc74796
  Warning: Link slug 'res-video-how-to-manage' not in mapping, removing from question
Updated KLP 'klp-3-which-ab-to-give' -> f58b9f05183b41beb1b62bb3ba2ddfa0
DEBUG: activating version 21fcb0dda93a42e1a7fdde5a6d279b58 with url='http://135.225.105.160:8004/klps/versions/21fcb0dda93a42e1a7fdde5a6d279b58/status'
  ✓ Activated version: 21fcb0dda93a42e1a7fdde5a6d279b58
  → Recovered missing Language ID for KLP via mapping: cc8fdc7c2e2441738bc99a70bbc74796
  Warning: Link slug 'res-video-how-to-manage' not in mapping, removing from question
Updated KLP 'klp-1-urgent-management' -> 0607e9ff22bf47ab977f135d0970d96e
DEBUG: activating version b16636cbca414751997f7763550d8612 with url='http://135.225.105.160:8004/klps/versions/b16636cbca414751997f7763550d8612/status'
  ✓ Activated version: b16636cbca414751997f7763550d8612
  → Recovered missing Language ID for KLP via mapping: cc8fdc7c2e2441738bc99a70bbc74796
  Warning: Link slug 'res-video-how-to-manage' not in mapping, removing from question
Updated KLP 'klp-3-correct-order-of-actions' -> f5ee03d73754402580f9f2670d720c9c
DEBUG: activating version 2857b7d174234f9b8b3d9103df56382f with url='http://135.225.105.160:8004/klps/versions/2857b7d174234f9b8b3d9103df56382f/status'
  ✓ Activated version: 2857b7d174234f9b8b3d9103df56382f
  → Recovered missing Language ID for KLP via mapping: cc8fdc7c2e2441738bc99a70bbc74796
  Warning: Link slug 'res-video-how-to-manage' not in mapping, removing from question
Updated KLP 'klp-1-peritonitis' -> 2638154dcba2469584be2610369f39a0
DEBUG: activating version 3455966570274f78ba78d8939e072c8d with url='http://135.225.105.160:8004/klps/versions/3455966570274f78ba78d8939e072c8d/status'
  ✓ Activated version: 3455966570274f78ba78d8939e072c8d
  → Recovered missing Language ID for KLP via mapping: cc8fdc7c2e2441738bc99a70bbc74796
  Warning: Link slug 'res-video-evacuation-of-the-uterus' not in mapping, removing from question
Updated KLP 'klp-1-evacuation-of-the-uterus' -> 02e2e4d9d62547ecae9d786385b3a053
DEBUG: activating version c9bea372a96e4a8295c9fbf647c5eb72 with url='http://135.225.105.160:8004/klps/versions/c9bea372a96e4a8295c9fbf647c5eb72/status'
  ✓ Activated version: c9bea372a96e4a8295c9fbf647c5eb72
  → Recovered missing Language ID for KLP via mapping: cc8fdc7c2e2441738bc99a70bbc74796
  Warning: Link slug 'res-video-evacuation-of-the-uterus' not in mapping, removing from question
Updated KLP 'klp-3-manual-vacuum-aspiration' -> 972e5269db37499baeaa36616aca518e
DEBUG: activating version 51f81d304c7d47d6bb9d4736efde74ad with url='http://135.225.105.160:8004/klps/versions/51f81d304c7d47d6bb9d4736efde74ad/status'
  ✓ Activated version: 51f81d304c7d47d6bb9d4736efde74ad
  → Recovered missing Language ID for KLP via mapping: cc8fdc7c2e2441738bc99a70bbc74796
  Warning: Link slug 'res-video-evacuation-of-the-uterus' not in mapping, removing from question
Updated KLP 'klp-3-uterus-size-in-week-12' -> cdf24dc0581942559137333634515a78
DEBUG: activating version 7177a35ec33841cd8b64542709b01089 with url='http://135.225.105.160:8004/klps/versions/7177a35ec33841cd8b64542709b01089/status'
  ✓ Activated version: 7177a35ec33841cd8b64542709b01089
  → Recovered missing Language ID for KLP via mapping: cc8fdc7c2e2441738bc99a70bbc74796
  Warning: Link slug 'res-video-manual-vacuum-aspiration' not in mapping, removing from question
Updated KLP 'klp-3-preparation-for-mva' -> c34adc5a7bd04890b0b8a3613b6eebda
DEBUG: activating version 5df06d6f6e764fd8b40aa0929664cdea with url='http://135.225.105.160:8004/klps/versions/5df06d6f6e764fd8b40aa0929664cdea/status'
  ✓ Activated version: 5df06d6f6e764fd8b40aa0929664cdea
  → Recovered missing Language ID for KLP via mapping: cc8fdc7c2e2441738bc99a70bbc74796
  Warning: Link slug 'res-video-manual-vacuum-aspiration' not in mapping, removing from question
Updated KLP 'klp-3-analgesic-for-mva' -> 2684243ce6c44facb876d709140de6f6
DEBUG: activating version 75745ed8aace445e81bb7b7ace373d97 with url='http://135.225.105.160:8004/klps/versions/75745ed8aace445e81bb7b7ace373d97/status'
  ✓ Activated version: 75745ed8aace445e81bb7b7ace373d97
  → Recovered missing Language ID for KLP via mapping: cc8fdc7c2e2441738bc99a70bbc74796
  Warning: Link slug 'res-video-manual-vacuum-aspiration' not in mapping, removing from question
Updated KLP 'klp-3-valves-closed' -> 1ccbff4b73b04a438b142a21505455bf
DEBUG: activating version 42eeb105539a4e2598e2337e7e45c3ee with url='http://135.225.105.160:8004/klps/versions/42eeb105539a4e2598e2337e7e45c3ee/status'
  ✓ Activated version: 42eeb105539a4e2598e2337e7e45c3ee
  → Recovered missing Language ID for KLP via mapping: cc8fdc7c2e2441738bc99a70bbc74796
  Warning: Link slug 'res-video-manual-vacuum-aspiration' not in mapping, removing from question
Updated KLP 'klp-2-vacuum-to-mva-syringe' -> 55f0acf17b1846ab90279c7df6c03238
DEBUG: activating version 445d0ec37215432b8c8f713c301079a2 with url='http://135.225.105.160:8004/klps/versions/445d0ec37215432b8c8f713c301079a2/status'
  ✓ Activated version: 445d0ec37215432b8c8f713c301079a2
  → Recovered missing Language ID for KLP via mapping: cc8fdc7c2e2441738bc99a70bbc74796
  Warning: Link slug 'res-video-manual-vacuum-aspiration' not in mapping, removing from question
Updated KLP 'klp-2-tenaculum' -> 066f079897c1498dba2cdcc3b74c4b77
DEBUG: activating version 6b0cbe9f8a5f482ca25f86d0f451e5f8 with url='http://135.225.105.160:8004/klps/versions/6b0cbe9f8a5f482ca25f86d0f451e5f8/status'
  ✓ Activated version: 6b0cbe9f8a5f482ca25f86d0f451e5f8
  → Recovered missing Language ID for KLP via mapping: cc8fdc7c2e2441738bc99a70bbc74796
  Warning: Link slug 'res-video-manual-vacuum-aspiration' not in mapping, removing from question
Updated KLP 'klp-2-dilate-the-cervix' -> 5f38a8bb180e456f97c2573250d78c04
DEBUG: activating version 2fbfbd9b648646d0887cda93b5beb758 with url='http://135.225.105.160:8004/klps/versions/2fbfbd9b648646d0887cda93b5beb758/status'
  ✓ Activated version: 2fbfbd9b648646d0887cda93b5beb758
  → Recovered missing Language ID for KLP via mapping: cc8fdc7c2e2441738bc99a70bbc74796
  Warning: Link slug 'res-video-manual-vacuum-aspiration' not in mapping, removing from question
  Warning: Link slug 'res-video-manual-vacuum-aspiration' not in mapping, removing from question
Updated KLP 'klp-2-no-touch-technique' -> 0f5d3e8fda6546ee918dce038a30eef6
DEBUG: activating version 4b9b3655208a4825a19780ad0383a3f5 with url='http://135.225.105.160:8004/klps/versions/4b9b3655208a4825a19780ad0383a3f5/status'
  ✓ Activated version: 4b9b3655208a4825a19780ad0383a3f5
  → Recovered missing Language ID for KLP via mapping: cc8fdc7c2e2441738bc99a70bbc74796
  Warning: Link slug 'res-video-manual-vacuum-aspiration' not in mapping, removing from question
Updated KLP 'klp-3-size-of-cannula-for-mva' -> cdcb77416b5a4b1fac6683c999f6d0e5
DEBUG: activating version 3a80ce150a6f45ce8e341fb4027a84d1 with url='http://135.225.105.160:8004/klps/versions/3a80ce150a6f45ce8e341fb4027a84d1/status'
  ✓ Activated version: 3a80ce150a6f45ce8e341fb4027a84d1
  → Recovered missing Language ID for KLP via mapping: cc8fdc7c2e2441738bc99a70bbc74796
  Warning: Link slug 'res-video-manual-vacuum-aspiration' not in mapping, removing from question
Updated KLP 'klp-2-insert-of-the-cannula' -> d4b8ec4898094c8d8fc4853f5052ff64
DEBUG: activating version d803eee59afc4bc6b2774098157d461e with url='http://135.225.105.160:8004/klps/versions/d803eee59afc4bc6b2774098157d461e/status'
  ✓ Activated version: d803eee59afc4bc6b2774098157d461e
  → Recovered missing Language ID for KLP via mapping: cc8fdc7c2e2441738bc99a70bbc74796
  Warning: Link slug 'res-video-manual-vacuum-aspiration' not in mapping, removing from question
Updated KLP 'klp-2-attachment-of-the-syringe' -> 5b33296ab1b748a48b3e70766b6faa74
DEBUG: activating version 2f816d8ae6e54a4a93277c81c30295ba with url='http://135.225.105.160:8004/klps/versions/2f816d8ae6e54a4a93277c81c30295ba/status'
  ✓ Activated version: 2f816d8ae6e54a4a93277c81c30295ba
  → Recovered missing Language ID for KLP via mapping: cc8fdc7c2e2441738bc99a70bbc74796
  Warning: Link slug 'res-video-manual-vacuum-aspiration' not in mapping, removing from question
Updated KLP 'klp-2-rotate-and-move-cannula-back-and-forth' -> d9a0f59017e047beb55aa70283370dc5
DEBUG: activating version 7e39ed70f21a427b8e2f7f57e9744d8d with url='http://135.225.105.160:8004/klps/versions/7e39ed70f21a427b8e2f7f57e9744d8d/status'
  ✓ Activated version: 7e39ed70f21a427b8e2f7f57e9744d8d
  → Recovered missing Language ID for KLP via mapping: cc8fdc7c2e2441738bc99a70bbc74796
  Warning: Link slug 'res-video-manual-vacuum-aspiration' not in mapping, removing from question
Updated KLP 'klp-1-end-of-suctioning' -> 6ac0e07cdf4742e085de365e41f4815c
DEBUG: activating version 9f560302b94d4f599f731ff5ef67a36f with url='http://135.225.105.160:8004/klps/versions/9f560302b94d4f599f731ff5ef67a36f/status'
  ✓ Activated version: 9f560302b94d4f599f731ff5ef67a36f
  → Recovered missing Language ID for KLP via mapping: cc8fdc7c2e2441738bc99a70bbc74796
  Warning: Link slug 'res-video-manual-vacuum-aspiration' not in mapping, removing from question
Updated KLP 'klp-2-use-the-cannula-again' -> c103677df06e428599c133b50e100faa
DEBUG: activating version edb0c7cbfd034cd395c3c2768b5d6fa3 with url='http://135.225.105.160:8004/klps/versions/edb0c7cbfd034cd395c3c2768b5d6fa3/status'
  ✓ Activated version: edb0c7cbfd034cd395c3c2768b5d6fa3
  → Recovered missing Language ID for KLP via mapping: cc8fdc7c2e2441738bc99a70bbc74796
  Warning: Link slug 'res-video-manual-vacuum-aspiration' not in mapping, removing from question
Updated KLP 'klp-3-ab-after-mva' -> ea9d087e75a34b6ba9595d2b7ec920f1
DEBUG: activating version e79c219a2a76424792582f4fa19b2f91 with url='http://135.225.105.160:8004/klps/versions/e79c219a2a76424792582f4fa19b2f91/status'
  ✓ Activated version: e79c219a2a76424792582f4fa19b2f91
  → Recovered missing Language ID for KLP via mapping: cc8fdc7c2e2441738bc99a70bbc74796
  Warning: Link slug 'res-video-manual-vacuum-aspiration' not in mapping, removing from question
Updated KLP 'klp-3-counselling' -> 3ab6617c00e94eb5a694758747ac59c1
DEBUG: activating version c6a0b8f6068b4d3dae0e274c5ffdc2d0 with url='http://135.225.105.160:8004/klps/versions/c6a0b8f6068b4d3dae0e274c5ffdc2d0/status'
  ✓ Activated version: c6a0b8f6068b4d3dae0e274c5ffdc2d0
  → Recovered missing Language ID for KLP via mapping: cc8fdc7c2e2441738bc99a70bbc74796
  Warning: Link slug 'res-video-manual-vacuum-aspiration' not in mapping, removing from question
  Warning: Link slug 'res-video-manual-vacuum-aspiration' not in mapping, removing from question
Updated KLP 'klp-1-advise-before-dismission' -> e1863ba03d8d445eac2e87fde6e7949a
DEBUG: activating version 206fa344c2a344db972b6b165f909768 with url='http://135.225.105.160:8004/klps/versions/206fa344c2a344db972b6b165f909768/status'
  ✓ Activated version: 206fa344c2a344db972b6b165f909768
  → Recovered missing Language ID for KLP via mapping: cc8fdc7c2e2441738bc99a70bbc74796
  Warning: Link slug 'res-video-intro' not in mapping, removing from question
Updated KLP 'klp-2-unsafe-abortion-globally' -> a2de9749d57a4ce58a47bd54f0ff7f36
DEBUG: activating version b204def818874fcb8695420022d93019 with url='http://135.225.105.160:8004/klps/versions/b204def818874fcb8695420022d93019/status'
  ✓ Activated version: b204def818874fcb8695420022d93019
  → Recovered missing Language ID for KLP via mapping: cc8fdc7c2e2441738bc99a70bbc74796
  Warning: Link slug 'res-video-intro' not in mapping, removing from question
Updated KLP 'klp-1-septic-abortion' -> 023c3a72e8f94bdb90d943cc44a70d7b
DEBUG: activating version eca4fef5349244b0b29b27c0c29b02b1 with url='http://135.225.105.160:8004/klps/versions/eca4fef5349244b0b29b27c0c29b02b1/status'
  ✓ Activated version: eca4fef5349244b0b29b27c0c29b02b1
  → Recovered missing Language ID for KLP via mapping: cc8fdc7c2e2441738bc99a70bbc74796
  Warning: Link slug 'res-video-intro' not in mapping, removing from question
Updated KLP 'klp-1-maternal-death' -> 4779980f98ec47cda0e1baaed5e3d1e9
DEBUG: activating version d7f8803e2e044edab5693a45c7fb5ccc with url='http://135.225.105.160:8004/klps/versions/d7f8803e2e044edab5693a45c7fb5ccc/status'
  ✓ Activated version: d7f8803e2e044edab5693a45c7fb5ccc
  → Recovered missing Language ID for KLP via mapping: cc8fdc7c2e2441738bc99a70bbc74796
  Warning: Link slug 'res-video-intro' not in mapping, removing from question
Updated KLP 'klp-1-loss-of-tone' -> bc5bffc0d12b4ea9a76ca7385c01cb49
DEBUG: activating version 98a639792ba04c309c8e0e5fb1e9a196 with url='http://135.225.105.160:8004/klps/versions/98a639792ba04c309c8e0e5fb1e9a196/status'
  ✓ Activated version: 98a639792ba04c309c8e0e5fb1e9a196
  → Recovered missing Language ID for KLP via mapping: cc8fdc7c2e2441738bc99a70bbc74796
  Warning: Link slug 'res-video-intro' not in mapping, removing from question
Updated KLP 'klp-1-call-for-help-then-stop-the-bleeding' -> ab445b16472747cea664a9b74c862cf6
DEBUG: activating version 412ad22340ac4288bee33d908086c640 with url='http://135.225.105.160:8004/klps/versions/412ad22340ac4288bee33d908086c640/status'
  ✓ Activated version: 412ad22340ac4288bee33d908086c640
  → Recovered missing Language ID for KLP via mapping: cc8fdc7c2e2441738bc99a70bbc74796
  Warning: Link slug 'res-video-intro' not in mapping, removing from question
Updated KLP 'klp-1-symptoms-for-pph' -> f41513bfa1174a2e8a4405cae2a2f6ef
DEBUG: activating version 823622bf1a0c4ff4bb33e777bb6ff3fa with url='http://135.225.105.160:8004/klps/versions/823622bf1a0c4ff4bb33e777bb6ff3fa/status'
  ✓ Activated version: 823622bf1a0c4ff4bb33e777bb6ff3fa
  → Recovered missing Language ID for KLP via mapping: cc8fdc7c2e2441738bc99a70bbc74796
  Warning: Link slug 'res-video-intro' not in mapping, removing from question
Updated KLP 'klp-1-occult-bleeding' -> 1ad2115fb74c475a8bdbd4d0105da39f
DEBUG: activating version 09fcde455f1d4e519e22a64e5cc311b0 with url='http://135.225.105.160:8004/klps/versions/09fcde455f1d4e519e22a64e5cc311b0/status'
  ✓ Activated version: 09fcde455f1d4e519e22a64e5cc311b0
  → Recovered missing Language ID for KLP via mapping: cc8fdc7c2e2441738bc99a70bbc74796
  Warning: Link slug 'res-video-intro' not in mapping, removing from question
Updated KLP 'klp-1-moderate-bleeding-characteristics' -> 7b1b88dc5c3940e6a0374a933ff39783
DEBUG: activating version 524dfc2ea834434dbc06c625a3fa17af with url='http://135.225.105.160:8004/klps/versions/524dfc2ea834434dbc06c625a3fa17af/status'
  ✓ Activated version: 524dfc2ea834434dbc06c625a3fa17af
  → Recovered missing Language ID for KLP via mapping: cc8fdc7c2e2441738bc99a70bbc74796
  Warning: Link slug 'res-video-uterus-massage' not in mapping, removing from question
Updated KLP 'klp-3-uterine-massage' -> c08c12d554eb44e68d26b98cd53e918c
DEBUG: activating version 60ac6a04e157481bbef8ea12c89014b1 with url='http://135.225.105.160:8004/klps/versions/60ac6a04e157481bbef8ea12c89014b1/status'
  ✓ Activated version: 60ac6a04e157481bbef8ea12c89014b1
  → Recovered missing Language ID for KLP via mapping: cc8fdc7c2e2441738bc99a70bbc74796
  Warning: Link slug 'res-video-empty-the-bladder' not in mapping, removing from question
Updated KLP 'klp-2-empty-the-bladder' -> b2ce70ae249b41728dda22dca6503c0d
DEBUG: activating version e720323dd5074241868abec90ab7c122 with url='http://135.225.105.160:8004/klps/versions/e720323dd5074241868abec90ab7c122/status'
  ✓ Activated version: e720323dd5074241868abec90ab7c122
  → Recovered missing Language ID for KLP via mapping: cc8fdc7c2e2441738bc99a70bbc74796
  Warning: Link slug 'res-video-intro' not in mapping, removing from question
Updated KLP 'klp-1-vital-signs' -> 3cdc90e98ef84a3882564fc82c9877d4
DEBUG: activating version 41b21a536d1e464d814a668e92975226 with url='http://135.225.105.160:8004/klps/versions/41b21a536d1e464d814a668e92975226/status'
  ✓ Activated version: 41b21a536d1e464d814a668e92975226
  → Recovered missing Language ID for KLP via mapping: cc8fdc7c2e2441738bc99a70bbc74796
  Warning: Link slug 'res-video-intro' not in mapping, removing from question
Updated KLP 'klp-1-strong-bleeding-characteristics' -> d74a772073ec4e23b63a420ddafb27c0
DEBUG: activating version a16ffba9fa68458fa3f0c14079b5fda9 with url='http://135.225.105.160:8004/klps/versions/a16ffba9fa68458fa3f0c14079b5fda9/status'
  ✓ Activated version: a16ffba9fa68458fa3f0c14079b5fda9
  → Recovered missing Language ID for KLP via mapping: cc8fdc7c2e2441738bc99a70bbc74796
  Warning: Link slug 'res-video-bimanual-compression' not in mapping, removing from question
Updated KLP 'klp-1-bimanual-compression' -> d93ff16f0a9347e3aa8f51d037139d48
DEBUG: activating version acd8aa2e27704ba0b015bc0423b6d4ce with url='http://135.225.105.160:8004/klps/versions/acd8aa2e27704ba0b015bc0423b6d4ce/status'
  ✓ Activated version: acd8aa2e27704ba0b015bc0423b6d4ce
  → Recovered missing Language ID for KLP via mapping: cc8fdc7c2e2441738bc99a70bbc74796
  Warning: Link slug 'res-video-bimanual-compression' not in mapping, removing from question
Updated KLP 'klp-2-bimanual-compression-procedure' -> f11eccb1f3e84a5f859e990e6427dd36
DEBUG: activating version eb07825f94e2418d8e79725131740631 with url='http://135.225.105.160:8004/klps/versions/eb07825f94e2418d8e79725131740631/status'
  ✓ Activated version: eb07825f94e2418d8e79725131740631
  → Recovered missing Language ID for KLP via mapping: cc8fdc7c2e2441738bc99a70bbc74796
  Warning: Link slug 'res-video-bimanual-compression' not in mapping, removing from question
Updated KLP 'klp-2-bimanual-compression-type-of-gloves' -> 23878194b62a46a09a1b2944d837238e
DEBUG: activating version 11b18eaa270844e0a0083c0fc2d0dd0d with url='http://135.225.105.160:8004/klps/versions/11b18eaa270844e0a0083c0fc2d0dd0d/status'
  ✓ Activated version: 11b18eaa270844e0a0083c0fc2d0dd0d
  → Recovered missing Language ID for KLP via mapping: cc8fdc7c2e2441738bc99a70bbc74796
Updated KLP 'klp-3-pph-drugs' -> 6318b5eaab8343898d1ddf96a404898b
DEBUG: activating version 97a72319af524456b1d82d1576913419 with url='http://135.225.105.160:8004/klps/versions/97a72319af524456b1d82d1576913419/status'
  ✓ Activated version: 97a72319af524456b1d82d1576913419
  → Recovered missing Language ID for KLP via mapping: cc8fdc7c2e2441738bc99a70bbc74796
Updated KLP 'klp-2-carbetocin' -> 5b6435314590490f9d32ac81c4d6ee82
DEBUG: activating version 4d622326f37e4992973ccbfcca7801bf with url='http://135.225.105.160:8004/klps/versions/4d622326f37e4992973ccbfcca7801bf/status'
  ✓ Activated version: 4d622326f37e4992973ccbfcca7801bf
  → Recovered missing Language ID for KLP via mapping: cc8fdc7c2e2441738bc99a70bbc74796
Updated KLP 'klp-3-ergometrine' -> 6e109651e65f46ce908e39af9503cf92
DEBUG: activating version f7cedddc7ee349269df703aedadfecc3 with url='http://135.225.105.160:8004/klps/versions/f7cedddc7ee349269df703aedadfecc3/status'
  ✓ Activated version: f7cedddc7ee349269df703aedadfecc3
  → Recovered missing Language ID for KLP via mapping: cc8fdc7c2e2441738bc99a70bbc74796
  Warning: Link slug 'res-video-intro' not in mapping, removing from question
Updated KLP 'klp-1-prioritize-manual-maneuvers' -> f65ad598bb89486fa332a84aaf09f94c
DEBUG: activating version ec88091df42349b1aba608f96b6bda8c with url='http://135.225.105.160:8004/klps/versions/ec88091df42349b1aba608f96b6bda8c/status'
  ✓ Activated version: ec88091df42349b1aba608f96b6bda8c
  → Recovered missing Language ID for KLP via mapping: cc8fdc7c2e2441738bc99a70bbc74796
  Warning: Link slug 'res-video-trauma' not in mapping, removing from question
Updated KLP 'klp-2-bleeding-from-a-vaginal-tear' -> 24137be984a64e3f836c7c9625641723
DEBUG: activating version d47ac001220d4d4b966c25a2c6543d22 with url='http://135.225.105.160:8004/klps/versions/d47ac001220d4d4b966c25a2c6543d22/status'
  ✓ Activated version: d47ac001220d4d4b966c25a2c6543d22
  → Recovered missing Language ID for KLP via mapping: cc8fdc7c2e2441738bc99a70bbc74796
  Warning: Link slug 'res-video-trauma' not in mapping, removing from question
Updated KLP 'klp-2-always-do-a-rectal-exploration' -> e99d9d6548164baaa0dfcc7a2d2ac5b5
DEBUG: activating version 7b3bb7d1a7fc4dadb8730150cae43e02 with url='http://135.225.105.160:8004/klps/versions/7b3bb7d1a7fc4dadb8730150cae43e02/status'
  ✓ Activated version: 7b3bb7d1a7fc4dadb8730150cae43e02
  → Recovered missing Language ID for KLP via mapping: cc8fdc7c2e2441738bc99a70bbc74796
  Warning: Link slug 'res-video-tissue' not in mapping, removing from question
Updated KLP 'klp-2-placental-tissue-missing' -> 6a2d3edf37da404a96c9b1178ede41d1
DEBUG: activating version b05799565d0e47f8bc1272557d88a067 with url='http://135.225.105.160:8004/klps/versions/b05799565d0e47f8bc1272557d88a067/status'
  ✓ Activated version: b05799565d0e47f8bc1272557d88a067
  → Recovered missing Language ID for KLP via mapping: cc8fdc7c2e2441738bc99a70bbc74796
  Warning: Link slug 'res-video-tissue' not in mapping, removing from question
Updated KLP 'klp-2-treatment-if-there-is-placental-tissue-missing' -> 0cdc56d4d4cb4cd2a8bb28403b887d77
DEBUG: activating version 9dd91bff633f478eae5db9ab10aaa0f9 with url='http://135.225.105.160:8004/klps/versions/9dd91bff633f478eae5db9ab10aaa0f9/status'
  ✓ Activated version: 9dd91bff633f478eae5db9ab10aaa0f9
  → Recovered missing Language ID for KLP via mapping: cc8fdc7c2e2441738bc99a70bbc74796
  Warning: Link slug 'res-video-tissue' not in mapping, removing from question
Updated KLP 'klp-3-removal-tissue' -> bc621d0e77c14ce296ba418ad81edd6c
DEBUG: activating version 2be8602632fb426ea10e6b299f88dcee with url='http://135.225.105.160:8004/klps/versions/2be8602632fb426ea10e6b299f88dcee/status'
  ✓ Activated version: 2be8602632fb426ea10e6b299f88dcee
  → Recovered missing Language ID for KLP via mapping: cc8fdc7c2e2441738bc99a70bbc74796
  Warning: Link slug 'res-video-resuscitation' not in mapping, removing from question
Updated KLP 'klp-2-pph-resuscitation' -> 1c37321913234810b4eb645b0d3dd65b
DEBUG: activating version 28d00ba4634440e28313094c9bdef3d9 with url='http://135.225.105.160:8004/klps/versions/28d00ba4634440e28313094c9bdef3d9/status'
  ✓ Activated version: 28d00ba4634440e28313094c9bdef3d9
  → Recovered missing Language ID for KLP via mapping: cc8fdc7c2e2441738bc99a70bbc74796
  Warning: Link slug 'res-video-monitoring-after-bleeding' not in mapping, removing from question
Updated KLP 'klp-3-when-to-measure-hemoglobin' -> af682219bfa04e1788d8ca3637d771be
DEBUG: activating version a2610c0f459242c69f4e695cc8290755 with url='http://135.225.105.160:8004/klps/versions/a2610c0f459242c69f4e695cc8290755/status'
  ✓ Activated version: a2610c0f459242c69f4e695cc8290755
  → Recovered missing Language ID for KLP via mapping: cc8fdc7c2e2441738bc99a70bbc74796
  Warning: Link slug 'res-video-monitoring-after-bleeding' not in mapping, removing from question
Updated KLP 'klp-2-observation-after-treatment-pph' -> 5c1c034d028548e8bef1a48498093d35
DEBUG: activating version 25d86f8f19fd495ea7bfa50dd81bd4b7 with url='http://135.225.105.160:8004/klps/versions/25d86f8f19fd495ea7bfa50dd81bd4b7/status'
  ✓ Activated version: 25d86f8f19fd495ea7bfa50dd81bd4b7
  → Recovered missing Language ID for KLP via mapping: cc8fdc7c2e2441738bc99a70bbc74796
Updated KLP 'klp-3-cbt-is-indicated' -> 84adb360c973430a980162f9c38a1d23
DEBUG: activating version 200dc0b09c7d42efa4979e0b29db3992 with url='http://135.225.105.160:8004/klps/versions/200dc0b09c7d42efa4979e0b29db3992/status'
  ✓ Activated version: 200dc0b09c7d42efa4979e0b29db3992
  → Recovered missing Language ID for KLP via mapping: cc8fdc7c2e2441738bc99a70bbc74796
  Warning: Link slug 'res-action-card-1-uterus' not in mapping, removing from question
Updated KLP 'klp-3-the-causes-of-vaginal-bleeding' -> d116e6e0b3374fe8bd7177b196f7b2e0
DEBUG: activating version 5f2ac9c4cdb44dd09c7420f149fe165e with url='http://135.225.105.160:8004/klps/versions/5f2ac9c4cdb44dd09c7420f149fe165e/status'
  ✓ Activated version: 5f2ac9c4cdb44dd09c7420f149fe165e
  → Recovered missing Language ID for KLP via mapping: cc8fdc7c2e2441738bc99a70bbc74796
  Warning: Link slug 'res-action-card-2-legs' not in mapping, removing from question
Updated KLP 'klp-2-positioning-pph' -> 8aa7e7ac23744fb3ad2f48752e528457
DEBUG: activating version 1a27c42173d849efb9c70f51fba4c13c with url='http://135.225.105.160:8004/klps/versions/1a27c42173d849efb9c70f51fba4c13c/status'
  ✓ Activated version: 1a27c42173d849efb9c70f51fba4c13c
  → Recovered missing Language ID for KLP via mapping: cc8fdc7c2e2441738bc99a70bbc74796
  Warning: Link slug 'res-video-resuscitation' not in mapping, removing from question
Updated KLP 'klp-2-positioning-vital-organs' -> fd916ad609424deb978c3ce5d175ed5d
DEBUG: activating version 1279e56a974f45b78eeddbe13fd8e79a with url='http://135.225.105.160:8004/klps/versions/1279e56a974f45b78eeddbe13fd8e79a/status'
  ✓ Activated version: 1279e56a974f45b78eeddbe13fd8e79a
  → Recovered missing Language ID for KLP via mapping: cc8fdc7c2e2441738bc99a70bbc74796
  Warning: Link slug 'res-action-card-2-legs' not in mapping, removing from question
Updated KLP 'klp-3-actions-helper-at-the-head' -> 2ca1c5f9356142378935bd28077ee113
DEBUG: activating version 0452deb1392b4ecab0237d0987562c4e with url='http://135.225.105.160:8004/klps/versions/0452deb1392b4ecab0237d0987562c4e/status'
  ✓ Activated version: 0452deb1392b4ecab0237d0987562c4e
  → Recovered missing Language ID for KLP via mapping: cc8fdc7c2e2441738bc99a70bbc74796
  Warning: Link slug 'res-action-card-3-arms' not in mapping, removing from question
Updated KLP 'klp-3-actions-helper-at-the-arm' -> 6c54004fbfb64769ac98c23a0f599778
DEBUG: activating version 1f1587d443a74afabcdd5263003b108b with url='http://135.225.105.160:8004/klps/versions/1f1587d443a74afabcdd5263003b108b/status'
  ✓ Activated version: 1f1587d443a74afabcdd5263003b108b
  → Recovered missing Language ID for KLP via mapping: cc8fdc7c2e2441738bc99a70bbc74796
  Warning: Link slug 'res-video-monitoring-after-bleeding' not in mapping, removing from question
Updated KLP 'klp-1-referral-pph' -> b14f7d7fdb164ef595eca892bc25c313
DEBUG: activating version 56e2173a69e946cfb2201752b463af3d with url='http://135.225.105.160:8004/klps/versions/56e2173a69e946cfb2201752b463af3d/status'
  ✓ Activated version: 56e2173a69e946cfb2201752b463af3d
  → Recovered missing Language ID for KLP via mapping: cc8fdc7c2e2441738bc99a70bbc74796
Updated KLP 'klp-3-iv-fluids-pph' -> 090322001e2f4ece8dc186eea7bffd4a
DEBUG: activating version 6cec4133cd7f4f469f30b9ea76dfb0fc with url='http://135.225.105.160:8004/klps/versions/6cec4133cd7f4f469f30b9ea76dfb0fc/status'
  ✓ Activated version: 6cec4133cd7f4f469f30b9ea76dfb0fc
  → Recovered missing Language ID for KLP via mapping: cc8fdc7c2e2441738bc99a70bbc74796
Updated KLP 'klp-1-how-aorta-compression' -> 80e696c4d1a5463aa5b74a233f807540
DEBUG: activating version 6e9ba4c0b2e74ef193568bf52331f432 with url='http://135.225.105.160:8004/klps/versions/6e9ba4c0b2e74ef193568bf52331f432/status'
  ✓ Activated version: 6e9ba4c0b2e74ef193568bf52331f432
  → Recovered missing Language ID for KLP via mapping: cc8fdc7c2e2441738bc99a70bbc74796
  Warning: Link slug 'res-video-resuscitation' not in mapping, removing from question
Updated KLP 'klp-3-cardiovascular-symptoms-pph' -> f3cdfce5771c479098e3478f2645cc4c
DEBUG: activating version 7ad78f32e81a45adbe9b4d7997170594 with url='http://135.225.105.160:8004/klps/versions/7ad78f32e81a45adbe9b4d7997170594/status'
  ✓ Activated version: 7ad78f32e81a45adbe9b4d7997170594
  → Recovered missing Language ID for KLP via mapping: cc8fdc7c2e2441738bc99a70bbc74796
  Warning: Link slug 'res-video-immediate-management' not in mapping, removing from question
Updated KLP 'klp-3-7-pph-moderate-bleeding' -> c6b480a8f5d84234a6e2390eef2b5046
DEBUG: activating version 5556c860c98247deb42476be58939008 with url='http://135.225.105.160:8004/klps/versions/5556c860c98247deb42476be58939008/status'
  ✓ Activated version: 5556c860c98247deb42476be58939008
  → Recovered missing Language ID for KLP via mapping: cc8fdc7c2e2441738bc99a70bbc74796
  Warning: Link slug 'res-video-intro' not in mapping, removing from question
Updated KLP 'klp-1-complication-prolonged-mother' -> baf78e37aa534c1791b57ffc05668028
DEBUG: activating version 2d1f4a0ee8ee479680f7f07d9609ee3f with url='http://135.225.105.160:8004/klps/versions/2d1f4a0ee8ee479680f7f07d9609ee3f/status'
  ✓ Activated version: 2d1f4a0ee8ee479680f7f07d9609ee3f
  → Recovered missing Language ID for KLP via mapping: cc8fdc7c2e2441738bc99a70bbc74796
  Warning: Link slug 'res-video-intro' not in mapping, removing from question
Updated KLP 'klp-1-complication-prolonged-infant' -> dbdfacef34fc4cb591aabffc3a638d5d
DEBUG: activating version 747cf1e3864142c082b38259014cc60e with url='http://135.225.105.160:8004/klps/versions/747cf1e3864142c082b38259014cc60e/status'
  ✓ Activated version: 747cf1e3864142c082b38259014cc60e
  → Recovered missing Language ID for KLP via mapping: cc8fdc7c2e2441738bc99a70bbc74796
  Warning: Link slug 'res-video-causes' not in mapping, removing from question
Updated KLP 'klp-2-causes' -> 2132236d80d14850b0c5140437c5eb76
DEBUG: activating version ad53c6ade2a2452a8c415032c4d33259 with url='http://135.225.105.160:8004/klps/versions/ad53c6ade2a2452a8c415032c4d33259/status'
  ✓ Activated version: ad53c6ade2a2452a8c415032c4d33259
  → Recovered missing Language ID for KLP via mapping: cc8fdc7c2e2441738bc99a70bbc74796
  Warning: Link slug 'res-video-causes' not in mapping, removing from question
Updated KLP 'klp-2-power' -> 1cbe4ec632444a9485160c5cbcc3670c
DEBUG: activating version c3e1aa757b334d5e8a35b17ed8e912ea with url='http://135.225.105.160:8004/klps/versions/c3e1aa757b334d5e8a35b17ed8e912ea/status'
  ✓ Activated version: c3e1aa757b334d5e8a35b17ed8e912ea
  → Recovered missing Language ID for KLP via mapping: cc8fdc7c2e2441738bc99a70bbc74796
  Warning: Link slug 'res-video-causes' not in mapping, removing from question
Updated KLP 'klp-3-pelvis-passage' -> d470894e7b744fe284877515baf8d6b6
DEBUG: activating version b8d71f8fd4ac4a88a13b9253f6fd7aea with url='http://135.225.105.160:8004/klps/versions/b8d71f8fd4ac4a88a13b9253f6fd7aea/status'
  ✓ Activated version: b8d71f8fd4ac4a88a13b9253f6fd7aea
  → Recovered missing Language ID for KLP via mapping: cc8fdc7c2e2441738bc99a70bbc74796
  Warning: Link slug 'res-video-causes' not in mapping, removing from question
Updated KLP 'klp-3-small-pelvis' -> d04f7786df3c46718988176c2f8c1b90
DEBUG: activating version f9cfd69003894fa382b170f12ac393ff with url='http://135.225.105.160:8004/klps/versions/f9cfd69003894fa382b170f12ac393ff/status'
  ✓ Activated version: f9cfd69003894fa382b170f12ac393ff
  → Recovered missing Language ID for KLP via mapping: cc8fdc7c2e2441738bc99a70bbc74796
  Warning: Link slug 'res-video-causes' not in mapping, removing from question
Updated KLP 'klp-2-know-small-pelvis' -> 9da38152ae814965b40944032f25249a
DEBUG: activating version 0977101f3de644d8b7f337e8d63242d1 with url='http://135.225.105.160:8004/klps/versions/0977101f3de644d8b7f337e8d63242d1/status'
  ✓ Activated version: 0977101f3de644d8b7f337e8d63242d1
  → Recovered missing Language ID for KLP via mapping: cc8fdc7c2e2441738bc99a70bbc74796
  Warning: Link slug 'res-video-causes' not in mapping, removing from question
Updated KLP 'klp-2-passenger' -> 17f53558af884305b095e0502aa36107
DEBUG: activating version 1dd0cf2b382e404b951f1fa386206562 with url='http://135.225.105.160:8004/klps/versions/1dd0cf2b382e404b951f1fa386206562/status'
  ✓ Activated version: 1dd0cf2b382e404b951f1fa386206562
  → Recovered missing Language ID for KLP via mapping: cc8fdc7c2e2441738bc99a70bbc74796
  Warning: Link slug 'res-video-causes' not in mapping, removing from question
Updated KLP 'klp-3-psyche' -> 2668eb7d3c014636800c61faed6ad694
DEBUG: activating version dc6bc600972d47c4935d0ff4bff3bc15 with url='http://135.225.105.160:8004/klps/versions/dc6bc600972d47c4935d0ff4bff3bc15/status'
  ✓ Activated version: dc6bc600972d47c4935d0ff4bff3bc15
  → Recovered missing Language ID for KLP via mapping: cc8fdc7c2e2441738bc99a70bbc74796
  Warning: Link slug 'res-video-2nd-stage-prolonged' not in mapping, removing from question
Updated KLP 'klp-1-pushing' -> cbed4bf643f6457ca65839d48ddb3680
DEBUG: activating version 14868af701d2476bb032557bd35c45a2 with url='http://135.225.105.160:8004/klps/versions/14868af701d2476bb032557bd35c45a2/status'
  ✓ Activated version: 14868af701d2476bb032557bd35c45a2
  → Recovered missing Language ID for KLP via mapping: cc8fdc7c2e2441738bc99a70bbc74796
  Warning: Link slug 'res-video-2nd-stage-prolonged' not in mapping, removing from question
Updated KLP 'klp-3-push-how-long' -> ecd89c1fae4c434cae065b1baf86f5ad
DEBUG: activating version c8fa37874cb84f4e8173be31815e2dcf with url='http://135.225.105.160:8004/klps/versions/c8fa37874cb84f4e8173be31815e2dcf/status'
  ✓ Activated version: c8fa37874cb84f4e8173be31815e2dcf
  → Recovered missing Language ID for KLP via mapping: cc8fdc7c2e2441738bc99a70bbc74796
  Warning: Link slug 'res-video-2nd-stage-vacuum-extraction' not in mapping, removing from question
Updated KLP 'klp-1-indication-for-vacuum' -> 02dd6aa36db742c58a8ca68eea7a406e
DEBUG: activating version a9eb947ab2b84c5e915b14cce49818f7 with url='http://135.225.105.160:8004/klps/versions/a9eb947ab2b84c5e915b14cce49818f7/status'
  ✓ Activated version: a9eb947ab2b84c5e915b14cce49818f7
  → Recovered missing Language ID for KLP via mapping: cc8fdc7c2e2441738bc99a70bbc74796
  Warning: Link slug 'res-video-2nd-stage-vacuum-extraction' not in mapping, removing from question
Updated KLP 'klp-1-fhr' -> 34edc99d7e03469ea00b7639bd9d54c4
DEBUG: activating version 63edce5b2b114cfd954f4a6e6988d63d with url='http://135.225.105.160:8004/klps/versions/63edce5b2b114cfd954f4a6e6988d63d/status'
  ✓ Activated version: 63edce5b2b114cfd954f4a6e6988d63d
  → Recovered missing Language ID for KLP via mapping: cc8fdc7c2e2441738bc99a70bbc74796
  Warning: Link slug 'res-video-2nd-stage-vacuum-extraction' not in mapping, removing from question
Updated KLP 'klp-2-fhr-and-contractions' -> da18b8bff0e74e3babc39e9f56a4c8cd
DEBUG: activating version 7527273466cd419aa036d1f8393a4c28 with url='http://135.225.105.160:8004/klps/versions/7527273466cd419aa036d1f8393a4c28/status'
  ✓ Activated version: 7527273466cd419aa036d1f8393a4c28
  → Recovered missing Language ID for KLP via mapping: cc8fdc7c2e2441738bc99a70bbc74796
Updated KLP 'klp-3-prerequisites-for-vacuum' -> 8335fb418c5443ce9c03a9ad3ea64334
DEBUG: activating version 57de882b127f4d9198cbec1dd8f29121 with url='http://135.225.105.160:8004/klps/versions/57de882b127f4d9198cbec1dd8f29121/status'
  ✓ Activated version: 57de882b127f4d9198cbec1dd8f29121
  → Recovered missing Language ID for KLP via mapping: cc8fdc7c2e2441738bc99a70bbc74796
  Warning: Link slug 'res-video-2nd-stage-vacuum-extraction' not in mapping, removing from question
Updated KLP 'klp-2-complications-to-vacuum-extraction' -> d8c73354544d41f18dc744aea1c2e901
DEBUG: activating version c8a5f4baad8342dcb3a6339cde148ee0 with url='http://135.225.105.160:8004/klps/versions/c8a5f4baad8342dcb3a6339cde148ee0/status'
  ✓ Activated version: c8a5f4baad8342dcb3a6339cde148ee0
  → Recovered missing Language ID for KLP via mapping: cc8fdc7c2e2441738bc99a70bbc74796
  Warning: Link slug 'res-action-card-procedures-by-also' not in mapping, removing from question
Updated KLP 'klp-2-preparation-for-vacuum' -> 411c261dd2084e9b9421d18655f05ad0
DEBUG: activating version b7156a1c43fe464fbbb7dc246829494e with url='http://135.225.105.160:8004/klps/versions/b7156a1c43fe464fbbb7dc246829494e/status'
  ✓ Activated version: b7156a1c43fe464fbbb7dc246829494e
  → Recovered missing Language ID for KLP via mapping: cc8fdc7c2e2441738bc99a70bbc74796
  Warning: Link slug 'res-video-2nd-stage-vacuum-extraction' not in mapping, removing from question
Updated KLP 'klp-1-give-up-vacuum' -> 61a05c6b2f7e4dab8ebceb4577c250c3
DEBUG: activating version ebf384c50a3440f7807e22373b272f12 with url='http://135.225.105.160:8004/klps/versions/ebf384c50a3440f7807e22373b272f12/status'
  ✓ Activated version: ebf384c50a3440f7807e22373b272f12
  → Recovered missing Language ID for KLP via mapping: cc8fdc7c2e2441738bc99a70bbc74796
  Warning: Link slug 'res-video-2nd-stage-vacuum-extraction' not in mapping, removing from question
Updated KLP 'klp-3-incision' -> 3539096f069547e7b450a61467150289
DEBUG: activating version db5dfcb137cd49b6bba2cfbfb55b1d87 with url='http://135.225.105.160:8004/klps/versions/db5dfcb137cd49b6bba2cfbfb55b1d87/status'
  ✓ Activated version: db5dfcb137cd49b6bba2cfbfb55b1d87
  → Recovered missing Language ID for KLP via mapping: cc8fdc7c2e2441738bc99a70bbc74796
  Warning: Link slug 'res-video-causes' not in mapping, removing from question
Updated KLP 'klp-2-cephalic-occiput-posterior' -> fc470e2f782448b497c18e8b986ebf79
DEBUG: activating version 133b2e5acb3546a4a41a07994ea82478 with url='http://135.225.105.160:8004/klps/versions/133b2e5acb3546a4a41a07994ea82478/status'
  ✓ Activated version: 133b2e5acb3546a4a41a07994ea82478
  → Recovered missing Language ID for KLP via mapping: cc8fdc7c2e2441738bc99a70bbc74796
  Warning: Link slug 'res-video-causes' not in mapping, removing from question
Updated KLP 'klp-3-more-comfortable' -> 53f8b3faff4a4531b86df970172a2b4b
DEBUG: activating version 9506a1d995054dadabc48a137859f3fe with url='http://135.225.105.160:8004/klps/versions/9506a1d995054dadabc48a137859f3fe/status'
  ✓ Activated version: 9506a1d995054dadabc48a137859f3fe
  → Recovered missing Language ID for KLP via mapping: cc8fdc7c2e2441738bc99a70bbc74796
  Warning: Link slug 'res-video-1st-stage-latent-phase' not in mapping, removing from question
Updated KLP 'klp-3-prolonged-first-stage-latent-phase' -> e821a65f218b4d368acb8f3000e846e0
DEBUG: activating version 0827ad5ec4074522917a29ec05cdbe52 with url='http://135.225.105.160:8004/klps/versions/0827ad5ec4074522917a29ec05cdbe52/status'
  ✓ Activated version: 0827ad5ec4074522917a29ec05cdbe52
  → Recovered missing Language ID for KLP via mapping: cc8fdc7c2e2441738bc99a70bbc74796
  Warning: Link slug 'res-video-1st-stage-latent-phase' not in mapping, removing from question
Updated KLP 'klp-3-contractions-causes-if-not-prolonged-latent-phase' -> 50a88c0aefeb4b3caac42818269ad810
DEBUG: activating version ddaae39819b445758c700100de72d28e with url='http://135.225.105.160:8004/klps/versions/ddaae39819b445758c700100de72d28e/status'
  ✓ Activated version: ddaae39819b445758c700100de72d28e
  → Recovered missing Language ID for KLP via mapping: cc8fdc7c2e2441738bc99a70bbc74796
  Warning: Link slug 'res-video-1st-stage-active-phase' not in mapping, removing from question
Updated KLP 'klp-1-prolonged-first-stage-active-phase' -> 91b3c16788e14e009082453937949755
DEBUG: activating version d6a71e6b8eae41d98feb18c9717b221f with url='http://135.225.105.160:8004/klps/versions/d6a71e6b8eae41d98feb18c9717b221f/status'
  ✓ Activated version: d6a71e6b8eae41d98feb18c9717b221f
  → Recovered missing Language ID for KLP via mapping: cc8fdc7c2e2441738bc99a70bbc74796
  Warning: Link slug 'res-video-1st-stage-active-phase' not in mapping, removing from question
Updated KLP 'klp-2-progress-of-labour' -> c0aaec65db1542b4b2996b9758a86545
DEBUG: activating version 1e69d0c1d4ef450199a9d1ca3f0aecec with url='http://135.225.105.160:8004/klps/versions/1e69d0c1d4ef450199a9d1ca3f0aecec/status'
  ✓ Activated version: 1e69d0c1d4ef450199a9d1ca3f0aecec
  → Recovered missing Language ID for KLP via mapping: cc8fdc7c2e2441738bc99a70bbc74796
  Warning: Link slug 'res-video-1st-stage-active-phase' not in mapping, removing from question
Updated KLP 'klp-1-partograph-with-dilatation-between-alert-and-action-line' -> fa19f6e5ae1a4a2fb80b1751d363d21c
DEBUG: activating version b1582b2ba0d940cbb1359a566a2420f2 with url='http://135.225.105.160:8004/klps/versions/b1582b2ba0d940cbb1359a566a2420f2/status'
  ✓ Activated version: b1582b2ba0d940cbb1359a566a2420f2
  → Recovered missing Language ID for KLP via mapping: cc8fdc7c2e2441738bc99a70bbc74796
  Warning: Link slug 'res-video-1st-stage-active-phase' not in mapping, removing from question
Updated KLP 'klp-2-cervical-dilatation' -> 7b2390242c554a4d9785f417539c2948
DEBUG: activating version 199048644d1948418acdc08c61172d50 with url='http://135.225.105.160:8004/klps/versions/199048644d1948418acdc08c61172d50/status'
  ✓ Activated version: 199048644d1948418acdc08c61172d50
  → Recovered missing Language ID for KLP via mapping: cc8fdc7c2e2441738bc99a70bbc74796
Updated KLP 'klp-1-immediate-delivery' -> 43a1adae750d4816a3b95247896e325d
DEBUG: activating version 4ddbe8f0e09d46f4a7b18de8d6c83b27 with url='http://135.225.105.160:8004/klps/versions/4ddbe8f0e09d46f4a7b18de8d6c83b27/status'
  ✓ Activated version: 4ddbe8f0e09d46f4a7b18de8d6c83b27
  → Recovered missing Language ID for KLP via mapping: cc8fdc7c2e2441738bc99a70bbc74796
Updated KLP 'klp-1-head-above-the-pubic-bone' -> b8468a3bea424d57815ed718f8d49309
DEBUG: activating version 9c14aeb9621947a6979dabcc44fb04b8 with url='http://135.225.105.160:8004/klps/versions/9c14aeb9621947a6979dabcc44fb04b8/status'
  ✓ Activated version: 9c14aeb9621947a6979dabcc44fb04b8
  → Recovered missing Language ID for KLP via mapping: cc8fdc7c2e2441738bc99a70bbc74796
  Warning: Link slug 'res-video-2nd-stage-vacuum-extraction' not in mapping, removing from question
Updated KLP 'klp-3-posterior-fontanelle-where' -> a6d20faa579143879ccf41a3b248b438
DEBUG: activating version 9997c4e0fe95435aae017c22f2f3303e with url='http://135.225.105.160:8004/klps/versions/9997c4e0fe95435aae017c22f2f3303e/status'
  ✓ Activated version: 9997c4e0fe95435aae017c22f2f3303e
  → Recovered missing Language ID for KLP via mapping: cc8fdc7c2e2441738bc99a70bbc74796
  Warning: Link slug 'res-video-2nd-stage-vacuum-extraction' not in mapping, removing from question
Updated KLP 'klp-2-posterior-fontanelle' -> cb79fa5959bc451c9c6183b33f41c49a
DEBUG: activating version 3fa9facb459a420ca5262e55676a529c with url='http://135.225.105.160:8004/klps/versions/3fa9facb459a420ca5262e55676a529c/status'
  ✓ Activated version: 3fa9facb459a420ca5262e55676a529c
  → Recovered missing Language ID for KLP via mapping: cc8fdc7c2e2441738bc99a70bbc74796
  Warning: Link slug 'res-video-2nd-stage-vacuum-extraction' not in mapping, removing from question
Updated KLP 'klp-1-placing-the-cup' -> 71def5a064a04f68ad69131f0d682bcb
DEBUG: activating version 6cf8fafc23fb4e6ea6e09a42623f654e with url='http://135.225.105.160:8004/klps/versions/6cf8fafc23fb4e6ea6e09a42623f654e/status'
  ✓ Activated version: 6cf8fafc23fb4e6ea6e09a42623f654e
  → Recovered missing Language ID for KLP via mapping: cc8fdc7c2e2441738bc99a70bbc74796
  Warning: Link slug 'res-video-2nd-stage-vacuum-extraction' not in mapping, removing from question
Updated KLP 'klp-1-check-for-maternal-tissue' -> d90b9212e0e346938ecff96689275a4b
DEBUG: activating version 8f6f300f67c54ba98fc95ce5f149152a with url='http://135.225.105.160:8004/klps/versions/8f6f300f67c54ba98fc95ce5f149152a/status'
  ✓ Activated version: 8f6f300f67c54ba98fc95ce5f149152a
  → Recovered missing Language ID for KLP via mapping: cc8fdc7c2e2441738bc99a70bbc74796
  Warning: Link slug 'res-video-2nd-stage-vacuum-extraction' not in mapping, removing from question
Updated KLP 'klp-3-flexion-point' -> 7618938f38234281bcb0004c3b37b09e
DEBUG: activating version 4cb34e3b497d423cbfb7056183a80666 with url='http://135.225.105.160:8004/klps/versions/4cb34e3b497d423cbfb7056183a80666/status'
  ✓ Activated version: 4cb34e3b497d423cbfb7056183a80666
  → Recovered missing Language ID for KLP via mapping: cc8fdc7c2e2441738bc99a70bbc74796
  Warning: Link slug 'res-video-2nd-stage-vacuum-extraction' not in mapping, removing from question
Updated KLP 'klp-3-intact-perineum' -> 66f76b6deebf43ea854bffb3edfbf23b
DEBUG: activating version 640aaa330bea46adb3512cfda94b0f92 with url='http://135.225.105.160:8004/klps/versions/640aaa330bea46adb3512cfda94b0f92/status'
  ✓ Activated version: 640aaa330bea46adb3512cfda94b0f92
  → Recovered missing Language ID for KLP via mapping: cc8fdc7c2e2441738bc99a70bbc74796
  Warning: Link slug 'res-video-2nd-stage-prolonged' not in mapping, removing from question
Updated KLP 'klp-2-prolonged-second-stage' -> 4567074c761142209544abeb9eee2ee1
DEBUG: activating version ad7cc2e29581475caebc530cb5cb32ec with url='http://135.225.105.160:8004/klps/versions/ad7cc2e29581475caebc530cb5cb32ec/status'
  ✓ Activated version: ad7cc2e29581475caebc530cb5cb32ec

=== STEP 4: Post Modules ===
Loaded 21 existing module mappings

📋 Modules to be processed:
    1. [PATCH (bc3552fbf01248d08b28603ee0f94808)] Active Management of Third Stage Labour  (mod-active-management-of-third-stage-labour)  [🌍 f3bb22c9...]
    2. [PATCH (33ce78b0a4b9413cbaeb8bb64401e7a2)] Female Genital Mutilation  (mod-female-genital-mutilation)  [🌍 f3bb22c9...]
    3. [PATCH (cf65540dfc84495f8b0989838c70ca90)] Hypertension  (mod-hypertension)  [🌍 f3bb22c9...]
    4. [PATCH (dc011a45cf964d1e94f481b0e0ef291a)] Infection Prevention  (mod-infection-prevention)  [🌍 f3bb22c9...]
    5. [PATCH (b94b9f3d16d64b8fa56d5fc9d1639438)] Low Birth Weight  (mod-low-birth-weight)  [🌍 f3bb22c9...]
    6. [PATCH (b9d9955b73e1429997aa8d5bc02236e5)] Manual Removal of Placenta  (mod-manual-removal-of-placenta)  [🌍 f3bb22c9...]
    7. [PATCH (c2ada5772a1f418bbbbe28671e24ddb0)] Maternal Sepsis  (mod-maternal-sepsis)  [🌍 f3bb22c9...]
    8. [PATCH (3a96411664bb415c93ae13686c23c707)] Neonatal Resuscitation  (mod-neonatal-resuscitation)  [🌍 f3bb22c9...]
    9. [PATCH (5a1ab947c8c44bbab82ff6b45ff2c47a)] Newborn Management  (mod-newborn-management)  [🌍 f3bb22c9...]
   10. [PATCH (f463550a62e34cf8ab9e0d009ebfbcd9)] Post Abortion Care  (mod-post-abortion-care)  [🌍 f3bb22c9...]
   11. [PATCH (c4d949440c4e4b17828bdbf86b7696ac)] Post Partum Hemorrhage  (mod-post-partum-hemorrhage)  [🌍 f3bb22c9...]
   12. [PATCH (c0ec3c44ae6845a0b2f81724f3edff66)] Prolonged Labour  (mod-prolonged-labour)  [🌍 f3bb22c9...]


  📋 Module 'Active Management of Third Stage Labour' [mod-active-management-of-third-stage-labour] resource resolution:
     Videos:     7 slugs → 7 IDs
     ActionCards:2 slugs → 2 IDs
     Procedures: 1 slugs → 1 IDs
     Drugs:      6 slugs → 6 IDs
     KLPs:       36 slugs → 36 IDs
     (sample action_card ID: d533fa42d107486f9faea5209bc63694)
     (sample drug ID: 40428433842b487ba5ddb19081152bf6)
  🔄 PATCH → http://135.225.105.160:8004/modules/bc3552fbf01248d08b28603ee0f94808
     Payload resource counts: videos=7, action_cards=2, procedures=1, drugs=6, klps=36
     language_id=cc8fdc7c2e2441738bc99a70bbc74796, region=africa, content_type=translated
  📨 Response: 200
Updated module 'Active Management of Third Stage Labour'
  ✓ Activated module version: 1baa83c4c5a446368b877c94593e84e8

  📋 Module 'Female Genital Mutilation' [mod-female-genital-mutilation] resource resolution:
     Videos:     8 slugs → 8 IDs
     ActionCards:2 slugs → 2 IDs
     Procedures: 2 slugs → 2 IDs
     Drugs:      4 slugs → 4 IDs
     KLPs:       36 slugs → 36 IDs
     (sample action_card ID: 27cfa1d0800a44b8ba7be0e9f7b48f14)
     (sample drug ID: 78b7e6a40737498fbd46efbb183b1c80)
  🔄 PATCH → http://135.225.105.160:8004/modules/33ce78b0a4b9413cbaeb8bb64401e7a2
     Payload resource counts: videos=8, action_cards=2, procedures=2, drugs=4, klps=36
     language_id=cc8fdc7c2e2441738bc99a70bbc74796, region=africa, content_type=translated
  📨 Response: 200
Updated module 'Female Genital Mutilation'
  ✓ Activated module version: 4de37cfb7b5649c3bf2c44b29737e2c8

  📋 Module 'Hypertension' [mod-hypertension] resource resolution:
     Videos:     6 slugs → 6 IDs
     ActionCards:4 slugs → 4 IDs
     Procedures: 1 slugs → 1 IDs
     Drugs:      8 slugs → 8 IDs
     KLPs:       36 slugs → 36 IDs
     (sample action_card ID: de1f4ee5bd174aa599c70695ff993113)
     (sample drug ID: 343b8731cbd944f59aedd82f1f8518b8)
  🔄 PATCH → http://135.225.105.160:8004/modules/cf65540dfc84495f8b0989838c70ca90
     Payload resource counts: videos=6, action_cards=4, procedures=1, drugs=8, klps=36
     language_id=cc8fdc7c2e2441738bc99a70bbc74796, region=africa, content_type=translated
  📨 Response: 200
Updated module 'Hypertension'
  ✓ Activated module version: 03af04f656d64da3ac1d534bddf1d7bb

  📋 Module 'Infection Prevention' [mod-infection-prevention] resource resolution:
     Videos:     8 slugs → 8 IDs
     ActionCards:0 slugs → 0 IDs
     Procedures: 1 slugs → 1 IDs
     Drugs:      1 slugs → 1 IDs
     KLPs:       36 slugs → 36 IDs
     (sample drug ID: 0ad2a7a14a824d1fbf7563826d3fc358)
  🔄 PATCH → http://135.225.105.160:8004/modules/dc011a45cf964d1e94f481b0e0ef291a
     Payload resource counts: videos=8, action_cards=0, procedures=1, drugs=1, klps=36
     language_id=cc8fdc7c2e2441738bc99a70bbc74796, region=africa, content_type=translated
  📨 Response: 200
Updated module 'Infection Prevention'
  ✓ Activated module version: d07db3c6b4a84b62883d419dae9c134f

  📋 Module 'Low Birth Weight' [mod-low-birth-weight] resource resolution:
     Videos:     7 slugs → 7 IDs
     ActionCards:6 slugs → 6 IDs
     Procedures: 2 slugs → 2 IDs
     Drugs:      12 slugs → 12 IDs
     KLPs:       36 slugs → 36 IDs
     (sample action_card ID: e0b01f0328e24541bc8f3f25d46d5840)
     (sample drug ID: f0c4dfc2c7524d209a1225c355c0f47d)
  🔄 PATCH → http://135.225.105.160:8004/modules/b94b9f3d16d64b8fa56d5fc9d1639438
     Payload resource counts: videos=7, action_cards=6, procedures=2, drugs=12, klps=36
     language_id=cc8fdc7c2e2441738bc99a70bbc74796, region=africa, content_type=translated
  📨 Response: 200
Updated module 'Low Birth Weight'
  ✓ Activated module version: b547f16a96f34b8982f5e7c9bc66ea3c

  📋 Module 'Manual Removal of Placenta' [mod-manual-removal-of-placenta] resource resolution:
     Videos:     8 slugs → 8 IDs
     ActionCards:1 slugs → 1 IDs
     Procedures: 2 slugs → 2 IDs
     Drugs:      8 slugs → 8 IDs
     KLPs:       36 slugs → 36 IDs
     (sample action_card ID: df8923c4b29f4940baec119820020b07)
     (sample drug ID: a6220d8a938e459ab837f9cb79b2b9ef)
  🔄 PATCH → http://135.225.105.160:8004/modules/b9d9955b73e1429997aa8d5bc02236e5
     Payload resource counts: videos=8, action_cards=1, procedures=2, drugs=8, klps=36
     language_id=cc8fdc7c2e2441738bc99a70bbc74796, region=africa, content_type=translated
  📨 Response: 200
Updated module 'Manual Removal of Placenta'
  ✓ Activated module version: 98f85e0c5de44ebeb58d8a82c197ced6

  📋 Module 'Maternal Sepsis' [mod-maternal-sepsis] resource resolution:
     Videos:     6 slugs → 6 IDs
     ActionCards:5 slugs → 5 IDs
     Procedures: 1 slugs → 1 IDs
     Drugs:      10 slugs → 10 IDs
     KLPs:       36 slugs → 36 IDs
     (sample action_card ID: 9ac7669da72d4fa894f35ed096bbebc4)
     (sample drug ID: a6220d8a938e459ab837f9cb79b2b9ef)
  🔄 PATCH → http://135.225.105.160:8004/modules/c2ada5772a1f418bbbbe28671e24ddb0
     Payload resource counts: videos=6, action_cards=5, procedures=1, drugs=10, klps=36
     language_id=cc8fdc7c2e2441738bc99a70bbc74796, region=africa, content_type=translated
  📨 Response: 200
Updated module 'Maternal Sepsis'
  ✓ Activated module version: 4fe78f03a2e04fa2a0b851ae2a76801f

  📋 Module 'Neonatal Resuscitation' [mod-neonatal-resuscitation] resource resolution:
     Videos:     6 slugs → 6 IDs
     ActionCards:4 slugs → 4 IDs
     Procedures: 0 slugs → 0 IDs
     Drugs:      4 slugs → 4 IDs
     KLPs:       36 slugs → 36 IDs
     (sample action_card ID: 9ab065e64f994d45aa1c3358208ba7ee)
     (sample drug ID: a6220d8a938e459ab837f9cb79b2b9ef)
  🔄 PATCH → http://135.225.105.160:8004/modules/3a96411664bb415c93ae13686c23c707
     Payload resource counts: videos=6, action_cards=4, procedures=0, drugs=4, klps=36
     language_id=cc8fdc7c2e2441738bc99a70bbc74796, region=africa, content_type=translated
  📨 Response: 200
Updated module 'Neonatal Resuscitation'
  ✓ Activated module version: b18fe747ca584a668cd95bbc1062d563

  📋 Module 'Newborn Management' [mod-newborn-management] resource resolution:
     Videos:     5 slugs → 5 IDs
     ActionCards:9 slugs → 9 IDs
     Procedures: 2 slugs → 2 IDs
     Drugs:      10 slugs → 10 IDs
     KLPs:       36 slugs → 36 IDs
     (sample action_card ID: e0b01f0328e24541bc8f3f25d46d5840)
     (sample drug ID: a6220d8a938e459ab837f9cb79b2b9ef)
  🔄 PATCH → http://135.225.105.160:8004/modules/5a1ab947c8c44bbab82ff6b45ff2c47a
     Payload resource counts: videos=5, action_cards=9, procedures=2, drugs=10, klps=36
     language_id=cc8fdc7c2e2441738bc99a70bbc74796, region=africa, content_type=translated
  📨 Response: 200
Updated module 'Newborn Management'
  ✓ Activated module version: 15d502b11ef34ed98eec43208dc778ff

  📋 Module 'Post Abortion Care' [mod-post-abortion-care] resource resolution:
     Videos:     5 slugs → 5 IDs
     ActionCards:4 slugs → 4 IDs
     Procedures: 2 slugs → 2 IDs
     Drugs:      6 slugs → 6 IDs
     KLPs:       36 slugs → 36 IDs
     (sample action_card ID: 0ca0b1afd9c44698a92e3b6efeb2f303)
     (sample drug ID: a6220d8a938e459ab837f9cb79b2b9ef)
  🔄 PATCH → http://135.225.105.160:8004/modules/f463550a62e34cf8ab9e0d009ebfbcd9
     Payload resource counts: videos=5, action_cards=4, procedures=2, drugs=6, klps=36
     language_id=cc8fdc7c2e2441738bc99a70bbc74796, region=africa, content_type=translated
  📨 Response: 200
Updated module 'Post Abortion Care'
  ✓ Activated module version: a12244b8263c442f9e5618b30cfa790c

  📋 Module 'Post Partum Hemorrhage' [mod-post-partum-hemorrhage] resource resolution:
     Videos:     9 slugs → 9 IDs
     ActionCards:4 slugs → 4 IDs
     Procedures: 2 slugs → 2 IDs
     Drugs:      8 slugs → 8 IDs
     KLPs:       36 slugs → 36 IDs
     (sample action_card ID: f6a936a3be754237b7f1a6e531a7c3f2)
     (sample drug ID: a6220d8a938e459ab837f9cb79b2b9ef)
  🔄 PATCH → http://135.225.105.160:8004/modules/c4d949440c4e4b17828bdbf86b7696ac
     Payload resource counts: videos=9, action_cards=4, procedures=2, drugs=8, klps=36
     language_id=cc8fdc7c2e2441738bc99a70bbc74796, region=africa, content_type=translated
  📨 Response: 200
Updated module 'Post Partum Hemorrhage'
  ✓ Activated module version: cb2eff9cd3394baf9db75148df2dbd9a

  📋 Module 'Prolonged Labour' [mod-prolonged-labour] resource resolution:
     Videos:     6 slugs → 6 IDs
     ActionCards:4 slugs → 4 IDs
     Procedures: 3 slugs → 3 IDs
     Drugs:      1 slugs → 1 IDs
     KLPs:       36 slugs → 36 IDs
     (sample action_card ID: 782b222dfa454817b226cf80959275cc)
     (sample drug ID: d93a6d3a36b142629e012b0653760f75)
  🔄 PATCH → http://135.225.105.160:8004/modules/c0ec3c44ae6845a0b2f81724f3edff66
     Payload resource counts: videos=6, action_cards=4, procedures=3, drugs=1, klps=36
     language_id=cc8fdc7c2e2441738bc99a70bbc74796, region=africa, content_type=translated
  📨 Response: 200
Updated module 'Prolonged Labour'
  ✓ Activated module version: 725d811c167c430fb6a90510df417fec

=== STEP 5: Post Categories ===
Starting category migration for language f6e8d402ebe34e79ae53785d0fcf4df5...
Processing category: Sexual & Reproductive Health
  Found module: Modern Contraception -> b5049ecc8f424d29892ee2067deda8aa
  Found module: Safe Abortion -> a367e7516e0a45788645e81ecb040f57
  Found module: Post Abortion Care -> f463550a62e34cf8ab9e0d009ebfbcd9
  Found module: Female Genital Mutilation -> 33ce78b0a4b9413cbaeb8bb64401e7a2
  Total modules found: 4
  Category exists: 49e8f92c670c41f2af44e734877cb90f, patching...
  ✓ Activated category version: dbe895dfc91543a087ad32293e8c939a (Universal)
Processing category: Complications During Pregnancy, Labour and Birth
  Found module: Hypertension -> cf65540dfc84495f8b0989838c70ca90
  Found module: Prolonged Labour -> c0ec3c44ae6845a0b2f81724f3edff66
  Found module: Post Partum Hemorrhage -> c4d949440c4e4b17828bdbf86b7696ac
  Found module: Maternal Sepsis -> c2ada5772a1f418bbbbe28671e24ddb0
  Found module: Manual Removal of Placenta -> b9d9955b73e1429997aa8d5bc02236e5
  Found module: Gestational Diabetes Mellitus -> f9dd5e3bf9a044b2bb689232e0561f01
  Total modules found: 6
  Category exists: 3bfc625e1a6b428497e5bc81fa4f1bca, patching...
  ✓ Activated category version: 3d36a1744cfd46beadceb73b66075e62 (Universal)
Processing category: Maternal Health
  Found module: Antenatal Care -> 77c309e4f5534cd78e6d460a6d3d92ff
  Found module: Postnatal Care -> a5a832ca90f44078b3cd0a1527d510e3
  Found module: Normal Labour and Birth -> f43eaea27d5e48f5bd05e644eae8e964
  Found module: Active Management of Third Stage Labour -> bc3552fbf01248d08b28603ee0f94808
  Found module: Perinatal Mental Health -> a4ba3920c4b0497a96b4e2390f07596a
  Total modules found: 5
  Category exists: ca73eed95d8a4a1696fc8f68117f7a32, patching...
  ✓ Activated category version: bf6719790dc44c8383279ec99b751acd (Universal)
Processing category: Newborn Health
  Found module: Neonatal Resuscitation -> 3a96411664bb415c93ae13686c23c707
  Found module: Newborn Management -> 5a1ab947c8c44bbab82ff6b45ff2c47a
  Found module: Low Birth Weight -> b94b9f3d16d64b8fa56d5fc9d1639438
  Total modules found: 3
  Category exists: da2fe425eb2b476ba0ba2c3862781396, patching...
  ✓ Activated category version: 4752c7cf8b254c9c869ee53001470807 (Universal)
Processing category: Infection Prevention
  Found module: Infection Prevention -> dc011a45cf964d1e94f481b0e0ef291a
  Found module: COVID-19 -> 894e9b8f336a4049bf0268e39b9e403c
  Total modules found: 2
  Category exists: 102d9f0473e74730a3447ec1f00c41b9, patching...
  ✓ Activated category version: ca791ea5a46e47c4b8255e2a3e547022 (Universal)
Error linking categories: 404 Client Error: Not Found for url: http://135.225.105.160:8004/languages/f6e8d402ebe34e79ae53785d0fcf4df5/link/categories
Starting category migration for language e1ac44f0af3443719b2bc0cc730d6d75...
Processing category: Sexual & Reproductive Health
  Found module: Modern Contraception -> b5049ecc8f424d29892ee2067deda8aa
  Found module: Safe Abortion -> a367e7516e0a45788645e81ecb040f57
  Found module: Post Abortion Care -> f463550a62e34cf8ab9e0d009ebfbcd9
  Found module: Female Genital Mutilation -> 33ce78b0a4b9413cbaeb8bb64401e7a2
  Total modules found: 4
  Category exists: 49e8f92c670c41f2af44e734877cb90f, patching...
  ✓ Activated category version: adbbdf691ce1479caa527a7f594f6280 (Universal)
Processing category: Complications During Pregnancy, Labour and Birth
  Found module: Hypertension -> cf65540dfc84495f8b0989838c70ca90
  Found module: Prolonged Labour -> c0ec3c44ae6845a0b2f81724f3edff66
  Found module: Post Partum Hemorrhage -> c4d949440c4e4b17828bdbf86b7696ac
  Found module: Maternal Sepsis -> c2ada5772a1f418bbbbe28671e24ddb0
  Found module: Manual Removal of Placenta -> b9d9955b73e1429997aa8d5bc02236e5
  Found module: Gestational Diabetes Mellitus -> f9dd5e3bf9a044b2bb689232e0561f01
  Total modules found: 6
  Category exists: 3bfc625e1a6b428497e5bc81fa4f1bca, patching...
  ✓ Activated category version: e65ec47bc53c4cdcab9bb5761eeccc2e (Universal)
Processing category: Maternal Health
  Found module: Antenatal Care -> 77c309e4f5534cd78e6d460a6d3d92ff
  Found module: Postnatal Care -> a5a832ca90f44078b3cd0a1527d510e3
  Found module: Normal Labour and Birth -> f43eaea27d5e48f5bd05e644eae8e964
  Found module: Active Management of Third Stage Labour -> bc3552fbf01248d08b28603ee0f94808
  Found module: Perinatal Mental Health -> a4ba3920c4b0497a96b4e2390f07596a
  Total modules found: 5
  Category exists: ca73eed95d8a4a1696fc8f68117f7a32, patching...
  ✓ Activated category version: b62784a1ccfb45feb8066b1acb4b4b3a (Universal)
Processing category: Newborn Health
  Found module: Neonatal Resuscitation -> 3a96411664bb415c93ae13686c23c707
  Found module: Newborn Management -> 5a1ab947c8c44bbab82ff6b45ff2c47a
  Found module: Low Birth Weight -> b94b9f3d16d64b8fa56d5fc9d1639438
  Total modules found: 3
  Category exists: da2fe425eb2b476ba0ba2c3862781396, patching...
  ✓ Activated category version: 7c992d88e28b4e8d8aab9da36c41200a (Universal)
Processing category: Infection Prevention
  Found module: Infection Prevention -> dc011a45cf964d1e94f481b0e0ef291a
  Found module: COVID-19 -> 894e9b8f336a4049bf0268e39b9e403c
  Total modules found: 2
  Category exists: 102d9f0473e74730a3447ec1f00c41b9, patching...
  ✓ Activated category version: fc441e4faf68449191dac982549c77d8 (Universal)
Error linking categories: 404 Client Error: Not Found for url: http://135.225.105.160:8004/languages/e1ac44f0af3443719b2bc0cc730d6d75/link/categories
Starting category migration for language cc8fdc7c2e2441738bc99a70bbc74796...
Processing category: Sexual & Reproductive Health
  Found module: Modern Contraception -> b5049ecc8f424d29892ee2067deda8aa
  Found module: Safe Abortion -> a367e7516e0a45788645e81ecb040f57
  Found module: Post Abortion Care -> f463550a62e34cf8ab9e0d009ebfbcd9
  Found module: Female Genital Mutilation -> 33ce78b0a4b9413cbaeb8bb64401e7a2
  Total modules found: 4
  Category exists: 49e8f92c670c41f2af44e734877cb90f, patching...
  ✓ Activated category version: 33f3851ccb9b477486faeb0438bfb41a (Universal)
Processing category: Complications During Pregnancy, Labour and Birth
  Found module: Hypertension -> cf65540dfc84495f8b0989838c70ca90
  Found module: Prolonged Labour -> c0ec3c44ae6845a0b2f81724f3edff66
  Found module: Post Partum Hemorrhage -> c4d949440c4e4b17828bdbf86b7696ac
  Found module: Maternal Sepsis -> c2ada5772a1f418bbbbe28671e24ddb0
  Found module: Manual Removal of Placenta -> b9d9955b73e1429997aa8d5bc02236e5
  Found module: Gestational Diabetes Mellitus -> f9dd5e3bf9a044b2bb689232e0561f01
  Total modules found: 6
  Category exists: 3bfc625e1a6b428497e5bc81fa4f1bca, patching...
  ✓ Activated category version: 40a35c9a46d0448c8e656f50e4898cab (Universal)
Processing category: Maternal Health
  Found module: Antenatal Care -> 77c309e4f5534cd78e6d460a6d3d92ff
  Found module: Postnatal Care -> a5a832ca90f44078b3cd0a1527d510e3
  Found module: Normal Labour and Birth -> f43eaea27d5e48f5bd05e644eae8e964
  Found module: Active Management of Third Stage Labour -> bc3552fbf01248d08b28603ee0f94808
  Found module: Perinatal Mental Health -> a4ba3920c4b0497a96b4e2390f07596a
  Total modules found: 5
  Category exists: ca73eed95d8a4a1696fc8f68117f7a32, patching...
  ✓ Activated category version: 0f03eb4fe51b4c16af7f806cbb1a12e9 (Universal)
Processing category: Newborn Health
  Found module: Neonatal Resuscitation -> 3a96411664bb415c93ae13686c23c707
  Found module: Newborn Management -> 5a1ab947c8c44bbab82ff6b45ff2c47a
  Found module: Low Birth Weight -> b94b9f3d16d64b8fa56d5fc9d1639438
  Total modules found: 3
  Category exists: da2fe425eb2b476ba0ba2c3862781396, patching...
  ✓ Activated category version: 6a78f872e2f84aefbc01160c67fc1047 (Universal)
Processing category: Infection Prevention
  Found module: Infection Prevention -> dc011a45cf964d1e94f481b0e0ef291a
  Found module: COVID-19 -> 894e9b8f336a4049bf0268e39b9e403c
  Total modules found: 2
  Category exists: 102d9f0473e74730a3447ec1f00c41b9, patching...
  ✓ Activated category version: 25260d2f64ec47c3a7b25094bc6d6a2b (Universal)
Error linking categories: 404 Client Error: Not Found for url: http://135.225.105.160:8004/languages/cc8fdc7c2e2441738bc99a70bbc74796/link/categories

=== STEP 6: Post Certificates ===
  📂 Loaded 2 local certificate mappings.
  🔄 Fetching all existing certificates from LME for caching...
  ✅ Cached 2 existing certificates from API.

🚀 Starting CERTIFICATE migration...
  Found 159 certificate documents in Cosmos.
  Filtered to 45 unique latest certificates.
  Grouped into 1 certificate families.

================================================================================
Processing Certificate Group 1/1: certificate-2017_1503996242450
================================================================================
  ℹ️ Language-specific migration mode for: Certificate 2017
     Attempting to find existing global certificate...
  → Found in slug cache (cert-certificate-2017): fd698c810e8f41a682b03c781de0e088
  ✅ Found existing global certificate: fd698c810e8f41a682b03c781de0e088

  📚 Found 1 valid translation(s) to migrate
     Parent certificate ID: fd698c810e8f41a682b03c781de0e088

  ────────────────────────────────────────────────────────────────────────────
  🌍 Translation 1/1: Language f3bb22c9-d64b-26e3-cbf9-e5418e905fb1
  ────────────────────────────────────────────────────────────────────────────

📜 Processing TRANSLATED Certificate: 'Certificate 2017'
   Language: f3bb22c9-d64b-26e3-cbf9-e5418e905fb1
   Parent ID: fd698c810e8f41a682b03c781de0e088
  ✅ Content uploaded: 547c113b6f53489ca62d...
Loaded 1799 asset mappings from file
Using cached asset_id: b8d5f53c29e24f8bbc1500d824ae4c67
Using cached asset_id: b8d5f53c29e24f8bbc1500d824ae4c67
Using cached asset_id: bd76c96a50a449298da38981c9e4da43
Using cached asset_id: d5def5bfd979473bafb1a67a0daac73b
Using cached asset_id: d5def5bfd979473bafb1a67a0daac73b
Using cached asset_id: c22bd8991eba46e792a8acafcdae1ba5
Using cached asset_id: a960b7ff748a425b8ffdb6e7f208699d
Using cached asset_id: 5716016429d9482b8229452276a0846e
Using cached asset_id: 5716016429d9482b8229452276a0846e
Using cached asset_id: 8efddd807c1c498193ed89cd26235b89
Using cached asset_id: 8efddd807c1c498193ed89cd26235b89
Using cached asset_id: 40b1c3f6b86a4814bd7460467d7d79a9
Using cached asset_id: 40b1c3f6b86a4814bd7460467d7d79a9
Using cached asset_id: 1c170cdd16774a5f80e1c9ef5c186782
Using cached asset_id: 26be3b7c0cb54c68b8478fdf90010489
Using cached asset_id: 9fd473f807f345b287442d51c0acf5d2
Using cached asset_id: 737426c7697d41989a9cb5e6bb2d521e
Using cached asset_id: ea8f48d2eeab4281ae19da92d8d9ec7a
Using cached asset_id: ea8f48d2eeab4281ae19da92d8d9ec7a
Using cached asset_id: 4f02d4e5b02b4008ab0b15b9c3a843c5
Using cached asset_id: 844afe4430b6494daa1066417e405a07
Using cached asset_id: ea604215abe14b7b89b5f9ee69aa06a3
Using cached asset_id: 4f02d4e5b02b4008ab0b15b9c3a843c5
Using cached asset_id: da7bd4f0416f4d0d928d4e1b2f4acdcf
Using cached asset_id: 77dce47aa33a43f682ed90cb5f38d914
Using cached asset_id: 5fa710d802134a29bbb076576df51324
Using cached asset_id: 22224adaaa3f4575946bd0390bbd6f0d
Using cached asset_id: d8ae6566320d43f495e9325d9c0ad8b2
Using cached asset_id: e5d6ab760bc84bfd8e7013e5f747d5be
Using cached asset_id: c57644e351b44b069c23fd70f482a00f
Using cached asset_id: 823c13c1c66b42f0ba07fdde73f8ec32
Using cached asset_id: 4f5c75e3f6ec468d8ca8904e0364fb22
Using cached asset_id: 21a999c0508249ae9af7816de52adef2
Using cached asset_id: 21a999c0508249ae9af7816de52adef2
Using cached asset_id: ea8f48d2eeab4281ae19da92d8d9ec7a
Using cached asset_id: cf160558b6fa42f88b6383f7a27417c1
Using cached asset_id: cf160558b6fa42f88b6383f7a27417c1
Using cached asset_id: bf25d0695fe64f5896a37b6d66c9fe28
Using cached asset_id: fad8d478eb7b493498c5259f56e5a3b6
Using cached asset_id: fad8d478eb7b493498c5259f56e5a3b6
Using cached asset_id: 7d8845ae1edc4b799b0edb41186ae3b4
Using cached asset_id: 9b7fc3b16b6343bc873ccddc9f61d6a5
Using cached asset_id: 86753087f3424abbb496757040d38414
Using cached asset_id: 8423d3c7ba554b16bc9cb14db5470f35
Using cached asset_id: d96ab1877765411c8c4fb9162fec53f3
Using cached asset_id: d96ab1877765411c8c4fb9162fec53f3
Downloading icon asset from https://sdacms.blob.core.windows.net/content/assets/images/africa/key%20learning%20points/Neonatal%20resuscitation/preterm.png
Cached and saved asset_id for https://sdacms.blob.core.windows.net/content/assets/images/africa/key%20learning%20points/Neonatal%20resuscitation/preterm.png: 3545ed464ec743619b24999262b6b269
Using cached asset_id: 8423d3c7ba554b16bc9cb14db5470f35
Using cached asset_id: 8423d3c7ba554b16bc9cb14db5470f35
Using cached asset_id: 12c8da0340aa44748ec1b88c926bfb8c
Using cached asset_id: 1ef12b9a2eee4250aa9035938ea086f1
Using cached asset_id: 1ef12b9a2eee4250aa9035938ea086f1
Using cached asset_id: 9b7fc3b16b6343bc873ccddc9f61d6a5
Using cached asset_id: 0701ad5e380e4e86b21c26bd66ea197b
Using cached asset_id: 0701ad5e380e4e86b21c26bd66ea197b
Using cached asset_id: 25f6b3195267466893384b70c337e52f
Using cached asset_id: 1f346f0c7306403f9dc01acb9f0cb3df
Using cached asset_id: c5905bbd5ea44e7faee6e2f50108e0ca
Using cached asset_id: ce4375b424334bbfb53c6a327ad7cd22
Using cached asset_id: 8423d3c7ba554b16bc9cb14db5470f35
Using cached asset_id: bc1f813497a145cfb7d2f235eacbd8ad
Using cached asset_id: bc1f813497a145cfb7d2f235eacbd8ad
Using cached asset_id: e00cf4f7c15e4e538d21445058d347b3
Using cached asset_id: 6eb84721911340c58c36bbbccac4d60d
Downloading icon asset from https://sdacms.blob.core.windows.net/content/assets/images/africa/key%20learning%20points/Manual%20removal%20of%20placenta/woman_in_shock.png
Cached and saved asset_id for https://sdacms.blob.core.windows.net/content/assets/images/africa/key%20learning%20points/Manual%20removal%20of%20placenta/woman_in_shock.png: 333ec8ac18c44eb4b02de8a385054983
Using cached asset_id: 9c9a19f80c714da5ba55d6a6c7e1e759
Using cached asset_id: e6e8715ab0a44861af70c8100dd5580b
Using cached asset_id: e6e8715ab0a44861af70c8100dd5580b
Using cached asset_id: fd392f180a41459bb7e0e8622ca2340f
Using cached asset_id: 0980ee1bcfd94506963d14056602416e
Using cached asset_id: f7710af339fa4530b7157bd375be876a
  → Creating VERSION via POST http://135.225.105.160:8004/certificates (derived_from_id=fd698c810e8f41a682b03c781de0e088)
  ✅ Certificate created successfully
     Cosmos ID: 41fc6506-2053-7700-bef2-f80bc8171638
     LME ID: 550d19ae70e245edb6fe91a757c1b318
  → Activating version 701e25c489844469947fcee320f10889 via PATCH http://135.225.105.160:8004/certificates/versions/701e25c489844469947fcee320f10889/status
  ✅ Version activated successfully.
  ✅ Translation version created: 550d19ae70e245edb6fe91a757c1b318

================================================================================
Certificate migration completed!
================================================================================

=== STEP 7: Post Settings Screens ===
  Filtered settings migration to 3 languages (from languages.csv).
2026-03-11 19:39:40,027 - INFO - Loaded 1 screen data mappings from CSV
2026-03-11 19:39:40,027 - INFO - ============================================================
2026-03-11 19:39:40,028 - INFO - Starting Settings Screen Migration
2026-03-11 19:39:40,028 - INFO - ============================================================
2026-03-11 19:39:40,028 - INFO - ✅ Found existing GLOBAL screen data: 72dc624865264f4290897d93c7916cda
2026-03-11 19:39:40,028 - INFO -    Skipping Step 1 (original already exists from global migration)
2026-03-11 19:39:40,028 - INFO - 
📌 Step 2: Patching TRANSLATED screen data
2026-03-11 19:39:40,028 - INFO - ----------------------------------------
2026-03-11 19:39:40,028 - INFO - 
🌐 Processing: 7cf6efab-a9d7-54d2-2cbd-ec82efe4a7da (region=africa)
2026-03-11 19:39:40,125 - WARNING - No about sections for 7cf6efab-a9d7-54d2-2cbd-ec82efe4a7da
2026-03-11 19:39:40,125 - INFO - 
🌐 Processing: 49bc07fa-9ad4-816c-17db-e693a28dd40f (region=india)
2026-03-11 19:39:40,238 - INFO -    Found 12 about sections
2026-03-11 19:39:40,238 - INFO -    Processing section: thankyou
Downloading icon asset from https://sdacms.blob.core.windows.net/content/assets/images/africa/https%3A//sdacms.blob.core.windows.net/content/assets/images/india/logos/World_Diabetic_Foundation.png
Error downloading icon asset https://sdacms.blob.core.windows.net/content/assets/images/africa/https%3A//sdacms.blob.core.windows.net/content/assets/images/india/logos/World_Diabetic_Foundation.png: 404 Client Error: The specified blob does not exist. for url: https://sdacms.blob.core.windows.net/content/assets/images/africa/https%3A//sdacms.blob.core.windows.net/content/assets/images/india/logos/World_Diabetic_Foundation.png
2026-03-11 19:39:40,553 - INFO -    ✅ thankyou: content=9f0cf377278748a49aeeeb91ff0fd088, icon=None
2026-03-11 19:39:40,553 - INFO -    Processing section: feedback-and-troubleshooting
2026-03-11 19:39:40,672 - INFO -    ✅ feedback-and-troubleshooting: content=9cfd7a255b8145ab9113b9741fdb723f, icon=None
2026-03-11 19:39:40,672 - INFO -    Processing section: background-survey
2026-03-11 19:39:40,823 - INFO -    ✅ background-survey: content=444c2989090941febaf409d07bc9e736, icon=None
2026-03-11 19:39:40,824 - INFO -    Processing section: lp-introduction
2026-03-11 19:39:40,941 - INFO -    ✅ lp-introduction: content=3748463e7be6440490eec33ba467c7bd, icon=None
2026-03-11 19:39:40,941 - INFO -    Processing section: introduction
2026-03-11 19:39:41,054 - INFO -    ✅ introduction: content=ca319b1fa57b4aab84ed9adba094823d, icon=None
2026-03-11 19:39:41,055 - INFO -    Processing section: welcome
Downloading icon asset from https://sdacms.blob.core.windows.net/content/assets/images/africa/https%3A//sdacms.blob.core.windows.net/content/assets/images/india/icon/module/active_management_of_third_stage_labour_alt.png
Error downloading icon asset https://sdacms.blob.core.windows.net/content/assets/images/africa/https%3A//sdacms.blob.core.windows.net/content/assets/images/india/icon/module/active_management_of_third_stage_labour_alt.png: 404 Client Error: The specified blob does not exist. for url: https://sdacms.blob.core.windows.net/content/assets/images/africa/https%3A//sdacms.blob.core.windows.net/content/assets/images/india/icon/module/active_management_of_third_stage_labour_alt.png
2026-03-11 19:39:41,341 - INFO -    ✅ welcome: content=444a461ac2b64b3889ae06d5595e7542, icon=None
2026-03-11 19:39:41,342 - INFO -    Processing section: comingsoon
2026-03-11 19:39:41,463 - INFO -    ✅ comingsoon: content=2cb1eb661d8c452cb9aa2cb8a69cce60, icon=None
2026-03-11 19:39:41,463 - INFO -    Processing section: upq-introduction
2026-03-11 19:39:41,574 - INFO -    ✅ upq-introduction: content=ebc5bf5016dc4afea46ef1e4077212bb, icon=None
2026-03-11 19:39:41,575 - INFO -    Processing section: developers
Downloading icon asset from https://sdacms.blob.core.windows.net/content/assets/images/africa/https%3A//sdacms.blob.core.windows.net/content/assets/images/india/logos/Developer%20logos_India.png
Error downloading icon asset https://sdacms.blob.core.windows.net/content/assets/images/africa/https%3A//sdacms.blob.core.windows.net/content/assets/images/india/logos/Developer%20logos_India.png: 404 Client Error: The specified blob does not exist. for url: https://sdacms.blob.core.windows.net/content/assets/images/africa/https%3A//sdacms.blob.core.windows.net/content/assets/images/india/logos/Developer%20logos_India.png
2026-03-11 19:39:41,870 - INFO -    ✅ developers: content=f0e567f241e74501897ed285ab9e146b, icon=None
2026-03-11 19:39:41,871 - INFO -    Processing section: disclaimer
2026-03-11 19:39:41,983 - INFO -    ✅ disclaimer: content=716f3c49fad54899849ad11f0eaeb555, icon=None
2026-03-11 19:39:41,983 - INFO -    Processing section: copyright
2026-03-11 19:39:42,097 - INFO -    ✅ copyright: content=24a4326592e54d18920fb35bbea10651, icon=None
2026-03-11 19:39:42,098 - INFO -    Processing section: upq-thankyou
2026-03-11 19:39:42,211 - INFO -    ✅ upq-thankyou: content=812e3c4555894d048c53417337b6493b, icon=None
2026-03-11 19:39:42,211 - INFO - PATCHing translated screen data to http://135.225.105.160:8004/settings-screens/72dc624865264f4290897d93c7916cda
2026-03-11 19:39:42,409 - INFO - ✅ Created translated screen data for india (lang=e1ac44f0af3443719b2bc0cc730d6d75)
2026-03-11 19:39:42,491 - INFO -    ✓ Activated screen data version: 3451aae733ad4b41b47c18f22a6c8808
2026-03-11 19:39:42,492 - INFO - 
🌐 Processing: f3bb22c9-d64b-26e3-cbf9-e5418e905fb1 (region=africa)
2026-03-11 19:39:42,601 - INFO -    Found 12 about sections
2026-03-11 19:39:42,601 - INFO -    Processing section: lp-introduction
2026-03-11 19:39:42,718 - INFO -    ✅ lp-introduction: content=41cf402d5e7247c2bcf8a08f152ad73c, icon=None
2026-03-11 19:39:42,718 - INFO -    Processing section: introduction
2026-03-11 19:39:42,842 - INFO -    ✅ introduction: content=a847f3c6037e47f7a8791c546a318af3, icon=None
2026-03-11 19:39:42,842 - INFO -    Processing section: feedback-and-troubleshooting
2026-03-11 19:39:42,966 - INFO -    ✅ feedback-and-troubleshooting: content=e4014a413fc542f1bb305e787f8536b2, icon=None
2026-03-11 19:39:42,967 - INFO -    Processing section: upq-introduction
2026-03-11 19:39:43,080 - INFO -    ✅ upq-introduction: content=f65758db98a74639bb9f54fc228b646f, icon=None
2026-03-11 19:39:43,080 - INFO -    Processing section: background-survey
2026-03-11 19:39:43,198 - INFO -    ✅ background-survey: content=b1fb92c8fa134c8996e93bd91114e2fd, icon=None
2026-03-11 19:39:43,198 - INFO -    Processing section: comingsoon
2026-03-11 19:39:43,320 - INFO -    ✅ comingsoon: content=970a9c7f0bfc4deab314223514e5f75b, icon=None
2026-03-11 19:39:43,321 - INFO -    Processing section: upq-thankyou
2026-03-11 19:39:43,434 - INFO -    ✅ upq-thankyou: content=602556c3a62244c59ef83dec2096fe67, icon=None
2026-03-11 19:39:43,434 - INFO -    Processing section: disclaimer
2026-03-11 19:39:43,552 - INFO -    ✅ disclaimer: content=ae349df2317a43829edfb095fb1c0bfa, icon=None
2026-03-11 19:39:43,552 - INFO -    Processing section: welcome
Downloading icon asset from https://sdacms.blob.core.windows.net/content/assets/images/africa/https%3A//sdacms.blob.core.windows.net/content/assets/images/africa/icon/module/active_management_of_third_stage_labour_alt.png
Error downloading icon asset https://sdacms.blob.core.windows.net/content/assets/images/africa/https%3A//sdacms.blob.core.windows.net/content/assets/images/africa/icon/module/active_management_of_third_stage_labour_alt.png: 404 Client Error: The specified blob does not exist. for url: https://sdacms.blob.core.windows.net/content/assets/images/africa/https%3A//sdacms.blob.core.windows.net/content/assets/images/africa/icon/module/active_management_of_third_stage_labour_alt.png
2026-03-11 19:39:43,837 - INFO -    ✅ welcome: content=32b5c19ecd3e4058a79d12c2b2022aa4, icon=None
2026-03-11 19:39:43,837 - INFO -    Processing section: copyright
2026-03-11 19:39:43,952 - INFO -    ✅ copyright: content=a0d20ec10cde4551acc9a5213147faaf, icon=None
2026-03-11 19:39:43,952 - INFO -    Processing section: thankyou
Downloading icon asset from https://sdacms.blob.core.windows.net/content/assets/images/africa/https%3A//sdacms.blob.core.windows.net/content/assets/images/africa/logos/MSD%20for%20Mothers.png
Error downloading icon asset https://sdacms.blob.core.windows.net/content/assets/images/africa/https%3A//sdacms.blob.core.windows.net/content/assets/images/africa/logos/MSD%20for%20Mothers.png: 404 Client Error: The specified blob does not exist. for url: https://sdacms.blob.core.windows.net/content/assets/images/africa/https%3A//sdacms.blob.core.windows.net/content/assets/images/africa/logos/MSD%20for%20Mothers.png
2026-03-11 19:39:44,233 - INFO -    ✅ thankyou: content=35e4346b0ba74bc1a134c4a25e9e84fe, icon=None
2026-03-11 19:39:44,233 - INFO -    Processing section: developers
Downloading icon asset from https://sdacms.blob.core.windows.net/content/assets/images/africa/https%3A//sdacms.blob.core.windows.net/content/assets/images/africa/logos/Developer%20logos.png
Error downloading icon asset https://sdacms.blob.core.windows.net/content/assets/images/africa/https%3A//sdacms.blob.core.windows.net/content/assets/images/africa/logos/Developer%20logos.png: 404 Client Error: The specified blob does not exist. for url: https://sdacms.blob.core.windows.net/content/assets/images/africa/https%3A//sdacms.blob.core.windows.net/content/assets/images/africa/logos/Developer%20logos.png
2026-03-11 19:39:44,534 - INFO -    ✅ developers: content=5c9d6c5037ac4959a188f703b81532eb, icon=None
2026-03-11 19:39:44,535 - INFO - PATCHing translated screen data to http://135.225.105.160:8004/settings-screens/72dc624865264f4290897d93c7916cda
2026-03-11 19:39:44,726 - INFO - ✅ Created translated screen data for africa (lang=cc8fdc7c2e2441738bc99a70bbc74796)
2026-03-11 19:39:44,784 - INFO -    ✓ Activated screen data version: d40ba52eafb44421ae0fea48e74184a4
2026-03-11 19:39:44,784 - INFO - 
============================================================
2026-03-11 19:39:44,784 - INFO - Settings Screen Migration Complete! (2 languages patched)
2026-03-11 19:39:44,784 - INFO - ============================================================

=== STEP 8: Post Onboarding Flows ===
  ⚠️  Mapping file not found: /home/azureuser/content_migrator/data/mappings/onboarding_mapping.csv
  ❌ No onboarding_flow_id available. Run global migration first.
  ⚠️  Mapping file not found: /home/azureuser/content_migrator/data/mappings/onboarding_mapping.csv
  ❌ No onboarding_flow_id available. Run global migration first.
  ⚠️  Mapping file not found: /home/azureuser/content_migrator/data/mappings/onboarding_mapping.csv
  ❌ No onboarding_flow_id available. Run global migration first.
  Onboarding: 0 patched, 3 skipped.

=== STAGE 2 COMPLETE ===
Languages, resources, KLPs, modules, categories, certificates, settings screens, and onboarding flows posted.
