[csv_resource_map] Loaded 21 modules from CSV resource map.
Starting Stage 2 (posting from CSVs), starting from: languages...
Loaded 5 existing language mappings
Loaded 165 queued resource slugs
Loaded 1176 existing resource mappings
Loaded 430 queued KLP slugs
Loaded 886 existing KLP mappings
Loaded 12 queued module slugs

=== STEP 1: Post Languages ===
Skipping cosmos_id f3bb22c9-d64b-26e3-cbf9-e5418e905fb1; mapping already exists
Skipping cosmos_id f3bb22c9-d64b-26e3-cbf9-e5418e905fb1; mapping already exists

=== STEP 2: Post Resources ===
Ensuring linked resources exist (creating placeholders)...
  → Recovered missing Language ID for Resource via mapping: 22e3f4588c9d4b75b6ad515cac765d4d
  → Recovered missing Language ID for Resource via mapping: 22e3f4588c9d4b75b6ad515cac765d4d
  → Recovered missing Language ID for Resource via mapping: 22e3f4588c9d4b75b6ad515cac765d4d
  → Recovered missing Language ID for Resource via mapping: 22e3f4588c9d4b75b6ad515cac765d4d
  → Recovered missing Language ID for Resource via mapping: 22e3f4588c9d4b75b6ad515cac765d4d
  → Recovered missing Language ID for Resource via mapping: 22e3f4588c9d4b75b6ad515cac765d4d
  → Recovered missing Language ID for Resource via mapping: 22e3f4588c9d4b75b6ad515cac765d4d
  → Recovered missing Language ID for Resource via mapping: 22e3f4588c9d4b75b6ad515cac765d4d
  → Recovered missing Language ID for Resource via mapping: 22e3f4588c9d4b75b6ad515cac765d4d
  → Recovered missing Language ID for Resource via mapping: 22e3f4588c9d4b75b6ad515cac765d4d
  → Recovered missing Language ID for Resource via mapping: 22e3f4588c9d4b75b6ad515cac765d4d
  → Recovered missing Language ID for Resource via mapping: 22e3f4588c9d4b75b6ad515cac765d4d
  → Recovered missing Language ID for Resource via mapping: 22e3f4588c9d4b75b6ad515cac765d4d
  → Recovered missing Language ID for Resource via mapping: 22e3f4588c9d4b75b6ad515cac765d4d
  → Recovered missing Language ID for Resource via mapping: 22e3f4588c9d4b75b6ad515cac765d4d
  → Recovered missing Language ID for Resource via mapping: 22e3f4588c9d4b75b6ad515cac765d4d
  → Recovered missing Language ID for Resource via mapping: 22e3f4588c9d4b75b6ad515cac765d4d
  → Recovered missing Language ID for Resource via mapping: 22e3f4588c9d4b75b6ad515cac765d4d
  → Recovered missing Language ID for Resource via mapping: 22e3f4588c9d4b75b6ad515cac765d4d
  → Recovered missing Language ID for Resource via mapping: 22e3f4588c9d4b75b6ad515cac765d4d
  → Recovered missing Language ID for Resource via mapping: 22e3f4588c9d4b75b6ad515cac765d4d
  → Recovered missing Language ID for Resource via mapping: 22e3f4588c9d4b75b6ad515cac765d4d
  → Recovered missing Language ID for Resource via mapping: 22e3f4588c9d4b75b6ad515cac765d4d
  → Recovered missing Language ID for Resource via mapping: 22e3f4588c9d4b75b6ad515cac765d4d
  → Recovered missing Language ID for Resource via mapping: 22e3f4588c9d4b75b6ad515cac765d4d
  → Recovered missing Language ID for Resource via mapping: 22e3f4588c9d4b75b6ad515cac765d4d
  → Recovered missing Language ID for Resource via mapping: 22e3f4588c9d4b75b6ad515cac765d4d
  → Recovered missing Language ID for Resource via mapping: 22e3f4588c9d4b75b6ad515cac765d4d
  → Recovered missing Language ID for Resource via mapping: 22e3f4588c9d4b75b6ad515cac765d4d
  → Recovered missing Language ID for Resource via mapping: 22e3f4588c9d4b75b6ad515cac765d4d
  → Recovered missing Language ID for Resource via mapping: 22e3f4588c9d4b75b6ad515cac765d4d
  → Recovered missing Language ID for Resource via mapping: 22e3f4588c9d4b75b6ad515cac765d4d
  → Recovered missing Language ID for Resource via mapping: 22e3f4588c9d4b75b6ad515cac765d4d
  → Recovered missing Language ID for Resource via mapping: 22e3f4588c9d4b75b6ad515cac765d4d
  → Recovered missing Language ID for Resource via mapping: 22e3f4588c9d4b75b6ad515cac765d4d
  → Recovered missing Language ID for Resource via mapping: 22e3f4588c9d4b75b6ad515cac765d4d
  → Recovered missing Language ID for Resource via mapping: 22e3f4588c9d4b75b6ad515cac765d4d
  → Recovered missing Language ID for Resource via mapping: 22e3f4588c9d4b75b6ad515cac765d4d
  → Recovered missing Language ID for Resource via mapping: 22e3f4588c9d4b75b6ad515cac765d4d
  → Recovered missing Language ID for Resource via mapping: 22e3f4588c9d4b75b6ad515cac765d4d
  → Recovered missing Language ID for Resource via mapping: 22e3f4588c9d4b75b6ad515cac765d4d
  → Recovered missing Language ID for Resource via mapping: 22e3f4588c9d4b75b6ad515cac765d4d
  → Recovered missing Language ID for Resource via mapping: 22e3f4588c9d4b75b6ad515cac765d4d
  → Recovered missing Language ID for Resource via mapping: 22e3f4588c9d4b75b6ad515cac765d4d
  → Recovered missing Language ID for Resource via mapping: 22e3f4588c9d4b75b6ad515cac765d4d
  → Recovered missing Language ID for Resource via mapping: 22e3f4588c9d4b75b6ad515cac765d4d
  → Recovered missing Language ID for Resource via mapping: 22e3f4588c9d4b75b6ad515cac765d4d
  → Recovered missing Language ID for Resource via mapping: 22e3f4588c9d4b75b6ad515cac765d4d
  → Recovered missing Language ID for Resource via mapping: 22e3f4588c9d4b75b6ad515cac765d4d
  → Recovered missing Language ID for Resource via mapping: 22e3f4588c9d4b75b6ad515cac765d4d
  → Recovered missing Language ID for Resource via mapping: 22e3f4588c9d4b75b6ad515cac765d4d
  → Recovered missing Language ID for Resource via mapping: 22e3f4588c9d4b75b6ad515cac765d4d
  → Recovered missing Language ID for Resource via mapping: 22e3f4588c9d4b75b6ad515cac765d4d
  → Recovered missing Language ID for Resource via mapping: 22e3f4588c9d4b75b6ad515cac765d4d
  → Recovered missing Language ID for Resource via mapping: 22e3f4588c9d4b75b6ad515cac765d4d
  → Recovered missing Language ID for Resource via mapping: 22e3f4588c9d4b75b6ad515cac765d4d
  → Recovered missing Language ID for Resource via mapping: 22e3f4588c9d4b75b6ad515cac765d4d
  → Recovered missing Language ID for Resource via mapping: 22e3f4588c9d4b75b6ad515cac765d4d
  → Recovered missing Language ID for Resource via mapping: 22e3f4588c9d4b75b6ad515cac765d4d
  → Recovered missing Language ID for Resource via mapping: 22e3f4588c9d4b75b6ad515cac765d4d
  → Recovered missing Language ID for Resource via mapping: 22e3f4588c9d4b75b6ad515cac765d4d
  → Recovered missing Language ID for Resource via mapping: 22e3f4588c9d4b75b6ad515cac765d4d
  → Recovered missing Language ID for Resource via mapping: 22e3f4588c9d4b75b6ad515cac765d4d
  → Recovered missing Language ID for Resource via mapping: 22e3f4588c9d4b75b6ad515cac765d4d
  → Recovered missing Language ID for Resource via mapping: 22e3f4588c9d4b75b6ad515cac765d4d
  → Recovered missing Language ID for Resource via mapping: 22e3f4588c9d4b75b6ad515cac765d4d
  → Recovered missing Language ID for Resource via mapping: 22e3f4588c9d4b75b6ad515cac765d4d
  → Recovered missing Language ID for Resource via mapping: 22e3f4588c9d4b75b6ad515cac765d4d
  → Recovered missing Language ID for Resource via mapping: 22e3f4588c9d4b75b6ad515cac765d4d
  → Recovered missing Language ID for Resource via mapping: 22e3f4588c9d4b75b6ad515cac765d4d
  → Recovered missing Language ID for Resource via mapping: 22e3f4588c9d4b75b6ad515cac765d4d
  → Recovered missing Language ID for Resource via mapping: 22e3f4588c9d4b75b6ad515cac765d4d
  → Recovered missing Language ID for Resource via mapping: 22e3f4588c9d4b75b6ad515cac765d4d
  → Recovered missing Language ID for Resource via mapping: 22e3f4588c9d4b75b6ad515cac765d4d
  → Recovered missing Language ID for Resource via mapping: 22e3f4588c9d4b75b6ad515cac765d4d
  → Recovered missing Language ID for Resource via mapping: 22e3f4588c9d4b75b6ad515cac765d4d
  → Recovered missing Language ID for Resource via mapping: 22e3f4588c9d4b75b6ad515cac765d4d
  → Recovered missing Language ID for Resource via mapping: 22e3f4588c9d4b75b6ad515cac765d4d
  → Recovered missing Language ID for Resource via mapping: 22e3f4588c9d4b75b6ad515cac765d4d
  → Recovered missing Language ID for Resource via mapping: 22e3f4588c9d4b75b6ad515cac765d4d
  → Recovered missing Language ID for Resource via mapping: 22e3f4588c9d4b75b6ad515cac765d4d
  → Recovered missing Language ID for Resource via mapping: 22e3f4588c9d4b75b6ad515cac765d4d
  → Recovered missing Language ID for Resource via mapping: 22e3f4588c9d4b75b6ad515cac765d4d
  → Recovered missing Language ID for Resource via mapping: 22e3f4588c9d4b75b6ad515cac765d4d
  → Recovered missing Language ID for Resource via mapping: 22e3f4588c9d4b75b6ad515cac765d4d
  → Recovered missing Language ID for Resource via mapping: 22e3f4588c9d4b75b6ad515cac765d4d
  → Recovered missing Language ID for Resource via mapping: 22e3f4588c9d4b75b6ad515cac765d4d
  → Recovered missing Language ID for Resource via mapping: 22e3f4588c9d4b75b6ad515cac765d4d
  → Recovered missing Language ID for Resource via mapping: 22e3f4588c9d4b75b6ad515cac765d4d
  → Recovered missing Language ID for Resource via mapping: 22e3f4588c9d4b75b6ad515cac765d4d
  → Recovered missing Language ID for Resource via mapping: 22e3f4588c9d4b75b6ad515cac765d4d
  → Recovered missing Language ID for Resource via mapping: 22e3f4588c9d4b75b6ad515cac765d4d
  → Recovered missing Language ID for Resource via mapping: 22e3f4588c9d4b75b6ad515cac765d4d
  → Recovered missing Language ID for Resource via mapping: 22e3f4588c9d4b75b6ad515cac765d4d
  → Recovered missing Language ID for Resource via mapping: 22e3f4588c9d4b75b6ad515cac765d4d
  → Recovered missing Language ID for Resource via mapping: 22e3f4588c9d4b75b6ad515cac765d4d
  → Recovered missing Language ID for Resource via mapping: 22e3f4588c9d4b75b6ad515cac765d4d
  → Recovered missing Language ID for Resource via mapping: 22e3f4588c9d4b75b6ad515cac765d4d
  → Recovered missing Language ID for Resource via mapping: 22e3f4588c9d4b75b6ad515cac765d4d
  → Recovered missing Language ID for Resource via mapping: 22e3f4588c9d4b75b6ad515cac765d4d
  → Recovered missing Language ID for Resource via mapping: 22e3f4588c9d4b75b6ad515cac765d4d
  → Recovered missing Language ID for Resource via mapping: 22e3f4588c9d4b75b6ad515cac765d4d
  → Recovered missing Language ID for Resource via mapping: 22e3f4588c9d4b75b6ad515cac765d4d
  → Recovered missing Language ID for Resource via mapping: 22e3f4588c9d4b75b6ad515cac765d4d
  → Recovered missing Language ID for Resource via mapping: 22e3f4588c9d4b75b6ad515cac765d4d
  → Recovered missing Language ID for Resource via mapping: 22e3f4588c9d4b75b6ad515cac765d4d
  → Recovered missing Language ID for Resource via mapping: 22e3f4588c9d4b75b6ad515cac765d4d
  → Recovered missing Language ID for Resource via mapping: 22e3f4588c9d4b75b6ad515cac765d4d
  → Recovered missing Language ID for Resource via mapping: 22e3f4588c9d4b75b6ad515cac765d4d
  → Recovered missing Language ID for Resource via mapping: 22e3f4588c9d4b75b6ad515cac765d4d
  → Recovered missing Language ID for Resource via mapping: 22e3f4588c9d4b75b6ad515cac765d4d
  → Recovered missing Language ID for Resource via mapping: 22e3f4588c9d4b75b6ad515cac765d4d
  → Recovered missing Language ID for Resource via mapping: 22e3f4588c9d4b75b6ad515cac765d4d
  → Recovered missing Language ID for Resource via mapping: 22e3f4588c9d4b75b6ad515cac765d4d
  → Recovered missing Language ID for Resource via mapping: 22e3f4588c9d4b75b6ad515cac765d4d
  → Recovered missing Language ID for Resource via mapping: 22e3f4588c9d4b75b6ad515cac765d4d
  → Recovered missing Language ID for Resource via mapping: 22e3f4588c9d4b75b6ad515cac765d4d
  → Recovered missing Language ID for Resource via mapping: 22e3f4588c9d4b75b6ad515cac765d4d
  → Recovered missing Language ID for Resource via mapping: 22e3f4588c9d4b75b6ad515cac765d4d
  → Recovered missing Language ID for Resource via mapping: 22e3f4588c9d4b75b6ad515cac765d4d
  → Recovered missing Language ID for Resource via mapping: 22e3f4588c9d4b75b6ad515cac765d4d
  → Recovered missing Language ID for Resource via mapping: 22e3f4588c9d4b75b6ad515cac765d4d
  → Recovered missing Language ID for Resource via mapping: 22e3f4588c9d4b75b6ad515cac765d4d
  → Recovered missing Language ID for Resource via mapping: 22e3f4588c9d4b75b6ad515cac765d4d
  → Recovered missing Language ID for Resource via mapping: 22e3f4588c9d4b75b6ad515cac765d4d
  → Recovered missing Language ID for Resource via mapping: 22e3f4588c9d4b75b6ad515cac765d4d
  → Recovered missing Language ID for Resource via mapping: 22e3f4588c9d4b75b6ad515cac765d4d
  → Recovered missing Language ID for Resource via mapping: 22e3f4588c9d4b75b6ad515cac765d4d
  → Recovered missing Language ID for Resource via mapping: 22e3f4588c9d4b75b6ad515cac765d4d
  → Recovered missing Language ID for Resource via mapping: 22e3f4588c9d4b75b6ad515cac765d4d
  → Recovered missing Language ID for Resource via mapping: 22e3f4588c9d4b75b6ad515cac765d4d
  → Recovered missing Language ID for Resource via mapping: 22e3f4588c9d4b75b6ad515cac765d4d
  → Recovered missing Language ID for Resource via mapping: 22e3f4588c9d4b75b6ad515cac765d4d
  → Recovered missing Language ID for Resource via mapping: 22e3f4588c9d4b75b6ad515cac765d4d
  → Recovered missing Language ID for Resource via mapping: 22e3f4588c9d4b75b6ad515cac765d4d
  → Recovered missing Language ID for Resource via mapping: 22e3f4588c9d4b75b6ad515cac765d4d
  → Recovered missing Language ID for Resource via mapping: 22e3f4588c9d4b75b6ad515cac765d4d
  → Recovered missing Language ID for Resource via mapping: 22e3f4588c9d4b75b6ad515cac765d4d
  → Recovered missing Language ID for Resource via mapping: 22e3f4588c9d4b75b6ad515cac765d4d
  → Recovered missing Language ID for Resource via mapping: 22e3f4588c9d4b75b6ad515cac765d4d
  → Recovered missing Language ID for Resource via mapping: 22e3f4588c9d4b75b6ad515cac765d4d
  → Recovered missing Language ID for Resource via mapping: 22e3f4588c9d4b75b6ad515cac765d4d
  → Recovered missing Language ID for Resource via mapping: 22e3f4588c9d4b75b6ad515cac765d4d
  → Recovered missing Language ID for Resource via mapping: 22e3f4588c9d4b75b6ad515cac765d4d
  → Recovered missing Language ID for Resource via mapping: 22e3f4588c9d4b75b6ad515cac765d4d
  → Recovered missing Language ID for Resource via mapping: 22e3f4588c9d4b75b6ad515cac765d4d
  → Recovered missing Language ID for Resource via mapping: 22e3f4588c9d4b75b6ad515cac765d4d
  → Recovered missing Language ID for Resource via mapping: 22e3f4588c9d4b75b6ad515cac765d4d
  → Recovered missing Language ID for Resource via mapping: 22e3f4588c9d4b75b6ad515cac765d4d
  → Recovered missing Language ID for Resource via mapping: 22e3f4588c9d4b75b6ad515cac765d4d
  → Recovered missing Language ID for Resource via mapping: 22e3f4588c9d4b75b6ad515cac765d4d
  → Recovered missing Language ID for Resource via mapping: 22e3f4588c9d4b75b6ad515cac765d4d
  → Recovered missing Language ID for Resource via mapping: 22e3f4588c9d4b75b6ad515cac765d4d
  → Recovered missing Language ID for Resource via mapping: 22e3f4588c9d4b75b6ad515cac765d4d
  → Recovered missing Language ID for Resource via mapping: 22e3f4588c9d4b75b6ad515cac765d4d
  → Recovered missing Language ID for Resource via mapping: 22e3f4588c9d4b75b6ad515cac765d4d
  → Recovered missing Language ID for Resource via mapping: 22e3f4588c9d4b75b6ad515cac765d4d
  → Recovered missing Language ID for Resource via mapping: 22e3f4588c9d4b75b6ad515cac765d4d
  → Recovered missing Language ID for Resource via mapping: 22e3f4588c9d4b75b6ad515cac765d4d
  → Recovered missing Language ID for Resource via mapping: 22e3f4588c9d4b75b6ad515cac765d4d
  → Recovered missing Language ID for Resource via mapping: 22e3f4588c9d4b75b6ad515cac765d4d
  → Recovered missing Language ID for Resource via mapping: 22e3f4588c9d4b75b6ad515cac765d4d
  → Recovered missing Language ID for Resource via mapping: 22e3f4588c9d4b75b6ad515cac765d4d
  → Recovered missing Language ID for Resource via mapping: 22e3f4588c9d4b75b6ad515cac765d4d
  → Recovered missing Language ID for Resource via mapping: 22e3f4588c9d4b75b6ad515cac765d4d
  → Recovered missing Language ID for Resource via mapping: 22e3f4588c9d4b75b6ad515cac765d4d
  → Recovered missing Language ID for Resource via mapping: 22e3f4588c9d4b75b6ad515cac765d4d
  → Recovered missing Language ID for Resource via mapping: 22e3f4588c9d4b75b6ad515cac765d4d
  → Recovered missing Language ID for Resource via mapping: 22e3f4588c9d4b75b6ad515cac765d4d
  → Recovered missing Language ID for Resource via mapping: 22e3f4588c9d4b75b6ad515cac765d4d
  → Recovered missing Language ID for Resource via mapping: 22e3f4588c9d4b75b6ad515cac765d4d
  → Recovered missing Language ID for Resource via mapping: 22e3f4588c9d4b75b6ad515cac765d4d
  → Recovered missing Language ID for Resource via mapping: 22e3f4588c9d4b75b6ad515cac765d4d
  → Recovered missing Language ID for Resource via mapping: 22e3f4588c9d4b75b6ad515cac765d4d
  → Recovered missing Language ID for Resource via mapping: 22e3f4588c9d4b75b6ad515cac765d4d
  → Recovered missing Language ID for Resource via mapping: 22e3f4588c9d4b75b6ad515cac765d4d
  → Recovered missing Language ID for Resource via mapping: 22e3f4588c9d4b75b6ad515cac765d4d
  → Recovered missing Language ID for Resource via mapping: 22e3f4588c9d4b75b6ad515cac765d4d
  → Recovered missing Language ID for Resource via mapping: 22e3f4588c9d4b75b6ad515cac765d4d
  → Recovered missing Language ID for Resource via mapping: 22e3f4588c9d4b75b6ad515cac765d4d
  → Recovered missing Language ID for Resource via mapping: 22e3f4588c9d4b75b6ad515cac765d4d
  → Recovered missing Language ID for Resource via mapping: 22e3f4588c9d4b75b6ad515cac765d4d
  → Recovered missing Language ID for Resource via mapping: 22e3f4588c9d4b75b6ad515cac765d4d
  → Recovered missing Language ID for Resource via mapping: 22e3f4588c9d4b75b6ad515cac765d4d
  → Recovered missing Language ID for Resource via mapping: 22e3f4588c9d4b75b6ad515cac765d4d
  → Recovered missing Language ID for Resource via mapping: 22e3f4588c9d4b75b6ad515cac765d4d
  → Recovered missing Language ID for Resource via mapping: 22e3f4588c9d4b75b6ad515cac765d4d
  → Recovered missing Language ID for Resource via mapping: 22e3f4588c9d4b75b6ad515cac765d4d
  → Recovered missing Language ID for Resource via mapping: 22e3f4588c9d4b75b6ad515cac765d4d
  → Recovered missing Language ID for Resource via mapping: 22e3f4588c9d4b75b6ad515cac765d4d
  → Recovered missing Language ID for Resource via mapping: 22e3f4588c9d4b75b6ad515cac765d4d
  → Recovered missing Language ID for Resource via mapping: 22e3f4588c9d4b75b6ad515cac765d4d
  → Recovered missing Language ID for Resource via mapping: 22e3f4588c9d4b75b6ad515cac765d4d
  → Recovered missing Language ID for Resource via mapping: 22e3f4588c9d4b75b6ad515cac765d4d
  → Recovered missing Language ID for Resource via mapping: 22e3f4588c9d4b75b6ad515cac765d4d
  → Recovered missing Language ID for Resource via mapping: 22e3f4588c9d4b75b6ad515cac765d4d
  → Recovered missing Language ID for Resource via mapping: 22e3f4588c9d4b75b6ad515cac765d4d
  → Recovered missing Language ID for Resource via mapping: 22e3f4588c9d4b75b6ad515cac765d4d
  → Recovered missing Language ID for Resource via mapping: 22e3f4588c9d4b75b6ad515cac765d4d
  → Recovered missing Language ID for Resource via mapping: 22e3f4588c9d4b75b6ad515cac765d4d
  → Recovered missing Language ID for Resource via mapping: 22e3f4588c9d4b75b6ad515cac765d4d
  → Recovered missing Language ID for Resource via mapping: 22e3f4588c9d4b75b6ad515cac765d4d
  → Recovered missing Language ID for Resource via mapping: 22e3f4588c9d4b75b6ad515cac765d4d
  → Recovered missing Language ID for Resource via mapping: 22e3f4588c9d4b75b6ad515cac765d4d
  → Recovered missing Language ID for Resource via mapping: 22e3f4588c9d4b75b6ad515cac765d4d
  → Recovered missing Language ID for Resource via mapping: 22e3f4588c9d4b75b6ad515cac765d4d
  → Recovered missing Language ID for Resource via mapping: 22e3f4588c9d4b75b6ad515cac765d4d
  → Recovered missing Language ID for Resource via mapping: 22e3f4588c9d4b75b6ad515cac765d4d
  → Recovered missing Language ID for Resource via mapping: 22e3f4588c9d4b75b6ad515cac765d4d
  → Recovered missing Language ID for Resource via mapping: 22e3f4588c9d4b75b6ad515cac765d4d
  → Recovered missing Language ID for Resource via mapping: 22e3f4588c9d4b75b6ad515cac765d4d
  → Recovered missing Language ID for Resource via mapping: 22e3f4588c9d4b75b6ad515cac765d4d
  → Recovered missing Language ID for Resource via mapping: 22e3f4588c9d4b75b6ad515cac765d4d
  → Recovered missing Language ID for Resource via mapping: 22e3f4588c9d4b75b6ad515cac765d4d
  → Recovered missing Language ID for Resource via mapping: 22e3f4588c9d4b75b6ad515cac765d4d
  → Recovered missing Language ID for Resource via mapping: 22e3f4588c9d4b75b6ad515cac765d4d
  → Recovered missing Language ID for Resource via mapping: 22e3f4588c9d4b75b6ad515cac765d4d
  → Recovered missing Language ID for Resource via mapping: 22e3f4588c9d4b75b6ad515cac765d4d
  → Recovered missing Language ID for Resource via mapping: 22e3f4588c9d4b75b6ad515cac765d4d
  → Recovered missing Language ID for Resource via mapping: 22e3f4588c9d4b75b6ad515cac765d4d
  → Recovered missing Language ID for Resource via mapping: 22e3f4588c9d4b75b6ad515cac765d4d
  → Recovered missing Language ID for Resource via mapping: 22e3f4588c9d4b75b6ad515cac765d4d
  → Recovered missing Language ID for Resource via mapping: 22e3f4588c9d4b75b6ad515cac765d4d
  → Recovered missing Language ID for Resource via mapping: 22e3f4588c9d4b75b6ad515cac765d4d
  → Recovered missing Language ID for Resource via mapping: 22e3f4588c9d4b75b6ad515cac765d4d
  → Recovered missing Language ID for Resource via mapping: 22e3f4588c9d4b75b6ad515cac765d4d
  → Recovered missing Language ID for Resource via mapping: 22e3f4588c9d4b75b6ad515cac765d4d
  → Recovered missing Language ID for Resource via mapping: 22e3f4588c9d4b75b6ad515cac765d4d
  → Recovered missing Language ID for Resource via mapping: 22e3f4588c9d4b75b6ad515cac765d4d
  → Recovered missing Language ID for Resource via mapping: 22e3f4588c9d4b75b6ad515cac765d4d
  → Recovered missing Language ID for Resource via mapping: 22e3f4588c9d4b75b6ad515cac765d4d
  → Recovered missing Language ID for Resource via mapping: 22e3f4588c9d4b75b6ad515cac765d4d
  → Recovered missing Language ID for Resource via mapping: 22e3f4588c9d4b75b6ad515cac765d4d
  → Recovered missing Language ID for Resource via mapping: 22e3f4588c9d4b75b6ad515cac765d4d
  → Recovered missing Language ID for Resource via mapping: 22e3f4588c9d4b75b6ad515cac765d4d
  → Recovered missing Language ID for Resource via mapping: 22e3f4588c9d4b75b6ad515cac765d4d
  → Recovered missing Language ID for Resource via mapping: 22e3f4588c9d4b75b6ad515cac765d4d
  → Recovered missing Language ID for Resource via mapping: 22e3f4588c9d4b75b6ad515cac765d4d
  → Recovered missing Language ID for Resource via mapping: 22e3f4588c9d4b75b6ad515cac765d4d
  → Recovered missing Language ID for Resource via mapping: 22e3f4588c9d4b75b6ad515cac765d4d
  → Recovered missing Language ID for Resource via mapping: 22e3f4588c9d4b75b6ad515cac765d4d
  → Recovered missing Language ID for Resource via mapping: 22e3f4588c9d4b75b6ad515cac765d4d
  → Recovered missing Language ID for Resource via mapping: 22e3f4588c9d4b75b6ad515cac765d4d
  → Recovered missing Language ID for Resource via mapping: 22e3f4588c9d4b75b6ad515cac765d4d
  → Recovered missing Language ID for Resource via mapping: 22e3f4588c9d4b75b6ad515cac765d4d
  → Recovered missing Language ID for Resource via mapping: 22e3f4588c9d4b75b6ad515cac765d4d
  → Recovered missing Language ID for Resource via mapping: 22e3f4588c9d4b75b6ad515cac765d4d
  → Recovered missing Language ID for Resource via mapping: 22e3f4588c9d4b75b6ad515cac765d4d
  → Recovered missing Language ID for Resource via mapping: 22e3f4588c9d4b75b6ad515cac765d4d
  → Recovered missing Language ID for Resource via mapping: 22e3f4588c9d4b75b6ad515cac765d4d
  → Recovered missing Language ID for Resource via mapping: 22e3f4588c9d4b75b6ad515cac765d4d
  → Recovered missing Language ID for Resource via mapping: 22e3f4588c9d4b75b6ad515cac765d4d
  → Recovered missing Language ID for Resource via mapping: 22e3f4588c9d4b75b6ad515cac765d4d
  → Recovered missing Language ID for Resource via mapping: 22e3f4588c9d4b75b6ad515cac765d4d
  → Recovered missing Language ID for Resource via mapping: 22e3f4588c9d4b75b6ad515cac765d4d
  → Recovered missing Language ID for Resource via mapping: 22e3f4588c9d4b75b6ad515cac765d4d
  → Recovered missing Language ID for Resource via mapping: 22e3f4588c9d4b75b6ad515cac765d4d
  → Recovered missing Language ID for Resource via mapping: 22e3f4588c9d4b75b6ad515cac765d4d
  → Recovered missing Language ID for Resource via mapping: 22e3f4588c9d4b75b6ad515cac765d4d
  → Recovered missing Language ID for Resource via mapping: 22e3f4588c9d4b75b6ad515cac765d4d
  → Recovered missing Language ID for Resource via mapping: 22e3f4588c9d4b75b6ad515cac765d4d
  → Recovered missing Language ID for Resource via mapping: 22e3f4588c9d4b75b6ad515cac765d4d
  → Recovered missing Language ID for Resource via mapping: 22e3f4588c9d4b75b6ad515cac765d4d
  → Recovered missing Language ID for Resource via mapping: 22e3f4588c9d4b75b6ad515cac765d4d
  → Recovered missing Language ID for Resource via mapping: 22e3f4588c9d4b75b6ad515cac765d4d
  → Recovered missing Language ID for Resource via mapping: 22e3f4588c9d4b75b6ad515cac765d4d
  → Recovered missing Language ID for Resource via mapping: 22e3f4588c9d4b75b6ad515cac765d4d
  → Recovered missing Language ID for Resource via mapping: 22e3f4588c9d4b75b6ad515cac765d4d
  → Recovered missing Language ID for Resource via mapping: 22e3f4588c9d4b75b6ad515cac765d4d
  → Recovered missing Language ID for Resource via mapping: 22e3f4588c9d4b75b6ad515cac765d4d
  → Recovered missing Language ID for Resource via mapping: 22e3f4588c9d4b75b6ad515cac765d4d
  → Recovered missing Language ID for Resource via mapping: 22e3f4588c9d4b75b6ad515cac765d4d
  → Recovered missing Language ID for Resource via mapping: 22e3f4588c9d4b75b6ad515cac765d4d
  → Recovered missing Language ID for Resource via mapping: 22e3f4588c9d4b75b6ad515cac765d4d
  → Recovered missing Language ID for Resource via mapping: 22e3f4588c9d4b75b6ad515cac765d4d
  → Recovered missing Language ID for Resource via mapping: 22e3f4588c9d4b75b6ad515cac765d4d
  → Recovered missing Language ID for Resource via mapping: 22e3f4588c9d4b75b6ad515cac765d4d
  → Recovered missing Language ID for Resource via mapping: 22e3f4588c9d4b75b6ad515cac765d4d
  → Recovered missing Language ID for Resource via mapping: 22e3f4588c9d4b75b6ad515cac765d4d
  → Recovered missing Language ID for Resource via mapping: 22e3f4588c9d4b75b6ad515cac765d4d
  → Recovered missing Language ID for Resource via mapping: 22e3f4588c9d4b75b6ad515cac765d4d
  → Recovered missing Language ID for Resource via mapping: 22e3f4588c9d4b75b6ad515cac765d4d
  → Recovered missing Language ID for Resource via mapping: 22e3f4588c9d4b75b6ad515cac765d4d
  → Recovered missing Language ID for Resource via mapping: 22e3f4588c9d4b75b6ad515cac765d4d
  → Recovered missing Language ID for Resource via mapping: 22e3f4588c9d4b75b6ad515cac765d4d
  → Recovered missing Language ID for Resource via mapping: 22e3f4588c9d4b75b6ad515cac765d4d
  → Recovered missing Language ID for Resource via mapping: 22e3f4588c9d4b75b6ad515cac765d4d
  → Recovered missing Language ID for Resource via mapping: 22e3f4588c9d4b75b6ad515cac765d4d
  → Recovered missing Language ID for Resource via mapping: 22e3f4588c9d4b75b6ad515cac765d4d
  → Recovered missing Language ID for Resource via mapping: 22e3f4588c9d4b75b6ad515cac765d4d
  → Recovered missing Language ID for Resource via mapping: 22e3f4588c9d4b75b6ad515cac765d4d
  → Recovered missing Language ID for Resource via mapping: 22e3f4588c9d4b75b6ad515cac765d4d
  → Recovered missing Language ID for Resource via mapping: 22e3f4588c9d4b75b6ad515cac765d4d
  → Recovered missing Language ID for Resource via mapping: 22e3f4588c9d4b75b6ad515cac765d4d
  → Recovered missing Language ID for Resource via mapping: 22e3f4588c9d4b75b6ad515cac765d4d
  → Recovered missing Language ID for Resource via mapping: 22e3f4588c9d4b75b6ad515cac765d4d
  → Recovered missing Language ID for Resource via mapping: 22e3f4588c9d4b75b6ad515cac765d4d
  → Recovered missing Language ID for Resource via mapping: 22e3f4588c9d4b75b6ad515cac765d4d
  → Recovered missing Language ID for Resource via mapping: 22e3f4588c9d4b75b6ad515cac765d4d
  → Recovered missing Language ID for Resource via mapping: 22e3f4588c9d4b75b6ad515cac765d4d
  → Recovered missing Language ID for Resource via mapping: 22e3f4588c9d4b75b6ad515cac765d4d
  → Recovered missing Language ID for Resource via mapping: 22e3f4588c9d4b75b6ad515cac765d4d
  → Recovered missing Language ID for Resource via mapping: 22e3f4588c9d4b75b6ad515cac765d4d
  → Recovered missing Language ID for Resource via mapping: 22e3f4588c9d4b75b6ad515cac765d4d
  → Recovered missing Language ID for Resource via mapping: 22e3f4588c9d4b75b6ad515cac765d4d
  → Recovered missing Language ID for Resource via mapping: 22e3f4588c9d4b75b6ad515cac765d4d
  → Recovered missing Language ID for Resource via mapping: 22e3f4588c9d4b75b6ad515cac765d4d
  → Recovered missing Language ID for Resource via mapping: 22e3f4588c9d4b75b6ad515cac765d4d
  → Recovered missing Language ID for Resource via mapping: 22e3f4588c9d4b75b6ad515cac765d4d
  → Recovered missing Language ID for Resource via mapping: 22e3f4588c9d4b75b6ad515cac765d4d
  → Recovered missing Language ID for Resource via mapping: 22e3f4588c9d4b75b6ad515cac765d4d
  → Recovered missing Language ID for Resource via mapping: 22e3f4588c9d4b75b6ad515cac765d4d
  → Recovered missing Language ID for Resource via mapping: 22e3f4588c9d4b75b6ad515cac765d4d
  → Recovered missing Language ID for Resource via mapping: 22e3f4588c9d4b75b6ad515cac765d4d
  → Recovered missing Language ID for Resource via mapping: 22e3f4588c9d4b75b6ad515cac765d4d
  → Recovered missing Language ID for Resource via mapping: 22e3f4588c9d4b75b6ad515cac765d4d
  → Recovered missing Language ID for Resource via mapping: 22e3f4588c9d4b75b6ad515cac765d4d
  → Recovered missing Language ID for Resource via mapping: 22e3f4588c9d4b75b6ad515cac765d4d
  → Recovered missing Language ID for Resource via mapping: 22e3f4588c9d4b75b6ad515cac765d4d
  → Recovered missing Language ID for Resource via mapping: 22e3f4588c9d4b75b6ad515cac765d4d
  → Recovered missing Language ID for Resource via mapping: 22e3f4588c9d4b75b6ad515cac765d4d
  → Recovered missing Language ID for Resource via mapping: 22e3f4588c9d4b75b6ad515cac765d4d
  → Recovered missing Language ID for Resource via mapping: 22e3f4588c9d4b75b6ad515cac765d4d
  → Recovered missing Language ID for Resource via mapping: 22e3f4588c9d4b75b6ad515cac765d4d
  → Recovered missing Language ID for Resource via mapping: 22e3f4588c9d4b75b6ad515cac765d4d
  → Recovered missing Language ID for Resource via mapping: 22e3f4588c9d4b75b6ad515cac765d4d
  → Recovered missing Language ID for Resource via mapping: 22e3f4588c9d4b75b6ad515cac765d4d
  → Recovered missing Language ID for Resource via mapping: 22e3f4588c9d4b75b6ad515cac765d4d
  → Recovered missing Language ID for Resource via mapping: 22e3f4588c9d4b75b6ad515cac765d4d
  → Recovered missing Language ID for Resource via mapping: 22e3f4588c9d4b75b6ad515cac765d4d
  → Recovered missing Language ID for Resource via mapping: 22e3f4588c9d4b75b6ad515cac765d4d
  → Recovered missing Language ID for Resource via mapping: 22e3f4588c9d4b75b6ad515cac765d4d
  → Recovered missing Language ID for Resource via mapping: 22e3f4588c9d4b75b6ad515cac765d4d
  → Recovered missing Language ID for Resource via mapping: 22e3f4588c9d4b75b6ad515cac765d4d
  → Recovered missing Language ID for Resource via mapping: 22e3f4588c9d4b75b6ad515cac765d4d
  → Recovered missing Language ID for Resource via mapping: 22e3f4588c9d4b75b6ad515cac765d4d
  → Recovered missing Language ID for Resource via mapping: 22e3f4588c9d4b75b6ad515cac765d4d
  → Recovered missing Language ID for Resource via mapping: 22e3f4588c9d4b75b6ad515cac765d4d
  → Recovered missing Language ID for Resource via mapping: 22e3f4588c9d4b75b6ad515cac765d4d
  → Recovered missing Language ID for Resource via mapping: 22e3f4588c9d4b75b6ad515cac765d4d
  → Recovered missing Language ID for Resource via mapping: 22e3f4588c9d4b75b6ad515cac765d4d
  → Recovered missing Language ID for Resource via mapping: 22e3f4588c9d4b75b6ad515cac765d4d
  → Recovered missing Language ID for Resource via mapping: 22e3f4588c9d4b75b6ad515cac765d4d
  → Recovered missing Language ID for Resource via mapping: 22e3f4588c9d4b75b6ad515cac765d4d
  → Recovered missing Language ID for Resource via mapping: 22e3f4588c9d4b75b6ad515cac765d4d
  → Recovered missing Language ID for Resource via mapping: 22e3f4588c9d4b75b6ad515cac765d4d
  → Recovered missing Language ID for Resource via mapping: 22e3f4588c9d4b75b6ad515cac765d4d
  → Recovered missing Language ID for Resource via mapping: 22e3f4588c9d4b75b6ad515cac765d4d
  → Recovered missing Language ID for Resource via mapping: 22e3f4588c9d4b75b6ad515cac765d4d
  → Recovered missing Language ID for Resource via mapping: 22e3f4588c9d4b75b6ad515cac765d4d
  → Recovered missing Language ID for Resource via mapping: 22e3f4588c9d4b75b6ad515cac765d4d
  → Recovered missing Language ID for Resource via mapping: 22e3f4588c9d4b75b6ad515cac765d4d
  → Recovered missing Language ID for Resource via mapping: 22e3f4588c9d4b75b6ad515cac765d4d
  → Recovered missing Language ID for Resource via mapping: 22e3f4588c9d4b75b6ad515cac765d4d
  → Recovered missing Language ID for Resource via mapping: 22e3f4588c9d4b75b6ad515cac765d4d
  → Recovered missing Language ID for Resource via mapping: 22e3f4588c9d4b75b6ad515cac765d4d
  → Recovered missing Language ID for Resource via mapping: 22e3f4588c9d4b75b6ad515cac765d4d
  → Recovered missing Language ID for Resource via mapping: 22e3f4588c9d4b75b6ad515cac765d4d
  → Recovered missing Language ID for Resource via mapping: 22e3f4588c9d4b75b6ad515cac765d4d
  → Recovered missing Language ID for Resource via mapping: 22e3f4588c9d4b75b6ad515cac765d4d
  → Recovered missing Language ID for Resource via mapping: 22e3f4588c9d4b75b6ad515cac765d4d
  → Recovered missing Language ID for Resource via mapping: 22e3f4588c9d4b75b6ad515cac765d4d
  → Recovered missing Language ID for Resource via mapping: 22e3f4588c9d4b75b6ad515cac765d4d
  → Recovered missing Language ID for Resource via mapping: 22e3f4588c9d4b75b6ad515cac765d4d
Updated resource 'res-action-card-hypertension-management-hypertension' [original] -> 55ee9e62f2704351afef270cdfe8f9ea
  ✓ Activated version: 1f3b55f022aa46d2b251f99786c94244
Updated resource 'res-drug-post-exposure-prophylaxis-pep' [adapted] -> c931d5e9c6b845e38cd7ad943daa9c05
  ✓ Activated version: cfca385958b24c81a06e9d7f5457d1a8
Updated resource 'res-drug-ampicillin' [adapted] -> 43bb1ffca2dd4cc39ad053f7a3c6fcc1
  ✓ Activated version: f99ff245621042b3a7bd64f7bfd7ebc1
Updated resource 'res-drug-diazepam' [adapted] -> fa164a1830c34740b8a5e3f52a2d99cb
  ✓ Activated version: e47a9efe8a0e42ce87726a4e7b7a2208
Updated resource 'res-drug-gentamicin' [adapted] -> e93dce99276148ddbc9a17267c8a3019
  ✓ Activated version: a24c414ab13c4a398fe659029c1b0b82
Updated resource 'res-drug-ibuprofen' [adapted] -> 03fb82fe88f94a97b8bb868f9304ab3e
  ✓ Activated version: b2bafbb3e4774c8c9167a434f54c183c
Updated resource 'res-drug-metronidazole' [adapted] -> 6059c50b5d9f43aeacb0f173ce2a17f6
  ✓ Activated version: 00b1b3dfae594b81abcd8502278c5782
Updated resource 'res-drug-morphine' [adapted] -> acd56f2a2f8f4812a25ee36d3b81dcc0
  ✓ Activated version: 82412cbf4f6a42e88d480a5baca53aa0
Updated resource 'res-drug-calcium-gluconate' [adapted] -> 042917dc302749ff84d221bf6529136d
  ✓ Activated version: 744474e7993a415b93c351323af29265
Updated resource 'res-drug-hydralazine' [adapted] -> b9a8b0598e1c46e49d4c925dff84e867
  ✓ Activated version: 931f68b82e124434b0bc2826c62ce987
Updated resource 'res-drug-labetalol' [adapted] -> b9808901bc3a45fc89761de346ac311f
  ✓ Activated version: ce2bff637b0b45a981f6e1ac7fe51d62
Updated resource 'res-drug-lidocaine' [adapted] -> 4d72f151dc1e46e1a304f64db96f26bf
  ✓ Activated version: 40c0fba8476647f3a4aeaa671c9094f9
Updated resource 'res-drug-magnesium-sulphate' [adapted] -> a7bc6e3c0e9e420492f575558a1dd688
  ✓ Activated version: ee98db46f15d4f33a5f6439fe89d5eed
Updated resource 'res-drug-methyldopa' [adapted] -> 5719affb0bfb4c13a4d62fda6d6f23ca
  ✓ Activated version: e8eec040d0244639a4cbeaaf88996b0b
Updated resource 'res-drug-nifedipine' [adapted] -> 1ed3d8279c2e49d4930b378a819eb6b9
  ✓ Activated version: 4fcc4e8658314880a0b077905fe3c72f
Updated resource 'res-drug-dexamethasone' [adapted] -> 96c048a8b6264fe3950df4192d54829a
  ✓ Activated version: b041c4a6a8d042e3bffae0a109e1e24e
Updated resource 'res-drug-antibiotic-eye-drops' [adapted] -> 7f979a838f724fbc824cf4e8870208a7
  ✓ Activated version: a1d1a5c5efcf4211af913cb04fc8d209
Updated resource 'res-drug-chlorhexidine' [adapted] -> 87b956a132624d2d908f8d2a5fb929b6
  ✓ Activated version: 1fa9f1f397f544f38a4155082fe0e686
Updated resource 'res-drug-misoprostol' [adapted] -> 1ad5e35a0e4e4cec9e7fc137d85ed493
  ✓ Activated version: b1102e9e68d64f49b21510867f4ecfd9
Updated resource 'res-drug-oxytocin' [adapted] -> 8134a1b103c64d459f5a22ef0859a669
  ✓ Activated version: 141cd2035870471e9b1074e35e3af7ee
Updated resource 'res-drug-vitamin-k' [adapted] -> 98a17f50d52c494091e82cc8af4a1267
  ✓ Activated version: 9f8a46fd83414501b032f7eebc8275dc
Updated resource 'res-drug-carbetocin' [adapted] -> 327572e523cc4358a54973204f7b5e92
  ✓ Activated version: 8749142f264640d48c52a489a665722f
Updated resource 'res-drug-oxytocin' [adapted] -> 8134a1b103c64d459f5a22ef0859a669
  ✓ Activated version: 141cd2035870471e9b1074e35e3af7ee
Updated resource 'res-drug-ampicillin' [adapted] -> 43bb1ffca2dd4cc39ad053f7a3c6fcc1
  ✓ Activated version: f99ff245621042b3a7bd64f7bfd7ebc1
Updated resource 'res-drug-cefazolin' [adapted] -> 37bb22e6153741139736129afe30170f
  ✓ Activated version: f79cb0f20b554cae99b281aefc728aab
Updated resource 'res-drug-diazepam' [adapted] -> fa164a1830c34740b8a5e3f52a2d99cb
  ✓ Activated version: e47a9efe8a0e42ce87726a4e7b7a2208
Updated resource 'res-drug-ergometrine' [adapted] -> 2e600c6b443440e8acb6a72da07c1b85
  ✓ Activated version: 20ef0f070d814e8ebd5ffa6a73c9cb95
Updated resource 'res-drug-iron' [adapted] -> 18f94590377f4f67b7bbeca44d990ac1
  ✓ Activated version: 5d89bc2c99e64649afeea16f2db08087
Updated resource 'res-drug-misoprostol' [adapted] -> 1ad5e35a0e4e4cec9e7fc137d85ed493
  ✓ Activated version: b1102e9e68d64f49b21510867f4ecfd9
Updated resource 'res-drug-oxytocin' [adapted] -> 8134a1b103c64d459f5a22ef0859a669
  ✓ Activated version: 141cd2035870471e9b1074e35e3af7ee
Updated resource 'res-drug-tranexamic-acid' [adapted] -> efec554769984a3189ac19d86b2f2014
  ✓ Activated version: 23733818e7124931ae223d5971549041
Updated resource 'res-drug-ampicillin' [adapted] -> 43bb1ffca2dd4cc39ad053f7a3c6fcc1
  ✓ Activated version: f99ff245621042b3a7bd64f7bfd7ebc1
Updated resource 'res-drug-cefazolin' [adapted] -> 37bb22e6153741139736129afe30170f
  ✓ Activated version: 4e61e70293ae43d19fed79ebdf649602
Updated resource 'res-drug-diazepam' [adapted] -> fa164a1830c34740b8a5e3f52a2d99cb
  ✓ Activated version: e47a9efe8a0e42ce87726a4e7b7a2208
Updated resource 'res-drug-ergometrine' [adapted] -> 2e600c6b443440e8acb6a72da07c1b85
  ✓ Activated version: 20ef0f070d814e8ebd5ffa6a73c9cb95
Updated resource 'res-drug-iron' [adapted] -> 18f94590377f4f67b7bbeca44d990ac1
  ✓ Activated version: 5d89bc2c99e64649afeea16f2db08087
Updated resource 'res-drug-misoprostol' [adapted] -> 1ad5e35a0e4e4cec9e7fc137d85ed493
  ✓ Activated version: b1102e9e68d64f49b21510867f4ecfd9
Updated resource 'res-drug-oxytocin' [adapted] -> 8134a1b103c64d459f5a22ef0859a669
  ✓ Activated version: 141cd2035870471e9b1074e35e3af7ee
Updated resource 'res-drug-tranexamic-acid' [adapted] -> efec554769984a3189ac19d86b2f2014
  ✓ Activated version: 23733818e7124931ae223d5971549041
Updated resource 'res-drug-ampicillin' [adapted] -> 43bb1ffca2dd4cc39ad053f7a3c6fcc1
  ✓ Activated version: f99ff245621042b3a7bd64f7bfd7ebc1
Updated resource 'res-drug-artesunate' [adapted] -> a77b770a890840ea83822337e8f75f96
  ✓ Activated version: 32ff5a8024244b19bc9a0b0952c7cc55
Updated resource 'res-drug-betamethasone' [adapted] -> 68ad36d39eff4e28b00df56e3c8d0ee1
  ✓ Activated version: 2c4cd2a636144d30aa231ec88523a62d
Updated resource 'res-drug-chloramphenicol' [adapted] -> 0b162e3b7424405489bd287bcc2ec3de
  ✓ Activated version: a972b3914b8c4aa6bf7f28e0f3d5db32
Updated resource 'res-drug-dexamethasone' [adapted] -> 96c048a8b6264fe3950df4192d54829a
  ✓ Activated version: b041c4a6a8d042e3bffae0a109e1e24e
Updated resource 'res-drug-dicloxacillin' [adapted] -> 935dd56a652a4d17bc2ef1efa1c0cb2c
  ✓ Activated version: c870d3800a7544ae8d0d26f15397d288
Updated resource 'res-drug-gentamicin' [adapted] -> e93dce99276148ddbc9a17267c8a3019
  ✓ Activated version: a24c414ab13c4a398fe659029c1b0b82
Updated resource 'res-drug-metronidazole' [adapted] -> 6059c50b5d9f43aeacb0f173ce2a17f6
  ✓ Activated version: 00b1b3dfae594b81abcd8502278c5782
Updated resource 'res-drug-penicillin-g-benzylpenicillin' [adapted] -> 5f0f7a53c8fc40989e81d930f4403b9c
  ✓ Activated version: 4452340427c14330b49425d7abc00427
Updated resource 'res-drug-quinine' [adapted] -> 6c50f9ca2bfc47a49da29a45f465d130
  ✓ Activated version: 8dae7d25ee8e4dc6b425ac56b585435c
Updated resource 'res-drug-ampicillin' [adapted] -> 43bb1ffca2dd4cc39ad053f7a3c6fcc1
  ✓ Activated version: f99ff245621042b3a7bd64f7bfd7ebc1
Updated resource 'res-drug-ceftriaxone' [adapted] -> f9c06be97a3c467088cb60483edf973d
  ✓ Activated version: 386b193876244d96bd7c42cec3512008
Updated resource 'res-drug-gentamicin' [adapted] -> e93dce99276148ddbc9a17267c8a3019
  ✓ Activated version: a24c414ab13c4a398fe659029c1b0b82
Updated resource 'res-drug-phenobarbital' [adapted] -> ee2e85a6881841dab0e74110c9fb7b01
  ✓ Activated version: e1242f4caee84c8399c4ae2df49e663c
Updated resource 'res-drug-ampicillin' [adapted] -> 43bb1ffca2dd4cc39ad053f7a3c6fcc1
  ✓ Activated version: f99ff245621042b3a7bd64f7bfd7ebc1
Updated resource 'res-drug-antibiotic-eye-drops' [adapted] -> 7f979a838f724fbc824cf4e8870208a7
  ✓ Activated version: a1d1a5c5efcf4211af913cb04fc8d209
Updated resource 'res-drug-betamethasone' [adapted] -> 68ad36d39eff4e28b00df56e3c8d0ee1
  ✓ Activated version: 2c4cd2a636144d30aa231ec88523a62d
Updated resource 'res-drug-ceftriaxone' [adapted] -> f9c06be97a3c467088cb60483edf973d
  ✓ Activated version: 386b193876244d96bd7c42cec3512008
Updated resource 'res-drug-chlorhexidine' [adapted] -> 87b956a132624d2d908f8d2a5fb929b6
  ✓ Activated version: 1fa9f1f397f544f38a4155082fe0e686
Updated resource 'res-drug-dexamethasone' [adapted] -> 96c048a8b6264fe3950df4192d54829a
  ✓ Activated version: b041c4a6a8d042e3bffae0a109e1e24e
Updated resource 'res-drug-gentamicin' [adapted] -> e93dce99276148ddbc9a17267c8a3019
  ✓ Activated version: a24c414ab13c4a398fe659029c1b0b82
Updated resource 'res-drug-oxytocin' [adapted] -> 8134a1b103c64d459f5a22ef0859a669
  ✓ Activated version: 141cd2035870471e9b1074e35e3af7ee
Updated resource 'res-drug-phenobarbital' [adapted] -> ee2e85a6881841dab0e74110c9fb7b01
  ✓ Activated version: e1242f4caee84c8399c4ae2df49e663c
Updated resource 'res-drug-vitamin-k' [adapted] -> 98a17f50d52c494091e82cc8af4a1267
  ✓ Activated version: 9f8a46fd83414501b032f7eebc8275dc
Updated resource 'res-drug-amoxicillin' [adapted] -> 55ece732b1294065a63027260c6f24b6
  ✓ Activated version: 389d5cb374f84e2f92758146d02afa73
Updated resource 'res-drug-ampicillin' [adapted] -> 43bb1ffca2dd4cc39ad053f7a3c6fcc1
  ✓ Activated version: f99ff245621042b3a7bd64f7bfd7ebc1
Updated resource 'res-drug-antibiotic-eye-drops' [adapted] -> 7f979a838f724fbc824cf4e8870208a7
  ✓ Activated version: a1d1a5c5efcf4211af913cb04fc8d209
Updated resource 'res-drug-betamethasone' [adapted] -> 68ad36d39eff4e28b00df56e3c8d0ee1
  ✓ Activated version: 2c4cd2a636144d30aa231ec88523a62d
Updated resource 'res-drug-ceftriaxone' [adapted] -> f9c06be97a3c467088cb60483edf973d
  ✓ Activated version: 386b193876244d96bd7c42cec3512008
Updated resource 'res-drug-dexamethasone' [adapted] -> 96c048a8b6264fe3950df4192d54829a
  ✓ Activated version: b041c4a6a8d042e3bffae0a109e1e24e
Updated resource 'res-drug-gentamicin' [adapted] -> e93dce99276148ddbc9a17267c8a3019
  ✓ Activated version: a24c414ab13c4a398fe659029c1b0b82
Updated resource 'res-drug-metronidazole' [adapted] -> 6059c50b5d9f43aeacb0f173ce2a17f6
  ✓ Activated version: 00b1b3dfae594b81abcd8502278c5782
Updated resource 'res-drug-penicillin-g-benzylpenicillin' [adapted] -> 5f0f7a53c8fc40989e81d930f4403b9c
  ✓ Activated version: 4452340427c14330b49425d7abc00427
Updated resource 'res-drug-phenobarbital' [adapted] -> ee2e85a6881841dab0e74110c9fb7b01
  ✓ Activated version: e1242f4caee84c8399c4ae2df49e663c
Updated resource 'res-drug-aminophylline' [adapted] -> a2b625a173af40e3afdf9f07726ff32d
  ✓ Activated version: 78fafa57919e44dd8eadbfc0a907e712
Updated resource 'res-drug-caffeine-citrate' [adapted] -> 8cb2f20981584886903513be5ecef365
  ✓ Activated version: 7e826df612e64dcbbefdbd5d41531c27
Updated resource 'res-drug-diclofenac' [adapted] -> 4e899a185c3c49178fb5a2450af56939
  ✓ Activated version: 470157a123804500b4ebcf22608192ca
Updated resource 'res-drug-lidocaine' [adapted] -> 4d72f151dc1e46e1a304f64db96f26bf
  ✓ Activated version: 40c0fba8476647f3a4aeaa671c9094f9
Updated resource 'res-drug-paracetamol' [adapted] -> 09425da9efba4c2fa9b62fa1d0d810f1
  ✓ Activated version: 52f275a65a4546d7b1a053ad3ba9a129
Updated resource 'res-drug-ibuprofen' [adapted] -> 03fb82fe88f94a97b8bb868f9304ab3e
  ✓ Activated version: b2bafbb3e4774c8c9167a434f54c183c
Updated resource 'res-procedure-mixing-alcohol-based-handrub' [adapted] -> 9c1b3d6b1b044d25a5eec88a1a423b34
  ✓ Activated version: 4f070ca77c5a49a6a9e5d7441931baa2
Updated resource 'res-procedure-cleaning-manual-vacuum-aspirator' [adapted] -> 5d438ee63287425da88fbf890d88e704
  ✓ Activated version: e72b0397334d461bb640a25985f13432
Updated resource 'res-procedure-urine-catheter' [adapted] -> 62d6cd63bf764d6c930eb1a96b10bf52
  ✓ Activated version: c01bf638397a4f63b8c1e34beb263726
Updated resource 'res-procedure-urine-catheter' [adapted] -> 62d6cd63bf764d6c930eb1a96b10bf52
  ✓ Activated version: c01bf638397a4f63b8c1e34beb263726
Updated resource 'res-procedure-breastfeeding' [adapted] -> 204b53d129214ea898cafe9217a18be9
  ✓ Activated version: 2992a911fb7a494fb09819d76e1d034a
Updated resource 'res-procedure-urine-catheter' [adapted] -> 62d6cd63bf764d6c930eb1a96b10bf52
  ✓ Activated version: c01bf638397a4f63b8c1e34beb263726
Updated resource 'res-procedure-foetal-heart-rate' [adapted] -> 1f870be16c904b15ada37974848332e3
  ✓ Activated version: aeab5f27c0844f5ebf7318ced566d322
Updated resource 'res-procedure-vacuum-extractor' [adapted] -> afac8731991045aa9e6c3a20b4f1a051
  ✓ Activated version: f0150b8b449f43838e3f5307ce659411
Updated resource 'res-procedure-urine-catheter' [adapted] -> 62d6cd63bf764d6c930eb1a96b10bf52
  ✓ Activated version: c01bf638397a4f63b8c1e34beb263726
Updated resource 'res-procedure-condom-balloon-tamponade' [adapted] -> 1019d4bc3d0146c99a70b23f045d2a77
  ✓ Activated version: 94448a527a5b4cedaab59f0cf8f9516d
Updated resource 'res-procedure-urine-catheter' [adapted] -> 62d6cd63bf764d6c930eb1a96b10bf52
  ✓ Activated version: c01bf638397a4f63b8c1e34beb263726
Updated resource 'res-procedure-condom-balloon-tamponade' [adapted] -> 1019d4bc3d0146c99a70b23f045d2a77
  ✓ Activated version: 94448a527a5b4cedaab59f0cf8f9516d
Updated resource 'res-procedure-urine-catheter' [adapted] -> 62d6cd63bf764d6c930eb1a96b10bf52
  ✓ Activated version: c01bf638397a4f63b8c1e34beb263726
Updated resource 'res-procedure-nasogastric-tube' [adapted] -> 443eb72f84b04f81b5c9efe322f6c08d
  ✓ Activated version: bb418fcf60f64262a1cf0745bffef968
Updated resource 'res-procedure-breastfeeding' [adapted] -> 204b53d129214ea898cafe9217a18be9
  ✓ Activated version: 2992a911fb7a494fb09819d76e1d034a
Updated resource 'res-procedure-nasogastric-tube' [adapted] -> 443eb72f84b04f81b5c9efe322f6c08d
  ✓ Activated version: bb418fcf60f64262a1cf0745bffef968
Updated resource 'res-procedure-breastfeeding' [adapted] -> 204b53d129214ea898cafe9217a18be9
  ✓ Activated version: 2992a911fb7a494fb09819d76e1d034a
Updated resource 'res-procedure-deinfibulation' [adapted] -> 76ce3053418b41e69ae9063cc535bac2
  ✓ Activated version: 34c9dc971d444976922e0ba22becb45a
Updated resource 'res-procedure-deinfibulation-ethiopia' [adapted] -> 3c4c117c3c744c248f0331cf5cc9b968
  ✓ Activated version: 666619e19fbb4dafbc0f46b857758ead
Updated resource 'res-action-card-post-abortion-care-definitions' [adapted] -> 85ac5351c9534af3bc580c5dc27bd23a
  ✓ Activated version: ae4900b785504b4899953ccc6460f40d
Updated resource 'res-action-card-post-abortion-care-emergency-management' [adapted] -> 6cf2a95f458047b58d973ea78600fb5d
  ✓ Activated version: 346008b3625f4077b30f338d2006e61a
Updated resource 'res-action-card-post-abortion-care-following-management' [adapted] -> adaf3c1078af44859721fa42ec6921f9
  ✓ Activated version: c95f13e1b1604f6ba2b3328ab6cd4e2a
Updated resource 'res-action-card-emergency-referral-post-abortion-care' [adapted] -> a4eea7deaa76487ab34130ae5299e7f2
  ✓ Activated version: a7ce84b7db2f48938d3fedcc0321b8d4
Updated resource 'res-action-card-hypertension-definitions' [adapted] -> 452c591b18054e5e970947415b13a795
  ✓ Activated version: e08aa85a29cc47f9ad0c0d92f434e99d
Updated resource 'res-action-card-hypertension-management-eclampsia' [adapted] -> dec5fb6753024db196a34439b7be0009
  ✓ Activated version: 5a0cfa51603f46509e3b7c93627708c3
Updated resource 'res-action-card-emergency-referral-hypertension' [adapted] -> f72e62c51c464e9fa43d6afc3e65fcbb
  ✓ Activated version: 4ca96025f0dc4f91b220d41e64260177
Updated resource 'res-action-card-newborn-management-routine-care' [adapted] -> 4913403514e9444b942a1c7fa5ab07df
  ✓ Activated version: 0703c8905e1b493d87999576c8ca3007
Updated resource 'res-action-card-essential-steps-for-active-management-of-third-stage-labour' [adapted] -> a78ff934f971446bb015b6ee0937a59b
  ✓ Activated version: ccee3f86846647669ba855b891023e47
Updated resource 'res-action-card-vacuum-delivery-indications' [adapted] -> 5ce558be037c46c989da5f8e208e715e
  ✓ Activated version: c15dc610265648809e85bfe4fc843835
Updated resource 'res-action-card-vacuum-delivery-prerequisites' [adapted] -> 0ff0bb660f8e45d5afae94066769a035
  ✓ Activated version: a7e16dc2ad034ce0b3a8b29748e14160
Updated resource 'res-action-card-vacuum-delivery-procedure-as-by-also' [adapted] -> d2fa6384547a46cdb4172133de5c9599
  ✓ Activated version: 2cdf756d048e48fb9e263d55c99fee10
Updated resource 'res-action-card-emergency-referral-prolonged-labour' [adapted] -> 9b80dd9f4f3c4fcc88047586d5c7011e
  ✓ Activated version: dc6ff731c3fa409a90d6713056a31c4f
Updated resource 'res-action-card-post-partum-hemorrage-uterus' [adapted] -> 7bd8b32b3d204b99a96fefc4b3076dd4
  ✓ Activated version: 1615023d4bd642b59728d7c3d34e9d45
Updated resource 'res-action-card-post-partum-hemorrage-head' [adapted] -> a5f29df71fae4f7e94a97f8f57d6ac13
  ✓ Activated version: b1f48449d08f474885dcb78fa37ce120
Updated resource 'res-action-card-post-partum-hemorrage-arms' [adapted] -> 45dd50a9c71547e8a2200fcccd724aac
  ✓ Activated version: 68d60ad41f544dc5a43b0a5575bbd61e
Updated resource 'res-action-card-emergency-referral-post-partum-hemorrhage' [adapted] -> aaa781f9f2bc42f78f798ac2a702ce5b
  ✓ Activated version: 2b251434c8de463a8b00c38c101739f0
Updated resource 'res-action-card-emergency-referral-manual-removal-of-placenta' [adapted] -> 9f32f51d326f405598f8fd31016426c6
  ✓ Activated version: 7520b20e803f4a65b086047a70c373ca
Updated resource 'res-action-card-maternal-sepsis-definitions' [adapted] -> bae18cccac614d51838abc2224ace2dc
  ✓ Activated version: e6de191881b441b8958b7e7ffb0e39ee
Updated resource 'res-action-card-maternal-sepsis-emergency-management' [adapted] -> 3403c0dcde9e40ee85849e96a5bfc015
  ✓ Activated version: 58086a13c1594a628eef8be9d3044f9a
Updated resource 'res-action-card-maternal-sepsis-following-management' [adapted] -> 60ff72c323414f72b2f485caa9c12845
  ✓ Activated version: 5981b304aa73406f8d1360d7b490711c
Updated resource 'res-action-card-maternal-sepsis-identify-cause' [adapted] -> d35c7a27f7294b12864eb6ea3f3be107
  ✓ Activated version: 52d0331d02114ab5952138a63a36b11a
Updated resource 'res-action-card-emergency-referral-maternal-sepsis' [adapted] -> 25362e90ffc34f31aea401beba23e3c7
  ✓ Activated version: 5d0815272d544af5af4423520e5e0185
Updated resource 'res-action-card-neonatal-resuscitation' [adapted] -> 432cb4ead25243aa8dce185291fbafdb
  ✓ Activated version: 57c115c1fd4240a8b811ea21a193c74e
Updated resource 'res-action-card-emergency-referral-neonatal-resuscitation' [adapted] -> 49470ada0a9a4630b9ca160e7e8e92ef
  ✓ Activated version: 801d4367e34f4689acd86c0581c214c8
Updated resource 'res-action-card-safe-oxygen-therapy' [adapted] -> 0e7f7eb0452a44e182f8fb177e2547a1
  ✓ Activated version: 5fcce856d5bb47d49ecf2beb017cc256
Updated resource 'res-action-card-newborn-management-pediatric-drugs-and-fluids' [adapted] -> 9f7f7437d3f847528faf71e45bec1156
  ✓ Activated version: 0537705915fd4ff284b957874a89927a
Updated resource 'res-action-card-newborn-management-prevention' [adapted] -> 4c87c436ae1e467eab670a23e28625ef
  ✓ Activated version: 52707663c1494aab8a7bb8a010126589
Updated resource 'res-action-card-neonatal-jaundice' [adapted] -> ab1321fc7db3407abc1479207d48acc7
  ✓ Activated version: fa5368115edf4414ade6e950f17163bf
Updated resource 'res-action-card-newborn-management-routine-care' [adapted] -> 4913403514e9444b942a1c7fa5ab07df
  ✓ Activated version: 0703c8905e1b493d87999576c8ca3007
Updated resource 'res-action-card-newborn-management-danger-signs' [adapted] -> 3b4106e2e5f54b81b24828dbb4676b60
  ✓ Activated version: 252cd401d95843a0a2bf63f5e46d4d38
Updated resource 'res-action-card-newborn-management-management-of-danger-signs' [adapted] -> 4c62b91b54684543ac4b4ed48bb6117e
  ✓ Activated version: 3a3cea79b0164573a19fa7641881f938
Updated resource 'res-action-card-antibiotic-management' [adapted] -> 6a718972a16647b19aa95c4d7e35a9c5
  ✓ Activated version: 83de8d93da514563b44ee2008239c3e3
Updated resource 'res-action-card-newborn-management-pediatric-drugs-and-fluids' [adapted] -> 9f7f7437d3f847528faf71e45bec1156
  ✓ Activated version: 0537705915fd4ff284b957874a89927a
Updated resource 'res-action-card-safe-oxygen-therapy' [adapted] -> 0e7f7eb0452a44e182f8fb177e2547a1
  ✓ Activated version: 5fcce856d5bb47d49ecf2beb017cc256
Updated resource 'res-action-card-emergency-referral-newborn-management' [adapted] -> 77e04fad6fa4400fbf0fc621a8f81b1d
  ✓ Activated version: 8368da20ad1b454eb5a3ad710cc3ae9b
Updated resource 'res-action-card-newborn-management-prevention' [adapted] -> 4c87c436ae1e467eab670a23e28625ef
  ✓ Activated version: 52707663c1494aab8a7bb8a010126589
Updated resource 'res-action-card-neonatal-jaundice' [adapted] -> ab1321fc7db3407abc1479207d48acc7
  ✓ Activated version: fa5368115edf4414ade6e950f17163bf
Updated resource 'res-action-card-antibiotic-management' [adapted] -> 6a718972a16647b19aa95c4d7e35a9c5
  ✓ Activated version: 83de8d93da514563b44ee2008239c3e3
Updated resource 'res-action-card-newborn-management-pediatric-drugs-and-fluids' [adapted] -> 9f7f7437d3f847528faf71e45bec1156
  ✓ Activated version: 0537705915fd4ff284b957874a89927a
Updated resource 'res-action-card-safe-oxygen-therapy' [adapted] -> 0e7f7eb0452a44e182f8fb177e2547a1
  ✓ Activated version: 5fcce856d5bb47d49ecf2beb017cc256
Updated resource 'res-action-card-emergency-referral-newborn-management' [adapted] -> 77e04fad6fa4400fbf0fc621a8f81b1d
  ✓ Activated version: 8368da20ad1b454eb5a3ad710cc3ae9b
Updated resource 'res-action-card-definition-and-complications' [adapted] -> f44474874fc24f1da6375c89f94b02c7
  ✓ Activated version: 4e358becd96348d1920f75a6c18324f5
Updated resource 'res-action-card-definitions-and-complications-ethiopia' [adapted] -> a2e4c475cfd84b0a9d035a3c1c2df5f2
  ✓ Activated version: b7df5117fa5d4299b9b2671ad41f87d2
Updated resource 'res-video-ethiopia-amharic-infection-prevention-intro' [translated] -> cf08049ebcbf4c908e879ab025a44920
  ✓ Activated version: dc32436510e847a9875c382abf583063
Updated resource 'res-video-ethiopia-amharic-infection-prevention-hand-hygiene' [translated] -> 9dfbe07bd3e24862aab9b01f7d0ba907
  ✓ Activated version: 3597ae774c3341b6a66b9fa2c1d33b46
Updated resource 'res-video-ethiopia-amharic-infection-prevention-procedure-for-handwash' [translated] -> 85539766cc2e4b17b7824697754322c8
  ✓ Activated version: 007a481f918b413f86a7a8b6fe0f65e1
Updated resource 'res-video-ethiopia-amharic-infection-prevention-procedure-for-handrub' [translated] -> 0415c78f298d4702ace77f0a7cbb796a
  ✓ Activated version: 42d4c6d450b84c4ea1bd70dcfd8955a5
Updated resource 'res-video-ethiopia-amharic-infection-prevention-personal-protective-equipment' [translated] -> 4ab6b008dd454002bcaa1aa2b67467f2
  ✓ Activated version: 7d971f589e604a20b9eedc1547162304
Updated resource 'res-video-ethiopia-amharic-infection-prevention-storage' [translated] -> 419abdc0ba814a148fe76c7f3cf1d35d
  ✓ Activated version: d9915f8a19ed44d5b265625b4076d0da
Updated resource 'res-video-ethiopia-amharic-infection-prevention-housekeeping' [translated] -> fe65ba4ce03f4f94943dccf550909cb0
  ✓ Activated version: 87ceb7d6ad7f4fee84c2dcbca2f99225
Updated resource 'res-video-ethiopia-amharic-infection-prevention-hiv-hepatitis-b-prevention' [translated] -> 30490e50a0b4433c88e0c3bf7dbe5312
  ✓ Activated version: f9f48f639f804c528ddabe2a57bf4a87
Updated resource 'res-video-ethiopia-amharic-post-abortion-care-intro' [translated] -> ce27492dceef477eb1063c6b4fbdca6a
  ✓ Activated version: cbef39edb9e34784bd7941a18a2433eb
Updated resource 'res-video-ethiopia-amharic-post-abortion-care-how-to-diagnose' [translated] -> 2966d642be8c4adbad5390d52b5ab1d9
  ✓ Activated version: 7fcdb1a0d5dd4712affe2b55e56998a2
Updated resource 'res-video-ethiopia-amharic-post-abortion-care-how-to-manage' [translated] -> 9e9640f84997447eb587ee47c0b7fe43
  ✓ Activated version: 0677bf67029c467e900a96b34eb56301
Updated resource 'res-video-ethiopia-amharic-post-abortion-care-evacuation-of-the-uterus' [translated] -> 98d3260195ca4600b7bf749d68424e18
  ✓ Activated version: c0aec8ce18c14e18bb9a5fffd8a92c51
Updated resource 'res-video-ethiopia-amharic-post-abortion-care-manual-vacuum-aspiration' [translated] -> a31540ce27be4c8fa6433929891cd537
  ✓ Activated version: a005a674dc8f4d449968774fd69edc09
Updated resource 'res-video-ethiopia-amharic-hypertension-intro' [translated] -> 72ead80de46b4cce9c2a2c7237b2a17b
  ✓ Activated version: 736bd7b3cf434acc8177a98f5a0367eb
Updated resource 'res-video-ethiopia-amharic-hypertension-definitions' [translated] -> f09dda024fc64ea6903611f48e451050
  ✓ Activated version: bf216da727b448f69833eb9d98a17086
Updated resource 'res-video-ethiopia-amharic-hypertension-causes' [translated] -> 93ad3031404443cabd0282c7d119fd97
  ✓ Activated version: f7b8164b93fb41f683218213bd712b4f
Updated resource 'res-video-ethiopia-amharic-hypertension-how-to-diagnose' [translated] -> bc6eb2f9ba8146acb1a4062bd0d661fe
  ✓ Activated version: 3a605be087c64b7a9353e551a7af6392
Updated resource 'res-video-ethiopia-amharic-hypertension-management-of-hypertension' [translated] -> bc8e3b6fa16e407680075555051d69e0
  ✓ Activated version: 736549c4b7fb493491c60b8f0e5d3ba0
Updated resource 'res-video-ethiopia-amharic-hypertension-severe-preeclampsia-eclampsia' [translated] -> 38997f629cdb4cb390efda35be930d84
  ✓ Activated version: e9322e7927254efda84e9081bf58823b
Updated resource 'res-video-ethiopia-amharic-active-management-of-third-stage-labour-intro' [translated] -> e5ffb619a3874adea6ee68f7c51f7bef
  ✓ Activated version: 3945570bf6e24fe184c8a207162aee90
Updated resource 'res-video-ethiopia-amharic-active-management-of-third-stage-labour-give-a-uterotonic-drug' [translated] -> bfe25fffe6a9494a839de6fc85669dfa
  ✓ Activated version: 4c4a860da0db487ca8bde4c79f553605
Updated resource 'res-video-ethiopia-amharic-active-management-of-third-stage-labour-assess-the-newborn' [translated] -> 2d369ae2872e4b54a79fa4c80e1acec0
  ✓ Activated version: 9eefc98121904d179c53d303f85f3aa0
Updated resource 'res-video-ethiopia-amharic-active-management-of-third-stage-labour-clamp-and-cut-the-umbilical-cord' [translated] -> 9c1c58dd236b40ff989949fcce2eeeff
  ✓ Activated version: 9beec9959c5446ffa20b607e36cd263c
Updated resource 'res-video-ethiopia-amharic-active-management-of-third-stage-labour-controlled-cord-traction' [translated] -> d89a983447f24aee9a44ee6cfb074b39
  ✓ Activated version: 7aaac3fcbc6d434c9a30fc9ddbe305d7
Updated resource 'res-video-ethiopia-amharic-active-management-of-third-stage-labour-examine-the-placenta' [translated] -> adce756806b54885a21f5d3f761b395d
  ✓ Activated version: 94adf2c39dbe45daa0b2ada543dbfec5
Updated resource 'res-video-ethiopia-amharic-active-management-of-third-stage-labour-monitoring' [translated] -> 49e54891bba64c659d3c191279cb693a
  ✓ Activated version: 1901ed6217574a6f9eef71a2fd89b0f5
Updated resource 'res-video-ethiopia-amharic-prolonged-labour-intro' [translated] -> 5e95ca60bb954e3eaf53e66883168286
  ✓ Activated version: 8e571a4185b543f4a068ceabf99982e4
Updated resource 'res-video-ethiopia-amharic-prolonged-labour-causes' [translated] -> fb53530169d747d28c04df9f4f326d25
  ✓ Activated version: f55f11d650b34cf4b0695f31569b8655
Updated resource 'res-video-ethiopia-amharic-prolonged-labour-1st-stage-latent-phase' [translated] -> 01001dbd129a40e18eb22518e0346664
  ✓ Activated version: 89e2a61424444474a097edf03e2ea3e9
Updated resource 'res-video-ethiopia-amharic-prolonged-labour-1st-stage-active-phase' [translated] -> 9e2ff28aa9964551a89488ad8630a2ab
  ✓ Activated version: 9d6714208a164ba891134d8fd90bd8d0
Updated resource 'res-video-ethiopia-amharic-prolonged-labour-2nd-stage-prolonged' [translated] -> 48730f0b970b4bb3be1a1fc7b80dd25c
  ✓ Activated version: 87e125212bfa4e4ba9cc1cdab0c6b8cd
Updated resource 'res-video-ethiopia-amharic-prolonged-labour-2nd-stage-vacuum-extraction' [translated] -> 1a850a29ef8c48d1b8b1be25b2b24a7f
  ✓ Activated version: 3eec928645ce4e77848603ef756a903e
Updated resource 'res-video-ethiopia-amharic-post-partum-hemorrhage-intro' [translated] -> 03e83edf41f64ab7bc6b45fc20e8c511
  ✓ Activated version: 4af288f3a87c4bd8a0ee3d860c341fbd
Updated resource 'res-video-ethiopia-amharic-post-partum-hemorrhage-uterus-massage' [translated] -> d94528515bdd49228d0109a245bc9fd5
  ✓ Activated version: f7cddd162a1b43b1a0e8431be1617c2e
Updated resource 'res-video-ethiopia-amharic-post-partum-hemorrhage-empty-the-bladder' [translated] -> c0dd6d5b084f4354b144c0d8557a335a
  ✓ Activated version: ec50380f56724fb9bf634b5d4842ca55
Updated resource 'res-video-ethiopia-amharic-post-partum-hemorrhage-bimanual-compression' [translated] -> 0469e3f843ef410f8017a62510d601bf
  ✓ Activated version: c94efc347c7242afba5588932acb904f
Updated resource 'res-video-ethiopia-amharic-post-partum-hemorrhage-resuscitation' [translated] -> 65f22e8fe53243a0ac8af76bf61062b4
  ✓ Activated version: 2b0c099c78b949a9a998ff56644ad156
Updated resource 'res-video-ethiopia-amharic-post-partum-hemorrhage-give-uterotonic-drugs' [translated] -> f666a23c3eef444a83a7715213f3f805
  ✓ Activated version: 3349acbbad074eb7af554e3824f9a701
Updated resource 'res-video-ethiopia-amharic-post-partum-hemorrhage-trauma' [translated] -> 73e7348e0b154ee1be9b884ec8b1826b
  ✓ Activated version: 744511d0703e482bb92ac2ff4e7ebad5
Updated resource 'res-video-ethiopia-amharic-post-partum-hemorrhage-tissue' [translated] -> 3b278e7715134e71bfebd1a313c452c3
  ✓ Activated version: 8111e8ba30f54514a1a9ea5eef3d5533
Updated resource 'res-video-ethiopia-amharic-post-partum-hemorrhage-monitoring-after-bleeding' [translated] -> dce88a17eeae4cd09299306d68c70e0a
  ✓ Activated version: c6a88f9c964a470386b933f4c2a8fed4
Updated resource 'res-video-ethiopia-amharic-manual-removal-of-placenta-intro' [translated] -> 07bddb5a1ca14de4be838d17383d6eac
  ✓ Activated version: 5dad4ece76484c5cb973b26a47ab6b7a
Updated resource 'res-video-ethiopia-amharic-manual-removal-of-placenta-aorta-compression' [translated] -> 85f1b82a0b034471b9c791cd21e0ca4b
  ✓ Activated version: 22ff864fecd4416da3b91a3da4ab2cb5
Updated resource 'res-video-ethiopia-amharic-manual-removal-of-placenta-resuscitation' [translated] -> 21fc410b1bea4f7fbf1219ba5f067223
  ✓ Activated version: bb467a4cef564b70b82cc0280550894a
Updated resource 'res-video-ethiopia-amharic-manual-removal-of-placenta-drugs-before-removal' [translated] -> 4029729b51be47e290b57f3705899b0e
  ✓ Activated version: 722f907c4f6a4204aa48777005a73fba
Updated resource 'res-video-ethiopia-amharic-manual-removal-of-placenta-gloves' [translated] -> 01b8f7b1000b4b9596fbbced6ef3acea
  ✓ Activated version: 1a5a8f5c3c66429482bd942b446380bc
Updated resource 'res-video-ethiopia-amharic-manual-removal-of-placenta-remove-the-placenta' [translated] -> 375d5bbf6210402092f1a2efa6deb4f8
  ✓ Activated version: d8d40c5683ae4fe1a5bd4fdcaec8dca3
Updated resource 'res-video-ethiopia-amharic-manual-removal-of-placenta-drugs-after-removal' [translated] -> 4f9f7ac48332441bb72010e7d593269b
  ✓ Activated version: 2fc90c29a2124c74a73132e0e41e4adb
Updated resource 'res-video-ethiopia-amharic-manual-removal-of-placenta-monitoring' [translated] -> 0ce6655b4d894038a615e7866c5a017e
  ✓ Activated version: 42c49384d0ac422bb0c5bda33782da55
Updated resource 'res-video-ethiopia-amharic-maternal-sepsis-intro' [translated] -> 6ed77b22447f4def8da045474eb40741
  ✓ Activated version: b5e7695ee51f461394103af265187a70
Updated resource 'res-video-ethiopia-amharic-maternal-sepsis-how-to-diagnose-definitions' [translated] -> 994511a5f5204d829aebf99e8e37a7fd
  ✓ Activated version: 1e2faa24efe24f14b40622bd157ac473
Updated resource 'res-video-ethiopia-amharic-maternal-sepsis-how-to-manage' [translated] -> a838d32303ef4408b2125cc0a0a9c4fe
  ✓ Activated version: 2d303ae3e9a54aab95aba8a9e089b667
Updated resource 'res-video-ethiopia-amharic-maternal-sepsis-following-management' [translated] -> 1647bd73effa42a8bc695c2c28a21927
  ✓ Activated version: 5d5a2257899943e7a799d0e52d8e0ba5
Updated resource 'res-video-ethiopia-amharic-maternal-sepsis-origin-of-infection' [translated] -> e1414d59a468451b868ff7d568c3f1d3
  ✓ Activated version: 60983b90095b4f1eb7e77047aaef3227
Updated resource 'res-video-ethiopia-amharic-maternal-sepsis-hiv' [translated] -> 605d807ada1c422b90e88ef1ee356607
  ✓ Activated version: ec7a6e3177854879807844c1e8ba43d3
Updated resource 'res-video-ethiopia-amharic-neonatal-resuscitation-intro' [translated] -> b82f0211571440d3bf61ce784705dc1b
  ✓ Activated version: c0211ed21c9342c59afe0019af22fd9c
Updated resource 'res-video-ethiopia-amharic-neonatal-resuscitation-assess-the-newborn' [translated] -> ecd7d72c0b6f4a6eb32276ceae99626b
  ✓ Activated version: f4ae14ed7bd9420e92221c720f007b66
Updated resource 'res-video-ethiopia-amharic-neonatal-resuscitation-airway' [translated] -> ac49d5de2d024bffb3febbeefbfdef64
  ✓ Activated version: 97e59329b4fe4254be2cabdbca864351
Updated resource 'res-video-ethiopia-amharic-neonatal-resuscitation-breathing' [translated] -> 509a9eb0bebc4d28a5cea657f5a3cb52
  ✓ Activated version: bc18061c180a43f6bc5b0e9f3882871c
Updated resource 'res-video-ethiopia-amharic-neonatal-resuscitation-when-to-stop-resuscitation' [translated] -> 8e86404bb5ab427f83b428c6a6678dc0
  ✓ Activated version: 0946a381d5654fd38839671cc2f4563f
Updated resource 'res-video-ethiopia-amharic-neonatal-resuscitation-monitoring' [translated] -> 0eb3ecb122d749ed8c85729382ad360f
  ✓ Activated version: e1a71f6d73694688aac2dff1a70a2d7e
Updated resource 'res-video-ethiopia-amharic-newborn-management-intro' [translated] -> e26f8f434bbe4cbda543a6df531027b7
  ✓ Activated version: 6571250195a6468aafa8ac5ac56452a4
Updated resource 'res-video-ethiopia-amharic-newborn-management-prevention' [translated] -> df82f1f07ee14ff99065bca2ed8e4caa
  ✓ Activated version: bed454e8317a49af8b24e211ea9ff5c4
Updated resource 'res-video-ethiopia-amharic-newborn-management-initial-care-of-the-newborn' [translated] -> 03315b2633a04fb38688ae6b8f4a911b
  ✓ Activated version: 7cd4388f84ab47d6b1e201ff1e1f07f8
Updated resource 'res-video-ethiopia-amharic-newborn-management-danger-signs' [translated] -> 6230eb179c104a7ca9875d256f93ea0b
  ✓ Activated version: cd254b3aa71e4bdfb9725df3d1b2e127
Updated resource 'res-video-ethiopia-amharic-newborn-management-referral' [translated] -> 944e4498d47b447380cbd47d31c1feaa
  ✓ Activated version: fe3a74ca03bc46ac867492040287e1ad
Updated resource 'res-video-ethiopia-amharic-low-birth-weight-intro' [translated] -> 557e5f370c164cd9a5a5b0212264ac25
  ✓ Activated version: 4726945b079542199fee2068b8d2d263
Updated resource 'res-video-ethiopia-amharic-low-birth-weight-initial-care-of-the-low-birth-weight' [translated] -> 7b6fad9397c9487fbb28c2fc7b11ae44
  ✓ Activated version: 5aaadf613d334fd3aeb402d82a0ca6c0
Updated resource 'res-video-ethiopia-amharic-low-birth-weight-kangaroo-mother-care' [translated] -> 70c958df15ee436c8a81ab11f4d295f8
  ✓ Activated version: c61d11021deb4370a2c0ca17f812bb1e
Updated resource 'res-video-ethiopia-amharic-low-birth-weight-feeding' [translated] -> 3f630652e5ea41c58091f95fc95329b7
  ✓ Activated version: 10cbd9e5a4c1428e9d630b1ae7e65990
Updated resource 'res-video-ethiopia-amharic-low-birth-weight-danger-signs' [translated] -> cf50bdf9dff74a49a54d13fa093a7aa5
  ✓ Activated version: dc2f8db2ab4c43e992e13b7e8ec9cd31
Updated resource 'res-video-ethiopia-amharic-low-birth-weight-referral' [translated] -> eaf391d71e1842b28d915fa0dac8f06a
  ✓ Activated version: a39c2b20aa034837a3ccd3f7c4916df7
Updated resource 'res-video-ethiopia-amharic-low-birth-weight-respectful-care' [translated] -> d56c5b17c2a4467d8a87a387411bc94a
  ✓ Activated version: 2127eebb3b9c4cb4a7cb124620139d1a
Updated resource 'res-video-ethiopia-amharic-female-genital-mutilation-intro' [translated] -> a6e6e1cc9e9a491abb189ef1e80ecedd
  ✓ Activated version: fae489e07fe5495a89b6617a0541a8a6
Updated resource 'res-video-ethiopia-amharic-female-genital-mutilation-the-types-of-fgm' [translated] -> 96116f2ab8324fe5af22811d3ace31a3
  ✓ Activated version: 8167fa43a2c14e94a654e853eb0e7de6
Updated resource 'res-video-ethiopia-amharic-female-genital-mutilation-immediate-health-risks' [translated] -> 520e7f232691406da02e468131a0a462
  ✓ Activated version: e9360877be0a41ff840a2f7cb55b341e
Updated resource 'res-video-ethiopia-amharic-female-genital-mutilation-birth-complications' [translated] -> 612a0ea310584f8e8bbd284d7dc30b7f
  ✓ Activated version: a03fd821d6384d73a1da00b603d15409
Updated resource 'res-video-ethiopia-amharic-female-genital-mutilation-management-of-a-pregnant-woman-with-fgm' [translated] -> c9f155146bbf40d3ab696b8d496a9837
  ✓ Activated version: 5e744b9cce5b4ffa910607ca0af79200
Updated resource 'res-video-ethiopia-amharic-female-genital-mutilation-deinfibulation' [translated] -> c0f2cf5feb1f48b2b921ea77159f8df8
  ✓ Activated version: 4b7f22d454404e62adc3f042ba3a396e
Updated resource 'res-video-ethiopia-amharic-female-genital-mutilation-labour-with-fgm' [translated] -> 2ad119345f6b4cf997799ab08d4c716d
  ✓ Activated version: 19aab7b2ca0743e0922a55e7aa60e93f
Updated resource 'res-video-ethiopia-amharic-female-genital-mutilation-counsel-the-woman-and-her-husband' [translated] -> 2254ae52effe48f5b231c9e4ca6e93f9
  ✓ Activated version: a133c32435334dfd95785dbbc2429bfc
Updated resource 'res-drug-post-exposure-prophylaxis-pep' [translated] -> c931d5e9c6b845e38cd7ad943daa9c05
  ✓ Activated version: 25b66591eb614148bc4d733893faecf6
Updated resource 'res-drug-ampicillin' [translated] -> 43bb1ffca2dd4cc39ad053f7a3c6fcc1
  ✓ Activated version: 562ecd31f6ae425f884b96df4e1f0e47
Updated resource 'res-drug-diazepam' [translated] -> fa164a1830c34740b8a5e3f52a2d99cb
  ✓ Activated version: 18c6254653f7488a8a601a993e3abbd0
Updated resource 'res-drug-gentamicin' [translated] -> e93dce99276148ddbc9a17267c8a3019
  ✓ Activated version: 11d070ccf9764a39a92fdb26a12c29bc
Updated resource 'res-drug-ibuprofen' [translated] -> 03fb82fe88f94a97b8bb868f9304ab3e
  ✓ Activated version: b3dadcbac5c8459b99b380f29c0ee743
Updated resource 'res-drug-metronidazole' [translated] -> 6059c50b5d9f43aeacb0f173ce2a17f6
  ✓ Activated version: 73cb33ac149a4f11b49181bab7ed7769
Updated resource 'res-drug-morphine' [translated] -> acd56f2a2f8f4812a25ee36d3b81dcc0
  ✓ Activated version: 7db94988609e452789a88f71ddb78eaf
Updated resource 'res-drug-calcium-gluconate' [translated] -> 042917dc302749ff84d221bf6529136d
  ✓ Activated version: bef347d2f8974169a2afaa8d4d8293ff
Updated resource 'res-drug-hydralazine' [translated] -> b9a8b0598e1c46e49d4c925dff84e867
  ✓ Activated version: 35b4b7f662084d0998ec6d5fd1b5614c
Updated resource 'res-drug-labetalol' [translated] -> b9808901bc3a45fc89761de346ac311f
  ✓ Activated version: 2702be31825741a8b8cbe65823ba26ca
Updated resource 'res-drug-lidocaine' [translated] -> 4d72f151dc1e46e1a304f64db96f26bf
  ✓ Activated version: 85359c10c06145c5bb88a5c77ca01873
Updated resource 'res-drug-magnesium-sulphate' [translated] -> a7bc6e3c0e9e420492f575558a1dd688
  ✓ Activated version: e83fa03488e345a6a0a606d4a11ef6ed
Updated resource 'res-drug-methyldopa' [translated] -> 5719affb0bfb4c13a4d62fda6d6f23ca
  ✓ Activated version: 9cac54da33ca43b58cf8e0001dbeb85f
Updated resource 'res-drug-nifedipine' [translated] -> 1ed3d8279c2e49d4930b378a819eb6b9
  ✓ Activated version: 5446dc66cb054942b417aa525cbab093
Updated resource 'res-drug-dexamethasone' [translated] -> 96c048a8b6264fe3950df4192d54829a
  ✓ Activated version: d0579f49433e46029cc1c1ca96b2608f
Updated resource 'res-drug-antibiotic-eye-drops' [translated] -> 7f979a838f724fbc824cf4e8870208a7
  ✓ Activated version: 311a098c8a12481ca1349fcdd28ff637
Updated resource 'res-drug-chlorhexidine' [translated] -> 87b956a132624d2d908f8d2a5fb929b6
  ✓ Activated version: c6c6d00502874a239ba3be33eac71d6d
Updated resource 'res-drug-misoprostol' [translated] -> 1ad5e35a0e4e4cec9e7fc137d85ed493
  ✓ Activated version: 5934e189c5d5417ba922587bbfcb3c6f
Updated resource 'res-drug-oxytocin' [translated] -> 8134a1b103c64d459f5a22ef0859a669
  ✓ Activated version: 0975302b381e4632be13ddc47d605bfa
Updated resource 'res-drug-vitamin-k' [translated] -> 98a17f50d52c494091e82cc8af4a1267
  ✓ Activated version: be0ee0cabef441ea9577bb7aa3831848
Updated resource 'res-drug-carbetocin' [translated] -> 327572e523cc4358a54973204f7b5e92
  ✓ Activated version: ea1a5483eb0f42c5a197da4f65156089
Updated resource 'res-drug-oxytocin' [translated] -> 8134a1b103c64d459f5a22ef0859a669
  ✓ Activated version: 26682261e3bd45da87ba0798f31756d3
Updated resource 'res-drug-ampicillin' [translated] -> 43bb1ffca2dd4cc39ad053f7a3c6fcc1
  ✓ Activated version: f23849e16dae48ff80435c7eaf6209d1
Updated resource 'res-drug-cefazolin' [translated] -> 37bb22e6153741139736129afe30170f
  ✓ Activated version: 2bc9ab51f2234ff494dc5fbae0cac1c5
Updated resource 'res-drug-diazepam' [translated] -> fa164a1830c34740b8a5e3f52a2d99cb
  ✓ Activated version: df690eacc847456489c5bfd27fa0e61f
Updated resource 'res-drug-ergometrine' [translated] -> 2e600c6b443440e8acb6a72da07c1b85
  ✓ Activated version: 8826d66553c94ae79afc9fa72cef23b0
Updated resource 'res-drug-iron' [translated] -> 18f94590377f4f67b7bbeca44d990ac1
  ✓ Activated version: 408995ee359446799fcf4eabb06f5865
Updated resource 'res-drug-misoprostol' [translated] -> 1ad5e35a0e4e4cec9e7fc137d85ed493
  ✓ Activated version: 8b9397469e8c44c6b4bc83d858f07d63
Updated resource 'res-drug-oxytocin' [translated] -> 8134a1b103c64d459f5a22ef0859a669
  ✓ Activated version: e597348f11d942738c86f29410a8f7e8
Updated resource 'res-drug-tranexamic-acid' [translated] -> efec554769984a3189ac19d86b2f2014
  ✓ Activated version: b10a008bff424abf9028c36b897dc3de
Updated resource 'res-drug-ampicillin' [translated] -> 43bb1ffca2dd4cc39ad053f7a3c6fcc1
  ✓ Activated version: 75852f4567bb4b93946984332267cf9f
Updated resource 'res-drug-cefazolin' [translated] -> 37bb22e6153741139736129afe30170f
  ✓ Activated version: 85bbe4042580428ea72d3798053bace1
Updated resource 'res-drug-diazepam' [translated] -> fa164a1830c34740b8a5e3f52a2d99cb
  ✓ Activated version: 0a023a969b6c4fae85360ffeb11fc20b
Updated resource 'res-drug-ergometrine' [translated] -> 2e600c6b443440e8acb6a72da07c1b85
  ✓ Activated version: 2a4e3894cf0a4002808eb6123e1b5ecc
Updated resource 'res-drug-iron' [translated] -> 18f94590377f4f67b7bbeca44d990ac1
  ✓ Activated version: 1e86b8c4320b414ea37a08cf58bfc333
Updated resource 'res-drug-misoprostol' [translated] -> 1ad5e35a0e4e4cec9e7fc137d85ed493
  ✓ Activated version: e2212905a0da472c9c616ee5d0fdf5e8
Updated resource 'res-drug-oxytocin' [translated] -> 8134a1b103c64d459f5a22ef0859a669
  ✓ Activated version: 8aac1cb79da449109b69e4c25fd991fb
Updated resource 'res-drug-tranexamic-acid' [translated] -> efec554769984a3189ac19d86b2f2014
  ✓ Activated version: 2fe2b61832904f068e0f3e682552edaa
Updated resource 'res-drug-ampicillin' [translated] -> 43bb1ffca2dd4cc39ad053f7a3c6fcc1
  ✓ Activated version: 7ebb5087c1994f1bbe7bdca6ed539d95
Updated resource 'res-drug-artesunate' [translated] -> a77b770a890840ea83822337e8f75f96
  ✓ Activated version: 03ea1096a80e46b0a7826326182aabb9
Updated resource 'res-drug-betamethasone' [translated] -> 68ad36d39eff4e28b00df56e3c8d0ee1
  ✓ Activated version: 54befc7913b94a8fa0b05adf1296df67
Updated resource 'res-drug-chloramphenicol' [translated] -> 0b162e3b7424405489bd287bcc2ec3de
  ✓ Activated version: 90746084e6f54a88a1da60f5ae013b7f
Updated resource 'res-drug-dexamethasone' [translated] -> 96c048a8b6264fe3950df4192d54829a
  ✓ Activated version: 7720a784930d4feaadfc56a955f88be3
Updated resource 'res-drug-dicloxacillin' [translated] -> 935dd56a652a4d17bc2ef1efa1c0cb2c
  ✓ Activated version: 9da94b4a83e74838a12db08f002c0e4d
Updated resource 'res-drug-gentamicin' [translated] -> e93dce99276148ddbc9a17267c8a3019
  ✓ Activated version: 853fe61d6e4e4731892bec30e5ca6c69
Updated resource 'res-drug-metronidazole' [translated] -> 6059c50b5d9f43aeacb0f173ce2a17f6
  ✓ Activated version: 875a5933a97a4762972a3e46e220bda7
Updated resource 'res-drug-penicillin-g-benzylpenicillin' [translated] -> 5f0f7a53c8fc40989e81d930f4403b9c
  ✓ Activated version: fee2326b2ce143dd956be959662b734e
Updated resource 'res-drug-quinine' [translated] -> 6c50f9ca2bfc47a49da29a45f465d130
  ✓ Activated version: 0f496f4d0bea471090204e20ae26ca99
Updated resource 'res-drug-ampicillin' [translated] -> 43bb1ffca2dd4cc39ad053f7a3c6fcc1
  ✓ Activated version: 5796d9cc8f7742c98637ad8a48f77300
Updated resource 'res-drug-ceftriaxone' [translated] -> f9c06be97a3c467088cb60483edf973d
  ✓ Activated version: 4a20e6bc6e684cba84411857e7d52a91
Updated resource 'res-drug-gentamicin' [translated] -> e93dce99276148ddbc9a17267c8a3019
  ✓ Activated version: 8e4c216475cb458a8982ee195a75fdce
Updated resource 'res-drug-phenobarbital' [translated] -> ee2e85a6881841dab0e74110c9fb7b01
  ✓ Activated version: 839d071500a742e4bae0f44ed65b5ee3
Updated resource 'res-drug-ampicillin' [translated] -> 43bb1ffca2dd4cc39ad053f7a3c6fcc1
  ✓ Activated version: 3fcc43418f314bfbb3901c680212cd21
Updated resource 'res-drug-antibiotic-eye-drops' [translated] -> 7f979a838f724fbc824cf4e8870208a7
  ✓ Activated version: 902c397178654ccb85650efbfd55f64d
Updated resource 'res-drug-betamethasone' [translated] -> 68ad36d39eff4e28b00df56e3c8d0ee1
  ✓ Activated version: 5f87523e223d4a28b3c76697b1939ef9
Updated resource 'res-drug-ceftriaxone' [translated] -> f9c06be97a3c467088cb60483edf973d
  ✓ Activated version: 1171bb05f86042ffa90360a61a00595a
Updated resource 'res-drug-chlorhexidine' [translated] -> 87b956a132624d2d908f8d2a5fb929b6
  ✓ Activated version: 4b90c3195d014ab08fef479bd1c57940
Updated resource 'res-drug-dexamethasone' [translated] -> 96c048a8b6264fe3950df4192d54829a
  ✓ Activated version: 287214718eb6467581273c359942a4c6
Updated resource 'res-drug-gentamicin' [translated] -> e93dce99276148ddbc9a17267c8a3019
  ✓ Activated version: 358f116420c24cf6ba09f3cde841615f
Updated resource 'res-drug-oxytocin' [translated] -> 8134a1b103c64d459f5a22ef0859a669
  ✓ Activated version: 32c640aadee8425a87790dab47ec68e5
Updated resource 'res-drug-phenobarbital' [translated] -> ee2e85a6881841dab0e74110c9fb7b01
  ✓ Activated version: 60408eff0a0b472aaefcbb0da6a7bd66
Updated resource 'res-drug-vitamin-k' [translated] -> 98a17f50d52c494091e82cc8af4a1267
  ✓ Activated version: 97625da0089b4d15a38a7813e6544741
Updated resource 'res-drug-amoxicillin' [translated] -> 55ece732b1294065a63027260c6f24b6
  ✓ Activated version: 6fd03bb260634de3a90a187374d4e665
Updated resource 'res-drug-ampicillin' [translated] -> 43bb1ffca2dd4cc39ad053f7a3c6fcc1
  ✓ Activated version: 748a5129e37a4adfb5792e635bdd53e9
Updated resource 'res-drug-antibiotic-eye-drops' [translated] -> 7f979a838f724fbc824cf4e8870208a7
  ✓ Activated version: 2646a20adb664725b41675cc68df7097
Updated resource 'res-drug-betamethasone' [translated] -> 68ad36d39eff4e28b00df56e3c8d0ee1
  ✓ Activated version: 5fd59bf142a142c2845fe39b03eaa2b8
Updated resource 'res-drug-ceftriaxone' [translated] -> f9c06be97a3c467088cb60483edf973d
  ✓ Activated version: 019b93b81d5f4296ac7c36d1cffcd283
Updated resource 'res-drug-dexamethasone' [translated] -> 96c048a8b6264fe3950df4192d54829a
  ✓ Activated version: 69d9f53d172f45e5b49e7ae9e339ed37
Updated resource 'res-drug-gentamicin' [translated] -> e93dce99276148ddbc9a17267c8a3019
  ✓ Activated version: 1f331efda8da487f9bfaad7af52265b5
Updated resource 'res-drug-metronidazole' [translated] -> 6059c50b5d9f43aeacb0f173ce2a17f6
  ✓ Activated version: 21b3f968d7054ea78f43dd07bede7448
Updated resource 'res-drug-penicillin-g-benzylpenicillin' [translated] -> 5f0f7a53c8fc40989e81d930f4403b9c
  ✓ Activated version: 712f47dd3907428889719d09a855baee
Updated resource 'res-drug-phenobarbital' [translated] -> ee2e85a6881841dab0e74110c9fb7b01
  ✓ Activated version: 402375242aa6432ba41ade98dd1b5318
Updated resource 'res-drug-aminophylline' [translated] -> a2b625a173af40e3afdf9f07726ff32d
  ✓ Activated version: 0be1c4b911ee48a1a8e1d95836822b37
Updated resource 'res-drug-caffeine-citrate' [translated] -> 8cb2f20981584886903513be5ecef365
  ✓ Activated version: 1c6c3984f0b045b290bcef64cb68b59b
Updated resource 'res-drug-diclofenac' [translated] -> 4e899a185c3c49178fb5a2450af56939
  ✓ Activated version: 79153143c89440e1b5ee81aa27b52a7f
Updated resource 'res-drug-lidocaine' [translated] -> 4d72f151dc1e46e1a304f64db96f26bf
  ✓ Activated version: 70589a81ed5748e889a7ecc717e3f5c7
Updated resource 'res-drug-paracetamol' [translated] -> 09425da9efba4c2fa9b62fa1d0d810f1
  ✓ Activated version: b497869ed01b4b2882b9bcdef1066105
Updated resource 'res-drug-ibuprofen' [translated] -> 03fb82fe88f94a97b8bb868f9304ab3e
  ✓ Activated version: 634147f14edf4eb0a072573c9a1dda97
Updated resource 'res-procedure-mixing-alcohol-based-handrub' [translated] -> 9c1b3d6b1b044d25a5eec88a1a423b34
  ✓ Activated version: 05a7b7705dfb4f5db8f12fa59a9f9421
Updated resource 'res-procedure-cleaning-manual-vacuum-aspirator' [translated] -> 5d438ee63287425da88fbf890d88e704
  ✓ Activated version: 0809ff5581164a3184a84173b5936c72
Updated resource 'res-procedure-urine-catheter' [translated] -> 62d6cd63bf764d6c930eb1a96b10bf52
  ✓ Activated version: 94b0f8c87f7d468d8bd0be5971739bbb
Updated resource 'res-procedure-urine-catheter' [translated] -> 62d6cd63bf764d6c930eb1a96b10bf52
  ✓ Activated version: 49f85b990b14437fa3c322b4a04a948d
Updated resource 'res-procedure-breastfeeding' [translated] -> 204b53d129214ea898cafe9217a18be9
  ✓ Activated version: 8454897b77604451b8825cf25d228702
Updated resource 'res-procedure-urine-catheter' [translated] -> 62d6cd63bf764d6c930eb1a96b10bf52
  ✓ Activated version: 9237d64f5dc447c2a20ae1c027bbbad0
Updated resource 'res-procedure-foetal-heart-rate' [translated] -> 1f870be16c904b15ada37974848332e3
  ✓ Activated version: 8f87ababb0ef4f148997e36e1ab810e5
Updated resource 'res-procedure-vacuum-extractor' [translated] -> afac8731991045aa9e6c3a20b4f1a051
  ✓ Activated version: d1116713e7f8425fa76e02b02bec9060
Updated resource 'res-procedure-urine-catheter' [translated] -> 62d6cd63bf764d6c930eb1a96b10bf52
  ✓ Activated version: 55aedb285e6f48548e11b753667cc743
Updated resource 'res-procedure-condom-balloon-tamponade' [translated] -> 1019d4bc3d0146c99a70b23f045d2a77
  ✓ Activated version: 40da10b3f8bf4b5aa0bf80883dfdb551
Updated resource 'res-procedure-urine-catheter' [translated] -> 62d6cd63bf764d6c930eb1a96b10bf52
  ✓ Activated version: efff061fd6e2412aa299b13d916c855b
Updated resource 'res-procedure-condom-balloon-tamponade' [translated] -> 1019d4bc3d0146c99a70b23f045d2a77
  ✓ Activated version: 4ebdd20a06814e949575850fab6cfb0b
Updated resource 'res-procedure-urine-catheter' [translated] -> 62d6cd63bf764d6c930eb1a96b10bf52
  ✓ Activated version: 13078a50508f4e7795efc3133c4c6767
Updated resource 'res-procedure-nasogastric-tube' [translated] -> 443eb72f84b04f81b5c9efe322f6c08d
  ✓ Activated version: 743f1c94e54e44678ccc8139519a2952
Updated resource 'res-procedure-breastfeeding' [translated] -> 204b53d129214ea898cafe9217a18be9
  ✓ Activated version: c4bb434c39e24a7a8564c8fd8e633dfc
Updated resource 'res-procedure-nasogastric-tube' [translated] -> 443eb72f84b04f81b5c9efe322f6c08d
  ✓ Activated version: 56e134f533904739aea1f27e803a800f
Updated resource 'res-procedure-breastfeeding' [translated] -> 204b53d129214ea898cafe9217a18be9
  ✓ Activated version: 752d1cbaf182452fb4488343b4da1eda
Updated resource 'res-procedure-deinfibulation' [translated] -> 76ce3053418b41e69ae9063cc535bac2
  ✓ Activated version: 0c0142012d854355a422bc09af641662
Updated resource 'res-procedure-deinfibulation-ethiopia' [translated] -> 3c4c117c3c744c248f0331cf5cc9b968
  ✓ Activated version: 4d845dfeaee14a3fbdeafe06f73dc6c3
Updated resource 'res-action-card-post-abortion-care-definitions' [translated] -> 85ac5351c9534af3bc580c5dc27bd23a
  ✓ Activated version: 6b2a5a1fe3884b3499d9f57fdd5fd8e7
Updated resource 'res-action-card-post-abortion-care-emergency-management' [translated] -> 6cf2a95f458047b58d973ea78600fb5d
  ✓ Activated version: 0c07f5c5423f4d159aa2cf345a9257f9
Updated resource 'res-action-card-post-abortion-care-following-management' [translated] -> adaf3c1078af44859721fa42ec6921f9
  ✓ Activated version: d2893de37b2248af9124eaa6f221dd07
Updated resource 'res-action-card-emergency-referral-post-abortion-care' [translated] -> a4eea7deaa76487ab34130ae5299e7f2
  ✓ Activated version: 4b2ac97579ce41ceb6337b266aa2b45a
Updated resource 'res-action-card-hypertension-definitions' [translated] -> 452c591b18054e5e970947415b13a795
  ✓ Activated version: e18d24622a824e51adfbc33a9599c651
Updated resource 'res-action-card-hypertension-management-eclampsia' [translated] -> dec5fb6753024db196a34439b7be0009
  ✓ Activated version: f6abc7de079f46129381fb6f661c405b
Updated resource 'res-action-card-emergency-referral-hypertension' [translated] -> f72e62c51c464e9fa43d6afc3e65fcbb
  ✓ Activated version: 2373d557a81d406f9d0ed806100da158
Updated resource 'res-action-card-newborn-management-routine-care' [translated] -> 4913403514e9444b942a1c7fa5ab07df
  ✓ Activated version: 668a5c67822e4b3ea73a15fac97d9dd7
Updated resource 'res-action-card-essential-steps-for-active-management-of-third-stage-labour' [translated] -> a78ff934f971446bb015b6ee0937a59b
  ✓ Activated version: e22b045d1a1c4f6bad5b863353a051c8
Updated resource 'res-action-card-vacuum-delivery-indications' [translated] -> 5ce558be037c46c989da5f8e208e715e
  ✓ Activated version: 4407152ee6f24531a6aedcf0abfc0a01
Updated resource 'res-action-card-vacuum-delivery-prerequisites' [translated] -> 0ff0bb660f8e45d5afae94066769a035
  ✓ Activated version: 129f0124dc324962839693f09f44e772
Updated resource 'res-action-card-vacuum-delivery-procedure-as-by-also' [translated] -> d2fa6384547a46cdb4172133de5c9599
  ✓ Activated version: 59e6c58e642a4448bd1718c441b7df7f
Updated resource 'res-action-card-emergency-referral-prolonged-labour' [translated] -> 9b80dd9f4f3c4fcc88047586d5c7011e
  ✓ Activated version: 6c1b1620ca8b451fb95beb76b3554356
Updated resource 'res-action-card-post-partum-hemorrage-uterus' [translated] -> 7bd8b32b3d204b99a96fefc4b3076dd4
  ✓ Activated version: bb52aae02db6429c8de8f04f4a75e738
Updated resource 'res-action-card-post-partum-hemorrage-head' [translated] -> a5f29df71fae4f7e94a97f8f57d6ac13
  ✓ Activated version: 13112d728c0446958f7d2e75858a8c79
Updated resource 'res-action-card-post-partum-hemorrage-arms' [translated] -> 45dd50a9c71547e8a2200fcccd724aac
  ✓ Activated version: 1a2a065198fd4583861221317c55ee58
Updated resource 'res-action-card-emergency-referral-post-partum-hemorrhage' [translated] -> aaa781f9f2bc42f78f798ac2a702ce5b
  ✓ Activated version: 0aaac45afc574dabbc951d3378b4d01c
Updated resource 'res-action-card-emergency-referral-manual-removal-of-placenta' [translated] -> 9f32f51d326f405598f8fd31016426c6
  ✓ Activated version: e7bbe17f938a48ffbc7e39c1b3a80c17
Updated resource 'res-action-card-maternal-sepsis-definitions' [translated] -> bae18cccac614d51838abc2224ace2dc
  ✓ Activated version: d11c254eb20d4eeba39cb0cb7c8f6fd4
Updated resource 'res-action-card-maternal-sepsis-emergency-management' [translated] -> 3403c0dcde9e40ee85849e96a5bfc015
  ✓ Activated version: eca8ef4e9c54412fbfb31dc14d723958
Updated resource 'res-action-card-maternal-sepsis-following-management' [translated] -> 60ff72c323414f72b2f485caa9c12845
  ✓ Activated version: cd973f8493e94e1e86ea47dae7d295d6
Updated resource 'res-action-card-maternal-sepsis-identify-cause' [translated] -> d35c7a27f7294b12864eb6ea3f3be107
  ✓ Activated version: 593ec8f03953478997716659b52421fb
Updated resource 'res-action-card-emergency-referral-maternal-sepsis' [translated] -> 25362e90ffc34f31aea401beba23e3c7
  ✓ Activated version: 83f8cc2b6bc647b69065d0a8a5f497f8
Updated resource 'res-action-card-neonatal-resuscitation' [translated] -> 432cb4ead25243aa8dce185291fbafdb
  ✓ Activated version: 58896fe6a0eb426a81900991b8b6044a
Updated resource 'res-action-card-emergency-referral-neonatal-resuscitation' [translated] -> 49470ada0a9a4630b9ca160e7e8e92ef
  ✓ Activated version: 808bafd37ecc42c880d8c81591bb29b3
Updated resource 'res-action-card-safe-oxygen-therapy' [translated] -> 0e7f7eb0452a44e182f8fb177e2547a1
  ✓ Activated version: 0c363e9454a04ee59a34613031d45303
Updated resource 'res-action-card-newborn-management-pediatric-drugs-and-fluids' [translated] -> 9f7f7437d3f847528faf71e45bec1156
  ✓ Activated version: d09602c09db34d4f87dd6d76cac3d875
Updated resource 'res-action-card-newborn-management-prevention' [translated] -> 4c87c436ae1e467eab670a23e28625ef
  ✓ Activated version: 555b535ee2fe465e8ee55a747bc00ad6
Updated resource 'res-action-card-neonatal-jaundice' [translated] -> ab1321fc7db3407abc1479207d48acc7
  ✓ Activated version: 927b6f7119c34dc68f294dcce15ee897
Updated resource 'res-action-card-newborn-management-routine-care' [translated] -> 4913403514e9444b942a1c7fa5ab07df
  ✓ Activated version: 4d65cec65a974f4a876de8de259b6b9a
Updated resource 'res-action-card-newborn-management-danger-signs' [translated] -> 3b4106e2e5f54b81b24828dbb4676b60
  ✓ Activated version: 5f7b0bf83b34482ab3ab1a796532e6ed
Updated resource 'res-action-card-newborn-management-management-of-danger-signs' [translated] -> 4c62b91b54684543ac4b4ed48bb6117e
  ✓ Activated version: f9415e25af4d42efbc810768c8d40069
Updated resource 'res-action-card-antibiotic-management' [translated] -> 6a718972a16647b19aa95c4d7e35a9c5
  ✓ Activated version: 5ff380fdf3944801a654fbab3b2ce02e
Updated resource 'res-action-card-newborn-management-pediatric-drugs-and-fluids' [translated] -> 9f7f7437d3f847528faf71e45bec1156
  ✓ Activated version: 7d7faa1dc02848749f5a07639cca6aab
Updated resource 'res-action-card-safe-oxygen-therapy' [translated] -> 0e7f7eb0452a44e182f8fb177e2547a1
  ✓ Activated version: 99a2f25da04b4931afeba234f6d7367f
Updated resource 'res-action-card-emergency-referral-newborn-management' [translated] -> 77e04fad6fa4400fbf0fc621a8f81b1d
  ✓ Activated version: b8c155b92f3c4419940f6030a0f2c2e1
Updated resource 'res-action-card-newborn-management-prevention' [translated] -> 4c87c436ae1e467eab670a23e28625ef
  ✓ Activated version: 90de7a4cf9024d6a9f3debb3533ac4f3
Updated resource 'res-action-card-neonatal-jaundice' [translated] -> ab1321fc7db3407abc1479207d48acc7
  ✓ Activated version: 54728f9a3c6c404280243715c0fcbd4e
Updated resource 'res-action-card-antibiotic-management' [translated] -> 6a718972a16647b19aa95c4d7e35a9c5
  ✓ Activated version: 0ed1d4b286fe4aa4b35072c25b274775
Updated resource 'res-action-card-newborn-management-pediatric-drugs-and-fluids' [translated] -> 9f7f7437d3f847528faf71e45bec1156
  ✓ Activated version: fbcece23890946db8086aee978debb0a
Updated resource 'res-action-card-safe-oxygen-therapy' [translated] -> 0e7f7eb0452a44e182f8fb177e2547a1
  ✓ Activated version: b32e826a10a9445794a2ccc8be66da1c
Updated resource 'res-action-card-emergency-referral-newborn-management' [translated] -> 77e04fad6fa4400fbf0fc621a8f81b1d
  ✓ Activated version: e7292df64b6a48ec96a8e70e5b68666e
Updated resource 'res-action-card-definition-and-complications' [translated] -> f44474874fc24f1da6375c89f94b02c7
  ✓ Activated version: f701fcc6b01f42ff942a70907a6c5bb2
Updated resource 'res-action-card-definitions-and-complications-ethiopia' [translated] -> a2e4c475cfd84b0a9d035a3c1c2df5f2
  ✓ Activated version: 543ccf8525e6460f9794d5f0763797d3

=== STEP 3: Post KLPs ===
Posting 864 KLPs from klps.csv...
  → Recovered missing Language ID for KLP via mapping: 22e3f4588c9d4b75b6ad515cac765d4d
  ✓ Resolved KLP link 'video:/Infection prevention/intro' → 6201cc04dc7a4bcf909daf666626338a
  ✓ Resolved KLP link 'video:/Infection prevention/intro' → 6201cc04dc7a4bcf909daf666626338a
Updated KLP 'klp-1-prevent-infections' -> 1c25a487ab4d4416844e93efa9fa388e
  ✓ Activated version: 0f297b4117bc4b92b06c3e7065f19a0d
  → Recovered missing Language ID for KLP via mapping: 22e3f4588c9d4b75b6ad515cac765d4d
  ✓ Resolved KLP link 'video:/Infection prevention/hand_hygiene' → 614e3f722dbd4b7b8593f1931343cfa2
Updated KLP 'klp-1-hand-hygiene-wash-and-alcohol' -> ddec0996536c4cae892400dfb22bc7a3
  ✓ Activated version: 8516489cc0ec472da3a2956bf220595a
  → Recovered missing Language ID for KLP via mapping: 22e3f4588c9d4b75b6ad515cac765d4d
  ✓ Resolved KLP link 'video:/Infection prevention/hand_hygiene' → 614e3f722dbd4b7b8593f1931343cfa2
Updated KLP 'klp-1-use-alcohol-based-handrub' -> 7a6875593a4a4c12aa10f501a541b3ac
  ✓ Activated version: e8975d75a5df4719bf8ec732623d1d7c
  → Recovered missing Language ID for KLP via mapping: 22e3f4588c9d4b75b6ad515cac765d4d
  ✓ Resolved KLP link 'video:/Infection prevention/procedure_for_handwash' → fb36ed0d972542e88693c2ac08645150
Updated KLP 'klp-3-soap-for-handwashing' -> 124a5101a53440acabce5500b9f14758
  ✓ Activated version: 484b3a6685514b1094dc3c2c6c6951df
  → Recovered missing Language ID for KLP via mapping: 22e3f4588c9d4b75b6ad515cac765d4d
  ✓ Resolved KLP link 'video:/Infection prevention/personal_protective_equipment' → d69448d966a04f218e6750214f850869
Updated KLP 'klp-1-personal-protective-equipment' -> 1001097459134651ad1364aff3b679ce
  ✓ Activated version: 3ce72941ebe543b8bb0713f7459f777b
  → Recovered missing Language ID for KLP via mapping: 22e3f4588c9d4b75b6ad515cac765d4d
  ✓ Resolved KLP link 'video:/Infection prevention/personal_protective_equipment' → d69448d966a04f218e6750214f850869
Updated KLP 'klp-1-gloves-for-different-patients' -> bf118f69b8804abaa5110eef593d08c0
  ✓ Activated version: be2fa032445148e8b55a6263f89f1965
  → Recovered missing Language ID for KLP via mapping: 22e3f4588c9d4b75b6ad515cac765d4d
  ✓ Resolved KLP link 'video:/Infection prevention/cleaning_decontamination' → 06d1dc9411ea4d1ead9c908cc187aa21
Updated KLP 'klp-1-soap-solution' -> e50ffecc87be4c53aafd2bb6786d3ec7
  ✓ Activated version: eebb36e0efde4ee3bae452318cc7bed6
  → Recovered missing Language ID for KLP via mapping: 22e3f4588c9d4b75b6ad515cac765d4d
  ✓ Resolved KLP link 'video:/Infection prevention/storage' → 042047b05fab444eb5b9083d0749c2dc
Updated KLP 'klp-1-package-of-sterile-items' -> 573e2718d9dd485294e39d195deff3ea
  ✓ Activated version: 9b91d71bb30b45ccb715424f3d8779b8
  → Recovered missing Language ID for KLP via mapping: 22e3f4588c9d4b75b6ad515cac765d4d
  ✓ Resolved KLP link 'video:/Infection prevention/storage' → 042047b05fab444eb5b9083d0749c2dc
Updated KLP 'klp-1-storage-of-sterile-items' -> 5057bfadf29b4f389654f909f85019b9
  ✓ Activated version: 2981c78697624784a69e081224b2fb22
  → Recovered missing Language ID for KLP via mapping: 22e3f4588c9d4b75b6ad515cac765d4d
  ✓ Resolved KLP link 'video:/Infection prevention/housekeeping' → afd6079ffb10470598dbf7b2fb7aaec8
Updated KLP 'klp-1-cleaning-and-delivery-bed' -> 5573b64153bc499286a735bd8cd3dce1
  ✓ Activated version: 88aee1fa16e7400d8a9818fe11bc29c0
  → Recovered missing Language ID for KLP via mapping: 22e3f4588c9d4b75b6ad515cac765d4d
  ✓ Resolved KLP link 'video:/Infection prevention/hiv_hepatitis_b_prevention' → b0dca36b2c3f42a1b88130e66675d9a1
Updated KLP 'klp-1-recommended-vaccination' -> 20e063227c7a40c0abc6e9ebe22f7555
  ✓ Activated version: 9cfee3c2233d4b96aad71a95939d0ba2
  → Recovered missing Language ID for KLP via mapping: 22e3f4588c9d4b75b6ad515cac765d4d
  ✓ Resolved KLP link 'video:/Infection prevention/intro' → 6201cc04dc7a4bcf909daf666626338a
Updated KLP 'klp-2-infection-and-maternal-death' -> 69aa6cc3267c4f869e4fcace62cbe5ff
  ✓ Activated version: a352cee99c244b7d9a5458cc049aca04
  → Recovered missing Language ID for KLP via mapping: 22e3f4588c9d4b75b6ad515cac765d4d
  ✓ Resolved KLP link 'video:/Infection prevention/intro' → 6201cc04dc7a4bcf909daf666626338a
Updated KLP 'klp-2-infection-and-neonatal-death' -> 99454ceb28314636a4ad3e4fe7aba12f
  ✓ Activated version: f8e06ed5cc34466e989c1eea53552c5f
  → Recovered missing Language ID for KLP via mapping: 22e3f4588c9d4b75b6ad515cac765d4d
  ✓ Resolved KLP link 'video:/Infection prevention/intro' → 6201cc04dc7a4bcf909daf666626338a
Updated KLP 'klp-2-infection-and-germs' -> cdb366e280984a399e879d2f5586bee5
  ✓ Activated version: 6969f45fa3e7401d9947ec6fcc6583cc
  → Recovered missing Language ID for KLP via mapping: 22e3f4588c9d4b75b6ad515cac765d4d
  ✓ Resolved KLP link 'video:/Infection prevention/intro' → 6201cc04dc7a4bcf909daf666626338a
Updated KLP 'klp-2-healthcare-professionals-hands' -> 7a24f524a78a4e87b6d3152bd6bd2604
  ✓ Activated version: 67d99d4f8b0741fcb4fc6562ee61966f
  → Recovered missing Language ID for KLP via mapping: 22e3f4588c9d4b75b6ad515cac765d4d
  ✓ Resolved KLP link 'video:/Infection prevention/hand_hygiene' → 614e3f722dbd4b7b8593f1931343cfa2
Updated KLP 'klp-2-alcohol-most-effective' -> 4c61b2f394d14cff8f9d4b56e4f521fe
  ✓ Activated version: 53dd67f342b2481b8311b18dfd33f6e1
  → Recovered missing Language ID for KLP via mapping: 22e3f4588c9d4b75b6ad515cac765d4d
  ✓ Resolved KLP link 'video:/Infection prevention/hand_hygiene' → 614e3f722dbd4b7b8593f1931343cfa2
Updated KLP 'klp-2-no-jewellery-on-hands' -> 1b0252032bec4ec39865e75183ec938f
  ✓ Activated version: 2869c1fb21d5488d93563e44bc6433bf
  → Recovered missing Language ID for KLP via mapping: 22e3f4588c9d4b75b6ad515cac765d4d
  ✓ Resolved KLP link 'video:/Infection prevention/procedure_for_handwash' → fb36ed0d972542e88693c2ac08645150
  ✓ Resolved KLP link 'video:/Infection prevention/procedure_for_handwash' → fb36ed0d972542e88693c2ac08645150
Updated KLP 'klp-2-towel' -> ff85db74b2ec488bb0083b776552473a
  ✓ Activated version: 9b16f5b0ab4b4b29b6d3ac75e3c06d8b
  → Recovered missing Language ID for KLP via mapping: 22e3f4588c9d4b75b6ad515cac765d4d
  ✓ Resolved KLP link 'video:/Infection prevention/procedure_for_handrub' → 93741ce6feac48eaa1cac4cbc66f3b0d
Updated KLP 'klp-2-when-hand-hygiene1' -> a18771fdb0eb43afbb811499681af667
  ✓ Activated version: 920c76045e744427a98b12902411114d
  → Recovered missing Language ID for KLP via mapping: 22e3f4588c9d4b75b6ad515cac765d4d
  ✓ Resolved KLP link 'video:/Infection prevention/storage' → 042047b05fab444eb5b9083d0749c2dc
Updated KLP 'klp-2-order-of-cleaning-and-storage' -> 21ef7c19c1d048bc83e4bb95e6ea901a
  ✓ Activated version: 9717f26752834bbd9a808611616aa557
  → Recovered missing Language ID for KLP via mapping: 22e3f4588c9d4b75b6ad515cac765d4d
  ✓ Resolved KLP link 'video:/Infection prevention/housekeeping' → afd6079ffb10470598dbf7b2fb7aaec8
Updated KLP 'klp-2-disinfection-solution' -> 658f3e5959e4448b81d5d2496c6454ab
  ✓ Activated version: 4b20f14df1ec4b42abe45b709d7f6875
  → Recovered missing Language ID for KLP via mapping: 22e3f4588c9d4b75b6ad515cac765d4d
  ✓ Resolved KLP link 'video:/Infection prevention/hiv_hepatitis_b_prevention' → b0dca36b2c3f42a1b88130e66675d9a1
Updated KLP 'klp-2-spread-of-hiv-and-hep-b' -> c9c5449fcee346789ba76f11b1ea8b63
  ✓ Activated version: cb22334574d948769de28952cd1a77ed
  → Recovered missing Language ID for KLP via mapping: 22e3f4588c9d4b75b6ad515cac765d4d
  ✓ Resolved KLP link 'video:/Infection prevention/hand_hygiene' → 614e3f722dbd4b7b8593f1931343cfa2
Updated KLP 'klp-3-when-hand-hygiene2' -> c8e3f85d9f0445719e894dc081a5976d
  ✓ Activated version: e4eab49c43a946c998a4f3deab8b724a
  → Recovered missing Language ID for KLP via mapping: 22e3f4588c9d4b75b6ad515cac765d4d
  ✓ Resolved KLP link 'video:/Infection prevention/hand_hygiene' → 614e3f722dbd4b7b8593f1931343cfa2
Updated KLP 'klp-3-wash-hands' -> cb69d299b0794394be123989755aaf0c
  ✓ Activated version: cf262615268e446e83e0155202fe8d5b
  → Recovered missing Language ID for KLP via mapping: 22e3f4588c9d4b75b6ad515cac765d4d
  ✓ Resolved KLP link 'video:/Infection prevention/procedure_for_handwash' → fb36ed0d972542e88693c2ac08645150
Updated KLP 'klp-3-procedure-for-handwashing' -> 30bbb0534e4248bea83089e87cfaa2b1
  ✓ Activated version: 5766cf6f09cc4d81ad98adbe974621a7
  → Recovered missing Language ID for KLP via mapping: 22e3f4588c9d4b75b6ad515cac765d4d
  ✓ Resolved KLP link 'video:/Infection prevention/procedure_for_handrub' → 93741ce6feac48eaa1cac4cbc66f3b0d
Updated KLP 'klp-3-amount-of-handrub' -> 257920a152154166baaa231554f7613b
  ✓ Activated version: 5e5a9e12e8e14167b8f684e9758481f9
  → Recovered missing Language ID for KLP via mapping: 22e3f4588c9d4b75b6ad515cac765d4d
  ✓ Resolved KLP link 'procedure:mixing-alcohol-based-handrub_1487245431108' → 9c1b3d6b1b044d25a5eec88a1a423b34
Updated KLP 'klp-3-product-in-alcohol-based-handrub' -> 321caa4df6aa456793da3777886bebd5
  ✓ Activated version: 19d9de55a18145279b2fb3c3ac11bc4c
  → Recovered missing Language ID for KLP via mapping: 22e3f4588c9d4b75b6ad515cac765d4d
  ✓ Resolved KLP link 'procedure:mixing-alcohol-based-handrub_1487245431108' → 9c1b3d6b1b044d25a5eec88a1a423b34
Updated KLP 'klp-3-label-of-alcohol-based-handrub' -> 57db97f2766849b3a3b365d6673d4b51
  ✓ Activated version: 2cfd47ebe0c94080aee33b58ef5e671e
  → Recovered missing Language ID for KLP via mapping: 22e3f4588c9d4b75b6ad515cac765d4d
  ✓ Resolved KLP link 'video:/Infection prevention/personal_protective_equipment' → d69448d966a04f218e6750214f850869
Updated KLP 'klp-3-removing-gloves' -> 25a4e4df073b41118a5e20bad3803309
  ✓ Activated version: a91b45822ae34a87a69bb9c836436a2f
  → Recovered missing Language ID for KLP via mapping: 22e3f4588c9d4b75b6ad515cac765d4d
  ✓ Resolved KLP link 'video:/Infection prevention/personal_protective_equipment' → d69448d966a04f218e6750214f850869
Updated KLP 'klp-3-gloves-for-birth' -> 30fc641b43d1469797a435373b47fb05
  ✓ Activated version: a27daea6dfda49abb26ac4e9a35e623c
  → Recovered missing Language ID for KLP via mapping: 22e3f4588c9d4b75b6ad515cac765d4d
  ✓ Resolved KLP link 'video:/Infection prevention/housekeeping' → afd6079ffb10470598dbf7b2fb7aaec8
Updated KLP 'klp-3-high-risk-area' -> 6076301b51a043fa89ebb8b7821e5039
  ✓ Activated version: f09a480c9c12401e9967d13d0fc1abb6
  → Recovered missing Language ID for KLP via mapping: 22e3f4588c9d4b75b6ad515cac765d4d
  ✓ Resolved KLP link 'video:/Infection prevention/hiv_hepatitis_b_prevention' → b0dca36b2c3f42a1b88130e66675d9a1
Updated KLP 'klp-3-transmission-most-likely' -> 23f7b7362be843e4b64476bfbb663786
  ✓ Activated version: 763be5e5f54645739a26b7a019afa70d
  → Recovered missing Language ID for KLP via mapping: 22e3f4588c9d4b75b6ad515cac765d4d
  ✓ Resolved KLP link 'video:/Infection prevention/hiv_hepatitis_b_prevention' → b0dca36b2c3f42a1b88130e66675d9a1
Updated KLP 'klp-3-action-if-exposed' -> 1d34eaa17ee34e5faa4474ff17aed5e0
  ✓ Activated version: 75c29d068db444d1a0c1479a6182731d
  → Recovered missing Language ID for KLP via mapping: 22e3f4588c9d4b75b6ad515cac765d4d
  ✓ Resolved KLP link 'video:/Infection prevention/procedure_for_handwash' → fb36ed0d972542e88693c2ac08645150
Updated KLP 'klp-1-soap-wet-container' -> 54dc32f839bd4217a317799055e8a5a0
  ✓ Activated version: 3c181fc34bc147beb35d0261e8f9e02d
  → Recovered missing Language ID for KLP via mapping: 22e3f4588c9d4b75b6ad515cac765d4d
  ✓ Resolved KLP link 'video:/Infection prevention/procedure_for_handwash' → fb36ed0d972542e88693c2ac08645150
Updated KLP 'klp-1-air-dry-hands' -> 7704a9095894461abd2680f1e0107964
  ✓ Activated version: f521dd3602c74c01bc20b656682af061
  → Recovered missing Language ID for KLP via mapping: 22e3f4588c9d4b75b6ad515cac765d4d
  ✓ Resolved KLP link 'procedure:mixing-alcohol-based-handrub_1487245431108' → 9c1b3d6b1b044d25a5eec88a1a423b34
Updated KLP 'klp-2-product-in-alcohol-based-handrub-2' -> e9add13959d5408a8ebc8eeffec04580
  ✓ Activated version: bb675f879fd24edda6fda5ec67127621
  → Recovered missing Language ID for KLP via mapping: 22e3f4588c9d4b75b6ad515cac765d4d
  ✓ Resolved KLP link 'video:/Post abortion care/how_to_diagnose' → 5ddb9dd94f334eed8d35c21b171f48aa
Updated KLP 'klp-1-complication-to-unsafe-abortion' -> a4ac0fc99b7542ba8031959e41898242
  ✓ Activated version: 5ca685324e22498e8f1303c7e32650f1
  → Recovered missing Language ID for KLP via mapping: 22e3f4588c9d4b75b6ad515cac765d4d
  ✓ Resolved KLP link 'video:/Post abortion care/how_to_diagnose' → 5ddb9dd94f334eed8d35c21b171f48aa
Updated KLP 'klp-1-urine-test' -> 006e4bc756d84396b56e93944fb35976
  ✓ Activated version: 8bf49a4479f246a9ab5b7eb599bcee88
  → Recovered missing Language ID for KLP via mapping: 22e3f4588c9d4b75b6ad515cac765d4d
  ✓ Resolved KLP link 'video:/Post abortion care/how_to_diagnose' → 5ddb9dd94f334eed8d35c21b171f48aa
Updated KLP 'klp-2-complication-to-abortion' -> 8b52116377db4b1183ab6dc89faed3b5
  ✓ Activated version: f55e47e162634a5b823e69832f4af831
  → Recovered missing Language ID for KLP via mapping: 22e3f4588c9d4b75b6ad515cac765d4d
  ✓ Resolved KLP link 'video:/Post abortion care/how_to_diagnose' → 5ddb9dd94f334eed8d35c21b171f48aa
Updated KLP 'klp-1-fever-and-septic-abortion' -> 7c9e2186f5d94e438f917cca786cf495
  ✓ Activated version: cd5ec03d00ec432098ec0adc90ef2016
  → Recovered missing Language ID for KLP via mapping: 22e3f4588c9d4b75b6ad515cac765d4d
  ✓ Resolved KLP link 'video:/Post abortion care/how_to_diagnose' → 5ddb9dd94f334eed8d35c21b171f48aa
Updated KLP 'klp-2-what-to-measure' -> dd22f13801334a45a4b58a6dea8e94e9
  ✓ Activated version: 43c181382ec84b96b732a4e4d76b6621
  → Recovered missing Language ID for KLP via mapping: 22e3f4588c9d4b75b6ad515cac765d4d
  ✓ Resolved KLP link 'video:/Post abortion care/how_to_diagnose' → 5ddb9dd94f334eed8d35c21b171f48aa
Updated KLP 'klp-1-signs-of-septic-abortion' -> b9d8fa4121ef46cd9d7ec8fff1817428
  ✓ Activated version: 99383f9d89424d35bb598dd54a2ef393
  → Recovered missing Language ID for KLP via mapping: 22e3f4588c9d4b75b6ad515cac765d4d
  ✓ Resolved KLP link 'video:/Post abortion care/how_to_diagnose' → 5ddb9dd94f334eed8d35c21b171f48aa
Updated KLP 'klp-3-suspect-lower-abdominal-tenderness' -> 1a3197c2be8f406b99ced87a66220c72
  ✓ Activated version: a92f903f93ec413f91f3c2521f27bdb0
  → Recovered missing Language ID for KLP via mapping: 22e3f4588c9d4b75b6ad515cac765d4d
  ✓ Resolved KLP link 'video:/Post abortion care/how_to_manage' → 1c0e42de431a4e94bbef9804e6836f01
Updated KLP 'klp-1-septic-abortion-can-be-fatal' -> ee2218a76cc84347b9a2dfcc2fb188ec
  ✓ Activated version: 660a8050eb4345c0873edac670b57101
  → Recovered missing Language ID for KLP via mapping: 22e3f4588c9d4b75b6ad515cac765d4d
  ✓ Resolved KLP link 'video:/Post abortion care/how_to_manage' → 1c0e42de431a4e94bbef9804e6836f01
Updated KLP 'klp-2-most-important-action-at-septic-abortion' -> 143ba1596a144dcda854137c76063458
  ✓ Activated version: 99b0c222726a4e6ebf224d68a61b4744
  → Recovered missing Language ID for KLP via mapping: 22e3f4588c9d4b75b6ad515cac765d4d
  ✓ Resolved KLP link 'video:/Post abortion care/how_to_manage' → 1c0e42de431a4e94bbef9804e6836f01
  ✓ Resolved KLP link 'video:/Post abortion care/how_to_manage' → 1c0e42de431a4e94bbef9804e6836f01
  ✓ Resolved KLP link 'video:/Post abortion care/how_to_manage' → 1c0e42de431a4e94bbef9804e6836f01
Updated KLP 'klp-1-action-at-septic-abortion' -> fbc770dbfdd4448fb6bba72c3faf1e86
  ✓ Activated version: 16e8da9b3bf745a58058d2c547ab7caf
  → Recovered missing Language ID for KLP via mapping: 22e3f4588c9d4b75b6ad515cac765d4d
  ✓ Resolved KLP link 'video:/Post abortion care/how_to_manage' → 1c0e42de431a4e94bbef9804e6836f01
Updated KLP 'klp-3-ab-and-evacuation-of-the-uterus' -> 6085f00f2d114350b4b691bfd179e1f6
  ✓ Activated version: 2477238f0cff4e2cbbb8f17bd69650f3
  → Recovered missing Language ID for KLP via mapping: 22e3f4588c9d4b75b6ad515cac765d4d
  ✓ Resolved KLP link 'video:/Post abortion care/how_to_manage' → 1c0e42de431a4e94bbef9804e6836f01
Updated KLP 'klp-3-which-ab-to-give' -> dd8dfb233c1f40459022ef19843b7645
  ✓ Activated version: e87706d850994ff28f0e9bb442b7c6f5
  → Recovered missing Language ID for KLP via mapping: 22e3f4588c9d4b75b6ad515cac765d4d
  ✓ Resolved KLP link 'video:/Post abortion care/how_to_manage' → 1c0e42de431a4e94bbef9804e6836f01
Updated KLP 'klp-1-urgent-management' -> cc40d70c133c4d218c1704a6b8858d53
  ✓ Activated version: f322c849abcf49dea83515ad1e41abfe
  → Recovered missing Language ID for KLP via mapping: 22e3f4588c9d4b75b6ad515cac765d4d
  ✓ Resolved KLP link 'video:/Post abortion care/how_to_manage' → 1c0e42de431a4e94bbef9804e6836f01
Updated KLP 'klp-3-correct-order-of-actions' -> 67cb259cf9a34a3c842a03cdb119f8a6
  ✓ Activated version: d860b5e96acf40d08676afcc50ac1cf5
  → Recovered missing Language ID for KLP via mapping: 22e3f4588c9d4b75b6ad515cac765d4d
  ✓ Resolved KLP link 'video:/Post abortion care/how_to_manage' → 1c0e42de431a4e94bbef9804e6836f01
Updated KLP 'klp-1-peritonitis' -> 8706ec0f5335411db357ff2fe72166b2
  ✓ Activated version: 462e913334a34edfb3b4370c1bcff9c7
  → Recovered missing Language ID for KLP via mapping: 22e3f4588c9d4b75b6ad515cac765d4d
  ✓ Resolved KLP link 'video:/Post abortion care/evacuation_of_the_uterus' → 7d8e842d5a9f416b926bbe32f10ab642
Updated KLP 'klp-1-evacuation-of-the-uterus' -> 83a3e50713ca4655b577797c2ceb0fc8
  ✓ Activated version: 009e8a7ddf5c45998f6c3cae9dd3aec2
  → Recovered missing Language ID for KLP via mapping: 22e3f4588c9d4b75b6ad515cac765d4d
  ✓ Resolved KLP link 'video:/Post abortion care/evacuation_of_the_uterus' → 7d8e842d5a9f416b926bbe32f10ab642
Updated KLP 'klp-3-manual-vacuum-aspiration' -> c4a8d97d6e5c46b09386a96679da1bc7
  ✓ Activated version: e6e797937038483891b36127e5dcaa35
  → Recovered missing Language ID for KLP via mapping: 22e3f4588c9d4b75b6ad515cac765d4d
  ✓ Resolved KLP link 'video:/Post abortion care/evacuation_of_the_uterus' → 7d8e842d5a9f416b926bbe32f10ab642
Updated KLP 'klp-3-uterus-size-in-week-12' -> a16a449b11814186b1e4179fea4677cd
  ✓ Activated version: d5e26d3bf90e475fa9d68f6c110408e5
  → Recovered missing Language ID for KLP via mapping: 22e3f4588c9d4b75b6ad515cac765d4d
  ✓ Resolved KLP link 'video:/Post abortion care/manual_vacuum_aspiration' → 0b4c070e21034e6c843681a02c628e69
Updated KLP 'klp-3-preparation-for-mva' -> 23d3f224c69a49e0915a33bb409b9892
  ✓ Activated version: d1e9b934d91b4755a28129aebe95a0ec
  → Recovered missing Language ID for KLP via mapping: 22e3f4588c9d4b75b6ad515cac765d4d
  ✓ Resolved KLP link 'video:/Post abortion care/manual_vacuum_aspiration' → 0b4c070e21034e6c843681a02c628e69
Updated KLP 'klp-3-analgesic-for-mva' -> 512657daf27e4bf78ded3319d76ee525
  ✓ Activated version: cf1d7ac77aca4078877eafbcb69bc599
  → Recovered missing Language ID for KLP via mapping: 22e3f4588c9d4b75b6ad515cac765d4d
  ✓ Resolved KLP link 'video:/Post abortion care/manual_vacuum_aspiration' → 0b4c070e21034e6c843681a02c628e69
Updated KLP 'klp-3-valves-closed' -> 74eb2e63dbac4660b10838468303fea2
  ✓ Activated version: b7e82de2c75b4cb8a2bab28927e1d559
  → Recovered missing Language ID for KLP via mapping: 22e3f4588c9d4b75b6ad515cac765d4d
  ✓ Resolved KLP link 'video:/Post abortion care/manual_vacuum_aspiration' → 0b4c070e21034e6c843681a02c628e69
Updated KLP 'klp-2-vacuum-to-mva-syringe' -> 09dd35134e224667a2d36ace5eadd14e
  ✓ Activated version: 395627e01de444a38180202964573b6d
  → Recovered missing Language ID for KLP via mapping: 22e3f4588c9d4b75b6ad515cac765d4d
  ✓ Resolved KLP link 'video:/Post abortion care/manual_vacuum_aspiration' → 0b4c070e21034e6c843681a02c628e69
Updated KLP 'klp-2-tenaculum' -> b9e05e142f01443e9047402c44273577
  ✓ Activated version: 96a22cf6f2964840b92ef9b368e12502
  → Recovered missing Language ID for KLP via mapping: 22e3f4588c9d4b75b6ad515cac765d4d
  ✓ Resolved KLP link 'video:/Post abortion care/manual_vacuum_aspiration' → 0b4c070e21034e6c843681a02c628e69
Updated KLP 'klp-2-dilate-the-cervix' -> 16bb7d99feec41a6ac6e15c6eb200f45
  ✓ Activated version: d7fb0795458943ab84956b463c964ef4
  → Recovered missing Language ID for KLP via mapping: 22e3f4588c9d4b75b6ad515cac765d4d
  ✓ Resolved KLP link 'video:/Post abortion care/manual_vacuum_aspiration' → 0b4c070e21034e6c843681a02c628e69
  ✓ Resolved KLP link 'video:/Post abortion care/manual_vacuum_aspiration' → 0b4c070e21034e6c843681a02c628e69
Updated KLP 'klp-2-no-touch-technique' -> 1c9322ebd6044bfeb0597d1c0b9ace9b
  ✓ Activated version: be0b89623fec41aeb613f30bcfb1f02f
  → Recovered missing Language ID for KLP via mapping: 22e3f4588c9d4b75b6ad515cac765d4d
  ✓ Resolved KLP link 'video:/Post abortion care/manual_vacuum_aspiration' → 0b4c070e21034e6c843681a02c628e69
Updated KLP 'klp-3-size-of-cannula-for-mva' -> 6bfabc5ab3d5466e86eea8b204938ca9
  ✓ Activated version: bbe53847d58e4a26af753afe4bb8ccfa
  → Recovered missing Language ID for KLP via mapping: 22e3f4588c9d4b75b6ad515cac765d4d
  ✓ Resolved KLP link 'video:/Post abortion care/manual_vacuum_aspiration' → 0b4c070e21034e6c843681a02c628e69
Updated KLP 'klp-2-insert-of-the-cannula' -> 251ea490533640768138c1e1ac9fb269
  ✓ Activated version: e16b3463a01843d3b22be2d09f189160
  → Recovered missing Language ID for KLP via mapping: 22e3f4588c9d4b75b6ad515cac765d4d
  ✓ Resolved KLP link 'video:/Post abortion care/manual_vacuum_aspiration' → 0b4c070e21034e6c843681a02c628e69
Updated KLP 'klp-2-attachment-of-the-syringe' -> 39e447dfd257482a89515b11050f3497
  ✓ Activated version: 24b3e1b17f16480db52e76dd775ad89b
  → Recovered missing Language ID for KLP via mapping: 22e3f4588c9d4b75b6ad515cac765d4d
  ✓ Resolved KLP link 'video:/Post abortion care/manual_vacuum_aspiration' → 0b4c070e21034e6c843681a02c628e69
Updated KLP 'klp-2-rotate-and-move-cannula-back-and-forth' -> ebd9d302c06a438190d32baa40cf0417
  ✓ Activated version: 00094a2991e04553bc5fea7a9861f63a
  → Recovered missing Language ID for KLP via mapping: 22e3f4588c9d4b75b6ad515cac765d4d
  ✓ Resolved KLP link 'video:/Post abortion care/manual_vacuum_aspiration' → 0b4c070e21034e6c843681a02c628e69
Updated KLP 'klp-1-end-of-suctioning' -> e6bf8008f13d4eb89447e78041804799
  ✓ Activated version: 868bcebef2e04efca370d48e5f70267a
  → Recovered missing Language ID for KLP via mapping: 22e3f4588c9d4b75b6ad515cac765d4d
  ✓ Resolved KLP link 'video:/Post abortion care/manual_vacuum_aspiration' → 0b4c070e21034e6c843681a02c628e69
Updated KLP 'klp-2-use-the-cannula-again' -> 1e2316fc503b4aa0883898b4d221e050
  ✓ Activated version: ac62ef5b025c407193fca4274ab52b05
  → Recovered missing Language ID for KLP via mapping: 22e3f4588c9d4b75b6ad515cac765d4d
  ✓ Resolved KLP link 'video:/Post abortion care/manual_vacuum_aspiration' → 0b4c070e21034e6c843681a02c628e69
Updated KLP 'klp-3-ab-after-mva' -> cf22fe6050244d669b71644038db0f4c
  ✓ Activated version: 3c380334b9204648be5aa30c7838ff6e
  → Recovered missing Language ID for KLP via mapping: 22e3f4588c9d4b75b6ad515cac765d4d
  ✓ Resolved KLP link 'video:/Post abortion care/manual_vacuum_aspiration' → 0b4c070e21034e6c843681a02c628e69
Updated KLP 'klp-3-counselling' -> cfef69be089f42a294dfeae7fcd34b92
  ✓ Activated version: 087e0bbc53c34179a27c42b05ba16565
  → Recovered missing Language ID for KLP via mapping: 22e3f4588c9d4b75b6ad515cac765d4d
  ✓ Resolved KLP link 'video:/Post abortion care/manual_vacuum_aspiration' → 0b4c070e21034e6c843681a02c628e69
  ✓ Resolved KLP link 'video:/Post abortion care/manual_vacuum_aspiration' → 0b4c070e21034e6c843681a02c628e69
Updated KLP 'klp-1-advise-before-dismission' -> 264eb5523b3941a3aa0b9f70e1d095d4
  ✓ Activated version: ed28793a6fcc4f1f9ed262fa7b794dd9
  → Recovered missing Language ID for KLP via mapping: 22e3f4588c9d4b75b6ad515cac765d4d
  ✓ Resolved KLP link 'video:/Post abortion care/intro' → 6201cc04dc7a4bcf909daf666626338a
Updated KLP 'klp-2-unsafe-abortion-globally' -> db9fa748f65e49a9b8e9d0d5505f6edc
  ✓ Activated version: a24c9b98fca44e77b73c3d9546b5dd8c
  → Recovered missing Language ID for KLP via mapping: 22e3f4588c9d4b75b6ad515cac765d4d
  ✓ Resolved KLP link 'video:/Post abortion care/intro' → 6201cc04dc7a4bcf909daf666626338a
Updated KLP 'klp-1-septic-abortion' -> b11d7019749f454bbe309312d571aa3f
  ✓ Activated version: e70f98e89d034a6e96ba1cf0a3054652
  → Recovered missing Language ID for KLP via mapping: 22e3f4588c9d4b75b6ad515cac765d4d
  ✓ Resolved KLP link 'video:/Hypertension/definitions' → d97aa23714d046398dc10ef50abf6444
Updated KLP 'klp-1-severe-preeclampsia' -> b526a52b5098492bb986d6cf519281cf
  ✓ Activated version: 03fb09d3f3b24c5c9d3af13f37ec91b9
  → Recovered missing Language ID for KLP via mapping: 22e3f4588c9d4b75b6ad515cac765d4d
  ✓ Resolved KLP link 'video:/Hypertension/definitions' → d97aa23714d046398dc10ef50abf6444
Updated KLP 'klp-2-gestational-hypertension' -> 0dfe4ab902284d689690f0b5a192e494
  ✓ Activated version: 4e7e24621a344351b0e59a6b855f92f0
  → Recovered missing Language ID for KLP via mapping: 22e3f4588c9d4b75b6ad515cac765d4d
  ✓ Resolved KLP link 'video:/Hypertension/definitions' → d97aa23714d046398dc10ef50abf6444
Updated KLP 'klp-2-preeclampsia' -> cd67f17f8d164b63947cf64d71f9a9ed
  ✓ Activated version: f4c65d87ece645578c50c058d5b1af7f
  → Recovered missing Language ID for KLP via mapping: 22e3f4588c9d4b75b6ad515cac765d4d
  ✓ Resolved KLP link 'video:/Hypertension/definitions' → d97aa23714d046398dc10ef50abf6444
Updated KLP 'klp-1-severely-elevated-blood-pressure' -> 0ee36770cd7f4edb8b804d4f8ff75088
  ✓ Activated version: 0ec0fffa2ef54e17ac7c220e2c9f10ba
  → Recovered missing Language ID for KLP via mapping: 22e3f4588c9d4b75b6ad515cac765d4d
  ✓ Resolved KLP link 'video:/Hypertension/definitions' → d97aa23714d046398dc10ef50abf6444
Updated KLP 'klp-1-severe-headache-and-visual-disturbance' -> 7452e988bd91459993c162873026d32f
  ✓ Activated version: eb1476f97a6b4f3fba1f480c78fa44e8
  → Recovered missing Language ID for KLP via mapping: 22e3f4588c9d4b75b6ad515cac765d4d
  ✓ Resolved KLP link 'video:/Hypertension/definitions' → d97aa23714d046398dc10ef50abf6444
  ✓ Resolved KLP link 'video:/Hypertension/definitions' → d97aa23714d046398dc10ef50abf6444
Updated KLP 'klp-1-visual-disturbances-like-silver-lights-or-blurry-vision-eyes' -> aef4a440c4cc468d8b72522c9a2276a2
  ✓ Activated version: 4598992047554ff4867a1d263a622255
  → Recovered missing Language ID for KLP via mapping: 22e3f4588c9d4b75b6ad515cac765d4d
  ✓ Resolved KLP link 'video:/Hypertension/definitions' → d97aa23714d046398dc10ef50abf6444
Updated KLP 'klp-1-upper-abdominal-pain-from-the-liver' -> 909ead33e4274945b9b7efdb9922fb7b
  ✓ Activated version: 2c9fb57f06d742969cbb66255486d639
  → Recovered missing Language ID for KLP via mapping: 22e3f4588c9d4b75b6ad515cac765d4d
  ✓ Resolved KLP link 'video:/Hypertension/definitions' → d97aa23714d046398dc10ef50abf6444
Updated KLP 'klp-1-respiratory-distress' -> 4609bfcb3d8b4a3d87a01104de8289de
  ✓ Activated version: 017322e1192c4a9490f234162aab7b3f
  → Recovered missing Language ID for KLP via mapping: 22e3f4588c9d4b75b6ad515cac765d4d
  ✓ Resolved KLP link 'video:/Hypertension/definitions' → d97aa23714d046398dc10ef50abf6444
  ✓ Resolved KLP link 'video:/Hypertension/definitions' → d97aa23714d046398dc10ef50abf6444
Updated KLP 'klp-3-cause-of-oliguria' -> 55b39234f31040a3803bc7bcadde9862
  ✓ Activated version: e635b943f61b4faebbe87769719091c0
  → Recovered missing Language ID for KLP via mapping: 22e3f4588c9d4b75b6ad515cac765d4d
  ✓ Resolved KLP link 'video:/Hypertension/definitions' → d97aa23714d046398dc10ef50abf6444
Updated KLP 'klp-2-eclampsia' -> 2ea8ee68788c42989a17c8338f00cb8e
  ✓ Activated version: abd8e2b20aa74e38a0a3c84e90775edf
  → Recovered missing Language ID for KLP via mapping: 22e3f4588c9d4b75b6ad515cac765d4d
  ✓ Resolved KLP link 'video:/Hypertension/definitions' → d97aa23714d046398dc10ef50abf6444
Updated KLP 'klp-2-eclampsia-normal-blood-pressure' -> eb7a27360b0b44b8984ed72edf96cd3c
  ✓ Activated version: 2c9b929ad65d473ab516599996405197
  → Recovered missing Language ID for KLP via mapping: 22e3f4588c9d4b75b6ad515cac765d4d
  ✓ Resolved KLP link 'video:/Hypertension/definitions' → d97aa23714d046398dc10ef50abf6444
Updated KLP 'klp-3-differential-diagnosis' -> ac7cd636f91a456db89547317ccfce77
  ✓ Activated version: 9da6647760b64f6a8657ddc6711d4868
  → Recovered missing Language ID for KLP via mapping: 22e3f4588c9d4b75b6ad515cac765d4d
  ✓ Resolved KLP link 'video:/Hypertension/causes' → c774bc1ad46e4031b7a3ff103a27522f
Updated KLP 'klp-1-causes-of-pre-eclampsia' -> f7fbbeda96934eb3b487bf9bdb68a376
  ✓ Activated version: 6d614591c2f64867aa4d69b2115fa3e4
  → Recovered missing Language ID for KLP via mapping: 22e3f4588c9d4b75b6ad515cac765d4d
  ✓ Resolved KLP link 'video:/Hypertension/how_to_diagnose' → 5ddb9dd94f334eed8d35c21b171f48aa
  ✓ Resolved KLP link 'video:/Hypertension/how_to_diagnose' → 5ddb9dd94f334eed8d35c21b171f48aa
Updated KLP 'klp-3-anc-blood-pressure' -> bc087d88e8e0461bb6f272a962eed488
  ✓ Activated version: ae846e183cc84faa8efd3f53fe7cb94b
  → Recovered missing Language ID for KLP via mapping: 22e3f4588c9d4b75b6ad515cac765d4d
  ✓ Resolved KLP link 'video:/Hypertension/how_to_diagnose' → 5ddb9dd94f334eed8d35c21b171f48aa
  ✓ Resolved KLP link 'video:/Hypertension/how_to_diagnose' → 5ddb9dd94f334eed8d35c21b171f48aa
Updated KLP 'klp-3-confirm-bp' -> 633aa490cf95468885df845c33c47f54
  ✓ Activated version: 69a8c2221ac543298cd8c4b5e6db1d5f
  → Recovered missing Language ID for KLP via mapping: 22e3f4588c9d4b75b6ad515cac765d4d
  ✓ Resolved KLP link 'video:/Hypertension/how_to_diagnose' → 5ddb9dd94f334eed8d35c21b171f48aa
Updated KLP 'klp-2-confirmed-elevated-bp' -> 5d67478926b242a38ca26344204caefc
  ✓ Activated version: 6f24d1d4f1364eb6b92952f2a9b8d255
  → Recovered missing Language ID for KLP via mapping: 22e3f4588c9d4b75b6ad515cac765d4d
  ✓ Resolved KLP link 'video:/Hypertension/management_of_hypertension' → 14f67eb967944c45ab01efbe8f13203c
Updated KLP 'klp-1-keep-systolic-bp-below-160' -> 27f7a04a9acc4dcdba32c46ce7d13fb0
  ✓ Activated version: c7f58a00395042dba1c62e6b1cbf0eb2
  → Recovered missing Language ID for KLP via mapping: 22e3f4588c9d4b75b6ad515cac765d4d
  ✓ Resolved KLP link 'video:/Hypertension/management_of_hypertension' → 14f67eb967944c45ab01efbe8f13203c
Updated KLP 'klp-2-keep-diastolic-bp-above-80' -> da93e95ce9fd48a0947f60ed67e8a567
  ✓ Activated version: e22a20a862ef4437946728c9ea326314
  → Recovered missing Language ID for KLP via mapping: 22e3f4588c9d4b75b6ad515cac765d4d
  ✓ Resolved KLP link 'drug:labetalol_1490625535572' → b9808901bc3a45fc89761de346ac311f
Updated KLP 'klp-3-labetalol' -> 4931aa0e651b48d08cbfb205d2bc6933
  ✓ Activated version: 21f5d576ad4147d4a8463c9f484866db
  → Recovered missing Language ID for KLP via mapping: 22e3f4588c9d4b75b6ad515cac765d4d
  ✓ Resolved KLP link 'drug:methyldopa_1487111904464' → 5719affb0bfb4c13a4d62fda6d6f23ca
Updated KLP 'klp-3-methyldopa' -> 6c1b64591f6140c5a40d55c06eb3694f
  ✓ Activated version: ba253d69361c4196bca58ba21980b396
  → Recovered missing Language ID for KLP via mapping: 22e3f4588c9d4b75b6ad515cac765d4d
  ✓ Resolved KLP link 'video:/Hypertension/management_of_hypertension' → 14f67eb967944c45ab01efbe8f13203c
Updated KLP 'klp-1-iv-medication' -> 81da8156343a4325865a58804619178a
  ✓ Activated version: bb82614b206a4203801ccf0b28ffb32a
  → Recovered missing Language ID for KLP via mapping: 22e3f4588c9d4b75b6ad515cac765d4d
  ✓ Resolved KLP link 'drug:hydralazine_1487109388353' → b9a8b0598e1c46e49d4c925dff84e867
Updated KLP 'klp-3-hydralazine' -> bb79983cfb4446af85362f6a735caf8a
  ✓ Activated version: d23dca5de8c64df78315a5dfa42186fe
  → Recovered missing Language ID for KLP via mapping: 22e3f4588c9d4b75b6ad515cac765d4d
  ✓ Resolved KLP link 'video:/Hypertension/severe_preeclampsia_eclampsia' → a294bbaa0bcf4fde838aeb8b4644ee0f
  ✓ Resolved KLP link 'video:/Hypertension/severe_preeclampsia_eclampsia' → a294bbaa0bcf4fde838aeb8b4644ee0f
Updated KLP 'klp-2-eclampsia-seizures' -> 4af821a619294b8ab5aff271595b9907
  ✓ Activated version: 64bfa6f9209e4e27944b5f739110bb26
  → Recovered missing Language ID for KLP via mapping: 22e3f4588c9d4b75b6ad515cac765d4d
  ✓ Resolved KLP link 'video:/Hypertension/severe_preeclampsia_eclampsia' → a294bbaa0bcf4fde838aeb8b4644ee0f
Updated KLP 'klp-1-severe-pre-eclampsia-or-eclampsia' -> f37c4ec6d01d4707af182d7ded13cafa
  ✓ Activated version: 26d908a0061044cdbd38520916c4cb18
  → Recovered missing Language ID for KLP via mapping: 22e3f4588c9d4b75b6ad515cac765d4d
  ✓ Resolved KLP link 'video:/Hypertension/severe_preeclampsia_eclampsia' → a294bbaa0bcf4fde838aeb8b4644ee0f
Updated KLP 'klp-1-eclampsia-monitor-1-2-hour' -> a720bd5155804906afa3131eb686da70
  ✓ Activated version: f973092d74404d42b8e974a3d33d5b44
  → Recovered missing Language ID for KLP via mapping: 22e3f4588c9d4b75b6ad515cac765d4d
  ✓ Resolved KLP link 'drug:magnesium-sulphate_1487111473832' → a7bc6e3c0e9e420492f575558a1dd688
Updated KLP 'klp-2-give-magnesium-sulphate' -> df87665ea160461fb327d789e48772c1
  ✓ Activated version: 8d80ad97a0a44b8bb472484db1648a48
  → Recovered missing Language ID for KLP via mapping: 22e3f4588c9d4b75b6ad515cac765d4d
  ✓ Resolved KLP link 'video:/Hypertension/severe_preeclampsia_eclampsia' → a294bbaa0bcf4fde838aeb8b4644ee0f
  ✓ Resolved KLP link 'video:/Hypertension/severe_preeclampsia_eclampsia' → a294bbaa0bcf4fde838aeb8b4644ee0f
Updated KLP 'klp-2-toxicity' -> 0e9fc270334c45d98f1d97b22f14d4de
  ✓ Activated version: 943c1c4db8d64d1384df55b6fcdcdc7b
  → Recovered missing Language ID for KLP via mapping: 22e3f4588c9d4b75b6ad515cac765d4d
  ✓ Resolved KLP link 'drug:magnesium-sulphate_1487111473832' → a7bc6e3c0e9e420492f575558a1dd688
Updated KLP 'klp-2-maintain-dose-magnesium-sulphate' -> b843e9d21ae641d59ed7790afc2dafdb
  ✓ Activated version: 1ba27a794e584d539a61f9aaad2fa01d
  → Recovered missing Language ID for KLP via mapping: 22e3f4588c9d4b75b6ad515cac765d4d
  ✓ Resolved KLP link 'video:/Hypertension/severe_preeclampsia_eclampsia' → a294bbaa0bcf4fde838aeb8b4644ee0f
Updated KLP 'klp-3-refer-and-eclampsia' -> d0f94c1c05b7495cbc224aa08beccab9
  ✓ Activated version: d42f45d483db41c9810eb8058a12a84c
  → Recovered missing Language ID for KLP via mapping: 22e3f4588c9d4b75b6ad515cac765d4d
  ✓ Resolved KLP link 'drug:betamethasone_1487080183154' → 68ad36d39eff4e28b00df56e3c8d0ee1
Updated KLP 'klp-3-lung-maturity' -> ecb7bb69dad44ac7a69f058aa1c69c0b
  ✓ Activated version: 51db795a39db45f5ae009cf09ba16aa8
  → Recovered missing Language ID for KLP via mapping: 22e3f4588c9d4b75b6ad515cac765d4d
  ✓ Resolved KLP link 'video:/Hypertension/definitions' → d97aa23714d046398dc10ef50abf6444
  ✓ Resolved KLP link 'video:/Hypertension/definitions' → d97aa23714d046398dc10ef50abf6444
Updated KLP 'klp-2-proteinuria' -> 18336f93ee074ef2bc40bfe5828121e4
  ✓ Activated version: 4600672d8cf94526a8f3035f2f0ea861
  → Recovered missing Language ID for KLP via mapping: 22e3f4588c9d4b75b6ad515cac765d4d
  ✓ Resolved KLP link 'video:/Hypertension/causes' → c774bc1ad46e4031b7a3ff103a27522f
  ✓ Resolved KLP link 'video:/Hypertension/causes' → c774bc1ad46e4031b7a3ff103a27522f
Updated KLP 'klp-2-cure-of-pre-eclampsia' -> 04614b67c7cd4be889021e759b837966
  ✓ Activated version: 7437071095204e21ba442d521605394c
  → Recovered missing Language ID for KLP via mapping: 22e3f4588c9d4b75b6ad515cac765d4d
  ✓ Resolved KLP link 'video:/Hypertension/management_of_hypertension' → 14f67eb967944c45ab01efbe8f13203c
  ✓ Resolved KLP link 'video:/Hypertension/management_of_hypertension' → 14f67eb967944c45ab01efbe8f13203c
Updated KLP 'klp-3-maternal-death-and-pre-eclampsia' -> a91665da25e84694a2205e17b8a05ac7
  ✓ Activated version: 6bca547a643c4051a3c75f3214ee7c10
  → Recovered missing Language ID for KLP via mapping: 22e3f4588c9d4b75b6ad515cac765d4d
  ✓ Resolved KLP link 'video:/Hypertension/severe_preeclampsia_eclampsia' → a294bbaa0bcf4fde838aeb8b4644ee0f
Updated KLP 'klp-3-action-eclampsia' -> 5c55cc9ce8d04c4393b4af2f2219f6cf
  ✓ Activated version: ace5c96498574d83b464af5a6c3f02a3
  → Recovered missing Language ID for KLP via mapping: 22e3f4588c9d4b75b6ad515cac765d4d
  ✓ Resolved KLP link 'video:/Hypertension/severe_preeclampsia_eclampsia' → a294bbaa0bcf4fde838aeb8b4644ee0f
Updated KLP 'klp-3-fluid-overload' -> a025806ee03142699c6e7f31f401ff90
  ✓ Activated version: df061f41c31b4cdd8e902275885cf9c8
  → Recovered missing Language ID for KLP via mapping: 22e3f4588c9d4b75b6ad515cac765d4d
  ✓ Resolved KLP link 'video:/Hypertension/management_of_hypertension' → 14f67eb967944c45ab01efbe8f13203c
Updated KLP 'klp-1-calcium-gluconate' -> ecad6a98b63c4a11a01600ce67ab2fd6
  ✓ Activated version: 07f6c1c3751848dc921d6e11229c8b49
  → Recovered missing Language ID for KLP via mapping: 22e3f4588c9d4b75b6ad515cac765d4d
  ✓ Resolved KLP link 'video:/Active management of third stage labour/intro' → 6201cc04dc7a4bcf909daf666626338a
Updated KLP 'klp-2-active-management' -> a3f9821c521a492dbe506af63057ed08
  ✓ Activated version: 9b2dc74142ca4f2babf21b84fce545e7
  → Recovered missing Language ID for KLP via mapping: 22e3f4588c9d4b75b6ad515cac765d4d
  ✓ Resolved KLP link 'video:/Active management of third stage labour/give_a_uterotonic_drug' → 2a8e1da8c2984bbf8981a3de1eb27959
Updated KLP 'klp-1-uterotonic-drug' -> eb09804bbb59401bafe96279c7ee8975
  ✓ Activated version: 751f17966f274af88db7ebc954195015
  → Recovered missing Language ID for KLP via mapping: 22e3f4588c9d4b75b6ad515cac765d4d
  ✓ Resolved KLP link 'video:/Active management of third stage labour/give_a_uterotonic_drug' → 2a8e1da8c2984bbf8981a3de1eb27959
Updated KLP 'klp-1-oxytocin' -> 37532d3b6cd14d17a3fd21765893447f
  ✓ Activated version: ff4795b8ba44414d82434efe631d9c41
  → Recovered missing Language ID for KLP via mapping: 22e3f4588c9d4b75b6ad515cac765d4d
  ✓ Resolved KLP link 'drug:oxytocin_1487156988152' → 8134a1b103c64d459f5a22ef0859a669
Updated KLP 'klp-1-dose-of-oxytocin' -> 5329838feaad4b30b2bd56e3f2783059
  ✓ Activated version: dbfc1a02040c4372a558da80a24b4b7a
  → Recovered missing Language ID for KLP via mapping: 22e3f4588c9d4b75b6ad515cac765d4d
  ✓ Resolved KLP link 'video:/Active management of third stage labour/give_a_uterotonic_drug' → 2a8e1da8c2984bbf8981a3de1eb27959
Updated KLP 'klp-1-when-to-give-oxytocin' -> e7dc04bacc8641c6aa18d4efe96dbedd
  ✓ Activated version: 33c3b89113444aebbc413c1b0816021e
  → Recovered missing Language ID for KLP via mapping: 22e3f4588c9d4b75b6ad515cac765d4d
  ✓ Resolved KLP link 'drug:oxytocin_1487156988152' → 8134a1b103c64d459f5a22ef0859a669
Updated KLP 'klp-3-storage-of-oxytocin' -> d25da7dd3432455a8e4006f25125f7cd
  ✓ Activated version: 4a530d58bb254494815e81d1e84319b5
  → Recovered missing Language ID for KLP via mapping: 22e3f4588c9d4b75b6ad515cac765d4d
  ✓ Resolved KLP link 'drug:oxytocin_1487156988152' → 8134a1b103c64d459f5a22ef0859a669
Updated KLP 'klp-1-misoprostol' -> 179e0b3d2045417e81d43858608d70f4
  ✓ Activated version: ba4c790894f9436481ac81fed64bcb5f
  → Recovered missing Language ID for KLP via mapping: 22e3f4588c9d4b75b6ad515cac765d4d
  ✓ Resolved KLP link 'drug:misoprostol_1487112562173' → 1ad5e35a0e4e4cec9e7fc137d85ed493
Updated KLP 'klp-1-heat-stable-carbetocin' -> d55f2a47b7fd4796a7c6c1fd0e26e5cf
  ✓ Activated version: ccd25308e6914d839982edcba1820fc1
  → Recovered missing Language ID for KLP via mapping: 22e3f4588c9d4b75b6ad515cac765d4d
  ✓ Resolved KLP link 'video:/Active management of third stage labour/assess_the_newborn' → eedab7ed130f4cc188756632bd13a742
Updated KLP 'klp-1-when-to-assess-the-newborn' -> 3f0e813648f54b8591097bcb70e8443f
  ✓ Activated version: a09e8af816804d58890450fa4d18fd47
  → Recovered missing Language ID for KLP via mapping: 22e3f4588c9d4b75b6ad515cac765d4d
  ✓ Resolved KLP link 'video:/Active management of third stage labour/assess_the_newborn' → eedab7ed130f4cc188756632bd13a742
Updated KLP 'klp-2-thick-meconium' -> a130b08c4e6043868c4c742194b6da10
  ✓ Activated version: 5895768e15ac48a2b23050d6463bf159
  → Recovered missing Language ID for KLP via mapping: 22e3f4588c9d4b75b6ad515cac765d4d
  ✓ Resolved KLP link 'video:/Active management of third stage labour/assess_the_newborn' → eedab7ed130f4cc188756632bd13a742
Updated KLP 'klp-1-suction-thick-meconium' -> 261eb343138d4f41ac0f81d70e72f2ec
  ✓ Activated version: 299f6172b288448694a3a4e66a5a5019
  → Recovered missing Language ID for KLP via mapping: 22e3f4588c9d4b75b6ad515cac765d4d
  ✓ Resolved KLP link 'video:/Active management of third stage labour/assess_the_newborn' → eedab7ed130f4cc188756632bd13a742
Updated KLP 'klp-2-dry-of-the-baby' -> dbf234db64d54ee3bde100e72af13835
  ✓ Activated version: 7b31e06230ae47c7bb384893339d810d
  → Recovered missing Language ID for KLP via mapping: 22e3f4588c9d4b75b6ad515cac765d4d
  ✓ Resolved KLP link 'video:/Active management of third stage labour/assess_the_newborn' → eedab7ed130f4cc188756632bd13a742
Updated KLP 'klp-3-warm-baby' -> 195fd8ffee6d4586add1be3f30da76d4
  ✓ Activated version: bec367ed62f94cfa812e6449c196fcd0
  → Recovered missing Language ID for KLP via mapping: 22e3f4588c9d4b75b6ad515cac765d4d
  ✓ Resolved KLP link 'video:/Active management of third stage labour/assess_the_newborn' → eedab7ed130f4cc188756632bd13a742
Updated KLP 'klp-1-newborn-not-breathing-well' -> e18d825a79f4493bb2eea8725be7386b
  ✓ Activated version: ab1000f9ae484655bf5c9b7228372210
  → Recovered missing Language ID for KLP via mapping: 22e3f4588c9d4b75b6ad515cac765d4d
  ✓ Resolved KLP link 'video:/Active management of third stage labour/assess_the_newborn' → eedab7ed130f4cc188756632bd13a742
Updated KLP 'klp-2-stable-newborn' -> f43ad9ab01834358b3cd7ad7a8ae2eca
  ✓ Activated version: dfb30b8908844ef889810f9b36c744d6
  → Recovered missing Language ID for KLP via mapping: 22e3f4588c9d4b75b6ad515cac765d4d
  ✓ Resolved KLP link 'video:/Active management of third stage labour/clamp_and_cut_the_umbilical_cord' → f14815efdb8540c7a215af4c819935c5
Updated KLP 'klp-3-clamp-umbilical-cord' -> ebf4d7f4cee74417bb2c94e2ed814462
  ✓ Activated version: 82678846e09c4c73b08a74150e586428
  → Recovered missing Language ID for KLP via mapping: 22e3f4588c9d4b75b6ad515cac765d4d
  ✓ Resolved KLP link 'video:/Active management of third stage labour/controlled_cord_traction' → 6a0b33ceb7484a52aa11bc30d30c8b03
Updated KLP 'klp-2-cord-traction' -> d771b16de68b4d44bd1d5af179aff0e4
  ✓ Activated version: 5ee7b379ab574845aaafd9dc5011b05e
  → Recovered missing Language ID for KLP via mapping: 22e3f4588c9d4b75b6ad515cac765d4d
  ✓ Resolved KLP link 'video:/Active management of third stage labour/controlled_cord_traction' → 6a0b33ceb7484a52aa11bc30d30c8b03
Updated KLP 'klp-3-counter-pressure-pubic-bone' -> 9a443ed11eb748f085e50ae120d72a46
  ✓ Activated version: eed611b7a75a42dd9a020bf814547cd2
  → Recovered missing Language ID for KLP via mapping: 22e3f4588c9d4b75b6ad515cac765d4d
  ✓ Resolved KLP link 'video:/Active management of third stage labour/controlled_cord_traction' → 6a0b33ceb7484a52aa11bc30d30c8b03
Updated KLP 'klp-3-rounded-uterus' -> 04c3f66f25b948d28ad7a39ed77fd59a
  ✓ Activated version: 5e6e7575ae814da497605afc36145e85
  → Recovered missing Language ID for KLP via mapping: 22e3f4588c9d4b75b6ad515cac765d4d
  ✓ Resolved KLP link 'video:/Active management of third stage labour/controlled_cord_traction' → 6a0b33ceb7484a52aa11bc30d30c8b03
Updated KLP 'klp-3-push-for-the-placenta' -> 3b0b5f6b00614f93ae988d7e0dee3e96
  ✓ Activated version: 7a8a87c4d5574ad4a075ce96471eb10f
  → Recovered missing Language ID for KLP via mapping: 22e3f4588c9d4b75b6ad515cac765d4d
  ✓ Resolved KLP link 'video:/Active management of third stage labour/controlled_cord_traction' → 6a0b33ceb7484a52aa11bc30d30c8b03
Updated KLP 'klp-1-check-uterus' -> 3ecc87dfe1e74777b2f46224debb9b59
  ✓ Activated version: 1017a387e6034c1eb2d8a5a070fcfbc3
  → Recovered missing Language ID for KLP via mapping: 22e3f4588c9d4b75b6ad515cac765d4d
  ✓ Resolved KLP link 'video:/Active management of third stage labour/controlled_cord_traction' → 6a0b33ceb7484a52aa11bc30d30c8b03
Updated KLP 'klp-2-measure-blood-loss' -> 09f8f7a55ae545d0a3193238a586e01f
  ✓ Activated version: ccc6bc0d8b8548b1a79a86f0c404c240
  → Recovered missing Language ID for KLP via mapping: 22e3f4588c9d4b75b6ad515cac765d4d
  ✓ Resolved KLP link 'video:/Active management of third stage labour/examine_the_placenta' → 00a9e20898bb4511914a8786581b106a
Updated KLP 'klp-1-examine-the-placenta' -> 9ad04eb30c2d498a9483e34b56bfa4f7
  ✓ Activated version: 344b527fb5fc48038d7fb73c42c0ea06
  → Recovered missing Language ID for KLP via mapping: 22e3f4588c9d4b75b6ad515cac765d4d
  ✓ Resolved KLP link 'video:/Active management of third stage labour/examine_the_placenta' → 00a9e20898bb4511914a8786581b106a
Updated KLP 'klp-2-maternal-surface-of-placenta' -> 3e4aeab667fb40fb886f46f3ec0c692f
  ✓ Activated version: d698c0dfd78c485d8343eb1b23ee4e43
  → Recovered missing Language ID for KLP via mapping: 22e3f4588c9d4b75b6ad515cac765d4d
  ✓ Resolved KLP link 'video:/Active management of third stage labour/monitoring' → a0e85bc09ea64c75a3be54e2aabc7312
Updated KLP 'klp-2-no-unattended-mother-and-newborn' -> 22b43e2858044464a625293d934a9ac8
  ✓ Activated version: f2d268a51731411b99efd8ff50a6fa00
  → Recovered missing Language ID for KLP via mapping: 22e3f4588c9d4b75b6ad515cac765d4d
  ✓ Resolved KLP link 'video:/Active management of third stage labour/monitoring' → a0e85bc09ea64c75a3be54e2aabc7312
Updated KLP 'klp-3-skin-to-skin-contact' -> 2da3eab7ac7645faa6b3d59dad27c812
  ✓ Activated version: 4250e939b07144aba728bce1be531eb9
  → Recovered missing Language ID for KLP via mapping: 22e3f4588c9d4b75b6ad515cac765d4d
  ✓ Resolved KLP link 'video:/Active management of third stage labour/monitoring' → a0e85bc09ea64c75a3be54e2aabc7312
Updated KLP 'klp-1-check-mother-after-birth' -> 7480581e19224b93ba222ffee226c390
  ✓ Activated version: 7c49a17b36df468cb23193da9af863e6
  → Recovered missing Language ID for KLP via mapping: 22e3f4588c9d4b75b6ad515cac765d4d
  ✓ Resolved KLP link 'video:/Active management of third stage labour/monitoring' → a0e85bc09ea64c75a3be54e2aabc7312
Updated KLP 'klp-3-how-often-check-mother' -> 6374293c5d904dc6b97a0fadfefaadd2
  ✓ Activated version: b017e082d1cf4cf7a44b36d044515374
  → Recovered missing Language ID for KLP via mapping: 22e3f4588c9d4b75b6ad515cac765d4d
  ✓ Resolved KLP link 'video:/Active management of third stage labour/monitoring' → a0e85bc09ea64c75a3be54e2aabc7312
Updated KLP 'klp-3-how-often-check-newborn' -> 895844baa1a04c2a9bd98fdc1574ca00
  ✓ Activated version: 61cf6cefaf784a92bc90761ed7716973
  → Recovered missing Language ID for KLP via mapping: 22e3f4588c9d4b75b6ad515cac765d4d
  ✓ Resolved KLP link 'video:/Active management of third stage labour/monitoring' → a0e85bc09ea64c75a3be54e2aabc7312
Updated KLP 'klp-2-check-the-newborn-after-birth' -> c93e6d65976a443aaaa81e776f730686
  ✓ Activated version: 932d1f2717174ed187360dd2fd196e7a
  → Recovered missing Language ID for KLP via mapping: 22e3f4588c9d4b75b6ad515cac765d4d
  ✓ Resolved KLP link 'video:/Active management of third stage labour/monitoring' → a0e85bc09ea64c75a3be54e2aabc7312
Updated KLP 'klp-3-cord-monitor' -> fbe2da722d6544a2ba6391e2ef92d9d9
  ✓ Activated version: 6bf575ed0076455b9efa7a95a1d68cd2
  → Recovered missing Language ID for KLP via mapping: 22e3f4588c9d4b75b6ad515cac765d4d
  ✓ Resolved KLP link 'video:/Active management of third stage labour/monitoring' → a0e85bc09ea64c75a3be54e2aabc7312
Updated KLP 'klp-2-apgar-score-and-vit-k' -> 1e851bb232cf433aa8547668dd32189e
  ✓ Activated version: 7539ff6dbb3149768a7e0039bb875804
  → Recovered missing Language ID for KLP via mapping: 22e3f4588c9d4b75b6ad515cac765d4d
  ✓ Resolved KLP link 'video:/Active management of third stage labour/monitoring' → a0e85bc09ea64c75a3be54e2aabc7312
Updated KLP 'klp-2-early-breastfeeding-newborn' -> 987d9fac60a948eea2ab2a433cae1d13
  ✓ Activated version: 01adefe8631242f8b17e30a280841b20
  → Recovered missing Language ID for KLP via mapping: 22e3f4588c9d4b75b6ad515cac765d4d
  ✓ Resolved KLP link 'video:/Active management of third stage labour/monitoring' → a0e85bc09ea64c75a3be54e2aabc7312
Updated KLP 'klp-3-early-breastfeeding-mother' -> 2b9f3813fccb41d9b08fa63e513b3f7a
  ✓ Activated version: 0de0973b2161464c924eff0b39560dcd
  → Recovered missing Language ID for KLP via mapping: 22e3f4588c9d4b75b6ad515cac765d4d
  ✓ Resolved KLP link 'video:/Active management of third stage labour/controlled_cord_traction' → 6a0b33ceb7484a52aa11bc30d30c8b03
Updated KLP 'klp-3-delivery-of-membranes' -> c563f5f818cb4e7fbe1d63cc6898ee29
  ✓ Activated version: 7ac8894c25484511bcee6d2cf8a0f536
  → Recovered missing Language ID for KLP via mapping: 22e3f4588c9d4b75b6ad515cac765d4d
  ✓ Resolved KLP link 'video:/Active management of third stage labour/controlled_cord_traction' → 6a0b33ceb7484a52aa11bc30d30c8b03
Updated KLP 'klp-2-estimation-of-blood-loss' -> db3d1b4d3c1d4ab1a87832861e7c06d2
  ✓ Activated version: 06105217bf094c05b4608e78990746b4
  → Recovered missing Language ID for KLP via mapping: 22e3f4588c9d4b75b6ad515cac765d4d
  ✓ Resolved KLP link 'video:/Prolonged labour/intro' → 6201cc04dc7a4bcf909daf666626338a
Updated KLP 'klp-1-complication-prolonged-mother' -> c5a8a31cf4da49d7a92db916ffaef08a
  ✓ Activated version: 17ce1ceef87f41639ec6549d10232b14
  → Recovered missing Language ID for KLP via mapping: 22e3f4588c9d4b75b6ad515cac765d4d
  ✓ Resolved KLP link 'video:/Prolonged labour/intro' → 6201cc04dc7a4bcf909daf666626338a
Updated KLP 'klp-1-complication-prolonged-infant' -> aa5b89ef52ff41969a3d3e6481ba1a34
  ✓ Activated version: f979966bca7e471993ce06c7ad7763a2
  → Recovered missing Language ID for KLP via mapping: 22e3f4588c9d4b75b6ad515cac765d4d
  ✓ Resolved KLP link 'video:/Prolonged labour/causes' → c774bc1ad46e4031b7a3ff103a27522f
Updated KLP 'klp-2-causes' -> ae2bb26647084a148271a7b6bd6fd035
  ✓ Activated version: 2ad8563644e24b30a3c810f4818fc6c2
  → Recovered missing Language ID for KLP via mapping: 22e3f4588c9d4b75b6ad515cac765d4d
  ✓ Resolved KLP link 'video:/Prolonged labour/causes' → c774bc1ad46e4031b7a3ff103a27522f
Updated KLP 'klp-2-power' -> 98e5b3642b8c4fefa445993b98507302
  ✓ Activated version: 34a5bbe0b3814412a717d4cde31fc8bc
  → Recovered missing Language ID for KLP via mapping: 22e3f4588c9d4b75b6ad515cac765d4d
  ✓ Resolved KLP link 'video:/Prolonged labour/causes' → c774bc1ad46e4031b7a3ff103a27522f
Updated KLP 'klp-3-pelvis-passage' -> 6b33585d5f5d4832a8e4a386eae47df8
  ✓ Activated version: 7dd29a04c6e540509779082f46c8368e
  → Recovered missing Language ID for KLP via mapping: 22e3f4588c9d4b75b6ad515cac765d4d
  ✓ Resolved KLP link 'video:/Prolonged labour/causes' → c774bc1ad46e4031b7a3ff103a27522f
Updated KLP 'klp-3-small-pelvis' -> 2e224ac181514f3c81c931fbe75a08ca
  ✓ Activated version: ac5b38f8db1c46129e8365d2e2a0941b
  → Recovered missing Language ID for KLP via mapping: 22e3f4588c9d4b75b6ad515cac765d4d
  ✓ Resolved KLP link 'video:/Prolonged labour/causes' → c774bc1ad46e4031b7a3ff103a27522f
Updated KLP 'klp-2-know-small-pelvis' -> 2862ac45f23541eaa21bb362977a8e5f
  ✓ Activated version: ec3fa122f0054831bd8d65f64ee83105
  → Recovered missing Language ID for KLP via mapping: 22e3f4588c9d4b75b6ad515cac765d4d
  ✓ Resolved KLP link 'video:/Prolonged labour/causes' → c774bc1ad46e4031b7a3ff103a27522f
Updated KLP 'klp-2-passenger' -> 921373ddb3e4477d85e6fda52fe42c2b
  ✓ Activated version: 368bbb4b0e814ff39abc2c8a2536b4e7
  → Recovered missing Language ID for KLP via mapping: 22e3f4588c9d4b75b6ad515cac765d4d
  ✓ Resolved KLP link 'video:/Prolonged labour/causes' → c774bc1ad46e4031b7a3ff103a27522f
Updated KLP 'klp-3-psyche' -> 079064f3585443dca4345b0a81285029
  ✓ Activated version: ac9de4fd1727424aa8c4819409ff4834
  → Recovered missing Language ID for KLP via mapping: 22e3f4588c9d4b75b6ad515cac765d4d
  ✓ Resolved KLP link 'video:/Prolonged labour/2nd_stage_prolonged' → 637b43cad26146b8ac6ec72d613b307d
Updated KLP 'klp-1-pushing' -> 0b7db7428da74915ba83ef4f2c453b7b
  ✓ Activated version: cc69a033a24140e5b33c8bbf01c9669c
  → Recovered missing Language ID for KLP via mapping: 22e3f4588c9d4b75b6ad515cac765d4d
  ✓ Resolved KLP link 'video:/Prolonged labour/2nd_stage_prolonged' → 637b43cad26146b8ac6ec72d613b307d
Updated KLP 'klp-3-push-how-long' -> f4575658ec274b7f88bb81a5862b7b84
  ✓ Activated version: 02d9b9034b6f4efb8adbdae1f3f2f094
  → Recovered missing Language ID for KLP via mapping: 22e3f4588c9d4b75b6ad515cac765d4d
  ✓ Resolved KLP link 'video:/Prolonged labour/2nd_stage_vacuum_extraction' → 748f9794e1c147569c5a9dc23525549b
Updated KLP 'klp-1-indication-for-vacuum' -> b2024fbed57949b7989bcf10ecb4a658
  ✓ Activated version: cc3574b6782348b1964fa9e5c3faafe4
  → Recovered missing Language ID for KLP via mapping: 22e3f4588c9d4b75b6ad515cac765d4d
  ✓ Resolved KLP link 'video:/Prolonged labour/2nd_stage_vacuum_extraction' → 748f9794e1c147569c5a9dc23525549b
Updated KLP 'klp-1-fhr' -> a6cf6393980a428eb6a89d85314dcefc
  ✓ Activated version: f5fac7fd66dd4380b531398a1f6d8b2e
  → Recovered missing Language ID for KLP via mapping: 22e3f4588c9d4b75b6ad515cac765d4d
  ✓ Resolved KLP link 'video:/Prolonged labour/2nd_stage_vacuum_extraction' → 748f9794e1c147569c5a9dc23525549b
Updated KLP 'klp-2-fhr-and-contractions' -> 747c89ea689b439b8d7ebf27b98e3f1f
  ✓ Activated version: 9c37925418bf4543846388ead7d98a3c
  → Recovered missing Language ID for KLP via mapping: 22e3f4588c9d4b75b6ad515cac765d4d
  ✓ Resolved KLP link 'procedure:vacuum-extractor_1487245649303' → afac8731991045aa9e6c3a20b4f1a051
Updated KLP 'klp-3-prerequisites-for-vacuum' -> 1f7776fa1ab44002941edf8f1405b8e5
  ✓ Activated version: 28c6c23e974b4999bf390a2af9c3cb73
  → Recovered missing Language ID for KLP via mapping: 22e3f4588c9d4b75b6ad515cac765d4d
  ✓ Resolved KLP link 'video:/Prolonged labour/2nd_stage_vacuum_extraction' → 748f9794e1c147569c5a9dc23525549b
Updated KLP 'klp-2-complications-to-vacuum-extraction' -> 3577bb56b3724e48a251c4ccfe09157b
  ✓ Activated version: 8568869be3d54c3eb73f7783806301f8
  → Recovered missing Language ID for KLP via mapping: 22e3f4588c9d4b75b6ad515cac765d4d
  ✓ Resolved action-card link 'action-card:procedures-by-also_1486848037447' via token overlap (2/3 tokens) → res-action-card-vacuum-delivery-procedure-as-by-also
  ✓ Resolved KLP link 'action-card:procedures-by-also_1486848037447' → d2fa6384547a46cdb4172133de5c9599
Updated KLP 'klp-2-preparation-for-vacuum' -> db9ff383fa844608a57505d27ac9c104
  ✓ Activated version: 4079a29587c342bb912dd8f54c070223
  → Recovered missing Language ID for KLP via mapping: 22e3f4588c9d4b75b6ad515cac765d4d
  ✓ Resolved KLP link 'video:/Prolonged labour/2nd_stage_vacuum_extraction' → 748f9794e1c147569c5a9dc23525549b
Updated KLP 'klp-1-give-up-vacuum' -> 3507f776940a403baa81abc245245761
  ✓ Activated version: cef29dba574040169d186b375f1c432a
  → Recovered missing Language ID for KLP via mapping: 22e3f4588c9d4b75b6ad515cac765d4d
  ✓ Resolved KLP link 'video:/Prolonged labour/2nd_stage_vacuum_extraction' → 748f9794e1c147569c5a9dc23525549b
Updated KLP 'klp-3-incision' -> 3369026d00a04dacb57fb85f092c409b
  ✓ Activated version: e2ec2c9fbff14a7ab352cbcaac819106
  → Recovered missing Language ID for KLP via mapping: 22e3f4588c9d4b75b6ad515cac765d4d
  ✓ Resolved KLP link 'video:/Prolonged labour/causes' → c774bc1ad46e4031b7a3ff103a27522f
Updated KLP 'klp-2-cephalic-occiput-posterior' -> 94e24faa2c154de99d1d53d4e1d1340e
  ✓ Activated version: b0a5853524c14673bf735a8fd601558f
  → Recovered missing Language ID for KLP via mapping: 22e3f4588c9d4b75b6ad515cac765d4d
  ✓ Resolved KLP link 'video:/Prolonged labour/causes' → c774bc1ad46e4031b7a3ff103a27522f
Updated KLP 'klp-3-more-comfortable' -> 2eeb4103b3f244ff89a3369e8cd10506
  ✓ Activated version: 1e3696488dc34ba09035a5721d7bbc10
  → Recovered missing Language ID for KLP via mapping: 22e3f4588c9d4b75b6ad515cac765d4d
  ✓ Resolved KLP link 'video:/Prolonged labour/1st_stage_latent_phase' → 1abaae50753c47238552dbec70ab5f20
Updated KLP 'klp-3-prolonged-first-stage-latent-phase' -> 5d5826b32773431cb7acc6d890032bfa
  ✓ Activated version: c6e37e07f17f46f983dbb27b964ccfd2
  → Recovered missing Language ID for KLP via mapping: 22e3f4588c9d4b75b6ad515cac765d4d
  ✓ Resolved KLP link 'video:/Prolonged labour/1st_stage_latent_phase' → 1abaae50753c47238552dbec70ab5f20
Updated KLP 'klp-3-contractions-causes-if-not-prolonged-latent-phase' -> a1ce8cbc87ef4c4284a2025985fffb9f
  ✓ Activated version: 790daa23ef574752a9fa41fccff29be1
  → Recovered missing Language ID for KLP via mapping: 22e3f4588c9d4b75b6ad515cac765d4d
  ✓ Resolved KLP link 'video:/Prolonged labour/1st_stage_active_phase' → 3b0bd17608e746a6b11dfbac50629a44
Updated KLP 'klp-1-prolonged-first-stage-active-phase' -> e856a33c000f40daa730802878a0c601
  ✓ Activated version: 403f9ef1e86e4fc5b82db65d78b85453
  → Recovered missing Language ID for KLP via mapping: 22e3f4588c9d4b75b6ad515cac765d4d
  ✓ Resolved KLP link 'video:/Prolonged labour/1st_stage_active_phase' → 3b0bd17608e746a6b11dfbac50629a44
Updated KLP 'klp-2-progress-of-labour' -> 73f055a0f6d8490ba87ba2f3598b6946
  ✓ Activated version: a2564d0daaf14557994700feac96105d
  → Recovered missing Language ID for KLP via mapping: 22e3f4588c9d4b75b6ad515cac765d4d
  ✓ Resolved KLP link 'video:/Prolonged labour/1st_stage_active_phase' → 3b0bd17608e746a6b11dfbac50629a44
Updated KLP 'klp-1-partograph-with-dilatation-between-alert-and-action-line' -> 04dc755bd9e7404188a722f97cb536ae
  ✓ Activated version: e76a2f15a56840a08f2af5f5511cd504
  → Recovered missing Language ID for KLP via mapping: 22e3f4588c9d4b75b6ad515cac765d4d
  ✓ Resolved KLP link 'video:/Prolonged labour/1st_stage_active_phase' → 3b0bd17608e746a6b11dfbac50629a44
Updated KLP 'klp-2-cervical-dilatation' -> 217bde5c2a8c400babf829ec59b87127
  ✓ Activated version: 00ba9811bf564bbb8e091acb3f6ff8ee
  → Recovered missing Language ID for KLP via mapping: 22e3f4588c9d4b75b6ad515cac765d4d
  ✓ Resolved KLP link 'procedure:foetal-heart-rate_1487245616159' → 1f870be16c904b15ada37974848332e3
Updated KLP 'klp-1-immediate-delivery' -> f3f60d356443461097cac49fe27ab980
  ✓ Activated version: aa2a2622ab1d408f9aa1ad370eebed2c
  → Recovered missing Language ID for KLP via mapping: 22e3f4588c9d4b75b6ad515cac765d4d
  ✓ Resolved KLP link 'procedure:vacuum-extractor_1487245649303' → afac8731991045aa9e6c3a20b4f1a051
Updated KLP 'klp-1-head-above-the-pubic-bone' -> ad4b51c1a040467f81335fa4a38ced1c
  ✓ Activated version: 02793316613a4827a63a5f71b1648bfb
  → Recovered missing Language ID for KLP via mapping: 22e3f4588c9d4b75b6ad515cac765d4d
  ✓ Resolved KLP link 'video:/Prolonged labour/2nd_stage_vacuum_extraction' → 748f9794e1c147569c5a9dc23525549b
Updated KLP 'klp-3-posterior-fontanelle-where' -> 87a17bca9b0344118c73713b1af06f6d
  ✓ Activated version: dc157c75215a4e1793d3d3b3e879769e
  → Recovered missing Language ID for KLP via mapping: 22e3f4588c9d4b75b6ad515cac765d4d
  ✓ Resolved KLP link 'video:/Prolonged labour/2nd_stage_vacuum_extraction' → 748f9794e1c147569c5a9dc23525549b
Updated KLP 'klp-2-posterior-fontanelle' -> c664b79d86af4bb382c062366cc71077
  ✓ Activated version: d47e9aae222f4334b739dd82883de854
  → Recovered missing Language ID for KLP via mapping: 22e3f4588c9d4b75b6ad515cac765d4d
  ✓ Resolved KLP link 'video:/Prolonged labour/2nd_stage_vacuum_extraction' → 748f9794e1c147569c5a9dc23525549b
Updated KLP 'klp-1-placing-the-cup' -> bc4300e2ec624f008de0426c786d38df
  ✓ Activated version: 2936b059f7f44ecea08b835e68caaa4d
  → Recovered missing Language ID for KLP via mapping: 22e3f4588c9d4b75b6ad515cac765d4d
  ✓ Resolved KLP link 'video:/Prolonged labour/2nd_stage_vacuum_extraction' → 748f9794e1c147569c5a9dc23525549b
Updated KLP 'klp-1-check-for-maternal-tissue' -> ae9b0380257244069eec8c975caa2c2d
  ✓ Activated version: 5163cab5c2a64fe18cc983400a863f18
  → Recovered missing Language ID for KLP via mapping: 22e3f4588c9d4b75b6ad515cac765d4d
  ✓ Resolved KLP link 'video:/Prolonged labour/2nd_stage_vacuum_extraction' → 748f9794e1c147569c5a9dc23525549b
Updated KLP 'klp-3-flexion-point' -> 998e136c4eb549208d10938af7609046
  ✓ Activated version: d13cc577468f4b72bc9e487eb22f9252
  → Recovered missing Language ID for KLP via mapping: 22e3f4588c9d4b75b6ad515cac765d4d
  ✓ Resolved KLP link 'video:/Prolonged labour/2nd_stage_vacuum_extraction' → 748f9794e1c147569c5a9dc23525549b
Updated KLP 'klp-3-intact-perineum' -> f76daa6db09b4061a27cc763b58957ca
  ✓ Activated version: 65a829b5f4aa45f69d260e119046c191
  → Recovered missing Language ID for KLP via mapping: 22e3f4588c9d4b75b6ad515cac765d4d
  ✓ Resolved KLP link 'video:/Prolonged labour/2nd_stage_prolonged' → 637b43cad26146b8ac6ec72d613b307d
Updated KLP 'klp-2-prolonged-second-stage' -> bf56210b5d01427abad56223321c8fed
  ✓ Activated version: ed95be64863c42d790d733a169eb065a
  → Recovered missing Language ID for KLP via mapping: 22e3f4588c9d4b75b6ad515cac765d4d
  ✓ Resolved KLP link 'video:/Post partum hemorrage/intro' → 6201cc04dc7a4bcf909daf666626338a
Updated KLP 'klp-1-maternal-death' -> fe638dee3d574e479d4777337fba8191
  ✓ Activated version: aff7eea3a321460aaa12077ba8080a4f
  → Recovered missing Language ID for KLP via mapping: 22e3f4588c9d4b75b6ad515cac765d4d
  ✓ Resolved KLP link 'video:/Post partum hemorrage/intro' → 6201cc04dc7a4bcf909daf666626338a
Updated KLP 'klp-1-loss-of-tone' -> 0c661123537648f8919c8226c38e0b52
  ✓ Activated version: 08128a639ba5466ebabbf591059067b1
  → Recovered missing Language ID for KLP via mapping: 22e3f4588c9d4b75b6ad515cac765d4d
  ✓ Resolved KLP link 'video:/Post partum hemorrage/intro' → 6201cc04dc7a4bcf909daf666626338a
Updated KLP 'klp-1-call-for-help-then-stop-the-bleeding' -> 8a89bb4fa7724734819cde6e726ea0bb
  ✓ Activated version: c8f70a14ab4640028a834572c403d7f4
  → Recovered missing Language ID for KLP via mapping: 22e3f4588c9d4b75b6ad515cac765d4d
  ✓ Resolved KLP link 'video:/Post partum hemorrage/intro' → 6201cc04dc7a4bcf909daf666626338a
Updated KLP 'klp-1-symptoms-for-pph' -> a1c176edc5c14bb98a6c4709562ddd1c
  ✓ Activated version: fa4b672b0d46491f9cff6f3becbc10c6
  → Recovered missing Language ID for KLP via mapping: 22e3f4588c9d4b75b6ad515cac765d4d
  ✓ Resolved KLP link 'video:/Post partum hemorrage/intro' → 6201cc04dc7a4bcf909daf666626338a
Updated KLP 'klp-1-occult-bleeding' -> 2bf320f342af40ee8ea0bd304c5a5a8e
  ✓ Activated version: b1e693551bd44021be1a567c1c33fbee
  → Recovered missing Language ID for KLP via mapping: 22e3f4588c9d4b75b6ad515cac765d4d
  ✓ Resolved KLP link 'video:/Post partum hemorrage/intro' → 6201cc04dc7a4bcf909daf666626338a
Updated KLP 'klp-1-moderate-bleeding-characteristics' -> 8c613677849942e4876ccc0691c9a0fe
  ✓ Activated version: dd6bdfc1d8c44388b0671707ec152056
  → Recovered missing Language ID for KLP via mapping: 22e3f4588c9d4b75b6ad515cac765d4d
  ✓ Resolved KLP link 'video:/Post partum hemorrage/uterus_massage' → 781eba0d21b24576bd30893f94476667
Updated KLP 'klp-3-uterine-massage' -> 8e23bf02e8ab4f42aa74f4167fa627aa
  ✓ Activated version: 4d5fcad9564b48faa5285fcc8c43e5aa
  → Recovered missing Language ID for KLP via mapping: 22e3f4588c9d4b75b6ad515cac765d4d
  ✓ Resolved KLP link 'video:/Post partum hemorrage/empty_the_bladder' → aced291abb8e46cfad65804fadd0d32f
Updated KLP 'klp-2-empty-the-bladder' -> 82f05eac39074f33ad9f3799968d62f0
  ✓ Activated version: 00504d91f1514a18aec354df8e09646b
  → Recovered missing Language ID for KLP via mapping: 22e3f4588c9d4b75b6ad515cac765d4d
  ✓ Resolved KLP link 'video:/Post partum hemorrage/intro' → 6201cc04dc7a4bcf909daf666626338a
Updated KLP 'klp-1-vital-signs' -> 9618775b348a4a759cfd5e915d5761e4
  ✓ Activated version: f24379c97a95466c87f38031ff86f51a
  → Recovered missing Language ID for KLP via mapping: 22e3f4588c9d4b75b6ad515cac765d4d
  ✓ Resolved KLP link 'video:/Post partum hemorrage/intro' → 6201cc04dc7a4bcf909daf666626338a
Updated KLP 'klp-1-strong-bleeding-characteristics' -> 8b8593dcfc314919871a665bf9f321ac
  ✓ Activated version: 2ee0b781d7854566a740edfd7f1de1ed
  → Recovered missing Language ID for KLP via mapping: 22e3f4588c9d4b75b6ad515cac765d4d
  ✓ Resolved KLP link 'video:/Post partum hemorrage/bimanual_compression' → 0468653865854373a5485fa5f0dbc60e
Updated KLP 'klp-1-bimanual-compression' -> 2f644d57fb1c43c7a3559f9ff6cbe3c4
  ✓ Activated version: f2b5002db711414593e550ded2905c74
  → Recovered missing Language ID for KLP via mapping: 22e3f4588c9d4b75b6ad515cac765d4d
  ✓ Resolved KLP link 'video:/Post partum hemorrage/bimanual_compression' → 0468653865854373a5485fa5f0dbc60e
Updated KLP 'klp-2-bimanual-compression-procedure' -> 4c10d926733d4fecb113bde4dba50743
  ✓ Activated version: c06f6f4137b241878a7ed74db6778a28
  → Recovered missing Language ID for KLP via mapping: 22e3f4588c9d4b75b6ad515cac765d4d
  ✓ Resolved KLP link 'video:/Post partum hemorrage/bimanual_compression' → 0468653865854373a5485fa5f0dbc60e
Updated KLP 'klp-2-bimanual-compression-type-of-gloves' -> 8776fc4cc9a84f5f9b30d268c890f2b9
  ✓ Activated version: 3aebc3f8987941a3936df9317bb5b186
  → Recovered missing Language ID for KLP via mapping: 22e3f4588c9d4b75b6ad515cac765d4d
  ✓ Resolved KLP link 'drug:tranexamic-acid_1490713231363' → efec554769984a3189ac19d86b2f2014
Updated KLP 'klp-3-pph-drugs' -> 92003978d11043b2adde4185bb705eff
  ✓ Activated version: 57581a21dffd4927b9fa6bc2322d4428
  → Recovered missing Language ID for KLP via mapping: 22e3f4588c9d4b75b6ad515cac765d4d
  ✓ Resolved KLP link 'drug:misoprostol_1487112562173' → 1ad5e35a0e4e4cec9e7fc137d85ed493
Updated KLP 'klp-2-carbetocin' -> fb311237df9d4e08b1cf09cecec93094
  ✓ Activated version: d773a2bc11df4ca4a091281435752294
  → Recovered missing Language ID for KLP via mapping: 22e3f4588c9d4b75b6ad515cac765d4d
  ✓ Resolved KLP link 'drug:ergometrine_1487103846814' → 2e600c6b443440e8acb6a72da07c1b85
Updated KLP 'klp-3-ergometrine' -> 7f6cadc1814b4a9d84b4f9610415c52d
  ✓ Activated version: b16510efcf66439abe68a49371579d58
  → Recovered missing Language ID for KLP via mapping: 22e3f4588c9d4b75b6ad515cac765d4d
  ✓ Resolved KLP link 'video:/Post partum hemorrage/intro' → 6201cc04dc7a4bcf909daf666626338a
Updated KLP 'klp-1-prioritize-manual-maneuvers' -> ff0e6d29f4144e25819cb77fed8de78c
  ✓ Activated version: 4bce05dadc4846fd965c72d5ac8c3909
  → Recovered missing Language ID for KLP via mapping: 22e3f4588c9d4b75b6ad515cac765d4d
  ✓ Resolved KLP link 'video:/Post partum hemorrage/trauma' → 7a10049e2e454198a2d99f67cd003053
Updated KLP 'klp-2-bleeding-from-a-vaginal-tear' -> 3c1486321a0144deb757c58e736d1e07
  ✓ Activated version: a1d77c0aabcc41378b7fc537b71c732c
  → Recovered missing Language ID for KLP via mapping: 22e3f4588c9d4b75b6ad515cac765d4d
  ✓ Resolved KLP link 'video:/Post partum hemorrage/trauma' → 7a10049e2e454198a2d99f67cd003053
Updated KLP 'klp-2-always-do-a-rectal-exploration' -> 94aa928bfad04597ab87d707d2547759
  ✓ Activated version: 34ec5babfb614f318c0a656d54df89ff
  → Recovered missing Language ID for KLP via mapping: 22e3f4588c9d4b75b6ad515cac765d4d
  ✓ Resolved KLP link 'video:/Post partum hemorrage/tissue' → e0b4b2ff0c414058b52f975937c0c963
Updated KLP 'klp-2-placental-tissue-missing' -> 704506d7800343278209f40ccda7051c
  ✓ Activated version: d52732418eaa45f2844d6765b436dcbc
  → Recovered missing Language ID for KLP via mapping: 22e3f4588c9d4b75b6ad515cac765d4d
  ✓ Resolved KLP link 'video:/Post partum hemorrage/tissue' → e0b4b2ff0c414058b52f975937c0c963
Updated KLP 'klp-2-treatment-if-there-is-placental-tissue-missing' -> d58b268bca0342a6b1c78d947544152f
  ✓ Activated version: 305f8a8a45544406adace0d5f089f660
  → Recovered missing Language ID for KLP via mapping: 22e3f4588c9d4b75b6ad515cac765d4d
  ✓ Resolved KLP link 'video:/Post partum hemorrage/tissue' → e0b4b2ff0c414058b52f975937c0c963
Updated KLP 'klp-3-removal-tissue' -> a6b0bda13aec4cc3aa75639684bd61b1
  ✓ Activated version: c9104540fac64d97a22e52e4aea548b5
  → Recovered missing Language ID for KLP via mapping: 22e3f4588c9d4b75b6ad515cac765d4d
  ✓ Resolved KLP link 'video:/Post partum hemorrage/resuscitation' → fc745cc840ae42bf912454ffa1e9c08f
Updated KLP 'klp-2-pph-resuscitation' -> 28f62838c1df4fc9af5114daeacf7228
  ✓ Activated version: edad9e2480cf47dfade516a5c24dbaa9
  → Recovered missing Language ID for KLP via mapping: 22e3f4588c9d4b75b6ad515cac765d4d
  ✓ Resolved KLP link 'video:/Post partum hemorrage/monitoring_after_bleeding' → 58df7a536f77489388db14c49546fbc0
Updated KLP 'klp-3-when-to-measure-hemoglobin' -> b03a2a2e94724757838e23b81faddec8
  ✓ Activated version: 2d3068dbcfd94ee5bf770e30839cdbc2
  → Recovered missing Language ID for KLP via mapping: 22e3f4588c9d4b75b6ad515cac765d4d
  ✓ Resolved KLP link 'video:/Post partum hemorrage/monitoring_after_bleeding' → 58df7a536f77489388db14c49546fbc0
Updated KLP 'klp-2-observation-after-treatment-pph' -> 574cc786dc10406cbca2a404c61c1da4
  ✓ Activated version: c9f8d3f060d34f76b2b27ab04936d197
  → Recovered missing Language ID for KLP via mapping: 22e3f4588c9d4b75b6ad515cac765d4d
  ✓ Resolved KLP link 'procedure:condom-balloon-tamponade_1490714664807' → 1019d4bc3d0146c99a70b23f045d2a77
Updated KLP 'klp-3-cbt-is-indicated' -> a65f051172fa41618b7f8279fccc8bda
  ✓ Activated version: 72448d1fe8ac472ab0e870dd716d08ad
  → Recovered missing Language ID for KLP via mapping: 22e3f4588c9d4b75b6ad515cac765d4d
  ✓ Resolved KLP link 'action-card:1-uterus_1486846813345' → 7ac874d1693d4b1995029073ea399089
Updated KLP 'klp-3-the-causes-of-vaginal-bleeding' -> fc377553363841deae870dc87d13a2b3
  ✓ Activated version: c3f0833a8ad342cfb12296e644c85bfd
  → Recovered missing Language ID for KLP via mapping: 22e3f4588c9d4b75b6ad515cac765d4d
  ✓ Resolved KLP link 'action-card:2-legs_1486846790935' → 886c4170c12f42559c303c54adca29af
Updated KLP 'klp-2-positioning-pph' -> 49c7ec47252e471fb8bb0afb0677088a
  ✓ Activated version: 8d2b3b7a498c4e9a87fa4e37bfc48183
  → Recovered missing Language ID for KLP via mapping: 22e3f4588c9d4b75b6ad515cac765d4d
  ✓ Resolved KLP link 'video:/Post partum hemorrage/resuscitation' → fc745cc840ae42bf912454ffa1e9c08f
Updated KLP 'klp-2-positioning-vital-organs' -> 55b40e8ecc25491d895febc55fb58513
  ✓ Activated version: f77827deb1ff4f42a0e8302dd0eae61b
  → Recovered missing Language ID for KLP via mapping: 22e3f4588c9d4b75b6ad515cac765d4d
  ✓ Resolved KLP link 'action-card:2-legs_1486846790935' → 886c4170c12f42559c303c54adca29af
Updated KLP 'klp-3-actions-helper-at-the-head' -> 8257f78d8252439c9b6e707db97cdd44
  ✓ Activated version: 6fb62af48a254b9bb4144773c94113c4
  → Recovered missing Language ID for KLP via mapping: 22e3f4588c9d4b75b6ad515cac765d4d
  ✓ Resolved KLP link 'action-card:3-arms_1486846769297' → d3c2a5e5eee24a36a2c848ef1663532c
Updated KLP 'klp-3-actions-helper-at-the-arm' -> 7c58b5f3979f4ff5a3b4713be362002a
  ✓ Activated version: ca57fa58d57643c1a8b77bf8178296c2
  → Recovered missing Language ID for KLP via mapping: 22e3f4588c9d4b75b6ad515cac765d4d
  ✓ Resolved KLP link 'video:/Post partum hemorrage/monitoring_after_bleeding' → 58df7a536f77489388db14c49546fbc0
Updated KLP 'klp-1-referral-pph' -> d49508cdad814b6bb59516af7b92cacd
  ✓ Activated version: 9f68001cd18447978529771b666dce9c
  → Recovered missing Language ID for KLP via mapping: 22e3f4588c9d4b75b6ad515cac765d4d
  ✓ Resolved KLP link 'drug:oxytocin_1487156988152' → 8134a1b103c64d459f5a22ef0859a669
Updated KLP 'klp-3-iv-fluids-pph' -> 0a10253308de4c0688a4d523875e6b76
  ✓ Activated version: c306f3bd4c524917aa8ae23ae713bee6
  → Recovered missing Language ID for KLP via mapping: 22e3f4588c9d4b75b6ad515cac765d4d
  ✓ Resolved KLP link 'drug:oxytocin_1487156988152' → 8134a1b103c64d459f5a22ef0859a669
Updated KLP 'klp-1-how-aorta-compression' -> 8301ca9e71c2424b906305275410358b
  ✓ Activated version: d726884462ea462980780dcc4cff77cb
  → Recovered missing Language ID for KLP via mapping: 22e3f4588c9d4b75b6ad515cac765d4d
  ✓ Resolved KLP link 'video:/Post partum hemorrage/resuscitation' → fc745cc840ae42bf912454ffa1e9c08f
Updated KLP 'klp-3-cardiovascular-symptoms-pph' -> e924e0bd6c714582a18d2e856efcd6c8
  ✓ Activated version: 41a0204667e54cefab0a84bc5366ad1f
  → Recovered missing Language ID for KLP via mapping: 22e3f4588c9d4b75b6ad515cac765d4d
  ✓ Resolved KLP link 'video:/Post partum hemorrage/immediate_management' → e0adee2024d84d9fb4c7680d2dccd573
Updated KLP 'klp-3-7-pph-moderate-bleeding' -> 8a903af90b584deba7098b0ab95867ca
  ✓ Activated version: e2e7998e552a4972965a071fafd86702
  → Recovered missing Language ID for KLP via mapping: 22e3f4588c9d4b75b6ad515cac765d4d
  ✓ Resolved KLP link 'video:/Manual removal of placenta/intro' → 6201cc04dc7a4bcf909daf666626338a
Updated KLP 'klp-1-time-before-placenta-is-born' -> 52896e6a04fc41e381d49bf0951561c3
  ✓ Activated version: 8d3079a604fa41ac807d4eff94ae7aaa
  → Recovered missing Language ID for KLP via mapping: 22e3f4588c9d4b75b6ad515cac765d4d
Updated KLP 'klp-1-manual-removal-bemonc' -> e431ed93a5f24221be0b6833285341dd
  ✓ Activated version: 0104d18fd1e443b389e77211d5c8d7db
  → Recovered missing Language ID for KLP via mapping: 22e3f4588c9d4b75b6ad515cac765d4d
  ✓ Resolved KLP link 'video:/Manual removal of placenta/intro' → 6201cc04dc7a4bcf909daf666626338a
Updated KLP 'klp-1-remove-manually' -> c54e51f22c7c4983b5c2f4a752145678
  ✓ Activated version: 1301d177992b45fba63699f7b50e5c97
  → Recovered missing Language ID for KLP via mapping: 22e3f4588c9d4b75b6ad515cac765d4d
  ✓ Resolved KLP link 'video:/Manual removal of placenta/intro' → 6201cc04dc7a4bcf909daf666626338a
Updated KLP 'klp-2-when-manual-removal' -> 5b1aa03d3d984d90b21053061af9c2d7
  ✓ Activated version: 9c56f6ff9d9744c48a8bfb54b127c9ec
  → Recovered missing Language ID for KLP via mapping: 22e3f4588c9d4b75b6ad515cac765d4d
  ✓ Resolved KLP link 'video:/Manual removal of placenta/intro' → 6201cc04dc7a4bcf909daf666626338a
Updated KLP 'klp-1-life-threatening' -> b1dacbcfb20741b1b6a7acb719886803
  ✓ Activated version: 8d168152b9184d7fb6e20ec10e5df56f
  → Recovered missing Language ID for KLP via mapping: 22e3f4588c9d4b75b6ad515cac765d4d
  ✓ Resolved KLP link 'video:/Manual removal of placenta/intro' → 6201cc04dc7a4bcf909daf666626338a
Updated KLP 'klp-3-heavy-bleeding' -> 3e38d737adbb432facb0a90ed077d2b9
  ✓ Activated version: 7d05af568d6541b2a4b1c1a766918269
  → Recovered missing Language ID for KLP via mapping: 22e3f4588c9d4b75b6ad515cac765d4d
  ✓ Resolved KLP link 'video:/Manual removal of placenta/intro' → 6201cc04dc7a4bcf909daf666626338a
Updated KLP 'klp-2-blood-inside-uterus' -> b333050ccb2f4205909e5cb70da01b5e
  ✓ Activated version: 9b4113927e264fb3adfda0218960435b
  → Recovered missing Language ID for KLP via mapping: 22e3f4588c9d4b75b6ad515cac765d4d
  ✓ Resolved KLP link 'video:/Manual removal of placenta/intro' → 6201cc04dc7a4bcf909daf666626338a
Updated KLP 'klp-1-overall-action' -> d16b46be6bf84c828608d0f1880a5988
  ✓ Activated version: 04322fb5ccff4841909b9a776e9784b8
  → Recovered missing Language ID for KLP via mapping: 22e3f4588c9d4b75b6ad515cac765d4d
  ✓ Resolved KLP link 'video:/Manual removal of placenta/intro' → 6201cc04dc7a4bcf909daf666626338a
Updated KLP 'klp-2-excessive-bleeding' -> 051ad864faf3459d9e7648e77c6af1f7
  ✓ Activated version: 4dd610137af2442f9b8b0340752b77f6
  → Recovered missing Language ID for KLP via mapping: 22e3f4588c9d4b75b6ad515cac765d4d
  ✓ Resolved KLP link 'video:/Manual removal of placenta/aorta_compression' → 085e63e78a1848f8ac9269512f593b8f
Updated KLP 'klp-3-mother-in-shock' -> 860fea9e7f784bbda229143847ef6f65
  ✓ Activated version: b621a89c2d82496795b76dd2e5278b03
  → Recovered missing Language ID for KLP via mapping: 22e3f4588c9d4b75b6ad515cac765d4d
  ✓ Resolved KLP link 'video:/Manual removal of placenta/aorta_compression' → 085e63e78a1848f8ac9269512f593b8f
Updated KLP 'klp-2-stop-bleeding-retained-placenta' -> f94c006f31aa4f999700e6854e09a86d
  ✓ Activated version: cb927cf722b5496b829d4fceb6875feb
  → Recovered missing Language ID for KLP via mapping: 22e3f4588c9d4b75b6ad515cac765d4d
  ✓ Resolved KLP link 'video:/Manual removal of placenta/aorta_compression' → 085e63e78a1848f8ac9269512f593b8f
Updated KLP 'klp-1-pain-relief-1' -> 176bdfd0e90e435a8654dc32aaeb85ae
  ✓ Activated version: e8c8400309294529b82ec09f887fda0a
  → Recovered missing Language ID for KLP via mapping: 22e3f4588c9d4b75b6ad515cac765d4d
  ✓ Resolved KLP link 'video:/Manual removal of placenta/aorta_compression' → 085e63e78a1848f8ac9269512f593b8f
Updated KLP 'klp-3-adequate-aorta-compression' -> bea179b1c67f496897990b9e9220d1f6
  ✓ Activated version: 9ac1b86f18b14617a2d4e94083c7e510
  → Recovered missing Language ID for KLP via mapping: 22e3f4588c9d4b75b6ad515cac765d4d
  ✓ Resolved KLP link 'video:/Manual removal of placenta/aorta_compression' → 085e63e78a1848f8ac9269512f593b8f
Updated KLP 'klp-2-maintain-compression' -> cb3d03375220408a86413fdf11fe5f64
  ✓ Activated version: 40fc234129d34ab3a7b1def697e36bf6
  → Recovered missing Language ID for KLP via mapping: 22e3f4588c9d4b75b6ad515cac765d4d
  ✓ Resolved KLP link 'video:/Manual removal of placenta/resuscitation' → fc745cc840ae42bf912454ffa1e9c08f
Updated KLP 'klp-3-resuscitation' -> 0a1f31a79e704e24aaa01ed7809ced7c
  ✓ Activated version: 496eac160d5f483eafb2798144ead6e5
  → Recovered missing Language ID for KLP via mapping: 22e3f4588c9d4b75b6ad515cac765d4d
  ✓ Resolved KLP link 'video:/Manual removal of placenta/resuscitation' → fc745cc840ae42bf912454ffa1e9c08f
Updated KLP 'klp-3-iv-fluid' -> 9faf762e80c04d0bad51680d39ee189e
  ✓ Activated version: b19bb300284241d9a82103f3a4f20e3a
  → Recovered missing Language ID for KLP via mapping: 22e3f4588c9d4b75b6ad515cac765d4d
  ✓ Resolved KLP link 'video:/Manual removal of placenta/resuscitation' → fc745cc840ae42bf912454ffa1e9c08f
Updated KLP 'klp-3-fluid-gives-fast' -> a6551c4b7a554470a961209aac378f7b
  ✓ Activated version: c69a492e21e043b4a2d678b80c711047
  → Recovered missing Language ID for KLP via mapping: 22e3f4588c9d4b75b6ad515cac765d4d
  ✓ Resolved KLP link 'video:/Manual removal of placenta/resuscitation' → fc745cc840ae42bf912454ffa1e9c08f
Updated KLP 'klp-2-stop-compression-at-resuscitation' -> cd28c37c1a42436c83406d98f622df0a
  ✓ Activated version: 980a7341d4c74456add7b94a0678116f
  → Recovered missing Language ID for KLP via mapping: 22e3f4588c9d4b75b6ad515cac765d4d
  ✓ Resolved KLP link 'video:/Manual removal of placenta/resuscitation' → fc745cc840ae42bf912454ffa1e9c08f
Updated KLP 'klp-3-blood-transfusion' -> 2290f5ca99cd49e2b860ba04c26771b1
  ✓ Activated version: 29f479748d684b638fde77235811ae76
  → Recovered missing Language ID for KLP via mapping: 22e3f4588c9d4b75b6ad515cac765d4d
  ✓ Resolved KLP link 'video:/Manual removal of placenta/drugs_before_removal' → d4aac7c6006940419bd4afd424b080dc
Updated KLP 'klp-2-pain-relief' -> c61e176b72de40129ec75f4f0f3959c4
  ✓ Activated version: b9c392dc4f20498b82178d61776502b8
  → Recovered missing Language ID for KLP via mapping: 22e3f4588c9d4b75b6ad515cac765d4d
  ✓ Resolved KLP link 'video:/Manual removal of placenta/drugs_before_removal' → d4aac7c6006940419bd4afd424b080dc
Updated KLP 'klp-2-pain-relief-and-aorta-compression' -> 087bfa80c8bf42478801ae319bc7aff4
  ✓ Activated version: 518297bf6dfa4f75bae425dfa2b8f0ec
  → Recovered missing Language ID for KLP via mapping: 22e3f4588c9d4b75b6ad515cac765d4d
  ✓ Resolved KLP link 'video:/Manual removal of placenta/gloves' → 42b5aa1eb526420c9280dc9420ca9136
Updated KLP 'klp-3-gloves-and-manual-removal-of-placenta' -> a013c48f8ce5475390abaf3b98b3a9b2
  ✓ Activated version: 88cc154fb0f544c1ae73596b5ba6b0e1
  → Recovered missing Language ID for KLP via mapping: 22e3f4588c9d4b75b6ad515cac765d4d
  ✓ Resolved KLP link 'video:/Manual removal of placenta/remove_the_placenta' → 388d3393dc724c1b9feb71a473987dce
Updated KLP 'klp-3-how-to-manually-remove-the-placenta' -> 7eed9458dd564192aa6aadc687afdd52
  ✓ Activated version: 9ef0f6dd8b334b52a94d5b18217929e5
  → Recovered missing Language ID for KLP via mapping: 22e3f4588c9d4b75b6ad515cac765d4d
  ✓ Resolved KLP link 'video:/Manual removal of placenta/remove_the_placenta' → 388d3393dc724c1b9feb71a473987dce
Updated KLP 'klp-2-aorta-compression-and-manual-removal' -> 914958e731ef4027bdb20f5054e0a361
  ✓ Activated version: 941cd7a0fdd7478dba4bb49173f3a035
  → Recovered missing Language ID for KLP via mapping: 22e3f4588c9d4b75b6ad515cac765d4d
  ✓ Resolved KLP link 'video:/Manual removal of placenta/remove_the_placenta' → 388d3393dc724c1b9feb71a473987dce
Updated KLP 'klp-1-right-order-for-removal-of-placenta' -> 32b500b885bc4444b6cbd6f2e2a75f3f
  ✓ Activated version: ef0bd9154e504799ae162f9c62597102
  → Recovered missing Language ID for KLP via mapping: 22e3f4588c9d4b75b6ad515cac765d4d
  ✓ Resolved KLP link 'video:/Manual removal of placenta/remove_the_placenta' → 388d3393dc724c1b9feb71a473987dce
Updated KLP 'klp-1-repeat-intrauterine-palpation' -> 868d4df64d164afdb1815b7a6dd76b32
  ✓ Activated version: ecb0d861e1b9486fbacbea7d1b2a0052
  → Recovered missing Language ID for KLP via mapping: 22e3f4588c9d4b75b6ad515cac765d4d
  ✓ Resolved KLP link 'video:/Manual removal of placenta/remove_the_placenta' → 388d3393dc724c1b9feb71a473987dce
Updated KLP 'klp-2-manual-compression-ended-aorta-compression' -> a214cdc4c9254c55abb429f2b8ac2e08
  ✓ Activated version: 0fa7dd355ccd4af39b4e82f8c03a2d96
  → Recovered missing Language ID for KLP via mapping: 22e3f4588c9d4b75b6ad515cac765d4d
  ✓ Resolved KLP link 'video:/Manual removal of placenta/monitoring' → a0e85bc09ea64c75a3be54e2aabc7312
Updated KLP 'klp-1-action-right-after-removal' -> 8c67fdd8f98043bfa80fec8089e69863
  ✓ Activated version: 1d0525de42e44d0098b9a023aa8fbed0
  → Recovered missing Language ID for KLP via mapping: 22e3f4588c9d4b75b6ad515cac765d4d
  ✓ Resolved KLP link 'video:/Manual removal of placenta/remove_the_placenta' → 388d3393dc724c1b9feb71a473987dce
Updated KLP 'klp-3-action-after-removal' -> eb01b0f033254ec19f53a118a1018de0
  ✓ Activated version: 658022157f234a59b1f36bf27cf83031
  → Recovered missing Language ID for KLP via mapping: 22e3f4588c9d4b75b6ad515cac765d4d
  ✓ Resolved KLP link 'video:/Manual removal of placenta/remove_the_placenta' → 388d3393dc724c1b9feb71a473987dce
Updated KLP 'klp-1-the-overall-action-to-control-pph' -> 9b76e4e55ad74662a81018696126bfb6
  ✓ Activated version: 3f019bfbfbe34762b27a93e203d1770c
  → Recovered missing Language ID for KLP via mapping: 22e3f4588c9d4b75b6ad515cac765d4d
  ✓ Resolved KLP link 'procedure:condom-balloon-tamponade_1490714664807' → 1019d4bc3d0146c99a70b23f045d2a77
Updated KLP 'klp-3-condom-balloon-tamponade' -> ecdb56dba39f4838aa331879e7fd7693
  ✓ Activated version: 4eaad3467dc24ab8bfc28bd25a09651e
  → Recovered missing Language ID for KLP via mapping: 22e3f4588c9d4b75b6ad515cac765d4d
Updated KLP 'klp-3-after-removal-of-placenta' -> 350c897c28be4f0988a92e92910b29c4
  ✓ Activated version: 9d99b4c357404dd78b7a1c9ca925ef75
  → Recovered missing Language ID for KLP via mapping: 22e3f4588c9d4b75b6ad515cac765d4d
  ✓ Resolved KLP link 'video:/Manual removal of placenta/drugs_after_removal' → a66a7c83411049b4beeb428a29a99548
Updated KLP 'klp-2-drug-after-removal-of-placenta' -> a7d7d870871d405083bbc37c936c433e
  ✓ Activated version: 06f9b5e202444abbba2aac5cb006a5e4
  → Recovered missing Language ID for KLP via mapping: 22e3f4588c9d4b75b6ad515cac765d4d
  ✓ Resolved KLP link 'video:/Manual removal of placenta/monitoring' → a0e85bc09ea64c75a3be54e2aabc7312
Updated KLP 'klp-1-action-right-after-removal-of-placenta' -> ff492860b62e441791a734de51599237
  ✓ Activated version: 07ec94c3acf949e385d7bb4975659726
  → Recovered missing Language ID for KLP via mapping: 22e3f4588c9d4b75b6ad515cac765d4d
  ✓ Resolved KLP link 'video:/Manual removal of placenta/monitoring' → a0e85bc09ea64c75a3be54e2aabc7312
Updated KLP 'klp-2-day-after-recommendations' -> 9a8c53a104f4435d8fd7803b84b696ca
  ✓ Activated version: 4aa11ffbca60409990062f90fa25b6f0
  → Recovered missing Language ID for KLP via mapping: 22e3f4588c9d4b75b6ad515cac765d4d
  ✓ Resolved KLP link 'action-card:emergency-referral_1490716065855' → 317a6c7f928c462089bdee8f33d35fff
Updated KLP 'klp-1-refer-manual-removal' -> 927b1fa9257347b4856ee21d06600063
  ✓ Activated version: 5af7b000f4c34f62985e5ebd2645b576
  → Recovered missing Language ID for KLP via mapping: 22e3f4588c9d4b75b6ad515cac765d4d
  ✓ Resolved KLP link 'video:/Maternal sepsis/intro' → 6201cc04dc7a4bcf909daf666626338a
Updated KLP 'klp-1-meaning-of-sepsis' -> 5175f112ce0048e9a553d6a92dfb5542
  ✓ Activated version: 921bc16b21074a679a8150dc7fed1c0d
  → Recovered missing Language ID for KLP via mapping: 22e3f4588c9d4b75b6ad515cac765d4d
  ✓ Resolved KLP link 'video:/Maternal sepsis/how_to_diagnose_definitions' → 7fcabd3d5772487e85c6f8382262b8ae
Updated KLP 'klp-1-diagnose-sepsis' -> 2185207c582d4bdabe282d16421d10bb
  ✓ Activated version: 6e2bbd55fc65455987dcfe103aa35ef1
  → Recovered missing Language ID for KLP via mapping: 22e3f4588c9d4b75b6ad515cac765d4d
  ✓ Resolved KLP link 'video:/Maternal sepsis/how_to_diagnose_definitions' → 7fcabd3d5772487e85c6f8382262b8ae
Updated KLP 'klp-1-septic-shock' -> 77e66c4f2c0a45099bfe06e2fef1259e
  ✓ Activated version: 5e519a889d9d4a4ea248ef4164102b26
  → Recovered missing Language ID for KLP via mapping: 22e3f4588c9d4b75b6ad515cac765d4d
  ✓ Resolved KLP link 'video:/Maternal sepsis/how_to_diagnose_definitions' → 7fcabd3d5772487e85c6f8382262b8ae
Updated KLP 'klp-1-vital-signs' -> 9618775b348a4a759cfd5e915d5761e4
  ✓ Activated version: d316f01796174068bae7ec4bdec9bb28
  → Recovered missing Language ID for KLP via mapping: 22e3f4588c9d4b75b6ad515cac765d4d
  ✓ Resolved KLP link 'video:/Maternal sepsis/following_management' → 3ac0c22b7f9d450e8bec5d85baa4ee78
Updated KLP 'klp-2-importance-of-fluid-management' -> 8627a7fd4e4742429bd3339e0175dea1
  ✓ Activated version: 70e47beb8d15474eb2f888d66357c245
  → Recovered missing Language ID for KLP via mapping: 22e3f4588c9d4b75b6ad515cac765d4d
  ✓ Resolved KLP link 'video:/Active management of third stage labour/controlled_cord_traction' → 6a0b33ceb7484a52aa11bc30d30c8b03
Updated KLP 'klp-2-assessment-of-fluid-balance' -> 8ab2be40228c401b991b9c53e9123e83
  ✓ Activated version: f5316460313644069b89c8f08f1ffdfb
  → Recovered missing Language ID for KLP via mapping: 22e3f4588c9d4b75b6ad515cac765d4d
  ✓ Resolved KLP link 'video:/Maternal sepsis/following_management' → 3ac0c22b7f9d450e8bec5d85baa4ee78
Updated KLP 'klp-2-fluid-balance-be-calculated' -> 866397518c8f4aebb37e08ad375d1478
  ✓ Activated version: 45afadc4276f47ce861e08503aecf808
  → Recovered missing Language ID for KLP via mapping: 22e3f4588c9d4b75b6ad515cac765d4d
  ⚠ Ambiguous action-card link 'action-card:following-management_1486840964786', 2 suffix matches: ['res-action-card-post-abortion-care-following-management', 'res-action-card-maternal-sepsis-following-management']. Using first.
  ✓ Resolved KLP link 'action-card:following-management_1486840964786' → adaf3c1078af44859721fa42ec6921f9
Updated KLP 'klp-2-fluid-balance-be' -> 9ab80ea0ce7c451eadf9ec89726af9fc
  ✓ Activated version: 8395d41c128f4fdc82165945348200fe
  → Recovered missing Language ID for KLP via mapping: 22e3f4588c9d4b75b6ad515cac765d4d
  ✓ Resolved KLP link 'video:/Maternal sepsis/following_management' → 3ac0c22b7f9d450e8bec5d85baa4ee78
Updated KLP 'klp-2-in-case-of-a-septic-shock-it-should-be-calculated-each-hour' -> afd77dbc146443239ff221f910c69e94
  ✓ Activated version: 5d6d7f78b6824026a7c657a0ee72ba16
  → Recovered missing Language ID for KLP via mapping: 22e3f4588c9d4b75b6ad515cac765d4d
  ✓ Resolved KLP link 'video:/Maternal sepsis/intro' → 6201cc04dc7a4bcf909daf666626338a
Updated KLP 'klp-2-complications-to-sepsis' -> 5ef8bd6f0bb14904a296ce7eaa22656c
  ✓ Activated version: c9a70c5e985a400fa33c0fb705b497c2
  → Recovered missing Language ID for KLP via mapping: 22e3f4588c9d4b75b6ad515cac765d4d
  ✓ Resolved KLP link 'video:/Maternal sepsis/how_to_manage' → 1c0e42de431a4e94bbef9804e6836f01
Updated KLP 'klp-1-initial-management' -> 49554ab2f2d3434aabdb6fa635107db5
  ✓ Activated version: bf6f46bce2b346ea89f3c7a3fe21e527
  → Recovered missing Language ID for KLP via mapping: 22e3f4588c9d4b75b6ad515cac765d4d
  ✓ Resolved KLP link 'video:/Maternal sepsis/how_to_manage' → 1c0e42de431a4e94bbef9804e6836f01
Updated KLP 'klp-2-circulation' -> 6ae99c7b5f0f42c0ae29b0b6283e2081
  ✓ Activated version: 07ace44877d145db8a927d79674fd91d
  → Recovered missing Language ID for KLP via mapping: 22e3f4588c9d4b75b6ad515cac765d4d
  ✓ Resolved KLP link 'video:/Maternal sepsis/how_to_manage' → 1c0e42de431a4e94bbef9804e6836f01
Updated KLP 'klp-3-drugs' -> 8a614f4290fc4e8bb4a4a8c50daae791
  ✓ Activated version: 1e8618574eeb4814abd52522a307f4bd
  → Recovered missing Language ID for KLP via mapping: 22e3f4588c9d4b75b6ad515cac765d4d
  ✓ Resolved KLP link 'video:/Maternal sepsis/how_to_manage' → 1c0e42de431a4e94bbef9804e6836f01
Updated KLP 'klp-3-ampicillin-sepsis' -> ab888682a418422a8c881e5999fabd9f
  ✓ Activated version: 486c9685605f40c69b1c562e81dda4ae
  → Recovered missing Language ID for KLP via mapping: 22e3f4588c9d4b75b6ad515cac765d4d
  ✓ Resolved KLP link 'video:/Maternal sepsis/how_to_manage' → 1c0e42de431a4e94bbef9804e6836f01
Updated KLP 'klp-3-gentamicin' -> 4fe0d4304e6f4f30ae3338c439be66db
  ✓ Activated version: 5b7a479dad7a40aaa6ed6734e4d5197f
  → Recovered missing Language ID for KLP via mapping: 22e3f4588c9d4b75b6ad515cac765d4d
  ✓ Resolved KLP link 'video:/Maternal sepsis/how_to_manage' → 1c0e42de431a4e94bbef9804e6836f01
Updated KLP 'klp-3-metronidazole' -> 9dc2f05e344547658d26130bcf941c5b
  ✓ Activated version: 29f22cef2c3241959f6db374102f660d
  → Recovered missing Language ID for KLP via mapping: 22e3f4588c9d4b75b6ad515cac765d4d
  ✓ Resolved KLP link 'drug:ceftriaxone_1487080443380' → f9c06be97a3c467088cb60483edf973d
Updated KLP 'klp-3-ceftriaxone' -> 49d531d78d9f41a2b584fac38007e75d
  ✓ Activated version: eb01d26f4f0341d5ab3b667ff33d53cf
  → Recovered missing Language ID for KLP via mapping: 22e3f4588c9d4b75b6ad515cac765d4d
  ✓ Resolved KLP link 'drug:tetracycline_1505122257639' → b3ede20658414376aa0290b795714734
Updated KLP 'klp-3-tetracycline' -> 0ee6a8addf8b4cd0822b45b0f73b605d
  ✓ Activated version: 49db532089374f85809983e22bfabc9b
  → Recovered missing Language ID for KLP via mapping: 22e3f4588c9d4b75b6ad515cac765d4d
  ✓ Resolved KLP link 'drug:chloramphenicol_1487097224306' → 0b162e3b7424405489bd287bcc2ec3de
Updated KLP 'klp-3-chloramphenicol' -> d9568d1d8f224be09e63f993e273a40e
  ✓ Activated version: 716ac68662ee4c7ea8dc4c736f56e8fa
  → Recovered missing Language ID for KLP via mapping: 22e3f4588c9d4b75b6ad515cac765d4d
  ✓ Resolved KLP link 'video:/Maternal sepsis/origin_of_infection' → 4a39902cca674bb58b241f2b307175cb
Updated KLP 'klp-2-malaria' -> 56b0a0fb5d4242e6a2e2035b635d6af4
  ✓ Activated version: a3301646d6b94aaebe62beaeb48b0cca
  → Recovered missing Language ID for KLP via mapping: 22e3f4588c9d4b75b6ad515cac765d4d
  ✓ Resolved KLP link 'video:/Maternal sepsis/origin_of_infection' → 4a39902cca674bb58b241f2b307175cb
Updated KLP 'klp-3-malaria-drugs' -> d3292b0e8249480cb70ce412657fe8c6
  ✓ Activated version: c0676314dad149f8a773b0b0cf1b38d8
  → Recovered missing Language ID for KLP via mapping: 22e3f4588c9d4b75b6ad515cac765d4d
  ✓ Resolved KLP link 'drug:artesunate_1487078838130' → a77b770a890840ea83822337e8f75f96
Updated KLP 'klp-3-artesunate' -> 1e92611a000e4fa0bf4957c6a5e78641
  ✓ Activated version: 4616b488aaa343c3847ce1cc58035e4d
  → Recovered missing Language ID for KLP via mapping: 22e3f4588c9d4b75b6ad515cac765d4d
  ✓ Resolved KLP link 'drug:quinine_1487158788622' → 6c50f9ca2bfc47a49da29a45f465d130
Updated KLP 'klp-3-quinine' -> 011c74d7d850402ebb3640afbee7624c
  ✓ Activated version: 9610da5ac2f44868a23f01d52dd492e7
  → Recovered missing Language ID for KLP via mapping: 22e3f4588c9d4b75b6ad515cac765d4d
  ✓ Resolved KLP link 'drug:artesunate_1487078838130' → a77b770a890840ea83822337e8f75f96
Updated KLP 'klp-3-dosage-artesunate' -> 87aab23189c04b4dafcacbf52e911cbb
  ✓ Activated version: edab29b0dcdc40329f83c248153ce9e3
  → Recovered missing Language ID for KLP via mapping: 22e3f4588c9d4b75b6ad515cac765d4d
  ✓ Resolved KLP link 'drug:quinine_1487158788622' → 6c50f9ca2bfc47a49da29a45f465d130
Updated KLP 'klp-3-dosage-quinine' -> ffb9f309fc5d40d1a7080d0f19cd0b2c
  ✓ Activated version: 1b5ec9d2e9ac40dda589a95d2fce23d0
  → Recovered missing Language ID for KLP via mapping: 22e3f4588c9d4b75b6ad515cac765d4d
  ✓ Resolved KLP link 'video:/Maternal sepsis/origin_of_infection' → 4a39902cca674bb58b241f2b307175cb
Updated KLP 'klp-1-the-6-ws' -> 82b55b928e764ba5b0b62b9ba72a756f
  ✓ Activated version: ad0557d56a214d25b58c5b8f3910529c
  → Recovered missing Language ID for KLP via mapping: 22e3f4588c9d4b75b6ad515cac765d4d
  ✓ Resolved KLP link 'video:/Maternal sepsis/origin_of_infection' → 4a39902cca674bb58b241f2b307175cb
Updated KLP 'klp-1-the-6-ws-continue' -> ff31f596a8a640f99c4190df480f2381
  ✓ Activated version: 6918e61158d548fe82914513039ea8a0
  → Recovered missing Language ID for KLP via mapping: 22e3f4588c9d4b75b6ad515cac765d4d
  ✓ Resolved action-card link 'action-card:identify-cause_1486841405518' via suffix match → res-action-card-maternal-sepsis-identify-cause
  ✓ Resolved KLP link 'action-card:identify-cause_1486841405518' → d35c7a27f7294b12864eb6ea3f3be107
Updated KLP 'klp-2-chorioamnionitis' -> a6bd5e3df0c24a468f221f0b3d2336b3
  ✓ Activated version: f3ad89fcdb9c46f1b5eb431aba8e27c4
  → Recovered missing Language ID for KLP via mapping: 22e3f4588c9d4b75b6ad515cac765d4d
  ✓ Resolved action-card link 'action-card:identify-cause_1486841405518' via suffix match → res-action-card-maternal-sepsis-identify-cause
  ✓ Resolved KLP link 'action-card:identify-cause_1486841405518' → d35c7a27f7294b12864eb6ea3f3be107
Updated KLP 'klp-2-endometritis' -> 7e5423138d05411aa0753597395f5f85
  ✓ Activated version: e3a9003317e645e0a7d37e6534cc5e6b
  → Recovered missing Language ID for KLP via mapping: 22e3f4588c9d4b75b6ad515cac765d4d
  ✓ Resolved KLP link 'video:/Maternal sepsis/origin_of_infection' → 4a39902cca674bb58b241f2b307175cb
Updated KLP 'klp-1-treatment-for-chorioamnionitis' -> caea1040f1cf4ba8bed4b46074dc4755
  ✓ Activated version: bbf3f5b47885400a9b20c7591dc34855
  → Recovered missing Language ID for KLP via mapping: 22e3f4588c9d4b75b6ad515cac765d4d
  ✓ Resolved KLP link 'video:/Maternal sepsis/origin_of_infection' → 4a39902cca674bb58b241f2b307175cb
Updated KLP 'klp-1-treatment-for-endometritis' -> 2212a100c1154f8c996aeed001395f67
  ✓ Activated version: 910d3f8e7a04461e9417c7bd85e2aefd
  → Recovered missing Language ID for KLP via mapping: 22e3f4588c9d4b75b6ad515cac765d4d
  ✓ Resolved KLP link 'video:/Maternal sepsis/origin_of_infection' → 4a39902cca674bb58b241f2b307175cb
Updated KLP 'klp-2-endometritis-and-no-effect-of-ab' -> c98c2aa9be494f3098ab8f9ec38b5667
  ✓ Activated version: c518846b7a624af6bc89f2814840d201
  → Recovered missing Language ID for KLP via mapping: 22e3f4588c9d4b75b6ad515cac765d4d
Updated KLP 'klp-1-mastitis' -> a94b459023584625a81d16ed9cc8ffa9
  ✓ Activated version: 90ffa5e3f97e43cfb8cfe94f6e65be35
  → Recovered missing Language ID for KLP via mapping: 22e3f4588c9d4b75b6ad515cac765d4d
  ✓ Resolved KLP link 'video:/Maternal sepsis/origin_of_infection' → 4a39902cca674bb58b241f2b307175cb
Updated KLP 'klp-1-breast-abscess' -> dc35e018cbfa44d0a39ecdc03062b813
  ✓ Activated version: 7704f34a36634333acccd2bc6ab58f10
  → Recovered missing Language ID for KLP via mapping: 22e3f4588c9d4b75b6ad515cac765d4d
  ✓ Resolved KLP link 'video:/Maternal sepsis/origin_of_infection' → 4a39902cca674bb58b241f2b307175cb
Updated KLP 'klp-1-wound-infections' -> 58e96142f7944bb48a7a632cc7c420a2
  ✓ Activated version: 809aea6a26794e718bb9e6da3d5485de
  → Recovered missing Language ID for KLP via mapping: 22e3f4588c9d4b75b6ad515cac765d4d
  ✓ Resolved KLP link 'video:/Maternal sepsis/origin_of_infection' → 4a39902cca674bb58b241f2b307175cb
Updated KLP 'klp-2-other-causes-of-infection' -> b83d2276a11e4f65973ec9ea90ed2097
  ✓ Activated version: 4315c773c79d433d99f5a584501ca7a0
  → Recovered missing Language ID for KLP via mapping: 22e3f4588c9d4b75b6ad515cac765d4d
  ✓ Resolved KLP link 'video:/Neonatal resuscitation/intro' → 6201cc04dc7a4bcf909daf666626338a
Updated KLP 'klp-1-adequate-breathing' -> 6650e6e7dd244d118434450997365fe3
  ✓ Activated version: aea651571273458cac0aa95514e64faf
  → Recovered missing Language ID for KLP via mapping: 22e3f4588c9d4b75b6ad515cac765d4d
  ✓ Resolved KLP link 'video:/Neonatal resuscitation/intro' → 6201cc04dc7a4bcf909daf666626338a
Updated KLP 'klp-1-golden-minute' -> dd2bc3963e484f958d3f0bfb0e6828db
  ✓ Activated version: 493122640311401eaf79d58e09f0e4b7
  → Recovered missing Language ID for KLP via mapping: 22e3f4588c9d4b75b6ad515cac765d4d
  ✓ Resolved KLP link 'video:/Neonatal resuscitation/assess_the_newborn' → eedab7ed130f4cc188756632bd13a742
Updated KLP 'klp-1-assess-the-newborn-after-birth' -> a8d5822b0b154f1b9e2cd8a44e6ed573
  ✓ Activated version: d857512b5159496db41a5ba435af0dba
  → Recovered missing Language ID for KLP via mapping: 22e3f4588c9d4b75b6ad515cac765d4d
  ✓ Resolved KLP link 'video:/Neonatal resuscitation/assess_the_newborn' → eedab7ed130f4cc188756632bd13a742
Updated KLP 'klp-2-skin-to-the-mother' -> 1fe3fec643ce47dda66d9b76d47250cd
  ✓ Activated version: 3d9997a4c4a5421485f32e085300d287
  → Recovered missing Language ID for KLP via mapping: 22e3f4588c9d4b75b6ad515cac765d4d
  ✓ Resolved KLP link 'video:/Neonatal resuscitation/assess_the_newborn' → eedab7ed130f4cc188756632bd13a742
Updated KLP 'klp-2-first-step' -> 4979d043cb644143a9932f444ae5b195
  ✓ Activated version: 154c66f5476841a4980fd7a109de046c
  → Recovered missing Language ID for KLP via mapping: 22e3f4588c9d4b75b6ad515cac765d4d
  ✓ Resolved KLP link 'video:/Neonatal resuscitation/assess_the_newborn' → eedab7ed130f4cc188756632bd13a742
Updated KLP 'klp-2-meconium-suction' -> 0ca9b9aaa7a2498c96d95fc299118672
  ✓ Activated version: 8df2b2edc2174d40a32c40e85a57f015
  → Recovered missing Language ID for KLP via mapping: 22e3f4588c9d4b75b6ad515cac765d4d
  ✓ Resolved KLP link 'video:/Neonatal resuscitation/assess_the_newborn' → eedab7ed130f4cc188756632bd13a742
Updated KLP 'klp-3-correct-order-suction' -> ac1c3a4868604a6aa3a9cc9895c39bb2
  ✓ Activated version: 7c0258145e3d400db2c10a511f40520d
  → Recovered missing Language ID for KLP via mapping: 22e3f4588c9d4b75b6ad515cac765d4d
  ✓ Resolved KLP link 'video:/Neonatal resuscitation/assess_the_newborn' → eedab7ed130f4cc188756632bd13a742
Updated KLP 'klp-2-stimulation-the-newborn' -> 7dfc055786e34cd3b945e2c8fa4d9ff2
  ✓ Activated version: ae88a675b0694e1f9ed444b9c40a90de
  → Recovered missing Language ID for KLP via mapping: 22e3f4588c9d4b75b6ad515cac765d4d
  ✓ Resolved KLP link 'video:/Neonatal resuscitation/assess_the_newborn' → eedab7ed130f4cc188756632bd13a742
Updated KLP 'klp-2-newborn-is-not-breathing-well' -> 55ebcdaa2abc4b60a92d916829d6fb7f
  ✓ Activated version: b0961f40f1f64a64ba3bf8094b137ae2
  → Recovered missing Language ID for KLP via mapping: 22e3f4588c9d4b75b6ad515cac765d4d
  ✓ Resolved KLP link 'video:/Neonatal resuscitation/assess_the_newborn' → eedab7ed130f4cc188756632bd13a742
Updated KLP 'klp-1-when-to-resuscitate' -> 6357637fc73c4fb6b3e4d44519d53748
  ✓ Activated version: 6834327ac37347979deff270df880fce
  → Recovered missing Language ID for KLP via mapping: 22e3f4588c9d4b75b6ad515cac765d4d
  ✓ Resolved KLP link 'video:/Neonatal resuscitation/airway' → 2621196bbbfd4da3b4feb5df340ae362
Updated KLP 'klp-3-airway-call-for-help' -> 5f9d3bc946324680aefa06b51e563f29
  ✓ Activated version: f827c895613849d9b03f7ead48d4e857
  → Recovered missing Language ID for KLP via mapping: 22e3f4588c9d4b75b6ad515cac765d4d
  ✓ Resolved KLP link 'video:/Neonatal resuscitation/airway' → 2621196bbbfd4da3b4feb5df340ae362
Updated KLP 'klp-2-airway-position-of-head' -> dce1f4bd46bf45028794743c3a0d24d1
  ✓ Activated version: 97f868bddbcb4fff95d626c23f3b03ca
  → Recovered missing Language ID for KLP via mapping: 22e3f4588c9d4b75b6ad515cac765d4d
  ✓ Resolved KLP link 'video:/Neonatal resuscitation/airway' → 2621196bbbfd4da3b4feb5df340ae362
Updated KLP 'klp-1-airway-position-of-mask' -> 203795a439644e9cb59843baff390ba8
  ✓ Activated version: 439f758704874741a6ec9406b43fbb68
  → Recovered missing Language ID for KLP via mapping: 22e3f4588c9d4b75b6ad515cac765d4d
  ✓ Resolved KLP link 'video:/Neonatal resuscitation/airway' → 2621196bbbfd4da3b4feb5df340ae362
Updated KLP 'klp-1-airway-effective-ventilation' -> c976d4f088ef42a78c8379e198e85da2
  ✓ Activated version: 2260e1656b434676a9ded80e5f1ffbde
  → Recovered missing Language ID for KLP via mapping: 22e3f4588c9d4b75b6ad515cac765d4d
  ✓ Resolved KLP link 'video:/Neonatal resuscitation/airway' → 2621196bbbfd4da3b4feb5df340ae362
Updated KLP 'klp-2-number-of-inflation-breaths' -> 5d5442666c7c41b396af6c981a54bfba
  ✓ Activated version: 93427a18c4ae45b5b6f7cf3531952d7d
  → Recovered missing Language ID for KLP via mapping: 22e3f4588c9d4b75b6ad515cac765d4d
  ✓ Resolved KLP link 'video:/Neonatal resuscitation/airway' → 2621196bbbfd4da3b4feb5df340ae362
Updated KLP 'klp-3-jaw-thrust' -> 0cc22b37d2de4645a1078c31c7ea8204
  ✓ Activated version: 3cc7dcd2495448298d24500db1dc2758
  → Recovered missing Language ID for KLP via mapping: 22e3f4588c9d4b75b6ad515cac765d4d
  ✓ Resolved KLP link 'video:/Neonatal resuscitation/airway' → 2621196bbbfd4da3b4feb5df340ae362
Updated KLP 'klp-2-if-no-chest-movements' -> 8e8445f22afa4f3f9417894f28983064
  ✓ Activated version: 223e38b0ab444351a48cce5aac949183
  → Recovered missing Language ID for KLP via mapping: 22e3f4588c9d4b75b6ad515cac765d4d
  ✓ Resolved KLP link 'video:/Neonatal resuscitation/airway' → 2621196bbbfd4da3b4feb5df340ae362
Updated KLP 'klp-2-inflation-breaths' -> ba1880d49e694bdabcf0bc97415a78a4
  ✓ Activated version: f2b7612fe8464d6a85f6168dea7e0005
  → Recovered missing Language ID for KLP via mapping: 22e3f4588c9d4b75b6ad515cac765d4d
  ✓ Resolved KLP link 'video:/Neonatal resuscitation/breathing' → 2d8c8be600ea4d6896c60424d2ace842
  ✓ Resolved KLP link 'video:/Neonatal resuscitation/breathing' → 2d8c8be600ea4d6896c60424d2ace842
Updated KLP 'klp-2-ventilation-breath' -> e57818ebb75b440d9662b53201785c85
  ✓ Activated version: 0b1c59d328fa4117af53d57dbba50f2b
  → Recovered missing Language ID for KLP via mapping: 22e3f4588c9d4b75b6ad515cac765d4d
  ✓ Resolved KLP link 'video:/Neonatal resuscitation/breathing' → 2d8c8be600ea4d6896c60424d2ace842
Updated KLP 'klp-1-not-breathing-well' -> 5cda78536b0e4905803d90ffea2fc388
  ✓ Activated version: 2dbf634b4aac4465b5c95d39cdbbf0e0
  → Recovered missing Language ID for KLP via mapping: 22e3f4588c9d4b75b6ad515cac765d4d
  ✓ Resolved KLP link 'video:/Neonatal resuscitation/breathing' → 2d8c8be600ea4d6896c60424d2ace842
Updated KLP 'klp-1-continue-ventilation-breaths' -> 1bfb285cb6824b4d956f907e2d489357
  ✓ Activated version: 116b0dee76ba48318297c527aecfd61c
  → Recovered missing Language ID for KLP via mapping: 22e3f4588c9d4b75b6ad515cac765d4d
  ✓ Resolved KLP link 'video:/Neonatal resuscitation/breathing' → 2d8c8be600ea4d6896c60424d2ace842
Updated KLP 'klp-1-most-important-ventilation-breaths' -> 9e3015e680494b7cb83b08b620e4f41e
  ✓ Activated version: 7e10e67b947646d0ae6eb46eac431744
  → Recovered missing Language ID for KLP via mapping: 22e3f4588c9d4b75b6ad515cac765d4d
  ✓ Resolved KLP link 'video:/Neonatal resuscitation/breathing' → 2d8c8be600ea4d6896c60424d2ace842
Updated KLP 'klp-3-rhythm-ventilation-breaths' -> 18f8514f0b104cda8d7f32b33794fdee
  ✓ Activated version: 5bcbc58412184ec4bc44373c9d98691f
  → Recovered missing Language ID for KLP via mapping: 22e3f4588c9d4b75b6ad515cac765d4d
  ✓ Resolved KLP link 'video:/Neonatal resuscitation/breathing' → 2d8c8be600ea4d6896c60424d2ace842
Updated KLP 'klp-3-good-ventilation' -> 8153071735fb4e87b122807bea0628fc
  ✓ Activated version: d0928bd7d2a54a2999779fe6dd691d84
  → Recovered missing Language ID for KLP via mapping: 22e3f4588c9d4b75b6ad515cac765d4d
  ✓ Resolved KLP link 'video:/Neonatal resuscitation/breathing' → 2d8c8be600ea4d6896c60424d2ace842
Updated KLP 'klp-3-breathing-assessment2' -> 189d4bc464124b67b0cd95385c1e8d9d
  ✓ Activated version: 8d88bc9592b44d4cb991e9496ef99004
  → Recovered missing Language ID for KLP via mapping: 22e3f4588c9d4b75b6ad515cac765d4d
  ✓ Resolved KLP link 'video:/Neonatal resuscitation/breathing' → 2d8c8be600ea4d6896c60424d2ace842
Updated KLP 'klp-1-breathing-assessment1' -> 83779dadc59648018fea054db02607c6
  ✓ Activated version: 5290172fc5ff4947b201c9a9f3d30130
  → Recovered missing Language ID for KLP via mapping: 22e3f4588c9d4b75b6ad515cac765d4d
  ✓ Resolved KLP link 'video:/Neonatal resuscitation/breathing' → 2d8c8be600ea4d6896c60424d2ace842
Updated KLP 'klp-1-breathing-assessment-continued' -> 488c9b6bb37943d39c6c91f606f6c8b3
  ✓ Activated version: 89ed8db0f9cc4d09a5f4170196acc514
  → Recovered missing Language ID for KLP via mapping: 22e3f4588c9d4b75b6ad515cac765d4d
  ✓ Resolved KLP link 'video:/Neonatal resuscitation/monitoring' → a0e85bc09ea64c75a3be54e2aabc7312
Updated KLP 'klp-3-action-if-breathing-well' -> 306ffda712d64e198e243c26c7022112
  ✓ Activated version: 02f594da96054ea4956dcb2c58f8502d
  → Recovered missing Language ID for KLP via mapping: 22e3f4588c9d4b75b6ad515cac765d4d
  ✓ Resolved KLP link 'video:/Neonatal resuscitation/breathing' → 2d8c8be600ea4d6896c60424d2ace842
Updated KLP 'klp-3-nr-give-oxygen' -> 198649a0bf714fe9b87408645a3c690e
  ✓ Activated version: e29a1d5a70f543e4a81789c2ac4a5004
  → Recovered missing Language ID for KLP via mapping: 22e3f4588c9d4b75b6ad515cac765d4d
  ✓ Resolved KLP link 'video:/Neonatal resuscitation/when_to_stop_resuscitation' → 941f52e6569a4d04b6517a91cbf78c20
Updated KLP 'klp-2-when-to-stop' -> b7d4f8f159e7451ba5abeda03d8da005
  ✓ Activated version: f74952069a5844d6a7e283f6e5e21303
  → Recovered missing Language ID for KLP via mapping: 22e3f4588c9d4b75b6ad515cac765d4d
  ✓ Resolved KLP link 'video:/Neonatal resuscitation/when_to_stop_resuscitation' → 941f52e6569a4d04b6517a91cbf78c20
Updated KLP 'klp-3-resuscitation-stop-next' -> eee1d91e86e64cd280df3613e6cf7542
  ✓ Activated version: fa4096deddcf4a8d8cb1bb10ed9f80ab
  → Recovered missing Language ID for KLP via mapping: 22e3f4588c9d4b75b6ad515cac765d4d
  ✓ Resolved KLP link 'video:/Neonatal resuscitation/monitoring' → a0e85bc09ea64c75a3be54e2aabc7312
Updated KLP 'klp-1-skin-to-skin-and-breastfeeding' -> b04cb5147c35405eb4c78c56e7578f50
  ✓ Activated version: b4b248b618ab4a0d81f8ef9dcd9d7894
  → Recovered missing Language ID for KLP via mapping: 22e3f4588c9d4b75b6ad515cac765d4d
  ✓ Resolved KLP link 'video:/Neonatal resuscitation/monitoring' → a0e85bc09ea64c75a3be54e2aabc7312
Updated KLP 'klp-3-monitoring' -> 412557d88ecc4b9c98821ba3d483f818
  ✓ Activated version: c2502ee4766f4b0789524c17874800b0
  → Recovered missing Language ID for KLP via mapping: 22e3f4588c9d4b75b6ad515cac765d4d
  ✓ Resolved KLP link 'video:/Neonatal resuscitation/monitoring' → a0e85bc09ea64c75a3be54e2aabc7312
Updated KLP 'klp-3-low-birth-weight-and-resuscitation' -> 8f791a2b119a4808b6f1222fcbcf0132
  ✓ Activated version: 181c2d87580445aca6ff0ac1c54d5d63
  → Recovered missing Language ID for KLP via mapping: 22e3f4588c9d4b75b6ad515cac765d4d
  ✓ Resolved KLP link 'video:/Neonatal resuscitation/monitoring' → a0e85bc09ea64c75a3be54e2aabc7312
Updated KLP 'klp-3-challenge-low-birth-weight' -> cf3f4ecda5ee492a9ca3114eddf79a3a
  ✓ Activated version: 8065509bc98640c48a10b99a8df29604
  → Recovered missing Language ID for KLP via mapping: 22e3f4588c9d4b75b6ad515cac765d4d
  ✓ Resolved KLP link 'video:/Neonatal resuscitation/airway' → 2621196bbbfd4da3b4feb5df340ae362
Updated KLP 'klp-2-successful-inflation-breaths' -> 88e5c63323674861b17f2a9c1ce0ce01
  ✓ Activated version: 4ffd367b292140938914c02be5ee6942
  → Recovered missing Language ID for KLP via mapping: 22e3f4588c9d4b75b6ad515cac765d4d
  ✓ Resolved KLP link 'video:/Newborn management/intro' → 6201cc04dc7a4bcf909daf666626338a
  ✓ Resolved KLP link 'video:/Newborn management/intro' → 6201cc04dc7a4bcf909daf666626338a
Updated KLP 'klp-1-common-causes-of-newborn-death' -> d992b9ff7b004cd2a102854bf56bd785
  ✓ Activated version: 89d577afc9184f45a29213e63af8e0f1
  → Recovered missing Language ID for KLP via mapping: 22e3f4588c9d4b75b6ad515cac765d4d
  ✓ Resolved KLP link 'video:/Newborn management/intro' → 6201cc04dc7a4bcf909daf666626338a
Updated KLP 'klp-2-death-in-first-week' -> 897e8b4b25bb4f57bdb10522ad47bc15
  ✓ Activated version: bad7f8d16b384a54a4e631874421ec7d
  → Recovered missing Language ID for KLP via mapping: 22e3f4588c9d4b75b6ad515cac765d4d
  ✓ Resolved KLP link 'video:/Newborn management/prevention' → b0dca36b2c3f42a1b88130e66675d9a1
  ✓ Resolved KLP link 'drug:betamethasone_1487080183154' → 68ad36d39eff4e28b00df56e3c8d0ee1
Updated KLP 'klp-3-prevent-respiratory-distress-preterm' -> 98113058c13843968cdb3aceb442ac75
  ✓ Activated version: 942f545268fd40dd8954e4bb71a6bf92
  → Recovered missing Language ID for KLP via mapping: 22e3f4588c9d4b75b6ad515cac765d4d
  ✓ Resolved KLP link 'video:/Newborn management/prevention' → b0dca36b2c3f42a1b88130e66675d9a1
Updated KLP 'klp-2-risk-factors-infection-newborn' -> e9fa67d71fff45ea9cb8118a94a28958
  ✓ Activated version: b83a60f468194fa1a1ec7ddc3d053fc9
  → Recovered missing Language ID for KLP via mapping: 22e3f4588c9d4b75b6ad515cac765d4d
  ✓ Resolved KLP link 'video:/Newborn management/prevention' → b0dca36b2c3f42a1b88130e66675d9a1
Updated KLP 'klp-1-prevent-newborn-infections' -> c74d0943d1934806aa06f8649f331473
  ✓ Activated version: c7a56fe23d31455b90dc1daf0ad71e47
  → Recovered missing Language ID for KLP via mapping: 22e3f4588c9d4b75b6ad515cac765d4d
  ✓ Resolved KLP link 'video:/Newborn management/prevention' → b0dca36b2c3f42a1b88130e66675d9a1
  ✓ Resolved KLP link 'video:/Newborn management/prevention' → b0dca36b2c3f42a1b88130e66675d9a1
Updated KLP 'klp-3-ab-to-newborn' -> 1d39461cbedc4f60828ad4be9c0f902c
  ✓ Activated version: 1c72c4cd6d5c497abc66d45d17e7ae61
  → Recovered missing Language ID for KLP via mapping: 22e3f4588c9d4b75b6ad515cac765d4d
  ✓ Resolved KLP link 'video:/Newborn management/prevention' → b0dca36b2c3f42a1b88130e66675d9a1
  ✓ Resolved KLP link 'video:/Newborn management/prevention' → b0dca36b2c3f42a1b88130e66675d9a1
Updated KLP 'klp-2-risk-and-action-after-resuscitation' -> 3391f6f56dd04ed197000bb7cfc82f7d
  ✓ Activated version: 129374ef6b794000a1a16b5cc559a36d
  → Recovered missing Language ID for KLP via mapping: 22e3f4588c9d4b75b6ad515cac765d4d
  ✓ Resolved KLP link 'video:/Newborn management/prevention' → b0dca36b2c3f42a1b88130e66675d9a1
Updated KLP 'klp-2-early-feeding' -> 49e42be0c41c4f19903698eadce01d2f
  ✓ Activated version: 89594abff49f454ea5205990ba7827d2
  → Recovered missing Language ID for KLP via mapping: 22e3f4588c9d4b75b6ad515cac765d4d
  ✓ Resolved KLP link 'video:/Newborn management/initial_care_of_the_newborn' → 2dd8762a05e3437a9071ad6b4688b4b4
Updated KLP 'klp-2-initial-care-of-the-newborn' -> 9c201c9ffc57427dbd39a2a89de25863
  ✓ Activated version: e7aa8aed021b42e293b8b46d8e4d3168
  → Recovered missing Language ID for KLP via mapping: 22e3f4588c9d4b75b6ad515cac765d4d
  ✓ Resolved KLP link 'video:/Newborn management/initial_care_of_the_newborn' → 2dd8762a05e3437a9071ad6b4688b4b4
Updated KLP 'klp-1-initial-care-of-the-newborn-actions' -> 68b1af5d74a242adafa1586b448a2b66
  ✓ Activated version: e73635e2865f436783fc41676a7bacae
  → Recovered missing Language ID for KLP via mapping: 22e3f4588c9d4b75b6ad515cac765d4d
  ✓ Resolved KLP link 'video:/Newborn management/initial_care_of_the_newborn' → 2dd8762a05e3437a9071ad6b4688b4b4
Updated KLP 'klp-1-not-crying-or-breathing-well' -> 5dc004f7c8d14fe5a2b2f5b20367369d
  ✓ Activated version: 494a515fbc2247fca4b26f2e18001279
  → Recovered missing Language ID for KLP via mapping: 22e3f4588c9d4b75b6ad515cac765d4d
  ✓ Resolved KLP link 'video:/Newborn management/initial_care_of_the_newborn' → 2dd8762a05e3437a9071ad6b4688b4b4
Updated KLP 'klp-3-initial-care-of-lbw' -> 4f97ae6e69974020b47a7fa5e2ad7918
  ✓ Activated version: dd8f52ef7c6b4f2c8ce3f3ff3bbaef79
  → Recovered missing Language ID for KLP via mapping: 22e3f4588c9d4b75b6ad515cac765d4d
  ✓ Resolved action-card link 'action-card:pediatric-drugs-and-fluids_1486735917639' via suffix match → res-action-card-newborn-management-pediatric-drugs-and-fluids
  ✓ Resolved KLP link 'action-card:pediatric-drugs-and-fluids_1486735917639' → 9f7f7437d3f847528faf71e45bec1156
Updated KLP 'klp-1-lbw-unable-to-suck-adequately' -> 9933bf6670bb4bdfaeca4decd6480e9d
  ✓ Activated version: 4cb35c62895e4dcf9bd557a32ffb8463
  → Recovered missing Language ID for KLP via mapping: 22e3f4588c9d4b75b6ad515cac765d4d
  ✓ Resolved KLP link 'video:/Newborn management/danger_signs' → 3f5b9034b6c6478fa19f8f6649f29b80
  ✓ Resolved KLP link 'video:/Newborn management/danger_signs' → 3f5b9034b6c6478fa19f8f6649f29b80
Updated KLP 'klp-3-signs-of-illness' -> eed4070696e64dd18d6d7cdaa7faa1c2
  ✓ Activated version: 762bcfb027a9483a9329c90b7e257cb4
  → Recovered missing Language ID for KLP via mapping: 22e3f4588c9d4b75b6ad515cac765d4d
  ✓ Resolved KLP link 'video:/Newborn management/management_of_danger_signs' → 3f5b9034b6c6478fa19f8f6649f29b80
  ✓ Resolved KLP link 'video:/Newborn management/management_of_danger_signs' → 3f5b9034b6c6478fa19f8f6649f29b80
Updated KLP 'klp-2-management-of-danger-signs' -> 609233cb0e7b46c2b5c2397ae71db316
  ✓ Activated version: 09c3f386ec1b42629b995adf67b53e93
  → Recovered missing Language ID for KLP via mapping: 22e3f4588c9d4b75b6ad515cac765d4d
  ✓ Resolved KLP link 'video:/Newborn management/danger_signs' → 3f5b9034b6c6478fa19f8f6649f29b80
Updated KLP 'klp-2-danger-signs-airway' -> f30f876242aa4156985d52b5839eb4ea
  ✓ Activated version: e3fb396da18448d78e40236d1e734877
  → Recovered missing Language ID for KLP via mapping: 22e3f4588c9d4b75b6ad515cac765d4d
  ✓ Resolved KLP link 'video:/Newborn management/danger_signs' → 3f5b9034b6c6478fa19f8f6649f29b80
  ✓ Resolved KLP link 'video:/Newborn management/management_of_danger_signs' → 3f5b9034b6c6478fa19f8f6649f29b80
Updated KLP 'klp-1-danger-signs-breathing' -> cf5cc8f92ef746408e37e975802dc2d5
  ✓ Activated version: 07333f1f00754d37b7e99a9d54ed40fd
  → Recovered missing Language ID for KLP via mapping: 22e3f4588c9d4b75b6ad515cac765d4d
  ✓ Resolved KLP link 'video:/Newborn management/danger_signs' → 3f5b9034b6c6478fa19f8f6649f29b80
Updated KLP 'klp-2-grunting' -> 1aebf45af85c49498a4de9872981636a
  ✓ Activated version: 30f1ad94c40742bea7a818516de3c608
  → Recovered missing Language ID for KLP via mapping: 22e3f4588c9d4b75b6ad515cac765d4d
  ✓ Resolved KLP link 'video:/Newborn management/danger_signs' → 3f5b9034b6c6478fa19f8f6649f29b80
Updated KLP 'klp-3-apnoea' -> fbf0d5c8884f42139d543e512d81bf8b
  ✓ Activated version: 8aef2504e8e842e38e4afd03b54a1381
  → Recovered missing Language ID for KLP via mapping: 22e3f4588c9d4b75b6ad515cac765d4d
  ✓ Resolved KLP link 'video:/Newborn management/danger_signs' → 3f5b9034b6c6478fa19f8f6649f29b80
  ✓ Resolved KLP link 'video:/Newborn management/danger_signs' → 3f5b9034b6c6478fa19f8f6649f29b80
Updated KLP 'klp-1-shock' -> 3ab370f3d60a4e35b5e94238fd873b74
  ✓ Activated version: 2272d738fe014630b8f75925d4801ef6
  → Recovered missing Language ID for KLP via mapping: 22e3f4588c9d4b75b6ad515cac765d4d
  ✓ Resolved KLP link 'video:/Newborn management/danger_signs' → 3f5b9034b6c6478fa19f8f6649f29b80
  ✓ Resolved KLP link 'video:/Newborn management/danger_signs' → 3f5b9034b6c6478fa19f8f6649f29b80
Updated KLP 'klp-1-disability' -> 6bfacfcdec384480b322652610a6bef1
  ✓ Activated version: 72596388130c4d7c80090e443c36da1e
  → Recovered missing Language ID for KLP via mapping: 22e3f4588c9d4b75b6ad515cac765d4d
  ✓ Resolved KLP link 'video:/Newborn management/danger_signs' → 3f5b9034b6c6478fa19f8f6649f29b80
Updated KLP 'klp-1-danger-signs-exposure' -> 30abae5609eb45afbbf7380be2df5b04
  ✓ Activated version: 6e654cac23d04bb3b775c809a9dea19e
  → Recovered missing Language ID for KLP via mapping: 22e3f4588c9d4b75b6ad515cac765d4d
  ✓ Resolved KLP link 'video:/Newborn management/danger_signs' → 3f5b9034b6c6478fa19f8f6649f29b80
Updated KLP 'klp-3-jaundice' -> a4ebafaf2d194fe2bbc5482faa084e18
  ✓ Activated version: 9358a11cae2142159284710311cb1539
  → Recovered missing Language ID for KLP via mapping: 22e3f4588c9d4b75b6ad515cac765d4d
  ✓ Resolved KLP link 'video:/Newborn management/management_of_danger_signs' → 3f5b9034b6c6478fa19f8f6649f29b80
  ✓ Resolved KLP link 'video:/Newborn management/management_of_danger_signs' → 3f5b9034b6c6478fa19f8f6649f29b80
Updated KLP 'klp-3-management-case' -> 51f20a1096bc4cb9b10572a3a7553b1d
  ✓ Activated version: d001e4c22236407aa19f363e9f629abe
  → Recovered missing Language ID for KLP via mapping: 22e3f4588c9d4b75b6ad515cac765d4d
  ✓ Resolved KLP link 'video:/Newborn management/management_of_danger_signs' → 3f5b9034b6c6478fa19f8f6649f29b80
Updated KLP 'klp-1-obstructed-airways' -> 41ac5c712171408a82b9efc9407d69b9
  ✓ Activated version: 6d56545d19854046a71784eacb307722
  → Recovered missing Language ID for KLP via mapping: 22e3f4588c9d4b75b6ad515cac765d4d
  ✓ Resolved KLP link 'video:/Newborn management/management_of_danger_signs' → 3f5b9034b6c6478fa19f8f6649f29b80
Updated KLP 'klp-3-management-breathing' -> 401be91d40244cc491182a6c1ac46884
  ✓ Activated version: 9eadf25a4511480f9cfe7ea30fbfbe11
  → Recovered missing Language ID for KLP via mapping: 22e3f4588c9d4b75b6ad515cac765d4d
  ✓ Resolved KLP link 'video:/Newborn management/management_of_danger_signs' → 3f5b9034b6c6478fa19f8f6649f29b80
  ✓ Resolved KLP link 'video:/Newborn management/management_of_danger_signs' → 3f5b9034b6c6478fa19f8f6649f29b80
Updated KLP 'klp-2-management-drowsy-and-unconscious' -> 5a31c56d3adc4f1a9965c403306c4835
  ✓ Activated version: 686573588d114939b83aee1478d03969
  → Recovered missing Language ID for KLP via mapping: 22e3f4588c9d4b75b6ad515cac765d4d
  ✓ Resolved KLP link 'video:/Newborn management/management_of_danger_signs' → 3f5b9034b6c6478fa19f8f6649f29b80
  ✓ Resolved KLP link 'video:/Newborn management/management_of_danger_signs' → 3f5b9034b6c6478fa19f8f6649f29b80
Updated KLP 'klp-2-convulsions' -> e28f2401bc1a4fe791976d73bc7c923f
  ✓ Activated version: 0ea227f0dbb94d76b4c0ed87b9d43bc5
  → Recovered missing Language ID for KLP via mapping: 22e3f4588c9d4b75b6ad515cac765d4d
  ✓ Resolved KLP link 'drug:phenobarbital_1487158287290' → ee2e85a6881841dab0e74110c9fb7b01
Updated KLP 'klp-3-management-of-danger-signs' -> 26dfc755523f436caf1fceaa0ddbb966
  ✓ Activated version: b95b261dde8d4d82a91cb2a47caff072
  → Recovered missing Language ID for KLP via mapping: 22e3f4588c9d4b75b6ad515cac765d4d
  ✓ Resolved KLP link 'video:/Newborn management/management_of_danger_signs' → 3f5b9034b6c6478fa19f8f6649f29b80
Updated KLP 'klp-2-management-jaundice' -> 22a9b62ceaa444e6b98902e822c6fef4
  ✓ Activated version: 10448270f4824ca3b8de6ddb44ea4085
  → Recovered missing Language ID for KLP via mapping: 22e3f4588c9d4b75b6ad515cac765d4d
  ✓ Resolved KLP link 'video:/Newborn management/management_of_danger_signs' → 3f5b9034b6c6478fa19f8f6649f29b80
Updated KLP 'klp-3-management-kangaroo-motherhood-care' -> df678fbaeea549b39199e80c97244b49
  ✓ Activated version: fab0e8215ac54c1089c4cce983735910
  → Recovered missing Language ID for KLP via mapping: 22e3f4588c9d4b75b6ad515cac765d4d
  ✓ Resolved KLP link 'video:/Newborn management/initial_care_of_the_newborn' → 2dd8762a05e3437a9071ad6b4688b4b4
Updated KLP 'klp-1-kangaroo-care' -> 14ae3996ead3407885c62f789e206efa
  ✓ Activated version: e76b2b0164564d4fbc0e1fe94f698b55
  → Recovered missing Language ID for KLP via mapping: 22e3f4588c9d4b75b6ad515cac765d4d
  ✓ Resolved KLP link 'video:/Newborn management/management_of_danger_signs' → 3f5b9034b6c6478fa19f8f6649f29b80
  ✓ Resolved KLP link 'video:/Newborn management/management_of_danger_signs' → 3f5b9034b6c6478fa19f8f6649f29b80
Updated KLP 'klp-3-management-infections' -> 8a23079ec73748abadc065cd446a3863
  ✓ Activated version: fa5ee93aee604060a21bc0f24b91138d
  → Recovered missing Language ID for KLP via mapping: 22e3f4588c9d4b75b6ad515cac765d4d
  ✓ Resolved KLP link 'video:/Newborn management/management_of_danger_signs' → 3f5b9034b6c6478fa19f8f6649f29b80
Updated KLP 'klp-2-risk-of-low-blood-sugar' -> 95a3de5bc0914263b18a55668aab1eff
  ✓ Activated version: f7b094ffff5d4d069a962af16ad0d57a
  → Recovered missing Language ID for KLP via mapping: 22e3f4588c9d4b75b6ad515cac765d4d
  ✓ Resolved KLP link 'video:/Newborn management/management_of_danger_signs' → 3f5b9034b6c6478fa19f8f6649f29b80
Updated KLP 'klp-3-newborn-cannot-suck' -> d0d8ea4213174248a2ebd7c8fd38c988
  ✓ Activated version: 5d1d0e3e6a834f268292ba77191e4351
  → Recovered missing Language ID for KLP via mapping: 22e3f4588c9d4b75b6ad515cac765d4d
  ✓ Resolved KLP link 'video:/Newborn management/management_of_danger_signs' → 3f5b9034b6c6478fa19f8f6649f29b80
Updated KLP 'klp-1-rural-facility-newborn-danger-signs' -> 51a856fa6b6344959a0dde99c01e9e15
  ✓ Activated version: c6b4abddd6884efc91e58a56545b54a8
  → Recovered missing Language ID for KLP via mapping: 22e3f4588c9d4b75b6ad515cac765d4d
  ✓ Resolved KLP link 'video:/Low birth weight/intro' → 6201cc04dc7a4bcf909daf666626338a
  ✓ Resolved KLP link 'video:/Low birth weight/intro' → 6201cc04dc7a4bcf909daf666626338a
Updated KLP 'klp-2-definition-of-low-birthweight' -> e50f799bde3e4a0b8ee90b8f56a2b1f7
  ✓ Activated version: 2be91072add645ed82ba88236cb8fb83
  → Recovered missing Language ID for KLP via mapping: 22e3f4588c9d4b75b6ad515cac765d4d
  ✓ Resolved KLP link 'video:/Low birth weight/intro' → 6201cc04dc7a4bcf909daf666626338a
Updated KLP 'klp-1-preterm-presentation' -> 53514c0c59e846968822d6e8a9b257b7
  ✓ Activated version: d150f1db7d304b51b9e91aaa95061593
  → Recovered missing Language ID for KLP via mapping: 22e3f4588c9d4b75b6ad515cac765d4d
  ✓ Resolved KLP link 'video:/Low birth weight/initial_care_of_the_low_birth_weight' → db67b02df9f34fd486d1b0600cf220d3
  ✓ Resolved KLP link 'video:/Low birth weight/initial_care_of_the_low_birth_weight' → db67b02df9f34fd486d1b0600cf220d3
  ✓ Resolved KLP link 'video:/Low birth weight/initial_care_of_the_low_birth_weight' → db67b02df9f34fd486d1b0600cf220d3
  ✓ Resolved KLP link 'video:/Low birth weight/initial_care_of_the_low_birth_weight' → db67b02df9f34fd486d1b0600cf220d3
Updated KLP 'klp-1-initial-care-of-the-low-birth-weight' -> 7f7c20d7501e47dc89984bf67c5b1ee9
  ✓ Activated version: e796f28ab79e47f4832a18e6901f9e9d
  → Recovered missing Language ID for KLP via mapping: 22e3f4588c9d4b75b6ad515cac765d4d
  ✓ Resolved KLP link 'video:/Low birth weight/kangaroo_mother_care' → fd5cfad22ac3470e8491a5182748a395
  ✓ Resolved KLP link 'video:/Low birth weight/kangaroo_mother_care' → fd5cfad22ac3470e8491a5182748a395
Updated KLP 'klp-1-what-is-kangaroo-mother-care' -> f2f74145f7c349eeb91345e8e1b057a4
  ✓ Activated version: 02df5e5111b74486b8d91bbf4e3ed189
  → Recovered missing Language ID for KLP via mapping: 22e3f4588c9d4b75b6ad515cac765d4d
  ✓ Resolved KLP link 'video:/Low birth weight/kangaroo_mother_care' → fd5cfad22ac3470e8491a5182748a395
Updated KLP 'klp-2-how-to-kangaroo-mother-care' -> 327561f75017431a8a5424e140f578c9
  ✓ Activated version: 158068d3020e484281f5d68da974cc48
  → Recovered missing Language ID for KLP via mapping: 22e3f4588c9d4b75b6ad515cac765d4d
  ✓ Resolved KLP link 'video:/Low birth weight/kangaroo_mother_care' → fd5cfad22ac3470e8491a5182748a395
Updated KLP 'klp-3-discharge' -> 2e33d4157bd84609a3bb953bfe8aba6b
  ✓ Activated version: 4cd949f4023341edbfcec43fd24f38f8
  → Recovered missing Language ID for KLP via mapping: 22e3f4588c9d4b75b6ad515cac765d4d
  ✓ Resolved KLP link 'video:/Low birth weight/feeding' → 2947e3f7339f4bb5be63aac049b929aa
  ✓ Resolved KLP link 'video:/Low birth weight/feeding' → 2947e3f7339f4bb5be63aac049b929aa
Updated KLP 'klp-2-feeding' -> 0b233a0ca1f540738b370370bb651ee5
  ✓ Activated version: 2d92d910c02f41548809c23e6ab8d96b
  → Recovered missing Language ID for KLP via mapping: 22e3f4588c9d4b75b6ad515cac765d4d
  ✓ Resolved KLP link 'video:/Low birth weight/feeding' → 2947e3f7339f4bb5be63aac049b929aa
  ✓ Resolved KLP link 'video:/Low birth weight/feeding' → 2947e3f7339f4bb5be63aac049b929aa
Updated KLP 'klp-3-unable-to-suck' -> a51f534ae9364a4ca76cca4dc95db831
  ✓ Activated version: 1770b5cc0c8442c78bff5247bf699097
  → Recovered missing Language ID for KLP via mapping: 22e3f4588c9d4b75b6ad515cac765d4d
  ✓ Resolved action-card link 'action-card:pediatric-drugs-and-fluids_1486735917639' via suffix match → res-action-card-newborn-management-pediatric-drugs-and-fluids
  ✓ Resolved KLP link 'action-card:pediatric-drugs-and-fluids_1486735917639' → 9f7f7437d3f847528faf71e45bec1156
Updated KLP 'klp-1-feeding-schedule' -> 0fb868f2b561447692be6728e575580a
  ✓ Activated version: 5c65f6f65ffa437dabc4a3e78fdfc524
  → Recovered missing Language ID for KLP via mapping: 22e3f4588c9d4b75b6ad515cac765d4d
  ✓ Resolved KLP link 'video:/Low birth weight/danger_signs' → da3f3b131c5b4cdcb5ad9287688e6cb4
Updated KLP 'klp-1-non-responsive-newborn' -> c783e4507e1b4ea09b41011e3f131531
  ✓ Activated version: 1d7869940ee44b17b3b72188e0700c6e
  → Recovered missing Language ID for KLP via mapping: 22e3f4588c9d4b75b6ad515cac765d4d
  ✓ Resolved KLP link 'video:/Low birth weight/danger_signs' → da3f3b131c5b4cdcb5ad9287688e6cb4
Updated KLP 'klp-2-breathing' -> 27fb169b2f80470faab6047fbcb33c2f
  ✓ Activated version: 4f0834017952466aa3613be8c5250c09
  → Recovered missing Language ID for KLP via mapping: 22e3f4588c9d4b75b6ad515cac765d4d
  ✓ Resolved KLP link 'video:/Low birth weight/danger_signs' → da3f3b131c5b4cdcb5ad9287688e6cb4
Updated KLP 'klp-1-rds-symptoms' -> 55757b734ede4d7f938eab7d50d74a32
  ✓ Activated version: 3feac806f2464dbebbc19f060ab96032
  → Recovered missing Language ID for KLP via mapping: 22e3f4588c9d4b75b6ad515cac765d4d
  ✓ Resolved KLP link 'video:/Low birth weight/danger_signs' → da3f3b131c5b4cdcb5ad9287688e6cb4
Updated KLP 'klp-2-rds-management' -> a2de46cf3d99422a95d75d2b92446bac
  ✓ Activated version: 77dd761b82ba4dc08aa15680cf348d3b
  → Recovered missing Language ID for KLP via mapping: 22e3f4588c9d4b75b6ad515cac765d4d
  ✓ Resolved KLP link 'video:/Low birth weight/danger_signs' → da3f3b131c5b4cdcb5ad9287688e6cb4
Updated KLP 'klp-3-cpap' -> e42649555ba6472cbf435577223fbc35
  ✓ Activated version: fca424a37cdd4b6580ac9f21559c27b4
  → Recovered missing Language ID for KLP via mapping: 22e3f4588c9d4b75b6ad515cac765d4d
  ✓ Resolved KLP link 'video:/Low birth weight/danger_signs' → da3f3b131c5b4cdcb5ad9287688e6cb4
Updated KLP 'klp-1-rds-ab' -> 2986671c98524f5db95f6ebbb316854b
  ✓ Activated version: c665cbf9eeba42e0ae4fc8e61b073d46
  → Recovered missing Language ID for KLP via mapping: 22e3f4588c9d4b75b6ad515cac765d4d
  ✓ Resolved KLP link 'video:/Low birth weight/danger_signs' → da3f3b131c5b4cdcb5ad9287688e6cb4
Updated KLP 'klp-2-oxygen-therapy' -> 6e0e3e50407e49d78f8379a5e6f020a5
  ✓ Activated version: a34a1d7a067c475bb48230986243a066
  → Recovered missing Language ID for KLP via mapping: 22e3f4588c9d4b75b6ad515cac765d4d
  ✓ Resolved KLP link 'video:/Low birth weight/danger_signs' → da3f3b131c5b4cdcb5ad9287688e6cb4
Updated KLP 'klp-3-oxygen-saturation' -> 2a8fc4fecd5e41559e5f0034293f22f5
  ✓ Activated version: 32d785882fc04a9dbe4c5991f3e25bd4
  → Recovered missing Language ID for KLP via mapping: 22e3f4588c9d4b75b6ad515cac765d4d
  ✓ Resolved KLP link 'video:/Low birth weight/danger_signs' → da3f3b131c5b4cdcb5ad9287688e6cb4
Updated KLP 'klp-2-oxygen-indication' -> 83c1f2e17a7045e9a66d68ed182f11f0
  ✓ Activated version: 7855397be58541ebb14b98a467e66175
  → Recovered missing Language ID for KLP via mapping: 22e3f4588c9d4b75b6ad515cac765d4d
  ✓ Resolved KLP link 'video:/Low birth weight/danger_signs' → da3f3b131c5b4cdcb5ad9287688e6cb4
Updated KLP 'klp-1-grunting' -> 886d92d46b934e35845ad5f1887dcec5
  ✓ Activated version: f53da9496cd74cc690c7e0a582a9f692
  → Recovered missing Language ID for KLP via mapping: 22e3f4588c9d4b75b6ad515cac765d4d
  ✓ Resolved KLP link 'drug:caffeine-citrate_1536653273361' → 8cb2f20981584886903513be5ecef365
Updated KLP 'klp-3-apnea-prevention' -> c7b6f8b2582c467681377b89405b0f94
  ✓ Activated version: ec3fd1c0f5c54d49b5930b5860a1b9f2
  → Recovered missing Language ID for KLP via mapping: 22e3f4588c9d4b75b6ad515cac765d4d
  ✓ Resolved KLP link 'video:/Low birth weight/danger_signs' → da3f3b131c5b4cdcb5ad9287688e6cb4
Updated KLP 'klp-3-stable-newborn-management' -> 25b70e209e3d4693a5ab0243722dac1e
  ✓ Activated version: 0633654a8e7d4313b978dc893bbdd50b
  → Recovered missing Language ID for KLP via mapping: 22e3f4588c9d4b75b6ad515cac765d4d
  ✓ Resolved KLP link 'video:/Low birth weight/danger_signs' → da3f3b131c5b4cdcb5ad9287688e6cb4
Updated KLP 'klp-3-jaundice' -> a4ebafaf2d194fe2bbc5482faa084e18
  ✓ Activated version: 228332a346a34d0eb0d026695c1deda4
  → Recovered missing Language ID for KLP via mapping: 22e3f4588c9d4b75b6ad515cac765d4d
  ✓ Resolved KLP link 'video:/Low birth weight/danger_signs' → da3f3b131c5b4cdcb5ad9287688e6cb4
Updated KLP 'klp-2-severe-jaundice' -> 13221beec1924bdb98cb2d83bc668698
  ✓ Activated version: 6b80773f70e34b84afe26a2e948d0266
  → Recovered missing Language ID for KLP via mapping: 22e3f4588c9d4b75b6ad515cac765d4d
  ✓ Resolved KLP link 'video:/Low birth weight/danger_signs' → da3f3b131c5b4cdcb5ad9287688e6cb4
Updated KLP 'klp-3-severe-jaundice-jaundice-treatment' -> aea43d4bd0b24bcc966c0db3cc589e43
  ✓ Activated version: 4ec124bed4a941919445c7786fa5d75b
  → Recovered missing Language ID for KLP via mapping: 22e3f4588c9d4b75b6ad515cac765d4d
  ✓ Resolved KLP link 'video:/Low birth weight/danger_signs' → da3f3b131c5b4cdcb5ad9287688e6cb4
Updated KLP 'klp-1-vomits' -> 9a0269dda404422789505f7ebe058130
  ✓ Activated version: 1aeff5428486482bb4185567de73b71a
  → Recovered missing Language ID for KLP via mapping: 22e3f4588c9d4b75b6ad515cac765d4d
  ✓ Resolved KLP link 'video:/Low birth weight/danger_signs' → da3f3b131c5b4cdcb5ad9287688e6cb4
Updated KLP 'klp-2-necrotizing-enterocolitis' -> 041d7c89bae441ceb66fce742a5c5856
  ✓ Activated version: 334e7747a0464fdbaf91b46498edff54
  → Recovered missing Language ID for KLP via mapping: 22e3f4588c9d4b75b6ad515cac765d4d
  ✓ Resolved KLP link 'video:/Low birth weight/danger_signs' → da3f3b131c5b4cdcb5ad9287688e6cb4
Updated KLP 'klp-3-necrotizing-enterocolitis-management' -> 1e817c7f44034a909e447294a9b6f68f
  ✓ Activated version: 909ddd77b54b41f597145cf8a00c831f
  → Recovered missing Language ID for KLP via mapping: 22e3f4588c9d4b75b6ad515cac765d4d
  ✓ Resolved KLP link 'video:/Low birth weight/danger_signs' → da3f3b131c5b4cdcb5ad9287688e6cb4
Updated KLP 'klp-3-necrotizing-enterocolitis-ab' -> 3d4ff90c2da04d2c91f00b628b9d19ea
  ✓ Activated version: d49318bb772048ceb7b9d313f52d8988
  → Recovered missing Language ID for KLP via mapping: 22e3f4588c9d4b75b6ad515cac765d4d
  ✓ Resolved KLP link 'video:/Low birth weight/danger_signs' → da3f3b131c5b4cdcb5ad9287688e6cb4
Updated KLP 'klp-1-lbw-infection' -> 9f695b50db8045c0b84adc1b2407fb59
  ✓ Activated version: 848b51c91b5f4f139c6e9abc0fe5fd3d
  → Recovered missing Language ID for KLP via mapping: 22e3f4588c9d4b75b6ad515cac765d4d
  ✓ Resolved KLP link 'video:/Low birth weight/danger_signs' → da3f3b131c5b4cdcb5ad9287688e6cb4
Updated KLP 'klp-3-lbw-infection-treatment' -> 3d8fe96ad66145a7bb29aaf59679384c
  ✓ Activated version: fb44ac5dcff846369f56a011e3172f85
  → Recovered missing Language ID for KLP via mapping: 22e3f4588c9d4b75b6ad515cac765d4d
  ✓ Resolved KLP link 'video:/Low birth weight/danger_signs' → da3f3b131c5b4cdcb5ad9287688e6cb4
Updated KLP 'klp-2-severe-infection' -> 1996d232c1344b4ea49d2ee8c8920ec0
  ✓ Activated version: 9a18abc60c7f4c838e5da04393ef1bb8
  → Recovered missing Language ID for KLP via mapping: 22e3f4588c9d4b75b6ad515cac765d4d
  ✓ Resolved KLP link 'video:/Low birth weight/referral' → 079335c547e44b4c8c8421622415129f
Updated KLP 'klp-1-referral-indications' -> 6d1620ac23e9418986112c1f058e5462
  ✓ Activated version: 7db44b34085340f28be51d0aafe99b28
  → Recovered missing Language ID for KLP via mapping: 22e3f4588c9d4b75b6ad515cac765d4d
  ✓ Resolved KLP link 'video:/Low birth weight/referral' → 079335c547e44b4c8c8421622415129f
Updated KLP 'klp-2-referral-safety-rules' -> 3fdf8d6e4e35416092c99727682a3fba
  ✓ Activated version: 82a66eec98d4417e82e0a2d95313b48b
  → Recovered missing Language ID for KLP via mapping: 22e3f4588c9d4b75b6ad515cac765d4d
  ✓ Resolved KLP link 'video:/Low birth weight/referral' → 079335c547e44b4c8c8421622415129f
Updated KLP 'klp-2-referral-warmth' -> ce2032975a884a1aa48910e735a8a602
  ✓ Activated version: 98ead4fec8284f92be16c1c95b6bb1d3
  → Recovered missing Language ID for KLP via mapping: 22e3f4588c9d4b75b6ad515cac765d4d
  ✓ Resolved KLP link 'video:/Low birth weight/referral' → 079335c547e44b4c8c8421622415129f
Updated KLP 'klp-3-referral-no-option' -> f72a025462824991ad8b6d5c15a26839
  ✓ Activated version: fa71e6039c2b413ea36f59fdf015f530
  → Recovered missing Language ID for KLP via mapping: 22e3f4588c9d4b75b6ad515cac765d4d
  ✓ Resolved KLP link 'video:/Low birth weight/respectful_care' → 6bf7d4881b7c4680a089901c153c62e4
Updated KLP 'klp-1-respectful-care' -> 998b5c608c004625b7dfc683582ce087
  ✓ Activated version: 166035a1038246caa912d6101a89d51c
  → Recovered missing Language ID for KLP via mapping: 22e3f4588c9d4b75b6ad515cac765d4d
  ✓ Resolved KLP link 'video:/Female genital mutilation/intro' → 6201cc04dc7a4bcf909daf666626338a
Updated KLP 'klp-1-fgm-is-an-unhealthy-practice' -> 630affe8ab664ebd8423682d9e1b5c39
  ✓ Activated version: e682760960004cc19149f46e4825067a
  → Recovered missing Language ID for KLP via mapping: 22e3f4588c9d4b75b6ad515cac765d4d
  ✓ Resolved KLP link 'video:/Female genital mutilation/immediate_health_risks' → 9badfa4b773e484b985cd22b5ece369a
Updated KLP 'klp-1-fgm-is-a-dangerous-practice' -> 87ac5856e82041e083d8439296af1bc2
  ✓ Activated version: b4b2e60c270d430abb1924e600803158
  → Recovered missing Language ID for KLP via mapping: 22e3f4588c9d4b75b6ad515cac765d4d
  ✓ Resolved KLP link 'video:/Female genital mutilation/intro' → 6201cc04dc7a4bcf909daf666626338a
Updated KLP 'klp-2-fgm-is-forbidden' -> 81f798f2fa454dde81f66ae5cbcb6503
  ✓ Activated version: 5ef160f65c4541cb8d3e7712a08df75f
  → Recovered missing Language ID for KLP via mapping: 22e3f4588c9d4b75b6ad515cac765d4d
  ✓ Resolved KLP link 'video:/Female genital mutilation/the_types_of_fgm' → 017eae40245b4f0296a3833c8d02861a
Updated KLP 'klp-1-four-types-of-fgm' -> 7de31a71734e421bbe36c64eb2c6f355
  ✓ Activated version: 6c1a480fdab14c38bcfeff0733d193b3
  → Recovered missing Language ID for KLP via mapping: 22e3f4588c9d4b75b6ad515cac765d4d
  ✓ Resolved KLP link 'video:/Female genital mutilation/the_types_of_fgm' → 017eae40245b4f0296a3833c8d02861a
Updated KLP 'klp-3-mix-of-the-types' -> eb8578e252464d928edc45ac76954492
  ✓ Activated version: 88df0897a4284559a4a92c32ca91f689
  → Recovered missing Language ID for KLP via mapping: 22e3f4588c9d4b75b6ad515cac765d4d
  ✓ Resolved KLP link 'video:/Female genital mutilation/the_types_of_fgm' → 017eae40245b4f0296a3833c8d02861a
Updated KLP 'klp-2-type-1' -> 6c299790abf24af9b4b0fe369aac9453
  ✓ Activated version: 5453c3c8911345478aaa4e4c32d5f5b7
  → Recovered missing Language ID for KLP via mapping: 22e3f4588c9d4b75b6ad515cac765d4d
  ✓ Resolved KLP link 'video:/Female genital mutilation/the_types_of_fgm' → 017eae40245b4f0296a3833c8d02861a
Updated KLP 'klp-2-type-2' -> 06fb779103b64b1d810d1efb3cd57264
  ✓ Activated version: 7c7e2c3c03734d3c8d629d1742147ee7
  → Recovered missing Language ID for KLP via mapping: 22e3f4588c9d4b75b6ad515cac765d4d
  ✓ Resolved KLP link 'video:/Female genital mutilation/the_types_of_fgm' → 017eae40245b4f0296a3833c8d02861a
Updated KLP 'klp-2-type-3' -> 7e7eeddf45d9487aa85ff99dbc37585b
  ✓ Activated version: 5630de817f644a39b5ef3fcf844599ac
  → Recovered missing Language ID for KLP via mapping: 22e3f4588c9d4b75b6ad515cac765d4d
  ✓ Resolved KLP link 'video:/Female genital mutilation/the_types_of_fgm' → 017eae40245b4f0296a3833c8d02861a
Updated KLP 'klp-2-type-4' -> 4602cf252b6b4485a319338f41052a57
  ✓ Activated version: 1c8a15f07191431bb11398941c9ba9fe
  → Recovered missing Language ID for KLP via mapping: 22e3f4588c9d4b75b6ad515cac765d4d
  ✓ Resolved KLP link 'video:/Female genital mutilation/the_types_of_fgm' → 017eae40245b4f0296a3833c8d02861a
  ✓ Resolved KLP link 'video:/Female genital mutilation/the_types_of_fgm' → 017eae40245b4f0296a3833c8d02861a
Updated KLP 'klp-1-type-2-becomes-type-3' -> 3812d5e5a3c14a06a14d5e68e1abfd89
  ✓ Activated version: 57873e517d6549e9bd6d112a0abd7a55
  → Recovered missing Language ID for KLP via mapping: 22e3f4588c9d4b75b6ad515cac765d4d
  ✓ Resolved KLP link 'video:/Female genital mutilation/immediate_health_risks' → 9badfa4b773e484b985cd22b5ece369a
Updated KLP 'klp-1-immediate-health-risk' -> c17bb015edb64d179ffa84691e79fe13
  ✓ Activated version: 9d08ba3842db4455b1c990f49db7700b
  → Recovered missing Language ID for KLP via mapping: 22e3f4588c9d4b75b6ad515cac765d4d
  ✓ Resolved KLP link 'video:/Female genital mutilation/immediate_health_risks' → 9badfa4b773e484b985cd22b5ece369a
Updated KLP 'klp-2-fgm-and-infertility' -> 53a45e47cc8c486783d1c439bd53147f
  ✓ Activated version: e04f3c4c31524af58a5cefcc4531d39c
  → Recovered missing Language ID for KLP via mapping: 22e3f4588c9d4b75b6ad515cac765d4d
  ✓ Resolved KLP link 'video:/Female genital mutilation/immediate_health_risks' → 9badfa4b773e484b985cd22b5ece369a
Updated KLP 'klp-1-long-term-consequences' -> d0350c2b755944bf96f97c1247c57168
  ✓ Activated version: adb243106af74e559931dc5ede02c519
  → Recovered missing Language ID for KLP via mapping: 22e3f4588c9d4b75b6ad515cac765d4d
  ✓ Resolved KLP link 'video:/Female genital mutilation/birth_complications' → 2b8dc9886a9a452899811e77c9b8aa51
Updated KLP 'klp-3-fgm-antenatal' -> 6630086d3292436380dc0bd6b188b8d2
  ✓ Activated version: cca04a5d63d74339b1127d695a440b4d
  → Recovered missing Language ID for KLP via mapping: 22e3f4588c9d4b75b6ad515cac765d4d
  ✓ Resolved KLP link 'video:/Female genital mutilation/birth_complications' → 2b8dc9886a9a452899811e77c9b8aa51
Updated KLP 'klp-3-birth-complications' -> 190e563ccdf34b9182ab6671f032559a
  ✓ Activated version: 45425118847342c9b9578212bac2d8fe
  → Recovered missing Language ID for KLP via mapping: 22e3f4588c9d4b75b6ad515cac765d4d
  ✓ Resolved KLP link 'video:/Female genital mutilation/birth_complications' → 2b8dc9886a9a452899811e77c9b8aa51
Updated KLP 'klp-1-why-birth-complications' -> ebdb92f5edde440d8643aadcbb18dc3c
  ✓ Activated version: 09eb42ab523541558723872ab9975746
  → Recovered missing Language ID for KLP via mapping: 22e3f4588c9d4b75b6ad515cac765d4d
  ✓ Resolved KLP link 'video:/Female genital mutilation/management_of_a_pregnant_woman_with_fgm' → d16d1aab352840c0a16182b642ca10a7
Updated KLP 'klp-1-urethra' -> 6098b2344e8d41f694cf85d0ef570f60
  ✓ Activated version: 37a17053145d4684ac3b11f528220163
  → Recovered missing Language ID for KLP via mapping: 22e3f4588c9d4b75b6ad515cac765d4d
  ✓ Resolved KLP link 'video:/Female genital mutilation/deinfibulation' → c70d3f07e15340b8afcd7ab33c8fc6fb
Updated KLP 'klp-3-deinfibulation-and-urethra' -> e7a82592b2ce47719ebe6b8097bd8371
  ✓ Activated version: 6922eb204dfc4aee8f7b14f54af8a9bb
  → Recovered missing Language ID for KLP via mapping: 22e3f4588c9d4b75b6ad515cac765d4d
  ✓ Resolved KLP link 'video:/Female genital mutilation/deinfibulation' → c70d3f07e15340b8afcd7ab33c8fc6fb
Updated KLP 'klp-2-steps-for-deinfibulation' -> 7c7f2d5b8213465d96f17180cecc081a
  ✓ Activated version: be4f3995bc0a43b5ad61ce368ff2895c
  → Recovered missing Language ID for KLP via mapping: 22e3f4588c9d4b75b6ad515cac765d4d
  ✓ Resolved KLP link 'video:/Female genital mutilation/deinfibulation' → c70d3f07e15340b8afcd7ab33c8fc6fb
Updated KLP 'klp-3-interrupted-sutures' -> 3c38bd10898248749b63ee16092a43c8
  ✓ Activated version: ce7d611ffc2a4af7ae154e846a6505ca
  → Recovered missing Language ID for KLP via mapping: 22e3f4588c9d4b75b6ad515cac765d4d
  ✓ Resolved KLP link 'video:/Female genital mutilation/deinfibulation' → c70d3f07e15340b8afcd7ab33c8fc6fb
Updated KLP 'klp-1-analgesia-after-deinfibulation' -> 9fd583ddea5642449b78f5eeadbb7661
  ✓ Activated version: e61b44511cdf48f78beb21bf0ec54ae6
  → Recovered missing Language ID for KLP via mapping: 22e3f4588c9d4b75b6ad515cac765d4d
  ✓ Resolved KLP link 'video:/Female genital mutilation/deinfibulation' → c70d3f07e15340b8afcd7ab33c8fc6fb
Updated KLP 'klp-3-hygiene-for-deinfibulation' -> 836a2b0f5df5493e9efc7b62d1101fc6
  ✓ Activated version: 4064ad1f9e6644769cb705cc9ed3d9e7
  → Recovered missing Language ID for KLP via mapping: 22e3f4588c9d4b75b6ad515cac765d4d
  ✓ Resolved KLP link 'video:/Female genital mutilation/management_of_a_pregnant_woman_with_fgm' → d16d1aab352840c0a16182b642ca10a7
Updated KLP 'klp-2-antenatal-deinfibulation' -> a9f0a247809146df9817f1a72dd5e1c4
  ✓ Activated version: 9ee3f3a55c6b40a78ab4eb64d43d995f
  → Recovered missing Language ID for KLP via mapping: 22e3f4588c9d4b75b6ad515cac765d4d
  ✓ Resolved KLP link 'video:/Female genital mutilation/management_of_a_pregnant_woman_with_fgm' → d16d1aab352840c0a16182b642ca10a7
Updated KLP 'klp-2-when-antenatal-deinfibulation' -> dc329caef0bd4fd584f8962fd1bb9c83
  ✓ Activated version: 1d264e6cd4d94f758b5bd6ac5488c6ee
  → Recovered missing Language ID for KLP via mapping: 22e3f4588c9d4b75b6ad515cac765d4d
  ✓ Resolved KLP link 'video:/Female genital mutilation/management_of_a_pregnant_woman_with_fgm' → d16d1aab352840c0a16182b642ca10a7
Updated KLP 'klp-3-whom-to-deinfibulate-at-birth' -> cec0a369d1594fd4827349defff34056
  ✓ Activated version: c967272930b54adaa42bdf87fdd816f6
  → Recovered missing Language ID for KLP via mapping: 22e3f4588c9d4b75b6ad515cac765d4d
  ✓ Resolved KLP link 'video:/Female genital mutilation/labour_with_fgm' → 537364543d8a48f1a21693a667aa369c
Updated KLP 'klp-2-when-deinfibulation-at-birth' -> c156d0741d73417bbeb563b2713d2ebc
  ✓ Activated version: cd80a6b98caf46509fa190c2882f821d
  → Recovered missing Language ID for KLP via mapping: 22e3f4588c9d4b75b6ad515cac765d4d
  ✓ Resolved KLP link 'video:/Female genital mutilation/labour_with_fgm' → 537364543d8a48f1a21693a667aa369c
Updated KLP 'klp-3-deinfibulation-and-second-stage' -> aeb1130e8cf84ca6ac097f24dd79b11c
  ✓ Activated version: f30c8e3b16ff40a698285ebc190a1d9c
  → Recovered missing Language ID for KLP via mapping: 22e3f4588c9d4b75b6ad515cac765d4d
  ✓ Resolved KLP link 'video:/Female genital mutilation/labour_with_fgm' → 537364543d8a48f1a21693a667aa369c
  ✓ Resolved KLP link 'video:/Female genital mutilation/labour_with_fgm' → 537364543d8a48f1a21693a667aa369c
Updated KLP 'klp-2-episiotomy' -> ff6e307e6ab94bc5ad3b3af82a0d82c0
  ✓ Activated version: da9149d381ab421bb316d708929de55d
  → Recovered missing Language ID for KLP via mapping: 22e3f4588c9d4b75b6ad515cac765d4d
  ✓ Resolved KLP link 'video:/Female genital mutilation/labour_with_fgm' → 537364543d8a48f1a21693a667aa369c
Updated KLP 'klp-1-episiotomy-procedure' -> fcc3725cc43b40ccae22a2dc8c1d6021
  ✓ Activated version: f68b0b47f6c1408a9a84ba5245a78e6a
  → Recovered missing Language ID for KLP via mapping: 22e3f4588c9d4b75b6ad515cac765d4d
  ✓ Resolved KLP link 'video:/Female genital mutilation/labour_with_fgm' → 537364543d8a48f1a21693a667aa369c
Updated KLP 'klp-1-forbidden-re-infibulation' -> 2a6973b741d5495f98a7e08092daff1e
  ✓ Activated version: 6f07f9e9feae47089e0d65ebafdfc166
  → Recovered missing Language ID for KLP via mapping: 22e3f4588c9d4b75b6ad515cac765d4d
  ✓ Resolved KLP link 'video:/Female genital mutilation/counsel_the_woman_and_her_husband' → 7c679058524f48a48d742260b3cc57d2
Updated KLP 'klp-3-wash-after-deinfibulation' -> 878181a1bcb74b45a1aac8bc767d79f5
  ✓ Activated version: f560b6365202430582ec23b10c824679
  → Recovered missing Language ID for KLP via mapping: 22e3f4588c9d4b75b6ad515cac765d4d
  ✓ Resolved KLP link 'video:/Female genital mutilation/counsel_the_woman_and_her_husband' → 7c679058524f48a48d742260b3cc57d2
Updated KLP 'klp-3-how-to-wash' -> 852c9124272e4a3c902789adf6e45edb
  ✓ Activated version: 01e4c199fd8840b4a6279b213cab8430
  → Recovered missing Language ID for KLP via mapping: 22e3f4588c9d4b75b6ad515cac765d4d
  ✓ Resolved KLP link 'video:/Female genital mutilation/counsel_the_woman_and_her_husband' → 7c679058524f48a48d742260b3cc57d2
Updated KLP 'klp-1-re-infibulation-no-health-benefits' -> 21637e8e552e4951a6dfd3899d052680
  ✓ Activated version: a7728b15d9c2436bb1e77e8653eaf94a
  → Recovered missing Language ID for KLP via mapping: 22e3f4588c9d4b75b6ad515cac765d4d
  ✓ Resolved KLP link 'video:/Female genital mutilation/counsel_the_woman_and_her_husband' → 7c679058524f48a48d742260b3cc57d2
Updated KLP 'klp-3-re-infibulation-is-a-health-risk' -> 243a94a2066445c6ac54b2948a1b80b3
  ✓ Activated version: de81215ebe914a989547f8d9954e9291
  → Recovered missing Language ID for KLP via mapping: 22e3f4588c9d4b75b6ad515cac765d4d
  ✓ Resolved KLP link 'video:/Female genital mutilation/counsel_the_woman_and_her_husband' → 7c679058524f48a48d742260b3cc57d2
Updated KLP 'klp-3-healthcare-worker-fgm-knowledge' -> ca332fabf4a24457ac872ae1788949ab
  ✓ Activated version: 4a772dc468b94a88ba0ccb57354dc20e
  → Recovered missing Language ID for KLP via mapping: 22e3f4588c9d4b75b6ad515cac765d4d
  ✓ Resolved KLP link 'video:/Female genital mutilation/counsel_the_woman_and_her_husband' → 7c679058524f48a48d742260b3cc57d2
Updated KLP 'klp-2-no-fgm-for-newborn-girl' -> c4b6213b5b364658b47849a5432f5ca1
  ✓ Activated version: 7f507f286be44da396efd6d0c2581045
  → Recovered missing Language ID for KLP via mapping: 22e3f4588c9d4b75b6ad515cac765d4d
  ✓ Resolved KLP link 'video:/Infection prevention/intro' → 6201cc04dc7a4bcf909daf666626338a
  ✓ Resolved KLP link 'video:/Infection prevention/intro' → 6201cc04dc7a4bcf909daf666626338a
Updated KLP 'klp-1-prevent-infections' -> 1c25a487ab4d4416844e93efa9fa388e
  ✓ Activated version: 804a25140c824c7aa1fbb600747f544f
  → Recovered missing Language ID for KLP via mapping: 22e3f4588c9d4b75b6ad515cac765d4d
  ✓ Resolved KLP link 'video:/Infection prevention/hand_hygiene' → 614e3f722dbd4b7b8593f1931343cfa2
Updated KLP 'klp-1-hand-hygiene-wash-and-alcohol' -> ddec0996536c4cae892400dfb22bc7a3
  ✓ Activated version: 26356f8c2ecd4a10a6e7463c6830ddde
  → Recovered missing Language ID for KLP via mapping: 22e3f4588c9d4b75b6ad515cac765d4d
  ✓ Resolved KLP link 'video:/Infection prevention/hand_hygiene' → 614e3f722dbd4b7b8593f1931343cfa2
Updated KLP 'klp-1-use-alcohol-based-handrub' -> 7a6875593a4a4c12aa10f501a541b3ac
  ✓ Activated version: b586d0a2190e4814a5b0b860fced33a4
  → Recovered missing Language ID for KLP via mapping: 22e3f4588c9d4b75b6ad515cac765d4d
  ✓ Resolved KLP link 'video:/Infection prevention/procedure_for_handwash' → fb36ed0d972542e88693c2ac08645150
Updated KLP 'klp-3-soap-for-handwashing' -> 124a5101a53440acabce5500b9f14758
  ✓ Activated version: 0fc02863628e437986c8d688fef4f03e
  → Recovered missing Language ID for KLP via mapping: 22e3f4588c9d4b75b6ad515cac765d4d
  ✓ Resolved KLP link 'video:/Infection prevention/personal_protective_equipment' → d69448d966a04f218e6750214f850869
Updated KLP 'klp-1-personal-protective-equipment' -> 1001097459134651ad1364aff3b679ce
  ✓ Activated version: 69758f570d2145c1a64dad24272201e7
  → Recovered missing Language ID for KLP via mapping: 22e3f4588c9d4b75b6ad515cac765d4d
  ✓ Resolved KLP link 'video:/Infection prevention/personal_protective_equipment' → d69448d966a04f218e6750214f850869
Updated KLP 'klp-1-gloves-for-different-patients' -> bf118f69b8804abaa5110eef593d08c0
  ✓ Activated version: 1b6fd71f438b496da35128f9f256377b
  → Recovered missing Language ID for KLP via mapping: 22e3f4588c9d4b75b6ad515cac765d4d
  ✓ Resolved KLP link 'video:/Infection prevention/cleaning_decontamination' → 06d1dc9411ea4d1ead9c908cc187aa21
Updated KLP 'klp-1-soap-solution' -> e50ffecc87be4c53aafd2bb6786d3ec7
  ✓ Activated version: 523a389003fc48fea1cb131e1270e7b5
  → Recovered missing Language ID for KLP via mapping: 22e3f4588c9d4b75b6ad515cac765d4d
  ✓ Resolved KLP link 'video:/Infection prevention/storage' → 042047b05fab444eb5b9083d0749c2dc
Updated KLP 'klp-1-package-of-sterile-items' -> 573e2718d9dd485294e39d195deff3ea
  ✓ Activated version: 2359ad40c253477888adbd8dd04446d0
  → Recovered missing Language ID for KLP via mapping: 22e3f4588c9d4b75b6ad515cac765d4d
  ✓ Resolved KLP link 'video:/Infection prevention/storage' → 042047b05fab444eb5b9083d0749c2dc
Updated KLP 'klp-1-storage-of-sterile-items' -> 5057bfadf29b4f389654f909f85019b9
  ✓ Activated version: 714cbc10f2b741e298768d3807a7c2ec
  → Recovered missing Language ID for KLP via mapping: 22e3f4588c9d4b75b6ad515cac765d4d
  ✓ Resolved KLP link 'video:/Infection prevention/housekeeping' → afd6079ffb10470598dbf7b2fb7aaec8
Updated KLP 'klp-1-cleaning-and-delivery-bed' -> 5573b64153bc499286a735bd8cd3dce1
  ✓ Activated version: 85c6e51915b24f2885e306ee6028c724
  → Recovered missing Language ID for KLP via mapping: 22e3f4588c9d4b75b6ad515cac765d4d
  ✓ Resolved KLP link 'video:/Infection prevention/hiv_hepatitis_b_prevention' → b0dca36b2c3f42a1b88130e66675d9a1
Updated KLP 'klp-1-recommended-vaccination' -> 20e063227c7a40c0abc6e9ebe22f7555
  ✓ Activated version: 93cae1cd59664908975cb02793f6e232
  → Recovered missing Language ID for KLP via mapping: 22e3f4588c9d4b75b6ad515cac765d4d
  ✓ Resolved KLP link 'video:/Infection prevention/intro' → 6201cc04dc7a4bcf909daf666626338a
Updated KLP 'klp-2-infection-and-maternal-death' -> 69aa6cc3267c4f869e4fcace62cbe5ff
  ✓ Activated version: adf376a9af2d49d89be9c825e1a82704
  → Recovered missing Language ID for KLP via mapping: 22e3f4588c9d4b75b6ad515cac765d4d
  ✓ Resolved KLP link 'video:/Infection prevention/intro' → 6201cc04dc7a4bcf909daf666626338a
Updated KLP 'klp-2-infection-and-neonatal-death' -> 99454ceb28314636a4ad3e4fe7aba12f
  ✓ Activated version: e77947e0743e4cc1a90fdaad436b7f9c
  → Recovered missing Language ID for KLP via mapping: 22e3f4588c9d4b75b6ad515cac765d4d
  ✓ Resolved KLP link 'video:/Infection prevention/intro' → 6201cc04dc7a4bcf909daf666626338a
Updated KLP 'klp-2-infection-and-germs' -> cdb366e280984a399e879d2f5586bee5
  ✓ Activated version: ace59838eb59443eae9a0201742cfcec
  → Recovered missing Language ID for KLP via mapping: 22e3f4588c9d4b75b6ad515cac765d4d
  ✓ Resolved KLP link 'video:/Infection prevention/intro' → 6201cc04dc7a4bcf909daf666626338a
Updated KLP 'klp-2-healthcare-professionals-hands' -> 7a24f524a78a4e87b6d3152bd6bd2604
  ✓ Activated version: e0d4bb6a934a4602bd2429d13d0b32bb
  → Recovered missing Language ID for KLP via mapping: 22e3f4588c9d4b75b6ad515cac765d4d
  ✓ Resolved KLP link 'video:/Infection prevention/hand_hygiene' → 614e3f722dbd4b7b8593f1931343cfa2
Updated KLP 'klp-2-alcohol-most-effective' -> 4c61b2f394d14cff8f9d4b56e4f521fe
  ✓ Activated version: cbc3d5a3f445460691086968be35a3c9
  → Recovered missing Language ID for KLP via mapping: 22e3f4588c9d4b75b6ad515cac765d4d
  ✓ Resolved KLP link 'video:/Infection prevention/hand_hygiene' → 614e3f722dbd4b7b8593f1931343cfa2
Updated KLP 'klp-2-no-jewellery-on-hands' -> 1b0252032bec4ec39865e75183ec938f
  ✓ Activated version: 9a15d0b94cdc4af2ac074cb9e9999cc2
  → Recovered missing Language ID for KLP via mapping: 22e3f4588c9d4b75b6ad515cac765d4d
  ✓ Resolved KLP link 'video:/Infection prevention/procedure_for_handwash' → fb36ed0d972542e88693c2ac08645150
  ✓ Resolved KLP link 'video:/Infection prevention/procedure_for_handwash' → fb36ed0d972542e88693c2ac08645150
Updated KLP 'klp-2-towel' -> ff85db74b2ec488bb0083b776552473a
  ✓ Activated version: a2549f7a21ee4832a8635170c00cf74f
  → Recovered missing Language ID for KLP via mapping: 22e3f4588c9d4b75b6ad515cac765d4d
  ✓ Resolved KLP link 'video:/Infection prevention/procedure_for_handrub' → 93741ce6feac48eaa1cac4cbc66f3b0d
Updated KLP 'klp-2-when-hand-hygiene1' -> a18771fdb0eb43afbb811499681af667
  ✓ Activated version: fc7edab8fb284c349b0501a81cd5904f
  → Recovered missing Language ID for KLP via mapping: 22e3f4588c9d4b75b6ad515cac765d4d
  ✓ Resolved KLP link 'video:/Infection prevention/storage' → 042047b05fab444eb5b9083d0749c2dc
Updated KLP 'klp-2-order-of-cleaning-and-storage' -> 21ef7c19c1d048bc83e4bb95e6ea901a
  ✓ Activated version: 84a761b1e83644aaa9bb2843e6f0cdac
  → Recovered missing Language ID for KLP via mapping: 22e3f4588c9d4b75b6ad515cac765d4d
  ✓ Resolved KLP link 'video:/Infection prevention/housekeeping' → afd6079ffb10470598dbf7b2fb7aaec8
Updated KLP 'klp-2-disinfection-solution' -> 658f3e5959e4448b81d5d2496c6454ab
  ✓ Activated version: 40194bb34ec140468ded8954f4e86e72
  → Recovered missing Language ID for KLP via mapping: 22e3f4588c9d4b75b6ad515cac765d4d
  ✓ Resolved KLP link 'video:/Infection prevention/hiv_hepatitis_b_prevention' → b0dca36b2c3f42a1b88130e66675d9a1
Updated KLP 'klp-2-spread-of-hiv-and-hep-b' -> c9c5449fcee346789ba76f11b1ea8b63
  ✓ Activated version: 58e6d8ccc7ce47cb857e5e9aec14296c
  → Recovered missing Language ID for KLP via mapping: 22e3f4588c9d4b75b6ad515cac765d4d
  ✓ Resolved KLP link 'video:/Infection prevention/hand_hygiene' → 614e3f722dbd4b7b8593f1931343cfa2
Updated KLP 'klp-3-when-hand-hygiene2' -> c8e3f85d9f0445719e894dc081a5976d
  ✓ Activated version: b0d40e0979564dee930277952dac53d2
  → Recovered missing Language ID for KLP via mapping: 22e3f4588c9d4b75b6ad515cac765d4d
  ✓ Resolved KLP link 'video:/Infection prevention/hand_hygiene' → 614e3f722dbd4b7b8593f1931343cfa2
Updated KLP 'klp-3-wash-hands' -> cb69d299b0794394be123989755aaf0c
  ✓ Activated version: d4922588a7c344d08fceb138fba9727e
  → Recovered missing Language ID for KLP via mapping: 22e3f4588c9d4b75b6ad515cac765d4d
  ✓ Resolved KLP link 'video:/Infection prevention/procedure_for_handwash' → fb36ed0d972542e88693c2ac08645150
Updated KLP 'klp-3-procedure-for-handwashing' -> 30bbb0534e4248bea83089e87cfaa2b1
  ✓ Activated version: e52a567197c34e50bd999a842d2f836a
  → Recovered missing Language ID for KLP via mapping: 22e3f4588c9d4b75b6ad515cac765d4d
  ✓ Resolved KLP link 'video:/Infection prevention/procedure_for_handrub' → 93741ce6feac48eaa1cac4cbc66f3b0d
Updated KLP 'klp-3-amount-of-handrub' -> 257920a152154166baaa231554f7613b
  ✓ Activated version: 25f68a2a65964346af4925902d29e399
  → Recovered missing Language ID for KLP via mapping: 22e3f4588c9d4b75b6ad515cac765d4d
  ✓ Resolved KLP link 'procedure:mixing-alcohol-based-handrub_1487245431108' → 9c1b3d6b1b044d25a5eec88a1a423b34
Updated KLP 'klp-3-product-in-alcohol-based-handrub' -> 321caa4df6aa456793da3777886bebd5
  ✓ Activated version: 529bdb4edc4743d3bb722a2e2ebb33ea
  → Recovered missing Language ID for KLP via mapping: 22e3f4588c9d4b75b6ad515cac765d4d
  ✓ Resolved KLP link 'procedure:mixing-alcohol-based-handrub_1487245431108' → 9c1b3d6b1b044d25a5eec88a1a423b34
Updated KLP 'klp-3-label-of-alcohol-based-handrub' -> 57db97f2766849b3a3b365d6673d4b51
  ✓ Activated version: 41ed8992c04f43ec813b4292ad555a62
  → Recovered missing Language ID for KLP via mapping: 22e3f4588c9d4b75b6ad515cac765d4d
  ✓ Resolved KLP link 'video:/Infection prevention/personal_protective_equipment' → d69448d966a04f218e6750214f850869
Updated KLP 'klp-3-removing-gloves' -> 25a4e4df073b41118a5e20bad3803309
  ✓ Activated version: 33d4ccd3c27749c5b73f6663a14e705d
  → Recovered missing Language ID for KLP via mapping: 22e3f4588c9d4b75b6ad515cac765d4d
  ✓ Resolved KLP link 'video:/Infection prevention/personal_protective_equipment' → d69448d966a04f218e6750214f850869
Updated KLP 'klp-3-gloves-for-birth' -> 30fc641b43d1469797a435373b47fb05
  ✓ Activated version: 8fce2ce64def46eab656226924320e9b
  → Recovered missing Language ID for KLP via mapping: 22e3f4588c9d4b75b6ad515cac765d4d
  ✓ Resolved KLP link 'video:/Infection prevention/housekeeping' → afd6079ffb10470598dbf7b2fb7aaec8
Updated KLP 'klp-3-high-risk-area' -> 6076301b51a043fa89ebb8b7821e5039
  ✓ Activated version: 81ef5b3dee7e4881a741634d37dc14e6
  → Recovered missing Language ID for KLP via mapping: 22e3f4588c9d4b75b6ad515cac765d4d
  ✓ Resolved KLP link 'video:/Infection prevention/hiv_hepatitis_b_prevention' → b0dca36b2c3f42a1b88130e66675d9a1
Updated KLP 'klp-3-transmission-most-likely' -> 23f7b7362be843e4b64476bfbb663786
  ✓ Activated version: 81a539ca9f414b4d851e0bad314ab8c6
  → Recovered missing Language ID for KLP via mapping: 22e3f4588c9d4b75b6ad515cac765d4d
  ✓ Resolved KLP link 'video:/Infection prevention/hiv_hepatitis_b_prevention' → b0dca36b2c3f42a1b88130e66675d9a1
Updated KLP 'klp-3-action-if-exposed' -> 1d34eaa17ee34e5faa4474ff17aed5e0
  ✓ Activated version: 18fb622f1f3a4df3a5e937a06ba5198f
  → Recovered missing Language ID for KLP via mapping: 22e3f4588c9d4b75b6ad515cac765d4d
  ✓ Resolved KLP link 'video:/Infection prevention/procedure_for_handwash' → fb36ed0d972542e88693c2ac08645150
Updated KLP 'klp-1-soap-wet-container' -> 54dc32f839bd4217a317799055e8a5a0
  ✓ Activated version: 8573492259a6459c947576431de5f7a1
  → Recovered missing Language ID for KLP via mapping: 22e3f4588c9d4b75b6ad515cac765d4d
  ✓ Resolved KLP link 'video:/Infection prevention/procedure_for_handwash' → fb36ed0d972542e88693c2ac08645150
Updated KLP 'klp-1-air-dry-hands' -> 7704a9095894461abd2680f1e0107964
  ✓ Activated version: 46bca85f1af341a5bed129ce841e4371
  → Recovered missing Language ID for KLP via mapping: 22e3f4588c9d4b75b6ad515cac765d4d
  ✓ Resolved KLP link 'procedure:mixing-alcohol-based-handrub_1487245431108' → 9c1b3d6b1b044d25a5eec88a1a423b34
Updated KLP 'klp-2-product-in-alcohol-based-handrub-2' -> e9add13959d5408a8ebc8eeffec04580
  ✓ Activated version: ff47ea38fae24a718659ce696d499b75
  → Recovered missing Language ID for KLP via mapping: 22e3f4588c9d4b75b6ad515cac765d4d
  ✓ Resolved KLP link 'video:/Post abortion care/how_to_diagnose' → 5ddb9dd94f334eed8d35c21b171f48aa
Updated KLP 'klp-1-complication-to-unsafe-abortion' -> a4ac0fc99b7542ba8031959e41898242
  ✓ Activated version: deaf6f717416417e8650621ba3617963
  → Recovered missing Language ID for KLP via mapping: 22e3f4588c9d4b75b6ad515cac765d4d
  ✓ Resolved KLP link 'video:/Post abortion care/how_to_diagnose' → 5ddb9dd94f334eed8d35c21b171f48aa
Updated KLP 'klp-1-urine-test' -> 006e4bc756d84396b56e93944fb35976
  ✓ Activated version: 28a215269ece40dd8a25a6ecdedd12f2
  → Recovered missing Language ID for KLP via mapping: 22e3f4588c9d4b75b6ad515cac765d4d
  ✓ Resolved KLP link 'video:/Post abortion care/how_to_diagnose' → 5ddb9dd94f334eed8d35c21b171f48aa
Updated KLP 'klp-2-complication-to-abortion' -> 8b52116377db4b1183ab6dc89faed3b5
  ✓ Activated version: 00ee7571765b47c496e78a4cc7f0fa8c
  → Recovered missing Language ID for KLP via mapping: 22e3f4588c9d4b75b6ad515cac765d4d
  ✓ Resolved KLP link 'video:/Post abortion care/how_to_diagnose' → 5ddb9dd94f334eed8d35c21b171f48aa
Updated KLP 'klp-1-fever-and-septic-abortion' -> 7c9e2186f5d94e438f917cca786cf495
  ✓ Activated version: c09598c1eee34a05b7e072af4d0b78d3
  → Recovered missing Language ID for KLP via mapping: 22e3f4588c9d4b75b6ad515cac765d4d
  ✓ Resolved KLP link 'video:/Post abortion care/how_to_diagnose' → 5ddb9dd94f334eed8d35c21b171f48aa
Updated KLP 'klp-2-what-to-measure' -> dd22f13801334a45a4b58a6dea8e94e9
  ✓ Activated version: 250b2297d42a48568392946614ad7eb1
  → Recovered missing Language ID for KLP via mapping: 22e3f4588c9d4b75b6ad515cac765d4d
  ✓ Resolved KLP link 'video:/Post abortion care/how_to_diagnose' → 5ddb9dd94f334eed8d35c21b171f48aa
Updated KLP 'klp-1-signs-of-septic-abortion' -> b9d8fa4121ef46cd9d7ec8fff1817428
  ✓ Activated version: 78ab7e1581c54b49bfe2ee8b84bd912a
  → Recovered missing Language ID for KLP via mapping: 22e3f4588c9d4b75b6ad515cac765d4d
  ✓ Resolved KLP link 'video:/Post abortion care/how_to_diagnose' → 5ddb9dd94f334eed8d35c21b171f48aa
Updated KLP 'klp-3-suspect-lower-abdominal-tenderness' -> 1a3197c2be8f406b99ced87a66220c72
  ✓ Activated version: d0327a2315894b428f3e415118826a7a
  → Recovered missing Language ID for KLP via mapping: 22e3f4588c9d4b75b6ad515cac765d4d
  ✓ Resolved KLP link 'video:/Post abortion care/how_to_manage' → 1c0e42de431a4e94bbef9804e6836f01
Updated KLP 'klp-1-septic-abortion-can-be-fatal' -> ee2218a76cc84347b9a2dfcc2fb188ec
  ✓ Activated version: a7130e0f7c4e4b55ada6c7f91240ffe4
  → Recovered missing Language ID for KLP via mapping: 22e3f4588c9d4b75b6ad515cac765d4d
  ✓ Resolved KLP link 'video:/Post abortion care/how_to_manage' → 1c0e42de431a4e94bbef9804e6836f01
Updated KLP 'klp-2-most-important-action-at-septic-abortion' -> 143ba1596a144dcda854137c76063458
  ✓ Activated version: 361a64d12c2145f4ae67e360737c7fe6
  → Recovered missing Language ID for KLP via mapping: 22e3f4588c9d4b75b6ad515cac765d4d
  ✓ Resolved KLP link 'video:/Post abortion care/how_to_manage' → 1c0e42de431a4e94bbef9804e6836f01
  ✓ Resolved KLP link 'video:/Post abortion care/how_to_manage' → 1c0e42de431a4e94bbef9804e6836f01
  ✓ Resolved KLP link 'video:/Post abortion care/how_to_manage' → 1c0e42de431a4e94bbef9804e6836f01
Updated KLP 'klp-1-action-at-septic-abortion' -> fbc770dbfdd4448fb6bba72c3faf1e86
  ✓ Activated version: 9040b771e9a54e32895bcae2520d7dea
  → Recovered missing Language ID for KLP via mapping: 22e3f4588c9d4b75b6ad515cac765d4d
  ✓ Resolved KLP link 'video:/Post abortion care/how_to_manage' → 1c0e42de431a4e94bbef9804e6836f01
Updated KLP 'klp-3-ab-and-evacuation-of-the-uterus' -> 6085f00f2d114350b4b691bfd179e1f6
  ✓ Activated version: 9c1f13446b0d4be6863aef15fd2e7ecf
  → Recovered missing Language ID for KLP via mapping: 22e3f4588c9d4b75b6ad515cac765d4d
  ✓ Resolved KLP link 'video:/Post abortion care/how_to_manage' → 1c0e42de431a4e94bbef9804e6836f01
Updated KLP 'klp-3-which-ab-to-give' -> dd8dfb233c1f40459022ef19843b7645
  ✓ Activated version: 85322db04fe6429a90dd4c60bf6be8bd
  → Recovered missing Language ID for KLP via mapping: 22e3f4588c9d4b75b6ad515cac765d4d
  ✓ Resolved KLP link 'video:/Post abortion care/how_to_manage' → 1c0e42de431a4e94bbef9804e6836f01
Updated KLP 'klp-1-urgent-management' -> cc40d70c133c4d218c1704a6b8858d53
  ✓ Activated version: 265dd7ff73804959a620b2b8e472307d
  → Recovered missing Language ID for KLP via mapping: 22e3f4588c9d4b75b6ad515cac765d4d
  ✓ Resolved KLP link 'video:/Post abortion care/how_to_manage' → 1c0e42de431a4e94bbef9804e6836f01
Updated KLP 'klp-3-correct-order-of-actions' -> 67cb259cf9a34a3c842a03cdb119f8a6
  ✓ Activated version: f7da0f524602485c97afe92cff0f4e4e
  → Recovered missing Language ID for KLP via mapping: 22e3f4588c9d4b75b6ad515cac765d4d
  ✓ Resolved KLP link 'video:/Post abortion care/how_to_manage' → 1c0e42de431a4e94bbef9804e6836f01
Updated KLP 'klp-1-peritonitis' -> 8706ec0f5335411db357ff2fe72166b2
  ✓ Activated version: 22e8165a2ee84d50b9cb0c2798c00bc3
  → Recovered missing Language ID for KLP via mapping: 22e3f4588c9d4b75b6ad515cac765d4d
  ✓ Resolved KLP link 'video:/Post abortion care/evacuation_of_the_uterus' → 7d8e842d5a9f416b926bbe32f10ab642
Updated KLP 'klp-1-evacuation-of-the-uterus' -> 83a3e50713ca4655b577797c2ceb0fc8
  ✓ Activated version: 12f0c09f525a43fda031bb20116e5832
  → Recovered missing Language ID for KLP via mapping: 22e3f4588c9d4b75b6ad515cac765d4d
  ✓ Resolved KLP link 'video:/Post abortion care/evacuation_of_the_uterus' → 7d8e842d5a9f416b926bbe32f10ab642
Updated KLP 'klp-3-manual-vacuum-aspiration' -> c4a8d97d6e5c46b09386a96679da1bc7
  ✓ Activated version: db0e39a7ea7842bdaa020549b37bc4a4
  → Recovered missing Language ID for KLP via mapping: 22e3f4588c9d4b75b6ad515cac765d4d
  ✓ Resolved KLP link 'video:/Post abortion care/evacuation_of_the_uterus' → 7d8e842d5a9f416b926bbe32f10ab642
Updated KLP 'klp-3-uterus-size-in-week-12' -> a16a449b11814186b1e4179fea4677cd
  ✓ Activated version: 5222428f995d4122848d7af816837736
  → Recovered missing Language ID for KLP via mapping: 22e3f4588c9d4b75b6ad515cac765d4d
  ✓ Resolved KLP link 'video:/Post abortion care/manual_vacuum_aspiration' → 0b4c070e21034e6c843681a02c628e69
Updated KLP 'klp-3-preparation-for-mva' -> 23d3f224c69a49e0915a33bb409b9892
  ✓ Activated version: e0b26458ca504783a1d9933b7497238f
  → Recovered missing Language ID for KLP via mapping: 22e3f4588c9d4b75b6ad515cac765d4d
  ✓ Resolved KLP link 'video:/Post abortion care/manual_vacuum_aspiration' → 0b4c070e21034e6c843681a02c628e69
Updated KLP 'klp-3-analgesic-for-mva' -> 512657daf27e4bf78ded3319d76ee525
  ✓ Activated version: 3b185b74dcd54632ad9f8372ebaa09cc
  → Recovered missing Language ID for KLP via mapping: 22e3f4588c9d4b75b6ad515cac765d4d
  ✓ Resolved KLP link 'video:/Post abortion care/manual_vacuum_aspiration' → 0b4c070e21034e6c843681a02c628e69
Updated KLP 'klp-3-valves-closed' -> 74eb2e63dbac4660b10838468303fea2
  ✓ Activated version: e468bc3fb83344c4b9e573d43637a343
  → Recovered missing Language ID for KLP via mapping: 22e3f4588c9d4b75b6ad515cac765d4d
  ✓ Resolved KLP link 'video:/Post abortion care/manual_vacuum_aspiration' → 0b4c070e21034e6c843681a02c628e69
Updated KLP 'klp-2-vacuum-to-mva-syringe' -> 09dd35134e224667a2d36ace5eadd14e
  ✓ Activated version: edd8a1463fb347b684f251a57902eb8a
  → Recovered missing Language ID for KLP via mapping: 22e3f4588c9d4b75b6ad515cac765d4d
  ✓ Resolved KLP link 'video:/Post abortion care/manual_vacuum_aspiration' → 0b4c070e21034e6c843681a02c628e69
Updated KLP 'klp-2-tenaculum' -> b9e05e142f01443e9047402c44273577
  ✓ Activated version: 4702e1d22ea7402f85c59736844f5a3d
  → Recovered missing Language ID for KLP via mapping: 22e3f4588c9d4b75b6ad515cac765d4d
  ✓ Resolved KLP link 'video:/Post abortion care/manual_vacuum_aspiration' → 0b4c070e21034e6c843681a02c628e69
Updated KLP 'klp-2-dilate-the-cervix' -> 16bb7d99feec41a6ac6e15c6eb200f45
  ✓ Activated version: 7168110f3ca44d7189ec0979c077d7c8
  → Recovered missing Language ID for KLP via mapping: 22e3f4588c9d4b75b6ad515cac765d4d
  ✓ Resolved KLP link 'video:/Post abortion care/manual_vacuum_aspiration' → 0b4c070e21034e6c843681a02c628e69
  ✓ Resolved KLP link 'video:/Post abortion care/manual_vacuum_aspiration' → 0b4c070e21034e6c843681a02c628e69
Updated KLP 'klp-2-no-touch-technique' -> 1c9322ebd6044bfeb0597d1c0b9ace9b
  ✓ Activated version: e2a9943e720346cea24349da68c4d247
  → Recovered missing Language ID for KLP via mapping: 22e3f4588c9d4b75b6ad515cac765d4d
  ✓ Resolved KLP link 'video:/Post abortion care/manual_vacuum_aspiration' → 0b4c070e21034e6c843681a02c628e69
Updated KLP 'klp-3-size-of-cannula-for-mva' -> 6bfabc5ab3d5466e86eea8b204938ca9
  ✓ Activated version: 70d5699e18ef47e3bb938292d634fe82
  → Recovered missing Language ID for KLP via mapping: 22e3f4588c9d4b75b6ad515cac765d4d
  ✓ Resolved KLP link 'video:/Post abortion care/manual_vacuum_aspiration' → 0b4c070e21034e6c843681a02c628e69
Updated KLP 'klp-2-insert-of-the-cannula' -> 251ea490533640768138c1e1ac9fb269
  ✓ Activated version: bee1ec178bdf4dbdb13b1e6ef164e666
  → Recovered missing Language ID for KLP via mapping: 22e3f4588c9d4b75b6ad515cac765d4d
  ✓ Resolved KLP link 'video:/Post abortion care/manual_vacuum_aspiration' → 0b4c070e21034e6c843681a02c628e69
Updated KLP 'klp-2-attachment-of-the-syringe' -> 39e447dfd257482a89515b11050f3497
  ✓ Activated version: 6d5fcce4924941f892d3f8328545c633
  → Recovered missing Language ID for KLP via mapping: 22e3f4588c9d4b75b6ad515cac765d4d
  ✓ Resolved KLP link 'video:/Post abortion care/manual_vacuum_aspiration' → 0b4c070e21034e6c843681a02c628e69
Updated KLP 'klp-2-rotate-and-move-cannula-back-and-forth' -> ebd9d302c06a438190d32baa40cf0417
  ✓ Activated version: 1e3cba3a5e4e4a74a9a72fd1f102d60c
  → Recovered missing Language ID for KLP via mapping: 22e3f4588c9d4b75b6ad515cac765d4d
  ✓ Resolved KLP link 'video:/Post abortion care/manual_vacuum_aspiration' → 0b4c070e21034e6c843681a02c628e69
Updated KLP 'klp-1-end-of-suctioning' -> e6bf8008f13d4eb89447e78041804799
  ✓ Activated version: 98b42e66385342c3bc5b6393e695c7ad
  → Recovered missing Language ID for KLP via mapping: 22e3f4588c9d4b75b6ad515cac765d4d
  ✓ Resolved KLP link 'video:/Post abortion care/manual_vacuum_aspiration' → 0b4c070e21034e6c843681a02c628e69
Updated KLP 'klp-2-use-the-cannula-again' -> 1e2316fc503b4aa0883898b4d221e050
  ✓ Activated version: b96b4d1f09dc4036b6599d3b63e731ee
  → Recovered missing Language ID for KLP via mapping: 22e3f4588c9d4b75b6ad515cac765d4d
  ✓ Resolved KLP link 'video:/Post abortion care/manual_vacuum_aspiration' → 0b4c070e21034e6c843681a02c628e69
Updated KLP 'klp-3-ab-after-mva' -> cf22fe6050244d669b71644038db0f4c
  ✓ Activated version: 0ecff117cc5c4498be30d25f5ed28cc6
  → Recovered missing Language ID for KLP via mapping: 22e3f4588c9d4b75b6ad515cac765d4d
  ✓ Resolved KLP link 'video:/Post abortion care/manual_vacuum_aspiration' → 0b4c070e21034e6c843681a02c628e69
Updated KLP 'klp-3-counselling' -> cfef69be089f42a294dfeae7fcd34b92
  ✓ Activated version: 646222472f3f425c83b7af7f64607513
  → Recovered missing Language ID for KLP via mapping: 22e3f4588c9d4b75b6ad515cac765d4d
  ✓ Resolved KLP link 'video:/Post abortion care/manual_vacuum_aspiration' → 0b4c070e21034e6c843681a02c628e69
  ✓ Resolved KLP link 'video:/Post abortion care/manual_vacuum_aspiration' → 0b4c070e21034e6c843681a02c628e69
Updated KLP 'klp-1-advise-before-dismission' -> 264eb5523b3941a3aa0b9f70e1d095d4
  ✓ Activated version: d507c580057246bf873bc2c09a2ac16f
  → Recovered missing Language ID for KLP via mapping: 22e3f4588c9d4b75b6ad515cac765d4d
  ✓ Resolved KLP link 'video:/Post abortion care/intro' → 6201cc04dc7a4bcf909daf666626338a
Updated KLP 'klp-2-unsafe-abortion-globally' -> db9fa748f65e49a9b8e9d0d5505f6edc
  ✓ Activated version: b0015532e89b49c3830132813929ee87
  → Recovered missing Language ID for KLP via mapping: 22e3f4588c9d4b75b6ad515cac765d4d
  ✓ Resolved KLP link 'video:/Post abortion care/intro' → 6201cc04dc7a4bcf909daf666626338a
Updated KLP 'klp-1-septic-abortion' -> b11d7019749f454bbe309312d571aa3f
  ✓ Activated version: e4a322454ed84ca2aa38bdfd93f693af
  → Recovered missing Language ID for KLP via mapping: 22e3f4588c9d4b75b6ad515cac765d4d
  ✓ Resolved KLP link 'video:/Hypertension/definitions' → d97aa23714d046398dc10ef50abf6444
Updated KLP 'klp-1-severe-preeclampsia' -> b526a52b5098492bb986d6cf519281cf
  ✓ Activated version: fcd9fcecb5054994960c3ff02931a007
  → Recovered missing Language ID for KLP via mapping: 22e3f4588c9d4b75b6ad515cac765d4d
  ✓ Resolved KLP link 'video:/Hypertension/definitions' → d97aa23714d046398dc10ef50abf6444
Updated KLP 'klp-2-gestational-hypertension' -> 0dfe4ab902284d689690f0b5a192e494
  ✓ Activated version: ed192833e71a4d4da42e7ed0c46397fa
  → Recovered missing Language ID for KLP via mapping: 22e3f4588c9d4b75b6ad515cac765d4d
  ✓ Resolved KLP link 'video:/Hypertension/definitions' → d97aa23714d046398dc10ef50abf6444
Updated KLP 'klp-2-preeclampsia' -> cd67f17f8d164b63947cf64d71f9a9ed
  ✓ Activated version: 370216a4042a4559a5fbba02b12c9778
  → Recovered missing Language ID for KLP via mapping: 22e3f4588c9d4b75b6ad515cac765d4d
  ✓ Resolved KLP link 'video:/Hypertension/definitions' → d97aa23714d046398dc10ef50abf6444
Updated KLP 'klp-1-severely-elevated-blood-pressure' -> 0ee36770cd7f4edb8b804d4f8ff75088
  ✓ Activated version: 9921794977b5453e830c19fc406e4a85
  → Recovered missing Language ID for KLP via mapping: 22e3f4588c9d4b75b6ad515cac765d4d
  ✓ Resolved KLP link 'video:/Hypertension/definitions' → d97aa23714d046398dc10ef50abf6444
Updated KLP 'klp-1-severe-headache-and-visual-disturbance' -> 7452e988bd91459993c162873026d32f
  ✓ Activated version: 4db36c22c92040e4b137c24698f0beb5
  → Recovered missing Language ID for KLP via mapping: 22e3f4588c9d4b75b6ad515cac765d4d
  ✓ Resolved KLP link 'video:/Hypertension/definitions' → d97aa23714d046398dc10ef50abf6444
  ✓ Resolved KLP link 'video:/Hypertension/definitions' → d97aa23714d046398dc10ef50abf6444
Updated KLP 'klp-1-visual-disturbances-like-silver-lights-or-blurry-vision-eyes' -> aef4a440c4cc468d8b72522c9a2276a2
  ✓ Activated version: ac85424c29f34f7bb225422732457896
  → Recovered missing Language ID for KLP via mapping: 22e3f4588c9d4b75b6ad515cac765d4d
  ✓ Resolved KLP link 'video:/Hypertension/definitions' → d97aa23714d046398dc10ef50abf6444
Updated KLP 'klp-1-upper-abdominal-pain-from-the-liver' -> 909ead33e4274945b9b7efdb9922fb7b
  ✓ Activated version: 57106ae50af54981bfa59789211cf80c
  → Recovered missing Language ID for KLP via mapping: 22e3f4588c9d4b75b6ad515cac765d4d
  ✓ Resolved KLP link 'video:/Hypertension/definitions' → d97aa23714d046398dc10ef50abf6444
Updated KLP 'klp-1-respiratory-distress' -> 4609bfcb3d8b4a3d87a01104de8289de
  ✓ Activated version: 7782203de05e40118278eefaf12e92aa
  → Recovered missing Language ID for KLP via mapping: 22e3f4588c9d4b75b6ad515cac765d4d
  ✓ Resolved KLP link 'video:/Hypertension/definitions' → d97aa23714d046398dc10ef50abf6444
  ✓ Resolved KLP link 'video:/Hypertension/definitions' → d97aa23714d046398dc10ef50abf6444
Updated KLP 'klp-3-cause-of-oliguria' -> 55b39234f31040a3803bc7bcadde9862
  ✓ Activated version: 7b4ea9ccdf444fbc8e5725bb039ea71f
  → Recovered missing Language ID for KLP via mapping: 22e3f4588c9d4b75b6ad515cac765d4d
  ✓ Resolved KLP link 'video:/Hypertension/definitions' → d97aa23714d046398dc10ef50abf6444
Updated KLP 'klp-2-eclampsia' -> 2ea8ee68788c42989a17c8338f00cb8e
  ✓ Activated version: 943a7e4b02cc4dc8a5d398b7a29f326e
  → Recovered missing Language ID for KLP via mapping: 22e3f4588c9d4b75b6ad515cac765d4d
  ✓ Resolved KLP link 'video:/Hypertension/definitions' → d97aa23714d046398dc10ef50abf6444
Updated KLP 'klp-2-eclampsia-normal-blood-pressure' -> eb7a27360b0b44b8984ed72edf96cd3c
  ✓ Activated version: 0efa17c3372c4abc86a75071471f5043
  → Recovered missing Language ID for KLP via mapping: 22e3f4588c9d4b75b6ad515cac765d4d
  ✓ Resolved KLP link 'video:/Hypertension/definitions' → d97aa23714d046398dc10ef50abf6444
Updated KLP 'klp-3-differential-diagnosis' -> ac7cd636f91a456db89547317ccfce77
  ✓ Activated version: 9279298bf5e344ef94b78e1d0c03250b
  → Recovered missing Language ID for KLP via mapping: 22e3f4588c9d4b75b6ad515cac765d4d
  ✓ Resolved KLP link 'video:/Hypertension/causes' → c774bc1ad46e4031b7a3ff103a27522f
Updated KLP 'klp-1-causes-of-pre-eclampsia' -> f7fbbeda96934eb3b487bf9bdb68a376
  ✓ Activated version: 95ea0a15b3fd49c2a5e1d9ccd52fe4d0
  → Recovered missing Language ID for KLP via mapping: 22e3f4588c9d4b75b6ad515cac765d4d
  ✓ Resolved KLP link 'video:/Hypertension/how_to_diagnose' → 5ddb9dd94f334eed8d35c21b171f48aa
  ✓ Resolved KLP link 'video:/Hypertension/how_to_diagnose' → 5ddb9dd94f334eed8d35c21b171f48aa
Updated KLP 'klp-3-anc-blood-pressure' -> bc087d88e8e0461bb6f272a962eed488
  ✓ Activated version: 1e726f93e0aa40e2810617432915bb53
  → Recovered missing Language ID for KLP via mapping: 22e3f4588c9d4b75b6ad515cac765d4d
  ✓ Resolved KLP link 'video:/Hypertension/how_to_diagnose' → 5ddb9dd94f334eed8d35c21b171f48aa
  ✓ Resolved KLP link 'video:/Hypertension/how_to_diagnose' → 5ddb9dd94f334eed8d35c21b171f48aa
Updated KLP 'klp-3-confirm-bp' -> 633aa490cf95468885df845c33c47f54
  ✓ Activated version: dc6aa39fa5ac4f9d9eeb44d36741f097
  → Recovered missing Language ID for KLP via mapping: 22e3f4588c9d4b75b6ad515cac765d4d
  ✓ Resolved KLP link 'video:/Hypertension/how_to_diagnose' → 5ddb9dd94f334eed8d35c21b171f48aa
Updated KLP 'klp-2-confirmed-elevated-bp' -> 5d67478926b242a38ca26344204caefc
  ✓ Activated version: 032ba742c78e4cec9bca371c712850d2
  → Recovered missing Language ID for KLP via mapping: 22e3f4588c9d4b75b6ad515cac765d4d
  ✓ Resolved KLP link 'video:/Hypertension/management_of_hypertension' → 14f67eb967944c45ab01efbe8f13203c
Updated KLP 'klp-1-keep-systolic-bp-below-160' -> 27f7a04a9acc4dcdba32c46ce7d13fb0
  ✓ Activated version: 767dbf725027437abfb32e5df64535fe
  → Recovered missing Language ID for KLP via mapping: 22e3f4588c9d4b75b6ad515cac765d4d
  ✓ Resolved KLP link 'video:/Hypertension/management_of_hypertension' → 14f67eb967944c45ab01efbe8f13203c
Updated KLP 'klp-2-keep-diastolic-bp-above-80' -> da93e95ce9fd48a0947f60ed67e8a567
  ✓ Activated version: 0d95a7a0aee947fa94bf29eb25c5b935
  → Recovered missing Language ID for KLP via mapping: 22e3f4588c9d4b75b6ad515cac765d4d
  ✓ Resolved KLP link 'drug:labetalol_1490625535572' → b9808901bc3a45fc89761de346ac311f
Updated KLP 'klp-3-labetalol' -> 4931aa0e651b48d08cbfb205d2bc6933
  ✓ Activated version: fa1a3c9d90f44f779dda868eb532d293
  → Recovered missing Language ID for KLP via mapping: 22e3f4588c9d4b75b6ad515cac765d4d
  ✓ Resolved KLP link 'drug:methyldopa_1487111904464' → 5719affb0bfb4c13a4d62fda6d6f23ca
Updated KLP 'klp-3-methyldopa' -> 6c1b64591f6140c5a40d55c06eb3694f
  ✓ Activated version: 2f8dc4c6290b4e11b2d89e935592e4fd
  → Recovered missing Language ID for KLP via mapping: 22e3f4588c9d4b75b6ad515cac765d4d
  ✓ Resolved KLP link 'video:/Hypertension/management_of_hypertension' → 14f67eb967944c45ab01efbe8f13203c
Updated KLP 'klp-1-iv-medication' -> 81da8156343a4325865a58804619178a
  ✓ Activated version: 5b458e76db3f4098958881980d716a52
  → Recovered missing Language ID for KLP via mapping: 22e3f4588c9d4b75b6ad515cac765d4d
  ✓ Resolved KLP link 'drug:hydralazine_1487109388353' → b9a8b0598e1c46e49d4c925dff84e867
Updated KLP 'klp-3-hydralazine' -> bb79983cfb4446af85362f6a735caf8a
  ✓ Activated version: 3d32e507a3364b3a9559857f18f9719f
  → Recovered missing Language ID for KLP via mapping: 22e3f4588c9d4b75b6ad515cac765d4d
  ✓ Resolved KLP link 'video:/Hypertension/severe_preeclampsia_eclampsia' → a294bbaa0bcf4fde838aeb8b4644ee0f
  ✓ Resolved KLP link 'video:/Hypertension/severe_preeclampsia_eclampsia' → a294bbaa0bcf4fde838aeb8b4644ee0f
Updated KLP 'klp-2-eclampsia-seizures' -> 4af821a619294b8ab5aff271595b9907
  ✓ Activated version: 1bc633efea774419b8b07b03b42a2c75
  → Recovered missing Language ID for KLP via mapping: 22e3f4588c9d4b75b6ad515cac765d4d
  ✓ Resolved KLP link 'video:/Hypertension/severe_preeclampsia_eclampsia' → a294bbaa0bcf4fde838aeb8b4644ee0f
Updated KLP 'klp-1-severe-pre-eclampsia-or-eclampsia' -> f37c4ec6d01d4707af182d7ded13cafa
  ✓ Activated version: 6057b384e9d44c738669b7e113d5414a
  → Recovered missing Language ID for KLP via mapping: 22e3f4588c9d4b75b6ad515cac765d4d
  ✓ Resolved KLP link 'video:/Hypertension/severe_preeclampsia_eclampsia' → a294bbaa0bcf4fde838aeb8b4644ee0f
Updated KLP 'klp-1-eclampsia-monitor-1-2-hour' -> a720bd5155804906afa3131eb686da70
  ✓ Activated version: edf84bcb835245b5bc8879106ced1179
  → Recovered missing Language ID for KLP via mapping: 22e3f4588c9d4b75b6ad515cac765d4d
  ✓ Resolved KLP link 'drug:magnesium-sulphate_1487111473832' → a7bc6e3c0e9e420492f575558a1dd688
Updated KLP 'klp-2-give-magnesium-sulphate' -> df87665ea160461fb327d789e48772c1
  ✓ Activated version: 0130ad4ece094a1b9c060c0024d1f82b
  → Recovered missing Language ID for KLP via mapping: 22e3f4588c9d4b75b6ad515cac765d4d
  ✓ Resolved KLP link 'video:/Hypertension/severe_preeclampsia_eclampsia' → a294bbaa0bcf4fde838aeb8b4644ee0f
  ✓ Resolved KLP link 'video:/Hypertension/severe_preeclampsia_eclampsia' → a294bbaa0bcf4fde838aeb8b4644ee0f
Updated KLP 'klp-2-toxicity' -> 0e9fc270334c45d98f1d97b22f14d4de
  ✓ Activated version: fab51e3624b940a1827004d422b43891
  → Recovered missing Language ID for KLP via mapping: 22e3f4588c9d4b75b6ad515cac765d4d
  ✓ Resolved KLP link 'drug:magnesium-sulphate_1487111473832' → a7bc6e3c0e9e420492f575558a1dd688
Updated KLP 'klp-2-maintain-dose-magnesium-sulphate' -> b843e9d21ae641d59ed7790afc2dafdb
  ✓ Activated version: ff65c403645448b4bdf126d5bf8298c8
  → Recovered missing Language ID for KLP via mapping: 22e3f4588c9d4b75b6ad515cac765d4d
  ✓ Resolved KLP link 'video:/Hypertension/severe_preeclampsia_eclampsia' → a294bbaa0bcf4fde838aeb8b4644ee0f
Updated KLP 'klp-3-refer-and-eclampsia' -> d0f94c1c05b7495cbc224aa08beccab9
  ✓ Activated version: c363b73a0cfd422b9cb898da32695937
  → Recovered missing Language ID for KLP via mapping: 22e3f4588c9d4b75b6ad515cac765d4d
  ✓ Resolved KLP link 'drug:betamethasone_1487080183154' → 68ad36d39eff4e28b00df56e3c8d0ee1
Updated KLP 'klp-3-lung-maturity' -> ecb7bb69dad44ac7a69f058aa1c69c0b
  ✓ Activated version: 0b837031cfeb467c8be6ecae3106e162
  → Recovered missing Language ID for KLP via mapping: 22e3f4588c9d4b75b6ad515cac765d4d
  ✓ Resolved KLP link 'video:/Hypertension/definitions' → d97aa23714d046398dc10ef50abf6444
  ✓ Resolved KLP link 'video:/Hypertension/definitions' → d97aa23714d046398dc10ef50abf6444
Updated KLP 'klp-2-proteinuria' -> 18336f93ee074ef2bc40bfe5828121e4
  ✓ Activated version: 5eb6263640fc48efb801a0ed62585341
  → Recovered missing Language ID for KLP via mapping: 22e3f4588c9d4b75b6ad515cac765d4d
  ✓ Resolved KLP link 'video:/Hypertension/causes' → c774bc1ad46e4031b7a3ff103a27522f
  ✓ Resolved KLP link 'video:/Hypertension/causes' → c774bc1ad46e4031b7a3ff103a27522f
Updated KLP 'klp-2-cure-of-pre-eclampsia' -> 04614b67c7cd4be889021e759b837966
  ✓ Activated version: ec280fbc260b4e9eb60dede2da825ebd
  → Recovered missing Language ID for KLP via mapping: 22e3f4588c9d4b75b6ad515cac765d4d
  ✓ Resolved KLP link 'video:/Hypertension/management_of_hypertension' → 14f67eb967944c45ab01efbe8f13203c
  ✓ Resolved KLP link 'video:/Hypertension/management_of_hypertension' → 14f67eb967944c45ab01efbe8f13203c
Updated KLP 'klp-3-maternal-death-and-pre-eclampsia' -> a91665da25e84694a2205e17b8a05ac7
  ✓ Activated version: aa961c7b0a8940e69e416d0af5b6a3a2
  → Recovered missing Language ID for KLP via mapping: 22e3f4588c9d4b75b6ad515cac765d4d
  ✓ Resolved KLP link 'video:/Hypertension/severe_preeclampsia_eclampsia' → a294bbaa0bcf4fde838aeb8b4644ee0f
Updated KLP 'klp-3-action-eclampsia' -> 5c55cc9ce8d04c4393b4af2f2219f6cf
  ✓ Activated version: 9137a6c3591846e8a4816a6986df754f
  → Recovered missing Language ID for KLP via mapping: 22e3f4588c9d4b75b6ad515cac765d4d
  ✓ Resolved KLP link 'video:/Hypertension/severe_preeclampsia_eclampsia' → a294bbaa0bcf4fde838aeb8b4644ee0f
Updated KLP 'klp-3-fluid-overload' -> a025806ee03142699c6e7f31f401ff90
  ✓ Activated version: fef43fb3898b4e6f932c1a1199bbd3f8
  → Recovered missing Language ID for KLP via mapping: 22e3f4588c9d4b75b6ad515cac765d4d
  ✓ Resolved KLP link 'video:/Hypertension/management_of_hypertension' → 14f67eb967944c45ab01efbe8f13203c
Updated KLP 'klp-1-calcium-gluconate' -> ecad6a98b63c4a11a01600ce67ab2fd6
  ✓ Activated version: 9c32ae62b1364ba1a844db9f745fcf90
  → Recovered missing Language ID for KLP via mapping: 22e3f4588c9d4b75b6ad515cac765d4d
  ✓ Resolved KLP link 'video:/Active management of third stage labour/intro' → 6201cc04dc7a4bcf909daf666626338a
Updated KLP 'klp-2-active-management' -> a3f9821c521a492dbe506af63057ed08
  ✓ Activated version: c7b262718a9b4ce9802989ed4d365c74
  → Recovered missing Language ID for KLP via mapping: 22e3f4588c9d4b75b6ad515cac765d4d
  ✓ Resolved KLP link 'video:/Active management of third stage labour/give_a_uterotonic_drug' → 2a8e1da8c2984bbf8981a3de1eb27959
Updated KLP 'klp-1-uterotonic-drug' -> eb09804bbb59401bafe96279c7ee8975
  ✓ Activated version: af371aca6af14dc7a655e01aa87828b1
  → Recovered missing Language ID for KLP via mapping: 22e3f4588c9d4b75b6ad515cac765d4d
  ✓ Resolved KLP link 'video:/Active management of third stage labour/give_a_uterotonic_drug' → 2a8e1da8c2984bbf8981a3de1eb27959
Updated KLP 'klp-1-oxytocin' -> 37532d3b6cd14d17a3fd21765893447f
  ✓ Activated version: 97dfaed5281346d9aea926fcecaf0740
  → Recovered missing Language ID for KLP via mapping: 22e3f4588c9d4b75b6ad515cac765d4d
  ✓ Resolved KLP link 'drug:oxytocin_1487156988152' → 8134a1b103c64d459f5a22ef0859a669
Updated KLP 'klp-1-dose-of-oxytocin' -> 5329838feaad4b30b2bd56e3f2783059
  ✓ Activated version: a04c69d31c9947dfb38df9ffee63956f
  → Recovered missing Language ID for KLP via mapping: 22e3f4588c9d4b75b6ad515cac765d4d
  ✓ Resolved KLP link 'video:/Active management of third stage labour/give_a_uterotonic_drug' → 2a8e1da8c2984bbf8981a3de1eb27959
Updated KLP 'klp-1-when-to-give-oxytocin' -> e7dc04bacc8641c6aa18d4efe96dbedd
  ✓ Activated version: 229ac30c1d584686bcc61e7742de7aa3
  → Recovered missing Language ID for KLP via mapping: 22e3f4588c9d4b75b6ad515cac765d4d
  ✓ Resolved KLP link 'drug:oxytocin_1487156988152' → 8134a1b103c64d459f5a22ef0859a669
Updated KLP 'klp-3-storage-of-oxytocin' -> d25da7dd3432455a8e4006f25125f7cd
  ✓ Activated version: e1790c062f394eadae5e5afe1cd06995
  → Recovered missing Language ID for KLP via mapping: 22e3f4588c9d4b75b6ad515cac765d4d
  ✓ Resolved KLP link 'drug:oxytocin_1487156988152' → 8134a1b103c64d459f5a22ef0859a669
Updated KLP 'klp-1-misoprostol' -> 179e0b3d2045417e81d43858608d70f4
  ✓ Activated version: e7371ff91b7a45269c607240027387af
  → Recovered missing Language ID for KLP via mapping: 22e3f4588c9d4b75b6ad515cac765d4d
  ✓ Resolved KLP link 'drug:misoprostol_1487112562173' → 1ad5e35a0e4e4cec9e7fc137d85ed493
Updated KLP 'klp-1-heat-stable-carbetocin' -> d55f2a47b7fd4796a7c6c1fd0e26e5cf
  ✓ Activated version: fabc3c1e2a95435eb9fe17810542e821
  → Recovered missing Language ID for KLP via mapping: 22e3f4588c9d4b75b6ad515cac765d4d
  ✓ Resolved KLP link 'video:/Active management of third stage labour/assess_the_newborn' → eedab7ed130f4cc188756632bd13a742
Updated KLP 'klp-1-when-to-assess-the-newborn' -> 3f0e813648f54b8591097bcb70e8443f
  ✓ Activated version: 5ef5ae831ce24858a5abfcf7d60e46f2
  → Recovered missing Language ID for KLP via mapping: 22e3f4588c9d4b75b6ad515cac765d4d
  ✓ Resolved KLP link 'video:/Active management of third stage labour/assess_the_newborn' → eedab7ed130f4cc188756632bd13a742
Updated KLP 'klp-2-thick-meconium' -> a130b08c4e6043868c4c742194b6da10
  ✓ Activated version: eddc927972754a89a293c3f87eb11369
  → Recovered missing Language ID for KLP via mapping: 22e3f4588c9d4b75b6ad515cac765d4d
  ✓ Resolved KLP link 'video:/Active management of third stage labour/assess_the_newborn' → eedab7ed130f4cc188756632bd13a742
Updated KLP 'klp-1-suction-thick-meconium' -> 261eb343138d4f41ac0f81d70e72f2ec
  ✓ Activated version: d2b32cec8aef489eb7c45ff7c461e835
  → Recovered missing Language ID for KLP via mapping: 22e3f4588c9d4b75b6ad515cac765d4d
  ✓ Resolved KLP link 'video:/Active management of third stage labour/assess_the_newborn' → eedab7ed130f4cc188756632bd13a742
Updated KLP 'klp-2-dry-of-the-baby' -> dbf234db64d54ee3bde100e72af13835
  ✓ Activated version: 8b1c191a57f642afbd78b9fb9fdb2d6d
  → Recovered missing Language ID for KLP via mapping: 22e3f4588c9d4b75b6ad515cac765d4d
  ✓ Resolved KLP link 'video:/Active management of third stage labour/assess_the_newborn' → eedab7ed130f4cc188756632bd13a742
Updated KLP 'klp-3-warm-baby' -> 195fd8ffee6d4586add1be3f30da76d4
  ✓ Activated version: e554f90d23344e21823196b02c706576
  → Recovered missing Language ID for KLP via mapping: 22e3f4588c9d4b75b6ad515cac765d4d
  ✓ Resolved KLP link 'video:/Active management of third stage labour/assess_the_newborn' → eedab7ed130f4cc188756632bd13a742
Updated KLP 'klp-1-newborn-not-breathing-well' -> e18d825a79f4493bb2eea8725be7386b
  ✓ Activated version: e0b7562e6f2849019ea1261b9424e8b9
  → Recovered missing Language ID for KLP via mapping: 22e3f4588c9d4b75b6ad515cac765d4d
  ✓ Resolved KLP link 'video:/Active management of third stage labour/assess_the_newborn' → eedab7ed130f4cc188756632bd13a742
Updated KLP 'klp-2-stable-newborn' -> f43ad9ab01834358b3cd7ad7a8ae2eca
  ✓ Activated version: b6874d27f33042dea70c67851e877938
  → Recovered missing Language ID for KLP via mapping: 22e3f4588c9d4b75b6ad515cac765d4d
  ✓ Resolved KLP link 'video:/Active management of third stage labour/clamp_and_cut_the_umbilical_cord' → f14815efdb8540c7a215af4c819935c5
Updated KLP 'klp-3-clamp-umbilical-cord' -> ebf4d7f4cee74417bb2c94e2ed814462
  ✓ Activated version: 707ad2b5ec2f47168a16d045fd094e32
  → Recovered missing Language ID for KLP via mapping: 22e3f4588c9d4b75b6ad515cac765d4d
  ✓ Resolved KLP link 'video:/Active management of third stage labour/controlled_cord_traction' → 6a0b33ceb7484a52aa11bc30d30c8b03
Updated KLP 'klp-2-cord-traction' -> d771b16de68b4d44bd1d5af179aff0e4
  ✓ Activated version: e72c36aa2cb3485b90ece859870042a8
  → Recovered missing Language ID for KLP via mapping: 22e3f4588c9d4b75b6ad515cac765d4d
  ✓ Resolved KLP link 'video:/Active management of third stage labour/controlled_cord_traction' → 6a0b33ceb7484a52aa11bc30d30c8b03
Updated KLP 'klp-3-counter-pressure-pubic-bone' -> 9a443ed11eb748f085e50ae120d72a46
  ✓ Activated version: f99076c56b7b4d1b975d6add3a6e9a31
  → Recovered missing Language ID for KLP via mapping: 22e3f4588c9d4b75b6ad515cac765d4d
  ✓ Resolved KLP link 'video:/Active management of third stage labour/controlled_cord_traction' → 6a0b33ceb7484a52aa11bc30d30c8b03
Updated KLP 'klp-3-rounded-uterus' -> 04c3f66f25b948d28ad7a39ed77fd59a
  ✓ Activated version: b264be9d875c4ebaae96fce99ea865ab
  → Recovered missing Language ID for KLP via mapping: 22e3f4588c9d4b75b6ad515cac765d4d
  ✓ Resolved KLP link 'video:/Active management of third stage labour/controlled_cord_traction' → 6a0b33ceb7484a52aa11bc30d30c8b03
Updated KLP 'klp-3-push-for-the-placenta' -> 3b0b5f6b00614f93ae988d7e0dee3e96
  ✓ Activated version: 72b1dea8247c413c8859879edd5abb88
  → Recovered missing Language ID for KLP via mapping: 22e3f4588c9d4b75b6ad515cac765d4d
  ✓ Resolved KLP link 'video:/Active management of third stage labour/controlled_cord_traction' → 6a0b33ceb7484a52aa11bc30d30c8b03
Updated KLP 'klp-1-check-uterus' -> 3ecc87dfe1e74777b2f46224debb9b59
  ✓ Activated version: e352b9f82a654335ba03318128baeaaa
  → Recovered missing Language ID for KLP via mapping: 22e3f4588c9d4b75b6ad515cac765d4d
  ✓ Resolved KLP link 'video:/Active management of third stage labour/controlled_cord_traction' → 6a0b33ceb7484a52aa11bc30d30c8b03
Updated KLP 'klp-2-measure-blood-loss' -> 09f8f7a55ae545d0a3193238a586e01f
  ✓ Activated version: 01a5e6d24eb8411c92969eef729a0f46
  → Recovered missing Language ID for KLP via mapping: 22e3f4588c9d4b75b6ad515cac765d4d
  ✓ Resolved KLP link 'video:/Active management of third stage labour/examine_the_placenta' → 00a9e20898bb4511914a8786581b106a
Updated KLP 'klp-1-examine-the-placenta' -> 9ad04eb30c2d498a9483e34b56bfa4f7
  ✓ Activated version: fe7c73f812df4a48a0c909d9b7a50007
  → Recovered missing Language ID for KLP via mapping: 22e3f4588c9d4b75b6ad515cac765d4d
  ✓ Resolved KLP link 'video:/Active management of third stage labour/examine_the_placenta' → 00a9e20898bb4511914a8786581b106a
Updated KLP 'klp-2-maternal-surface-of-placenta' -> 3e4aeab667fb40fb886f46f3ec0c692f
  ✓ Activated version: c56f28b14b954fdd81ebdaa844aa4ce5
  → Recovered missing Language ID for KLP via mapping: 22e3f4588c9d4b75b6ad515cac765d4d
  ✓ Resolved KLP link 'video:/Active management of third stage labour/monitoring' → a0e85bc09ea64c75a3be54e2aabc7312
Updated KLP 'klp-2-no-unattended-mother-and-newborn' -> 22b43e2858044464a625293d934a9ac8
  ✓ Activated version: 54979f7bbac444819ddc072b6f740356
  → Recovered missing Language ID for KLP via mapping: 22e3f4588c9d4b75b6ad515cac765d4d
  ✓ Resolved KLP link 'video:/Active management of third stage labour/monitoring' → a0e85bc09ea64c75a3be54e2aabc7312
Updated KLP 'klp-3-skin-to-skin-contact' -> 2da3eab7ac7645faa6b3d59dad27c812
  ✓ Activated version: 41e8c78b94794a0d86d2b207e04696f3
  → Recovered missing Language ID for KLP via mapping: 22e3f4588c9d4b75b6ad515cac765d4d
  ✓ Resolved KLP link 'video:/Active management of third stage labour/monitoring' → a0e85bc09ea64c75a3be54e2aabc7312
Updated KLP 'klp-1-check-mother-after-birth' -> 7480581e19224b93ba222ffee226c390
  ✓ Activated version: 7e62494d62c04e27b5cef789689344b1
  → Recovered missing Language ID for KLP via mapping: 22e3f4588c9d4b75b6ad515cac765d4d
  ✓ Resolved KLP link 'video:/Active management of third stage labour/monitoring' → a0e85bc09ea64c75a3be54e2aabc7312
Updated KLP 'klp-3-how-often-check-mother' -> 6374293c5d904dc6b97a0fadfefaadd2
  ✓ Activated version: 7acea7ee8e024673981c07d5d16833a0
  → Recovered missing Language ID for KLP via mapping: 22e3f4588c9d4b75b6ad515cac765d4d
  ✓ Resolved KLP link 'video:/Active management of third stage labour/monitoring' → a0e85bc09ea64c75a3be54e2aabc7312
Updated KLP 'klp-3-how-often-check-newborn' -> 895844baa1a04c2a9bd98fdc1574ca00
  ✓ Activated version: 8b84eed47e2c4aee8282ffa9c5f5d0e7
  → Recovered missing Language ID for KLP via mapping: 22e3f4588c9d4b75b6ad515cac765d4d
  ✓ Resolved KLP link 'video:/Active management of third stage labour/monitoring' → a0e85bc09ea64c75a3be54e2aabc7312
Updated KLP 'klp-2-check-the-newborn-after-birth' -> c93e6d65976a443aaaa81e776f730686
  ✓ Activated version: 0ee5d4c28d8e446d941835273e41174f
  → Recovered missing Language ID for KLP via mapping: 22e3f4588c9d4b75b6ad515cac765d4d
  ✓ Resolved KLP link 'video:/Active management of third stage labour/monitoring' → a0e85bc09ea64c75a3be54e2aabc7312
Updated KLP 'klp-3-cord-monitor' -> fbe2da722d6544a2ba6391e2ef92d9d9
  ✓ Activated version: b1f8a61090e248618182174057edd474
  → Recovered missing Language ID for KLP via mapping: 22e3f4588c9d4b75b6ad515cac765d4d
  ✓ Resolved KLP link 'video:/Active management of third stage labour/monitoring' → a0e85bc09ea64c75a3be54e2aabc7312
Updated KLP 'klp-2-apgar-score-and-vit-k' -> 1e851bb232cf433aa8547668dd32189e
  ✓ Activated version: 64e295e1e1d0410da810b80161b6ea4c
  → Recovered missing Language ID for KLP via mapping: 22e3f4588c9d4b75b6ad515cac765d4d
  ✓ Resolved KLP link 'video:/Active management of third stage labour/monitoring' → a0e85bc09ea64c75a3be54e2aabc7312
Updated KLP 'klp-2-early-breastfeeding-newborn' -> 987d9fac60a948eea2ab2a433cae1d13
  ✓ Activated version: 6aa7cf35827548d597cb7b03cfb83f6f
  → Recovered missing Language ID for KLP via mapping: 22e3f4588c9d4b75b6ad515cac765d4d
  ✓ Resolved KLP link 'video:/Active management of third stage labour/monitoring' → a0e85bc09ea64c75a3be54e2aabc7312
Updated KLP 'klp-3-early-breastfeeding-mother' -> 2b9f3813fccb41d9b08fa63e513b3f7a
  ✓ Activated version: 9a98615a244a4af8a53666175cf5e299
  → Recovered missing Language ID for KLP via mapping: 22e3f4588c9d4b75b6ad515cac765d4d
  ✓ Resolved KLP link 'video:/Active management of third stage labour/controlled_cord_traction' → 6a0b33ceb7484a52aa11bc30d30c8b03
Updated KLP 'klp-3-delivery-of-membranes' -> c563f5f818cb4e7fbe1d63cc6898ee29
  ✓ Activated version: d4d8882d5dd74d19b5f249359bedcb8b
  → Recovered missing Language ID for KLP via mapping: 22e3f4588c9d4b75b6ad515cac765d4d
  ✓ Resolved KLP link 'video:/Active management of third stage labour/controlled_cord_traction' → 6a0b33ceb7484a52aa11bc30d30c8b03
Updated KLP 'klp-2-estimation-of-blood-loss' -> db3d1b4d3c1d4ab1a87832861e7c06d2
  ✓ Activated version: 512fd55444734851b3a533fa9ce9cfa8
  → Recovered missing Language ID for KLP via mapping: 22e3f4588c9d4b75b6ad515cac765d4d
  ✓ Resolved KLP link 'video:/Prolonged labour/intro' → 6201cc04dc7a4bcf909daf666626338a
Updated KLP 'klp-1-complication-prolonged-mother' -> c5a8a31cf4da49d7a92db916ffaef08a
  ✓ Activated version: a4489a49ed6646faa347a4038f734cc1
  → Recovered missing Language ID for KLP via mapping: 22e3f4588c9d4b75b6ad515cac765d4d
  ✓ Resolved KLP link 'video:/Prolonged labour/intro' → 6201cc04dc7a4bcf909daf666626338a
Updated KLP 'klp-1-complication-prolonged-infant' -> aa5b89ef52ff41969a3d3e6481ba1a34
  ✓ Activated version: e11f215bf43b41498d7537975e5288d4
  → Recovered missing Language ID for KLP via mapping: 22e3f4588c9d4b75b6ad515cac765d4d
  ✓ Resolved KLP link 'video:/Prolonged labour/causes' → c774bc1ad46e4031b7a3ff103a27522f
Updated KLP 'klp-2-causes' -> ae2bb26647084a148271a7b6bd6fd035
  ✓ Activated version: dabfffb2202a430c944042679887bdde
  → Recovered missing Language ID for KLP via mapping: 22e3f4588c9d4b75b6ad515cac765d4d
  ✓ Resolved KLP link 'video:/Prolonged labour/causes' → c774bc1ad46e4031b7a3ff103a27522f
Updated KLP 'klp-2-power' -> 98e5b3642b8c4fefa445993b98507302
  ✓ Activated version: 2c6145d377e74041b917def36d8572c1
  → Recovered missing Language ID for KLP via mapping: 22e3f4588c9d4b75b6ad515cac765d4d
  ✓ Resolved KLP link 'video:/Prolonged labour/causes' → c774bc1ad46e4031b7a3ff103a27522f
Updated KLP 'klp-3-pelvis-passage' -> 6b33585d5f5d4832a8e4a386eae47df8
  ✓ Activated version: b854bef5dfd840ceb85a4dfb43f29ded
  → Recovered missing Language ID for KLP via mapping: 22e3f4588c9d4b75b6ad515cac765d4d
  ✓ Resolved KLP link 'video:/Prolonged labour/causes' → c774bc1ad46e4031b7a3ff103a27522f
Updated KLP 'klp-3-small-pelvis' -> 2e224ac181514f3c81c931fbe75a08ca
  ✓ Activated version: 839eaec2ded04b7088840ae49719b8b9
  → Recovered missing Language ID for KLP via mapping: 22e3f4588c9d4b75b6ad515cac765d4d
  ✓ Resolved KLP link 'video:/Prolonged labour/causes' → c774bc1ad46e4031b7a3ff103a27522f
Updated KLP 'klp-2-know-small-pelvis' -> 2862ac45f23541eaa21bb362977a8e5f
  ✓ Activated version: 10e45b912a23426d98e5424b5693f809
  → Recovered missing Language ID for KLP via mapping: 22e3f4588c9d4b75b6ad515cac765d4d
  ✓ Resolved KLP link 'video:/Prolonged labour/causes' → c774bc1ad46e4031b7a3ff103a27522f
Updated KLP 'klp-2-passenger' -> 921373ddb3e4477d85e6fda52fe42c2b
  ✓ Activated version: b89ddcb09f94465e8a8b6d3ecceda795
  → Recovered missing Language ID for KLP via mapping: 22e3f4588c9d4b75b6ad515cac765d4d
  ✓ Resolved KLP link 'video:/Prolonged labour/causes' → c774bc1ad46e4031b7a3ff103a27522f
Updated KLP 'klp-3-psyche' -> 079064f3585443dca4345b0a81285029
  ✓ Activated version: 7d92ab9d82b5419d8242dede7ddca548
  → Recovered missing Language ID for KLP via mapping: 22e3f4588c9d4b75b6ad515cac765d4d
  ✓ Resolved KLP link 'video:/Prolonged labour/2nd_stage_prolonged' → 637b43cad26146b8ac6ec72d613b307d
Updated KLP 'klp-1-pushing' -> 0b7db7428da74915ba83ef4f2c453b7b
  ✓ Activated version: 23f8005ae5b44ec8a029bb1a02e6ac23
  → Recovered missing Language ID for KLP via mapping: 22e3f4588c9d4b75b6ad515cac765d4d
  ✓ Resolved KLP link 'video:/Prolonged labour/2nd_stage_prolonged' → 637b43cad26146b8ac6ec72d613b307d
Updated KLP 'klp-3-push-how-long' -> f4575658ec274b7f88bb81a5862b7b84
  ✓ Activated version: dfed7ad27c1c470c82eb743fd8d0d656
  → Recovered missing Language ID for KLP via mapping: 22e3f4588c9d4b75b6ad515cac765d4d
  ✓ Resolved KLP link 'video:/Prolonged labour/2nd_stage_vacuum_extraction' → 748f9794e1c147569c5a9dc23525549b
Updated KLP 'klp-1-indication-for-vacuum' -> b2024fbed57949b7989bcf10ecb4a658
  ✓ Activated version: ecfe1106c8794e82bf6493b4241eecd9
  → Recovered missing Language ID for KLP via mapping: 22e3f4588c9d4b75b6ad515cac765d4d
  ✓ Resolved KLP link 'video:/Prolonged labour/2nd_stage_vacuum_extraction' → 748f9794e1c147569c5a9dc23525549b
Updated KLP 'klp-1-fhr' -> a6cf6393980a428eb6a89d85314dcefc
  ✓ Activated version: 960bafa192a04c28933d0f7d36a11c89
  → Recovered missing Language ID for KLP via mapping: 22e3f4588c9d4b75b6ad515cac765d4d
  ✓ Resolved KLP link 'video:/Prolonged labour/2nd_stage_vacuum_extraction' → 748f9794e1c147569c5a9dc23525549b
Updated KLP 'klp-2-fhr-and-contractions' -> 747c89ea689b439b8d7ebf27b98e3f1f
  ✓ Activated version: d3aba3cac4dc474c9a3604d8b500579c
  → Recovered missing Language ID for KLP via mapping: 22e3f4588c9d4b75b6ad515cac765d4d
  ✓ Resolved KLP link 'procedure:vacuum-extractor_1487245649303' → afac8731991045aa9e6c3a20b4f1a051
Updated KLP 'klp-3-prerequisites-for-vacuum' -> 1f7776fa1ab44002941edf8f1405b8e5
  ✓ Activated version: 72e21e8a1e044e90927b699b24f2807a
  → Recovered missing Language ID for KLP via mapping: 22e3f4588c9d4b75b6ad515cac765d4d
  ✓ Resolved KLP link 'video:/Prolonged labour/2nd_stage_vacuum_extraction' → 748f9794e1c147569c5a9dc23525549b
Updated KLP 'klp-2-complications-to-vacuum-extraction' -> 3577bb56b3724e48a251c4ccfe09157b
  ✓ Activated version: f1d69f6e541548b7a8ed46d7eae5fd14
  → Recovered missing Language ID for KLP via mapping: 22e3f4588c9d4b75b6ad515cac765d4d
  ✓ Resolved action-card link 'action-card:procedures-by-also_1486848037447' via token overlap (2/3 tokens) → res-action-card-vacuum-delivery-procedure-as-by-also
  ✓ Resolved KLP link 'action-card:procedures-by-also_1486848037447' → d2fa6384547a46cdb4172133de5c9599
Updated KLP 'klp-2-preparation-for-vacuum' -> db9ff383fa844608a57505d27ac9c104
  ✓ Activated version: 4fd6060f6aa04ce4ae16fbae00a86b13
  → Recovered missing Language ID for KLP via mapping: 22e3f4588c9d4b75b6ad515cac765d4d
  ✓ Resolved KLP link 'video:/Prolonged labour/2nd_stage_vacuum_extraction' → 748f9794e1c147569c5a9dc23525549b
Updated KLP 'klp-1-give-up-vacuum' -> 3507f776940a403baa81abc245245761
  ✓ Activated version: b7218f48ee4f4c798caa077c977e414e
  → Recovered missing Language ID for KLP via mapping: 22e3f4588c9d4b75b6ad515cac765d4d
  ✓ Resolved KLP link 'video:/Prolonged labour/2nd_stage_vacuum_extraction' → 748f9794e1c147569c5a9dc23525549b
Updated KLP 'klp-3-incision' -> 3369026d00a04dacb57fb85f092c409b
  ✓ Activated version: 44c4bbab8b3e429e8537079a91c73e54
  → Recovered missing Language ID for KLP via mapping: 22e3f4588c9d4b75b6ad515cac765d4d
  ✓ Resolved KLP link 'video:/Prolonged labour/causes' → c774bc1ad46e4031b7a3ff103a27522f
Updated KLP 'klp-2-cephalic-occiput-posterior' -> 94e24faa2c154de99d1d53d4e1d1340e
  ✓ Activated version: b04337f92aae4512bfd628a98695eaf4
  → Recovered missing Language ID for KLP via mapping: 22e3f4588c9d4b75b6ad515cac765d4d
  ✓ Resolved KLP link 'video:/Prolonged labour/causes' → c774bc1ad46e4031b7a3ff103a27522f
Updated KLP 'klp-3-more-comfortable' -> 2eeb4103b3f244ff89a3369e8cd10506
  ✓ Activated version: 6de1a476fac049d6b028567cc6ee43d6
  → Recovered missing Language ID for KLP via mapping: 22e3f4588c9d4b75b6ad515cac765d4d
  ✓ Resolved KLP link 'video:/Prolonged labour/1st_stage_latent_phase' → 1abaae50753c47238552dbec70ab5f20
Updated KLP 'klp-3-prolonged-first-stage-latent-phase' -> 5d5826b32773431cb7acc6d890032bfa
  ✓ Activated version: 677d951c96614c45a6117c91ecd67a09
  → Recovered missing Language ID for KLP via mapping: 22e3f4588c9d4b75b6ad515cac765d4d
  ✓ Resolved KLP link 'video:/Prolonged labour/1st_stage_latent_phase' → 1abaae50753c47238552dbec70ab5f20
Updated KLP 'klp-3-contractions-causes-if-not-prolonged-latent-phase' -> a1ce8cbc87ef4c4284a2025985fffb9f
  ✓ Activated version: 07551919f26f4201a0b42f9cbd0086b9
  → Recovered missing Language ID for KLP via mapping: 22e3f4588c9d4b75b6ad515cac765d4d
  ✓ Resolved KLP link 'video:/Prolonged labour/1st_stage_active_phase' → 3b0bd17608e746a6b11dfbac50629a44
Updated KLP 'klp-1-prolonged-first-stage-active-phase' -> e856a33c000f40daa730802878a0c601
  ✓ Activated version: d5fe9a4940aa47d7b4daab2cb5ad3966
  → Recovered missing Language ID for KLP via mapping: 22e3f4588c9d4b75b6ad515cac765d4d
  ✓ Resolved KLP link 'video:/Prolonged labour/1st_stage_active_phase' → 3b0bd17608e746a6b11dfbac50629a44
Updated KLP 'klp-2-progress-of-labour' -> 73f055a0f6d8490ba87ba2f3598b6946
  ✓ Activated version: a992f11d0b694e03876c7d59dafac4df
  → Recovered missing Language ID for KLP via mapping: 22e3f4588c9d4b75b6ad515cac765d4d
  ✓ Resolved KLP link 'video:/Prolonged labour/1st_stage_active_phase' → 3b0bd17608e746a6b11dfbac50629a44
Updated KLP 'klp-1-partograph-with-dilatation-between-alert-and-action-line' -> 04dc755bd9e7404188a722f97cb536ae
  ✓ Activated version: 9a4ef621d48149c3847e026fce93fc0d
  → Recovered missing Language ID for KLP via mapping: 22e3f4588c9d4b75b6ad515cac765d4d
  ✓ Resolved KLP link 'video:/Prolonged labour/1st_stage_active_phase' → 3b0bd17608e746a6b11dfbac50629a44
Updated KLP 'klp-2-cervical-dilatation' -> 217bde5c2a8c400babf829ec59b87127
  ✓ Activated version: 6c94abb6a7a64910b359b77e5e3b6df7
  → Recovered missing Language ID for KLP via mapping: 22e3f4588c9d4b75b6ad515cac765d4d
  ✓ Resolved KLP link 'procedure:foetal-heart-rate_1487245616159' → 1f870be16c904b15ada37974848332e3
Updated KLP 'klp-1-immediate-delivery' -> f3f60d356443461097cac49fe27ab980
  ✓ Activated version: e3330547e96c453c9f13b1cda80cc0fe
  → Recovered missing Language ID for KLP via mapping: 22e3f4588c9d4b75b6ad515cac765d4d
  ✓ Resolved KLP link 'procedure:vacuum-extractor_1487245649303' → afac8731991045aa9e6c3a20b4f1a051
Updated KLP 'klp-1-head-above-the-pubic-bone' -> ad4b51c1a040467f81335fa4a38ced1c
  ✓ Activated version: e96a464d9b7c4f53af009c4fd1051e98
  → Recovered missing Language ID for KLP via mapping: 22e3f4588c9d4b75b6ad515cac765d4d
  ✓ Resolved KLP link 'video:/Prolonged labour/2nd_stage_vacuum_extraction' → 748f9794e1c147569c5a9dc23525549b
Updated KLP 'klp-3-posterior-fontanelle-where' -> 87a17bca9b0344118c73713b1af06f6d
  ✓ Activated version: 3a1e246d6ed745d193475f43e5e369c5
  → Recovered missing Language ID for KLP via mapping: 22e3f4588c9d4b75b6ad515cac765d4d
  ✓ Resolved KLP link 'video:/Prolonged labour/2nd_stage_vacuum_extraction' → 748f9794e1c147569c5a9dc23525549b
Updated KLP 'klp-2-posterior-fontanelle' -> c664b79d86af4bb382c062366cc71077
  ✓ Activated version: 955a8b8538a24508ab78869c15fe4888
  → Recovered missing Language ID for KLP via mapping: 22e3f4588c9d4b75b6ad515cac765d4d
  ✓ Resolved KLP link 'video:/Prolonged labour/2nd_stage_vacuum_extraction' → 748f9794e1c147569c5a9dc23525549b
Updated KLP 'klp-1-placing-the-cup' -> bc4300e2ec624f008de0426c786d38df
  ✓ Activated version: 46444f8bf68643c8b20b06622b88e7d3
  → Recovered missing Language ID for KLP via mapping: 22e3f4588c9d4b75b6ad515cac765d4d
  ✓ Resolved KLP link 'video:/Prolonged labour/2nd_stage_vacuum_extraction' → 748f9794e1c147569c5a9dc23525549b
Updated KLP 'klp-1-check-for-maternal-tissue' -> ae9b0380257244069eec8c975caa2c2d
  ✓ Activated version: 391b8682a22242179001113f0cf454c1
  → Recovered missing Language ID for KLP via mapping: 22e3f4588c9d4b75b6ad515cac765d4d
  ✓ Resolved KLP link 'video:/Prolonged labour/2nd_stage_vacuum_extraction' → 748f9794e1c147569c5a9dc23525549b
Updated KLP 'klp-3-flexion-point' -> 998e136c4eb549208d10938af7609046
  ✓ Activated version: 37475d4eba8f4dc484adf4b1b822281f
  → Recovered missing Language ID for KLP via mapping: 22e3f4588c9d4b75b6ad515cac765d4d
  ✓ Resolved KLP link 'video:/Prolonged labour/2nd_stage_vacuum_extraction' → 748f9794e1c147569c5a9dc23525549b
Updated KLP 'klp-3-intact-perineum' -> f76daa6db09b4061a27cc763b58957ca
  ✓ Activated version: 57ec09229ad14b5cb51928a9558101c5
  → Recovered missing Language ID for KLP via mapping: 22e3f4588c9d4b75b6ad515cac765d4d
  ✓ Resolved KLP link 'video:/Prolonged labour/2nd_stage_prolonged' → 637b43cad26146b8ac6ec72d613b307d
Updated KLP 'klp-2-prolonged-second-stage' -> bf56210b5d01427abad56223321c8fed
  ✓ Activated version: 5d1e0cd02ae64609abd5fea9d66c3c2c
  → Recovered missing Language ID for KLP via mapping: 22e3f4588c9d4b75b6ad515cac765d4d
  ✓ Resolved KLP link 'video:/Post partum hemorrage/intro' → 6201cc04dc7a4bcf909daf666626338a
Updated KLP 'klp-1-maternal-death' -> fe638dee3d574e479d4777337fba8191
  ✓ Activated version: 8f32e6f1a979476fa33d41c05a3f4ad9
  → Recovered missing Language ID for KLP via mapping: 22e3f4588c9d4b75b6ad515cac765d4d
  ✓ Resolved KLP link 'video:/Post partum hemorrage/intro' → 6201cc04dc7a4bcf909daf666626338a
Updated KLP 'klp-1-loss-of-tone' -> 0c661123537648f8919c8226c38e0b52
  ✓ Activated version: 98a702387ef841e19e23440dc2aecca0
  → Recovered missing Language ID for KLP via mapping: 22e3f4588c9d4b75b6ad515cac765d4d
  ✓ Resolved KLP link 'video:/Post partum hemorrage/intro' → 6201cc04dc7a4bcf909daf666626338a
Updated KLP 'klp-1-call-for-help-then-stop-the-bleeding' -> 8a89bb4fa7724734819cde6e726ea0bb
  ✓ Activated version: ef597e829670484ea31b70f0a96a0d84
  → Recovered missing Language ID for KLP via mapping: 22e3f4588c9d4b75b6ad515cac765d4d
  ✓ Resolved KLP link 'video:/Post partum hemorrage/intro' → 6201cc04dc7a4bcf909daf666626338a
Updated KLP 'klp-1-symptoms-for-pph' -> a1c176edc5c14bb98a6c4709562ddd1c
  ✓ Activated version: 2ce04831b90743b1a796dc005c95c489
  → Recovered missing Language ID for KLP via mapping: 22e3f4588c9d4b75b6ad515cac765d4d
  ✓ Resolved KLP link 'video:/Post partum hemorrage/intro' → 6201cc04dc7a4bcf909daf666626338a
Updated KLP 'klp-1-occult-bleeding' -> 2bf320f342af40ee8ea0bd304c5a5a8e
  ✓ Activated version: 69eb5c6393fc46f5baad2c1042055465
  → Recovered missing Language ID for KLP via mapping: 22e3f4588c9d4b75b6ad515cac765d4d
  ✓ Resolved KLP link 'video:/Post partum hemorrage/intro' → 6201cc04dc7a4bcf909daf666626338a
Updated KLP 'klp-1-moderate-bleeding-characteristics' -> 8c613677849942e4876ccc0691c9a0fe
  ✓ Activated version: 5f11d737e27a46a39bebbaaac6d950ff
  → Recovered missing Language ID for KLP via mapping: 22e3f4588c9d4b75b6ad515cac765d4d
  ✓ Resolved KLP link 'video:/Post partum hemorrage/uterus_massage' → 781eba0d21b24576bd30893f94476667
Updated KLP 'klp-3-uterine-massage' -> 8e23bf02e8ab4f42aa74f4167fa627aa
  ✓ Activated version: 92295d7dadd7456a82db72147e2805a6
  → Recovered missing Language ID for KLP via mapping: 22e3f4588c9d4b75b6ad515cac765d4d
  ✓ Resolved KLP link 'video:/Post partum hemorrage/empty_the_bladder' → aced291abb8e46cfad65804fadd0d32f
Updated KLP 'klp-2-empty-the-bladder' -> 82f05eac39074f33ad9f3799968d62f0
  ✓ Activated version: 02d8988fd7724c7da1a86257fefe6a28
  → Recovered missing Language ID for KLP via mapping: 22e3f4588c9d4b75b6ad515cac765d4d
  ✓ Resolved KLP link 'video:/Post partum hemorrage/intro' → 6201cc04dc7a4bcf909daf666626338a
Updated KLP 'klp-1-vital-signs' -> 9618775b348a4a759cfd5e915d5761e4
  ✓ Activated version: 738c04480bb24193a9b08a6136996cef
  → Recovered missing Language ID for KLP via mapping: 22e3f4588c9d4b75b6ad515cac765d4d
  ✓ Resolved KLP link 'video:/Post partum hemorrage/intro' → 6201cc04dc7a4bcf909daf666626338a
Updated KLP 'klp-1-strong-bleeding-characteristics' -> 8b8593dcfc314919871a665bf9f321ac
  ✓ Activated version: 930e610a59b34391936726218e40fee5
  → Recovered missing Language ID for KLP via mapping: 22e3f4588c9d4b75b6ad515cac765d4d
  ✓ Resolved KLP link 'video:/Post partum hemorrage/bimanual_compression' → 0468653865854373a5485fa5f0dbc60e
Updated KLP 'klp-1-bimanual-compression' -> 2f644d57fb1c43c7a3559f9ff6cbe3c4
  ✓ Activated version: 669acaca45f5454a9ff58e2e097dc31e
  → Recovered missing Language ID for KLP via mapping: 22e3f4588c9d4b75b6ad515cac765d4d
  ✓ Resolved KLP link 'video:/Post partum hemorrage/bimanual_compression' → 0468653865854373a5485fa5f0dbc60e
Updated KLP 'klp-2-bimanual-compression-procedure' -> 4c10d926733d4fecb113bde4dba50743
  ✓ Activated version: 2c1e6f1685c34a758a771a24eccfa8ff
  → Recovered missing Language ID for KLP via mapping: 22e3f4588c9d4b75b6ad515cac765d4d
  ✓ Resolved KLP link 'video:/Post partum hemorrage/bimanual_compression' → 0468653865854373a5485fa5f0dbc60e
Updated KLP 'klp-2-bimanual-compression-type-of-gloves' -> 8776fc4cc9a84f5f9b30d268c890f2b9
  ✓ Activated version: ef37e22e1d4f4e0584b505a57ac4f0fd
  → Recovered missing Language ID for KLP via mapping: 22e3f4588c9d4b75b6ad515cac765d4d
  ✓ Resolved KLP link 'drug:tranexamic-acid_1490713231363' → efec554769984a3189ac19d86b2f2014
Updated KLP 'klp-3-pph-drugs' -> 92003978d11043b2adde4185bb705eff
  ✓ Activated version: 1c0c73f1970b4d0eab017a58c0465a4a
  → Recovered missing Language ID for KLP via mapping: 22e3f4588c9d4b75b6ad515cac765d4d
  ✓ Resolved KLP link 'drug:misoprostol_1487112562173' → 1ad5e35a0e4e4cec9e7fc137d85ed493
Updated KLP 'klp-2-carbetocin' -> fb311237df9d4e08b1cf09cecec93094
  ✓ Activated version: 38d382ab474b47c5bb4e46a26bf63d15
  → Recovered missing Language ID for KLP via mapping: 22e3f4588c9d4b75b6ad515cac765d4d
  ✓ Resolved KLP link 'drug:ergometrine_1487103846814' → 2e600c6b443440e8acb6a72da07c1b85
Updated KLP 'klp-3-ergometrine' -> 7f6cadc1814b4a9d84b4f9610415c52d
  ✓ Activated version: 7fd5351f3be6446f979bb80c75961a52
  → Recovered missing Language ID for KLP via mapping: 22e3f4588c9d4b75b6ad515cac765d4d
  ✓ Resolved KLP link 'video:/Post partum hemorrage/intro' → 6201cc04dc7a4bcf909daf666626338a
Updated KLP 'klp-1-prioritize-manual-maneuvers' -> ff0e6d29f4144e25819cb77fed8de78c
  ✓ Activated version: d35e776de7614250a04db0e1c93ee788
  → Recovered missing Language ID for KLP via mapping: 22e3f4588c9d4b75b6ad515cac765d4d
  ✓ Resolved KLP link 'video:/Post partum hemorrage/trauma' → 7a10049e2e454198a2d99f67cd003053
Updated KLP 'klp-2-bleeding-from-a-vaginal-tear' -> 3c1486321a0144deb757c58e736d1e07
  ✓ Activated version: 8ed39db4827a402ea31c35c6a0b018c8
  → Recovered missing Language ID for KLP via mapping: 22e3f4588c9d4b75b6ad515cac765d4d
  ✓ Resolved KLP link 'video:/Post partum hemorrage/trauma' → 7a10049e2e454198a2d99f67cd003053
Updated KLP 'klp-2-always-do-a-rectal-exploration' -> 94aa928bfad04597ab87d707d2547759
  ✓ Activated version: 77a4c227900542ae9cd14b6d1676be8a
  → Recovered missing Language ID for KLP via mapping: 22e3f4588c9d4b75b6ad515cac765d4d
  ✓ Resolved KLP link 'video:/Post partum hemorrage/tissue' → e0b4b2ff0c414058b52f975937c0c963
Updated KLP 'klp-2-placental-tissue-missing' -> 704506d7800343278209f40ccda7051c
  ✓ Activated version: ffdbed4956864720aba5d9e929f0b3c0
  → Recovered missing Language ID for KLP via mapping: 22e3f4588c9d4b75b6ad515cac765d4d
  ✓ Resolved KLP link 'video:/Post partum hemorrage/tissue' → e0b4b2ff0c414058b52f975937c0c963
Updated KLP 'klp-2-treatment-if-there-is-placental-tissue-missing' -> d58b268bca0342a6b1c78d947544152f
  ✓ Activated version: 58324b9fa13b48ec89bcd561fe13de24
  → Recovered missing Language ID for KLP via mapping: 22e3f4588c9d4b75b6ad515cac765d4d
  ✓ Resolved KLP link 'video:/Post partum hemorrage/tissue' → e0b4b2ff0c414058b52f975937c0c963
Updated KLP 'klp-3-removal-tissue' -> a6b0bda13aec4cc3aa75639684bd61b1
  ✓ Activated version: 33c56d83414e4ec9ad874a31c2913e53
  → Recovered missing Language ID for KLP via mapping: 22e3f4588c9d4b75b6ad515cac765d4d
  ✓ Resolved KLP link 'video:/Post partum hemorrage/resuscitation' → fc745cc840ae42bf912454ffa1e9c08f
Updated KLP 'klp-2-pph-resuscitation' -> 28f62838c1df4fc9af5114daeacf7228
  ✓ Activated version: f35ae7d5d16c4764962f0e136f7354ca
  → Recovered missing Language ID for KLP via mapping: 22e3f4588c9d4b75b6ad515cac765d4d
  ✓ Resolved KLP link 'video:/Post partum hemorrage/monitoring_after_bleeding' → 58df7a536f77489388db14c49546fbc0
Updated KLP 'klp-3-when-to-measure-hemoglobin' -> b03a2a2e94724757838e23b81faddec8
  ✓ Activated version: 5878554f648d43e590154e99a04d5d89
  → Recovered missing Language ID for KLP via mapping: 22e3f4588c9d4b75b6ad515cac765d4d
  ✓ Resolved KLP link 'video:/Post partum hemorrage/monitoring_after_bleeding' → 58df7a536f77489388db14c49546fbc0
Updated KLP 'klp-2-observation-after-treatment-pph' -> 574cc786dc10406cbca2a404c61c1da4
  ✓ Activated version: 7575923caaa7467f874cd0b3703f9e35
  → Recovered missing Language ID for KLP via mapping: 22e3f4588c9d4b75b6ad515cac765d4d
  ✓ Resolved KLP link 'procedure:condom-balloon-tamponade_1490714664807' → 1019d4bc3d0146c99a70b23f045d2a77
Updated KLP 'klp-3-cbt-is-indicated' -> a65f051172fa41618b7f8279fccc8bda
  ✓ Activated version: 44e0276c69394abcb588112c4854d6f0
  → Recovered missing Language ID for KLP via mapping: 22e3f4588c9d4b75b6ad515cac765d4d
  ✓ Resolved KLP link 'action-card:1-uterus_1486846813345' → 7ac874d1693d4b1995029073ea399089
Updated KLP 'klp-3-the-causes-of-vaginal-bleeding' -> fc377553363841deae870dc87d13a2b3
  ✓ Activated version: b29966203d814e619e894e7a8bd9861f
  → Recovered missing Language ID for KLP via mapping: 22e3f4588c9d4b75b6ad515cac765d4d
  ✓ Resolved KLP link 'action-card:2-legs_1486846790935' → 886c4170c12f42559c303c54adca29af
Updated KLP 'klp-2-positioning-pph' -> 49c7ec47252e471fb8bb0afb0677088a
  ✓ Activated version: a29efeebd1a947a0bc78fcd4648dfe9b
  → Recovered missing Language ID for KLP via mapping: 22e3f4588c9d4b75b6ad515cac765d4d
  ✓ Resolved KLP link 'video:/Post partum hemorrage/resuscitation' → fc745cc840ae42bf912454ffa1e9c08f
Updated KLP 'klp-2-positioning-vital-organs' -> 55b40e8ecc25491d895febc55fb58513
  ✓ Activated version: 4b0c79c6a8e34a2fbd713b073d2fdd8f
  → Recovered missing Language ID for KLP via mapping: 22e3f4588c9d4b75b6ad515cac765d4d
  ✓ Resolved KLP link 'action-card:2-legs_1486846790935' → 886c4170c12f42559c303c54adca29af
Updated KLP 'klp-3-actions-helper-at-the-head' -> 8257f78d8252439c9b6e707db97cdd44
  ✓ Activated version: fd1df3e083154dd1b038b965309b7a10
  → Recovered missing Language ID for KLP via mapping: 22e3f4588c9d4b75b6ad515cac765d4d
  ✓ Resolved KLP link 'action-card:3-arms_1486846769297' → d3c2a5e5eee24a36a2c848ef1663532c
Updated KLP 'klp-3-actions-helper-at-the-arm' -> 7c58b5f3979f4ff5a3b4713be362002a
  ✓ Activated version: a114aec8c7d240fcbb1def68ae2932a8
  → Recovered missing Language ID for KLP via mapping: 22e3f4588c9d4b75b6ad515cac765d4d
  ✓ Resolved KLP link 'video:/Post partum hemorrage/monitoring_after_bleeding' → 58df7a536f77489388db14c49546fbc0
Updated KLP 'klp-1-referral-pph' -> d49508cdad814b6bb59516af7b92cacd
  ✓ Activated version: 7c4aec393e044481acad7c40c4f8625c
  → Recovered missing Language ID for KLP via mapping: 22e3f4588c9d4b75b6ad515cac765d4d
  ✓ Resolved KLP link 'drug:oxytocin_1487156988152' → 8134a1b103c64d459f5a22ef0859a669
Updated KLP 'klp-3-iv-fluids-pph' -> 0a10253308de4c0688a4d523875e6b76
  ✓ Activated version: 5f20cccfd33b4424a7e470aa07c60cf8
  → Recovered missing Language ID for KLP via mapping: 22e3f4588c9d4b75b6ad515cac765d4d
  ✓ Resolved KLP link 'drug:oxytocin_1487156988152' → 8134a1b103c64d459f5a22ef0859a669
Updated KLP 'klp-1-how-aorta-compression' -> 8301ca9e71c2424b906305275410358b
  ✓ Activated version: dddb515741204ee39220bb0fa80c62d0
  → Recovered missing Language ID for KLP via mapping: 22e3f4588c9d4b75b6ad515cac765d4d
  ✓ Resolved KLP link 'video:/Post partum hemorrage/resuscitation' → fc745cc840ae42bf912454ffa1e9c08f
Updated KLP 'klp-3-cardiovascular-symptoms-pph' -> e924e0bd6c714582a18d2e856efcd6c8
  ✓ Activated version: cf510c1249c849c79d2fd62964788c96
  → Recovered missing Language ID for KLP via mapping: 22e3f4588c9d4b75b6ad515cac765d4d
  ✓ Resolved KLP link 'video:/Post partum hemorrage/immediate_management' → e0adee2024d84d9fb4c7680d2dccd573
Updated KLP 'klp-3-7-pph-moderate-bleeding' -> 8a903af90b584deba7098b0ab95867ca
  ✓ Activated version: 47d2f099ffad4e25920b444e34685887
  → Recovered missing Language ID for KLP via mapping: 22e3f4588c9d4b75b6ad515cac765d4d
  ✓ Resolved KLP link 'video:/Manual removal of placenta/intro' → 6201cc04dc7a4bcf909daf666626338a
Updated KLP 'klp-1-time-before-placenta-is-born' -> 52896e6a04fc41e381d49bf0951561c3
  ✓ Activated version: 462feb24a8814b0f9b6e3234a6349124
  → Recovered missing Language ID for KLP via mapping: 22e3f4588c9d4b75b6ad515cac765d4d
Updated KLP 'klp-1-manual-removal-bemonc' -> e431ed93a5f24221be0b6833285341dd
  ✓ Activated version: 9207f059afb34774aebfa5e1fe2b8a83
  → Recovered missing Language ID for KLP via mapping: 22e3f4588c9d4b75b6ad515cac765d4d
  ✓ Resolved KLP link 'video:/Manual removal of placenta/intro' → 6201cc04dc7a4bcf909daf666626338a
Updated KLP 'klp-1-remove-manually' -> c54e51f22c7c4983b5c2f4a752145678
  ✓ Activated version: ce2ec6e8e209432da03772b40b282f71
  → Recovered missing Language ID for KLP via mapping: 22e3f4588c9d4b75b6ad515cac765d4d
  ✓ Resolved KLP link 'video:/Manual removal of placenta/intro' → 6201cc04dc7a4bcf909daf666626338a
Updated KLP 'klp-2-when-manual-removal' -> 5b1aa03d3d984d90b21053061af9c2d7
  ✓ Activated version: 0068295839254c42b1269c946fb74986
  → Recovered missing Language ID for KLP via mapping: 22e3f4588c9d4b75b6ad515cac765d4d
  ✓ Resolved KLP link 'video:/Manual removal of placenta/intro' → 6201cc04dc7a4bcf909daf666626338a
Updated KLP 'klp-1-life-threatening' -> b1dacbcfb20741b1b6a7acb719886803
  ✓ Activated version: eef2478021334a4caa98d2b78986e8e3
  → Recovered missing Language ID for KLP via mapping: 22e3f4588c9d4b75b6ad515cac765d4d
  ✓ Resolved KLP link 'video:/Manual removal of placenta/intro' → 6201cc04dc7a4bcf909daf666626338a
Updated KLP 'klp-3-heavy-bleeding' -> 3e38d737adbb432facb0a90ed077d2b9
  ✓ Activated version: 14e51ed3f68f4e2f9fd5a7deb7a9cb72
  → Recovered missing Language ID for KLP via mapping: 22e3f4588c9d4b75b6ad515cac765d4d
  ✓ Resolved KLP link 'video:/Manual removal of placenta/intro' → 6201cc04dc7a4bcf909daf666626338a
Updated KLP 'klp-2-blood-inside-uterus' -> b333050ccb2f4205909e5cb70da01b5e
  ✓ Activated version: f8d99eb2fb8f42b7b1efa3c066ca82b0
  → Recovered missing Language ID for KLP via mapping: 22e3f4588c9d4b75b6ad515cac765d4d
  ✓ Resolved KLP link 'video:/Manual removal of placenta/intro' → 6201cc04dc7a4bcf909daf666626338a
Updated KLP 'klp-1-overall-action' -> d16b46be6bf84c828608d0f1880a5988
  ✓ Activated version: 998f383eaccc43e89bf233de8e218559
  → Recovered missing Language ID for KLP via mapping: 22e3f4588c9d4b75b6ad515cac765d4d
  ✓ Resolved KLP link 'video:/Manual removal of placenta/intro' → 6201cc04dc7a4bcf909daf666626338a
Updated KLP 'klp-2-excessive-bleeding' -> 051ad864faf3459d9e7648e77c6af1f7
  ✓ Activated version: 71527f906f0448f2a34cf0edadfe7a51
  → Recovered missing Language ID for KLP via mapping: 22e3f4588c9d4b75b6ad515cac765d4d
  ✓ Resolved KLP link 'video:/Manual removal of placenta/aorta_compression' → 085e63e78a1848f8ac9269512f593b8f
Updated KLP 'klp-3-mother-in-shock' -> 860fea9e7f784bbda229143847ef6f65
  ✓ Activated version: 5f9cb856f1564080882223e014d2f824
  → Recovered missing Language ID for KLP via mapping: 22e3f4588c9d4b75b6ad515cac765d4d
  ✓ Resolved KLP link 'video:/Manual removal of placenta/aorta_compression' → 085e63e78a1848f8ac9269512f593b8f
Updated KLP 'klp-2-stop-bleeding-retained-placenta' -> f94c006f31aa4f999700e6854e09a86d
  ✓ Activated version: 98cab7f6880e45ebb3194b3c04e38e8b
  → Recovered missing Language ID for KLP via mapping: 22e3f4588c9d4b75b6ad515cac765d4d
  ✓ Resolved KLP link 'video:/Manual removal of placenta/aorta_compression' → 085e63e78a1848f8ac9269512f593b8f
Updated KLP 'klp-1-pain-relief-1' -> 176bdfd0e90e435a8654dc32aaeb85ae
  ✓ Activated version: d7416dc8292445a4bad3771de7a05682
  → Recovered missing Language ID for KLP via mapping: 22e3f4588c9d4b75b6ad515cac765d4d
  ✓ Resolved KLP link 'video:/Manual removal of placenta/aorta_compression' → 085e63e78a1848f8ac9269512f593b8f
Updated KLP 'klp-3-adequate-aorta-compression' -> bea179b1c67f496897990b9e9220d1f6
  ✓ Activated version: 806968aea6f749e4a3c4b5b6c5a4246c
  → Recovered missing Language ID for KLP via mapping: 22e3f4588c9d4b75b6ad515cac765d4d
  ✓ Resolved KLP link 'video:/Manual removal of placenta/aorta_compression' → 085e63e78a1848f8ac9269512f593b8f
Updated KLP 'klp-2-maintain-compression' -> cb3d03375220408a86413fdf11fe5f64
  ✓ Activated version: 98ee26c2e4114f8a9955f272add99a3c
  → Recovered missing Language ID for KLP via mapping: 22e3f4588c9d4b75b6ad515cac765d4d
  ✓ Resolved KLP link 'video:/Manual removal of placenta/resuscitation' → fc745cc840ae42bf912454ffa1e9c08f
Updated KLP 'klp-3-resuscitation' -> 0a1f31a79e704e24aaa01ed7809ced7c
  ✓ Activated version: 5e858cd872c841e39b6fd708bcb38f22
  → Recovered missing Language ID for KLP via mapping: 22e3f4588c9d4b75b6ad515cac765d4d
  ✓ Resolved KLP link 'video:/Manual removal of placenta/resuscitation' → fc745cc840ae42bf912454ffa1e9c08f
Updated KLP 'klp-3-iv-fluid' -> 9faf762e80c04d0bad51680d39ee189e
  ✓ Activated version: 9716ad2a208f49c881e49b0ae0f9ebee
  → Recovered missing Language ID for KLP via mapping: 22e3f4588c9d4b75b6ad515cac765d4d
  ✓ Resolved KLP link 'video:/Manual removal of placenta/resuscitation' → fc745cc840ae42bf912454ffa1e9c08f
Updated KLP 'klp-3-fluid-gives-fast' -> a6551c4b7a554470a961209aac378f7b
  ✓ Activated version: 717be4d482e2490e9b630313fdfc5b1e
  → Recovered missing Language ID for KLP via mapping: 22e3f4588c9d4b75b6ad515cac765d4d
  ✓ Resolved KLP link 'video:/Manual removal of placenta/resuscitation' → fc745cc840ae42bf912454ffa1e9c08f
Updated KLP 'klp-2-stop-compression-at-resuscitation' -> cd28c37c1a42436c83406d98f622df0a
  ✓ Activated version: 2d4152219b88415295bfe8c272f0852f
  → Recovered missing Language ID for KLP via mapping: 22e3f4588c9d4b75b6ad515cac765d4d
  ✓ Resolved KLP link 'video:/Manual removal of placenta/resuscitation' → fc745cc840ae42bf912454ffa1e9c08f
Updated KLP 'klp-3-blood-transfusion' -> 2290f5ca99cd49e2b860ba04c26771b1
  ✓ Activated version: a9ed51176ce942ab8a05780e46108db2
  → Recovered missing Language ID for KLP via mapping: 22e3f4588c9d4b75b6ad515cac765d4d
  ✓ Resolved KLP link 'video:/Manual removal of placenta/drugs_before_removal' → d4aac7c6006940419bd4afd424b080dc
Updated KLP 'klp-2-pain-relief' -> c61e176b72de40129ec75f4f0f3959c4
  ✓ Activated version: df033a5e19274efc8a769a7cf256951d
  → Recovered missing Language ID for KLP via mapping: 22e3f4588c9d4b75b6ad515cac765d4d
  ✓ Resolved KLP link 'video:/Manual removal of placenta/drugs_before_removal' → d4aac7c6006940419bd4afd424b080dc
Updated KLP 'klp-2-pain-relief-and-aorta-compression' -> 087bfa80c8bf42478801ae319bc7aff4
  ✓ Activated version: f53061e6d5424791a5649c75ecf90d06
  → Recovered missing Language ID for KLP via mapping: 22e3f4588c9d4b75b6ad515cac765d4d
  ✓ Resolved KLP link 'video:/Manual removal of placenta/gloves' → 42b5aa1eb526420c9280dc9420ca9136
Updated KLP 'klp-3-gloves-and-manual-removal-of-placenta' -> a013c48f8ce5475390abaf3b98b3a9b2
  ✓ Activated version: 0ab45b278e884a20a0f86765440a987d
  → Recovered missing Language ID for KLP via mapping: 22e3f4588c9d4b75b6ad515cac765d4d
  ✓ Resolved KLP link 'video:/Manual removal of placenta/remove_the_placenta' → 388d3393dc724c1b9feb71a473987dce
Updated KLP 'klp-3-how-to-manually-remove-the-placenta' -> 7eed9458dd564192aa6aadc687afdd52
  ✓ Activated version: ac86d37ff30d455fb8d4dde6069e5672
  → Recovered missing Language ID for KLP via mapping: 22e3f4588c9d4b75b6ad515cac765d4d
  ✓ Resolved KLP link 'video:/Manual removal of placenta/remove_the_placenta' → 388d3393dc724c1b9feb71a473987dce
Updated KLP 'klp-2-aorta-compression-and-manual-removal' -> 914958e731ef4027bdb20f5054e0a361
  ✓ Activated version: 710fb806e21e4152bc88a0817c3015ec
  → Recovered missing Language ID for KLP via mapping: 22e3f4588c9d4b75b6ad515cac765d4d
  ✓ Resolved KLP link 'video:/Manual removal of placenta/remove_the_placenta' → 388d3393dc724c1b9feb71a473987dce
Updated KLP 'klp-1-right-order-for-removal-of-placenta' -> 32b500b885bc4444b6cbd6f2e2a75f3f
  ✓ Activated version: e196daa56d9543879ae51d9b4d4a1b3d
  → Recovered missing Language ID for KLP via mapping: 22e3f4588c9d4b75b6ad515cac765d4d
  ✓ Resolved KLP link 'video:/Manual removal of placenta/remove_the_placenta' → 388d3393dc724c1b9feb71a473987dce
Updated KLP 'klp-1-repeat-intrauterine-palpation' -> 868d4df64d164afdb1815b7a6dd76b32
  ✓ Activated version: 54369e208f20423a9fd2a96b8ed81bdb
  → Recovered missing Language ID for KLP via mapping: 22e3f4588c9d4b75b6ad515cac765d4d
  ✓ Resolved KLP link 'video:/Manual removal of placenta/remove_the_placenta' → 388d3393dc724c1b9feb71a473987dce
Updated KLP 'klp-2-manual-compression-ended-aorta-compression' -> a214cdc4c9254c55abb429f2b8ac2e08
  ✓ Activated version: 791a8a9d3f994d85bf687ae1a87c52d1
  → Recovered missing Language ID for KLP via mapping: 22e3f4588c9d4b75b6ad515cac765d4d
  ✓ Resolved KLP link 'video:/Manual removal of placenta/monitoring' → a0e85bc09ea64c75a3be54e2aabc7312
Updated KLP 'klp-1-action-right-after-removal' -> 8c67fdd8f98043bfa80fec8089e69863
  ✓ Activated version: aee244b590324298bfc984bbb68df3c0
  → Recovered missing Language ID for KLP via mapping: 22e3f4588c9d4b75b6ad515cac765d4d
  ✓ Resolved KLP link 'video:/Manual removal of placenta/remove_the_placenta' → 388d3393dc724c1b9feb71a473987dce
Updated KLP 'klp-3-action-after-removal' -> eb01b0f033254ec19f53a118a1018de0
  ✓ Activated version: 85e5b34a49a745428f06e3d043980bcb
  → Recovered missing Language ID for KLP via mapping: 22e3f4588c9d4b75b6ad515cac765d4d
  ✓ Resolved KLP link 'video:/Manual removal of placenta/remove_the_placenta' → 388d3393dc724c1b9feb71a473987dce
Updated KLP 'klp-1-the-overall-action-to-control-pph' -> 9b76e4e55ad74662a81018696126bfb6
  ✓ Activated version: 6711780d03244dcdb49be8f92208fc6f
  → Recovered missing Language ID for KLP via mapping: 22e3f4588c9d4b75b6ad515cac765d4d
  ✓ Resolved KLP link 'procedure:condom-balloon-tamponade_1490714664807' → 1019d4bc3d0146c99a70b23f045d2a77
Updated KLP 'klp-3-condom-balloon-tamponade' -> ecdb56dba39f4838aa331879e7fd7693
  ✓ Activated version: 028d272ce48a4ed28a94aaeb837d35f3
  → Recovered missing Language ID for KLP via mapping: 22e3f4588c9d4b75b6ad515cac765d4d
Updated KLP 'klp-3-after-removal-of-placenta' -> 350c897c28be4f0988a92e92910b29c4
  ✓ Activated version: fcc0523022984d41b3a3929223f6f0f8
  → Recovered missing Language ID for KLP via mapping: 22e3f4588c9d4b75b6ad515cac765d4d
  ✓ Resolved KLP link 'video:/Manual removal of placenta/drugs_after_removal' → a66a7c83411049b4beeb428a29a99548
Updated KLP 'klp-2-drug-after-removal-of-placenta' -> a7d7d870871d405083bbc37c936c433e
  ✓ Activated version: 09fc4c293bd64a29a6b6df099cf7a66f
  → Recovered missing Language ID for KLP via mapping: 22e3f4588c9d4b75b6ad515cac765d4d
  ✓ Resolved KLP link 'video:/Manual removal of placenta/monitoring' → a0e85bc09ea64c75a3be54e2aabc7312
Updated KLP 'klp-1-action-right-after-removal-of-placenta' -> ff492860b62e441791a734de51599237
  ✓ Activated version: fd54215ef2e8443084b420f012b76c55
  → Recovered missing Language ID for KLP via mapping: 22e3f4588c9d4b75b6ad515cac765d4d
  ✓ Resolved KLP link 'video:/Manual removal of placenta/monitoring' → a0e85bc09ea64c75a3be54e2aabc7312
Updated KLP 'klp-2-day-after-recommendations' -> 9a8c53a104f4435d8fd7803b84b696ca
  ✓ Activated version: 6345f07ee84748c48b78e5c7bccddcee
  → Recovered missing Language ID for KLP via mapping: 22e3f4588c9d4b75b6ad515cac765d4d
  ✓ Resolved KLP link 'action-card:emergency-referral_1490716065855' → 317a6c7f928c462089bdee8f33d35fff
Updated KLP 'klp-1-refer-manual-removal' -> 927b1fa9257347b4856ee21d06600063
  ✓ Activated version: 60d3af118be941f08fbedfab3b004dab
  → Recovered missing Language ID for KLP via mapping: 22e3f4588c9d4b75b6ad515cac765d4d
  ✓ Resolved KLP link 'video:/Maternal sepsis/intro' → 6201cc04dc7a4bcf909daf666626338a
Updated KLP 'klp-1-meaning-of-sepsis' -> 5175f112ce0048e9a553d6a92dfb5542
  ✓ Activated version: fc1476b1c2d14e35bf5fda8f6377f396
  → Recovered missing Language ID for KLP via mapping: 22e3f4588c9d4b75b6ad515cac765d4d
  ✓ Resolved KLP link 'video:/Maternal sepsis/how_to_diagnose_definitions' → 7fcabd3d5772487e85c6f8382262b8ae
Updated KLP 'klp-1-diagnose-sepsis' -> 2185207c582d4bdabe282d16421d10bb
  ✓ Activated version: c58ef73c410a4f889f71c7fdbc124ac4
  → Recovered missing Language ID for KLP via mapping: 22e3f4588c9d4b75b6ad515cac765d4d
  ✓ Resolved KLP link 'video:/Maternal sepsis/how_to_diagnose_definitions' → 7fcabd3d5772487e85c6f8382262b8ae
Updated KLP 'klp-1-septic-shock' -> 77e66c4f2c0a45099bfe06e2fef1259e
  ✓ Activated version: 5a2dc91c747447c79485badea6dcff98
  → Recovered missing Language ID for KLP via mapping: 22e3f4588c9d4b75b6ad515cac765d4d
  ✓ Resolved KLP link 'video:/Maternal sepsis/how_to_diagnose_definitions' → 7fcabd3d5772487e85c6f8382262b8ae
Updated KLP 'klp-1-vital-signs' -> 9618775b348a4a759cfd5e915d5761e4
  ✓ Activated version: 1937f6e5cfdf40f8bb7c38a9fe75dfad
  → Recovered missing Language ID for KLP via mapping: 22e3f4588c9d4b75b6ad515cac765d4d
  ✓ Resolved KLP link 'video:/Maternal sepsis/following_management' → 3ac0c22b7f9d450e8bec5d85baa4ee78
Updated KLP 'klp-2-importance-of-fluid-management' -> 8627a7fd4e4742429bd3339e0175dea1
  ✓ Activated version: abe720f86b5f431793b4ce17a0905f32
  → Recovered missing Language ID for KLP via mapping: 22e3f4588c9d4b75b6ad515cac765d4d
  ✓ Resolved KLP link 'video:/Active management of third stage labour/controlled_cord_traction' → 6a0b33ceb7484a52aa11bc30d30c8b03
Updated KLP 'klp-2-assessment-of-fluid-balance' -> 8ab2be40228c401b991b9c53e9123e83
  ✓ Activated version: 7d4a7da9aa084b758f8b6b9b9d3524c3
  → Recovered missing Language ID for KLP via mapping: 22e3f4588c9d4b75b6ad515cac765d4d
  ✓ Resolved KLP link 'video:/Maternal sepsis/following_management' → 3ac0c22b7f9d450e8bec5d85baa4ee78
Updated KLP 'klp-2-fluid-balance-be-calculated' -> 866397518c8f4aebb37e08ad375d1478
  ✓ Activated version: 559aebe8b6d249039d11775e356a0529
  → Recovered missing Language ID for KLP via mapping: 22e3f4588c9d4b75b6ad515cac765d4d
  ⚠ Ambiguous action-card link 'action-card:following-management_1486840964786', 2 suffix matches: ['res-action-card-post-abortion-care-following-management', 'res-action-card-maternal-sepsis-following-management']. Using first.
  ✓ Resolved KLP link 'action-card:following-management_1486840964786' → adaf3c1078af44859721fa42ec6921f9
Updated KLP 'klp-2-fluid-balance-be' -> 9ab80ea0ce7c451eadf9ec89726af9fc
  ✓ Activated version: 06b76e6699d046f1be9ad231b773853d
  → Recovered missing Language ID for KLP via mapping: 22e3f4588c9d4b75b6ad515cac765d4d
  ✓ Resolved KLP link 'video:/Maternal sepsis/following_management' → 3ac0c22b7f9d450e8bec5d85baa4ee78
Updated KLP 'klp-2-in-case-of-a-septic-shock-it-should-be-calculated-each-hour' -> afd77dbc146443239ff221f910c69e94
  ✓ Activated version: f1a2f99e550848cb950817c36f5548ab
  → Recovered missing Language ID for KLP via mapping: 22e3f4588c9d4b75b6ad515cac765d4d
  ✓ Resolved KLP link 'video:/Maternal sepsis/intro' → 6201cc04dc7a4bcf909daf666626338a
Updated KLP 'klp-2-complications-to-sepsis' -> 5ef8bd6f0bb14904a296ce7eaa22656c
  ✓ Activated version: 43437372fc584c41a940e379751cab0c
  → Recovered missing Language ID for KLP via mapping: 22e3f4588c9d4b75b6ad515cac765d4d
  ✓ Resolved KLP link 'video:/Maternal sepsis/how_to_manage' → 1c0e42de431a4e94bbef9804e6836f01
Updated KLP 'klp-1-initial-management' -> 49554ab2f2d3434aabdb6fa635107db5
  ✓ Activated version: 0186f3bbafac475190c7e6ef5f3270a0
  → Recovered missing Language ID for KLP via mapping: 22e3f4588c9d4b75b6ad515cac765d4d
  ✓ Resolved KLP link 'video:/Maternal sepsis/how_to_manage' → 1c0e42de431a4e94bbef9804e6836f01
Updated KLP 'klp-2-circulation' -> 6ae99c7b5f0f42c0ae29b0b6283e2081
  ✓ Activated version: 09101a2b89dd402eb1eb0d74bbe3756a
  → Recovered missing Language ID for KLP via mapping: 22e3f4588c9d4b75b6ad515cac765d4d
  ✓ Resolved KLP link 'video:/Maternal sepsis/how_to_manage' → 1c0e42de431a4e94bbef9804e6836f01
Updated KLP 'klp-3-drugs' -> 8a614f4290fc4e8bb4a4a8c50daae791
  ✓ Activated version: 6a1ec750e7e14ca58eb81266b7021131
  → Recovered missing Language ID for KLP via mapping: 22e3f4588c9d4b75b6ad515cac765d4d
  ✓ Resolved KLP link 'video:/Maternal sepsis/how_to_manage' → 1c0e42de431a4e94bbef9804e6836f01
Updated KLP 'klp-3-ampicillin-sepsis' -> ab888682a418422a8c881e5999fabd9f
  ✓ Activated version: cd1f50bc5f5c495196a77829ec3177ba
  → Recovered missing Language ID for KLP via mapping: 22e3f4588c9d4b75b6ad515cac765d4d
  ✓ Resolved KLP link 'video:/Maternal sepsis/how_to_manage' → 1c0e42de431a4e94bbef9804e6836f01
Updated KLP 'klp-3-gentamicin' -> 4fe0d4304e6f4f30ae3338c439be66db
  ✓ Activated version: e452dac245e34ce8bd90ea231a29e46c
  → Recovered missing Language ID for KLP via mapping: 22e3f4588c9d4b75b6ad515cac765d4d
  ✓ Resolved KLP link 'video:/Maternal sepsis/how_to_manage' → 1c0e42de431a4e94bbef9804e6836f01
Updated KLP 'klp-3-metronidazole' -> 9dc2f05e344547658d26130bcf941c5b
  ✓ Activated version: f6ac1cb829ba498b8ac5782d686d7fec
  → Recovered missing Language ID for KLP via mapping: 22e3f4588c9d4b75b6ad515cac765d4d
  ✓ Resolved KLP link 'drug:ceftriaxone_1487080443380' → f9c06be97a3c467088cb60483edf973d
Updated KLP 'klp-3-ceftriaxone' -> 49d531d78d9f41a2b584fac38007e75d
  ✓ Activated version: 848f9e86a66043288c12900c1b3bcd76
  → Recovered missing Language ID for KLP via mapping: 22e3f4588c9d4b75b6ad515cac765d4d
  ✓ Resolved KLP link 'drug:tetracycline_1505122257639' → b3ede20658414376aa0290b795714734
Updated KLP 'klp-3-tetracycline' -> 0ee6a8addf8b4cd0822b45b0f73b605d
  ✓ Activated version: e52b51ada8fd46b5889f351932285773
  → Recovered missing Language ID for KLP via mapping: 22e3f4588c9d4b75b6ad515cac765d4d
  ✓ Resolved KLP link 'drug:chloramphenicol_1487097224306' → 0b162e3b7424405489bd287bcc2ec3de
Updated KLP 'klp-3-chloramphenicol' -> d9568d1d8f224be09e63f993e273a40e
  ✓ Activated version: c45379c0945c4894a82c46866994bd7f
  → Recovered missing Language ID for KLP via mapping: 22e3f4588c9d4b75b6ad515cac765d4d
  ✓ Resolved KLP link 'video:/Maternal sepsis/origin_of_infection' → 4a39902cca674bb58b241f2b307175cb
Updated KLP 'klp-2-malaria' -> 56b0a0fb5d4242e6a2e2035b635d6af4
  ✓ Activated version: 1c493c9e567541d2b5eac217bb608701
  → Recovered missing Language ID for KLP via mapping: 22e3f4588c9d4b75b6ad515cac765d4d
  ✓ Resolved KLP link 'video:/Maternal sepsis/origin_of_infection' → 4a39902cca674bb58b241f2b307175cb
Updated KLP 'klp-3-malaria-drugs' -> d3292b0e8249480cb70ce412657fe8c6
  ✓ Activated version: 681373a3e82f4a38b3d61f763e86fe85
  → Recovered missing Language ID for KLP via mapping: 22e3f4588c9d4b75b6ad515cac765d4d
  ✓ Resolved KLP link 'drug:artesunate_1487078838130' → a77b770a890840ea83822337e8f75f96
Updated KLP 'klp-3-artesunate' -> 1e92611a000e4fa0bf4957c6a5e78641
  ✓ Activated version: d7656574692441fdbda714f7a2a5432d
  → Recovered missing Language ID for KLP via mapping: 22e3f4588c9d4b75b6ad515cac765d4d
  ✓ Resolved KLP link 'drug:quinine_1487158788622' → 6c50f9ca2bfc47a49da29a45f465d130
Updated KLP 'klp-3-quinine' -> 011c74d7d850402ebb3640afbee7624c
  ✓ Activated version: 65221efbc43e4328a4a8b994e7c4ce56
  → Recovered missing Language ID for KLP via mapping: 22e3f4588c9d4b75b6ad515cac765d4d
  ✓ Resolved KLP link 'drug:artesunate_1487078838130' → a77b770a890840ea83822337e8f75f96
Updated KLP 'klp-3-dosage-artesunate' -> 87aab23189c04b4dafcacbf52e911cbb
  ✓ Activated version: 3261180b42544460aeef354226849fc7
  → Recovered missing Language ID for KLP via mapping: 22e3f4588c9d4b75b6ad515cac765d4d
  ✓ Resolved KLP link 'drug:quinine_1487158788622' → 6c50f9ca2bfc47a49da29a45f465d130
Updated KLP 'klp-3-dosage-quinine' -> ffb9f309fc5d40d1a7080d0f19cd0b2c
  ✓ Activated version: 7f0cb84599484390a12f1b37d4132c9b
  → Recovered missing Language ID for KLP via mapping: 22e3f4588c9d4b75b6ad515cac765d4d
  ✓ Resolved KLP link 'video:/Maternal sepsis/origin_of_infection' → 4a39902cca674bb58b241f2b307175cb
Updated KLP 'klp-1-the-6-ws' -> 82b55b928e764ba5b0b62b9ba72a756f
  ✓ Activated version: 3382ea467c574da7a6215aaf8ec2e3c3
  → Recovered missing Language ID for KLP via mapping: 22e3f4588c9d4b75b6ad515cac765d4d
  ✓ Resolved KLP link 'video:/Maternal sepsis/origin_of_infection' → 4a39902cca674bb58b241f2b307175cb
Updated KLP 'klp-1-the-6-ws-continue' -> ff31f596a8a640f99c4190df480f2381
  ✓ Activated version: b989349b087746219ae6ff76998472c6
  → Recovered missing Language ID for KLP via mapping: 22e3f4588c9d4b75b6ad515cac765d4d
  ✓ Resolved action-card link 'action-card:identify-cause_1486841405518' via suffix match → res-action-card-maternal-sepsis-identify-cause
  ✓ Resolved KLP link 'action-card:identify-cause_1486841405518' → d35c7a27f7294b12864eb6ea3f3be107
Updated KLP 'klp-2-chorioamnionitis' -> a6bd5e3df0c24a468f221f0b3d2336b3
  ✓ Activated version: 1f9f3620dbf54257b44f5da0802c4105
  → Recovered missing Language ID for KLP via mapping: 22e3f4588c9d4b75b6ad515cac765d4d
  ✓ Resolved action-card link 'action-card:identify-cause_1486841405518' via suffix match → res-action-card-maternal-sepsis-identify-cause
  ✓ Resolved KLP link 'action-card:identify-cause_1486841405518' → d35c7a27f7294b12864eb6ea3f3be107
Updated KLP 'klp-2-endometritis' -> 7e5423138d05411aa0753597395f5f85
  ✓ Activated version: c22c691d550b4964890077e3bb346df3
  → Recovered missing Language ID for KLP via mapping: 22e3f4588c9d4b75b6ad515cac765d4d
  ✓ Resolved KLP link 'video:/Maternal sepsis/origin_of_infection' → 4a39902cca674bb58b241f2b307175cb
Updated KLP 'klp-1-treatment-for-chorioamnionitis' -> caea1040f1cf4ba8bed4b46074dc4755
  ✓ Activated version: de953496517d4220af8890466fc5b95a
  → Recovered missing Language ID for KLP via mapping: 22e3f4588c9d4b75b6ad515cac765d4d
  ✓ Resolved KLP link 'video:/Maternal sepsis/origin_of_infection' → 4a39902cca674bb58b241f2b307175cb
Updated KLP 'klp-1-treatment-for-endometritis' -> 2212a100c1154f8c996aeed001395f67
  ✓ Activated version: 87a415e03bb54b46a2fa0ed86fe3324d
  → Recovered missing Language ID for KLP via mapping: 22e3f4588c9d4b75b6ad515cac765d4d
  ✓ Resolved KLP link 'video:/Maternal sepsis/origin_of_infection' → 4a39902cca674bb58b241f2b307175cb
Updated KLP 'klp-2-endometritis-and-no-effect-of-ab' -> c98c2aa9be494f3098ab8f9ec38b5667
  ✓ Activated version: d0aab72d84674bc78ccf0598f8d60453
  → Recovered missing Language ID for KLP via mapping: 22e3f4588c9d4b75b6ad515cac765d4d
Updated KLP 'klp-1-mastitis' -> a94b459023584625a81d16ed9cc8ffa9
  ✓ Activated version: bcaaf85145d8450c9c63bb8282ace4c1
  → Recovered missing Language ID for KLP via mapping: 22e3f4588c9d4b75b6ad515cac765d4d
  ✓ Resolved KLP link 'video:/Maternal sepsis/origin_of_infection' → 4a39902cca674bb58b241f2b307175cb
Updated KLP 'klp-1-breast-abscess' -> dc35e018cbfa44d0a39ecdc03062b813
  ✓ Activated version: cff18de669934d119dd9136b34c61dfe
  → Recovered missing Language ID for KLP via mapping: 22e3f4588c9d4b75b6ad515cac765d4d
  ✓ Resolved KLP link 'video:/Maternal sepsis/origin_of_infection' → 4a39902cca674bb58b241f2b307175cb
Updated KLP 'klp-1-wound-infections' -> 58e96142f7944bb48a7a632cc7c420a2
  ✓ Activated version: 4208b787860f4af68d7c44a15350984e
  → Recovered missing Language ID for KLP via mapping: 22e3f4588c9d4b75b6ad515cac765d4d
  ✓ Resolved KLP link 'video:/Maternal sepsis/origin_of_infection' → 4a39902cca674bb58b241f2b307175cb
Updated KLP 'klp-2-other-causes-of-infection' -> b83d2276a11e4f65973ec9ea90ed2097
  ✓ Activated version: f1a3355968dd4eb2b65367c182bf7fbd
  → Recovered missing Language ID for KLP via mapping: 22e3f4588c9d4b75b6ad515cac765d4d
  ✓ Resolved KLP link 'video:/Neonatal resuscitation/intro' → 6201cc04dc7a4bcf909daf666626338a
Updated KLP 'klp-1-adequate-breathing' -> 6650e6e7dd244d118434450997365fe3
  ✓ Activated version: b74a6269e501440dac042c2a6785fb29
  → Recovered missing Language ID for KLP via mapping: 22e3f4588c9d4b75b6ad515cac765d4d
  ✓ Resolved KLP link 'video:/Neonatal resuscitation/intro' → 6201cc04dc7a4bcf909daf666626338a
Updated KLP 'klp-1-golden-minute' -> dd2bc3963e484f958d3f0bfb0e6828db
  ✓ Activated version: a8993b96f3384a9594fdb4f527587781
  → Recovered missing Language ID for KLP via mapping: 22e3f4588c9d4b75b6ad515cac765d4d
  ✓ Resolved KLP link 'video:/Neonatal resuscitation/assess_the_newborn' → eedab7ed130f4cc188756632bd13a742
Updated KLP 'klp-1-assess-the-newborn-after-birth' -> a8d5822b0b154f1b9e2cd8a44e6ed573
  ✓ Activated version: 3527a05cfc454ae1826dd2d1cc0e2e2b
  → Recovered missing Language ID for KLP via mapping: 22e3f4588c9d4b75b6ad515cac765d4d
  ✓ Resolved KLP link 'video:/Neonatal resuscitation/assess_the_newborn' → eedab7ed130f4cc188756632bd13a742
Updated KLP 'klp-2-skin-to-the-mother' -> 1fe3fec643ce47dda66d9b76d47250cd
  ✓ Activated version: 268f489e00c04fc1b97dab4f9565b934
  → Recovered missing Language ID for KLP via mapping: 22e3f4588c9d4b75b6ad515cac765d4d
  ✓ Resolved KLP link 'video:/Neonatal resuscitation/assess_the_newborn' → eedab7ed130f4cc188756632bd13a742
Updated KLP 'klp-2-first-step' -> 4979d043cb644143a9932f444ae5b195
  ✓ Activated version: be54d1c692d7444e9ccddb902559929d
  → Recovered missing Language ID for KLP via mapping: 22e3f4588c9d4b75b6ad515cac765d4d
  ✓ Resolved KLP link 'video:/Neonatal resuscitation/assess_the_newborn' → eedab7ed130f4cc188756632bd13a742
Updated KLP 'klp-2-meconium-suction' -> 0ca9b9aaa7a2498c96d95fc299118672
  ✓ Activated version: ae43f1eb68dd4430adf52a6d9ed5d0a5
  → Recovered missing Language ID for KLP via mapping: 22e3f4588c9d4b75b6ad515cac765d4d
  ✓ Resolved KLP link 'video:/Neonatal resuscitation/assess_the_newborn' → eedab7ed130f4cc188756632bd13a742
Updated KLP 'klp-3-correct-order-suction' -> ac1c3a4868604a6aa3a9cc9895c39bb2
  ✓ Activated version: 095275dbb6fd4807ab6c85089fe3c992
  → Recovered missing Language ID for KLP via mapping: 22e3f4588c9d4b75b6ad515cac765d4d
  ✓ Resolved KLP link 'video:/Neonatal resuscitation/assess_the_newborn' → eedab7ed130f4cc188756632bd13a742
Updated KLP 'klp-2-stimulation-the-newborn' -> 7dfc055786e34cd3b945e2c8fa4d9ff2
  ✓ Activated version: 8c6e54ac5d2e470ea4e9462b405142d7
  → Recovered missing Language ID for KLP via mapping: 22e3f4588c9d4b75b6ad515cac765d4d
  ✓ Resolved KLP link 'video:/Neonatal resuscitation/assess_the_newborn' → eedab7ed130f4cc188756632bd13a742
Updated KLP 'klp-2-newborn-is-not-breathing-well' -> 55ebcdaa2abc4b60a92d916829d6fb7f
  ✓ Activated version: 856e17a182344bfca85694a6d20df710
  → Recovered missing Language ID for KLP via mapping: 22e3f4588c9d4b75b6ad515cac765d4d
  ✓ Resolved KLP link 'video:/Neonatal resuscitation/assess_the_newborn' → eedab7ed130f4cc188756632bd13a742
Updated KLP 'klp-1-when-to-resuscitate' -> 6357637fc73c4fb6b3e4d44519d53748
  ✓ Activated version: f0fee79a1cf044eeb0453238a3e44bcb
  → Recovered missing Language ID for KLP via mapping: 22e3f4588c9d4b75b6ad515cac765d4d
  ✓ Resolved KLP link 'video:/Neonatal resuscitation/airway' → 2621196bbbfd4da3b4feb5df340ae362
Updated KLP 'klp-3-airway-call-for-help' -> 5f9d3bc946324680aefa06b51e563f29
  ✓ Activated version: 8d050d3a38b64bf4ac1dff1d8466aabc
  → Recovered missing Language ID for KLP via mapping: 22e3f4588c9d4b75b6ad515cac765d4d
  ✓ Resolved KLP link 'video:/Neonatal resuscitation/airway' → 2621196bbbfd4da3b4feb5df340ae362
Updated KLP 'klp-2-airway-position-of-head' -> dce1f4bd46bf45028794743c3a0d24d1
  ✓ Activated version: 3dd395380fdd45b993ebdfbdb1445e58
  → Recovered missing Language ID for KLP via mapping: 22e3f4588c9d4b75b6ad515cac765d4d
  ✓ Resolved KLP link 'video:/Neonatal resuscitation/airway' → 2621196bbbfd4da3b4feb5df340ae362
Updated KLP 'klp-1-airway-position-of-mask' -> 203795a439644e9cb59843baff390ba8
  ✓ Activated version: 1ea72e0c8f5245fc97d5b48657865f51
  → Recovered missing Language ID for KLP via mapping: 22e3f4588c9d4b75b6ad515cac765d4d
  ✓ Resolved KLP link 'video:/Neonatal resuscitation/airway' → 2621196bbbfd4da3b4feb5df340ae362
Updated KLP 'klp-1-airway-effective-ventilation' -> c976d4f088ef42a78c8379e198e85da2
  ✓ Activated version: a154891a5a38443b980c2f3c1b245b10
  → Recovered missing Language ID for KLP via mapping: 22e3f4588c9d4b75b6ad515cac765d4d
  ✓ Resolved KLP link 'video:/Neonatal resuscitation/airway' → 2621196bbbfd4da3b4feb5df340ae362
Updated KLP 'klp-2-number-of-inflation-breaths' -> 5d5442666c7c41b396af6c981a54bfba
  ✓ Activated version: 0e4df9b05f91429bbcc9279f5ba9b2d0
  → Recovered missing Language ID for KLP via mapping: 22e3f4588c9d4b75b6ad515cac765d4d
  ✓ Resolved KLP link 'video:/Neonatal resuscitation/airway' → 2621196bbbfd4da3b4feb5df340ae362
Updated KLP 'klp-3-jaw-thrust' -> 0cc22b37d2de4645a1078c31c7ea8204
  ✓ Activated version: e7e86d60226a4c5991df002fda85fae8
  → Recovered missing Language ID for KLP via mapping: 22e3f4588c9d4b75b6ad515cac765d4d
  ✓ Resolved KLP link 'video:/Neonatal resuscitation/airway' → 2621196bbbfd4da3b4feb5df340ae362
Updated KLP 'klp-2-if-no-chest-movements' -> 8e8445f22afa4f3f9417894f28983064
  ✓ Activated version: f7088013f122449aab0bfa40bd162957
  → Recovered missing Language ID for KLP via mapping: 22e3f4588c9d4b75b6ad515cac765d4d
  ✓ Resolved KLP link 'video:/Neonatal resuscitation/airway' → 2621196bbbfd4da3b4feb5df340ae362
Updated KLP 'klp-2-inflation-breaths' -> ba1880d49e694bdabcf0bc97415a78a4
  ✓ Activated version: 1b9fe78543474197aa58a323c67c37be
  → Recovered missing Language ID for KLP via mapping: 22e3f4588c9d4b75b6ad515cac765d4d
  ✓ Resolved KLP link 'video:/Neonatal resuscitation/breathing' → 2d8c8be600ea4d6896c60424d2ace842
  ✓ Resolved KLP link 'video:/Neonatal resuscitation/breathing' → 2d8c8be600ea4d6896c60424d2ace842
Updated KLP 'klp-2-ventilation-breath' -> e57818ebb75b440d9662b53201785c85
  ✓ Activated version: 62972265266540a6928fd4847dd835a0
  → Recovered missing Language ID for KLP via mapping: 22e3f4588c9d4b75b6ad515cac765d4d
  ✓ Resolved KLP link 'video:/Neonatal resuscitation/breathing' → 2d8c8be600ea4d6896c60424d2ace842
Updated KLP 'klp-1-not-breathing-well' -> 5cda78536b0e4905803d90ffea2fc388
  ✓ Activated version: 9f9aa057b0cb42e5be3553e878d56c1f
  → Recovered missing Language ID for KLP via mapping: 22e3f4588c9d4b75b6ad515cac765d4d
  ✓ Resolved KLP link 'video:/Neonatal resuscitation/breathing' → 2d8c8be600ea4d6896c60424d2ace842
Updated KLP 'klp-1-continue-ventilation-breaths' -> 1bfb285cb6824b4d956f907e2d489357
  ✓ Activated version: d5cad04685204a769bc5536184cbeefa
  → Recovered missing Language ID for KLP via mapping: 22e3f4588c9d4b75b6ad515cac765d4d
  ✓ Resolved KLP link 'video:/Neonatal resuscitation/breathing' → 2d8c8be600ea4d6896c60424d2ace842
Updated KLP 'klp-1-most-important-ventilation-breaths' -> 9e3015e680494b7cb83b08b620e4f41e
  ✓ Activated version: fc77c0aec05543a08996764c225f77fc
  → Recovered missing Language ID for KLP via mapping: 22e3f4588c9d4b75b6ad515cac765d4d
  ✓ Resolved KLP link 'video:/Neonatal resuscitation/breathing' → 2d8c8be600ea4d6896c60424d2ace842
Updated KLP 'klp-3-rhythm-ventilation-breaths' -> 18f8514f0b104cda8d7f32b33794fdee
  ✓ Activated version: 115ce5ca5eb44dda907747a69af1408e
  → Recovered missing Language ID for KLP via mapping: 22e3f4588c9d4b75b6ad515cac765d4d
  ✓ Resolved KLP link 'video:/Neonatal resuscitation/breathing' → 2d8c8be600ea4d6896c60424d2ace842
Updated KLP 'klp-3-good-ventilation' -> 8153071735fb4e87b122807bea0628fc
  ✓ Activated version: de3b370ffc0d48998094a9e842a4dbfb
  → Recovered missing Language ID for KLP via mapping: 22e3f4588c9d4b75b6ad515cac765d4d
  ✓ Resolved KLP link 'video:/Neonatal resuscitation/breathing' → 2d8c8be600ea4d6896c60424d2ace842
Updated KLP 'klp-3-breathing-assessment2' -> 189d4bc464124b67b0cd95385c1e8d9d
  ✓ Activated version: abf147e0b808451d87c6dc8c7437ac47
  → Recovered missing Language ID for KLP via mapping: 22e3f4588c9d4b75b6ad515cac765d4d
  ✓ Resolved KLP link 'video:/Neonatal resuscitation/breathing' → 2d8c8be600ea4d6896c60424d2ace842
Updated KLP 'klp-1-breathing-assessment1' -> 83779dadc59648018fea054db02607c6
  ✓ Activated version: 0ad7be282ad9445bb686c3770cb9066f
  → Recovered missing Language ID for KLP via mapping: 22e3f4588c9d4b75b6ad515cac765d4d
  ✓ Resolved KLP link 'video:/Neonatal resuscitation/breathing' → 2d8c8be600ea4d6896c60424d2ace842
Updated KLP 'klp-1-breathing-assessment-continued' -> 488c9b6bb37943d39c6c91f606f6c8b3
  ✓ Activated version: a08a657b00e5406cb282d7acf9788267
  → Recovered missing Language ID for KLP via mapping: 22e3f4588c9d4b75b6ad515cac765d4d
  ✓ Resolved KLP link 'video:/Neonatal resuscitation/monitoring' → a0e85bc09ea64c75a3be54e2aabc7312
Updated KLP 'klp-3-action-if-breathing-well' -> 306ffda712d64e198e243c26c7022112
  ✓ Activated version: f4931f54464f4b29a2c3a8ccad00db7f
  → Recovered missing Language ID for KLP via mapping: 22e3f4588c9d4b75b6ad515cac765d4d
  ✓ Resolved KLP link 'video:/Neonatal resuscitation/breathing' → 2d8c8be600ea4d6896c60424d2ace842
Updated KLP 'klp-3-nr-give-oxygen' -> 198649a0bf714fe9b87408645a3c690e
  ✓ Activated version: 41992be75ce143b19eeee00dd55108af
  → Recovered missing Language ID for KLP via mapping: 22e3f4588c9d4b75b6ad515cac765d4d
  ✓ Resolved KLP link 'video:/Neonatal resuscitation/when_to_stop_resuscitation' → 941f52e6569a4d04b6517a91cbf78c20
Updated KLP 'klp-2-when-to-stop' -> b7d4f8f159e7451ba5abeda03d8da005
  ✓ Activated version: 1708896be3eb4144a09e78d0463c0c9e
  → Recovered missing Language ID for KLP via mapping: 22e3f4588c9d4b75b6ad515cac765d4d
  ✓ Resolved KLP link 'video:/Neonatal resuscitation/when_to_stop_resuscitation' → 941f52e6569a4d04b6517a91cbf78c20
Updated KLP 'klp-3-resuscitation-stop-next' -> eee1d91e86e64cd280df3613e6cf7542
  ✓ Activated version: 6e92db28848c4c508ac225c78360aaec
  → Recovered missing Language ID for KLP via mapping: 22e3f4588c9d4b75b6ad515cac765d4d
  ✓ Resolved KLP link 'video:/Neonatal resuscitation/monitoring' → a0e85bc09ea64c75a3be54e2aabc7312
Updated KLP 'klp-1-skin-to-skin-and-breastfeeding' -> b04cb5147c35405eb4c78c56e7578f50
  ✓ Activated version: 0ea74e883118420e88139916f1600060
  → Recovered missing Language ID for KLP via mapping: 22e3f4588c9d4b75b6ad515cac765d4d
  ✓ Resolved KLP link 'video:/Neonatal resuscitation/monitoring' → a0e85bc09ea64c75a3be54e2aabc7312
Updated KLP 'klp-3-monitoring' -> 412557d88ecc4b9c98821ba3d483f818
  ✓ Activated version: bf018871013e425e8fd7cdf34186166e
  → Recovered missing Language ID for KLP via mapping: 22e3f4588c9d4b75b6ad515cac765d4d
  ✓ Resolved KLP link 'video:/Neonatal resuscitation/monitoring' → a0e85bc09ea64c75a3be54e2aabc7312
Updated KLP 'klp-3-low-birth-weight-and-resuscitation' -> 8f791a2b119a4808b6f1222fcbcf0132
  ✓ Activated version: 0f1b7d781433493687abc5aad6cb8ba2
  → Recovered missing Language ID for KLP via mapping: 22e3f4588c9d4b75b6ad515cac765d4d
  ✓ Resolved KLP link 'video:/Neonatal resuscitation/monitoring' → a0e85bc09ea64c75a3be54e2aabc7312
Updated KLP 'klp-3-challenge-low-birth-weight' -> cf3f4ecda5ee492a9ca3114eddf79a3a
  ✓ Activated version: 483e0dda8c254d91a4dd5810b9a24abf
  → Recovered missing Language ID for KLP via mapping: 22e3f4588c9d4b75b6ad515cac765d4d
  ✓ Resolved KLP link 'video:/Neonatal resuscitation/airway' → 2621196bbbfd4da3b4feb5df340ae362
Updated KLP 'klp-2-successful-inflation-breaths' -> 88e5c63323674861b17f2a9c1ce0ce01
  ✓ Activated version: f667d36d57ec413aafe6e3ef413085c3
  → Recovered missing Language ID for KLP via mapping: 22e3f4588c9d4b75b6ad515cac765d4d
  ✓ Resolved KLP link 'video:/Newborn management/intro' → 6201cc04dc7a4bcf909daf666626338a
  ✓ Resolved KLP link 'video:/Newborn management/intro' → 6201cc04dc7a4bcf909daf666626338a
Updated KLP 'klp-1-common-causes-of-newborn-death' -> d992b9ff7b004cd2a102854bf56bd785
  ✓ Activated version: 74889edee3e043199ba7a7daa7ed9ba6
  → Recovered missing Language ID for KLP via mapping: 22e3f4588c9d4b75b6ad515cac765d4d
  ✓ Resolved KLP link 'video:/Newborn management/intro' → 6201cc04dc7a4bcf909daf666626338a
Updated KLP 'klp-2-death-in-first-week' -> 897e8b4b25bb4f57bdb10522ad47bc15
  ✓ Activated version: ac953f5733634b16836f596caa9bdc13
  → Recovered missing Language ID for KLP via mapping: 22e3f4588c9d4b75b6ad515cac765d4d
  ✓ Resolved KLP link 'video:/Newborn management/prevention' → b0dca36b2c3f42a1b88130e66675d9a1
  ✓ Resolved KLP link 'drug:betamethasone_1487080183154' → 68ad36d39eff4e28b00df56e3c8d0ee1
Updated KLP 'klp-3-prevent-respiratory-distress-preterm' -> 98113058c13843968cdb3aceb442ac75
  ✓ Activated version: 12d04061fcfe4bc5890c3844831358f3
  → Recovered missing Language ID for KLP via mapping: 22e3f4588c9d4b75b6ad515cac765d4d
  ✓ Resolved KLP link 'video:/Newborn management/prevention' → b0dca36b2c3f42a1b88130e66675d9a1
Updated KLP 'klp-2-risk-factors-infection-newborn' -> e9fa67d71fff45ea9cb8118a94a28958
  ✓ Activated version: 8fb56a7fc9ff453d911ed21a028e064c
  → Recovered missing Language ID for KLP via mapping: 22e3f4588c9d4b75b6ad515cac765d4d
  ✓ Resolved KLP link 'video:/Newborn management/prevention' → b0dca36b2c3f42a1b88130e66675d9a1
Updated KLP 'klp-1-prevent-newborn-infections' -> c74d0943d1934806aa06f8649f331473
  ✓ Activated version: 76b005bb69d949e39a0db8a124b48e35
  → Recovered missing Language ID for KLP via mapping: 22e3f4588c9d4b75b6ad515cac765d4d
  ✓ Resolved KLP link 'video:/Newborn management/prevention' → b0dca36b2c3f42a1b88130e66675d9a1
  ✓ Resolved KLP link 'video:/Newborn management/prevention' → b0dca36b2c3f42a1b88130e66675d9a1
Updated KLP 'klp-3-ab-to-newborn' -> 1d39461cbedc4f60828ad4be9c0f902c
  ✓ Activated version: 23e76f66a5234115aa8ffdc239f324d6
  → Recovered missing Language ID for KLP via mapping: 22e3f4588c9d4b75b6ad515cac765d4d
  ✓ Resolved KLP link 'video:/Newborn management/prevention' → b0dca36b2c3f42a1b88130e66675d9a1
  ✓ Resolved KLP link 'video:/Newborn management/prevention' → b0dca36b2c3f42a1b88130e66675d9a1
Updated KLP 'klp-2-risk-and-action-after-resuscitation' -> 3391f6f56dd04ed197000bb7cfc82f7d
  ✓ Activated version: 1eed86f418cf45c8b03f67b0df799ae8
  → Recovered missing Language ID for KLP via mapping: 22e3f4588c9d4b75b6ad515cac765d4d
  ✓ Resolved KLP link 'video:/Newborn management/prevention' → b0dca36b2c3f42a1b88130e66675d9a1
Updated KLP 'klp-2-early-feeding' -> 49e42be0c41c4f19903698eadce01d2f
  ✓ Activated version: 19b4eea586fe41d2a6d6b86d15ea766c
  → Recovered missing Language ID for KLP via mapping: 22e3f4588c9d4b75b6ad515cac765d4d
  ✓ Resolved KLP link 'video:/Newborn management/initial_care_of_the_newborn' → 2dd8762a05e3437a9071ad6b4688b4b4
Updated KLP 'klp-2-initial-care-of-the-newborn' -> 9c201c9ffc57427dbd39a2a89de25863
  ✓ Activated version: 0ba3ecb744db4cfda5ace19254c2090f
  → Recovered missing Language ID for KLP via mapping: 22e3f4588c9d4b75b6ad515cac765d4d
  ✓ Resolved KLP link 'video:/Newborn management/initial_care_of_the_newborn' → 2dd8762a05e3437a9071ad6b4688b4b4
Updated KLP 'klp-1-initial-care-of-the-newborn-actions' -> 68b1af5d74a242adafa1586b448a2b66
  ✓ Activated version: ea1c2972284640e0b6898c477d502938
  → Recovered missing Language ID for KLP via mapping: 22e3f4588c9d4b75b6ad515cac765d4d
  ✓ Resolved KLP link 'video:/Newborn management/initial_care_of_the_newborn' → 2dd8762a05e3437a9071ad6b4688b4b4
Updated KLP 'klp-1-not-crying-or-breathing-well' -> 5dc004f7c8d14fe5a2b2f5b20367369d
  ✓ Activated version: b278e3f897ab44fa99719853d5972b13
  → Recovered missing Language ID for KLP via mapping: 22e3f4588c9d4b75b6ad515cac765d4d
  ✓ Resolved KLP link 'video:/Newborn management/initial_care_of_the_newborn' → 2dd8762a05e3437a9071ad6b4688b4b4
Updated KLP 'klp-3-initial-care-of-lbw' -> 4f97ae6e69974020b47a7fa5e2ad7918
  ✓ Activated version: e1219a8490d644b9b87d1f5a5cda4ee5
  → Recovered missing Language ID for KLP via mapping: 22e3f4588c9d4b75b6ad515cac765d4d
  ✓ Resolved action-card link 'action-card:pediatric-drugs-and-fluids_1486735917639' via suffix match → res-action-card-newborn-management-pediatric-drugs-and-fluids
  ✓ Resolved KLP link 'action-card:pediatric-drugs-and-fluids_1486735917639' → 9f7f7437d3f847528faf71e45bec1156
Updated KLP 'klp-1-lbw-unable-to-suck-adequately' -> 9933bf6670bb4bdfaeca4decd6480e9d
  ✓ Activated version: fd195f743fe94aa7b502ed7ce79a448b
  → Recovered missing Language ID for KLP via mapping: 22e3f4588c9d4b75b6ad515cac765d4d
  ✓ Resolved KLP link 'video:/Newborn management/danger_signs' → 3f5b9034b6c6478fa19f8f6649f29b80
  ✓ Resolved KLP link 'video:/Newborn management/danger_signs' → 3f5b9034b6c6478fa19f8f6649f29b80
Updated KLP 'klp-3-signs-of-illness' -> eed4070696e64dd18d6d7cdaa7faa1c2
  ✓ Activated version: a613ee9a73f042ac8949fa2ce5ee77a8
  → Recovered missing Language ID for KLP via mapping: 22e3f4588c9d4b75b6ad515cac765d4d
  ✓ Resolved KLP link 'video:/Newborn management/management_of_danger_signs' → 3f5b9034b6c6478fa19f8f6649f29b80
  ✓ Resolved KLP link 'video:/Newborn management/management_of_danger_signs' → 3f5b9034b6c6478fa19f8f6649f29b80
Updated KLP 'klp-2-management-of-danger-signs' -> 609233cb0e7b46c2b5c2397ae71db316
  ✓ Activated version: 67218e8e5be0435193efc7fcc20a3f1d
  → Recovered missing Language ID for KLP via mapping: 22e3f4588c9d4b75b6ad515cac765d4d
  ✓ Resolved KLP link 'video:/Newborn management/danger_signs' → 3f5b9034b6c6478fa19f8f6649f29b80
Updated KLP 'klp-2-danger-signs-airway' -> f30f876242aa4156985d52b5839eb4ea
  ✓ Activated version: 0451aba01c7b4171aed049838eb86046
  → Recovered missing Language ID for KLP via mapping: 22e3f4588c9d4b75b6ad515cac765d4d
  ✓ Resolved KLP link 'video:/Newborn management/danger_signs' → 3f5b9034b6c6478fa19f8f6649f29b80
  ✓ Resolved KLP link 'video:/Newborn management/management_of_danger_signs' → 3f5b9034b6c6478fa19f8f6649f29b80
Updated KLP 'klp-1-danger-signs-breathing' -> cf5cc8f92ef746408e37e975802dc2d5
  ✓ Activated version: 9dac65a4204a4543bd32c75b1439f621
  → Recovered missing Language ID for KLP via mapping: 22e3f4588c9d4b75b6ad515cac765d4d
  ✓ Resolved KLP link 'video:/Newborn management/danger_signs' → 3f5b9034b6c6478fa19f8f6649f29b80
Updated KLP 'klp-2-grunting' -> 1aebf45af85c49498a4de9872981636a
  ✓ Activated version: a6c97bfe65834ad8a37463e17421a589
  → Recovered missing Language ID for KLP via mapping: 22e3f4588c9d4b75b6ad515cac765d4d
  ✓ Resolved KLP link 'video:/Newborn management/danger_signs' → 3f5b9034b6c6478fa19f8f6649f29b80
Updated KLP 'klp-3-apnoea' -> fbf0d5c8884f42139d543e512d81bf8b
  ✓ Activated version: f86feb56a7f34302b74ceafcfdf4ab1f
  → Recovered missing Language ID for KLP via mapping: 22e3f4588c9d4b75b6ad515cac765d4d
  ✓ Resolved KLP link 'video:/Newborn management/danger_signs' → 3f5b9034b6c6478fa19f8f6649f29b80
  ✓ Resolved KLP link 'video:/Newborn management/danger_signs' → 3f5b9034b6c6478fa19f8f6649f29b80
Updated KLP 'klp-1-shock' -> 3ab370f3d60a4e35b5e94238fd873b74
  ✓ Activated version: 2d8602fdaad94859959492ba10bbd9f0
  → Recovered missing Language ID for KLP via mapping: 22e3f4588c9d4b75b6ad515cac765d4d
  ✓ Resolved KLP link 'video:/Newborn management/danger_signs' → 3f5b9034b6c6478fa19f8f6649f29b80
  ✓ Resolved KLP link 'video:/Newborn management/danger_signs' → 3f5b9034b6c6478fa19f8f6649f29b80
Updated KLP 'klp-1-disability' -> 6bfacfcdec384480b322652610a6bef1
  ✓ Activated version: a8d8d2eaedfc492aa47e4dbedc88c092
  → Recovered missing Language ID for KLP via mapping: 22e3f4588c9d4b75b6ad515cac765d4d
  ✓ Resolved KLP link 'video:/Newborn management/danger_signs' → 3f5b9034b6c6478fa19f8f6649f29b80
Updated KLP 'klp-1-danger-signs-exposure' -> 30abae5609eb45afbbf7380be2df5b04
  ✓ Activated version: 64b3f023e741460abf1db8d901d3dd6a
  → Recovered missing Language ID for KLP via mapping: 22e3f4588c9d4b75b6ad515cac765d4d
  ✓ Resolved KLP link 'video:/Newborn management/danger_signs' → 3f5b9034b6c6478fa19f8f6649f29b80
Updated KLP 'klp-3-jaundice' -> a4ebafaf2d194fe2bbc5482faa084e18
  ✓ Activated version: ef3de4bba1944c528721e0911520a884
  → Recovered missing Language ID for KLP via mapping: 22e3f4588c9d4b75b6ad515cac765d4d
  ✓ Resolved KLP link 'video:/Newborn management/management_of_danger_signs' → 3f5b9034b6c6478fa19f8f6649f29b80
  ✓ Resolved KLP link 'video:/Newborn management/management_of_danger_signs' → 3f5b9034b6c6478fa19f8f6649f29b80
Updated KLP 'klp-3-management-case' -> 51f20a1096bc4cb9b10572a3a7553b1d
  ✓ Activated version: 2af79e5df97145fcb4ed7852e70cb8dd
  → Recovered missing Language ID for KLP via mapping: 22e3f4588c9d4b75b6ad515cac765d4d
  ✓ Resolved KLP link 'video:/Newborn management/management_of_danger_signs' → 3f5b9034b6c6478fa19f8f6649f29b80
Updated KLP 'klp-1-obstructed-airways' -> 41ac5c712171408a82b9efc9407d69b9
  ✓ Activated version: bbc17d77835b4ac7b19b25463cd5cc05
  → Recovered missing Language ID for KLP via mapping: 22e3f4588c9d4b75b6ad515cac765d4d
  ✓ Resolved KLP link 'video:/Newborn management/management_of_danger_signs' → 3f5b9034b6c6478fa19f8f6649f29b80
Updated KLP 'klp-3-management-breathing' -> 401be91d40244cc491182a6c1ac46884
  ✓ Activated version: f70a335efc4441ebb516437c1dfdc596
  → Recovered missing Language ID for KLP via mapping: 22e3f4588c9d4b75b6ad515cac765d4d
  ✓ Resolved KLP link 'video:/Newborn management/management_of_danger_signs' → 3f5b9034b6c6478fa19f8f6649f29b80
  ✓ Resolved KLP link 'video:/Newborn management/management_of_danger_signs' → 3f5b9034b6c6478fa19f8f6649f29b80
Updated KLP 'klp-2-management-drowsy-and-unconscious' -> 5a31c56d3adc4f1a9965c403306c4835
  ✓ Activated version: f8e6b646da3d47e791f9c00e5e27096e
  → Recovered missing Language ID for KLP via mapping: 22e3f4588c9d4b75b6ad515cac765d4d
  ✓ Resolved KLP link 'video:/Newborn management/management_of_danger_signs' → 3f5b9034b6c6478fa19f8f6649f29b80
  ✓ Resolved KLP link 'video:/Newborn management/management_of_danger_signs' → 3f5b9034b6c6478fa19f8f6649f29b80
Updated KLP 'klp-2-convulsions' -> e28f2401bc1a4fe791976d73bc7c923f
  ✓ Activated version: c7fd9adfa58e44c685cc0dcfcdf9cec1
  → Recovered missing Language ID for KLP via mapping: 22e3f4588c9d4b75b6ad515cac765d4d
  ✓ Resolved KLP link 'drug:phenobarbital_1487158287290' → ee2e85a6881841dab0e74110c9fb7b01
Updated KLP 'klp-3-management-of-danger-signs' -> 26dfc755523f436caf1fceaa0ddbb966
  ✓ Activated version: fbae97008f0340b2ab3b53c8095be19c
  → Recovered missing Language ID for KLP via mapping: 22e3f4588c9d4b75b6ad515cac765d4d
  ✓ Resolved KLP link 'video:/Newborn management/management_of_danger_signs' → 3f5b9034b6c6478fa19f8f6649f29b80
Updated KLP 'klp-2-management-jaundice' -> 22a9b62ceaa444e6b98902e822c6fef4
  ✓ Activated version: 6fb0eb4054204bb59d411b256b6e7b4a
  → Recovered missing Language ID for KLP via mapping: 22e3f4588c9d4b75b6ad515cac765d4d
  ✓ Resolved KLP link 'video:/Newborn management/management_of_danger_signs' → 3f5b9034b6c6478fa19f8f6649f29b80
Updated KLP 'klp-3-management-kangaroo-motherhood-care' -> df678fbaeea549b39199e80c97244b49
  ✓ Activated version: 04e336548d65453db88f8dd3cfc0704d
  → Recovered missing Language ID for KLP via mapping: 22e3f4588c9d4b75b6ad515cac765d4d
  ✓ Resolved KLP link 'video:/Newborn management/initial_care_of_the_newborn' → 2dd8762a05e3437a9071ad6b4688b4b4
Updated KLP 'klp-1-kangaroo-care' -> 14ae3996ead3407885c62f789e206efa
  ✓ Activated version: adadf78cfbf4476db42d85308f91e9e4
  → Recovered missing Language ID for KLP via mapping: 22e3f4588c9d4b75b6ad515cac765d4d
  ✓ Resolved KLP link 'video:/Newborn management/management_of_danger_signs' → 3f5b9034b6c6478fa19f8f6649f29b80
  ✓ Resolved KLP link 'video:/Newborn management/management_of_danger_signs' → 3f5b9034b6c6478fa19f8f6649f29b80
Updated KLP 'klp-3-management-infections' -> 8a23079ec73748abadc065cd446a3863
  ✓ Activated version: 9bfe285adc6242c8aca7d1c4d57031bc
  → Recovered missing Language ID for KLP via mapping: 22e3f4588c9d4b75b6ad515cac765d4d
  ✓ Resolved KLP link 'video:/Newborn management/management_of_danger_signs' → 3f5b9034b6c6478fa19f8f6649f29b80
Updated KLP 'klp-2-risk-of-low-blood-sugar' -> 95a3de5bc0914263b18a55668aab1eff
  ✓ Activated version: 32e97c6f9cd84643ad0da756b9a3e9f1
  → Recovered missing Language ID for KLP via mapping: 22e3f4588c9d4b75b6ad515cac765d4d
  ✓ Resolved KLP link 'video:/Newborn management/management_of_danger_signs' → 3f5b9034b6c6478fa19f8f6649f29b80
Updated KLP 'klp-3-newborn-cannot-suck' -> d0d8ea4213174248a2ebd7c8fd38c988
  ✓ Activated version: 3c96ee9accb94db3be451dd2136ba562
  → Recovered missing Language ID for KLP via mapping: 22e3f4588c9d4b75b6ad515cac765d4d
  ✓ Resolved KLP link 'video:/Newborn management/management_of_danger_signs' → 3f5b9034b6c6478fa19f8f6649f29b80
Updated KLP 'klp-1-rural-facility-newborn-danger-signs' -> 51a856fa6b6344959a0dde99c01e9e15
  ✓ Activated version: 4d78ebc39d43431bba92057af49f211e
  → Recovered missing Language ID for KLP via mapping: 22e3f4588c9d4b75b6ad515cac765d4d
  ✓ Resolved KLP link 'video:/Low birth weight/intro' → 6201cc04dc7a4bcf909daf666626338a
  ✓ Resolved KLP link 'video:/Low birth weight/intro' → 6201cc04dc7a4bcf909daf666626338a
Updated KLP 'klp-2-definition-of-low-birthweight' -> e50f799bde3e4a0b8ee90b8f56a2b1f7
  ✓ Activated version: 2218339280dd4fae937344a42b92c50e
  → Recovered missing Language ID for KLP via mapping: 22e3f4588c9d4b75b6ad515cac765d4d
  ✓ Resolved KLP link 'video:/Low birth weight/intro' → 6201cc04dc7a4bcf909daf666626338a
Updated KLP 'klp-1-preterm-presentation' -> 53514c0c59e846968822d6e8a9b257b7
  ✓ Activated version: 2e70bde713374790b59231a1a96f2b4f
  → Recovered missing Language ID for KLP via mapping: 22e3f4588c9d4b75b6ad515cac765d4d
  ✓ Resolved KLP link 'video:/Low birth weight/initial_care_of_the_low_birth_weight' → db67b02df9f34fd486d1b0600cf220d3
  ✓ Resolved KLP link 'video:/Low birth weight/initial_care_of_the_low_birth_weight' → db67b02df9f34fd486d1b0600cf220d3
  ✓ Resolved KLP link 'video:/Low birth weight/initial_care_of_the_low_birth_weight' → db67b02df9f34fd486d1b0600cf220d3
  ✓ Resolved KLP link 'video:/Low birth weight/initial_care_of_the_low_birth_weight' → db67b02df9f34fd486d1b0600cf220d3
Updated KLP 'klp-1-initial-care-of-the-low-birth-weight' -> 7f7c20d7501e47dc89984bf67c5b1ee9
  ✓ Activated version: 9c6777dc73184772915ba08f4fee2f7a
  → Recovered missing Language ID for KLP via mapping: 22e3f4588c9d4b75b6ad515cac765d4d
  ✓ Resolved KLP link 'video:/Low birth weight/kangaroo_mother_care' → fd5cfad22ac3470e8491a5182748a395
  ✓ Resolved KLP link 'video:/Low birth weight/kangaroo_mother_care' → fd5cfad22ac3470e8491a5182748a395
Updated KLP 'klp-1-what-is-kangaroo-mother-care' -> f2f74145f7c349eeb91345e8e1b057a4
  ✓ Activated version: 5ffe3616b1004d64b3facb86fe623cb7
  → Recovered missing Language ID for KLP via mapping: 22e3f4588c9d4b75b6ad515cac765d4d
  ✓ Resolved KLP link 'video:/Low birth weight/kangaroo_mother_care' → fd5cfad22ac3470e8491a5182748a395
Updated KLP 'klp-2-how-to-kangaroo-mother-care' -> 327561f75017431a8a5424e140f578c9
  ✓ Activated version: 158d8619ed964dc19372c68d2b23f71f
  → Recovered missing Language ID for KLP via mapping: 22e3f4588c9d4b75b6ad515cac765d4d
  ✓ Resolved KLP link 'video:/Low birth weight/kangaroo_mother_care' → fd5cfad22ac3470e8491a5182748a395
Updated KLP 'klp-3-discharge' -> 2e33d4157bd84609a3bb953bfe8aba6b
  ✓ Activated version: 172462b46cda4b3f81ff3056f096857e
  → Recovered missing Language ID for KLP via mapping: 22e3f4588c9d4b75b6ad515cac765d4d
  ✓ Resolved KLP link 'video:/Low birth weight/feeding' → 2947e3f7339f4bb5be63aac049b929aa
  ✓ Resolved KLP link 'video:/Low birth weight/feeding' → 2947e3f7339f4bb5be63aac049b929aa
Updated KLP 'klp-2-feeding' -> 0b233a0ca1f540738b370370bb651ee5
  ✓ Activated version: 51b4c03686b74f94b305de55a432dc40
  → Recovered missing Language ID for KLP via mapping: 22e3f4588c9d4b75b6ad515cac765d4d
  ✓ Resolved KLP link 'video:/Low birth weight/feeding' → 2947e3f7339f4bb5be63aac049b929aa
  ✓ Resolved KLP link 'video:/Low birth weight/feeding' → 2947e3f7339f4bb5be63aac049b929aa
Updated KLP 'klp-3-unable-to-suck' -> a51f534ae9364a4ca76cca4dc95db831
  ✓ Activated version: d0730780c51240ea92592c8e95dd2a4d
  → Recovered missing Language ID for KLP via mapping: 22e3f4588c9d4b75b6ad515cac765d4d
  ✓ Resolved action-card link 'action-card:pediatric-drugs-and-fluids_1486735917639' via suffix match → res-action-card-newborn-management-pediatric-drugs-and-fluids
  ✓ Resolved KLP link 'action-card:pediatric-drugs-and-fluids_1486735917639' → 9f7f7437d3f847528faf71e45bec1156
Updated KLP 'klp-1-feeding-schedule' -> 0fb868f2b561447692be6728e575580a
  ✓ Activated version: 9c8bc587c45b48fcb41b5f1453f5a0fc
  → Recovered missing Language ID for KLP via mapping: 22e3f4588c9d4b75b6ad515cac765d4d
  ✓ Resolved KLP link 'video:/Low birth weight/danger_signs' → da3f3b131c5b4cdcb5ad9287688e6cb4
Updated KLP 'klp-1-non-responsive-newborn' -> c783e4507e1b4ea09b41011e3f131531
  ✓ Activated version: c25fb044c6db44afad4f49334466bcab
  → Recovered missing Language ID for KLP via mapping: 22e3f4588c9d4b75b6ad515cac765d4d
  ✓ Resolved KLP link 'video:/Low birth weight/danger_signs' → da3f3b131c5b4cdcb5ad9287688e6cb4
Updated KLP 'klp-2-breathing' -> 27fb169b2f80470faab6047fbcb33c2f
  ✓ Activated version: 48f35048976f46b0bea436c71c2be8f4
  → Recovered missing Language ID for KLP via mapping: 22e3f4588c9d4b75b6ad515cac765d4d
  ✓ Resolved KLP link 'video:/Low birth weight/danger_signs' → da3f3b131c5b4cdcb5ad9287688e6cb4
Updated KLP 'klp-1-rds-symptoms' -> 55757b734ede4d7f938eab7d50d74a32
  ✓ Activated version: b38ae86948964d9fba317707e890bcb7
  → Recovered missing Language ID for KLP via mapping: 22e3f4588c9d4b75b6ad515cac765d4d
  ✓ Resolved KLP link 'video:/Low birth weight/danger_signs' → da3f3b131c5b4cdcb5ad9287688e6cb4
Updated KLP 'klp-2-rds-management' -> a2de46cf3d99422a95d75d2b92446bac
  ✓ Activated version: c4b40406470b47489f5e7946aeb6fa31
  → Recovered missing Language ID for KLP via mapping: 22e3f4588c9d4b75b6ad515cac765d4d
  ✓ Resolved KLP link 'video:/Low birth weight/danger_signs' → da3f3b131c5b4cdcb5ad9287688e6cb4
Updated KLP 'klp-3-cpap' -> e42649555ba6472cbf435577223fbc35
  ✓ Activated version: fac06f7e77584a3497ddcaecf1f71ac7
  → Recovered missing Language ID for KLP via mapping: 22e3f4588c9d4b75b6ad515cac765d4d
  ✓ Resolved KLP link 'video:/Low birth weight/danger_signs' → da3f3b131c5b4cdcb5ad9287688e6cb4
Updated KLP 'klp-1-rds-ab' -> 2986671c98524f5db95f6ebbb316854b
  ✓ Activated version: 2c6e9fb5d9c941c89495d788cf25b9f5
  → Recovered missing Language ID for KLP via mapping: 22e3f4588c9d4b75b6ad515cac765d4d
  ✓ Resolved KLP link 'video:/Low birth weight/danger_signs' → da3f3b131c5b4cdcb5ad9287688e6cb4
Updated KLP 'klp-2-oxygen-therapy' -> 6e0e3e50407e49d78f8379a5e6f020a5
  ✓ Activated version: 7bb81483e5bd408c97df75242fd7df99
  → Recovered missing Language ID for KLP via mapping: 22e3f4588c9d4b75b6ad515cac765d4d
  ✓ Resolved KLP link 'video:/Low birth weight/danger_signs' → da3f3b131c5b4cdcb5ad9287688e6cb4
Updated KLP 'klp-3-oxygen-saturation' -> 2a8fc4fecd5e41559e5f0034293f22f5
  ✓ Activated version: 07fb2395a0b94968b483f1910a536b05
  → Recovered missing Language ID for KLP via mapping: 22e3f4588c9d4b75b6ad515cac765d4d
  ✓ Resolved KLP link 'video:/Low birth weight/danger_signs' → da3f3b131c5b4cdcb5ad9287688e6cb4
Updated KLP 'klp-2-oxygen-indication' -> 83c1f2e17a7045e9a66d68ed182f11f0
  ✓ Activated version: 02d17cf443b5400abea54e05459baa90
  → Recovered missing Language ID for KLP via mapping: 22e3f4588c9d4b75b6ad515cac765d4d
  ✓ Resolved KLP link 'video:/Low birth weight/danger_signs' → da3f3b131c5b4cdcb5ad9287688e6cb4
Updated KLP 'klp-1-grunting' -> 886d92d46b934e35845ad5f1887dcec5
  ✓ Activated version: 65e242fd0b964d58a2b1fd667ceb3306
  → Recovered missing Language ID for KLP via mapping: 22e3f4588c9d4b75b6ad515cac765d4d
  ✓ Resolved KLP link 'drug:caffeine-citrate_1536653273361' → 8cb2f20981584886903513be5ecef365
Updated KLP 'klp-3-apnea-prevention' -> c7b6f8b2582c467681377b89405b0f94
  ✓ Activated version: 30ab8d6bd96e4423a341e700e5b94522
  → Recovered missing Language ID for KLP via mapping: 22e3f4588c9d4b75b6ad515cac765d4d
  ✓ Resolved KLP link 'video:/Low birth weight/danger_signs' → da3f3b131c5b4cdcb5ad9287688e6cb4
Updated KLP 'klp-3-stable-newborn-management' -> 25b70e209e3d4693a5ab0243722dac1e
  ✓ Activated version: 910e742a27b842bfb29eb57cca8864e0
  → Recovered missing Language ID for KLP via mapping: 22e3f4588c9d4b75b6ad515cac765d4d
  ✓ Resolved KLP link 'video:/Low birth weight/danger_signs' → da3f3b131c5b4cdcb5ad9287688e6cb4
Updated KLP 'klp-3-jaundice' -> a4ebafaf2d194fe2bbc5482faa084e18
  ✓ Activated version: 528291f6ace940ce812b8b996f2a29d9
  → Recovered missing Language ID for KLP via mapping: 22e3f4588c9d4b75b6ad515cac765d4d
  ✓ Resolved KLP link 'video:/Low birth weight/danger_signs' → da3f3b131c5b4cdcb5ad9287688e6cb4
Updated KLP 'klp-2-severe-jaundice' -> 13221beec1924bdb98cb2d83bc668698
  ✓ Activated version: 8e3e43f57e5546339c390e2b1ee1f940
  → Recovered missing Language ID for KLP via mapping: 22e3f4588c9d4b75b6ad515cac765d4d
  ✓ Resolved KLP link 'video:/Low birth weight/danger_signs' → da3f3b131c5b4cdcb5ad9287688e6cb4
Updated KLP 'klp-3-severe-jaundice-jaundice-treatment' -> aea43d4bd0b24bcc966c0db3cc589e43
  ✓ Activated version: 21db292c39c84171b94a2268332f385b
  → Recovered missing Language ID for KLP via mapping: 22e3f4588c9d4b75b6ad515cac765d4d
  ✓ Resolved KLP link 'video:/Low birth weight/danger_signs' → da3f3b131c5b4cdcb5ad9287688e6cb4
Updated KLP 'klp-1-vomits' -> 9a0269dda404422789505f7ebe058130
  ✓ Activated version: 81831d0125814d30942d1a1410e4bc71
  → Recovered missing Language ID for KLP via mapping: 22e3f4588c9d4b75b6ad515cac765d4d
  ✓ Resolved KLP link 'video:/Low birth weight/danger_signs' → da3f3b131c5b4cdcb5ad9287688e6cb4
Updated KLP 'klp-2-necrotizing-enterocolitis' -> 041d7c89bae441ceb66fce742a5c5856
  ✓ Activated version: 51e526a57d3b41f58f8b21f9b084965c
  → Recovered missing Language ID for KLP via mapping: 22e3f4588c9d4b75b6ad515cac765d4d
  ✓ Resolved KLP link 'video:/Low birth weight/danger_signs' → da3f3b131c5b4cdcb5ad9287688e6cb4
Updated KLP 'klp-3-necrotizing-enterocolitis-management' -> 1e817c7f44034a909e447294a9b6f68f
  ✓ Activated version: 6f9fb4193f474c93a406228bb2937422
  → Recovered missing Language ID for KLP via mapping: 22e3f4588c9d4b75b6ad515cac765d4d
  ✓ Resolved KLP link 'video:/Low birth weight/danger_signs' → da3f3b131c5b4cdcb5ad9287688e6cb4
Updated KLP 'klp-3-necrotizing-enterocolitis-ab' -> 3d4ff90c2da04d2c91f00b628b9d19ea
  ✓ Activated version: f9004f3fdaa249b89d82beaecce8ee6d
  → Recovered missing Language ID for KLP via mapping: 22e3f4588c9d4b75b6ad515cac765d4d
  ✓ Resolved KLP link 'video:/Low birth weight/danger_signs' → da3f3b131c5b4cdcb5ad9287688e6cb4
Updated KLP 'klp-1-lbw-infection' -> 9f695b50db8045c0b84adc1b2407fb59
  ✓ Activated version: 046fbe2f01a048feb4274e6151459ef7
  → Recovered missing Language ID for KLP via mapping: 22e3f4588c9d4b75b6ad515cac765d4d
  ✓ Resolved KLP link 'video:/Low birth weight/danger_signs' → da3f3b131c5b4cdcb5ad9287688e6cb4
Updated KLP 'klp-3-lbw-infection-treatment' -> 3d8fe96ad66145a7bb29aaf59679384c
  ✓ Activated version: d965ee64674843c2858113847a5a0e0f
  → Recovered missing Language ID for KLP via mapping: 22e3f4588c9d4b75b6ad515cac765d4d
  ✓ Resolved KLP link 'video:/Low birth weight/danger_signs' → da3f3b131c5b4cdcb5ad9287688e6cb4
Updated KLP 'klp-2-severe-infection' -> 1996d232c1344b4ea49d2ee8c8920ec0
  ✓ Activated version: 52f02752e933422eb4e6c4d4482c43ed
  → Recovered missing Language ID for KLP via mapping: 22e3f4588c9d4b75b6ad515cac765d4d
  ✓ Resolved KLP link 'video:/Low birth weight/referral' → 079335c547e44b4c8c8421622415129f
Updated KLP 'klp-1-referral-indications' -> 6d1620ac23e9418986112c1f058e5462
  ✓ Activated version: 4f86295468ef427089299f3cffec342f
  → Recovered missing Language ID for KLP via mapping: 22e3f4588c9d4b75b6ad515cac765d4d
  ✓ Resolved KLP link 'video:/Low birth weight/referral' → 079335c547e44b4c8c8421622415129f
Updated KLP 'klp-2-referral-safety-rules' -> 3fdf8d6e4e35416092c99727682a3fba
  ✓ Activated version: 0f2f16a841194a4f9be469236d2a493d
  → Recovered missing Language ID for KLP via mapping: 22e3f4588c9d4b75b6ad515cac765d4d
  ✓ Resolved KLP link 'video:/Low birth weight/referral' → 079335c547e44b4c8c8421622415129f
Updated KLP 'klp-2-referral-warmth' -> ce2032975a884a1aa48910e735a8a602
  ✓ Activated version: 9f80c7ff7b5f4e33a6b9019c2e70e3b0
  → Recovered missing Language ID for KLP via mapping: 22e3f4588c9d4b75b6ad515cac765d4d
  ✓ Resolved KLP link 'video:/Low birth weight/referral' → 079335c547e44b4c8c8421622415129f
Updated KLP 'klp-3-referral-no-option' -> f72a025462824991ad8b6d5c15a26839
  ✓ Activated version: 098e8801b40742c5807d523ac0452b52
  → Recovered missing Language ID for KLP via mapping: 22e3f4588c9d4b75b6ad515cac765d4d
  ✓ Resolved KLP link 'video:/Low birth weight/respectful_care' → 6bf7d4881b7c4680a089901c153c62e4
Updated KLP 'klp-1-respectful-care' -> 998b5c608c004625b7dfc683582ce087
  ✓ Activated version: 270faaa5fb7b47379e0fed70f69b3c71
  → Recovered missing Language ID for KLP via mapping: 22e3f4588c9d4b75b6ad515cac765d4d
  ✓ Resolved KLP link 'video:/Female genital mutilation/intro' → 6201cc04dc7a4bcf909daf666626338a
Updated KLP 'klp-1-fgm-is-an-unhealthy-practice' -> 630affe8ab664ebd8423682d9e1b5c39
  ✓ Activated version: fd16a20a977842a1afd7497c1972a22b
  → Recovered missing Language ID for KLP via mapping: 22e3f4588c9d4b75b6ad515cac765d4d
  ✓ Resolved KLP link 'video:/Female genital mutilation/immediate_health_risks' → 9badfa4b773e484b985cd22b5ece369a
Updated KLP 'klp-1-fgm-is-a-dangerous-practice' -> 87ac5856e82041e083d8439296af1bc2
  ✓ Activated version: f6289b560beb4e9eb349956cbc00eb98
  → Recovered missing Language ID for KLP via mapping: 22e3f4588c9d4b75b6ad515cac765d4d
  ✓ Resolved KLP link 'video:/Female genital mutilation/intro' → 6201cc04dc7a4bcf909daf666626338a
Updated KLP 'klp-2-fgm-is-forbidden' -> 81f798f2fa454dde81f66ae5cbcb6503
  ✓ Activated version: f7f5662ce2e14cb8b014f5491d993750
  → Recovered missing Language ID for KLP via mapping: 22e3f4588c9d4b75b6ad515cac765d4d
  ✓ Resolved KLP link 'video:/Female genital mutilation/the_types_of_fgm' → 017eae40245b4f0296a3833c8d02861a
Updated KLP 'klp-1-four-types-of-fgm' -> 7de31a71734e421bbe36c64eb2c6f355
  ✓ Activated version: 07529463ec5042fda9e71db7d01a92d0
  → Recovered missing Language ID for KLP via mapping: 22e3f4588c9d4b75b6ad515cac765d4d
  ✓ Resolved KLP link 'video:/Female genital mutilation/the_types_of_fgm' → 017eae40245b4f0296a3833c8d02861a
Updated KLP 'klp-3-mix-of-the-types' -> eb8578e252464d928edc45ac76954492
  ✓ Activated version: ecfe0c63c0144b6fafc2671eb40cef66
  → Recovered missing Language ID for KLP via mapping: 22e3f4588c9d4b75b6ad515cac765d4d
  ✓ Resolved KLP link 'video:/Female genital mutilation/the_types_of_fgm' → 017eae40245b4f0296a3833c8d02861a
Updated KLP 'klp-2-type-1' -> 6c299790abf24af9b4b0fe369aac9453
  ✓ Activated version: 3a2076c89aa74710bfceda235426702b
  → Recovered missing Language ID for KLP via mapping: 22e3f4588c9d4b75b6ad515cac765d4d
  ✓ Resolved KLP link 'video:/Female genital mutilation/the_types_of_fgm' → 017eae40245b4f0296a3833c8d02861a
Updated KLP 'klp-2-type-2' -> 06fb779103b64b1d810d1efb3cd57264
  ✓ Activated version: 071bcd2eaa5f4df8a101a0d003c8ef0c
  → Recovered missing Language ID for KLP via mapping: 22e3f4588c9d4b75b6ad515cac765d4d
  ✓ Resolved KLP link 'video:/Female genital mutilation/the_types_of_fgm' → 017eae40245b4f0296a3833c8d02861a
Updated KLP 'klp-2-type-3' -> 7e7eeddf45d9487aa85ff99dbc37585b
  ✓ Activated version: c026b5f337724b49814488156893a161
  → Recovered missing Language ID for KLP via mapping: 22e3f4588c9d4b75b6ad515cac765d4d
  ✓ Resolved KLP link 'video:/Female genital mutilation/the_types_of_fgm' → 017eae40245b4f0296a3833c8d02861a
Updated KLP 'klp-2-type-4' -> 4602cf252b6b4485a319338f41052a57
  ✓ Activated version: cd8cf496cdec4dbab7b3565602603c3d
  → Recovered missing Language ID for KLP via mapping: 22e3f4588c9d4b75b6ad515cac765d4d
  ✓ Resolved KLP link 'video:/Female genital mutilation/the_types_of_fgm' → 017eae40245b4f0296a3833c8d02861a
  ✓ Resolved KLP link 'video:/Female genital mutilation/the_types_of_fgm' → 017eae40245b4f0296a3833c8d02861a
Updated KLP 'klp-1-type-2-becomes-type-3' -> 3812d5e5a3c14a06a14d5e68e1abfd89
  ✓ Activated version: e784e2b5e1e5447eb29d83e6bcdce37c
  → Recovered missing Language ID for KLP via mapping: 22e3f4588c9d4b75b6ad515cac765d4d
  ✓ Resolved KLP link 'video:/Female genital mutilation/immediate_health_risks' → 9badfa4b773e484b985cd22b5ece369a
Updated KLP 'klp-1-immediate-health-risk' -> c17bb015edb64d179ffa84691e79fe13
  ✓ Activated version: 557f1644ec4d4beaabca250e0ec3ba81
  → Recovered missing Language ID for KLP via mapping: 22e3f4588c9d4b75b6ad515cac765d4d
  ✓ Resolved KLP link 'video:/Female genital mutilation/immediate_health_risks' → 9badfa4b773e484b985cd22b5ece369a
Updated KLP 'klp-2-fgm-and-infertility' -> 53a45e47cc8c486783d1c439bd53147f
  ✓ Activated version: d18a7e296b9e48bb86ef20fc299b5079
  → Recovered missing Language ID for KLP via mapping: 22e3f4588c9d4b75b6ad515cac765d4d
  ✓ Resolved KLP link 'video:/Female genital mutilation/immediate_health_risks' → 9badfa4b773e484b985cd22b5ece369a
Updated KLP 'klp-1-long-term-consequences' -> d0350c2b755944bf96f97c1247c57168
  ✓ Activated version: 8e4642ca13c74a3496fbe161833ec898
  → Recovered missing Language ID for KLP via mapping: 22e3f4588c9d4b75b6ad515cac765d4d
  ✓ Resolved KLP link 'video:/Female genital mutilation/birth_complications' → 2b8dc9886a9a452899811e77c9b8aa51
Updated KLP 'klp-3-fgm-antenatal' -> 6630086d3292436380dc0bd6b188b8d2
  ✓ Activated version: c13248b5ea7244beb03ffeb23109294e
  → Recovered missing Language ID for KLP via mapping: 22e3f4588c9d4b75b6ad515cac765d4d
  ✓ Resolved KLP link 'video:/Female genital mutilation/birth_complications' → 2b8dc9886a9a452899811e77c9b8aa51
Updated KLP 'klp-3-birth-complications' -> 190e563ccdf34b9182ab6671f032559a
  ✓ Activated version: 3588ab496a604550ac2d2e8ec3150840
  → Recovered missing Language ID for KLP via mapping: 22e3f4588c9d4b75b6ad515cac765d4d
  ✓ Resolved KLP link 'video:/Female genital mutilation/birth_complications' → 2b8dc9886a9a452899811e77c9b8aa51
Updated KLP 'klp-1-why-birth-complications' -> ebdb92f5edde440d8643aadcbb18dc3c
  ✓ Activated version: 40ca7ae4bcf8449c8fc25dde3c5a1945
  → Recovered missing Language ID for KLP via mapping: 22e3f4588c9d4b75b6ad515cac765d4d
  ✓ Resolved KLP link 'video:/Female genital mutilation/management_of_a_pregnant_woman_with_fgm' → d16d1aab352840c0a16182b642ca10a7
Updated KLP 'klp-1-urethra' -> 6098b2344e8d41f694cf85d0ef570f60
  ✓ Activated version: 19a8d9e2e7654c35a09ed8df1ff7fd21
  → Recovered missing Language ID for KLP via mapping: 22e3f4588c9d4b75b6ad515cac765d4d
  ✓ Resolved KLP link 'video:/Female genital mutilation/deinfibulation' → c70d3f07e15340b8afcd7ab33c8fc6fb
Updated KLP 'klp-3-deinfibulation-and-urethra' -> e7a82592b2ce47719ebe6b8097bd8371
  ✓ Activated version: 5ff4515700e3473a8af9428c81bf5953
  → Recovered missing Language ID for KLP via mapping: 22e3f4588c9d4b75b6ad515cac765d4d
  ✓ Resolved KLP link 'video:/Female genital mutilation/deinfibulation' → c70d3f07e15340b8afcd7ab33c8fc6fb
Updated KLP 'klp-2-steps-for-deinfibulation' -> 7c7f2d5b8213465d96f17180cecc081a
  ✓ Activated version: 6396362bb1ad41adb03d874dc93534e5
  → Recovered missing Language ID for KLP via mapping: 22e3f4588c9d4b75b6ad515cac765d4d
  ✓ Resolved KLP link 'video:/Female genital mutilation/deinfibulation' → c70d3f07e15340b8afcd7ab33c8fc6fb
Updated KLP 'klp-3-interrupted-sutures' -> 3c38bd10898248749b63ee16092a43c8
  ✓ Activated version: f4538e7cdddc48b18903ffa2c960a732
  → Recovered missing Language ID for KLP via mapping: 22e3f4588c9d4b75b6ad515cac765d4d
  ✓ Resolved KLP link 'video:/Female genital mutilation/deinfibulation' → c70d3f07e15340b8afcd7ab33c8fc6fb
Updated KLP 'klp-1-analgesia-after-deinfibulation' -> 9fd583ddea5642449b78f5eeadbb7661
  ✓ Activated version: 1305f8b16bf94d18aa7bd82090c76c74
  → Recovered missing Language ID for KLP via mapping: 22e3f4588c9d4b75b6ad515cac765d4d
  ✓ Resolved KLP link 'video:/Female genital mutilation/deinfibulation' → c70d3f07e15340b8afcd7ab33c8fc6fb
Updated KLP 'klp-3-hygiene-for-deinfibulation' -> 836a2b0f5df5493e9efc7b62d1101fc6
  ✓ Activated version: 274c07e07f1740ac9b98ef4cc4064e42
  → Recovered missing Language ID for KLP via mapping: 22e3f4588c9d4b75b6ad515cac765d4d
  ✓ Resolved KLP link 'video:/Female genital mutilation/management_of_a_pregnant_woman_with_fgm' → d16d1aab352840c0a16182b642ca10a7
Updated KLP 'klp-2-antenatal-deinfibulation' -> a9f0a247809146df9817f1a72dd5e1c4
  ✓ Activated version: 87a41159880a4561ad84cc1192fc6372
  → Recovered missing Language ID for KLP via mapping: 22e3f4588c9d4b75b6ad515cac765d4d
  ✓ Resolved KLP link 'video:/Female genital mutilation/management_of_a_pregnant_woman_with_fgm' → d16d1aab352840c0a16182b642ca10a7
Updated KLP 'klp-2-when-antenatal-deinfibulation' -> dc329caef0bd4fd584f8962fd1bb9c83
  ✓ Activated version: a35ea96ebcc14cb6aec67af7ee20363b
  → Recovered missing Language ID for KLP via mapping: 22e3f4588c9d4b75b6ad515cac765d4d
  ✓ Resolved KLP link 'video:/Female genital mutilation/management_of_a_pregnant_woman_with_fgm' → d16d1aab352840c0a16182b642ca10a7
Updated KLP 'klp-3-whom-to-deinfibulate-at-birth' -> cec0a369d1594fd4827349defff34056
  ✓ Activated version: b502eb05a559476ca4a381e8e7946d35
  → Recovered missing Language ID for KLP via mapping: 22e3f4588c9d4b75b6ad515cac765d4d
  ✓ Resolved KLP link 'video:/Female genital mutilation/labour_with_fgm' → 537364543d8a48f1a21693a667aa369c
Updated KLP 'klp-2-when-deinfibulation-at-birth' -> c156d0741d73417bbeb563b2713d2ebc
  ✓ Activated version: a3cc3ed12cd64b51bcfbbfe87e6789e9
  → Recovered missing Language ID for KLP via mapping: 22e3f4588c9d4b75b6ad515cac765d4d
  ✓ Resolved KLP link 'video:/Female genital mutilation/labour_with_fgm' → 537364543d8a48f1a21693a667aa369c
Updated KLP 'klp-3-deinfibulation-and-second-stage' -> aeb1130e8cf84ca6ac097f24dd79b11c
  ✓ Activated version: 7d84812150404ffa8607f407dcb94086
  → Recovered missing Language ID for KLP via mapping: 22e3f4588c9d4b75b6ad515cac765d4d
  ✓ Resolved KLP link 'video:/Female genital mutilation/labour_with_fgm' → 537364543d8a48f1a21693a667aa369c
  ✓ Resolved KLP link 'video:/Female genital mutilation/labour_with_fgm' → 537364543d8a48f1a21693a667aa369c
Updated KLP 'klp-2-episiotomy' -> ff6e307e6ab94bc5ad3b3af82a0d82c0
  ✓ Activated version: cafbe635022a4ffc97e282762d034a4a
  → Recovered missing Language ID for KLP via mapping: 22e3f4588c9d4b75b6ad515cac765d4d
  ✓ Resolved KLP link 'video:/Female genital mutilation/labour_with_fgm' → 537364543d8a48f1a21693a667aa369c
Updated KLP 'klp-1-episiotomy-procedure' -> fcc3725cc43b40ccae22a2dc8c1d6021
  ✓ Activated version: fb5c44e6ad734c159ce2de77b2f5ac43
  → Recovered missing Language ID for KLP via mapping: 22e3f4588c9d4b75b6ad515cac765d4d
  ✓ Resolved KLP link 'video:/Female genital mutilation/labour_with_fgm' → 537364543d8a48f1a21693a667aa369c
Updated KLP 'klp-1-forbidden-re-infibulation' -> 2a6973b741d5495f98a7e08092daff1e
  ✓ Activated version: 2c234458eabe4a0e858ffe7150693d29
  → Recovered missing Language ID for KLP via mapping: 22e3f4588c9d4b75b6ad515cac765d4d
  ✓ Resolved KLP link 'video:/Female genital mutilation/counsel_the_woman_and_her_husband' → 7c679058524f48a48d742260b3cc57d2
Updated KLP 'klp-3-wash-after-deinfibulation' -> 878181a1bcb74b45a1aac8bc767d79f5
  ✓ Activated version: b8037518a94b4a09aa9177922e84e91f
  → Recovered missing Language ID for KLP via mapping: 22e3f4588c9d4b75b6ad515cac765d4d
  ✓ Resolved KLP link 'video:/Female genital mutilation/counsel_the_woman_and_her_husband' → 7c679058524f48a48d742260b3cc57d2
Updated KLP 'klp-3-how-to-wash' -> 852c9124272e4a3c902789adf6e45edb
  ✓ Activated version: 4d1a124bffd246fa9cf065b7f059f3c4
  → Recovered missing Language ID for KLP via mapping: 22e3f4588c9d4b75b6ad515cac765d4d
  ✓ Resolved KLP link 'video:/Female genital mutilation/counsel_the_woman_and_her_husband' → 7c679058524f48a48d742260b3cc57d2
Updated KLP 'klp-1-re-infibulation-no-health-benefits' -> 21637e8e552e4951a6dfd3899d052680
  ✓ Activated version: 1c271ec7955f48e1aac86613311949a2
  → Recovered missing Language ID for KLP via mapping: 22e3f4588c9d4b75b6ad515cac765d4d
  ✓ Resolved KLP link 'video:/Female genital mutilation/counsel_the_woman_and_her_husband' → 7c679058524f48a48d742260b3cc57d2
Updated KLP 'klp-3-re-infibulation-is-a-health-risk' -> 243a94a2066445c6ac54b2948a1b80b3
  ✓ Activated version: 8852bae536094dc8aba4b845f77e5e3f
  → Recovered missing Language ID for KLP via mapping: 22e3f4588c9d4b75b6ad515cac765d4d
  ✓ Resolved KLP link 'video:/Female genital mutilation/counsel_the_woman_and_her_husband' → 7c679058524f48a48d742260b3cc57d2
Updated KLP 'klp-3-healthcare-worker-fgm-knowledge' -> ca332fabf4a24457ac872ae1788949ab
  ✓ Activated version: 4c05dea82737407daaae7bda916aeae1
  → Recovered missing Language ID for KLP via mapping: 22e3f4588c9d4b75b6ad515cac765d4d
  ✓ Resolved KLP link 'video:/Female genital mutilation/counsel_the_woman_and_her_husband' → 7c679058524f48a48d742260b3cc57d2
Updated KLP 'klp-2-no-fgm-for-newborn-girl' -> c4b6213b5b364658b47849a5432f5ca1
  ✓ Activated version: 944abb98cbad4ce89e4b99bf7d897be6

=== STEP 4: Post Modules ===
Loaded 21 existing module mappings

📋 Modules to be processed:
    1. [PATCH (23797e3082584b668def13e0e07153e2)] Infection Prevention  (mod-infection-prevention)  [🌍 f3bb22c9...]
    2. [PATCH (b61ec3c00af14144aa450181f99b04f9)] Post Abortion Care  (mod-post-abortion-care)  [🌍 f3bb22c9...]
    3. [PATCH (06c86234427f400aa4d0faa89db0042b)] Hypertension  (mod-hypertension)  [🌍 f3bb22c9...]
    4. [PATCH (2398966e5ad04b7a8ca4b1d8fa5d9d5a)] Active Management of Third Stage Labour  (mod-active-management-of-third-stage-labour)  [🌍 f3bb22c9...]
    5. [PATCH (2e06113c65e143ecbe0079db43cca836)] Prolonged Labour  (mod-prolonged-labour)  [🌍 f3bb22c9...]
    6. [PATCH (b06901908baa45da945932ddaee9a687)] Post Partum Hemorrhage  (mod-post-partum-hemorrhage)  [🌍 f3bb22c9...]
    7. [PATCH (9543dedfdf624f6cbd6cbcfcd884b831)] Manual Removal of Placenta  (mod-manual-removal-of-placenta)  [🌍 f3bb22c9...]
    8. [PATCH (e1c53f1d9deb4bddb3dc2f483a5563e3)] Maternal Sepsis  (mod-maternal-sepsis)  [🌍 f3bb22c9...]
    9. [PATCH (bf13284c87324027984bad13d9ff2b0b)] Neonatal Resuscitation  (mod-neonatal-resuscitation)  [🌍 f3bb22c9...]
   10. [PATCH (7e11192051d24aeb8eb8c2f4a211b768)] Newborn Management  (mod-newborn-management)  [🌍 f3bb22c9...]
   11. [PATCH (5e675325027a4c46803363dfaf1abaec)] Low Birth Weight  (mod-low-birth-weight)  [🌍 f3bb22c9...]
   12. [PATCH (4bb8465d789b42888c064c6934df864f)] Female Genital Mutilation  (mod-female-genital-mutilation)  [🌍 f3bb22c9...]


  📋 Module 'Infection Prevention' [mod-infection-prevention] resource resolution:
     Videos:     8 slugs → 8 IDs
     ActionCards:0 slugs → 0 IDs
     Procedures: 1 slugs → 1 IDs
     Drugs:      1 slugs → 1 IDs
     KLPs:       36 slugs → 36 IDs
     (sample drug ID: c931d5e9c6b845e38cd7ad943daa9c05)
  🔄 PATCH → http://135.225.105.160:8005/modules/23797e3082584b668def13e0e07153e2
     Payload resource counts: videos=8, action_cards=0, procedures=1, drugs=1, klps=36
     language_id=22e3f4588c9d4b75b6ad515cac765d4d, region=africa, content_type=translated
  📨 Response: 200
Updated module 'Infection Prevention'
  ✓ Activated module version: e53319511c5c4ae89a7c32f932b0d174

  📋 Module 'Post Abortion Care' [mod-post-abortion-care] resource resolution:
     Videos:     5 slugs → 5 IDs
     ActionCards:4 slugs → 4 IDs
     Procedures: 2 slugs → 2 IDs
     Drugs:      6 slugs → 6 IDs
     KLPs:       36 slugs → 36 IDs
     (sample action_card ID: 85ac5351c9534af3bc580c5dc27bd23a)
     (sample drug ID: 43bb1ffca2dd4cc39ad053f7a3c6fcc1)
  🔄 PATCH → http://135.225.105.160:8005/modules/b61ec3c00af14144aa450181f99b04f9
     Payload resource counts: videos=5, action_cards=4, procedures=2, drugs=6, klps=36
     language_id=22e3f4588c9d4b75b6ad515cac765d4d, region=africa, content_type=translated
  📨 Response: 200
Updated module 'Post Abortion Care'
  ✓ Activated module version: 5ad3a14509034f059618657a0f97f59d

  📋 Module 'Hypertension' [mod-hypertension] resource resolution:
     Videos:     6 slugs → 6 IDs
     ActionCards:4 slugs → 4 IDs
     Procedures: 1 slugs → 1 IDs
     Drugs:      8 slugs → 8 IDs
     KLPs:       36 slugs → 36 IDs
     (sample action_card ID: 452c591b18054e5e970947415b13a795)
     (sample drug ID: 042917dc302749ff84d221bf6529136d)
  🔄 PATCH → http://135.225.105.160:8005/modules/06c86234427f400aa4d0faa89db0042b
     Payload resource counts: videos=6, action_cards=4, procedures=1, drugs=8, klps=36
     language_id=22e3f4588c9d4b75b6ad515cac765d4d, region=africa, content_type=translated
  📨 Response: 200
Updated module 'Hypertension'
  ✓ Activated module version: 1aff13ea481e444ba00cc5500fd37137

  📋 Module 'Active Management of Third Stage Labour' [mod-active-management-of-third-stage-labour] resource resolution:
     Videos:     7 slugs → 7 IDs
     ActionCards:2 slugs → 2 IDs
     Procedures: 1 slugs → 1 IDs
     Drugs:      6 slugs → 6 IDs
     KLPs:       36 slugs → 36 IDs
     (sample action_card ID: 4913403514e9444b942a1c7fa5ab07df)
     (sample drug ID: 7f979a838f724fbc824cf4e8870208a7)
  🔄 PATCH → http://135.225.105.160:8005/modules/2398966e5ad04b7a8ca4b1d8fa5d9d5a
     Payload resource counts: videos=7, action_cards=2, procedures=1, drugs=6, klps=36
     language_id=22e3f4588c9d4b75b6ad515cac765d4d, region=africa, content_type=translated
  📨 Response: 200
Updated module 'Active Management of Third Stage Labour'
  ✓ Activated module version: 5e57ab1494184fa29b6af1c5ff92dd28

  📋 Module 'Prolonged Labour' [mod-prolonged-labour] resource resolution:
     Videos:     6 slugs → 6 IDs
     ActionCards:4 slugs → 4 IDs
     Procedures: 3 slugs → 3 IDs
     Drugs:      1 slugs → 1 IDs
     KLPs:       36 slugs → 36 IDs
     (sample action_card ID: 5ce558be037c46c989da5f8e208e715e)
     (sample drug ID: 8134a1b103c64d459f5a22ef0859a669)
  🔄 PATCH → http://135.225.105.160:8005/modules/2e06113c65e143ecbe0079db43cca836
     Payload resource counts: videos=6, action_cards=4, procedures=3, drugs=1, klps=36
     language_id=22e3f4588c9d4b75b6ad515cac765d4d, region=africa, content_type=translated
  📨 Response: 200
Updated module 'Prolonged Labour'
  ✓ Activated module version: a562908d55844246aea511d0c31675df

  📋 Module 'Post Partum Hemorrhage' [mod-post-partum-hemorrhage] resource resolution:
     Videos:     9 slugs → 9 IDs
     ActionCards:4 slugs → 4 IDs
     Procedures: 2 slugs → 2 IDs
     Drugs:      8 slugs → 8 IDs
     KLPs:       36 slugs → 36 IDs
     (sample action_card ID: 7bd8b32b3d204b99a96fefc4b3076dd4)
     (sample drug ID: 43bb1ffca2dd4cc39ad053f7a3c6fcc1)
  🔄 PATCH → http://135.225.105.160:8005/modules/b06901908baa45da945932ddaee9a687
     Payload resource counts: videos=9, action_cards=4, procedures=2, drugs=8, klps=36
     language_id=22e3f4588c9d4b75b6ad515cac765d4d, region=africa, content_type=translated
  📨 Response: 200
Updated module 'Post Partum Hemorrhage'
  ✓ Activated module version: 07f8d392bd964b92b8b2edc39650c321

  📋 Module 'Manual Removal of Placenta' [mod-manual-removal-of-placenta] resource resolution:
     Videos:     8 slugs → 8 IDs
     ActionCards:1 slugs → 1 IDs
     Procedures: 2 slugs → 2 IDs
     Drugs:      8 slugs → 8 IDs
     KLPs:       36 slugs → 36 IDs
     (sample action_card ID: 9f32f51d326f405598f8fd31016426c6)
     (sample drug ID: 43bb1ffca2dd4cc39ad053f7a3c6fcc1)
  🔄 PATCH → http://135.225.105.160:8005/modules/9543dedfdf624f6cbd6cbcfcd884b831
     Payload resource counts: videos=8, action_cards=1, procedures=2, drugs=8, klps=36
     language_id=22e3f4588c9d4b75b6ad515cac765d4d, region=africa, content_type=translated
  📨 Response: 200
Updated module 'Manual Removal of Placenta'
  ✓ Activated module version: 7d5fa856fb0047c88eb0b1411bf7bfee

  📋 Module 'Maternal Sepsis' [mod-maternal-sepsis] resource resolution:
     Videos:     6 slugs → 6 IDs
     ActionCards:5 slugs → 5 IDs
     Procedures: 1 slugs → 1 IDs
     Drugs:      10 slugs → 10 IDs
     KLPs:       36 slugs → 36 IDs
     (sample action_card ID: bae18cccac614d51838abc2224ace2dc)
     (sample drug ID: 43bb1ffca2dd4cc39ad053f7a3c6fcc1)
  🔄 PATCH → http://135.225.105.160:8005/modules/e1c53f1d9deb4bddb3dc2f483a5563e3
     Payload resource counts: videos=6, action_cards=5, procedures=1, drugs=10, klps=36
     language_id=22e3f4588c9d4b75b6ad515cac765d4d, region=africa, content_type=translated
  📨 Response: 200
Updated module 'Maternal Sepsis'
  ✓ Activated module version: 9f1dbba5bdc94e138c1be83bf430fbde

  📋 Module 'Neonatal Resuscitation' [mod-neonatal-resuscitation] resource resolution:
     Videos:     6 slugs → 6 IDs
     ActionCards:4 slugs → 4 IDs
     Procedures: 0 slugs → 0 IDs
     Drugs:      4 slugs → 4 IDs
     KLPs:       36 slugs → 36 IDs
     (sample action_card ID: 432cb4ead25243aa8dce185291fbafdb)
     (sample drug ID: 43bb1ffca2dd4cc39ad053f7a3c6fcc1)
  🔄 PATCH → http://135.225.105.160:8005/modules/bf13284c87324027984bad13d9ff2b0b
     Payload resource counts: videos=6, action_cards=4, procedures=0, drugs=4, klps=36
     language_id=22e3f4588c9d4b75b6ad515cac765d4d, region=africa, content_type=translated
  📨 Response: 200
Updated module 'Neonatal Resuscitation'
  ✓ Activated module version: 958ae9ee52384659a5f6dbeed24f25eb

  📋 Module 'Newborn Management' [mod-newborn-management] resource resolution:
     Videos:     5 slugs → 5 IDs
     ActionCards:9 slugs → 9 IDs
     Procedures: 2 slugs → 2 IDs
     Drugs:      10 slugs → 10 IDs
     KLPs:       36 slugs → 36 IDs
     (sample action_card ID: 4c87c436ae1e467eab670a23e28625ef)
     (sample drug ID: 43bb1ffca2dd4cc39ad053f7a3c6fcc1)
  🔄 PATCH → http://135.225.105.160:8005/modules/7e11192051d24aeb8eb8c2f4a211b768
     Payload resource counts: videos=5, action_cards=9, procedures=2, drugs=10, klps=36
     language_id=22e3f4588c9d4b75b6ad515cac765d4d, region=africa, content_type=translated
  📨 Response: 200
Updated module 'Newborn Management'
  ✓ Activated module version: 11c3d8c41e104683b9e5d0801ba8be99

  📋 Module 'Low Birth Weight' [mod-low-birth-weight] resource resolution:
     Videos:     7 slugs → 7 IDs
     ActionCards:6 slugs → 6 IDs
     Procedures: 2 slugs → 2 IDs
     Drugs:      12 slugs → 12 IDs
     KLPs:       36 slugs → 36 IDs
     (sample action_card ID: 4c87c436ae1e467eab670a23e28625ef)
     (sample drug ID: 55ece732b1294065a63027260c6f24b6)
  🔄 PATCH → http://135.225.105.160:8005/modules/5e675325027a4c46803363dfaf1abaec
     Payload resource counts: videos=7, action_cards=6, procedures=2, drugs=12, klps=36
     language_id=22e3f4588c9d4b75b6ad515cac765d4d, region=africa, content_type=translated
  📨 Response: 200
Updated module 'Low Birth Weight'
  ✓ Activated module version: 1674502698324d51b6396ce5803c8fd2

  📋 Module 'Female Genital Mutilation' [mod-female-genital-mutilation] resource resolution:
     Videos:     8 slugs → 8 IDs
     ActionCards:2 slugs → 2 IDs
     Procedures: 2 slugs → 2 IDs
     Drugs:      4 slugs → 4 IDs
     KLPs:       36 slugs → 36 IDs
     (sample action_card ID: f44474874fc24f1da6375c89f94b02c7)
     (sample drug ID: 4e899a185c3c49178fb5a2450af56939)
  🔄 PATCH → http://135.225.105.160:8005/modules/4bb8465d789b42888c064c6934df864f
     Payload resource counts: videos=8, action_cards=2, procedures=2, drugs=4, klps=36
     language_id=22e3f4588c9d4b75b6ad515cac765d4d, region=africa, content_type=translated
  📨 Response: 200
Updated module 'Female Genital Mutilation'
  ✓ Activated module version: 169f5dc3e95f448583f0f4be9c930344

=== STEP 5: Post Categories ===
Starting category migration for language 82cf03f748ee49d68a609424b66f66c2...
Processing category: Sexual & reproductive health
  Found module: Modern Contraception -> 1a1ec4e37835464d849df7303d76d8a1
  Found module: Safe Abortion -> 9358239678804705982f6b2ac2ff3b3b
  Found module: Post Abortion Care -> b61ec3c00af14144aa450181f99b04f9
  Found module: Female Genital Mutilation -> 4bb8465d789b42888c064c6934df864f
  Total modules found: 4
  Category exists: 63d4f4f92e5c4c18a8fa659900304237, patching...
  ✓ Activated category version: bc307cacd175406488f8e3bc46dd8751 (Universal)
Processing category: Pregnancy and birth complications
  Found module: Hypertension -> 06c86234427f400aa4d0faa89db0042b
  Found module: Prolonged Labour -> 2e06113c65e143ecbe0079db43cca836
  Found module: Post Partum Hemorrhage -> b06901908baa45da945932ddaee9a687
  Found module: Manual Removal of Placenta -> 9543dedfdf624f6cbd6cbcfcd884b831
  Found module: Maternal Sepsis -> e1c53f1d9deb4bddb3dc2f483a5563e3
  Found module: Gestational Diabetes Mellitus -> 0604e1ba8e664ec1b926096561791d30
  Total modules found: 6
  Category exists: a9cd24195fa24de88953082c05a427e8, patching...
  ✓ Activated category version: a6afb7ebb3b34c038467d75daa57259c (Universal)
Processing category: Maternal health
  Found module: Antenatal Care -> 586330f5ef7c4898a22b172751a886df
  Found module: Postnatal Care -> ee6b4844a39e44fc81dfa3ef203af63d
  Found module: Normal Labour and Birth -> 9039beed1f1344b98ef2791eef464521
  Found module: Active Management of Third Stage Labour -> 2398966e5ad04b7a8ca4b1d8fa5d9d5a
  Found module: Perinatal Mental Health -> 796c4efdd27a4d699a2e377e03514ebb
  Total modules found: 5
  Category exists: faa0f8f589424a0296bd34c818822e3b, patching...
  ✓ Activated category version: bd45ef7c2d5344519d542cd6e7fc6f25 (Universal)
Processing category: Newborn health
  Found module: Neonatal Resuscitation -> bf13284c87324027984bad13d9ff2b0b
  Found module: Newborn Management -> 7e11192051d24aeb8eb8c2f4a211b768
  Found module: Low Birth Weight -> 5e675325027a4c46803363dfaf1abaec
  Found module: Care of The Sick Newborn -> 96d554b8d3d44bcebc375b43b73a5030
  Total modules found: 4
  Category exists: bc1b2aa16e214539a6405fc34bd55036, patching...
  ✓ Activated category version: 5d471112406b4813bc29314e6b0c4a55 (Universal)
Processing category: Infection prevention
  Found module: Infection Prevention -> 23797e3082584b668def13e0e07153e2
  Total modules found: 1
  Category exists: 28b0e5ed8dac4e6fa0197b89815b7e16, patching...
  ✓ Activated category version: 0b9e488d96d4455ea329e698a2124a5a (Universal)
Category migration complete. 5 categories processed.
Starting category migration for language a08966cf4d2c4e9db93a60fe37aca4d6...
Processing category: Sexual & reproductive health
  Found module: Modern Contraception -> 1a1ec4e37835464d849df7303d76d8a1
  Found module: Safe Abortion -> 9358239678804705982f6b2ac2ff3b3b
  Found module: Post Abortion Care -> b61ec3c00af14144aa450181f99b04f9
  Found module: Female Genital Mutilation -> 4bb8465d789b42888c064c6934df864f
  Total modules found: 4
  Category exists: 63d4f4f92e5c4c18a8fa659900304237, patching...
  ✓ Activated category version: 3ddc29593e0d4ce5ba4bd70a184884ca (Universal)
Processing category: Pregnancy and birth complications
  Found module: Hypertension -> 06c86234427f400aa4d0faa89db0042b
  Found module: Prolonged Labour -> 2e06113c65e143ecbe0079db43cca836
  Found module: Post Partum Hemorrhage -> b06901908baa45da945932ddaee9a687
  Found module: Manual Removal of Placenta -> 9543dedfdf624f6cbd6cbcfcd884b831
  Found module: Maternal Sepsis -> e1c53f1d9deb4bddb3dc2f483a5563e3
  Found module: Gestational Diabetes Mellitus -> 0604e1ba8e664ec1b926096561791d30
  Total modules found: 6
  Category exists: a9cd24195fa24de88953082c05a427e8, patching...
  ✓ Activated category version: 6e39872f90334a2786be718e145faf33 (Universal)
Processing category: Maternal health
  Found module: Antenatal Care -> 586330f5ef7c4898a22b172751a886df
  Found module: Postnatal Care -> ee6b4844a39e44fc81dfa3ef203af63d
  Found module: Normal Labour and Birth -> 9039beed1f1344b98ef2791eef464521
  Found module: Active Management of Third Stage Labour -> 2398966e5ad04b7a8ca4b1d8fa5d9d5a
  Found module: Perinatal Mental Health -> 796c4efdd27a4d699a2e377e03514ebb
  Total modules found: 5
  Category exists: faa0f8f589424a0296bd34c818822e3b, patching...
  ✓ Activated category version: e51ddcc46546446987423c94615fe4ff (Universal)
Processing category: Newborn health
  Found module: Neonatal Resuscitation -> bf13284c87324027984bad13d9ff2b0b
  Found module: Newborn Management -> 7e11192051d24aeb8eb8c2f4a211b768
  Found module: Low Birth Weight -> 5e675325027a4c46803363dfaf1abaec
  Found module: Care of The Sick Newborn -> 96d554b8d3d44bcebc375b43b73a5030
  Total modules found: 4
  Category exists: bc1b2aa16e214539a6405fc34bd55036, patching...
  ✓ Activated category version: 9b865c01ad3e43618a7bf26284585a9f (Universal)
Processing category: Infection prevention
  Found module: Infection Prevention -> 23797e3082584b668def13e0e07153e2
  Total modules found: 1
  Category exists: 28b0e5ed8dac4e6fa0197b89815b7e16, patching...
  ✓ Activated category version: b1dc43d4bcb042d5a21d964fbe32991a (Universal)
Category migration complete. 5 categories processed.
Starting category migration for language 22e3f4588c9d4b75b6ad515cac765d4d...
Processing category: Sexual & reproductive health
  Found module: Modern Contraception -> 1a1ec4e37835464d849df7303d76d8a1
  Found module: Safe Abortion -> 9358239678804705982f6b2ac2ff3b3b
  Found module: Post Abortion Care -> b61ec3c00af14144aa450181f99b04f9
  Found module: Female Genital Mutilation -> 4bb8465d789b42888c064c6934df864f
  Total modules found: 4
  Category exists: 63d4f4f92e5c4c18a8fa659900304237, patching...
  ✓ Activated category version: 5c11ba48257b4256b30552461f26920f (Universal)
Processing category: Pregnancy and birth complications
  Found module: Hypertension -> 06c86234427f400aa4d0faa89db0042b
  Found module: Prolonged Labour -> 2e06113c65e143ecbe0079db43cca836
  Found module: Post Partum Hemorrhage -> b06901908baa45da945932ddaee9a687
  Found module: Manual Removal of Placenta -> 9543dedfdf624f6cbd6cbcfcd884b831
  Found module: Maternal Sepsis -> e1c53f1d9deb4bddb3dc2f483a5563e3
  Found module: Gestational Diabetes Mellitus -> 0604e1ba8e664ec1b926096561791d30
  Total modules found: 6
  Category exists: a9cd24195fa24de88953082c05a427e8, patching...
  ✓ Activated category version: 0c93f367e49a4bc59ce1786f4504b62a (Universal)
Processing category: Maternal health
  Found module: Antenatal Care -> 586330f5ef7c4898a22b172751a886df
  Found module: Postnatal Care -> ee6b4844a39e44fc81dfa3ef203af63d
  Found module: Normal Labour and Birth -> 9039beed1f1344b98ef2791eef464521
  Found module: Active Management of Third Stage Labour -> 2398966e5ad04b7a8ca4b1d8fa5d9d5a
  Found module: Perinatal Mental Health -> 796c4efdd27a4d699a2e377e03514ebb
  Total modules found: 5
  Category exists: faa0f8f589424a0296bd34c818822e3b, patching...
  ✓ Activated category version: 2ab94bda73634fcc8bbb0a31969860a3 (Universal)
Processing category: Newborn health
  Found module: Neonatal Resuscitation -> bf13284c87324027984bad13d9ff2b0b
  Found module: Newborn Management -> 7e11192051d24aeb8eb8c2f4a211b768
  Found module: Low Birth Weight -> 5e675325027a4c46803363dfaf1abaec
  Found module: Care of The Sick Newborn -> 96d554b8d3d44bcebc375b43b73a5030
  Total modules found: 4
  Category exists: bc1b2aa16e214539a6405fc34bd55036, patching...
  ✓ Activated category version: 6851411a3e8f4b15a12ecf63d1dab6ad (Universal)
Processing category: Infection prevention
  Found module: Infection Prevention -> 23797e3082584b668def13e0e07153e2
  Total modules found: 1
  Category exists: 28b0e5ed8dac4e6fa0197b89815b7e16, patching...
  ✓ Activated category version: 20c4fbaae3144d65ab4fd571cfdae436 (Universal)
Category migration complete. 5 categories processed.
Starting category migration for language b41a54f4df3a46f7b6126175876ff19b...
Processing category: Sexual & reproductive health
  Found module: Modern Contraception -> 1a1ec4e37835464d849df7303d76d8a1
  Found module: Safe Abortion -> 9358239678804705982f6b2ac2ff3b3b
  Found module: Post Abortion Care -> b61ec3c00af14144aa450181f99b04f9
  Found module: Female Genital Mutilation -> 4bb8465d789b42888c064c6934df864f
  Total modules found: 4
  Category exists: 63d4f4f92e5c4c18a8fa659900304237, patching...
  ✓ Activated category version: c40124e227674e7aa0a5208baedac06c (Universal)
Processing category: Pregnancy and birth complications
  Found module: Hypertension -> 06c86234427f400aa4d0faa89db0042b
  Found module: Prolonged Labour -> 2e06113c65e143ecbe0079db43cca836
  Found module: Post Partum Hemorrhage -> b06901908baa45da945932ddaee9a687
  Found module: Manual Removal of Placenta -> 9543dedfdf624f6cbd6cbcfcd884b831
  Found module: Maternal Sepsis -> e1c53f1d9deb4bddb3dc2f483a5563e3
  Found module: Gestational Diabetes Mellitus -> 0604e1ba8e664ec1b926096561791d30
  Total modules found: 6
  Category exists: a9cd24195fa24de88953082c05a427e8, patching...
  ✓ Activated category version: 113dde01b83e4d829afbccbe56f62ca0 (Universal)
Processing category: Maternal health
  Found module: Antenatal Care -> 586330f5ef7c4898a22b172751a886df
  Found module: Postnatal Care -> ee6b4844a39e44fc81dfa3ef203af63d
  Found module: Normal Labour and Birth -> 9039beed1f1344b98ef2791eef464521
  Found module: Active Management of Third Stage Labour -> 2398966e5ad04b7a8ca4b1d8fa5d9d5a
  Found module: Perinatal Mental Health -> 796c4efdd27a4d699a2e377e03514ebb
  Total modules found: 5
  Category exists: faa0f8f589424a0296bd34c818822e3b, patching...
  ✓ Activated category version: 07d2f3cab083486489233a0f41157898 (Universal)
Processing category: Newborn health
  Found module: Neonatal Resuscitation -> bf13284c87324027984bad13d9ff2b0b
  Found module: Newborn Management -> 7e11192051d24aeb8eb8c2f4a211b768
  Found module: Low Birth Weight -> 5e675325027a4c46803363dfaf1abaec
  Found module: Care of The Sick Newborn -> 96d554b8d3d44bcebc375b43b73a5030
  Total modules found: 4
  Category exists: bc1b2aa16e214539a6405fc34bd55036, patching...
  ✓ Activated category version: a04f270116154c35ae2b3d9bc64fc662 (Universal)
Processing category: Infection prevention
  Found module: Infection Prevention -> 23797e3082584b668def13e0e07153e2
  Total modules found: 1
  Category exists: 28b0e5ed8dac4e6fa0197b89815b7e16, patching...
  ✓ Activated category version: 4498a207b49149a382e882c7b030e78d (Universal)
Category migration complete. 5 categories processed.
Starting category migration for language 06400ef3d7b040c19e96efe6c6c99991...
Processing category: Sexual & reproductive health
  Found module: Modern Contraception -> 1a1ec4e37835464d849df7303d76d8a1
  Found module: Safe Abortion -> 9358239678804705982f6b2ac2ff3b3b
  Found module: Post Abortion Care -> b61ec3c00af14144aa450181f99b04f9
  Found module: Female Genital Mutilation -> 4bb8465d789b42888c064c6934df864f
  Total modules found: 4
  Category exists: 63d4f4f92e5c4c18a8fa659900304237, patching...
  ✓ Activated category version: a679782c757b4007bd3c1ff22e5a0f12 (Universal)
Processing category: Pregnancy and birth complications
  Found module: Hypertension -> 06c86234427f400aa4d0faa89db0042b
  Found module: Prolonged Labour -> 2e06113c65e143ecbe0079db43cca836
  Found module: Post Partum Hemorrhage -> b06901908baa45da945932ddaee9a687
  Found module: Manual Removal of Placenta -> 9543dedfdf624f6cbd6cbcfcd884b831
  Found module: Maternal Sepsis -> e1c53f1d9deb4bddb3dc2f483a5563e3
  Found module: Gestational Diabetes Mellitus -> 0604e1ba8e664ec1b926096561791d30
  Total modules found: 6
  Category exists: a9cd24195fa24de88953082c05a427e8, patching...
  ✓ Activated category version: 4dbe4d2ba2a04188bb74b2caa314ef52 (Universal)
Processing category: Maternal health
  Found module: Antenatal Care -> 586330f5ef7c4898a22b172751a886df
  Found module: Postnatal Care -> ee6b4844a39e44fc81dfa3ef203af63d
  Found module: Normal Labour and Birth -> 9039beed1f1344b98ef2791eef464521
  Found module: Active Management of Third Stage Labour -> 2398966e5ad04b7a8ca4b1d8fa5d9d5a
  Found module: Perinatal Mental Health -> 796c4efdd27a4d699a2e377e03514ebb
  Total modules found: 5
  Category exists: faa0f8f589424a0296bd34c818822e3b, patching...
  ✓ Activated category version: c2c0783c1a48419bbca673588672e011 (Universal)
Processing category: Newborn health
  Found module: Neonatal Resuscitation -> bf13284c87324027984bad13d9ff2b0b
  Found module: Newborn Management -> 7e11192051d24aeb8eb8c2f4a211b768
  Found module: Low Birth Weight -> 5e675325027a4c46803363dfaf1abaec
  Found module: Care of The Sick Newborn -> 96d554b8d3d44bcebc375b43b73a5030
  Total modules found: 4
  Category exists: bc1b2aa16e214539a6405fc34bd55036, patching...
  ✓ Activated category version: de7f2f5a3ccc4ac59c8a633e5d56b0f4 (Universal)
Processing category: Infection prevention
  Found module: Infection Prevention -> 23797e3082584b668def13e0e07153e2
  Total modules found: 1
  Category exists: 28b0e5ed8dac4e6fa0197b89815b7e16, patching...
  ✓ Activated category version: c231e5285058424b920c82196650b9f3 (Universal)
Category migration complete. 5 categories processed.

=== STEP 6: Post Certificates ===
  📂 Loaded 4 local certificate mappings.
  🔄 Fetching all existing certificates from LME for caching...
  ✅ Cached 3 existing certificates from API.

🚀 Starting CERTIFICATE migration...
  Found 159 certificate documents in Cosmos.
  Filtered to 45 unique latest certificates.
  Grouped into 1 certificate families.

================================================================================
Processing Certificate Group 1/1: certificate-2017_1503996242450
================================================================================
  ℹ️ Language-specific migration mode for: Certificate 2017
     Attempting to find existing global certificate...
  → Found in slug cache (cert-certificate-2017): d55f26790bec4bffb95491afe9e59065
  ✅ Found existing global certificate: d55f26790bec4bffb95491afe9e59065

  📚 Found 1 valid translation(s) to migrate
     Parent certificate ID: d55f26790bec4bffb95491afe9e59065

  ────────────────────────────────────────────────────────────────────────────
  🌍 Translation 1/1: Language f3bb22c9-d64b-26e3-cbf9-e5418e905fb1
  ────────────────────────────────────────────────────────────────────────────

📜 Processing TRANSLATED Certificate: 'Certificate 2017'
   Language: f3bb22c9-d64b-26e3-cbf9-e5418e905fb1
   Parent ID: d55f26790bec4bffb95491afe9e59065
  ✅ Content uploaded: afde00280d6b45548687...
Loaded 3257 asset mappings from file
Using cached asset_id: 8d9560a9f06f43eb9bb1bb82a2a6a6ab
Using cached asset_id: 8d9560a9f06f43eb9bb1bb82a2a6a6ab
Using cached asset_id: abc9ab358f8245638a317c402137c295
Using cached asset_id: 40f2a6b44e80413b81105896de24e575
Using cached asset_id: 40f2a6b44e80413b81105896de24e575
Using cached asset_id: 0f6d067bc67d4557b5d1b6fdbba67deb
Using cached asset_id: 7921d42db8a94c8a9f6dd512ef093608
Using cached asset_id: a389434c66c8483498e02a9f2aaf113d
Using cached asset_id: a389434c66c8483498e02a9f2aaf113d
Using cached asset_id: 8bc830571bac41238f3c9532c21183de
Using cached asset_id: 8bc830571bac41238f3c9532c21183de
Using cached asset_id: f62a7aab038141518f0f149d37d0d603
Using cached asset_id: f62a7aab038141518f0f149d37d0d603
Using cached asset_id: e6861586ef154468a50b04c605139563
Using cached asset_id: 5b75963df55b4311bb4c90f5a5d5f71a
Using cached asset_id: 28b9b36df6d74c299f8a4f69db21b4f7
Using cached asset_id: 3c7b7cea0d98489185f1db309b7207cd
Using cached asset_id: 291c2f6c81d347a68b8743b10a10f28e
Using cached asset_id: 291c2f6c81d347a68b8743b10a10f28e
Using cached asset_id: 863e92335f814a8a8d1927aa5e1b980d
Using cached asset_id: 531f6b575b5a455c94e6cbb4385ed4da
Using cached asset_id: cfd65d46a42e4bc7a6ffb3c0719e88ac
Using cached asset_id: 863e92335f814a8a8d1927aa5e1b980d
Using cached asset_id: a98cbe5c97a94a288554dbf68cb5a378
Using cached asset_id: 352ecb30bbab4bfeb00215589a41b6c1
Using cached asset_id: b19e304d83604ca7836fa97d2d1a1784
Using cached asset_id: 4de0039ef35a43feaf11139e9a242436
Using cached asset_id: 3a564e2b98d445d0a3a6221e48625d9b
Using cached asset_id: eda2dacb094f49d0941a30bb018d233b
Using cached asset_id: 2115571cfdac478d8097041710d828f9
Using cached asset_id: ec1f64857d7547359998d038b2abbd07
Using cached asset_id: a0915a46ddb34330b4979f5089239a3c
Using cached asset_id: 8ffea8cb32a6496282bc38bf5e99b6ca
Using cached asset_id: 8ffea8cb32a6496282bc38bf5e99b6ca
Using cached asset_id: 291c2f6c81d347a68b8743b10a10f28e
Using cached asset_id: fc31791a814b4518873b6bf939f96a86
Using cached asset_id: fc31791a814b4518873b6bf939f96a86
Using cached asset_id: b4f3a9001abc46eabbfe3e22c3288231
Using cached asset_id: 2af4173634334964a525aa3e2fe103c9
Using cached asset_id: 2af4173634334964a525aa3e2fe103c9
Using cached asset_id: 6d3f5fc25bd44d209079a24b07b2ebc5
Using cached asset_id: f4478cb62ae44afb87348baf8cde664a
Using cached asset_id: 3ad23d93b5fb4c6cabf88c5118d7c544
Using cached asset_id: 554a490cd6924a2487e088daad61add9
Using cached asset_id: 394e00aba0a94a4093146fdf033ac3f7
Using cached asset_id: 394e00aba0a94a4093146fdf033ac3f7
Using cached asset_id: ccace62f24364cf3b36a48326223608f
Using cached asset_id: 554a490cd6924a2487e088daad61add9
Using cached asset_id: 554a490cd6924a2487e088daad61add9
Using cached asset_id: 78bdd3f257ab416aaac5487379005a4e
Using cached asset_id: 6e57646ecf044996b3e324bfc3be0227
Using cached asset_id: 6e57646ecf044996b3e324bfc3be0227
Using cached asset_id: f4478cb62ae44afb87348baf8cde664a
Using cached asset_id: e5a30eea2c584ad7b641ccd7ee03f922
Using cached asset_id: e5a30eea2c584ad7b641ccd7ee03f922
Using cached asset_id: 119c67a804d24bf4aff11627529a45b6
Using cached asset_id: 79c1f5cfa69a4afdbcf0eee5d6abb6de
Using cached asset_id: 78db13eeb5af4dfb88d5896659c5facb
Using cached asset_id: 6fce50715b9f41549070f3f46d09ca61
Using cached asset_id: 554a490cd6924a2487e088daad61add9
Using cached asset_id: 62a7c838f0994b2186a2c9b1d03b5f5b
Using cached asset_id: 62a7c838f0994b2186a2c9b1d03b5f5b
Using cached asset_id: 6b3fd45e7b77494f8e65918247c64b7a
Using cached asset_id: 80e3b14bfc4f4adfb2068942465c384b
Using cached asset_id: ead6911f38f44cf393ede447e5ee6425
Using cached asset_id: 1a40d42576d94ce0ae894a6a3dcd3797
Using cached asset_id: d8ebb61b8ce64dcdbf8099bf55e97c6b
Using cached asset_id: d8ebb61b8ce64dcdbf8099bf55e97c6b
Using cached asset_id: 47f8be76828343abb12602142fb4b454
Using cached asset_id: 39c92d6aeb294be685b97ad1ed6a72f2
Using cached asset_id: b13c9107af164df7852a40819496ee58
  → Creating VERSION via POST http://135.225.105.160:8005/certificates (derived_from_id=d55f26790bec4bffb95491afe9e59065)
  ⚠️ Certificate already exists (HTTP 500)
     Attempting to find existing certificate...
  → Found in slug cache (cert-certificate-2017): d55f26790bec4bffb95491afe9e59065
  ✅ Found existing certificate: d55f26790bec4bffb95491afe9e59065
  ✅ Translation version created: d55f26790bec4bffb95491afe9e59065

================================================================================
Certificate migration completed!
================================================================================

=== STEP 7: Post Settings Screens ===
  Filtered settings migration to 5 languages (from languages.csv).
2026-03-28 19:36:51,334 - INFO - Loaded 1 screen data mappings from CSV
2026-03-28 19:36:51,334 - INFO - ============================================================
2026-03-28 19:36:51,335 - INFO - Starting Settings Screen Migration
2026-03-28 19:36:51,335 - INFO - ============================================================
2026-03-28 19:36:51,335 - INFO - ✅ Found existing GLOBAL screen data: 71cce027c2cc479dbc36c927bb25f458
2026-03-28 19:36:51,335 - INFO -    Skipping Step 1 (original already exists from global migration)
2026-03-28 19:36:51,335 - INFO - 
📌 Step 2: Patching TRANSLATED screen data
2026-03-28 19:36:51,335 - INFO - ----------------------------------------
2026-03-28 19:36:51,335 - INFO - 
🌐 Processing: 49bc07fa-9ad4-816c-17db-e693a28dd40f (region=india)
2026-03-28 19:36:51,477 - INFO -    Found 12 about sections
2026-03-28 19:36:51,477 - INFO -    Processing section: thankyou
Using cached asset_id: e65107a7ed644b7aa4a77ccd2804cd38
2026-03-28 19:36:51,588 - INFO -    ✅ thankyou: content=b9106d943e364e4090b62b4266eb3264, icon=e65107a7ed644b7aa4a77ccd2804cd38
2026-03-28 19:36:51,588 - INFO -    Processing section: feedback-and-troubleshooting
2026-03-28 19:36:51,702 - INFO -    ✅ feedback-and-troubleshooting: content=be9ffd4332644989991f6351747dd251, icon=None
2026-03-28 19:36:51,702 - INFO -    Processing section: background-survey
2026-03-28 19:36:51,817 - INFO -    ✅ background-survey: content=910eaa3a6b6043cd827e07e3bf52979a, icon=None
2026-03-28 19:36:51,817 - INFO -    Processing section: lp-introduction
2026-03-28 19:36:51,921 - INFO -    ✅ lp-introduction: content=758880dffff9438e83667502cf4cc6fe, icon=None
2026-03-28 19:36:51,921 - INFO -    Processing section: introduction
2026-03-28 19:36:52,033 - INFO -    ✅ introduction: content=9be36cd4355143cb84b20d9df8f9a6f1, icon=None
2026-03-28 19:36:52,033 - INFO -    Processing section: welcome
Using cached asset_id: a611db88bb1b4ec1919c7aea7d5b915d
2026-03-28 19:36:52,138 - INFO -    ✅ welcome: content=58cd2a7e7a8241c894fbc02c2052911d, icon=a611db88bb1b4ec1919c7aea7d5b915d
2026-03-28 19:36:52,138 - INFO -    Processing section: comingsoon
2026-03-28 19:36:52,250 - INFO -    ✅ comingsoon: content=563978c9681940abb34677f5baae4b33, icon=None
2026-03-28 19:36:52,250 - INFO -    Processing section: upq-introduction
2026-03-28 19:36:52,356 - INFO -    ✅ upq-introduction: content=da0c448c1a104d9884e4f1806af3d0c4, icon=None
2026-03-28 19:36:52,357 - INFO -    Processing section: developers
Using cached asset_id: bfcd3e2f97d64aa3a9198c0a31011525
2026-03-28 19:36:52,468 - INFO -    ✅ developers: content=adca2ecced734fa4b479cc6ebd751341, icon=bfcd3e2f97d64aa3a9198c0a31011525
2026-03-28 19:36:52,468 - INFO -    Processing section: disclaimer
2026-03-28 19:36:52,579 - INFO -    ✅ disclaimer: content=d0b1980256ab4ba4a564f185e3e07df3, icon=None
2026-03-28 19:36:52,579 - INFO -    Processing section: copyright
2026-03-28 19:36:52,686 - INFO -    ✅ copyright: content=7048243f8b4945d786dd88ffba174287, icon=None
2026-03-28 19:36:52,686 - INFO -    Processing section: upq-thankyou
2026-03-28 19:36:52,797 - INFO -    ✅ upq-thankyou: content=1ebe658248a34f7ebd62aaf636b8c7ef, icon=None
2026-03-28 19:36:52,798 - INFO - PATCHing translated screen data to http://135.225.105.160:8005/settings-screens/71cce027c2cc479dbc36c927bb25f458
2026-03-28 19:36:53,075 - INFO - ✅ Created translated screen data for india (lang=82cf03f748ee49d68a609424b66f66c2)
2026-03-28 19:36:53,141 - INFO -    ✓ Activated screen data version: c4629a129e8943048c13a74b545f7bbf
2026-03-28 19:36:53,142 - INFO - 
🌐 Processing: 6a146956-9f21-206a-98cf-55db7b0a8301 (region=africa)
2026-03-28 19:36:53,247 - INFO -    Found 12 about sections
2026-03-28 19:36:53,247 - INFO -    Processing section: introduction
2026-03-28 19:36:53,358 - INFO -    ✅ introduction: content=870bbe7d312e48f48268d07bf83f59cb, icon=None
2026-03-28 19:36:53,358 - INFO -    Processing section: lp-introduction
2026-03-28 19:36:53,471 - INFO -    ✅ lp-introduction: content=db53b93b402b42dfa2353c9dc348661d, icon=None
2026-03-28 19:36:53,472 - INFO -    Processing section: feedback-and-troubleshooting
2026-03-28 19:36:53,578 - INFO -    ✅ feedback-and-troubleshooting: content=c117cafc9d2243c6ae36c5095f358700, icon=None
2026-03-28 19:36:53,579 - INFO -    Processing section: background-survey
2026-03-28 19:36:53,703 - INFO -    ✅ background-survey: content=60f6a979713743839ac017ff93b2d27e, icon=None
2026-03-28 19:36:53,704 - INFO -    Processing section: upq-introduction
2026-03-28 19:36:53,821 - INFO -    ✅ upq-introduction: content=92f28134bf5c429ba1189db39da5c502, icon=None
2026-03-28 19:36:53,821 - INFO -    Processing section: comingsoon
2026-03-28 19:36:53,934 - INFO -    ✅ comingsoon: content=850adba210bc4a858b5534aa57c9e70f, icon=None
2026-03-28 19:36:53,934 - INFO -    Processing section: upq-thankyou
2026-03-28 19:36:54,042 - INFO -    ✅ upq-thankyou: content=2c4d0e901b714eaaadaff7d146e5a380, icon=None
2026-03-28 19:36:54,043 - INFO -    Processing section: welcome
Using cached asset_id: cd442b65918840e79dd0bf721cdf65e8
2026-03-28 19:36:54,148 - INFO -    ✅ welcome: content=61893fe0263c4013b1fbd9d04429bb27, icon=cd442b65918840e79dd0bf721cdf65e8
2026-03-28 19:36:54,148 - INFO -    Processing section: disclaimer
2026-03-28 19:36:54,261 - INFO -    ✅ disclaimer: content=c575af5e59ae4194b7b7bae3ab7e654e, icon=None
2026-03-28 19:36:54,261 - INFO -    Processing section: thankyou
Using cached asset_id: 234df0a20e5242bdb9f02b7cdc61b7db
2026-03-28 19:36:54,390 - INFO -    ✅ thankyou: content=fd928f27005a47528c427eb3c8579556, icon=234df0a20e5242bdb9f02b7cdc61b7db
2026-03-28 19:36:54,391 - INFO -    Processing section: developers
Using cached asset_id: e2272f9618d54d8993c94271bc936c70
2026-03-28 19:36:54,528 - INFO -    ✅ developers: content=04e5b48dcc0440d784f7cc4bb64d7ade, icon=e2272f9618d54d8993c94271bc936c70
2026-03-28 19:36:54,529 - INFO -    Processing section: copyright
2026-03-28 19:36:54,635 - INFO -    ✅ copyright: content=61b449e413fd4911a3e6c135789e08c7, icon=None
2026-03-28 19:36:54,636 - INFO - PATCHing translated screen data to http://135.225.105.160:8005/settings-screens/71cce027c2cc479dbc36c927bb25f458
2026-03-28 19:36:54,904 - INFO - ✅ Created translated screen data for africa (lang=a08966cf4d2c4e9db93a60fe37aca4d6)
2026-03-28 19:36:54,970 - INFO -    ✓ Activated screen data version: 8c813178e4504a84b69671b249e63cc4
2026-03-28 19:36:54,971 - INFO - 
🌐 Processing: f3bb22c9-d64b-26e3-cbf9-e5418e905fb1 (region=africa)
2026-03-28 19:36:55,074 - INFO -    Found 12 about sections
2026-03-28 19:36:55,075 - INFO -    Processing section: lp-introduction
2026-03-28 19:36:55,189 - INFO -    ✅ lp-introduction: content=f82f43c4c98d4726a732901f60b26965, icon=None
2026-03-28 19:36:55,189 - INFO -    Processing section: introduction
2026-03-28 19:36:55,318 - INFO -    ✅ introduction: content=68389913345f4283a41f039324722551, icon=None
2026-03-28 19:36:55,318 - INFO -    Processing section: feedback-and-troubleshooting
2026-03-28 19:36:55,430 - INFO -    ✅ feedback-and-troubleshooting: content=e67ef35ab7c7400abc6f51a08369d67e, icon=None
2026-03-28 19:36:55,430 - INFO -    Processing section: upq-introduction
2026-03-28 19:36:55,542 - INFO -    ✅ upq-introduction: content=7f84c138313d4fdca2e3357c381b1633, icon=None
2026-03-28 19:36:55,542 - INFO -    Processing section: background-survey
2026-03-28 19:36:55,655 - INFO -    ✅ background-survey: content=012adc5112744ef886294d7ad80c1cc7, icon=None
2026-03-28 19:36:55,655 - INFO -    Processing section: comingsoon
2026-03-28 19:36:55,768 - INFO -    ✅ comingsoon: content=1384d224f07c40949b8091143455138f, icon=None
2026-03-28 19:36:55,768 - INFO -    Processing section: upq-thankyou
2026-03-28 19:36:55,886 - INFO -    ✅ upq-thankyou: content=c7b2b565f50645348e831e322e1b0ef3, icon=None
2026-03-28 19:36:55,887 - INFO -    Processing section: disclaimer
2026-03-28 19:36:55,995 - INFO -    ✅ disclaimer: content=f0606e743266448aba1235734e4dd260, icon=None
2026-03-28 19:36:55,995 - INFO -    Processing section: welcome
Using cached asset_id: cd442b65918840e79dd0bf721cdf65e8
2026-03-28 19:36:56,106 - INFO -    ✅ welcome: content=5f57b545cdf74ae8afc71b517fe35610, icon=cd442b65918840e79dd0bf721cdf65e8
2026-03-28 19:36:56,106 - INFO -    Processing section: copyright
2026-03-28 19:36:56,222 - INFO -    ✅ copyright: content=75eccabe545642d7a0d97ec67a1737bb, icon=None
2026-03-28 19:36:56,222 - INFO -    Processing section: thankyou
Using cached asset_id: 234df0a20e5242bdb9f02b7cdc61b7db
2026-03-28 19:36:56,344 - INFO -    ✅ thankyou: content=31f5e87f03494da7805389979545770b, icon=234df0a20e5242bdb9f02b7cdc61b7db
2026-03-28 19:36:56,344 - INFO -    Processing section: developers
Using cached asset_id: e2272f9618d54d8993c94271bc936c70
2026-03-28 19:36:56,452 - INFO -    ✅ developers: content=0aa137f0e2214f84afbc13e4d6fd75d2, icon=e2272f9618d54d8993c94271bc936c70
2026-03-28 19:36:56,452 - INFO - PATCHing translated screen data to http://135.225.105.160:8005/settings-screens/71cce027c2cc479dbc36c927bb25f458
2026-03-28 19:36:56,722 - INFO - ✅ Created translated screen data for africa (lang=22e3f4588c9d4b75b6ad515cac765d4d)
2026-03-28 19:36:56,789 - INFO -    ✓ Activated screen data version: ee192c688fab4f06a0841c2767dd8124
2026-03-28 19:36:56,790 - INFO - 
🌐 Processing: 7cf6efab-a9d7-54d2-2cbd-ec82efe4a7da (region=africa)
2026-03-28 19:36:56,887 - WARNING - No about sections for 7cf6efab-a9d7-54d2-2cbd-ec82efe4a7da
2026-03-28 19:36:56,887 - INFO - 
🌐 Processing: 2d9ef8a4-5277-6f3f-7f88-3db2cfb9c610 (region=mena)
2026-03-28 19:36:56,989 - INFO -    Found 7 about sections
2026-03-28 19:36:56,989 - INFO -    Processing section: feedback-and-troubleshooting
2026-03-28 19:36:57,099 - INFO -    ✅ feedback-and-troubleshooting: content=b25a3ddd5a3f4d7ebc1caa8402604b5e, icon=None
2026-03-28 19:36:57,099 - INFO -    Processing section: disclaimer
2026-03-28 19:36:57,204 - INFO -    ✅ disclaimer: content=962d5622967c482f9263bfaa1eb8ab37, icon=None
2026-03-28 19:36:57,204 - INFO -    Processing section: thankyou
Using cached asset_id: 9b6f2d5476d24ebc809402ed1b55450c
2026-03-28 19:36:57,316 - INFO -    ✅ thankyou: content=ce0e9d66e2d04f6785e48cb5d70df40c, icon=9b6f2d5476d24ebc809402ed1b55450c
2026-03-28 19:36:57,316 - INFO -    Processing section: copyright
2026-03-28 19:36:57,428 - INFO -    ✅ copyright: content=f862a51ddf324a88821797390d67d229, icon=None
2026-03-28 19:36:57,428 - INFO -    Processing section: lp-introduction
2026-03-28 19:36:57,546 - INFO -    ✅ lp-introduction: content=166159e71e844c65b80b479db7871d88, icon=None
2026-03-28 19:36:57,546 - INFO -    Processing section: welcome
Using cached asset_id: f218663526f24fd8bdc0c183962fcf10
2026-03-28 19:36:57,678 - INFO -    ✅ welcome: content=689d6def568b4db7ad0453bdf079f0d5, icon=f218663526f24fd8bdc0c183962fcf10
2026-03-28 19:36:57,678 - INFO -    Processing section: introduction
2026-03-28 19:36:57,790 - INFO -    ✅ introduction: content=9df2ea8832494841b9cfa3e745766d7a, icon=None
2026-03-28 19:36:57,790 - INFO - PATCHing translated screen data to http://135.225.105.160:8005/settings-screens/71cce027c2cc479dbc36c927bb25f458
2026-03-28 19:36:58,025 - INFO - ✅ Created translated screen data for mena (lang=06400ef3d7b040c19e96efe6c6c99991)
2026-03-28 19:36:58,092 - INFO -    ✓ Activated screen data version: 337f7658f09543878253c74ee238d11b
2026-03-28 19:36:58,092 - INFO - 
============================================================
2026-03-28 19:36:58,092 - INFO - Settings Screen Migration Complete! (4 languages patched)
2026-03-28 19:36:58,093 - INFO - ============================================================

=== STEP 8: Post Onboarding Flows ===
  ⚠️  Mapping file not found: /home/azureuser/prod/sdp_dms/data/mappings/onboarding_mapping.csv
  ❌ No onboarding_flow_id available. Run global migration first.
  ⚠️  Mapping file not found: /home/azureuser/prod/sdp_dms/data/mappings/onboarding_mapping.csv
  ❌ No onboarding_flow_id available. Run global migration first.
  ⚠️  Mapping file not found: /home/azureuser/prod/sdp_dms/data/mappings/onboarding_mapping.csv
  ❌ No onboarding_flow_id available. Run global migration first.
  ⚠️  Mapping file not found: /home/azureuser/prod/sdp_dms/data/mappings/onboarding_mapping.csv
  ❌ No onboarding_flow_id available. Run global migration first.
  ⚠️  Mapping file not found: /home/azureuser/prod/sdp_dms/data/mappings/onboarding_mapping.csv
  ❌ No onboarding_flow_id available. Run global migration first.
  Onboarding: 0 patched, 5 skipped.

=== STAGE 2 COMPLETE ===
Languages, resources, KLPs, modules, categories, certificates, settings screens, and onboarding flows posted.
