Starting Stage 2 (posting from CSVs), starting from: languages...
Loaded 3 existing language mappings
Loaded 318 queued resource slugs
Loaded 686 existing resource mappings
DEBUG: ResourceMigrator loaded ACTIVATE_KLP_VERSION: http://135.225.105.160:8004/klps/versions/{version_id}/status
Loaded 681 queued KLP slugs
Loaded 886 existing KLP mappings
Loaded 19 queued module slugs

=== STEP 1: Post Languages ===
DEBUG: POST_LANGUAGE URL: http://135.225.105.160:8004/languages/
Successfully posted language: French
Skipping cosmos_id 6a146956-9f21-206a-98cf-55db7b0a8301; mapping already exists

=== STEP 2: Post Resources ===
Ensuring linked resources exist (creating placeholders)...
Found 99 unresolved links (Cosmos Language: 6a146956-9f21-206a-98cf-55db7b0a8301, LME ID: 3f81bdd31b204d038f9023769a13cddb). Creating placeholder resources...
  ℹ️  No localized resource found for 'res-action-card-identify-cause' (lang: 6a146956-9f21-206a-98cf-55db7b0a8301). Skipping (no global fallback).
  ℹ️  No localized resource found for 'res-video-caring-for-the-carer' (lang: 6a146956-9f21-206a-98cf-55db7b0a8301). Skipping (no global fallback).
  ℹ️  No localized resource found for 'res-video-intro' (lang: 6a146956-9f21-206a-98cf-55db7b0a8301). Skipping (no global fallback).
  ℹ️  No localized resource found for 'res-video-origin-of-infection' (lang: 6a146956-9f21-206a-98cf-55db7b0a8301). Skipping (no global fallback).
  ℹ️  No localized resource found for 'res-video-when-to-stop-resuscitation' (lang: 6a146956-9f21-206a-98cf-55db7b0a8301). Skipping (no global fallback).
  ℹ️  No localized resource found for 'res-video-uterus-massage' (lang: 6a146956-9f21-206a-98cf-55db7b0a8301). Skipping (no global fallback).
  ℹ️  No localized resource found for 'res-action-card-antenatal-care' (lang: 6a146956-9f21-206a-98cf-55db7b0a8301). Skipping (no global fallback).
  ℹ️  No localized resource found for 'res-video-evacuation-of-the-uterus' (lang: 6a146956-9f21-206a-98cf-55db7b0a8301). Skipping (no global fallback).
  ℹ️  No localized resource found for 'res-video-postnatal-care-schedule' (lang: 6a146956-9f21-206a-98cf-55db7b0a8301). Skipping (no global fallback).
  ℹ️  No localized resource found for 'res-action-card-pediatric-drugs-and-fluids' (lang: 6a146956-9f21-206a-98cf-55db7b0a8301). Skipping (no global fallback).
  ℹ️  No localized resource found for 'res-video-initial-assessment' (lang: 6a146956-9f21-206a-98cf-55db7b0a8301). Skipping (no global fallback).
  ℹ️  No localized resource found for 'res-video-initial-care-of-the-low-birth-weight' (lang: 6a146956-9f21-206a-98cf-55db7b0a8301). Skipping (no global fallback).
  ℹ️  No localized resource found for 'res-video-assess-the-newborn' (lang: 6a146956-9f21-206a-98cf-55db7b0a8301). Skipping (no global fallback).
  ℹ️  No localized resource found for 'res-video-referral' (lang: 6a146956-9f21-206a-98cf-55db7b0a8301). Skipping (no global fallback).
  ℹ️  No localized resource found for 'res-video-initial-care-of-the-newborn' (lang: 6a146956-9f21-206a-98cf-55db7b0a8301). Skipping (no global fallback).
  ℹ️  No localized resource found for 'res-video-tissue' (lang: 6a146956-9f21-206a-98cf-55db7b0a8301). Skipping (no global fallback).
  ℹ️  No localized resource found for 'res-video-counselling' (lang: 6a146956-9f21-206a-98cf-55db7b0a8301). Skipping (no global fallback).
  ℹ️  No localized resource found for 'res-video-trauma' (lang: 6a146956-9f21-206a-98cf-55db7b0a8301). Skipping (no global fallback).
  ℹ️  No localized resource found for 'res-video-causes' (lang: 6a146956-9f21-206a-98cf-55db7b0a8301). Skipping (no global fallback).
  ℹ️  No localized resource found for 'res-action-card-following-management' (lang: 6a146956-9f21-206a-98cf-55db7b0a8301). Skipping (no global fallback).
  ℹ️  No localized resource found for 'res-video-2nd-stage-prolonged' (lang: 6a146956-9f21-206a-98cf-55db7b0a8301). Skipping (no global fallback).
  ℹ️  No localized resource found for 'res-video-monitoring' (lang: 6a146956-9f21-206a-98cf-55db7b0a8301). Skipping (no global fallback).
  ℹ️  No localized resource found for 'res-video-2nd-stage-delivering-the-baby' (lang: 6a146956-9f21-206a-98cf-55db7b0a8301). Skipping (no global fallback).
  ℹ️  No localized resource found for 'res-action-card-procedures-by-also' (lang: 6a146956-9f21-206a-98cf-55db7b0a8301). Skipping (no global fallback).
  ℹ️  No localized resource found for 'res-action-card-1-uterus' (lang: 6a146956-9f21-206a-98cf-55db7b0a8301). Skipping (no global fallback).
  ℹ️  No localized resource found for 'res-video-abortion-complication' (lang: 6a146956-9f21-206a-98cf-55db7b0a8301). Skipping (no global fallback).
  ℹ️  No localized resource found for 'res-video-counsel-the-woman-and-her-husband' (lang: 6a146956-9f21-206a-98cf-55db7b0a8301). Skipping (no global fallback).
  ℹ️  No localized resource found for 'res-video-routine-assessment-of-the-newborn' (lang: 6a146956-9f21-206a-98cf-55db7b0a8301). Skipping (no global fallback).
  ℹ️  No localized resource found for 'res-video-routine-antenatal-assessment-of-the-women' (lang: 6a146956-9f21-206a-98cf-55db7b0a8301). Skipping (no global fallback).
  ℹ️  No localized resource found for 'res-video-1st-stage-active-phase' (lang: 6a146956-9f21-206a-98cf-55db7b0a8301). Skipping (no global fallback).
  ℹ️  No localized resource found for 'res-video-diagnosis-symptoms' (lang: 6a146956-9f21-206a-98cf-55db7b0a8301). Skipping (no global fallback).
  ℹ️  No localized resource found for 'res-video-prevention' (lang: 6a146956-9f21-206a-98cf-55db7b0a8301). Skipping (no global fallback).
  ℹ️  No localized resource found for 'res-video-severe-preeclampsia-eclampsia' (lang: 6a146956-9f21-206a-98cf-55db7b0a8301). Skipping (no global fallback).
  ℹ️  No localized resource found for 'res-video-2nd-stage-vacuum-extraction' (lang: 6a146956-9f21-206a-98cf-55db7b0a8301). Skipping (no global fallback).
  ℹ️  No localized resource found for 'res-video-danger-signs' (lang: 6a146956-9f21-206a-98cf-55db7b0a8301). Skipping (no global fallback).
  ℹ️  No localized resource found for 'res-video-definitions' (lang: 6a146956-9f21-206a-98cf-55db7b0a8301). Skipping (no global fallback).
  ℹ️  No localized resource found for 'res-video-surgical-abortion' (lang: 6a146956-9f21-206a-98cf-55db7b0a8301). Skipping (no global fallback).
  ℹ️  No localized resource found for 'res-video-respectful-maternity-care' (lang: 6a146956-9f21-206a-98cf-55db7b0a8301). Skipping (no global fallback).
  ℹ️  No localized resource found for 'res-video-prevention-and-treatment' (lang: 6a146956-9f21-206a-98cf-55db7b0a8301). Skipping (no global fallback).
  ℹ️  No localized resource found for 'res-action-card-3-arms' (lang: 6a146956-9f21-206a-98cf-55db7b0a8301). Skipping (no global fallback).
  ℹ️  No localized resource found for 'res-video-management-of-danger-signs' (lang: 6a146956-9f21-206a-98cf-55db7b0a8301). Skipping (no global fallback).
  ℹ️  No localized resource found for 'res-action-card-2-legs' (lang: 6a146956-9f21-206a-98cf-55db7b0a8301). Skipping (no global fallback).
  ℹ️  No localized resource found for 'res-video-procedure-for-handwash' (lang: 6a146956-9f21-206a-98cf-55db7b0a8301). Skipping (no global fallback).
  ℹ️  No localized resource found for 'res-video-respectful-care' (lang: 6a146956-9f21-206a-98cf-55db7b0a8301). Skipping (no global fallback).
  ℹ️  No localized resource found for 'res-video-immediate-management' (lang: 6a146956-9f21-206a-98cf-55db7b0a8301). Skipping (no global fallback).
  ℹ️  No localized resource found for 'res-video-remove-the-placenta' (lang: 6a146956-9f21-206a-98cf-55db7b0a8301). Skipping (no global fallback).
  ℹ️  No localized resource found for 'res-video-how-to-diagnose-definitions' (lang: 6a146956-9f21-206a-98cf-55db7b0a8301). Skipping (no global fallback).
  ℹ️  No localized resource found for 'res-video-management-of-hypertension' (lang: 6a146956-9f21-206a-98cf-55db7b0a8301). Skipping (no global fallback).
  ℹ️  No localized resource found for 'res-video-initial-postnatal-assessment' (lang: 6a146956-9f21-206a-98cf-55db7b0a8301). Skipping (no global fallback).
  ℹ️  No localized resource found for 'res-video-how-to-manage' (lang: 6a146956-9f21-206a-98cf-55db7b0a8301). Skipping (no global fallback).
  ℹ️  No localized resource found for 'res-video-postnatal-care-counselling' (lang: 6a146956-9f21-206a-98cf-55db7b0a8301). Skipping (no global fallback).
  ℹ️  No localized resource found for 'res-video-postnatal-pain-management' (lang: 6a146956-9f21-206a-98cf-55db7b0a8301). Skipping (no global fallback).
  ℹ️  No localized resource found for 'res-video-bimanual-compression' (lang: 6a146956-9f21-206a-98cf-55db7b0a8301). Skipping (no global fallback).
  ℹ️  No localized resource found for 'res-video-2nd-stage-cervix-fully-dilated' (lang: 6a146956-9f21-206a-98cf-55db7b0a8301). Skipping (no global fallback).
  ℹ️  No localized resource found for 'res-video-risk-factors' (lang: 6a146956-9f21-206a-98cf-55db7b0a8301). Skipping (no global fallback).
  ℹ️  No localized resource found for 'res-video-cleaning-decontamination' (lang: 6a146956-9f21-206a-98cf-55db7b0a8301). Skipping (no global fallback).
  ℹ️  No localized resource found for 'res-video-hiv-hepatitis-b-prevention' (lang: 6a146956-9f21-206a-98cf-55db7b0a8301). Skipping (no global fallback).
  ℹ️  No localized resource found for 'res-video-first-contact-in-pregnancy' (lang: 6a146956-9f21-206a-98cf-55db7b0a8301). Skipping (no global fallback).
  ℹ️  No localized resource found for 'res-video-immediate-health-risks' (lang: 6a146956-9f21-206a-98cf-55db7b0a8301). Skipping (no global fallback).
  ℹ️  No localized resource found for 'res-video-personal-protective-equipment' (lang: 6a146956-9f21-206a-98cf-55db7b0a8301). Skipping (no global fallback).
  ℹ️  No localized resource found for 'res-video-support' (lang: 6a146956-9f21-206a-98cf-55db7b0a8301). Skipping (no global fallback).
  ℹ️  No localized resource found for 'res-drug-manual-removal-of-placenta-aorta-compression' (lang: 6a146956-9f21-206a-98cf-55db7b0a8301). Skipping (no global fallback).
  ℹ️  No localized resource found for 'res-video-medical-abortion' (lang: 6a146956-9f21-206a-98cf-55db7b0a8301). Skipping (no global fallback).
  ℹ️  No localized resource found for 'res-video-antenatal-care-schedule' (lang: 6a146956-9f21-206a-98cf-55db7b0a8301). Skipping (no global fallback).
  ℹ️  No localized resource found for 'res-video-drugs-before-removal' (lang: 6a146956-9f21-206a-98cf-55db7b0a8301). Skipping (no global fallback).
  ℹ️  No localized resource found for 'res-video-hand-hygiene' (lang: 6a146956-9f21-206a-98cf-55db7b0a8301). Skipping (no global fallback).
  ℹ️  No localized resource found for 'res-video-give-a-uterotonic-drug' (lang: 6a146956-9f21-206a-98cf-55db7b0a8301). Skipping (no global fallback).
  ℹ️  No localized resource found for 'res-action-card-warning-signsabortion-complications' (lang: 6a146956-9f21-206a-98cf-55db7b0a8301). Skipping (no global fallback).
  ℹ️  No localized resource found for 'res-video-housekeeping' (lang: 6a146956-9f21-206a-98cf-55db7b0a8301). Skipping (no global fallback).
  ℹ️  No localized resource found for 'res-video-labour-with-fgm' (lang: 6a146956-9f21-206a-98cf-55db7b0a8301). Skipping (no global fallback).
  ℹ️  No localized resource found for 'res-video-management-of-a-pregnant-woman-with-fgm' (lang: 6a146956-9f21-206a-98cf-55db7b0a8301). Skipping (no global fallback).
  ℹ️  No localized resource found for 'res-video-storage' (lang: 6a146956-9f21-206a-98cf-55db7b0a8301). Skipping (no global fallback).
  ℹ️  No localized resource found for 'res-video-the-types-of-fgm' (lang: 6a146956-9f21-206a-98cf-55db7b0a8301). Skipping (no global fallback).
  ℹ️  No localized resource found for 'res-video-resuscitation' (lang: 6a146956-9f21-206a-98cf-55db7b0a8301). Skipping (no global fallback).
  ℹ️  No localized resource found for 'res-video-manual-vacuum-aspiration' (lang: 6a146956-9f21-206a-98cf-55db7b0a8301). Skipping (no global fallback).
  ℹ️  No localized resource found for 'res-video-routine-antenatal-assessment-of-the-foetus' (lang: 6a146956-9f21-206a-98cf-55db7b0a8301). Skipping (no global fallback).
  ℹ️  No localized resource found for 'res-video-before-discharge' (lang: 6a146956-9f21-206a-98cf-55db7b0a8301). Skipping (no global fallback).
  ℹ️  No localized resource found for 'res-video-deinfibulation' (lang: 6a146956-9f21-206a-98cf-55db7b0a8301). Skipping (no global fallback).
  ℹ️  No localized resource found for 'res-video-feeding' (lang: 6a146956-9f21-206a-98cf-55db7b0a8301). Skipping (no global fallback).
  ℹ️  No localized resource found for 'res-video-examine-the-placenta' (lang: 6a146956-9f21-206a-98cf-55db7b0a8301). Skipping (no global fallback).
  ℹ️  No localized resource found for 'res-video-how-to-diagnose' (lang: 6a146956-9f21-206a-98cf-55db7b0a8301). Skipping (no global fallback).
  ℹ️  No localized resource found for 'res-video-screening' (lang: 6a146956-9f21-206a-98cf-55db7b0a8301). Skipping (no global fallback).
  ℹ️  No localized resource found for 'res-video-aorta-compression' (lang: 6a146956-9f21-206a-98cf-55db7b0a8301). Skipping (no global fallback).
  ℹ️  No localized resource found for 'res-video-clamp-and-cut-the-umbilical-cord' (lang: 6a146956-9f21-206a-98cf-55db7b0a8301). Skipping (no global fallback).
  ℹ️  No localized resource found for 'res-video-empty-the-bladder' (lang: 6a146956-9f21-206a-98cf-55db7b0a8301). Skipping (no global fallback).
  ℹ️  No localized resource found for 'res-video-monitoring-after-bleeding' (lang: 6a146956-9f21-206a-98cf-55db7b0a8301). Skipping (no global fallback).
  ℹ️  No localized resource found for 'res-video-breathing' (lang: 6a146956-9f21-206a-98cf-55db7b0a8301). Skipping (no global fallback).
  ℹ️  No localized resource found for 'res-video-care-of-the-newborn' (lang: 6a146956-9f21-206a-98cf-55db7b0a8301). Skipping (no global fallback).
  ℹ️  No localized resource found for 'res-video-birth-complications' (lang: 6a146956-9f21-206a-98cf-55db7b0a8301). Skipping (no global fallback).
  ℹ️  No localized resource found for 'res-video-following-management' (lang: 6a146956-9f21-206a-98cf-55db7b0a8301). Skipping (no global fallback).
  ℹ️  No localized resource found for 'res-video-drugs-after-removal' (lang: 6a146956-9f21-206a-98cf-55db7b0a8301). Skipping (no global fallback).
  ℹ️  No localized resource found for 'res-video-pre-abortion-care' (lang: 6a146956-9f21-206a-98cf-55db7b0a8301). Skipping (no global fallback).
  ℹ️  No localized resource found for 'res-video-airway' (lang: 6a146956-9f21-206a-98cf-55db7b0a8301). Skipping (no global fallback).
  ℹ️  No localized resource found for 'res-video-routine-postnatal-assessment-and-care' (lang: 6a146956-9f21-206a-98cf-55db7b0a8301). Skipping (no global fallback).
  ℹ️  No localized resource found for 'res-video-kangaroo-mother-care' (lang: 6a146956-9f21-206a-98cf-55db7b0a8301). Skipping (no global fallback).
  ℹ️  No localized resource found for 'res-video-gloves' (lang: 6a146956-9f21-206a-98cf-55db7b0a8301). Skipping (no global fallback).
  ℹ️  No localized resource found for 'res-video-procedure-for-handrub' (lang: 6a146956-9f21-206a-98cf-55db7b0a8301). Skipping (no global fallback).
  ℹ️  No localized resource found for 'res-video-controlled-cord-traction' (lang: 6a146956-9f21-206a-98cf-55db7b0a8301). Skipping (no global fallback).
  ℹ️  No localized resource found for 'res-video-1st-stage-latent-phase' (lang: 6a146956-9f21-206a-98cf-55db7b0a8301). Skipping (no global fallback).
Fetching existing resources from API to prevent duplication...
Loaded 686 existing resource mappings from API.
  → Recovered missing Language ID for Resource via mapping: 3f81bdd31b204d038f9023769a13cddb
  → Recovered missing Language ID for Resource via mapping: 3f81bdd31b204d038f9023769a13cddb
  → Recovered missing Language ID for Resource via mapping: 3f81bdd31b204d038f9023769a13cddb
  → Recovered missing Language ID for Resource via mapping: 3f81bdd31b204d038f9023769a13cddb
  → Recovered missing Language ID for Resource via mapping: 3f81bdd31b204d038f9023769a13cddb
  → Recovered missing Language ID for Resource via mapping: 3f81bdd31b204d038f9023769a13cddb
  → Recovered missing Language ID for Resource via mapping: 3f81bdd31b204d038f9023769a13cddb
  → Recovered missing Language ID for Resource via mapping: 3f81bdd31b204d038f9023769a13cddb
  → Recovered missing Language ID for Resource via mapping: 3f81bdd31b204d038f9023769a13cddb
  → Recovered missing Language ID for Resource via mapping: 3f81bdd31b204d038f9023769a13cddb
  → Recovered missing Language ID for Resource via mapping: 3f81bdd31b204d038f9023769a13cddb
  → Recovered missing Language ID for Resource via mapping: 3f81bdd31b204d038f9023769a13cddb
  → Recovered missing Language ID for Resource via mapping: 3f81bdd31b204d038f9023769a13cddb
  → Recovered missing Language ID for Resource via mapping: 3f81bdd31b204d038f9023769a13cddb
  → Recovered missing Language ID for Resource via mapping: 3f81bdd31b204d038f9023769a13cddb
  → Recovered missing Language ID for Resource via mapping: 3f81bdd31b204d038f9023769a13cddb
  → Recovered missing Language ID for Resource via mapping: 3f81bdd31b204d038f9023769a13cddb
  → Recovered missing Language ID for Resource via mapping: 3f81bdd31b204d038f9023769a13cddb
  → Recovered missing Language ID for Resource via mapping: 3f81bdd31b204d038f9023769a13cddb
  → Recovered missing Language ID for Resource via mapping: 3f81bdd31b204d038f9023769a13cddb
  → Recovered missing Language ID for Resource via mapping: 3f81bdd31b204d038f9023769a13cddb
  → Recovered missing Language ID for Resource via mapping: 3f81bdd31b204d038f9023769a13cddb
  → Recovered missing Language ID for Resource via mapping: 3f81bdd31b204d038f9023769a13cddb
  → Recovered missing Language ID for Resource via mapping: 3f81bdd31b204d038f9023769a13cddb
  → Recovered missing Language ID for Resource via mapping: 3f81bdd31b204d038f9023769a13cddb
  → Recovered missing Language ID for Resource via mapping: 3f81bdd31b204d038f9023769a13cddb
  → Recovered missing Language ID for Resource via mapping: 3f81bdd31b204d038f9023769a13cddb
  → Recovered missing Language ID for Resource via mapping: 3f81bdd31b204d038f9023769a13cddb
  → Recovered missing Language ID for Resource via mapping: 3f81bdd31b204d038f9023769a13cddb
  → Recovered missing Language ID for Resource via mapping: 3f81bdd31b204d038f9023769a13cddb
  → Recovered missing Language ID for Resource via mapping: 3f81bdd31b204d038f9023769a13cddb
  → Recovered missing Language ID for Resource via mapping: 3f81bdd31b204d038f9023769a13cddb
  → Recovered missing Language ID for Resource via mapping: 3f81bdd31b204d038f9023769a13cddb
  → Recovered missing Language ID for Resource via mapping: 3f81bdd31b204d038f9023769a13cddb
  → Recovered missing Language ID for Resource via mapping: 3f81bdd31b204d038f9023769a13cddb
  → Recovered missing Language ID for Resource via mapping: 3f81bdd31b204d038f9023769a13cddb
  → Recovered missing Language ID for Resource via mapping: 3f81bdd31b204d038f9023769a13cddb
  → Recovered missing Language ID for Resource via mapping: 3f81bdd31b204d038f9023769a13cddb
  → Recovered missing Language ID for Resource via mapping: 3f81bdd31b204d038f9023769a13cddb
  → Recovered missing Language ID for Resource via mapping: 3f81bdd31b204d038f9023769a13cddb
  → Recovered missing Language ID for Resource via mapping: 3f81bdd31b204d038f9023769a13cddb
  → Recovered missing Language ID for Resource via mapping: 3f81bdd31b204d038f9023769a13cddb
  → Recovered missing Language ID for Resource via mapping: 3f81bdd31b204d038f9023769a13cddb
  → Recovered missing Language ID for Resource via mapping: 3f81bdd31b204d038f9023769a13cddb
  → Recovered missing Language ID for Resource via mapping: 3f81bdd31b204d038f9023769a13cddb
  → Recovered missing Language ID for Resource via mapping: 3f81bdd31b204d038f9023769a13cddb
  → Recovered missing Language ID for Resource via mapping: 3f81bdd31b204d038f9023769a13cddb
  → Recovered missing Language ID for Resource via mapping: 3f81bdd31b204d038f9023769a13cddb
  → Recovered missing Language ID for Resource via mapping: 3f81bdd31b204d038f9023769a13cddb
  → Recovered missing Language ID for Resource via mapping: 3f81bdd31b204d038f9023769a13cddb
  → Recovered missing Language ID for Resource via mapping: 3f81bdd31b204d038f9023769a13cddb
  → Recovered missing Language ID for Resource via mapping: 3f81bdd31b204d038f9023769a13cddb
  → Recovered missing Language ID for Resource via mapping: 3f81bdd31b204d038f9023769a13cddb
  → Recovered missing Language ID for Resource via mapping: 3f81bdd31b204d038f9023769a13cddb
  → Recovered missing Language ID for Resource via mapping: 3f81bdd31b204d038f9023769a13cddb
  → Recovered missing Language ID for Resource via mapping: 3f81bdd31b204d038f9023769a13cddb
  → Recovered missing Language ID for Resource via mapping: 3f81bdd31b204d038f9023769a13cddb
  → Recovered missing Language ID for Resource via mapping: 3f81bdd31b204d038f9023769a13cddb
  → Recovered missing Language ID for Resource via mapping: 3f81bdd31b204d038f9023769a13cddb
  → Recovered missing Language ID for Resource via mapping: 3f81bdd31b204d038f9023769a13cddb
  → Recovered missing Language ID for Resource via mapping: 3f81bdd31b204d038f9023769a13cddb
  → Recovered missing Language ID for Resource via mapping: 3f81bdd31b204d038f9023769a13cddb
  → Recovered missing Language ID for Resource via mapping: 3f81bdd31b204d038f9023769a13cddb
  → Recovered missing Language ID for Resource via mapping: 3f81bdd31b204d038f9023769a13cddb
  → Recovered missing Language ID for Resource via mapping: 3f81bdd31b204d038f9023769a13cddb
  → Recovered missing Language ID for Resource via mapping: 3f81bdd31b204d038f9023769a13cddb
  → Recovered missing Language ID for Resource via mapping: 3f81bdd31b204d038f9023769a13cddb
  → Recovered missing Language ID for Resource via mapping: 3f81bdd31b204d038f9023769a13cddb
  → Recovered missing Language ID for Resource via mapping: 3f81bdd31b204d038f9023769a13cddb
  → Recovered missing Language ID for Resource via mapping: 3f81bdd31b204d038f9023769a13cddb
  → Recovered missing Language ID for Resource via mapping: 3f81bdd31b204d038f9023769a13cddb
  → Recovered missing Language ID for Resource via mapping: 3f81bdd31b204d038f9023769a13cddb
  → Recovered missing Language ID for Resource via mapping: 3f81bdd31b204d038f9023769a13cddb
  → Recovered missing Language ID for Resource via mapping: 3f81bdd31b204d038f9023769a13cddb
  → Recovered missing Language ID for Resource via mapping: 3f81bdd31b204d038f9023769a13cddb
  → Recovered missing Language ID for Resource via mapping: 3f81bdd31b204d038f9023769a13cddb
  → Recovered missing Language ID for Resource via mapping: 3f81bdd31b204d038f9023769a13cddb
  → Recovered missing Language ID for Resource via mapping: 3f81bdd31b204d038f9023769a13cddb
  → Recovered missing Language ID for Resource via mapping: 3f81bdd31b204d038f9023769a13cddb
  → Recovered missing Language ID for Resource via mapping: 3f81bdd31b204d038f9023769a13cddb
  → Recovered missing Language ID for Resource via mapping: 3f81bdd31b204d038f9023769a13cddb
  → Recovered missing Language ID for Resource via mapping: 3f81bdd31b204d038f9023769a13cddb
  → Recovered missing Language ID for Resource via mapping: 3f81bdd31b204d038f9023769a13cddb
  → Recovered missing Language ID for Resource via mapping: 3f81bdd31b204d038f9023769a13cddb
  → Recovered missing Language ID for Resource via mapping: 3f81bdd31b204d038f9023769a13cddb
  → Recovered missing Language ID for Resource via mapping: 3f81bdd31b204d038f9023769a13cddb
  → Recovered missing Language ID for Resource via mapping: 3f81bdd31b204d038f9023769a13cddb
  → Recovered missing Language ID for Resource via mapping: 3f81bdd31b204d038f9023769a13cddb
  → Recovered missing Language ID for Resource via mapping: 3f81bdd31b204d038f9023769a13cddb
  → Recovered missing Language ID for Resource via mapping: 3f81bdd31b204d038f9023769a13cddb
  → Recovered missing Language ID for Resource via mapping: 3f81bdd31b204d038f9023769a13cddb
  → Recovered missing Language ID for Resource via mapping: 3f81bdd31b204d038f9023769a13cddb
  → Recovered missing Language ID for Resource via mapping: 3f81bdd31b204d038f9023769a13cddb
  → Recovered missing Language ID for Resource via mapping: 3f81bdd31b204d038f9023769a13cddb
  → Recovered missing Language ID for Resource via mapping: 3f81bdd31b204d038f9023769a13cddb
  → Recovered missing Language ID for Resource via mapping: 3f81bdd31b204d038f9023769a13cddb
  → Recovered missing Language ID for Resource via mapping: 3f81bdd31b204d038f9023769a13cddb
  → Recovered missing Language ID for Resource via mapping: 3f81bdd31b204d038f9023769a13cddb
  → Recovered missing Language ID for Resource via mapping: 3f81bdd31b204d038f9023769a13cddb
  → Recovered missing Language ID for Resource via mapping: 3f81bdd31b204d038f9023769a13cddb
  → Recovered missing Language ID for Resource via mapping: 3f81bdd31b204d038f9023769a13cddb
  → Recovered missing Language ID for Resource via mapping: 3f81bdd31b204d038f9023769a13cddb
  → Recovered missing Language ID for Resource via mapping: 3f81bdd31b204d038f9023769a13cddb
  → Recovered missing Language ID for Resource via mapping: 3f81bdd31b204d038f9023769a13cddb
  → Recovered missing Language ID for Resource via mapping: 3f81bdd31b204d038f9023769a13cddb
  → Recovered missing Language ID for Resource via mapping: 3f81bdd31b204d038f9023769a13cddb
  → Recovered missing Language ID for Resource via mapping: 3f81bdd31b204d038f9023769a13cddb
  → Recovered missing Language ID for Resource via mapping: 3f81bdd31b204d038f9023769a13cddb
  → Recovered missing Language ID for Resource via mapping: 3f81bdd31b204d038f9023769a13cddb
  → Recovered missing Language ID for Resource via mapping: 3f81bdd31b204d038f9023769a13cddb
  → Recovered missing Language ID for Resource via mapping: 3f81bdd31b204d038f9023769a13cddb
  → Recovered missing Language ID for Resource via mapping: 3f81bdd31b204d038f9023769a13cddb
  → Recovered missing Language ID for Resource via mapping: 3f81bdd31b204d038f9023769a13cddb
  → Recovered missing Language ID for Resource via mapping: 3f81bdd31b204d038f9023769a13cddb
  → Recovered missing Language ID for Resource via mapping: 3f81bdd31b204d038f9023769a13cddb
  → Recovered missing Language ID for Resource via mapping: 3f81bdd31b204d038f9023769a13cddb
  → Recovered missing Language ID for Resource via mapping: 3f81bdd31b204d038f9023769a13cddb
  → Recovered missing Language ID for Resource via mapping: 3f81bdd31b204d038f9023769a13cddb
  → Recovered missing Language ID for Resource via mapping: 3f81bdd31b204d038f9023769a13cddb
  → Recovered missing Language ID for Resource via mapping: 3f81bdd31b204d038f9023769a13cddb
  → Recovered missing Language ID for Resource via mapping: 3f81bdd31b204d038f9023769a13cddb
  → Recovered missing Language ID for Resource via mapping: 3f81bdd31b204d038f9023769a13cddb
  → Recovered missing Language ID for Resource via mapping: 3f81bdd31b204d038f9023769a13cddb
  → Recovered missing Language ID for Resource via mapping: 3f81bdd31b204d038f9023769a13cddb
  → Recovered missing Language ID for Resource via mapping: 3f81bdd31b204d038f9023769a13cddb
  → Recovered missing Language ID for Resource via mapping: 3f81bdd31b204d038f9023769a13cddb
  → Recovered missing Language ID for Resource via mapping: 3f81bdd31b204d038f9023769a13cddb
  → Recovered missing Language ID for Resource via mapping: 3f81bdd31b204d038f9023769a13cddb
  → Recovered missing Language ID for Resource via mapping: 3f81bdd31b204d038f9023769a13cddb
  → Recovered missing Language ID for Resource via mapping: 3f81bdd31b204d038f9023769a13cddb
  → Recovered missing Language ID for Resource via mapping: 3f81bdd31b204d038f9023769a13cddb
  → Recovered missing Language ID for Resource via mapping: 3f81bdd31b204d038f9023769a13cddb
  → Recovered missing Language ID for Resource via mapping: 3f81bdd31b204d038f9023769a13cddb
  → Recovered missing Language ID for Resource via mapping: 3f81bdd31b204d038f9023769a13cddb
  → Recovered missing Language ID for Resource via mapping: 3f81bdd31b204d038f9023769a13cddb
  → Recovered missing Language ID for Resource via mapping: 3f81bdd31b204d038f9023769a13cddb
  → Recovered missing Language ID for Resource via mapping: 3f81bdd31b204d038f9023769a13cddb
  → Recovered missing Language ID for Resource via mapping: 3f81bdd31b204d038f9023769a13cddb
  → Recovered missing Language ID for Resource via mapping: 3f81bdd31b204d038f9023769a13cddb
  → Recovered missing Language ID for Resource via mapping: 3f81bdd31b204d038f9023769a13cddb
  → Recovered missing Language ID for Resource via mapping: 3f81bdd31b204d038f9023769a13cddb
  → Recovered missing Language ID for Resource via mapping: 3f81bdd31b204d038f9023769a13cddb
  → Recovered missing Language ID for Resource via mapping: 3f81bdd31b204d038f9023769a13cddb
  → Recovered missing Language ID for Resource via mapping: 3f81bdd31b204d038f9023769a13cddb
  → Recovered missing Language ID for Resource via mapping: 3f81bdd31b204d038f9023769a13cddb
  → Recovered missing Language ID for Resource via mapping: 3f81bdd31b204d038f9023769a13cddb
  → Recovered missing Language ID for Resource via mapping: 3f81bdd31b204d038f9023769a13cddb
  → Recovered missing Language ID for Resource via mapping: 3f81bdd31b204d038f9023769a13cddb
  → Recovered missing Language ID for Resource via mapping: 3f81bdd31b204d038f9023769a13cddb
  → Recovered missing Language ID for Resource via mapping: 3f81bdd31b204d038f9023769a13cddb
  → Recovered missing Language ID for Resource via mapping: 3f81bdd31b204d038f9023769a13cddb
  → Recovered missing Language ID for Resource via mapping: 3f81bdd31b204d038f9023769a13cddb
  → Recovered missing Language ID for Resource via mapping: 3f81bdd31b204d038f9023769a13cddb
  → Recovered missing Language ID for Resource via mapping: 3f81bdd31b204d038f9023769a13cddb
  → Recovered missing Language ID for Resource via mapping: 3f81bdd31b204d038f9023769a13cddb
  → Recovered missing Language ID for Resource via mapping: 3f81bdd31b204d038f9023769a13cddb
  → Recovered missing Language ID for Resource via mapping: 3f81bdd31b204d038f9023769a13cddb
  → Recovered missing Language ID for Resource via mapping: 3f81bdd31b204d038f9023769a13cddb
  → Recovered missing Language ID for Resource via mapping: 3f81bdd31b204d038f9023769a13cddb
  → Recovered missing Language ID for Resource via mapping: 3f81bdd31b204d038f9023769a13cddb
  → Recovered missing Language ID for Resource via mapping: 3f81bdd31b204d038f9023769a13cddb
  → Recovered missing Language ID for Resource via mapping: 3f81bdd31b204d038f9023769a13cddb
  → Recovered missing Language ID for Resource via mapping: 3f81bdd31b204d038f9023769a13cddb
  → Recovered missing Language ID for Resource via mapping: 3f81bdd31b204d038f9023769a13cddb
  → Recovered missing Language ID for Resource via mapping: 3f81bdd31b204d038f9023769a13cddb
  → Recovered missing Language ID for Resource via mapping: 3f81bdd31b204d038f9023769a13cddb
  → Recovered missing Language ID for Resource via mapping: 3f81bdd31b204d038f9023769a13cddb
  → Recovered missing Language ID for Resource via mapping: 3f81bdd31b204d038f9023769a13cddb
  → Recovered missing Language ID for Resource via mapping: 3f81bdd31b204d038f9023769a13cddb
  → Recovered missing Language ID for Resource via mapping: 3f81bdd31b204d038f9023769a13cddb
  → Recovered missing Language ID for Resource via mapping: 3f81bdd31b204d038f9023769a13cddb
  → Recovered missing Language ID for Resource via mapping: 3f81bdd31b204d038f9023769a13cddb
  → Recovered missing Language ID for Resource via mapping: 3f81bdd31b204d038f9023769a13cddb
  → Recovered missing Language ID for Resource via mapping: 3f81bdd31b204d038f9023769a13cddb
  → Recovered missing Language ID for Resource via mapping: 3f81bdd31b204d038f9023769a13cddb
  → Recovered missing Language ID for Resource via mapping: 3f81bdd31b204d038f9023769a13cddb
  → Recovered missing Language ID for Resource via mapping: 3f81bdd31b204d038f9023769a13cddb
  → Recovered missing Language ID for Resource via mapping: 3f81bdd31b204d038f9023769a13cddb
  → Recovered missing Language ID for Resource via mapping: 3f81bdd31b204d038f9023769a13cddb
  → Recovered missing Language ID for Resource via mapping: 3f81bdd31b204d038f9023769a13cddb
  → Recovered missing Language ID for Resource via mapping: 3f81bdd31b204d038f9023769a13cddb
  → Recovered missing Language ID for Resource via mapping: 3f81bdd31b204d038f9023769a13cddb
  → Recovered missing Language ID for Resource via mapping: 3f81bdd31b204d038f9023769a13cddb
  → Recovered missing Language ID for Resource via mapping: 3f81bdd31b204d038f9023769a13cddb
  → Recovered missing Language ID for Resource via mapping: 3f81bdd31b204d038f9023769a13cddb
  → Recovered missing Language ID for Resource via mapping: 3f81bdd31b204d038f9023769a13cddb
  → Recovered missing Language ID for Resource via mapping: 3f81bdd31b204d038f9023769a13cddb
  → Recovered missing Language ID for Resource via mapping: 3f81bdd31b204d038f9023769a13cddb
  → Recovered missing Language ID for Resource via mapping: 3f81bdd31b204d038f9023769a13cddb
  → Recovered missing Language ID for Resource via mapping: 3f81bdd31b204d038f9023769a13cddb
  → Recovered missing Language ID for Resource via mapping: 3f81bdd31b204d038f9023769a13cddb
  → Recovered missing Language ID for Resource via mapping: 3f81bdd31b204d038f9023769a13cddb
  → Recovered missing Language ID for Resource via mapping: 3f81bdd31b204d038f9023769a13cddb
  → Recovered missing Language ID for Resource via mapping: 3f81bdd31b204d038f9023769a13cddb
  → Recovered missing Language ID for Resource via mapping: 3f81bdd31b204d038f9023769a13cddb
  → Recovered missing Language ID for Resource via mapping: 3f81bdd31b204d038f9023769a13cddb
  → Recovered missing Language ID for Resource via mapping: 3f81bdd31b204d038f9023769a13cddb
  → Recovered missing Language ID for Resource via mapping: 3f81bdd31b204d038f9023769a13cddb
  → Recovered missing Language ID for Resource via mapping: 3f81bdd31b204d038f9023769a13cddb
  → Recovered missing Language ID for Resource via mapping: 3f81bdd31b204d038f9023769a13cddb
  → Recovered missing Language ID for Resource via mapping: 3f81bdd31b204d038f9023769a13cddb
  → Recovered missing Language ID for Resource via mapping: 3f81bdd31b204d038f9023769a13cddb
  → Recovered missing Language ID for Resource via mapping: 3f81bdd31b204d038f9023769a13cddb
  → Recovered missing Language ID for Resource via mapping: 3f81bdd31b204d038f9023769a13cddb
  → Recovered missing Language ID for Resource via mapping: 3f81bdd31b204d038f9023769a13cddb
  → Recovered missing Language ID for Resource via mapping: 3f81bdd31b204d038f9023769a13cddb
  → Recovered missing Language ID for Resource via mapping: 3f81bdd31b204d038f9023769a13cddb
  → Recovered missing Language ID for Resource via mapping: 3f81bdd31b204d038f9023769a13cddb
  → Recovered missing Language ID for Resource via mapping: 3f81bdd31b204d038f9023769a13cddb
  → Recovered missing Language ID for Resource via mapping: 3f81bdd31b204d038f9023769a13cddb
  → Recovered missing Language ID for Resource via mapping: 3f81bdd31b204d038f9023769a13cddb
  → Recovered missing Language ID for Resource via mapping: 3f81bdd31b204d038f9023769a13cddb
  → Recovered missing Language ID for Resource via mapping: 3f81bdd31b204d038f9023769a13cddb
  → Recovered missing Language ID for Resource via mapping: 3f81bdd31b204d038f9023769a13cddb
  → Recovered missing Language ID for Resource via mapping: 3f81bdd31b204d038f9023769a13cddb
  → Recovered missing Language ID for Resource via mapping: 3f81bdd31b204d038f9023769a13cddb
  → Recovered missing Language ID for Resource via mapping: 3f81bdd31b204d038f9023769a13cddb
  → Recovered missing Language ID for Resource via mapping: 3f81bdd31b204d038f9023769a13cddb
  → Recovered missing Language ID for Resource via mapping: 3f81bdd31b204d038f9023769a13cddb
  → Recovered missing Language ID for Resource via mapping: 3f81bdd31b204d038f9023769a13cddb
  → Recovered missing Language ID for Resource via mapping: 3f81bdd31b204d038f9023769a13cddb
  → Recovered missing Language ID for Resource via mapping: 3f81bdd31b204d038f9023769a13cddb
  → Recovered missing Language ID for Resource via mapping: 3f81bdd31b204d038f9023769a13cddb
  → Recovered missing Language ID for Resource via mapping: 3f81bdd31b204d038f9023769a13cddb
  → Recovered missing Language ID for Resource via mapping: 3f81bdd31b204d038f9023769a13cddb
  → Recovered missing Language ID for Resource via mapping: 3f81bdd31b204d038f9023769a13cddb
  → Recovered missing Language ID for Resource via mapping: 3f81bdd31b204d038f9023769a13cddb
  → Recovered missing Language ID for Resource via mapping: 3f81bdd31b204d038f9023769a13cddb
  → Recovered missing Language ID for Resource via mapping: 3f81bdd31b204d038f9023769a13cddb
  → Recovered missing Language ID for Resource via mapping: 3f81bdd31b204d038f9023769a13cddb
  → Recovered missing Language ID for Resource via mapping: 3f81bdd31b204d038f9023769a13cddb
  → Recovered missing Language ID for Resource via mapping: 3f81bdd31b204d038f9023769a13cddb
  → Recovered missing Language ID for Resource via mapping: 3f81bdd31b204d038f9023769a13cddb
  → Recovered missing Language ID for Resource via mapping: 3f81bdd31b204d038f9023769a13cddb
  → Recovered missing Language ID for Resource via mapping: 3f81bdd31b204d038f9023769a13cddb
  → Recovered missing Language ID for Resource via mapping: 3f81bdd31b204d038f9023769a13cddb
  → Recovered missing Language ID for Resource via mapping: 3f81bdd31b204d038f9023769a13cddb
  → Recovered missing Language ID for Resource via mapping: 3f81bdd31b204d038f9023769a13cddb
  → Recovered missing Language ID for Resource via mapping: 3f81bdd31b204d038f9023769a13cddb
  → Recovered missing Language ID for Resource via mapping: 3f81bdd31b204d038f9023769a13cddb
  → Recovered missing Language ID for Resource via mapping: 3f81bdd31b204d038f9023769a13cddb
  → Recovered missing Language ID for Resource via mapping: 3f81bdd31b204d038f9023769a13cddb
  → Recovered missing Language ID for Resource via mapping: 3f81bdd31b204d038f9023769a13cddb
  → Recovered missing Language ID for Resource via mapping: 3f81bdd31b204d038f9023769a13cddb
  → Recovered missing Language ID for Resource via mapping: 3f81bdd31b204d038f9023769a13cddb
  → Recovered missing Language ID for Resource via mapping: 3f81bdd31b204d038f9023769a13cddb
  → Recovered missing Language ID for Resource via mapping: 3f81bdd31b204d038f9023769a13cddb
  → Recovered missing Language ID for Resource via mapping: 3f81bdd31b204d038f9023769a13cddb
  → Recovered missing Language ID for Resource via mapping: 3f81bdd31b204d038f9023769a13cddb
  → Recovered missing Language ID for Resource via mapping: 3f81bdd31b204d038f9023769a13cddb
  → Recovered missing Language ID for Resource via mapping: 3f81bdd31b204d038f9023769a13cddb
  → Recovered missing Language ID for Resource via mapping: 3f81bdd31b204d038f9023769a13cddb
  → Recovered missing Language ID for Resource via mapping: 3f81bdd31b204d038f9023769a13cddb
  → Recovered missing Language ID for Resource via mapping: 3f81bdd31b204d038f9023769a13cddb
  → Recovered missing Language ID for Resource via mapping: 3f81bdd31b204d038f9023769a13cddb
  → Recovered missing Language ID for Resource via mapping: 3f81bdd31b204d038f9023769a13cddb
  → Recovered missing Language ID for Resource via mapping: 3f81bdd31b204d038f9023769a13cddb
  → Recovered missing Language ID for Resource via mapping: 3f81bdd31b204d038f9023769a13cddb
  → Recovered missing Language ID for Resource via mapping: 3f81bdd31b204d038f9023769a13cddb
  → Recovered missing Language ID for Resource via mapping: 3f81bdd31b204d038f9023769a13cddb
  → Recovered missing Language ID for Resource via mapping: 3f81bdd31b204d038f9023769a13cddb
  → Recovered missing Language ID for Resource via mapping: 3f81bdd31b204d038f9023769a13cddb
  → Recovered missing Language ID for Resource via mapping: 3f81bdd31b204d038f9023769a13cddb
  → Recovered missing Language ID for Resource via mapping: 3f81bdd31b204d038f9023769a13cddb
  → Recovered missing Language ID for Resource via mapping: 3f81bdd31b204d038f9023769a13cddb
  → Recovered missing Language ID for Resource via mapping: 3f81bdd31b204d038f9023769a13cddb
  → Recovered missing Language ID for Resource via mapping: 3f81bdd31b204d038f9023769a13cddb
  → Recovered missing Language ID for Resource via mapping: 3f81bdd31b204d038f9023769a13cddb
  → Recovered missing Language ID for Resource via mapping: 3f81bdd31b204d038f9023769a13cddb
  → Recovered missing Language ID for Resource via mapping: 3f81bdd31b204d038f9023769a13cddb
  → Recovered missing Language ID for Resource via mapping: 3f81bdd31b204d038f9023769a13cddb
  → Recovered missing Language ID for Resource via mapping: 3f81bdd31b204d038f9023769a13cddb
  → Recovered missing Language ID for Resource via mapping: 3f81bdd31b204d038f9023769a13cddb
  → Recovered missing Language ID for Resource via mapping: 3f81bdd31b204d038f9023769a13cddb
  → Recovered missing Language ID for Resource via mapping: 3f81bdd31b204d038f9023769a13cddb
  → Recovered missing Language ID for Resource via mapping: 3f81bdd31b204d038f9023769a13cddb
  → Recovered missing Language ID for Resource via mapping: 3f81bdd31b204d038f9023769a13cddb
  → Recovered missing Language ID for Resource via mapping: 3f81bdd31b204d038f9023769a13cddb
  → Recovered missing Language ID for Resource via mapping: 3f81bdd31b204d038f9023769a13cddb
  → Recovered missing Language ID for Resource via mapping: 3f81bdd31b204d038f9023769a13cddb
  → Recovered missing Language ID for Resource via mapping: 3f81bdd31b204d038f9023769a13cddb
  → Recovered missing Language ID for Resource via mapping: 3f81bdd31b204d038f9023769a13cddb
  → Recovered missing Language ID for Resource via mapping: 3f81bdd31b204d038f9023769a13cddb
  → Recovered missing Language ID for Resource via mapping: 3f81bdd31b204d038f9023769a13cddb
  → Recovered missing Language ID for Resource via mapping: 3f81bdd31b204d038f9023769a13cddb
  → Recovered missing Language ID for Resource via mapping: 3f81bdd31b204d038f9023769a13cddb
  → Recovered missing Language ID for Resource via mapping: 3f81bdd31b204d038f9023769a13cddb
  → Recovered missing Language ID for Resource via mapping: 3f81bdd31b204d038f9023769a13cddb
  → Recovered missing Language ID for Resource via mapping: 3f81bdd31b204d038f9023769a13cddb
  → Recovered missing Language ID for Resource via mapping: 3f81bdd31b204d038f9023769a13cddb
  → Recovered missing Language ID for Resource via mapping: 3f81bdd31b204d038f9023769a13cddb
  → Recovered missing Language ID for Resource via mapping: 3f81bdd31b204d038f9023769a13cddb
  → Recovered missing Language ID for Resource via mapping: 3f81bdd31b204d038f9023769a13cddb
  → Recovered missing Language ID for Resource via mapping: 3f81bdd31b204d038f9023769a13cddb
  → Recovered missing Language ID for Resource via mapping: 3f81bdd31b204d038f9023769a13cddb
  → Recovered missing Language ID for Resource via mapping: 3f81bdd31b204d038f9023769a13cddb
  → Recovered missing Language ID for Resource via mapping: 3f81bdd31b204d038f9023769a13cddb
  → Recovered missing Language ID for Resource via mapping: 3f81bdd31b204d038f9023769a13cddb
  → Recovered missing Language ID for Resource via mapping: 3f81bdd31b204d038f9023769a13cddb
  → Recovered missing Language ID for Resource via mapping: 3f81bdd31b204d038f9023769a13cddb
  → Recovered missing Language ID for Resource via mapping: 3f81bdd31b204d038f9023769a13cddb
  → Recovered missing Language ID for Resource via mapping: 3f81bdd31b204d038f9023769a13cddb
  → Recovered missing Language ID for Resource via mapping: 3f81bdd31b204d038f9023769a13cddb
  → Recovered missing Language ID for Resource via mapping: 3f81bdd31b204d038f9023769a13cddb
  → Recovered missing Language ID for Resource via mapping: 3f81bdd31b204d038f9023769a13cddb
  → Recovered missing Language ID for Resource via mapping: 3f81bdd31b204d038f9023769a13cddb
  → Recovered missing Language ID for Resource via mapping: 3f81bdd31b204d038f9023769a13cddb
  → Recovered missing Language ID for Resource via mapping: 3f81bdd31b204d038f9023769a13cddb
  → Recovered missing Language ID for Resource via mapping: 3f81bdd31b204d038f9023769a13cddb
  → Recovered missing Language ID for Resource via mapping: 3f81bdd31b204d038f9023769a13cddb
  → Recovered missing Language ID for Resource via mapping: 3f81bdd31b204d038f9023769a13cddb
  → Recovered missing Language ID for Resource via mapping: 3f81bdd31b204d038f9023769a13cddb
  → Recovered missing Language ID for Resource via mapping: 3f81bdd31b204d038f9023769a13cddb
  → Recovered missing Language ID for Resource via mapping: 3f81bdd31b204d038f9023769a13cddb
  → Recovered missing Language ID for Resource via mapping: 3f81bdd31b204d038f9023769a13cddb
  → Recovered missing Language ID for Resource via mapping: 3f81bdd31b204d038f9023769a13cddb
  → Recovered missing Language ID for Resource via mapping: 3f81bdd31b204d038f9023769a13cddb
  → Recovered missing Language ID for Resource via mapping: 3f81bdd31b204d038f9023769a13cddb
  → Recovered missing Language ID for Resource via mapping: 3f81bdd31b204d038f9023769a13cddb
  → Recovered missing Language ID for Resource via mapping: 3f81bdd31b204d038f9023769a13cddb
  → Recovered missing Language ID for Resource via mapping: 3f81bdd31b204d038f9023769a13cddb
  → Recovered missing Language ID for Resource via mapping: 3f81bdd31b204d038f9023769a13cddb
  → Recovered missing Language ID for Resource via mapping: 3f81bdd31b204d038f9023769a13cddb
  → Recovered missing Language ID for Resource via mapping: 3f81bdd31b204d038f9023769a13cddb
  → Recovered missing Language ID for Resource via mapping: 3f81bdd31b204d038f9023769a13cddb
  → Recovered missing Language ID for Resource via mapping: 3f81bdd31b204d038f9023769a13cddb
  → Recovered missing Language ID for Resource via mapping: 3f81bdd31b204d038f9023769a13cddb
  → Recovered missing Language ID for Resource via mapping: 3f81bdd31b204d038f9023769a13cddb
  → Recovered missing Language ID for Resource via mapping: 3f81bdd31b204d038f9023769a13cddb
  → Recovered missing Language ID for Resource via mapping: 3f81bdd31b204d038f9023769a13cddb
  → Recovered missing Language ID for Resource via mapping: 3f81bdd31b204d038f9023769a13cddb
  → Recovered missing Language ID for Resource via mapping: 3f81bdd31b204d038f9023769a13cddb
  → Recovered missing Language ID for Resource via mapping: 3f81bdd31b204d038f9023769a13cddb
  → Recovered missing Language ID for Resource via mapping: 3f81bdd31b204d038f9023769a13cddb
  → Recovered missing Language ID for Resource via mapping: 3f81bdd31b204d038f9023769a13cddb
  → Recovered missing Language ID for Resource via mapping: 3f81bdd31b204d038f9023769a13cddb
  → Recovered missing Language ID for Resource via mapping: 3f81bdd31b204d038f9023769a13cddb
  → Recovered missing Language ID for Resource via mapping: 3f81bdd31b204d038f9023769a13cddb
  → Recovered missing Language ID for Resource via mapping: 3f81bdd31b204d038f9023769a13cddb
  → Recovered missing Language ID for Resource via mapping: 3f81bdd31b204d038f9023769a13cddb
  → Recovered missing Language ID for Resource via mapping: 3f81bdd31b204d038f9023769a13cddb
  → Recovered missing Language ID for Resource via mapping: 3f81bdd31b204d038f9023769a13cddb
  → Recovered missing Language ID for Resource via mapping: 3f81bdd31b204d038f9023769a13cddb
  → Recovered missing Language ID for Resource via mapping: 3f81bdd31b204d038f9023769a13cddb
  → Recovered missing Language ID for Resource via mapping: 3f81bdd31b204d038f9023769a13cddb
  → Recovered missing Language ID for Resource via mapping: 3f81bdd31b204d038f9023769a13cddb
  → Recovered missing Language ID for Resource via mapping: 3f81bdd31b204d038f9023769a13cddb
  → Recovered missing Language ID for Resource via mapping: 3f81bdd31b204d038f9023769a13cddb
  → Recovered missing Language ID for Resource via mapping: 3f81bdd31b204d038f9023769a13cddb
  → Recovered missing Language ID for Resource via mapping: 3f81bdd31b204d038f9023769a13cddb
  → Recovered missing Language ID for Resource via mapping: 3f81bdd31b204d038f9023769a13cddb
  → Recovered missing Language ID for Resource via mapping: 3f81bdd31b204d038f9023769a13cddb
  → Recovered missing Language ID for Resource via mapping: 3f81bdd31b204d038f9023769a13cddb
  → Recovered missing Language ID for Resource via mapping: 3f81bdd31b204d038f9023769a13cddb
  → Recovered missing Language ID for Resource via mapping: 3f81bdd31b204d038f9023769a13cddb
  → Recovered missing Language ID for Resource via mapping: 3f81bdd31b204d038f9023769a13cddb
  → Recovered missing Language ID for Resource via mapping: 3f81bdd31b204d038f9023769a13cddb
  → Recovered missing Language ID for Resource via mapping: 3f81bdd31b204d038f9023769a13cddb
  → Recovered missing Language ID for Resource via mapping: 3f81bdd31b204d038f9023769a13cddb
  → Recovered missing Language ID for Resource via mapping: 3f81bdd31b204d038f9023769a13cddb
  → Recovered missing Language ID for Resource via mapping: 3f81bdd31b204d038f9023769a13cddb
  → Recovered missing Language ID for Resource via mapping: 3f81bdd31b204d038f9023769a13cddb
  → Recovered missing Language ID for Resource via mapping: 3f81bdd31b204d038f9023769a13cddb
  → Recovered missing Language ID for Resource via mapping: 3f81bdd31b204d038f9023769a13cddb
  → Recovered missing Language ID for Resource via mapping: 3f81bdd31b204d038f9023769a13cddb
  → Recovered missing Language ID for Resource via mapping: 3f81bdd31b204d038f9023769a13cddb
  → Recovered missing Language ID for Resource via mapping: 3f81bdd31b204d038f9023769a13cddb
  → Recovered missing Language ID for Resource via mapping: 3f81bdd31b204d038f9023769a13cddb
  → Recovered missing Language ID for Resource via mapping: 3f81bdd31b204d038f9023769a13cddb
  → Recovered missing Language ID for Resource via mapping: 3f81bdd31b204d038f9023769a13cddb
  → Recovered missing Language ID for Resource via mapping: 3f81bdd31b204d038f9023769a13cddb
  → Recovered missing Language ID for Resource via mapping: 3f81bdd31b204d038f9023769a13cddb
  → Recovered missing Language ID for Resource via mapping: 3f81bdd31b204d038f9023769a13cddb
  → Recovered missing Language ID for Resource via mapping: 3f81bdd31b204d038f9023769a13cddb
  → Recovered missing Language ID for Resource via mapping: 3f81bdd31b204d038f9023769a13cddb
  → Recovered missing Language ID for Resource via mapping: 3f81bdd31b204d038f9023769a13cddb
  → Recovered missing Language ID for Resource via mapping: 3f81bdd31b204d038f9023769a13cddb
  → Recovered missing Language ID for Resource via mapping: 3f81bdd31b204d038f9023769a13cddb
  → Recovered missing Language ID for Resource via mapping: 3f81bdd31b204d038f9023769a13cddb
  → Recovered missing Language ID for Resource via mapping: 3f81bdd31b204d038f9023769a13cddb
  → Recovered missing Language ID for Resource via mapping: 3f81bdd31b204d038f9023769a13cddb
  → Recovered missing Language ID for Resource via mapping: 3f81bdd31b204d038f9023769a13cddb
  → Recovered missing Language ID for Resource via mapping: 3f81bdd31b204d038f9023769a13cddb
  → Recovered missing Language ID for Resource via mapping: 3f81bdd31b204d038f9023769a13cddb
  → Recovered missing Language ID for Resource via mapping: 3f81bdd31b204d038f9023769a13cddb
  → Recovered missing Language ID for Resource via mapping: 3f81bdd31b204d038f9023769a13cddb
  → Recovered missing Language ID for Resource via mapping: 3f81bdd31b204d038f9023769a13cddb
  → Recovered missing Language ID for Resource via mapping: 3f81bdd31b204d038f9023769a13cddb
  → Recovered missing Language ID for Resource via mapping: 3f81bdd31b204d038f9023769a13cddb
  → Recovered missing Language ID for Resource via mapping: 3f81bdd31b204d038f9023769a13cddb
  → Recovered missing Language ID for Resource via mapping: 3f81bdd31b204d038f9023769a13cddb
  → Recovered missing Language ID for Resource via mapping: 3f81bdd31b204d038f9023769a13cddb
  → Recovered missing Language ID for Resource via mapping: 3f81bdd31b204d038f9023769a13cddb
  → Recovered missing Language ID for Resource via mapping: 3f81bdd31b204d038f9023769a13cddb
  → Recovered missing Language ID for Resource via mapping: 3f81bdd31b204d038f9023769a13cddb
  → Recovered missing Language ID for Resource via mapping: 3f81bdd31b204d038f9023769a13cddb
  → Recovered missing Language ID for Resource via mapping: 3f81bdd31b204d038f9023769a13cddb
  → Recovered missing Language ID for Resource via mapping: 3f81bdd31b204d038f9023769a13cddb
  → Recovered missing Language ID for Resource via mapping: 3f81bdd31b204d038f9023769a13cddb
  → Recovered missing Language ID for Resource via mapping: 3f81bdd31b204d038f9023769a13cddb
  → Recovered missing Language ID for Resource via mapping: 3f81bdd31b204d038f9023769a13cddb
  → Recovered missing Language ID for Resource via mapping: 3f81bdd31b204d038f9023769a13cddb
  → Recovered missing Language ID for Resource via mapping: 3f81bdd31b204d038f9023769a13cddb
  → Recovered missing Language ID for Resource via mapping: 3f81bdd31b204d038f9023769a13cddb
  → Recovered missing Language ID for Resource via mapping: 3f81bdd31b204d038f9023769a13cddb
  → Recovered missing Language ID for Resource via mapping: 3f81bdd31b204d038f9023769a13cddb
  → Recovered missing Language ID for Resource via mapping: 3f81bdd31b204d038f9023769a13cddb
  → Recovered missing Language ID for Resource via mapping: 3f81bdd31b204d038f9023769a13cddb
  → Recovered missing Language ID for Resource via mapping: 3f81bdd31b204d038f9023769a13cddb
  → POSTing video resource 'res-video-french-active-management-of-third-stage-labour-intro' directly (no global original)
Created resource 'res-video-french-active-management-of-third-stage-labour-intro' [translated] -> 4cd29ada25ba47e38f48e44c6fb13804
DEBUG: activating version 0609137b66ba4b0db05769a067e89812 with url='http://135.225.105.160:8004/resources/version/0609137b66ba4b0db05769a067e89812/status'
  ✓ Activated version: 0609137b66ba4b0db05769a067e89812
  → POSTing video resource 'res-video-french-active-management-of-third-stage-labour-give-a-uterotonic-drug' directly (no global original)
Created resource 'res-video-french-active-management-of-third-stage-labour-give-a-uterotonic-drug' [translated] -> 8aa0993115f8447ebb7033237eebd936
DEBUG: activating version e619a2338287445fb254f68d46c179e6 with url='http://135.225.105.160:8004/resources/version/e619a2338287445fb254f68d46c179e6/status'
  ✓ Activated version: e619a2338287445fb254f68d46c179e6
  → POSTing video resource 'res-video-french-active-management-of-third-stage-labour-assess-the-baby' directly (no global original)
Created resource 'res-video-french-active-management-of-third-stage-labour-assess-the-baby' [translated] -> cae5cc923a7949edb801aaa5998f46ea
DEBUG: activating version a799c08e141048afa7ba209ded5989cf with url='http://135.225.105.160:8004/resources/version/a799c08e141048afa7ba209ded5989cf/status'
  ✓ Activated version: a799c08e141048afa7ba209ded5989cf
  → POSTing video resource 'res-video-french-active-management-of-third-stage-labour-clamp-and-cut-the-umbilical-cord' directly (no global original)
Created resource 'res-video-french-active-management-of-third-stage-labour-clamp-and-cut-the-umbilical-cord' [translated] -> c854eb25bb9d46e789b7f06f6ebdb726
DEBUG: activating version db82bc4791ee4b1e8a5a714f44cf5836 with url='http://135.225.105.160:8004/resources/version/db82bc4791ee4b1e8a5a714f44cf5836/status'
  ✓ Activated version: db82bc4791ee4b1e8a5a714f44cf5836
  → POSTing video resource 'res-video-french-active-management-of-third-stage-labour-controlled-cord-traction' directly (no global original)
Created resource 'res-video-french-active-management-of-third-stage-labour-controlled-cord-traction' [translated] -> 1c7630d5d75e4dca8bf9c3e646d012f4
DEBUG: activating version e6bd4e02a2dd49259368cd4f774871fd with url='http://135.225.105.160:8004/resources/version/e6bd4e02a2dd49259368cd4f774871fd/status'
  ✓ Activated version: e6bd4e02a2dd49259368cd4f774871fd
  → POSTing video resource 'res-video-french-active-management-of-third-stage-labour-examine-the-placenta' directly (no global original)
Created resource 'res-video-french-active-management-of-third-stage-labour-examine-the-placenta' [translated] -> 1f75440852334e12bab3a226561edcac
DEBUG: activating version 254fb24a9d744b28af2c08ba5f98dc8c with url='http://135.225.105.160:8004/resources/version/254fb24a9d744b28af2c08ba5f98dc8c/status'
  ✓ Activated version: 254fb24a9d744b28af2c08ba5f98dc8c
  → POSTing video resource 'res-video-french-active-management-of-third-stage-labour-monitoring' directly (no global original)
Created resource 'res-video-french-active-management-of-third-stage-labour-monitoring' [translated] -> 394a2263dc6145dd91c3595c0e5869b0
DEBUG: activating version aaef249cc8ea4d0ab0b79c5cf830bad0 with url='http://135.225.105.160:8004/resources/version/aaef249cc8ea4d0ab0b79c5cf830bad0/status'
  ✓ Activated version: aaef249cc8ea4d0ab0b79c5cf830bad0
  → POSTing video resource 'res-video-french-antenatal-care-intro' directly (no global original)
Created resource 'res-video-french-antenatal-care-intro' [translated] -> 1d599c4503544aabababda2fd3247897
DEBUG: activating version a9e1a4686f334f17b4c6ebba3d0572c7 with url='http://135.225.105.160:8004/resources/version/a9e1a4686f334f17b4c6ebba3d0572c7/status'
  ✓ Activated version: a9e1a4686f334f17b4c6ebba3d0572c7
  → POSTing video resource 'res-video-french-antenatal-care-antenatal-care-schedule' directly (no global original)
Created resource 'res-video-french-antenatal-care-antenatal-care-schedule' [translated] -> 198d93d5bdd74efeaf74846b26f47e60
DEBUG: activating version 838120f5832f4691ba86a91f8b3bd5d0 with url='http://135.225.105.160:8004/resources/version/838120f5832f4691ba86a91f8b3bd5d0/status'
  ✓ Activated version: 838120f5832f4691ba86a91f8b3bd5d0
  → POSTing video resource 'res-video-french-antenatal-care-respectful-maternity-care' directly (no global original)
Created resource 'res-video-french-antenatal-care-respectful-maternity-care' [translated] -> 55df0b1c0d724e65ae8cc39251fcc55b
DEBUG: activating version 53403cc200c2416c864a5b9714e97220 with url='http://135.225.105.160:8004/resources/version/53403cc200c2416c864a5b9714e97220/status'
  ✓ Activated version: 53403cc200c2416c864a5b9714e97220
  → POSTing video resource 'res-video-french-antenatal-care-first-contact-in-pregnancy' directly (no global original)
Created resource 'res-video-french-antenatal-care-first-contact-in-pregnancy' [translated] -> 236cac54ac0740d98fbc92731cbee51f
DEBUG: activating version adb58352ffd64ff4a0d0c088fd528a79 with url='http://135.225.105.160:8004/resources/version/adb58352ffd64ff4a0d0c088fd528a79/status'
  ✓ Activated version: adb58352ffd64ff4a0d0c088fd528a79
  → POSTing video resource 'res-video-french-antenatal-care-routine-antenatal-assessment-of-the-women' directly (no global original)
Created resource 'res-video-french-antenatal-care-routine-antenatal-assessment-of-the-women' [translated] -> b109ed8dc88a493ebb38920cc6c8973d
DEBUG: activating version 4f4c5b4ff7a54477a07a77ce3e492cc0 with url='http://135.225.105.160:8004/resources/version/4f4c5b4ff7a54477a07a77ce3e492cc0/status'
  ✓ Activated version: 4f4c5b4ff7a54477a07a77ce3e492cc0
  → POSTing video resource 'res-video-french-antenatal-care-routine-antenatal-assessment-of-the-foetus' directly (no global original)
Created resource 'res-video-french-antenatal-care-routine-antenatal-assessment-of-the-foetus' [translated] -> b39131a8a73443568bfa0d9c4b5aac27
DEBUG: activating version 521ff3f131e34b36afdd0ec39362a891 with url='http://135.225.105.160:8004/resources/version/521ff3f131e34b36afdd0ec39362a891/status'
  ✓ Activated version: 521ff3f131e34b36afdd0ec39362a891
  → POSTing video resource 'res-video-french-antenatal-care-counselling' directly (no global original)
Created resource 'res-video-french-antenatal-care-counselling' [translated] -> d7c950d7079d4bf9aedef7f8de78bd05
DEBUG: activating version 83b08e777af94c71adb0491540a735fe with url='http://135.225.105.160:8004/resources/version/83b08e777af94c71adb0491540a735fe/status'
  ✓ Activated version: 83b08e777af94c71adb0491540a735fe
  → POSTing video resource 'res-video-french-covid-19-intro' directly (no global original)
Created resource 'res-video-french-covid-19-intro' [translated] -> f1cf57232f1c46af861b3feb8449c647
DEBUG: activating version 3bcc7f257da740199052b0b05a100abb with url='http://135.225.105.160:8004/resources/version/3bcc7f257da740199052b0b05a100abb/status'
  ✓ Activated version: 3bcc7f257da740199052b0b05a100abb
  → POSTing video resource 'res-video-french-covid-19-hand-hygiene' directly (no global original)
Created resource 'res-video-french-covid-19-hand-hygiene' [translated] -> bb979026c89e4529b8943c2c78746449
DEBUG: activating version 7021d0332efb49728776b4e75922b81e with url='http://135.225.105.160:8004/resources/version/7021d0332efb49728776b4e75922b81e/status'
  ✓ Activated version: 7021d0332efb49728776b4e75922b81e
  → POSTing video resource 'res-video-french-covid-19-procedure-for-handwash' directly (no global original)
Created resource 'res-video-french-covid-19-procedure-for-handwash' [translated] -> b69806c9cea54a3ea97977634c4a70d9
DEBUG: activating version aedffc4a70a5439b897d736cc3930117 with url='http://135.225.105.160:8004/resources/version/aedffc4a70a5439b897d736cc3930117/status'
  ✓ Activated version: aedffc4a70a5439b897d736cc3930117
  → POSTing video resource 'res-video-french-covid-19-procedure-for-handrub' directly (no global original)
Created resource 'res-video-french-covid-19-procedure-for-handrub' [translated] -> 554fd437ba1240b886eb9cc6839aaf25
DEBUG: activating version a319abac8c774dc49c35e1b689cf68f1 with url='http://135.225.105.160:8004/resources/version/a319abac8c774dc49c35e1b689cf68f1/status'
  ✓ Activated version: a319abac8c774dc49c35e1b689cf68f1
  → POSTing video resource 'res-video-french-covid-19-how-to-apply-ppe' directly (no global original)
Created resource 'res-video-french-covid-19-how-to-apply-ppe' [translated] -> a466d18e584e4d60ab779807cfc4e96e
DEBUG: activating version 0be1b836323a40ba86b2bb98f83ce649 with url='http://135.225.105.160:8004/resources/version/0be1b836323a40ba86b2bb98f83ce649/status'
  ✓ Activated version: 0be1b836323a40ba86b2bb98f83ce649
  → POSTing video resource 'res-video-french-covid-19-how-to-remove-ppe' directly (no global original)
Created resource 'res-video-french-covid-19-how-to-remove-ppe' [translated] -> 3f11b516d56e46d7a1848b6f2e8d54c3
DEBUG: activating version 8704bc2b8fad4b7498a60aa94f887d85 with url='http://135.225.105.160:8004/resources/version/8704bc2b8fad4b7498a60aa94f887d85/status'
  ✓ Activated version: 8704bc2b8fad4b7498a60aa94f887d85
  → POSTing video resource 'res-video-french-female-genital-mutilation-intro' directly (no global original)
Created resource 'res-video-french-female-genital-mutilation-intro' [translated] -> 4c6e94ee342c45ea8734451a84278cfd
DEBUG: activating version c25f3f9b70c84b99992e7ee3901ab356 with url='http://135.225.105.160:8004/resources/version/c25f3f9b70c84b99992e7ee3901ab356/status'
  ✓ Activated version: c25f3f9b70c84b99992e7ee3901ab356
  → POSTing video resource 'res-video-french-female-genital-mutilation-the-types-of-fgm' directly (no global original)
Created resource 'res-video-french-female-genital-mutilation-the-types-of-fgm' [translated] -> 1caf35243be44327a8507f6e0f547b39
DEBUG: activating version f6ba456d7dac4f5894ab0594926fe16d with url='http://135.225.105.160:8004/resources/version/f6ba456d7dac4f5894ab0594926fe16d/status'
  ✓ Activated version: f6ba456d7dac4f5894ab0594926fe16d
  → POSTing video resource 'res-video-french-female-genital-mutilation-immediate-healh-risks' directly (no global original)
Created resource 'res-video-french-female-genital-mutilation-immediate-healh-risks' [translated] -> 3d09c1b9281b485e959fec1ff640349a
DEBUG: activating version e5835fba650f4651b2a721afb47dcb9d with url='http://135.225.105.160:8004/resources/version/e5835fba650f4651b2a721afb47dcb9d/status'
  ✓ Activated version: e5835fba650f4651b2a721afb47dcb9d
  → POSTing video resource 'res-video-french-female-genital-mutilation-birth-complications' directly (no global original)
Created resource 'res-video-french-female-genital-mutilation-birth-complications' [translated] -> d96836887de84ed29a2e23de55748e83
DEBUG: activating version 8f6e31e3551d44ae977e16ba63fadda1 with url='http://135.225.105.160:8004/resources/version/8f6e31e3551d44ae977e16ba63fadda1/status'
  ✓ Activated version: 8f6e31e3551d44ae977e16ba63fadda1
  → POSTing video resource 'res-video-french-female-genital-mutilation-management-of-a-pregnant-woman-with-fgm' directly (no global original)
Created resource 'res-video-french-female-genital-mutilation-management-of-a-pregnant-woman-with-fgm' [translated] -> 1ae5615d8e444b47a84033f4e76c7a61
DEBUG: activating version 2962f3d0e5294abeab1debe5122b5038 with url='http://135.225.105.160:8004/resources/version/2962f3d0e5294abeab1debe5122b5038/status'
  ✓ Activated version: 2962f3d0e5294abeab1debe5122b5038
  → POSTing video resource 'res-video-french-female-genital-mutilation-deinfibulation' directly (no global original)
Created resource 'res-video-french-female-genital-mutilation-deinfibulation' [translated] -> 793d41ef75c540a48ccbbfa1e2b4dffe
DEBUG: activating version 6f23a4c214504d07a99f71a07091030e with url='http://135.225.105.160:8004/resources/version/6f23a4c214504d07a99f71a07091030e/status'
  ✓ Activated version: 6f23a4c214504d07a99f71a07091030e
  → POSTing video resource 'res-video-french-female-genital-mutilation-labour-with-fgm' directly (no global original)
Created resource 'res-video-french-female-genital-mutilation-labour-with-fgm' [translated] -> 6d116658555c4bd4938307ff3443e5ba
DEBUG: activating version 8bdd6dbd94404435a5dc432ab6973c0d with url='http://135.225.105.160:8004/resources/version/8bdd6dbd94404435a5dc432ab6973c0d/status'
  ✓ Activated version: 8bdd6dbd94404435a5dc432ab6973c0d
  → POSTing video resource 'res-video-french-female-genital-mutilation-counsel-the-woman-and-her-husband' directly (no global original)
Created resource 'res-video-french-female-genital-mutilation-counsel-the-woman-and-her-husband' [translated] -> 1e574e81cc4d47828a7fb6ba438bf6fa
DEBUG: activating version 8e3e0a6314b743e180c61b70cb27a2fe with url='http://135.225.105.160:8004/resources/version/8e3e0a6314b743e180c61b70cb27a2fe/status'
  ✓ Activated version: 8e3e0a6314b743e180c61b70cb27a2fe
  → POSTing video resource 'res-video-french-hypertension-intro' directly (no global original)
Created resource 'res-video-french-hypertension-intro' [translated] -> 8f369e94af21424ebc19c0251cebbdca
DEBUG: activating version 4ddd9e6572964eee82ddc273772140bd with url='http://135.225.105.160:8004/resources/version/4ddd9e6572964eee82ddc273772140bd/status'
  ✓ Activated version: 4ddd9e6572964eee82ddc273772140bd
  → POSTing video resource 'res-video-french-hypertension-definitions' directly (no global original)
Created resource 'res-video-french-hypertension-definitions' [translated] -> 341f9f5fe4d0455199f0c0b6413b623c
DEBUG: activating version 00838432348f4fca9c23a3e66175bdec with url='http://135.225.105.160:8004/resources/version/00838432348f4fca9c23a3e66175bdec/status'
  ✓ Activated version: 00838432348f4fca9c23a3e66175bdec
  → POSTing video resource 'res-video-french-hypertension-causes' directly (no global original)
Created resource 'res-video-french-hypertension-causes' [translated] -> 15303bd9adb6420888ce98c01a672dd4
DEBUG: activating version 2f96293a9e704bb0bea380dfdd07c8aa with url='http://135.225.105.160:8004/resources/version/2f96293a9e704bb0bea380dfdd07c8aa/status'
  ✓ Activated version: 2f96293a9e704bb0bea380dfdd07c8aa
  → POSTing video resource 'res-video-french-hypertension-how-to-diagnose' directly (no global original)
Created resource 'res-video-french-hypertension-how-to-diagnose' [translated] -> e20a30d14e3d48f4b7cddc5bb904956a
DEBUG: activating version ee37910c3e2e48a9b0cca9479af7ae0b with url='http://135.225.105.160:8004/resources/version/ee37910c3e2e48a9b0cca9479af7ae0b/status'
  ✓ Activated version: ee37910c3e2e48a9b0cca9479af7ae0b
  → POSTing video resource 'res-video-french-hypertension-management-of-hypertension' directly (no global original)
Created resource 'res-video-french-hypertension-management-of-hypertension' [translated] -> cb606b4d70a74dbbbcbce59ab1945e6d
DEBUG: activating version dcfca33a8a54488ea5346999bc48c397 with url='http://135.225.105.160:8004/resources/version/dcfca33a8a54488ea5346999bc48c397/status'
  ✓ Activated version: dcfca33a8a54488ea5346999bc48c397
  → POSTing video resource 'res-video-french-hypertension-severe-preeclampsia-eclampsia' directly (no global original)
Created resource 'res-video-french-hypertension-severe-preeclampsia-eclampsia' [translated] -> 6a499ee6888046f499dbbcb8522354af
DEBUG: activating version dd47d233abaf43cd943427151b94fbe0 with url='http://135.225.105.160:8004/resources/version/dd47d233abaf43cd943427151b94fbe0/status'
  ✓ Activated version: dd47d233abaf43cd943427151b94fbe0
  → POSTing video resource 'res-video-french-infection-prevention-intro' directly (no global original)
Created resource 'res-video-french-infection-prevention-intro' [translated] -> 205f6d7298ff4bacb9f28bc31ab168d3
DEBUG: activating version ef49f32d799e48bcaaaca695de6154ad with url='http://135.225.105.160:8004/resources/version/ef49f32d799e48bcaaaca695de6154ad/status'
  ✓ Activated version: ef49f32d799e48bcaaaca695de6154ad
  → POSTing video resource 'res-video-french-infection-prevention-hand-hygiene' directly (no global original)
Created resource 'res-video-french-infection-prevention-hand-hygiene' [translated] -> 62c08c38850648a1a1fa45b94ccb6aa2
DEBUG: activating version 317e78addfec46eca7dd15494df2f315 with url='http://135.225.105.160:8004/resources/version/317e78addfec46eca7dd15494df2f315/status'
  ✓ Activated version: 317e78addfec46eca7dd15494df2f315
  → POSTing video resource 'res-video-french-infection-prevention-procedure-for-handwash' directly (no global original)
Created resource 'res-video-french-infection-prevention-procedure-for-handwash' [translated] -> 50d46a60d2e64be3a810a1e7cdd6ff95
DEBUG: activating version 9eff1507eae24cfb8d932ba0451d1c18 with url='http://135.225.105.160:8004/resources/version/9eff1507eae24cfb8d932ba0451d1c18/status'
  ✓ Activated version: 9eff1507eae24cfb8d932ba0451d1c18
  → POSTing video resource 'res-video-french-infection-prevention-procedure-for-handrub' directly (no global original)
Created resource 'res-video-french-infection-prevention-procedure-for-handrub' [translated] -> 5594b61da6d14b9aafd9b0247c25038c
DEBUG: activating version 8625f52669bb44028c762ed52a50fd56 with url='http://135.225.105.160:8004/resources/version/8625f52669bb44028c762ed52a50fd56/status'
  ✓ Activated version: 8625f52669bb44028c762ed52a50fd56
  → POSTing video resource 'res-video-french-infection-prevention-personal-protective-equipment' directly (no global original)
Created resource 'res-video-french-infection-prevention-personal-protective-equipment' [translated] -> e8f16c51563140729b3802d7ff537e3e
DEBUG: activating version bd8f630bb8144a4e9f466c76eb26cfac with url='http://135.225.105.160:8004/resources/version/bd8f630bb8144a4e9f466c76eb26cfac/status'
  ✓ Activated version: bd8f630bb8144a4e9f466c76eb26cfac
  → POSTing video resource 'res-video-french-infection-prevention-cleaning-decontamination' directly (no global original)
Created resource 'res-video-french-infection-prevention-cleaning-decontamination' [translated] -> fea81e55813c451497b9789a3e290b69
DEBUG: activating version 9b648e9378de4dc6beb5ae23a3f3cc35 with url='http://135.225.105.160:8004/resources/version/9b648e9378de4dc6beb5ae23a3f3cc35/status'
  ✓ Activated version: 9b648e9378de4dc6beb5ae23a3f3cc35
  → POSTing video resource 'res-video-french-infection-prevention-storage' directly (no global original)
Created resource 'res-video-french-infection-prevention-storage' [translated] -> ad5f500d5769417ab4f697b985a4fd5e
DEBUG: activating version 4d91b6c3de40433587bafac90d5598c3 with url='http://135.225.105.160:8004/resources/version/4d91b6c3de40433587bafac90d5598c3/status'
  ✓ Activated version: 4d91b6c3de40433587bafac90d5598c3
  → POSTing video resource 'res-video-french-infection-prevention-housekeeping' directly (no global original)
Created resource 'res-video-french-infection-prevention-housekeeping' [translated] -> 827bce7e5393417eb366c585188568ba
DEBUG: activating version 2837a044798f4cffaed4d3d674d76fbb with url='http://135.225.105.160:8004/resources/version/2837a044798f4cffaed4d3d674d76fbb/status'
  ✓ Activated version: 2837a044798f4cffaed4d3d674d76fbb
  → POSTing video resource 'res-video-french-infection-prevention-hiv-hepatitis-b-prevention' directly (no global original)
Created resource 'res-video-french-infection-prevention-hiv-hepatitis-b-prevention' [translated] -> 3ee11e4a64d7428295d60e1c6456fa1b
DEBUG: activating version f5ffe56c17c34b61abe079ce9afcb040 with url='http://135.225.105.160:8004/resources/version/f5ffe56c17c34b61abe079ce9afcb040/status'
  ✓ Activated version: f5ffe56c17c34b61abe079ce9afcb040
  → POSTing video resource 'res-video-french-low-birth-weight-intro' directly (no global original)
Created resource 'res-video-french-low-birth-weight-intro' [translated] -> e4e57b788c2a4e73856aa62917f7cdf7
DEBUG: activating version 6b210e7d932947fc9dd8e0f19f551c57 with url='http://135.225.105.160:8004/resources/version/6b210e7d932947fc9dd8e0f19f551c57/status'
  ✓ Activated version: 6b210e7d932947fc9dd8e0f19f551c57
  → POSTing video resource 'res-video-french-low-birth-weight-initial-care-of-the-low-birth-weight' directly (no global original)
Created resource 'res-video-french-low-birth-weight-initial-care-of-the-low-birth-weight' [translated] -> 4ae510038c3e40ea9ebddb40a33835a9
DEBUG: activating version 9295c886ba67485b966b46d8ee1efcfa with url='http://135.225.105.160:8004/resources/version/9295c886ba67485b966b46d8ee1efcfa/status'
  ✓ Activated version: 9295c886ba67485b966b46d8ee1efcfa
  → POSTing video resource 'res-video-french-low-birth-weight-kangaroo-mother-care' directly (no global original)
Created resource 'res-video-french-low-birth-weight-kangaroo-mother-care' [translated] -> 50601969234c4125a8177988cda722b0
DEBUG: activating version 7757af91ac904a11a8a3599fc0565e61 with url='http://135.225.105.160:8004/resources/version/7757af91ac904a11a8a3599fc0565e61/status'
  ✓ Activated version: 7757af91ac904a11a8a3599fc0565e61
  → POSTing video resource 'res-video-french-low-birth-weight-feeding' directly (no global original)
Created resource 'res-video-french-low-birth-weight-feeding' [translated] -> edc2cbbcae7243618369ab0670017305
DEBUG: activating version 0e87d2263cd64525bf9f50da24d68f45 with url='http://135.225.105.160:8004/resources/version/0e87d2263cd64525bf9f50da24d68f45/status'
  ✓ Activated version: 0e87d2263cd64525bf9f50da24d68f45
  → POSTing video resource 'res-video-french-low-birth-weight-danger-signs' directly (no global original)
Created resource 'res-video-french-low-birth-weight-danger-signs' [translated] -> d04172adc8f94c7cbeb0d926203752b2
DEBUG: activating version 3c953ec957594070acd79117f9e50aeb with url='http://135.225.105.160:8004/resources/version/3c953ec957594070acd79117f9e50aeb/status'
  ✓ Activated version: 3c953ec957594070acd79117f9e50aeb
  → POSTing video resource 'res-video-french-low-birth-weight-referral' directly (no global original)
Created resource 'res-video-french-low-birth-weight-referral' [translated] -> 31692bc3a3f9440d808131ed84a1e472
DEBUG: activating version c3f8587b732148fcadd9449697805690 with url='http://135.225.105.160:8004/resources/version/c3f8587b732148fcadd9449697805690/status'
  ✓ Activated version: c3f8587b732148fcadd9449697805690
  → POSTing video resource 'res-video-french-low-birth-weight-respectful-care' directly (no global original)
Created resource 'res-video-french-low-birth-weight-respectful-care' [translated] -> 6ce771a3a26c42ba86c9c22194da88ab
DEBUG: activating version d8a6516e78da422099b546aa4ca2092e with url='http://135.225.105.160:8004/resources/version/d8a6516e78da422099b546aa4ca2092e/status'
  ✓ Activated version: d8a6516e78da422099b546aa4ca2092e
  → POSTing video resource 'res-video-french-manual-removal-of-placenta-intro' directly (no global original)
Created resource 'res-video-french-manual-removal-of-placenta-intro' [translated] -> a3a0fdf1a96642ecb67f51748315f1a0
DEBUG: activating version 19e6e896c2644504868285306062bb8f with url='http://135.225.105.160:8004/resources/version/19e6e896c2644504868285306062bb8f/status'
  ✓ Activated version: 19e6e896c2644504868285306062bb8f
  → POSTing video resource 'res-video-french-manual-removal-of-placenta-resuscitation' directly (no global original)
Created resource 'res-video-french-manual-removal-of-placenta-resuscitation' [translated] -> e3864b2288db459c82a94dd592d6e9ca
DEBUG: activating version 46a614c768924e09ab5864ca90020116 with url='http://135.225.105.160:8004/resources/version/46a614c768924e09ab5864ca90020116/status'
  ✓ Activated version: 46a614c768924e09ab5864ca90020116
  → POSTing video resource 'res-video-french-manual-removal-of-placenta-drugs-before-removal' directly (no global original)
Created resource 'res-video-french-manual-removal-of-placenta-drugs-before-removal' [translated] -> 33c9ce7802e945a3baa92b34f45b3f39
DEBUG: activating version 828e839f198e4dd2bcb9c4179a7d0839 with url='http://135.225.105.160:8004/resources/version/828e839f198e4dd2bcb9c4179a7d0839/status'
  ✓ Activated version: 828e839f198e4dd2bcb9c4179a7d0839
  → POSTing video resource 'res-video-french-manual-removal-of-placenta-gloves' directly (no global original)
Created resource 'res-video-french-manual-removal-of-placenta-gloves' [translated] -> 5f06cdbedf834d11b7f2053ab0242f03
DEBUG: activating version ef0f4692eb044c78ac00cd08bbc882f4 with url='http://135.225.105.160:8004/resources/version/ef0f4692eb044c78ac00cd08bbc882f4/status'
  ✓ Activated version: ef0f4692eb044c78ac00cd08bbc882f4
  → POSTing video resource 'res-video-french-manual-removal-of-placenta-remove-the-placenta' directly (no global original)
Created resource 'res-video-french-manual-removal-of-placenta-remove-the-placenta' [translated] -> 54b4706aa59b48caa974dc1bf4a4e130
DEBUG: activating version 3155b2a9252a4132ab8660439b1ec4e6 with url='http://135.225.105.160:8004/resources/version/3155b2a9252a4132ab8660439b1ec4e6/status'
  ✓ Activated version: 3155b2a9252a4132ab8660439b1ec4e6
  → POSTing video resource 'res-video-french-manual-removal-of-placenta-drugs' directly (no global original)
Created resource 'res-video-french-manual-removal-of-placenta-drugs' [translated] -> a4599ce35c814dc2a9702966c7365a41
DEBUG: activating version feaefc0b12314a4faaa3fc8b10562e05 with url='http://135.225.105.160:8004/resources/version/feaefc0b12314a4faaa3fc8b10562e05/status'
  ✓ Activated version: feaefc0b12314a4faaa3fc8b10562e05
  → POSTing video resource 'res-video-french-manual-removal-of-placenta-monitoring' directly (no global original)
Created resource 'res-video-french-manual-removal-of-placenta-monitoring' [translated] -> 4c6fb2fc117c4f31b3e76df50dff760c
DEBUG: activating version 220df5a76e2e48cf977f9779644f4788 with url='http://135.225.105.160:8004/resources/version/220df5a76e2e48cf977f9779644f4788/status'
  ✓ Activated version: 220df5a76e2e48cf977f9779644f4788
  → POSTing video resource 'res-video-french-maternal-sepsis-intro' directly (no global original)
Created resource 'res-video-french-maternal-sepsis-intro' [translated] -> 1a6052b6b607402e8c79d0d46e9c3e11
DEBUG: activating version e83ea22e9efb4200a8ef73eb2b61ad01 with url='http://135.225.105.160:8004/resources/version/e83ea22e9efb4200a8ef73eb2b61ad01/status'
  ✓ Activated version: e83ea22e9efb4200a8ef73eb2b61ad01
  → POSTing video resource 'res-video-french-maternal-sepsis-how-to-diagnose-definitions' directly (no global original)
Created resource 'res-video-french-maternal-sepsis-how-to-diagnose-definitions' [translated] -> a8b7e2ee86294b448e4886a5f3274850
DEBUG: activating version e833d76538d34b5f93ac58757d052e68 with url='http://135.225.105.160:8004/resources/version/e833d76538d34b5f93ac58757d052e68/status'
  ✓ Activated version: e833d76538d34b5f93ac58757d052e68
  → POSTing video resource 'res-video-french-maternal-sepsis-how-to-manage' directly (no global original)
Created resource 'res-video-french-maternal-sepsis-how-to-manage' [translated] -> 983e137f9fa744119b93561b9b913f8c
DEBUG: activating version d63f0efce14847ea8335cc473c003ede with url='http://135.225.105.160:8004/resources/version/d63f0efce14847ea8335cc473c003ede/status'
  ✓ Activated version: d63f0efce14847ea8335cc473c003ede
  → POSTing video resource 'res-video-french-maternal-sepsis-following-management' directly (no global original)
Created resource 'res-video-french-maternal-sepsis-following-management' [translated] -> 07bd6edd6a114e2c87090b7723a4aafd
DEBUG: activating version b1ab461448ef412594210bf357eda13e with url='http://135.225.105.160:8004/resources/version/b1ab461448ef412594210bf357eda13e/status'
  ✓ Activated version: b1ab461448ef412594210bf357eda13e
  → POSTing video resource 'res-video-french-maternal-sepsis-origin-of-infection' directly (no global original)
Created resource 'res-video-french-maternal-sepsis-origin-of-infection' [translated] -> 5c627e0e3118446cbdb4a5446a8f5ac3
DEBUG: activating version 178d2fdfcdf547ea9edfcae00cd0df43 with url='http://135.225.105.160:8004/resources/version/178d2fdfcdf547ea9edfcae00cd0df43/status'
  ✓ Activated version: 178d2fdfcdf547ea9edfcae00cd0df43
  → POSTing video resource 'res-video-french-maternal-sepsis-hiv' directly (no global original)
Created resource 'res-video-french-maternal-sepsis-hiv' [translated] -> cbcaf20c0dbd4d26801590304a37ba0a
DEBUG: activating version 2b9a49ff38d146968ac6f8f0e9d11793 with url='http://135.225.105.160:8004/resources/version/2b9a49ff38d146968ac6f8f0e9d11793/status'
  ✓ Activated version: 2b9a49ff38d146968ac6f8f0e9d11793
  → POSTing video resource 'res-video-french-modern-contraception-intro' directly (no global original)
Created resource 'res-video-french-modern-contraception-intro' [translated] -> 29cefaba413a444fa7a56b2dae951a87
DEBUG: activating version dd2e6acea1e04ff6b71807a074ef77f0 with url='http://135.225.105.160:8004/resources/version/dd2e6acea1e04ff6b71807a074ef77f0/status'
  ✓ Activated version: dd2e6acea1e04ff6b71807a074ef77f0
  → POSTing video resource 'res-video-french-modern-contraception-counselling' directly (no global original)
Created resource 'res-video-french-modern-contraception-counselling' [translated] -> 3e1401299ade4432a32ae0326af7450f
DEBUG: activating version 1be92500ad434e5f993e1d8bf3993e46 with url='http://135.225.105.160:8004/resources/version/1be92500ad434e5f993e1d8bf3993e46/status'
  ✓ Activated version: 1be92500ad434e5f993e1d8bf3993e46
  → POSTing video resource 'res-video-french-modern-contraception-contraceptive-methods' directly (no global original)
Created resource 'res-video-french-modern-contraception-contraceptive-methods' [translated] -> 37ffdafd4efb4b41b313a751fef19f04
DEBUG: activating version 9e95e4ec64774856886435f7254ad24e with url='http://135.225.105.160:8004/resources/version/9e95e4ec64774856886435f7254ad24e/status'
  ✓ Activated version: 9e95e4ec64774856886435f7254ad24e
  → POSTing video resource 'res-video-french-modern-contraception-mec' directly (no global original)
Created resource 'res-video-french-modern-contraception-mec' [translated] -> 915c833cd5ee48dbb011cf3911c3b9e5
DEBUG: activating version 98b5be30b2bc41cb9b1366ae94f2822a with url='http://135.225.105.160:8004/resources/version/98b5be30b2bc41cb9b1366ae94f2822a/status'
  ✓ Activated version: 98b5be30b2bc41cb9b1366ae94f2822a
  → POSTing video resource 'res-video-french-modern-contraception-implant-insertion' directly (no global original)
Created resource 'res-video-french-modern-contraception-implant-insertion' [translated] -> 80de8e71db954c1c80ae0cb98974ec5e
DEBUG: activating version 54d48150aabf483c93a2ff8912f0fca3 with url='http://135.225.105.160:8004/resources/version/54d48150aabf483c93a2ff8912f0fca3/status'
  ✓ Activated version: 54d48150aabf483c93a2ff8912f0fca3
  → POSTing video resource 'res-video-french-modern-contraception-implant-removal' directly (no global original)
Created resource 'res-video-french-modern-contraception-implant-removal' [translated] -> 0306f131d1f94b22bef65a7448b5daf7
DEBUG: activating version 64545cb1b3294402b10cb64a95bb7946 with url='http://135.225.105.160:8004/resources/version/64545cb1b3294402b10cb64a95bb7946/status'
  ✓ Activated version: 64545cb1b3294402b10cb64a95bb7946
  → POSTing video resource 'res-video-french-modern-contraception-iud-insertion' directly (no global original)
Created resource 'res-video-french-modern-contraception-iud-insertion' [translated] -> 08708f696aaf4024b12f6ed0f125cd1b
DEBUG: activating version 0afcfd6cf5d6450b837b4bfef02edef3 with url='http://135.225.105.160:8004/resources/version/0afcfd6cf5d6450b837b4bfef02edef3/status'
  ✓ Activated version: 0afcfd6cf5d6450b837b4bfef02edef3
  → POSTing video resource 'res-video-french-modern-contraception-iud-removal' directly (no global original)
Created resource 'res-video-french-modern-contraception-iud-removal' [translated] -> 9480c4ff89404fbda2d5f980bf9bbff0
DEBUG: activating version 5b8d5c01863b498f8075626408f8ddcf with url='http://135.225.105.160:8004/resources/version/5b8d5c01863b498f8075626408f8ddcf/status'
  ✓ Activated version: 5b8d5c01863b498f8075626408f8ddcf
  → POSTing video resource 'res-video-french-neonatal-resuscitation-intro' directly (no global original)
Created resource 'res-video-french-neonatal-resuscitation-intro' [translated] -> cff37a04eadf4f819ebf1db40e18d231
DEBUG: activating version ac4dcfe822af452186ef533eba0f4a5e with url='http://135.225.105.160:8004/resources/version/ac4dcfe822af452186ef533eba0f4a5e/status'
  ✓ Activated version: ac4dcfe822af452186ef533eba0f4a5e
  → POSTing video resource 'res-video-french-neonatal-resuscitation-assess-the-baby' directly (no global original)
Created resource 'res-video-french-neonatal-resuscitation-assess-the-baby' [translated] -> 58d15896d2964fb1984c5ab077fcdd0e
DEBUG: activating version 5ba2a52bc2f8492aa8a769d25fc69fcb with url='http://135.225.105.160:8004/resources/version/5ba2a52bc2f8492aa8a769d25fc69fcb/status'
  ✓ Activated version: 5ba2a52bc2f8492aa8a769d25fc69fcb
  → POSTing video resource 'res-video-french-neonatal-resuscitation-airway' directly (no global original)
Created resource 'res-video-french-neonatal-resuscitation-airway' [translated] -> 70dc1b91c5df4e9999ad607844a075bc
DEBUG: activating version 10e14de317a244b781c0e1ca9bb98578 with url='http://135.225.105.160:8004/resources/version/10e14de317a244b781c0e1ca9bb98578/status'
  ✓ Activated version: 10e14de317a244b781c0e1ca9bb98578
  → POSTing video resource 'res-video-french-neonatal-resuscitation-when-to-stop-resuscitation' directly (no global original)
Created resource 'res-video-french-neonatal-resuscitation-when-to-stop-resuscitation' [translated] -> fc659389d9d640d4a064f8f834acbcea
DEBUG: activating version 05e4787e6bcb46ebb463e7d64a1bff04 with url='http://135.225.105.160:8004/resources/version/05e4787e6bcb46ebb463e7d64a1bff04/status'
  ✓ Activated version: 05e4787e6bcb46ebb463e7d64a1bff04
  → POSTing video resource 'res-video-french-neonatal-resuscitation-monitoring' directly (no global original)
Created resource 'res-video-french-neonatal-resuscitation-monitoring' [translated] -> 749dff1422434e59b57788c3e3b2c06a
DEBUG: activating version fd5abd7decb54f5daea56df912eb092f with url='http://135.225.105.160:8004/resources/version/fd5abd7decb54f5daea56df912eb092f/status'
  ✓ Activated version: fd5abd7decb54f5daea56df912eb092f
  → POSTing video resource 'res-video-french-newborn-management-intro' directly (no global original)
Created resource 'res-video-french-newborn-management-intro' [translated] -> acfe2ceb56e94cdcb2c86a43889cbcbd
DEBUG: activating version 3cc7c106dad0462abdd337a282b7bb94 with url='http://135.225.105.160:8004/resources/version/3cc7c106dad0462abdd337a282b7bb94/status'
  ✓ Activated version: 3cc7c106dad0462abdd337a282b7bb94
  → POSTing video resource 'res-video-french-newborn-management-prevention' directly (no global original)
Created resource 'res-video-french-newborn-management-prevention' [translated] -> af8269b3c04f41359bf04d60262238e9
DEBUG: activating version f23a3c34989649d3a5b7f6e91d43728d with url='http://135.225.105.160:8004/resources/version/f23a3c34989649d3a5b7f6e91d43728d/status'
  ✓ Activated version: f23a3c34989649d3a5b7f6e91d43728d
  → POSTing video resource 'res-video-french-newborn-management-initial-care-of-the-newborn' directly (no global original)
Created resource 'res-video-french-newborn-management-initial-care-of-the-newborn' [translated] -> 1a0f83bc78014d50ac96a56e132d3cee
DEBUG: activating version 97bf961e28fd4c5fb39639e5d0b5431d with url='http://135.225.105.160:8004/resources/version/97bf961e28fd4c5fb39639e5d0b5431d/status'
  ✓ Activated version: 97bf961e28fd4c5fb39639e5d0b5431d
  → POSTing video resource 'res-video-french-newborn-management-danger-signs' directly (no global original)
Created resource 'res-video-french-newborn-management-danger-signs' [translated] -> f0a1904b82f040368836dc25109d15ce
DEBUG: activating version f5bb8bdd0c1444f5a236ba3a640e19bf with url='http://135.225.105.160:8004/resources/version/f5bb8bdd0c1444f5a236ba3a640e19bf/status'
  ✓ Activated version: f5bb8bdd0c1444f5a236ba3a640e19bf
  → POSTing video resource 'res-video-french-newborn-management-referral' directly (no global original)
Created resource 'res-video-french-newborn-management-referral' [translated] -> 016caed084934daf96ef61c866285484
DEBUG: activating version 269a10000e7d488c8c24ea53d6a9c923 with url='http://135.225.105.160:8004/resources/version/269a10000e7d488c8c24ea53d6a9c923/status'
  ✓ Activated version: 269a10000e7d488c8c24ea53d6a9c923
  → POSTing video resource 'res-video-french-normal-labour-and-birth-intro' directly (no global original)
Created resource 'res-video-french-normal-labour-and-birth-intro' [translated] -> d9eea2d2accb42d7adb2c6353e280b10
DEBUG: activating version 607ebec6f96d420da7103b30aab5e16b with url='http://135.225.105.160:8004/resources/version/607ebec6f96d420da7103b30aab5e16b/status'
  ✓ Activated version: 607ebec6f96d420da7103b30aab5e16b
  → POSTing video resource 'res-video-french-normal-labour-and-birth-respectful-care' directly (no global original)
Created resource 'res-video-french-normal-labour-and-birth-respectful-care' [translated] -> 1791fe51854744a0a6daa12508e33b86
DEBUG: activating version a66045442fe54a19885abf555d12e6fe with url='http://135.225.105.160:8004/resources/version/a66045442fe54a19885abf555d12e6fe/status'
  ✓ Activated version: a66045442fe54a19885abf555d12e6fe
  → POSTing video resource 'res-video-french-normal-labour-and-birth-initial-assessment' directly (no global original)
Created resource 'res-video-french-normal-labour-and-birth-initial-assessment' [translated] -> 787c16c7e04f419d8004c4a58ccc63a4
DEBUG: activating version a8312aea733347ec8067a7ffaa3bd6f6 with url='http://135.225.105.160:8004/resources/version/a8312aea733347ec8067a7ffaa3bd6f6/status'
  ✓ Activated version: a8312aea733347ec8067a7ffaa3bd6f6
  → POSTing video resource 'res-video-french-normal-labour-and-birth-1st-stage-latent-phase' directly (no global original)
Created resource 'res-video-french-normal-labour-and-birth-1st-stage-latent-phase' [translated] -> c81b7d5cddc3409889284c77e26b726b
DEBUG: activating version a8bc1c50251341929cad37f32d017023 with url='http://135.225.105.160:8004/resources/version/a8bc1c50251341929cad37f32d017023/status'
  ✓ Activated version: a8bc1c50251341929cad37f32d017023
  → POSTing video resource 'res-video-french-normal-labour-and-birth-1st-stage-active-phase' directly (no global original)
Created resource 'res-video-french-normal-labour-and-birth-1st-stage-active-phase' [translated] -> f67eda5e116d4bde8f4fb3455a6fc77b
DEBUG: activating version e5abac22323b4461b32b22d146142cbc with url='http://135.225.105.160:8004/resources/version/e5abac22323b4461b32b22d146142cbc/status'
  ✓ Activated version: e5abac22323b4461b32b22d146142cbc
  → POSTing video resource 'res-video-french-normal-labour-and-birth-support' directly (no global original)
Created resource 'res-video-french-normal-labour-and-birth-support' [translated] -> 069d3da3e3c54073a4b0cd11fb4446ff
DEBUG: activating version 7ef08a726ee54be2b003a75110cd0202 with url='http://135.225.105.160:8004/resources/version/7ef08a726ee54be2b003a75110cd0202/status'
  ✓ Activated version: 7ef08a726ee54be2b003a75110cd0202
  → POSTing video resource 'res-video-french-normal-labour-and-birth-2nd-stage-cervix-fully-dilated' directly (no global original)
Created resource 'res-video-french-normal-labour-and-birth-2nd-stage-cervix-fully-dilated' [translated] -> 0eba045fc12349de8d0a99e390d6f945
DEBUG: activating version ed936378031145c8ac24ef7ae423f175 with url='http://135.225.105.160:8004/resources/version/ed936378031145c8ac24ef7ae423f175/status'
  ✓ Activated version: ed936378031145c8ac24ef7ae423f175
  → POSTing video resource 'res-video-french-normal-labour-and-birth-2nd-stage-delivering-the-baby' directly (no global original)
Created resource 'res-video-french-normal-labour-and-birth-2nd-stage-delivering-the-baby' [translated] -> 4170c362f54a4f4eb7235bcaa110c774
DEBUG: activating version c97dc9cf699f40b0847fe0049dae02fe with url='http://135.225.105.160:8004/resources/version/c97dc9cf699f40b0847fe0049dae02fe/status'
  ✓ Activated version: c97dc9cf699f40b0847fe0049dae02fe
  → POSTing video resource 'res-video-french-perinatal-mental-health-intro' directly (no global original)
Created resource 'res-video-french-perinatal-mental-health-intro' [translated] -> ae91d10673b44faf85460ac68eb51014
DEBUG: activating version 4ab8e5b4284c45449daa8eaf6af27d7d with url='http://135.225.105.160:8004/resources/version/4ab8e5b4284c45449daa8eaf6af27d7d/status'
  ✓ Activated version: 4ab8e5b4284c45449daa8eaf6af27d7d
  → POSTing video resource 'res-video-french-perinatal-mental-health-risk-factors' directly (no global original)
Created resource 'res-video-french-perinatal-mental-health-risk-factors' [translated] -> 5d3c1811553948a783cfd5ffc8f6b02b
DEBUG: activating version ef32e7b625524562a417f1b29b2c21fe with url='http://135.225.105.160:8004/resources/version/ef32e7b625524562a417f1b29b2c21fe/status'
  ✓ Activated version: ef32e7b625524562a417f1b29b2c21fe
  → POSTing video resource 'res-video-french-perinatal-mental-health-barriers-to-seeking-care' directly (no global original)
Created resource 'res-video-french-perinatal-mental-health-barriers-to-seeking-care' [translated] -> 500b451dfbc847a0ba4df0533ed28a8e
DEBUG: activating version a0958189a5ca4a3cb9dc8b2f3cb8b846 with url='http://135.225.105.160:8004/resources/version/a0958189a5ca4a3cb9dc8b2f3cb8b846/status'
  ✓ Activated version: a0958189a5ca4a3cb9dc8b2f3cb8b846
  → POSTing video resource 'res-video-french-perinatal-mental-health-diagnosis-symptoms' directly (no global original)
Created resource 'res-video-french-perinatal-mental-health-diagnosis-symptoms' [translated] -> 86ea9520ba4c41489ef03121048d2810
DEBUG: activating version d8e5938b4ffb4223b2bcf0643545dad4 with url='http://135.225.105.160:8004/resources/version/d8e5938b4ffb4223b2bcf0643545dad4/status'
  ✓ Activated version: d8e5938b4ffb4223b2bcf0643545dad4
  → POSTing video resource 'res-video-french-perinatal-mental-health-screening' directly (no global original)
Created resource 'res-video-french-perinatal-mental-health-screening' [translated] -> 2b5b4be65fff44f2bb76a34d7f015885
DEBUG: activating version ebd14be2e77a49058ab64e3135b31dc2 with url='http://135.225.105.160:8004/resources/version/ebd14be2e77a49058ab64e3135b31dc2/status'
  ✓ Activated version: ebd14be2e77a49058ab64e3135b31dc2
  → POSTing video resource 'res-video-french-perinatal-mental-health-prevention-and-treatment' directly (no global original)
Created resource 'res-video-french-perinatal-mental-health-prevention-and-treatment' [translated] -> 81eefbc76cc44ebbb8a1c6aa1c794cc2
DEBUG: activating version 7c24d268c8a34d338375cd51cc698f73 with url='http://135.225.105.160:8004/resources/version/7c24d268c8a34d338375cd51cc698f73/status'
  ✓ Activated version: 7c24d268c8a34d338375cd51cc698f73
  → POSTing video resource 'res-video-french-perinatal-mental-health-medicatons' directly (no global original)
Created resource 'res-video-french-perinatal-mental-health-medicatons' [translated] -> ee5d77827ff64db58966aeaa596e11cd
DEBUG: activating version f8fc213f750d468daa6e4df6b10d3d81 with url='http://135.225.105.160:8004/resources/version/f8fc213f750d468daa6e4df6b10d3d81/status'
  ✓ Activated version: f8fc213f750d468daa6e4df6b10d3d81
  → POSTing video resource 'res-video-french-perinatal-mental-health-caring-for-the-carer' directly (no global original)
Created resource 'res-video-french-perinatal-mental-health-caring-for-the-carer' [translated] -> 5ff5a6966b214fd8ac28d8e654befa08
DEBUG: activating version 920ec384a3064e81a1a9d4b3ec6e5ed8 with url='http://135.225.105.160:8004/resources/version/920ec384a3064e81a1a9d4b3ec6e5ed8/status'
  ✓ Activated version: 920ec384a3064e81a1a9d4b3ec6e5ed8
  → POSTing video resource 'res-video-french-post-abortion-care-intro' directly (no global original)
Created resource 'res-video-french-post-abortion-care-intro' [translated] -> b613506e584f4c56830da8131a490e16
DEBUG: activating version 3ab07f57c71b46b682bc3c1da08c7a14 with url='http://135.225.105.160:8004/resources/version/3ab07f57c71b46b682bc3c1da08c7a14/status'
  ✓ Activated version: 3ab07f57c71b46b682bc3c1da08c7a14
  → POSTing video resource 'res-video-french-post-abortion-care-how-to-diagnose' directly (no global original)
Created resource 'res-video-french-post-abortion-care-how-to-diagnose' [translated] -> efb52ede67e64da39b67577540e8be1c
DEBUG: activating version 9749a4bab96d4bc1961b55dc8ab412d4 with url='http://135.225.105.160:8004/resources/version/9749a4bab96d4bc1961b55dc8ab412d4/status'
  ✓ Activated version: 9749a4bab96d4bc1961b55dc8ab412d4
  → POSTing video resource 'res-video-french-post-abortion-care-how-to-manage' directly (no global original)
Created resource 'res-video-french-post-abortion-care-how-to-manage' [translated] -> 4fea64f1e0414966a5afe7c6c7533805
DEBUG: activating version ef1bd0c4861644339d9eade18e24384c with url='http://135.225.105.160:8004/resources/version/ef1bd0c4861644339d9eade18e24384c/status'
  ✓ Activated version: ef1bd0c4861644339d9eade18e24384c
  → POSTing video resource 'res-video-french-post-abortion-care-evacuation-of-the-uterus' directly (no global original)
Created resource 'res-video-french-post-abortion-care-evacuation-of-the-uterus' [translated] -> 6f57df9695d240a199e189479b7177a3
DEBUG: activating version 3a46773e596948c6af81c8f78ad660fe with url='http://135.225.105.160:8004/resources/version/3a46773e596948c6af81c8f78ad660fe/status'
  ✓ Activated version: 3a46773e596948c6af81c8f78ad660fe
  → POSTing video resource 'res-video-french-post-abortion-care-manual-vacuum-aspiration' directly (no global original)
Created resource 'res-video-french-post-abortion-care-manual-vacuum-aspiration' [translated] -> e7f4d617774541a2b145bb87c563b6af
DEBUG: activating version 5a1564fff62a4e63ba7218480bff00b8 with url='http://135.225.105.160:8004/resources/version/5a1564fff62a4e63ba7218480bff00b8/status'
  ✓ Activated version: 5a1564fff62a4e63ba7218480bff00b8
  → POSTing video resource 'res-video-french-post-partum-hemorrhage-intro' directly (no global original)
Created resource 'res-video-french-post-partum-hemorrhage-intro' [translated] -> 93f2565801e64ce3b108ab788dcee4a4
DEBUG: activating version d40aa6de6cc44aaf93f4237bbdfec0e0 with url='http://135.225.105.160:8004/resources/version/d40aa6de6cc44aaf93f4237bbdfec0e0/status'
  ✓ Activated version: d40aa6de6cc44aaf93f4237bbdfec0e0
  → POSTing video resource 'res-video-french-post-partum-hemorrhage-causes-of-bleeding' directly (no global original)
Created resource 'res-video-french-post-partum-hemorrhage-causes-of-bleeding' [translated] -> 091bbbbed195479e9a94190d778bcd11
DEBUG: activating version 888f6f8e45684d778ba7b9c40f4f2b92 with url='http://135.225.105.160:8004/resources/version/888f6f8e45684d778ba7b9c40f4f2b92/status'
  ✓ Activated version: 888f6f8e45684d778ba7b9c40f4f2b92
  → POSTing video resource 'res-video-french-post-partum-hemorrhage-immediate-management' directly (no global original)
Created resource 'res-video-french-post-partum-hemorrhage-immediate-management' [translated] -> a126637244e445879d859e2c1b9fee07
DEBUG: activating version 5d93ce4a9cf5472388cc8f7096e32345 with url='http://135.225.105.160:8004/resources/version/5d93ce4a9cf5472388cc8f7096e32345/status'
  ✓ Activated version: 5d93ce4a9cf5472388cc8f7096e32345
  → POSTing video resource 'res-video-french-post-partum-hemorrhage-bimanual-compression' directly (no global original)
Created resource 'res-video-french-post-partum-hemorrhage-bimanual-compression' [translated] -> cc447d26a52a4ef3b05060c11205bbf9
DEBUG: activating version 70160353bcd54c95a26dcd37cf40b95c with url='http://135.225.105.160:8004/resources/version/70160353bcd54c95a26dcd37cf40b95c/status'
  ✓ Activated version: 70160353bcd54c95a26dcd37cf40b95c
  → POSTing video resource 'res-video-french-post-partum-hemorrhage-aorta-compression' directly (no global original)
Created resource 'res-video-french-post-partum-hemorrhage-aorta-compression' [translated] -> 2178154060bc487996abda05693c2a50
DEBUG: activating version 5fc644ddad7c4cabb74e7d0d8d59c2bb with url='http://135.225.105.160:8004/resources/version/5fc644ddad7c4cabb74e7d0d8d59c2bb/status'
  ✓ Activated version: 5fc644ddad7c4cabb74e7d0d8d59c2bb
  → POSTing video resource 'res-video-french-post-partum-hemorrhage-uterine-balloon-tamponade' directly (no global original)
Created resource 'res-video-french-post-partum-hemorrhage-uterine-balloon-tamponade' [translated] -> 0eda48a5e7cb4d2d963850406d1c37e3
DEBUG: activating version 22605ed54ae24ed88e5a1f1eaaa70b53 with url='http://135.225.105.160:8004/resources/version/22605ed54ae24ed88e5a1f1eaaa70b53/status'
  ✓ Activated version: 22605ed54ae24ed88e5a1f1eaaa70b53
  → POSTing video resource 'res-video-french-post-partum-hemorrhage-bleeding-tears' directly (no global original)
Created resource 'res-video-french-post-partum-hemorrhage-bleeding-tears' [translated] -> 24df607ddc5a416fb2b71893a078caef
DEBUG: activating version 6b5881dfed76436aa3889ee120e53fbc with url='http://135.225.105.160:8004/resources/version/6b5881dfed76436aa3889ee120e53fbc/status'
  ✓ Activated version: 6b5881dfed76436aa3889ee120e53fbc
  → POSTing video resource 'res-video-french-post-partum-hemorrhage-retained-placenta-fragments' directly (no global original)
Created resource 'res-video-french-post-partum-hemorrhage-retained-placenta-fragments' [translated] -> dc62749925154c80bf51a94445d6aa2a
DEBUG: activating version 12928969de614e5a82c865a702c4114b with url='http://135.225.105.160:8004/resources/version/12928969de614e5a82c865a702c4114b/status'
  ✓ Activated version: 12928969de614e5a82c865a702c4114b
  → POSTing video resource 'res-video-french-post-partum-hemorrhage-emergency-management-for-shock' directly (no global original)
Created resource 'res-video-french-post-partum-hemorrhage-emergency-management-for-shock' [translated] -> 92bc488b29f8438190091f77b24d7b83
DEBUG: activating version 966c1b42cef14ec19fb0f1051008e1e3 with url='http://135.225.105.160:8004/resources/version/966c1b42cef14ec19fb0f1051008e1e3/status'
  ✓ Activated version: 966c1b42cef14ec19fb0f1051008e1e3
  → POSTing video resource 'res-video-french-post-partum-hemorrhage-monitoring-after-bleeding' directly (no global original)
Created resource 'res-video-french-post-partum-hemorrhage-monitoring-after-bleeding' [translated] -> 9603b61e809f42eab083ae9abe50a2c5
DEBUG: activating version d905769c79754307afbd024ec099fc6c with url='http://135.225.105.160:8004/resources/version/d905769c79754307afbd024ec099fc6c/status'
  ✓ Activated version: d905769c79754307afbd024ec099fc6c
  → POSTing video resource 'res-video-french-postnatal-care-intro' directly (no global original)
Created resource 'res-video-french-postnatal-care-intro' [translated] -> 5f7a5962460c44858d36645257e942dc
DEBUG: activating version b9f30a42c7d34ea08449c5e86f0b7fc2 with url='http://135.225.105.160:8004/resources/version/b9f30a42c7d34ea08449c5e86f0b7fc2/status'
  ✓ Activated version: b9f30a42c7d34ea08449c5e86f0b7fc2
  → POSTing video resource 'res-video-french-postnatal-care-postnatal-care-schedule' directly (no global original)
Created resource 'res-video-french-postnatal-care-postnatal-care-schedule' [translated] -> e9ce38d889a3428f86bdc335de40a79b
DEBUG: activating version fbbb0e14851c4bc5aa50e5bcd96b6742 with url='http://135.225.105.160:8004/resources/version/fbbb0e14851c4bc5aa50e5bcd96b6742/status'
  ✓ Activated version: fbbb0e14851c4bc5aa50e5bcd96b6742
  → POSTing video resource 'res-video-french-postnatal-care-initial-postnatal-assessment' directly (no global original)
Created resource 'res-video-french-postnatal-care-initial-postnatal-assessment' [translated] -> e34a3504c6b14e2b8253ab80d40ef402
DEBUG: activating version 6b3c31bd5fde4572918e0e187aa48d27 with url='http://135.225.105.160:8004/resources/version/6b3c31bd5fde4572918e0e187aa48d27/status'
  ✓ Activated version: 6b3c31bd5fde4572918e0e187aa48d27
  → POSTing video resource 'res-video-french-postnatal-care-postnatal-care-counselling' directly (no global original)
Created resource 'res-video-french-postnatal-care-postnatal-care-counselling' [translated] -> a0bd5abb70ae4edeb0744ccac91da1af
DEBUG: activating version 438655c6f920417cb6c889ed9d15b56a with url='http://135.225.105.160:8004/resources/version/438655c6f920417cb6c889ed9d15b56a/status'
  ✓ Activated version: 438655c6f920417cb6c889ed9d15b56a
  → POSTing video resource 'res-video-french-postnatal-care-routine-postnatal-assessment-and-care' directly (no global original)
Created resource 'res-video-french-postnatal-care-routine-postnatal-assessment-and-care' [translated] -> 782c3bebff33430487d47b87fdd9bca7
DEBUG: activating version 0a02b14e377748bd9248492d64b95fb6 with url='http://135.225.105.160:8004/resources/version/0a02b14e377748bd9248492d64b95fb6/status'
  ✓ Activated version: 0a02b14e377748bd9248492d64b95fb6
  → POSTing video resource 'res-video-french-postnatal-care-postnatal-pain-management' directly (no global original)
Created resource 'res-video-french-postnatal-care-postnatal-pain-management' [translated] -> 30753d0c43064c829cc1a4ace0f79379
DEBUG: activating version 1a30718fdb494f59ae55f76da776752c with url='http://135.225.105.160:8004/resources/version/1a30718fdb494f59ae55f76da776752c/status'
  ✓ Activated version: 1a30718fdb494f59ae55f76da776752c
  → POSTing video resource 'res-video-french-postnatal-care-care-of-the-newborn' directly (no global original)
Created resource 'res-video-french-postnatal-care-care-of-the-newborn' [translated] -> 8adcaeadb1694ec58ee7c7f095f0b964
DEBUG: activating version db7788b92f74461b84b8935eccbbd3e2 with url='http://135.225.105.160:8004/resources/version/db7788b92f74461b84b8935eccbbd3e2/status'
  ✓ Activated version: db7788b92f74461b84b8935eccbbd3e2
  → POSTing video resource 'res-video-french-postnatal-care-routine-assessment-of-the-newborn' directly (no global original)
Created resource 'res-video-french-postnatal-care-routine-assessment-of-the-newborn' [translated] -> 1fb356a12e0643be87040e80fb2f218a
DEBUG: activating version fe2f2915e08843c483ac2a97a0bda910 with url='http://135.225.105.160:8004/resources/version/fe2f2915e08843c483ac2a97a0bda910/status'
  ✓ Activated version: fe2f2915e08843c483ac2a97a0bda910
  → POSTing video resource 'res-video-french-postnatal-care-newborn-care-counselling' directly (no global original)
Created resource 'res-video-french-postnatal-care-newborn-care-counselling' [translated] -> 272dcfc8d89f449aa3aaafc89380ef8a
DEBUG: activating version 6bec6f14896141e888d755d598d2377d with url='http://135.225.105.160:8004/resources/version/6bec6f14896141e888d755d598d2377d/status'
  ✓ Activated version: 6bec6f14896141e888d755d598d2377d
  → POSTing video resource 'res-video-french-prolonged-labour-intro' directly (no global original)
Created resource 'res-video-french-prolonged-labour-intro' [translated] -> be2293788ca74802bbcdabba59c2f53c
DEBUG: activating version e24f731d599c4325b3e64d0e6f9ff4f7 with url='http://135.225.105.160:8004/resources/version/e24f731d599c4325b3e64d0e6f9ff4f7/status'
  ✓ Activated version: e24f731d599c4325b3e64d0e6f9ff4f7
  → POSTing video resource 'res-video-french-prolonged-labour-causes' directly (no global original)
Created resource 'res-video-french-prolonged-labour-causes' [translated] -> 1d0468a0d3d74a6497f1e5aaf97a7c31
DEBUG: activating version e12b1bd6e5934d6d9822f7e677580375 with url='http://135.225.105.160:8004/resources/version/e12b1bd6e5934d6d9822f7e677580375/status'
  ✓ Activated version: e12b1bd6e5934d6d9822f7e677580375
  → POSTing video resource 'res-video-french-prolonged-labour-1st-stage-latent-phase' directly (no global original)
Created resource 'res-video-french-prolonged-labour-1st-stage-latent-phase' [translated] -> 0b8875887f904e48bfcefb61103785be
DEBUG: activating version bd9d8f030fdd4cfeaacbf2a042ba230d with url='http://135.225.105.160:8004/resources/version/bd9d8f030fdd4cfeaacbf2a042ba230d/status'
  ✓ Activated version: bd9d8f030fdd4cfeaacbf2a042ba230d
  → POSTing video resource 'res-video-french-prolonged-labour-1st-stage-active-phase' directly (no global original)
Created resource 'res-video-french-prolonged-labour-1st-stage-active-phase' [translated] -> 9ee36183c558413085a2c9c4448dd579
DEBUG: activating version 096d1cdcd187401186f2d1b7800c10dd with url='http://135.225.105.160:8004/resources/version/096d1cdcd187401186f2d1b7800c10dd/status'
  ✓ Activated version: 096d1cdcd187401186f2d1b7800c10dd
  → POSTing video resource 'res-video-french-prolonged-labour-2nd-stage-prolonged' directly (no global original)
Created resource 'res-video-french-prolonged-labour-2nd-stage-prolonged' [translated] -> bb2083d26fbb4301aa0d95ce4769e601
DEBUG: activating version 1457f39b595c47ffb0ace2a444d0fa43 with url='http://135.225.105.160:8004/resources/version/1457f39b595c47ffb0ace2a444d0fa43/status'
  ✓ Activated version: 1457f39b595c47ffb0ace2a444d0fa43
  → POSTing video resource 'res-video-french-prolonged-labour-2nd-stage-vacuum-extraction' directly (no global original)
Created resource 'res-video-french-prolonged-labour-2nd-stage-vacuum-extraction' [translated] -> 69a9e313b9f9453e9a4d94cd3fa92895
DEBUG: activating version 7203f339c0d34df8a9684a66e76cd86b with url='http://135.225.105.160:8004/resources/version/7203f339c0d34df8a9684a66e76cd86b/status'
  ✓ Activated version: 7203f339c0d34df8a9684a66e76cd86b
  → POSTing video resource 'res-video-french-safe-abortion-intro' directly (no global original)
Created resource 'res-video-french-safe-abortion-intro' [translated] -> 7134b8e6a8194201bbf75b55c0f0e8b9
DEBUG: activating version 4662b99adf4745d7a08d06d482d36a7a with url='http://135.225.105.160:8004/resources/version/4662b99adf4745d7a08d06d482d36a7a/status'
  ✓ Activated version: 4662b99adf4745d7a08d06d482d36a7a
  → POSTing video resource 'res-video-french-safe-abortion-pre-abortion-care' directly (no global original)
Created resource 'res-video-french-safe-abortion-pre-abortion-care' [translated] -> 8f90e7ac3538478786294db9d325e3cb
DEBUG: activating version f41e41fb97dc41e5b96651a100194965 with url='http://135.225.105.160:8004/resources/version/f41e41fb97dc41e5b96651a100194965/status'
  ✓ Activated version: f41e41fb97dc41e5b96651a100194965
  → POSTing video resource 'res-video-french-safe-abortion-medical-abortion' directly (no global original)
Created resource 'res-video-french-safe-abortion-medical-abortion' [translated] -> 2b054c7369714b59a71db5cbd4fb3732
DEBUG: activating version 768acf6a60b841f49e9e0908a57b2418 with url='http://135.225.105.160:8004/resources/version/768acf6a60b841f49e9e0908a57b2418/status'
  ✓ Activated version: 768acf6a60b841f49e9e0908a57b2418
  → POSTing video resource 'res-video-french-safe-abortion-surgical-abortion' directly (no global original)
Created resource 'res-video-french-safe-abortion-surgical-abortion' [translated] -> 2595833018e64bac98785b0229fb4441
DEBUG: activating version 236139098fc049edb21a230ba695fe12 with url='http://135.225.105.160:8004/resources/version/236139098fc049edb21a230ba695fe12/status'
  ✓ Activated version: 236139098fc049edb21a230ba695fe12
  → POSTing video resource 'res-video-french-safe-abortion-abortion-complication' directly (no global original)
Created resource 'res-video-french-safe-abortion-abortion-complication' [translated] -> 8eaf877687494f9f95de1e2598ccc591
DEBUG: activating version 5244db67a5924f05836d2f5794429f43 with url='http://135.225.105.160:8004/resources/version/5244db67a5924f05836d2f5794429f43/status'
  ✓ Activated version: 5244db67a5924f05836d2f5794429f43
  → POSTing video resource 'res-video-french-safe-abortion-before-discharge' directly (no global original)
Created resource 'res-video-french-safe-abortion-before-discharge' [translated] -> e4a5d4ef8c14411a8c55354a610b6199
DEBUG: activating version 82f9a433d45e4a2b97740514c55ffde1 with url='http://135.225.105.160:8004/resources/version/82f9a433d45e4a2b97740514c55ffde1/status'
  ✓ Activated version: 82f9a433d45e4a2b97740514c55ffde1
Updated resource 'res-drug-antibiotic-eye-drops' [translated] -> 40428433842b487ba5ddb19081152bf6
DEBUG: activating version 613d23aa66424e2eb905931f76939250 with url='http://135.225.105.160:8004/resources/version/613d23aa66424e2eb905931f76939250/status'
  ✓ Activated version: 613d23aa66424e2eb905931f76939250
Updated resource 'res-drug-misoprostol' [translated] -> 251a488f0e974e4087f90ec47db28eb2
DEBUG: activating version 06f40f200a6f4cf68d8650c8f3614457 with url='http://135.225.105.160:8004/resources/version/06f40f200a6f4cf68d8650c8f3614457/status'
  ✓ Activated version: 06f40f200a6f4cf68d8650c8f3614457
Updated resource 'res-drug-oxytocin' [translated] -> d93a6d3a36b142629e012b0653760f75
DEBUG: activating version e69504c8bfec4f4b91659a712a6fec7e with url='http://135.225.105.160:8004/resources/version/e69504c8bfec4f4b91659a712a6fec7e/status'
  ✓ Activated version: e69504c8bfec4f4b91659a712a6fec7e
Updated resource 'res-drug-ergometrine' [translated] -> 97fa3686c4ea422294a63bc1f24d856d
DEBUG: activating version c9757c8dff574d20a1a51b7c23113f3c with url='http://135.225.105.160:8004/resources/version/c9757c8dff574d20a1a51b7c23113f3c/status'
  ✓ Activated version: c9757c8dff574d20a1a51b7c23113f3c
Updated resource 'res-drug-vitamin-k' [translated] -> 145cd6f960234df8b184e981b15ec284
DEBUG: activating version b6f1eda5a83d422fa59c813fe7f5eeb6 with url='http://135.225.105.160:8004/resources/version/b6f1eda5a83d422fa59c813fe7f5eeb6/status'
  ✓ Activated version: b6f1eda5a83d422fa59c813fe7f5eeb6
Updated resource 'res-drug-chlorhexidine' [translated] -> 882622b0def64310b56d5cec68676b56
DEBUG: activating version 5bb3f088907a4263bb96fe10c500e665 with url='http://135.225.105.160:8004/resources/version/5bb3f088907a4263bb96fe10c500e665/status'
  ✓ Activated version: 5bb3f088907a4263bb96fe10c500e665
Updated resource 'res-drug-carbetocin' [translated] -> bafc8a8c7d644209881f0fdbede3c26f
DEBUG: activating version c6567d597d5746e2839f743da034106f with url='http://135.225.105.160:8004/resources/version/c6567d597d5746e2839f743da034106f/status'
  ✓ Activated version: c6567d597d5746e2839f743da034106f
Updated resource 'res-drug-amoxicillin' [translated] -> f0c4dfc2c7524d209a1225c355c0f47d
DEBUG: activating version 7823696a026d4feab69f166d7c477cd1 with url='http://135.225.105.160:8004/resources/version/7823696a026d4feab69f166d7c477cd1/status'
  ✓ Activated version: 7823696a026d4feab69f166d7c477cd1
Updated resource 'res-drug-ampicillin' [translated] -> a6220d8a938e459ab837f9cb79b2b9ef
DEBUG: activating version 8e5c885442ca49f3a0caeb3423794db7 with url='http://135.225.105.160:8004/resources/version/8e5c885442ca49f3a0caeb3423794db7/status'
  ✓ Activated version: 8e5c885442ca49f3a0caeb3423794db7
Updated resource 'res-drug-betamethasone' [translated] -> c951943a119c490da993f3cadaf942a1
DEBUG: activating version 2dc10160f4e947878eda27f30b6a4121 with url='http://135.225.105.160:8004/resources/version/2dc10160f4e947878eda27f30b6a4121/status'
  ✓ Activated version: 2dc10160f4e947878eda27f30b6a4121
Updated resource 'res-drug-cefotaxime' [translated] -> 2f29b81886f9424f9c11c1eace448254
DEBUG: activating version f87fdbc75ab54493bcdd886545ada0e1 with url='http://135.225.105.160:8004/resources/version/f87fdbc75ab54493bcdd886545ada0e1/status'
  ✓ Activated version: f87fdbc75ab54493bcdd886545ada0e1
Updated resource 'res-drug-ceftriaxone' [translated] -> 83a0e8ca4e5343f6ba53ce070f4bc9bd
DEBUG: activating version aa744a25a7cf43d38da26180faeddb8f with url='http://135.225.105.160:8004/resources/version/aa744a25a7cf43d38da26180faeddb8f/status'
  ✓ Activated version: aa744a25a7cf43d38da26180faeddb8f
Updated resource 'res-drug-cloxacillin' [translated] -> 0e367b14a785431d85b47b7388a82750
DEBUG: activating version c9d24d7513de4e2a88be19ce1412fc7a with url='http://135.225.105.160:8004/resources/version/c9d24d7513de4e2a88be19ce1412fc7a/status'
  ✓ Activated version: c9d24d7513de4e2a88be19ce1412fc7a
Updated resource 'res-drug-dexamethasone' [translated] -> 97a91a95aaf04ecc9a37165428f94a88
DEBUG: activating version deb9e7af048141ad981ad37101669434 with url='http://135.225.105.160:8004/resources/version/deb9e7af048141ad981ad37101669434/status'
  ✓ Activated version: deb9e7af048141ad981ad37101669434
Updated resource 'res-drug-dicloxacillin' [translated] -> 9ef30b0ae528400bba8519a7b0f1118e
DEBUG: activating version 0b1d0e43f7bc4e62b58e3559051f8ff8 with url='http://135.225.105.160:8004/resources/version/0b1d0e43f7bc4e62b58e3559051f8ff8/status'
  ✓ Activated version: 0b1d0e43f7bc4e62b58e3559051f8ff8
Updated resource 'res-drug-erythromycin' [translated] -> 6276c84b3ae147469f1b4c4e2a511dde
DEBUG: activating version d94e2f92afd64306b51cf581eb82be6c with url='http://135.225.105.160:8004/resources/version/d94e2f92afd64306b51cf581eb82be6c/status'
  ✓ Activated version: d94e2f92afd64306b51cf581eb82be6c
Updated resource 'res-drug-flucloxacillin' [translated] -> 8b2a073541374faab3c8a84df0239001
DEBUG: activating version 63bca16d0db24da8a623143c1011a1a8 with url='http://135.225.105.160:8004/resources/version/63bca16d0db24da8a623143c1011a1a8/status'
  ✓ Activated version: 63bca16d0db24da8a623143c1011a1a8
Updated resource 'res-drug-gentamicin' [translated] -> c39c41b857f3415c80dd6a76d2112e85
DEBUG: activating version 529e864910874193b2fa8b69e8f2a686 with url='http://135.225.105.160:8004/resources/version/529e864910874193b2fa8b69e8f2a686/status'
  ✓ Activated version: 529e864910874193b2fa8b69e8f2a686
Updated resource 'res-drug-penicillin-g-benzylpenicillin' [translated] -> 1bbe863a8a254f08891f49eac4103882
DEBUG: activating version 130d7b0182184dbca65d6664be49281b with url='http://135.225.105.160:8004/resources/version/130d7b0182184dbca65d6664be49281b/status'
  ✓ Activated version: 130d7b0182184dbca65d6664be49281b
Updated resource 'res-drug-calcium-supplementation' [translated] -> 306fe1e9a81a4b05a5bfc1175df5733e
DEBUG: activating version e3187cb3d2cf4e92b5c3af00a6edfaa1 with url='http://135.225.105.160:8004/resources/version/e3187cb3d2cf4e92b5c3af00a6edfaa1/status'
  ✓ Activated version: e3187cb3d2cf4e92b5c3af00a6edfaa1
Updated resource 'res-drug-iron-and-folic-acid-supplementation' [translated] -> d30cdce638be43e492b9fbcd6c7b93ee
DEBUG: activating version 39058574dd5c4e09a144357ed3508203 with url='http://135.225.105.160:8004/resources/version/39058574dd5c4e09a144357ed3508203/status'
  ✓ Activated version: 39058574dd5c4e09a144357ed3508203
Updated resource 'res-drug-vitamin-a-supplementation' [translated] -> 827dffc64a444d1bbc33a830f0ef540a
DEBUG: activating version c5720f0411fc44a8a02487f2ab6ae387 with url='http://135.225.105.160:8004/resources/version/c5720f0411fc44a8a02487f2ab6ae387/status'
  ✓ Activated version: c5720f0411fc44a8a02487f2ab6ae387
Updated resource 'res-drug-tetanus-vaccination' [translated] -> be3ea7bdd8054a80887b808bf37fb461
DEBUG: activating version 76d5e501c101492eb79d26d31cde63ca with url='http://135.225.105.160:8004/resources/version/76d5e501c101492eb79d26d31cde63ca/status'
  ✓ Activated version: 76d5e501c101492eb79d26d31cde63ca
Updated resource 'res-drug-albendazole' [translated] -> 8e24c8c2d2114fe9a4ec1283e6869e45
DEBUG: activating version 9b6dfba321f84eb9bc0350cb02312fa9 with url='http://135.225.105.160:8004/resources/version/9b6dfba321f84eb9bc0350cb02312fa9/status'
  ✓ Activated version: 9b6dfba321f84eb9bc0350cb02312fa9
Updated resource 'res-drug-sulfadoxine-pyrimethamine-iptp-sp' [translated] -> 9429b8317dba471f8ee4caade053a6cd
DEBUG: activating version c49b91074d3c41bfa8652ccbec5194d8 with url='http://135.225.105.160:8004/resources/version/c49b91074d3c41bfa8652ccbec5194d8/status'
  ✓ Activated version: c49b91074d3c41bfa8652ccbec5194d8
Updated resource 'res-drug-mebendazole' [translated] -> 55d151345b0b41bcab477d33ef7c8cca
DEBUG: activating version 68ae20da2e3647ed884bd2417c73344e with url='http://135.225.105.160:8004/resources/version/68ae20da2e3647ed884bd2417c73344e/status'
  ✓ Activated version: 68ae20da2e3647ed884bd2417c73344e
Updated resource 'res-drug-pre-exposure-prophylaxis-prep' [translated] -> 621d5061cfbf4e35915780adf4325557
DEBUG: activating version dea77c8bca9b4606b744ddb9aeabc83e with url='http://135.225.105.160:8004/resources/version/dea77c8bca9b4606b744ddb9aeabc83e/status'
  ✓ Activated version: dea77c8bca9b4606b744ddb9aeabc83e
Updated resource 'res-drug-nifedipine' [translated] -> d9be3f6a4679426e9ad419b1577a7805
DEBUG: activating version 3e4c56667bda4f0e82e384258c508daf with url='http://135.225.105.160:8004/resources/version/3e4c56667bda4f0e82e384258c508daf/status'
  ✓ Activated version: 3e4c56667bda4f0e82e384258c508daf
Updated resource 'res-drug-lidocaine' [translated] -> 07ef0e24c77d4c06bbac48b0f1529622
DEBUG: activating version 3f9499df7b27451fb0accaf110fe5ebd with url='http://135.225.105.160:8004/resources/version/3f9499df7b27451fb0accaf110fe5ebd/status'
  ✓ Activated version: 3f9499df7b27451fb0accaf110fe5ebd
Updated resource 'res-drug-paracetamol' [translated] -> f6c3b8bc785b484781c5ae5f8c9a19da
DEBUG: activating version 291e1bf622bd4644b5f7772339fddf15 with url='http://135.225.105.160:8004/resources/version/291e1bf622bd4644b5f7772339fddf15/status'
  ✓ Activated version: 291e1bf622bd4644b5f7772339fddf15
Updated resource 'res-drug-ibuprofen' [translated] -> 098156fb090c4926a5334bb8f43fb4dc
DEBUG: activating version 1fd5d78400d84858a91994dc6ffd06f8 with url='http://135.225.105.160:8004/resources/version/1fd5d78400d84858a91994dc6ffd06f8/status'
  ✓ Activated version: 1fd5d78400d84858a91994dc6ffd06f8
Updated resource 'res-drug-diclofenac' [translated] -> 78b7e6a40737498fbd46efbb183b1c80
DEBUG: activating version d072c63477e64f42984374918b6cac16 with url='http://135.225.105.160:8004/resources/version/d072c63477e64f42984374918b6cac16/status'
  ✓ Activated version: d072c63477e64f42984374918b6cac16
Updated resource 'res-drug-calcium-gluconate' [translated] -> 343b8731cbd944f59aedd82f1f8518b8
DEBUG: activating version 20e38280d71d42c0a93314ddda5cd626 with url='http://135.225.105.160:8004/resources/version/20e38280d71d42c0a93314ddda5cd626/status'
  ✓ Activated version: 20e38280d71d42c0a93314ddda5cd626
Updated resource 'res-drug-hydralazine' [translated] -> ea5d4a3dbdda43a5b0853b463b02b26d
DEBUG: activating version 931055a1b77e46918b2b431f23efee49 with url='http://135.225.105.160:8004/resources/version/931055a1b77e46918b2b431f23efee49/status'
  ✓ Activated version: 931055a1b77e46918b2b431f23efee49
Updated resource 'res-drug-labetalol' [translated] -> 9be45501c02d4828b37fc605c303fc99
DEBUG: activating version 5f1d84b413974763a45b24a4a53e330c with url='http://135.225.105.160:8004/resources/version/5f1d84b413974763a45b24a4a53e330c/status'
  ✓ Activated version: 5f1d84b413974763a45b24a4a53e330c
Updated resource 'res-drug-magnesium-sulphate' [translated] -> c9c78373aa844ba3a3f4e708f2b8ca63
DEBUG: activating version bc4903df94404cf583b895c8df3f8224 with url='http://135.225.105.160:8004/resources/version/bc4903df94404cf583b895c8df3f8224/status'
  ✓ Activated version: bc4903df94404cf583b895c8df3f8224
Updated resource 'res-drug-methyldopa' [translated] -> 7ef9d06343404a1682a1d3e637363ff8
DEBUG: activating version c42be7bef7b3472a8d2d4a5cee850097 with url='http://135.225.105.160:8004/resources/version/c42be7bef7b3472a8d2d4a5cee850097/status'
  ✓ Activated version: c42be7bef7b3472a8d2d4a5cee850097
Updated resource 'res-drug-dexamethasone' [translated] -> 97a91a95aaf04ecc9a37165428f94a88
DEBUG: activating version 5a9316eb85164905a433c3180b3f3477 with url='http://135.225.105.160:8004/resources/version/5a9316eb85164905a433c3180b3f3477/status'
  ✓ Activated version: 5a9316eb85164905a433c3180b3f3477
Updated resource 'res-drug-lidocaine' [translated] -> 07ef0e24c77d4c06bbac48b0f1529622
DEBUG: activating version bbeed8e501de430bbe5d30167c6c80f1 with url='http://135.225.105.160:8004/resources/version/bbeed8e501de430bbe5d30167c6c80f1/status'
  ✓ Activated version: bbeed8e501de430bbe5d30167c6c80f1
Updated resource 'res-drug-nifedipine' [translated] -> d9be3f6a4679426e9ad419b1577a7805
DEBUG: activating version b5b5aeaee6de468d82040a262d168a0b with url='http://135.225.105.160:8004/resources/version/b5b5aeaee6de468d82040a262d168a0b/status'
  ✓ Activated version: b5b5aeaee6de468d82040a262d168a0b
Updated resource 'res-drug-post-exposure-prophylaxis-pep' [translated] -> 0ad2a7a14a824d1fbf7563826d3fc358
DEBUG: activating version d05013b64f75414bb455c5a937d901cb with url='http://135.225.105.160:8004/resources/version/d05013b64f75414bb455c5a937d901cb/status'
  ✓ Activated version: d05013b64f75414bb455c5a937d901cb
Updated resource 'res-drug-ampicillin' [translated] -> a6220d8a938e459ab837f9cb79b2b9ef
DEBUG: activating version 5fd1f395ab8e4365ae957e856161b673 with url='http://135.225.105.160:8004/resources/version/5fd1f395ab8e4365ae957e856161b673/status'
  ✓ Activated version: 5fd1f395ab8e4365ae957e856161b673
Updated resource 'res-drug-amoxicillin' [translated] -> f0c4dfc2c7524d209a1225c355c0f47d
DEBUG: activating version 6c3f44e0951e403bb7816713d0d96d6a with url='http://135.225.105.160:8004/resources/version/6c3f44e0951e403bb7816713d0d96d6a/status'
  ✓ Activated version: 6c3f44e0951e403bb7816713d0d96d6a
Updated resource 'res-drug-antibiotic-eye-drops' [translated] -> 40428433842b487ba5ddb19081152bf6
DEBUG: activating version 0c74d1f76b0443db8fa4be8de034c003 with url='http://135.225.105.160:8004/resources/version/0c74d1f76b0443db8fa4be8de034c003/status'
  ✓ Activated version: 0c74d1f76b0443db8fa4be8de034c003
Updated resource 'res-drug-betamethasone' [translated] -> c951943a119c490da993f3cadaf942a1
DEBUG: activating version 1c3d16d1f11649128d6f0aa8e45a3526 with url='http://135.225.105.160:8004/resources/version/1c3d16d1f11649128d6f0aa8e45a3526/status'
  ✓ Activated version: 1c3d16d1f11649128d6f0aa8e45a3526
Updated resource 'res-drug-caffeine-citrate' [translated] -> ac98c227ae2f4f9fadb77e38acc210d5
DEBUG: activating version 4c33215e716a4c299370edd7fc888bc2 with url='http://135.225.105.160:8004/resources/version/4c33215e716a4c299370edd7fc888bc2/status'
  ✓ Activated version: 4c33215e716a4c299370edd7fc888bc2
Updated resource 'res-drug-cefotaxime' [translated] -> 2f29b81886f9424f9c11c1eace448254
DEBUG: activating version 272d21130fa44f658663fcdfd36fdf16 with url='http://135.225.105.160:8004/resources/version/272d21130fa44f658663fcdfd36fdf16/status'
  ✓ Activated version: 272d21130fa44f658663fcdfd36fdf16
Updated resource 'res-drug-ceftriaxone' [translated] -> 83a0e8ca4e5343f6ba53ce070f4bc9bd
DEBUG: activating version 1033546dd5cc4d4197c062d84d86fb1c with url='http://135.225.105.160:8004/resources/version/1033546dd5cc4d4197c062d84d86fb1c/status'
  ✓ Activated version: 1033546dd5cc4d4197c062d84d86fb1c
Updated resource 'res-drug-cloxacillin' [translated] -> 0e367b14a785431d85b47b7388a82750
DEBUG: activating version b7c3cc7e9b214c22abd95ac410d0bb65 with url='http://135.225.105.160:8004/resources/version/b7c3cc7e9b214c22abd95ac410d0bb65/status'
  ✓ Activated version: b7c3cc7e9b214c22abd95ac410d0bb65
Updated resource 'res-drug-dexamethasone' [translated] -> 97a91a95aaf04ecc9a37165428f94a88
DEBUG: activating version cb41a3171f3449eb82e62191016551c0 with url='http://135.225.105.160:8004/resources/version/cb41a3171f3449eb82e62191016551c0/status'
  ✓ Activated version: cb41a3171f3449eb82e62191016551c0
Updated resource 'res-drug-gentamicin' [translated] -> c39c41b857f3415c80dd6a76d2112e85
DEBUG: activating version 873b13a51e224fbd8fea4ef48fd1787d with url='http://135.225.105.160:8004/resources/version/873b13a51e224fbd8fea4ef48fd1787d/status'
  ✓ Activated version: 873b13a51e224fbd8fea4ef48fd1787d
Updated resource 'res-drug-penicillin-g-benzylpenicillin' [translated] -> 1bbe863a8a254f08891f49eac4103882
DEBUG: activating version b3c47a29e95448f19b23ea62edbe646e with url='http://135.225.105.160:8004/resources/version/b3c47a29e95448f19b23ea62edbe646e/status'
  ✓ Activated version: b3c47a29e95448f19b23ea62edbe646e
Updated resource 'res-drug-phenobarbital' [translated] -> 5f05fc351117481a926b1eea0438f624
DEBUG: activating version 517dd2ebb3df4aaa90e83dc85fceb744 with url='http://135.225.105.160:8004/resources/version/517dd2ebb3df4aaa90e83dc85fceb744/status'
  ✓ Activated version: 517dd2ebb3df4aaa90e83dc85fceb744
Updated resource 'res-drug-metronidazole' [translated] -> 22ac1b1983924a5c9f8c4ea79debbb0c
DEBUG: activating version d512268df61c40aaa8c351ff9df775e3 with url='http://135.225.105.160:8004/resources/version/d512268df61c40aaa8c351ff9df775e3/status'
  ✓ Activated version: d512268df61c40aaa8c351ff9df775e3
Updated resource 'res-drug-ampicillin' [translated] -> a6220d8a938e459ab837f9cb79b2b9ef
DEBUG: activating version 06503d85a47e4d36a615c5632e497e04 with url='http://135.225.105.160:8004/resources/version/06503d85a47e4d36a615c5632e497e04/status'
  ✓ Activated version: 06503d85a47e4d36a615c5632e497e04
Updated resource 'res-drug-diazepam' [translated] -> 2bfebad66c9e4262b49f824099495ad4
DEBUG: activating version 705444fc76ef42c89d6ce3e9f7183066 with url='http://135.225.105.160:8004/resources/version/705444fc76ef42c89d6ce3e9f7183066/status'
  ✓ Activated version: 705444fc76ef42c89d6ce3e9f7183066
Updated resource 'res-drug-ergometrine' [translated] -> 97fa3686c4ea422294a63bc1f24d856d
DEBUG: activating version 1b13004b8c2245958beb8d7d573d70e2 with url='http://135.225.105.160:8004/resources/version/1b13004b8c2245958beb8d7d573d70e2/status'
  ✓ Activated version: 1b13004b8c2245958beb8d7d573d70e2
Updated resource 'res-drug-iron' [translated] -> a6c651a949004887939a5775fa20e466
DEBUG: activating version f7a04dc308d147e1b228e859e2da60d8 with url='http://135.225.105.160:8004/resources/version/f7a04dc308d147e1b228e859e2da60d8/status'
  ✓ Activated version: f7a04dc308d147e1b228e859e2da60d8
Updated resource 'res-drug-morphine' [translated] -> 327c7710f2644fbf9b62bb18c21909dd
DEBUG: activating version 187033a6509e44b7b724e81f95dedf96 with url='http://135.225.105.160:8004/resources/version/187033a6509e44b7b724e81f95dedf96/status'
  ✓ Activated version: 187033a6509e44b7b724e81f95dedf96
Updated resource 'res-drug-misoprostol' [translated] -> 251a488f0e974e4087f90ec47db28eb2
DEBUG: activating version 7546cad0fad94027928ef6a6a4a14a6e with url='http://135.225.105.160:8004/resources/version/7546cad0fad94027928ef6a6a4a14a6e/status'
  ✓ Activated version: 7546cad0fad94027928ef6a6a4a14a6e
Updated resource 'res-drug-oxytocin' [translated] -> d93a6d3a36b142629e012b0653760f75
DEBUG: activating version d5380a7f10a24ad9b6a944d939d019d1 with url='http://135.225.105.160:8004/resources/version/d5380a7f10a24ad9b6a944d939d019d1/status'
  ✓ Activated version: d5380a7f10a24ad9b6a944d939d019d1
Updated resource 'res-drug-tranexamic-acid' [translated] -> d482a104aa1a44c299b901ee950655f5
DEBUG: activating version 1aaba6f6d7db4137a021dff4e80619d5 with url='http://135.225.105.160:8004/resources/version/1aaba6f6d7db4137a021dff4e80619d5/status'
  ✓ Activated version: 1aaba6f6d7db4137a021dff4e80619d5
Updated resource 'res-drug-ampicillin' [translated] -> a6220d8a938e459ab837f9cb79b2b9ef
DEBUG: activating version 9a5d20c1f035457db9982dc35b513833 with url='http://135.225.105.160:8004/resources/version/9a5d20c1f035457db9982dc35b513833/status'
  ✓ Activated version: 9a5d20c1f035457db9982dc35b513833
Updated resource 'res-drug-artesunate' [translated] -> ee4dc658a0c94df18836ebc3778d3be2
DEBUG: activating version 99e8b1afccce4281b94528294b9c819c with url='http://135.225.105.160:8004/resources/version/99e8b1afccce4281b94528294b9c819c/status'
  ✓ Activated version: 99e8b1afccce4281b94528294b9c819c
Updated resource 'res-drug-betamethasone' [translated] -> c951943a119c490da993f3cadaf942a1
DEBUG: activating version 2a7331cccc224de2b6456f4a3d68cd47 with url='http://135.225.105.160:8004/resources/version/2a7331cccc224de2b6456f4a3d68cd47/status'
  ✓ Activated version: 2a7331cccc224de2b6456f4a3d68cd47
Updated resource 'res-drug-chloramphenicol' [translated] -> 88084086d589492fb2a960475e46b1e5
DEBUG: activating version 0eb6f852e00d42159d3a24d00f885f24 with url='http://135.225.105.160:8004/resources/version/0eb6f852e00d42159d3a24d00f885f24/status'
  ✓ Activated version: 0eb6f852e00d42159d3a24d00f885f24
Updated resource 'res-drug-dexamethasone' [translated] -> 97a91a95aaf04ecc9a37165428f94a88
DEBUG: activating version 0ad9f046f1f44e0e90922365aedb7809 with url='http://135.225.105.160:8004/resources/version/0ad9f046f1f44e0e90922365aedb7809/status'
  ✓ Activated version: 0ad9f046f1f44e0e90922365aedb7809
Updated resource 'res-drug-dicloxacillin' [translated] -> 9ef30b0ae528400bba8519a7b0f1118e
DEBUG: activating version 4af1c8effad5413181940ac5814f370c with url='http://135.225.105.160:8004/resources/version/4af1c8effad5413181940ac5814f370c/status'
  ✓ Activated version: 4af1c8effad5413181940ac5814f370c
Updated resource 'res-drug-gentamicin' [translated] -> c39c41b857f3415c80dd6a76d2112e85
DEBUG: activating version 5aec709f4a724672b3698c4cc1d20c9a with url='http://135.225.105.160:8004/resources/version/5aec709f4a724672b3698c4cc1d20c9a/status'
  ✓ Activated version: 5aec709f4a724672b3698c4cc1d20c9a
Updated resource 'res-drug-metronidazole' [translated] -> 22ac1b1983924a5c9f8c4ea79debbb0c
DEBUG: activating version c2877e9a637b4312a0d5fae7e5545aa8 with url='http://135.225.105.160:8004/resources/version/c2877e9a637b4312a0d5fae7e5545aa8/status'
  ✓ Activated version: c2877e9a637b4312a0d5fae7e5545aa8
Updated resource 'res-drug-penicillin-g-benzylpenicillin' [translated] -> 1bbe863a8a254f08891f49eac4103882
DEBUG: activating version ff504df7779b4388bf474616504021a1 with url='http://135.225.105.160:8004/resources/version/ff504df7779b4388bf474616504021a1/status'
  ✓ Activated version: ff504df7779b4388bf474616504021a1
Updated resource 'res-drug-quinine' [translated] -> bf186349372f46cf9a4b75a68240e118
DEBUG: activating version 16cbcd5d6160464fa0cae9b62d2cd014 with url='http://135.225.105.160:8004/resources/version/16cbcd5d6160464fa0cae9b62d2cd014/status'
  ✓ Activated version: 16cbcd5d6160464fa0cae9b62d2cd014
Updated resource 'res-drug-ceftriaxone' [translated] -> 83a0e8ca4e5343f6ba53ce070f4bc9bd
DEBUG: activating version f61dadb4802a41a8afe87be86e263581 with url='http://135.225.105.160:8004/resources/version/f61dadb4802a41a8afe87be86e263581/status'
  ✓ Activated version: f61dadb4802a41a8afe87be86e263581
Updated resource 'res-drug-hormonal-intrauterine-device-ius' [translated] -> 6a6f8e0da5684125bedc936937cf30b9
DEBUG: activating version 76fe8b1ae224483fbac04c9b1a7d7844 with url='http://135.225.105.160:8004/resources/version/76fe8b1ae224483fbac04c9b1a7d7844/status'
  ✓ Activated version: 76fe8b1ae224483fbac04c9b1a7d7844
Updated resource 'res-drug-combined-contraceptive-patch' [translated] -> 2d6225fb3ec14a1d8c881b230e985f3c
DEBUG: activating version f459e3ec8f6d4fadad3a2e39bca729e2 with url='http://135.225.105.160:8004/resources/version/f459e3ec8f6d4fadad3a2e39bca729e2/status'
  ✓ Activated version: f459e3ec8f6d4fadad3a2e39bca729e2
Updated resource 'res-drug-combined-oral-contraceptives' [translated] -> 85d7d7d51a05433a9dff0e8c3a26797c
DEBUG: activating version c556a4ba52974abfa862d272813f5256 with url='http://135.225.105.160:8004/resources/version/c556a4ba52974abfa862d272813f5256/status'
  ✓ Activated version: c556a4ba52974abfa862d272813f5256
Updated resource 'res-drug-contraceptives-implant' [translated] -> d2e7dd81280646bda035237151e17e90
DEBUG: activating version 8d5da3bc6fc4407aba8ed4accc9b1387 with url='http://135.225.105.160:8004/resources/version/8d5da3bc6fc4407aba8ed4accc9b1387/status'
  ✓ Activated version: 8d5da3bc6fc4407aba8ed4accc9b1387
Updated resource 'res-drug-contraceptives-injectable-depo-provera' [translated] -> 64810fa444a349bd92802d22a69e9955
DEBUG: activating version fc59483ab16a4f41b295c0aae9af058e with url='http://135.225.105.160:8004/resources/version/fc59483ab16a4f41b295c0aae9af058e/status'
  ✓ Activated version: fc59483ab16a4f41b295c0aae9af058e
Updated resource 'res-drug-contraceptives-intrauterine-device' [translated] -> 7d6a6a0137a04c54b2c5a543225d65ad
DEBUG: activating version 1fe12e7c02164282849b51b09a58d169 with url='http://135.225.105.160:8004/resources/version/1fe12e7c02164282849b51b09a58d169/status'
  ✓ Activated version: 1fe12e7c02164282849b51b09a58d169
Updated resource 'res-drug-contraceptives-overview' [translated] -> 5b33529793e84795b5d4034c8544af0f
DEBUG: activating version 4816d32c32bf4243a18927823efa1319 with url='http://135.225.105.160:8004/resources/version/4816d32c32bf4243a18927823efa1319/status'
  ✓ Activated version: 4816d32c32bf4243a18927823efa1319
Updated resource 'res-drug-copper-intrauterine-device-iud' [translated] -> 240fc16f9a04438fa3d1d40269121125
DEBUG: activating version 07b94d3c573e4524950f6d93aad6d541 with url='http://135.225.105.160:8004/resources/version/07b94d3c573e4524950f6d93aad6d541/status'
  ✓ Activated version: 07b94d3c573e4524950f6d93aad6d541
Updated resource 'res-drug-emergency-contraceptive-pills' [translated] -> 07ce452543da4582a899debe9abdf11e
DEBUG: activating version e2abc350b1c947b0b9279509e5b3c7b5 with url='http://135.225.105.160:8004/resources/version/e2abc350b1c947b0b9279509e5b3c7b5/status'
  ✓ Activated version: e2abc350b1c947b0b9279509e5b3c7b5
Updated resource 'res-drug-monthly-injectables' [translated] -> 5f9d0fa59a4b403eb9daeee7871c85b1
DEBUG: activating version bc0c1313ff254586bfccd636b60d1189 with url='http://135.225.105.160:8004/resources/version/bc0c1313ff254586bfccd636b60d1189/status'
  ✓ Activated version: bc0c1313ff254586bfccd636b60d1189
Updated resource 'res-drug-progesterone-only-pills' [translated] -> 41523005ee2d40c08c775764c2fbcf84
DEBUG: activating version 2d1135760c8b4d8ca06ef18128831ddd with url='http://135.225.105.160:8004/resources/version/2d1135760c8b4d8ca06ef18128831ddd/status'
  ✓ Activated version: 2d1135760c8b4d8ca06ef18128831ddd
Updated resource 'res-drug-progestin-only-injectables' [translated] -> e31444df72f6428db308122ab85f39d1
DEBUG: activating version cf337e2e12324cabb512fa90b0a1fb38 with url='http://135.225.105.160:8004/resources/version/cf337e2e12324cabb512fa90b0a1fb38/status'
  ✓ Activated version: cf337e2e12324cabb512fa90b0a1fb38
Updated resource 'res-drug-ampicillin' [translated] -> a6220d8a938e459ab837f9cb79b2b9ef
DEBUG: activating version 7d9d6273502c4782bfe5bf36db804052 with url='http://135.225.105.160:8004/resources/version/7d9d6273502c4782bfe5bf36db804052/status'
  ✓ Activated version: 7d9d6273502c4782bfe5bf36db804052
Updated resource 'res-drug-ceftriaxone' [translated] -> 83a0e8ca4e5343f6ba53ce070f4bc9bd
DEBUG: activating version 608ff12332554a99923e05c38228fe16 with url='http://135.225.105.160:8004/resources/version/608ff12332554a99923e05c38228fe16/status'
  ✓ Activated version: 608ff12332554a99923e05c38228fe16
Updated resource 'res-drug-gentamicin' [translated] -> c39c41b857f3415c80dd6a76d2112e85
DEBUG: activating version f1fff17d4b254d2292816ca8af32e2ee with url='http://135.225.105.160:8004/resources/version/f1fff17d4b254d2292816ca8af32e2ee/status'
  ✓ Activated version: f1fff17d4b254d2292816ca8af32e2ee
Updated resource 'res-drug-phenobarbital' [translated] -> 5f05fc351117481a926b1eea0438f624
DEBUG: activating version b9ec9da6fe1c4a899405371eae3a32c3 with url='http://135.225.105.160:8004/resources/version/b9ec9da6fe1c4a899405371eae3a32c3/status'
  ✓ Activated version: b9ec9da6fe1c4a899405371eae3a32c3
Updated resource 'res-drug-ampicillin' [translated] -> a6220d8a938e459ab837f9cb79b2b9ef
DEBUG: activating version a083acaeca5a43f18584f80c897d6266 with url='http://135.225.105.160:8004/resources/version/a083acaeca5a43f18584f80c897d6266/status'
  ✓ Activated version: a083acaeca5a43f18584f80c897d6266
Updated resource 'res-drug-antibiotic-eye-drops' [translated] -> 40428433842b487ba5ddb19081152bf6
DEBUG: activating version 60149821cf5f4e23aa26f6e8e885e463 with url='http://135.225.105.160:8004/resources/version/60149821cf5f4e23aa26f6e8e885e463/status'
  ✓ Activated version: 60149821cf5f4e23aa26f6e8e885e463
Updated resource 'res-drug-betamethasone' [translated] -> c951943a119c490da993f3cadaf942a1
DEBUG: activating version 3a869de7614c4a8681a5365380c1e9d0 with url='http://135.225.105.160:8004/resources/version/3a869de7614c4a8681a5365380c1e9d0/status'
  ✓ Activated version: 3a869de7614c4a8681a5365380c1e9d0
Updated resource 'res-drug-ceftriaxone' [translated] -> 83a0e8ca4e5343f6ba53ce070f4bc9bd
DEBUG: activating version 84eb684621fc4ffaa0eeaeb8593f0282 with url='http://135.225.105.160:8004/resources/version/84eb684621fc4ffaa0eeaeb8593f0282/status'
  ✓ Activated version: 84eb684621fc4ffaa0eeaeb8593f0282
Updated resource 'res-drug-dexamethasone' [translated] -> 97a91a95aaf04ecc9a37165428f94a88
DEBUG: activating version d419b78a230a46cdbeefe63d34e49b91 with url='http://135.225.105.160:8004/resources/version/d419b78a230a46cdbeefe63d34e49b91/status'
  ✓ Activated version: d419b78a230a46cdbeefe63d34e49b91
Updated resource 'res-drug-gentamicin' [translated] -> c39c41b857f3415c80dd6a76d2112e85
DEBUG: activating version 30d92a7b06e343d8a95ea12e6e2b6945 with url='http://135.225.105.160:8004/resources/version/30d92a7b06e343d8a95ea12e6e2b6945/status'
  ✓ Activated version: 30d92a7b06e343d8a95ea12e6e2b6945
Updated resource 'res-drug-phenobarbital' [translated] -> 5f05fc351117481a926b1eea0438f624
DEBUG: activating version 0c7d147f29e94ab883dde7bf4e549d16 with url='http://135.225.105.160:8004/resources/version/0c7d147f29e94ab883dde7bf4e549d16/status'
  ✓ Activated version: 0c7d147f29e94ab883dde7bf4e549d16
Updated resource 'res-drug-vitamin-k' [translated] -> 145cd6f960234df8b184e981b15ec284
DEBUG: activating version b12cb57986f848cbb4913afbd30a9fa2 with url='http://135.225.105.160:8004/resources/version/b12cb57986f848cbb4913afbd30a9fa2/status'
  ✓ Activated version: b12cb57986f848cbb4913afbd30a9fa2
Updated resource 'res-drug-chlorhexidine' [translated] -> 882622b0def64310b56d5cec68676b56
DEBUG: activating version b6314d0ae4b148c48e4ee0aeb786a540 with url='http://135.225.105.160:8004/resources/version/b6314d0ae4b148c48e4ee0aeb786a540/status'
  ✓ Activated version: b6314d0ae4b148c48e4ee0aeb786a540
Updated resource 'res-drug-carbetocin' [translated] -> bafc8a8c7d644209881f0fdbede3c26f
DEBUG: activating version d55efa0451644e539ac34b47c8c9b954 with url='http://135.225.105.160:8004/resources/version/d55efa0451644e539ac34b47c8c9b954/status'
  ✓ Activated version: d55efa0451644e539ac34b47c8c9b954
Updated resource 'res-drug-misoprostol' [translated] -> 251a488f0e974e4087f90ec47db28eb2
DEBUG: activating version 1205e529311d41908dc4bf7b37830467 with url='http://135.225.105.160:8004/resources/version/1205e529311d41908dc4bf7b37830467/status'
  ✓ Activated version: 1205e529311d41908dc4bf7b37830467
Updated resource 'res-drug-oxytocin' [translated] -> d93a6d3a36b142629e012b0653760f75
DEBUG: activating version 62e70da74988462ea0435845f0e2ad2b with url='http://135.225.105.160:8004/resources/version/62e70da74988462ea0435845f0e2ad2b/status'
  ✓ Activated version: 62e70da74988462ea0435845f0e2ad2b
Updated resource 'res-drug-ampicillin' [translated] -> a6220d8a938e459ab837f9cb79b2b9ef
DEBUG: activating version 20056508f2b1463bab7741f3107f568b with url='http://135.225.105.160:8004/resources/version/20056508f2b1463bab7741f3107f568b/status'
  ✓ Activated version: 20056508f2b1463bab7741f3107f568b
Updated resource 'res-drug-diazepam' [translated] -> 2bfebad66c9e4262b49f824099495ad4
DEBUG: activating version e3241f1256084d2a800ab8478ce27c38 with url='http://135.225.105.160:8004/resources/version/e3241f1256084d2a800ab8478ce27c38/status'
  ✓ Activated version: e3241f1256084d2a800ab8478ce27c38
Updated resource 'res-drug-gentamicin' [translated] -> c39c41b857f3415c80dd6a76d2112e85
DEBUG: activating version 5de6a37575c74bbdbb6284622866a83d with url='http://135.225.105.160:8004/resources/version/5de6a37575c74bbdbb6284622866a83d/status'
  ✓ Activated version: 5de6a37575c74bbdbb6284622866a83d
Updated resource 'res-drug-ibuprofen' [translated] -> 098156fb090c4926a5334bb8f43fb4dc
DEBUG: activating version b1982b51fb234b1da7b825c0e0e61a37 with url='http://135.225.105.160:8004/resources/version/b1982b51fb234b1da7b825c0e0e61a37/status'
  ✓ Activated version: b1982b51fb234b1da7b825c0e0e61a37
Updated resource 'res-drug-metronidazole' [translated] -> 22ac1b1983924a5c9f8c4ea79debbb0c
DEBUG: activating version 782cb27401194b7ba9995e6ddb983b71 with url='http://135.225.105.160:8004/resources/version/782cb27401194b7ba9995e6ddb983b71/status'
  ✓ Activated version: 782cb27401194b7ba9995e6ddb983b71
Updated resource 'res-drug-morphine' [translated] -> 327c7710f2644fbf9b62bb18c21909dd
DEBUG: activating version 2c2ce414145f43e88a844204c0ab53c3 with url='http://135.225.105.160:8004/resources/version/2c2ce414145f43e88a844204c0ab53c3/status'
  ✓ Activated version: 2c2ce414145f43e88a844204c0ab53c3
Updated resource 'res-drug-indomethacin' [translated] -> 9503072c2b6546c79d8f0dbd78841cef
DEBUG: activating version dfff1fa3a4e94fe29f1d34fc5bdb16ba with url='http://135.225.105.160:8004/resources/version/dfff1fa3a4e94fe29f1d34fc5bdb16ba/status'
  ✓ Activated version: dfff1fa3a4e94fe29f1d34fc5bdb16ba
Updated resource 'res-drug-ampicillin' [translated] -> a6220d8a938e459ab837f9cb79b2b9ef
DEBUG: activating version 90648642d3f14506a79a611ecbe45941 with url='http://135.225.105.160:8004/resources/version/90648642d3f14506a79a611ecbe45941/status'
  ✓ Activated version: 90648642d3f14506a79a611ecbe45941
Updated resource 'res-drug-diazepam' [translated] -> 2bfebad66c9e4262b49f824099495ad4
DEBUG: activating version d0eff9e1120044b7bb485c454946c2d9 with url='http://135.225.105.160:8004/resources/version/d0eff9e1120044b7bb485c454946c2d9/status'
  ✓ Activated version: d0eff9e1120044b7bb485c454946c2d9
Updated resource 'res-drug-ergometrine' [translated] -> 97fa3686c4ea422294a63bc1f24d856d
DEBUG: activating version f376bde1f4cb422289db9d2bd76e618e with url='http://135.225.105.160:8004/resources/version/f376bde1f4cb422289db9d2bd76e618e/status'
  ✓ Activated version: f376bde1f4cb422289db9d2bd76e618e
Updated resource 'res-drug-iron' [translated] -> a6c651a949004887939a5775fa20e466
DEBUG: activating version 2be41a06a98a40f4a891a85957bdf461 with url='http://135.225.105.160:8004/resources/version/2be41a06a98a40f4a891a85957bdf461/status'
  ✓ Activated version: 2be41a06a98a40f4a891a85957bdf461
Updated resource 'res-drug-misoprostol' [translated] -> 251a488f0e974e4087f90ec47db28eb2
DEBUG: activating version 267f1f33745a4f45b6494d148071bd58 with url='http://135.225.105.160:8004/resources/version/267f1f33745a4f45b6494d148071bd58/status'
  ✓ Activated version: 267f1f33745a4f45b6494d148071bd58
Updated resource 'res-drug-morphine' [translated] -> 327c7710f2644fbf9b62bb18c21909dd
DEBUG: activating version c888780cb7fa45c6b505346b5bc77f03 with url='http://135.225.105.160:8004/resources/version/c888780cb7fa45c6b505346b5bc77f03/status'
  ✓ Activated version: c888780cb7fa45c6b505346b5bc77f03
Updated resource 'res-drug-oxytocin' [translated] -> d93a6d3a36b142629e012b0653760f75
DEBUG: activating version ea7ab195d73a40afb4fc076875832c95 with url='http://135.225.105.160:8004/resources/version/ea7ab195d73a40afb4fc076875832c95/status'
  ✓ Activated version: ea7ab195d73a40afb4fc076875832c95
Updated resource 'res-drug-tranexamic-acid' [translated] -> d482a104aa1a44c299b901ee950655f5
DEBUG: activating version 5018a4a806fa4fbf901274e48cf38299 with url='http://135.225.105.160:8004/resources/version/5018a4a806fa4fbf901274e48cf38299/status'
  ✓ Activated version: 5018a4a806fa4fbf901274e48cf38299
Updated resource 'res-drug-lidocaine' [translated] -> 07ef0e24c77d4c06bbac48b0f1529622
DEBUG: activating version 2969d39fc2104d1c98694e4613d2bb02 with url='http://135.225.105.160:8004/resources/version/2969d39fc2104d1c98694e4613d2bb02/status'
  ✓ Activated version: 2969d39fc2104d1c98694e4613d2bb02
Updated resource 'res-drug-ampicillin' [translated] -> a6220d8a938e459ab837f9cb79b2b9ef
DEBUG: activating version 5b5170c172f24276ab5dda84e27ff5aa with url='http://135.225.105.160:8004/resources/version/5b5170c172f24276ab5dda84e27ff5aa/status'
  ✓ Activated version: 5b5170c172f24276ab5dda84e27ff5aa
Updated resource 'res-drug-bcg-vaccine' [translated] -> ec5aaf63834e4ea2bb4cc72d59157177
DEBUG: activating version a6bf3f8d106d46a8b05f08f279b6e438 with url='http://135.225.105.160:8004/resources/version/a6bf3f8d106d46a8b05f08f279b6e438/status'
  ✓ Activated version: a6bf3f8d106d46a8b05f08f279b6e438
Updated resource 'res-drug-ceftriaxone' [translated] -> 83a0e8ca4e5343f6ba53ce070f4bc9bd
DEBUG: activating version 6bc880b5ebff4e75bd6cbfc437b4e087 with url='http://135.225.105.160:8004/resources/version/6bc880b5ebff4e75bd6cbfc437b4e087/status'
  ✓ Activated version: 6bc880b5ebff4e75bd6cbfc437b4e087
Updated resource 'res-drug-cloxacillin' [translated] -> 0e367b14a785431d85b47b7388a82750
DEBUG: activating version f28616fe02b7461d9f46bf4e33fdcd4a with url='http://135.225.105.160:8004/resources/version/f28616fe02b7461d9f46bf4e33fdcd4a/status'
  ✓ Activated version: f28616fe02b7461d9f46bf4e33fdcd4a
Updated resource 'res-drug-dtp-containing-vaccine' [translated] -> dd1861e8f93848a090fe7544d39f6026
DEBUG: activating version 3b101bdc5f7a42d29af9eabce5cac8e6 with url='http://135.225.105.160:8004/resources/version/3b101bdc5f7a42d29af9eabce5cac8e6/status'
  ✓ Activated version: 3b101bdc5f7a42d29af9eabce5cac8e6
Updated resource 'res-drug-gentamicin' [translated] -> c39c41b857f3415c80dd6a76d2112e85
DEBUG: activating version b3ec9609afa44bf6a60657a90bb518db with url='http://135.225.105.160:8004/resources/version/b3ec9609afa44bf6a60657a90bb518db/status'
  ✓ Activated version: b3ec9609afa44bf6a60657a90bb518db
Updated resource 'res-drug-haemophilus-influenzae-type-b-vaccine-hib-vaccine' [translated] -> b9038bceef3e4fda8c330cc3724e22dc
DEBUG: activating version 5f32bfb150594501b092d940a11b5a92 with url='http://135.225.105.160:8004/resources/version/5f32bfb150594501b092d940a11b5a92/status'
  ✓ Activated version: 5f32bfb150594501b092d940a11b5a92
Updated resource 'res-drug-hepatitis-b-vaccine-hbv' [translated] -> 89dccbffcbd042cc998d60d01d1cce1c
DEBUG: activating version fdf64bb36a0246a89d8d18edac0b6f3c with url='http://135.225.105.160:8004/resources/version/fdf64bb36a0246a89d8d18edac0b6f3c/status'
  ✓ Activated version: fdf64bb36a0246a89d8d18edac0b6f3c
Updated resource 'res-drug-oral-polio-vaccine-opv' [translated] -> 25a850e5f37642aebdfe8ea955ed1805
DEBUG: activating version 7cc372910d4e4707ab828536e1a4c725 with url='http://135.225.105.160:8004/resources/version/7cc372910d4e4707ab828536e1a4c725/status'
  ✓ Activated version: 7cc372910d4e4707ab828536e1a4c725
Updated resource 'res-drug-pneumococcal-conjugate' [translated] -> f1303e210c784e6495c74c8d86d3dc23
DEBUG: activating version 919c9202140547e5a79f10bd946fbfae with url='http://135.225.105.160:8004/resources/version/919c9202140547e5a79f10bd946fbfae/status'
  ✓ Activated version: 919c9202140547e5a79f10bd946fbfae
Updated resource 'res-drug-rotavirus-vaccine' [translated] -> 8e9530cd994646a09e26ebadd377dfb8
DEBUG: activating version 1c5e9b50f59541a084bdc4729d147dd3 with url='http://135.225.105.160:8004/resources/version/1c5e9b50f59541a084bdc4729d147dd3/status'
  ✓ Activated version: 1c5e9b50f59541a084bdc4729d147dd3
Updated resource 'res-drug-vitamin-d' [translated] -> 6779551a76c04482a0f60467e1043258
DEBUG: activating version 76b5445adac1466681a0c79123066a26 with url='http://135.225.105.160:8004/resources/version/76b5445adac1466681a0c79123066a26/status'
  ✓ Activated version: 76b5445adac1466681a0c79123066a26
Updated resource 'res-drug-oxytocin' [translated] -> d93a6d3a36b142629e012b0653760f75
DEBUG: activating version 284a7019550341239192a4cd47bec738 with url='http://135.225.105.160:8004/resources/version/284a7019550341239192a4cd47bec738/status'
  ✓ Activated version: 284a7019550341239192a4cd47bec738
Updated resource 'res-drug-azithromycin' [translated] -> 3d527e7e968949988635c1698e8bfc92
DEBUG: activating version 92e74150ee7446be92de75e49467482c with url='http://135.225.105.160:8004/resources/version/92e74150ee7446be92de75e49467482c/status'
  ✓ Activated version: 92e74150ee7446be92de75e49467482c
Updated resource 'res-drug-combi-pack-letrozole-misoprostol-med-ab-1-trimester' [translated] -> c4fa4e588d67496085ff1907a7fe22fb
DEBUG: activating version a433c77163f043009a86741b09bda84d with url='http://135.225.105.160:8004/resources/version/a433c77163f043009a86741b09bda84d/status'
  ✓ Activated version: a433c77163f043009a86741b09bda84d
Updated resource 'res-drug-combi-pack-mifepristone-misoprostol-med-ab-2-trimester' [translated] -> 5bc71d5a69384625ab47fc433bcc3903
DEBUG: activating version 9abb84bbf5114f4a94a604c91b1c4311 with url='http://135.225.105.160:8004/resources/version/9abb84bbf5114f4a94a604c91b1c4311/status'
  ✓ Activated version: 9abb84bbf5114f4a94a604c91b1c4311
Updated resource 'res-drug-combi-pack-mifepristone-misoprostol-med-ab-1-trimester' [translated] -> f43c26cc9b01416db433e4cdb6c1abff
DEBUG: activating version 7c97f293ece14173b43b75e14922618f with url='http://135.225.105.160:8004/resources/version/7c97f293ece14173b43b75e14922618f/status'
  ✓ Activated version: 7c97f293ece14173b43b75e14922618f
Updated resource 'res-drug-doxycycline' [translated] -> c921936b4dff4b91a72451cab52cc02c
DEBUG: activating version f1bd1127e2c14d91b48c946fc91ef2a0 with url='http://135.225.105.160:8004/resources/version/f1bd1127e2c14d91b48c946fc91ef2a0/status'
  ✓ Activated version: f1bd1127e2c14d91b48c946fc91ef2a0
Updated resource 'res-drug-diazepam' [translated] -> 2bfebad66c9e4262b49f824099495ad4
DEBUG: activating version d031607798264a81b930f3b6808650c7 with url='http://135.225.105.160:8004/resources/version/d031607798264a81b930f3b6808650c7/status'
  ✓ Activated version: d031607798264a81b930f3b6808650c7
Updated resource 'res-drug-iron' [translated] -> a6c651a949004887939a5775fa20e466
DEBUG: activating version 26e73879317d4504b69b7ef825ca0e72 with url='http://135.225.105.160:8004/resources/version/26e73879317d4504b69b7ef825ca0e72/status'
  ✓ Activated version: 26e73879317d4504b69b7ef825ca0e72
Updated resource 'res-drug-ibuprofen' [translated] -> 098156fb090c4926a5334bb8f43fb4dc
DEBUG: activating version f806f5dcab2c41c6b0687ec807aac7fd with url='http://135.225.105.160:8004/resources/version/f806f5dcab2c41c6b0687ec807aac7fd/status'
  ✓ Activated version: f806f5dcab2c41c6b0687ec807aac7fd
Updated resource 'res-drug-metronidazole' [translated] -> 22ac1b1983924a5c9f8c4ea79debbb0c
DEBUG: activating version d3986cb72bf24306b70065c6be670404 with url='http://135.225.105.160:8004/resources/version/d3986cb72bf24306b70065c6be670404/status'
  ✓ Activated version: d3986cb72bf24306b70065c6be670404
Updated resource 'res-drug-misoprostol-med-ab-1-trimester' [translated] -> aaf8f36764b84d019c405b6d2927a94e
DEBUG: activating version ea71c44c97a14538a24266249ceba163 with url='http://135.225.105.160:8004/resources/version/ea71c44c97a14538a24266249ceba163/status'
  ✓ Activated version: ea71c44c97a14538a24266249ceba163
Updated resource 'res-drug-misoprostol-sur-ab' [translated] -> 273f3f958c3f4d3d82e53927e8c83836
DEBUG: activating version b58efb77656244f3ab9ae57116bd50e1 with url='http://135.225.105.160:8004/resources/version/b58efb77656244f3ab9ae57116bd50e1/status'
  ✓ Activated version: b58efb77656244f3ab9ae57116bd50e1
Updated resource 'res-drug-misoprostol-med-ab-2-trimester' [translated] -> db3c48ca27b945ebb7c16e6a8cd20052
DEBUG: activating version b6b37c97d70241f4a4439c67857e9006 with url='http://135.225.105.160:8004/resources/version/b6b37c97d70241f4a4439c67857e9006/status'
  ✓ Activated version: b6b37c97d70241f4a4439c67857e9006
Updated resource 'res-drug-morphine' [translated] -> 327c7710f2644fbf9b62bb18c21909dd
DEBUG: activating version 2c753591ec8a42e887fab11baedc264e with url='http://135.225.105.160:8004/resources/version/2c753591ec8a42e887fab11baedc264e/status'
  ✓ Activated version: 2c753591ec8a42e887fab11baedc264e
Updated resource 'res-procedure-breastfeeding' [translated] -> d30312830d704c2c8f02977df9f0294c
DEBUG: activating version 7bf25290d5a9497784c4f2e4ac1a8cac with url='http://135.225.105.160:8004/resources/version/7bf25290d5a9497784c4f2e4ac1a8cac/status'
  ✓ Activated version: 7bf25290d5a9497784c4f2e4ac1a8cac
Updated resource 'res-procedure-early-detection-of-pph' [translated] -> 13e0ea18e14a4098b1598fc3c4b52b0b
DEBUG: activating version 1b86848c410b44baa65f5775a15ca66f with url='http://135.225.105.160:8004/resources/version/1b86848c410b44baa65f5775a15ca66f/status'
  ✓ Activated version: 1b86848c410b44baa65f5775a15ca66f
Updated resource 'res-procedure-intramuscular-injection-im' [translated] -> 35325356b575487b8552d266a4648a2e
DEBUG: activating version 6de2edafb53748b2b9ac36925fd9f604 with url='http://135.225.105.160:8004/resources/version/6de2edafb53748b2b9ac36925fd9f604/status'
  ✓ Activated version: 6de2edafb53748b2b9ac36925fd9f604
Updated resource 'res-procedure-foetal-assessments' [translated] -> 8f14b16afbe54e2e96be5863119d667a
DEBUG: activating version f9f447de68fc47a3ae0c86449b8e97ea with url='http://135.225.105.160:8004/resources/version/f9f447de68fc47a3ae0c86449b8e97ea/status'
  ✓ Activated version: f9f447de68fc47a3ae0c86449b8e97ea
Updated resource 'res-procedure-preventative-management-interventions' [translated] -> 64e9ad274a344b53a2cae62c5dbd4138
DEBUG: activating version 23df640b82bd42ec83c7a17ed5c31780 with url='http://135.225.105.160:8004/resources/version/23df640b82bd42ec83c7a17ed5c31780/status'
  ✓ Activated version: 23df640b82bd42ec83c7a17ed5c31780
Updated resource 'res-procedure-routine-maternal-screening-and-tests' [translated] -> 6657c6f033014a48ba04ef9634dcdf23
DEBUG: activating version 9fd4ae27c31c46b5bbc69ede5c8ebdab with url='http://135.225.105.160:8004/resources/version/9fd4ae27c31c46b5bbc69ede5c8ebdab/status'
  ✓ Activated version: 9fd4ae27c31c46b5bbc69ede5c8ebdab
Updated resource 'res-procedure-mixing-alcohol-based-handrub' [translated] -> b6b3c5e3a9204e3396237cfe679c696c
DEBUG: activating version f14c7b3ad5f04bdb9b525ed21b0ceac0 with url='http://135.225.105.160:8004/resources/version/f14c7b3ad5f04bdb9b525ed21b0ceac0/status'
  ✓ Activated version: f14c7b3ad5f04bdb9b525ed21b0ceac0
Updated resource 'res-procedure-minimize-the-spread-of-covid-19-at-the-health-facility' [translated] -> 4bfaf9f18a284565adac09527eb7f21b
DEBUG: activating version 3274a1d81a3144119dfcbe8fadd7bf4d with url='http://135.225.105.160:8004/resources/version/3274a1d81a3144119dfcbe8fadd7bf4d/status'
  ✓ Activated version: 3274a1d81a3144119dfcbe8fadd7bf4d
Updated resource 'res-procedure-five-steps-to-beat-covid-19' [translated] -> 9b027d5bd5984848815c18d43ccd5a8d
DEBUG: activating version 44fa64643e9e407a994811e3fb3e04ff with url='http://135.225.105.160:8004/resources/version/44fa64643e9e407a994811e3fb3e04ff/status'
  ✓ Activated version: 44fa64643e9e407a994811e3fb3e04ff
Updated resource 'res-procedure-symptoms-of-covid-19' [translated] -> d97153a647b645da93c76235ac78781d
DEBUG: activating version a74a43f03cc94f89a115460078cbefe5 with url='http://135.225.105.160:8004/resources/version/a74a43f03cc94f89a115460078cbefe5/status'
  ✓ Activated version: a74a43f03cc94f89a115460078cbefe5
Updated resource 'res-procedure-are-pregnant-women-an-at-risk-group' [translated] -> 92ae002b40b8480d8d4721c1bd8452c3
DEBUG: activating version 08fb05753ee1418a8e01a16978e29b76 with url='http://135.225.105.160:8004/resources/version/08fb05753ee1418a8e01a16978e29b76/status'
  ✓ Activated version: 08fb05753ee1418a8e01a16978e29b76
Updated resource 'res-procedure-vertical-transmission-and-newborn-risk' [translated] -> 6cc0ba3cbeb746618ba5325a2405817d
DEBUG: activating version 0386abc97f5245d2bbbb6566ba37e18d with url='http://135.225.105.160:8004/resources/version/0386abc97f5245d2bbbb6566ba37e18d/status'
  ✓ Activated version: 0386abc97f5245d2bbbb6566ba37e18d
Updated resource 'res-procedure-care-during-pregnancy-and-birth' [translated] -> 49c4a54d20b241eeb57bb48c27400faf
DEBUG: activating version 79904532abf344fd8002fee0c4e693a3 with url='http://135.225.105.160:8004/resources/version/79904532abf344fd8002fee0c4e693a3/status'
  ✓ Activated version: 79904532abf344fd8002fee0c4e693a3
Updated resource 'res-procedure-breastfeeding-and-covid-19' [translated] -> 7db2ad0ecf6c48a28556204a466be4b8
DEBUG: activating version cf18419a712a4de5869b9c638d7d3740 with url='http://135.225.105.160:8004/resources/version/cf18419a712a4de5869b9c638d7d3740/status'
  ✓ Activated version: cf18419a712a4de5869b9c638d7d3740
Updated resource 'res-procedure-deinfibulation' [translated] -> 4ee7d337a034459590d67398903d1bfd
DEBUG: activating version 92b1da896b5348508cf0ac55e0426ca7 with url='http://135.225.105.160:8004/resources/version/92b1da896b5348508cf0ac55e0426ca7/status'
  ✓ Activated version: 92b1da896b5348508cf0ac55e0426ca7
Updated resource 'res-procedure-urine-catheter' [translated] -> 0e0c839266bc49dbaedf1c819e851389
DEBUG: activating version d4f704fec2b049778833f70e923165b1 with url='http://135.225.105.160:8004/resources/version/d4f704fec2b049778833f70e923165b1/status'
  ✓ Activated version: d4f704fec2b049778833f70e923165b1
Updated resource 'res-procedure-follow-up-visits' [translated] -> 1e369b279962467abb19635f175054dc
DEBUG: activating version 0c9d031d6b8a4049b240c4cf9b62be21 with url='http://135.225.105.160:8004/resources/version/0c9d031d6b8a4049b240c4cf9b62be21/status'
  ✓ Activated version: 0c9d031d6b8a4049b240c4cf9b62be21
Updated resource 'res-procedure-mixing-alcohol-based-handrub' [translated] -> b6b3c5e3a9204e3396237cfe679c696c
DEBUG: activating version cedd0147bdee4b99a003c5cd442206a5 with url='http://135.225.105.160:8004/resources/version/cedd0147bdee4b99a003c5cd442206a5/status'
  ✓ Activated version: cedd0147bdee4b99a003c5cd442206a5
Updated resource 'res-procedure-nasogastric-tube' [translated] -> d1f0872f4f6240f384a5bb381d288c7e
DEBUG: activating version 949fbbd4979444258d51a24a2d3c3088 with url='http://135.225.105.160:8004/resources/version/949fbbd4979444258d51a24a2d3c3088/status'
  ✓ Activated version: 949fbbd4979444258d51a24a2d3c3088
Updated resource 'res-procedure-breastfeeding' [translated] -> d30312830d704c2c8f02977df9f0294c
DEBUG: activating version 0f53c0b974c441d391c85b183c8634c3 with url='http://135.225.105.160:8004/resources/version/0f53c0b974c441d391c85b183c8634c3/status'
  ✓ Activated version: 0f53c0b974c441d391c85b183c8634c3
Updated resource 'res-procedure-urine-catheter' [translated] -> 0e0c839266bc49dbaedf1c819e851389
DEBUG: activating version 0928b04f9b6349d4828c3a7306887539 with url='http://135.225.105.160:8004/resources/version/0928b04f9b6349d4828c3a7306887539/status'
  ✓ Activated version: 0928b04f9b6349d4828c3a7306887539
Updated resource 'res-procedure-condom-balloon-tamponade' [translated] -> 4583a02ed4d443d58e811bcdd8814b0e
DEBUG: activating version ee0ee01e5e6c4db5802cf366bfc7a2ad with url='http://135.225.105.160:8004/resources/version/ee0ee01e5e6c4db5802cf366bfc7a2ad/status'
  ✓ Activated version: ee0ee01e5e6c4db5802cf366bfc7a2ad
Updated resource 'res-procedure-non-pneumatic-anti-shock-garment' [translated] -> 333627eb25814a89bd601f5e5b82bc9a
DEBUG: activating version ce1dd9b10f234438b9266a056fbe8765 with url='http://135.225.105.160:8004/resources/version/ce1dd9b10f234438b9266a056fbe8765/status'
  ✓ Activated version: ce1dd9b10f234438b9266a056fbe8765
Updated resource 'res-procedure-urine-catheter' [translated] -> 0e0c839266bc49dbaedf1c819e851389
DEBUG: activating version 9fbbfcc2746a43fda7a812cd326c3f83 with url='http://135.225.105.160:8004/resources/version/9fbbfcc2746a43fda7a812cd326c3f83/status'
  ✓ Activated version: 9fbbfcc2746a43fda7a812cd326c3f83
Updated resource 'res-procedure-implant-insertion' [translated] -> 2f4b91f327fd466190d8c23cfbcd596c
DEBUG: activating version b2e8c6c312564efc8cf6152db03bce8f with url='http://135.225.105.160:8004/resources/version/b2e8c6c312564efc8cf6152db03bce8f/status'
  ✓ Activated version: b2e8c6c312564efc8cf6152db03bce8f
Updated resource 'res-procedure-implant-removal' [translated] -> 7ff219e96d084a409defeeea671de3f2
DEBUG: activating version 1ce4d33d50584c439ec21bc11dd1cca6 with url='http://135.225.105.160:8004/resources/version/1ce4d33d50584c439ec21bc11dd1cca6/status'
  ✓ Activated version: 1ce4d33d50584c439ec21bc11dd1cca6
Updated resource 'res-procedure-iud-ius-insertion' [translated] -> 0fdf537ce5964734baf82504d2b5f43f
DEBUG: activating version d2b48a3022b843d1b0715c82eab62145 with url='http://135.225.105.160:8004/resources/version/d2b48a3022b843d1b0715c82eab62145/status'
  ✓ Activated version: d2b48a3022b843d1b0715c82eab62145
Updated resource 'res-procedure-iud-ius-removal' [translated] -> 3106ce51023849ddb4553a710d6d8b73
DEBUG: activating version 9e383c329c0d4798a72d9e5f631f0e69 with url='http://135.225.105.160:8004/resources/version/9e383c329c0d4798a72d9e5f631f0e69/status'
  ✓ Activated version: 9e383c329c0d4798a72d9e5f631f0e69
Updated resource 'res-procedure-nasogastric-tube' [translated] -> d1f0872f4f6240f384a5bb381d288c7e
DEBUG: activating version 4b2bcf155d224193add536d309f04c99 with url='http://135.225.105.160:8004/resources/version/4b2bcf155d224193add536d309f04c99/status'
  ✓ Activated version: 4b2bcf155d224193add536d309f04c99
Updated resource 'res-procedure-breastfeeding' [translated] -> d30312830d704c2c8f02977df9f0294c
DEBUG: activating version 00095ea30011443eb56af754aaf61642 with url='http://135.225.105.160:8004/resources/version/00095ea30011443eb56af754aaf61642/status'
  ✓ Activated version: 00095ea30011443eb56af754aaf61642
Updated resource 'res-procedure-initial-assessment' [translated] -> 7f8b074a78d74e25bdd13969596b2217
DEBUG: activating version 0e8821e87a1c475294335bd8fdde6609 with url='http://135.225.105.160:8004/resources/version/0e8821e87a1c475294335bd8fdde6609/status'
  ✓ Activated version: 0e8821e87a1c475294335bd8fdde6609
Updated resource 'res-procedure-calculate-due-date-and-ga' [translated] -> 23246cda86c14a48965ea5562c1d881a
DEBUG: activating version 90a240aa8d7d4963a5f030699904fe1f with url='http://135.225.105.160:8004/resources/version/90a240aa8d7d4963a5f030699904fe1f/status'
  ✓ Activated version: 90a240aa8d7d4963a5f030699904fe1f
Updated resource 'res-procedure-abdominal-examination' [translated] -> 22fe72ab04b74872bf835aa75bbd697f
DEBUG: activating version 0cd376a2676f4466bd71c959a4a80325 with url='http://135.225.105.160:8004/resources/version/0cd376a2676f4466bd71c959a4a80325/status'
  ✓ Activated version: 0cd376a2676f4466bd71c959a4a80325
Updated resource 'res-procedure-foetal-heart-rate' [translated] -> d9de7bce1e074be68e0fe08175e078a3
DEBUG: activating version d7ab931356154e898ead7d4f6ef2ae54 with url='http://135.225.105.160:8004/resources/version/d7ab931356154e898ead7d4f6ef2ae54/status'
  ✓ Activated version: d7ab931356154e898ead7d4f6ef2ae54
Updated resource 'res-procedure-vaginal-examination' [translated] -> 36b4dfa5862f4177b9ffec07d5ccf1ad
DEBUG: activating version 6ab57bb4e95c424da67f0007b4b8e7b3 with url='http://135.225.105.160:8004/resources/version/6ab57bb4e95c424da67f0007b4b8e7b3/status'
  ✓ Activated version: 6ab57bb4e95c424da67f0007b4b8e7b3
Updated resource 'res-procedure-monitoring' [translated] -> d1f11d9c386d4e489fc4cb3546bde4c7
DEBUG: activating version 9537d1bce5e14b94a16f4201282aff4e with url='http://135.225.105.160:8004/resources/version/9537d1bce5e14b94a16f4201282aff4e/status'
  ✓ Activated version: 9537d1bce5e14b94a16f4201282aff4e
Updated resource 'res-procedure-treatment-options' [translated] -> baa0dd6677bc46e1a4e027fd23c70af1
DEBUG: activating version 23bdbee647194487a0bcfaa71f3155cf with url='http://135.225.105.160:8004/resources/version/23bdbee647194487a0bcfaa71f3155cf/status'
  ✓ Activated version: 23bdbee647194487a0bcfaa71f3155cf
Updated resource 'res-procedure-caring-for-the-carer' [translated] -> 529555ff842140568f4984914c41a114
DEBUG: activating version ddd65c543f0d49559de36cc0628ed931 with url='http://135.225.105.160:8004/resources/version/ddd65c543f0d49559de36cc0628ed931/status'
  ✓ Activated version: ddd65c543f0d49559de36cc0628ed931
Updated resource 'res-procedure-screening-tools' [translated] -> ab30288a12bf4297af4945daae4278f5
DEBUG: activating version 3d6b337a60e7470a96c636ad7202632a with url='http://135.225.105.160:8004/resources/version/3d6b337a60e7470a96c636ad7202632a/status'
  ✓ Activated version: 3d6b337a60e7470a96c636ad7202632a
Updated resource 'res-procedure-cleaning-manual-vacuum-aspirator' [translated] -> 2b8fd9eadf09437f83b026adbb733642
DEBUG: activating version 151382f45a2b4a449774fe3c0f9f6538 with url='http://135.225.105.160:8004/resources/version/151382f45a2b4a449774fe3c0f9f6538/status'
  ✓ Activated version: 151382f45a2b4a449774fe3c0f9f6538
Updated resource 'res-procedure-urine-catheter' [translated] -> 0e0c839266bc49dbaedf1c819e851389
DEBUG: activating version 4122986cebb74eba861270ec7bd862c2 with url='http://135.225.105.160:8004/resources/version/4122986cebb74eba861270ec7bd862c2/status'
  ✓ Activated version: 4122986cebb74eba861270ec7bd862c2
Updated resource 'res-procedure-early-detection-of-pph' [translated] -> 13e0ea18e14a4098b1598fc3c4b52b0b
DEBUG: activating version 5ca39d9db7e646c7962b79d481bcdf8c with url='http://135.225.105.160:8004/resources/version/5ca39d9db7e646c7962b79d481bcdf8c/status'
  ✓ Activated version: 5ca39d9db7e646c7962b79d481bcdf8c
Updated resource 'res-procedure-urine-catheter' [translated] -> 0e0c839266bc49dbaedf1c819e851389
DEBUG: activating version bb22e8e94805458fb2d73929b222a17e with url='http://135.225.105.160:8004/resources/version/bb22e8e94805458fb2d73929b222a17e/status'
  ✓ Activated version: bb22e8e94805458fb2d73929b222a17e
Updated resource 'res-procedure-intramuscular-injection-im' [translated] -> 35325356b575487b8552d266a4648a2e
DEBUG: activating version 0dd08c4a446e4454a514f4270bc7c2cb with url='http://135.225.105.160:8004/resources/version/0dd08c4a446e4454a514f4270bc7c2cb/status'
  ✓ Activated version: 0dd08c4a446e4454a514f4270bc7c2cb
Updated resource 'res-procedure-condom-balloon-tamponade' [translated] -> 4583a02ed4d443d58e811bcdd8814b0e
DEBUG: activating version d59ce8b018d34e2eb3929104c046093a with url='http://135.225.105.160:8004/resources/version/d59ce8b018d34e2eb3929104c046093a/status'
  ✓ Activated version: d59ce8b018d34e2eb3929104c046093a
Updated resource 'res-procedure-non-pneumatic-anti-shock-garment' [translated] -> 333627eb25814a89bd601f5e5b82bc9a
DEBUG: activating version 730702f52c5f4c919d64bb50942a578a with url='http://135.225.105.160:8004/resources/version/730702f52c5f4c919d64bb50942a578a/status'
  ✓ Activated version: 730702f52c5f4c919d64bb50942a578a
Updated resource 'res-procedure-pelvic-floor-muscle-exercises' [translated] -> 17390a13e4a94220959280d9086145ed
DEBUG: activating version 50b9c22bfff9405ebc9526e9c965b570 with url='http://135.225.105.160:8004/resources/version/50b9c22bfff9405ebc9526e9c965b570/status'
  ✓ Activated version: 50b9c22bfff9405ebc9526e9c965b570
Updated resource 'res-procedure-comprehensive-breastfeeding-global' [translated] -> 9872f17d6dc34f2b982637b5d2be6aba
DEBUG: activating version ebdf75207b0a465a8fe66b7ef72bba04 with url='http://135.225.105.160:8004/resources/version/ebdf75207b0a465a8fe66b7ef72bba04/status'
  ✓ Activated version: ebdf75207b0a465a8fe66b7ef72bba04
Updated resource 'res-procedure-urine-catheter' [translated] -> 0e0c839266bc49dbaedf1c819e851389
DEBUG: activating version 4441df80af8f45f5b61f861cf7360eb8 with url='http://135.225.105.160:8004/resources/version/4441df80af8f45f5b61f861cf7360eb8/status'
  ✓ Activated version: 4441df80af8f45f5b61f861cf7360eb8
Updated resource 'res-procedure-foetal-heart-rate' [translated] -> d9de7bce1e074be68e0fe08175e078a3
DEBUG: activating version 5edd510e3ee34938a811b235245ec8b4 with url='http://135.225.105.160:8004/resources/version/5edd510e3ee34938a811b235245ec8b4/status'
  ✓ Activated version: 5edd510e3ee34938a811b235245ec8b4
Updated resource 'res-procedure-vacuum-extractor' [translated] -> 21b4843bda1b4ac4a6624ee11aa4216d
DEBUG: activating version 0138fafbfa8e4293b3e484a0f071ce5f with url='http://135.225.105.160:8004/resources/version/0138fafbfa8e4293b3e484a0f071ce5f/status'
  ✓ Activated version: 0138fafbfa8e4293b3e484a0f071ce5f
Updated resource 'res-procedure-physical-examination' [translated] -> b0d0c9a349be4108b1b1011ed0948e4e
DEBUG: activating version 7c102f5f0af940ef8210833d918b5fdc with url='http://135.225.105.160:8004/resources/version/7c102f5f0af940ef8210833d918b5fdc/status'
  ✓ Activated version: 7c102f5f0af940ef8210833d918b5fdc
Updated resource 'res-procedure-dating-the-pregnancy' [translated] -> 460b63484fab498183955d271520f952
DEBUG: activating version 077505481fa14f3eb3a9f909d063c2ea with url='http://135.225.105.160:8004/resources/version/077505481fa14f3eb3a9f909d063c2ea/status'
  ✓ Activated version: 077505481fa14f3eb3a9f909d063c2ea
Updated resource 'res-procedure-screening-tools' [translated] -> ab30288a12bf4297af4945daae4278f5
DEBUG: activating version db92879e0e1548db852cb05a5e84cf8b with url='http://135.225.105.160:8004/resources/version/db92879e0e1548db852cb05a5e84cf8b/status'
  ✓ Activated version: db92879e0e1548db852cb05a5e84cf8b
Updated resource 'res-action-card-newborn-management-routine-care' [translated] -> d533fa42d107486f9faea5209bc63694
DEBUG: activating version 310154b31036421a94207030306f8c4c with url='http://135.225.105.160:8004/resources/version/310154b31036421a94207030306f8c4c/status'
  ✓ Activated version: 310154b31036421a94207030306f8c4c
Updated resource 'res-action-card-essential-steps-for-amtsl' [translated] -> 33f119b2fcbb4b1388f7b67e0aa859e7
DEBUG: activating version 1dc04624203646a5bf578970721c1ec9 with url='http://135.225.105.160:8004/resources/version/1dc04624203646a5bf578970721c1ec9/status'
  ✓ Activated version: 1dc04624203646a5bf578970721c1ec9
Updated resource 'res-action-card-respectful-antenatal-care' [translated] -> 98fe9c81d7064019b666e6c9b2e64174
DEBUG: activating version 61a5451cbfe24827857804dc156d163f with url='http://135.225.105.160:8004/resources/version/61a5451cbfe24827857804dc156d163f/status'
  ✓ Activated version: 61a5451cbfe24827857804dc156d163f
Updated resource 'res-action-card-nutrition-and-lifestyle' [translated] -> 2aed1dfc70b14b7f8eeeb577ea8167eb
DEBUG: activating version 9108cc81a3064e4a908ae631dd4e5d5f with url='http://135.225.105.160:8004/resources/version/9108cc81a3064e4a908ae631dd4e5d5f/status'
  ✓ Activated version: 9108cc81a3064e4a908ae631dd4e5d5f
Updated resource 'res-action-card-birth-and-emergency-plan' [translated] -> fd989f335df94f9d8621545308d9dc97
DEBUG: activating version 3cfcf36802194af3a6a6362a536f80de with url='http://135.225.105.160:8004/resources/version/3cfcf36802194af3a6a6362a536f80de/status'
  ✓ Activated version: 3cfcf36802194af3a6a6362a536f80de
Updated resource 'res-action-card-interventions-for-common-physiological-symptoms' [translated] -> b6304b15fe254c3295957e45a962267c
DEBUG: activating version d066feb66a244fe386794e89911fa03a with url='http://135.225.105.160:8004/resources/version/d066feb66a244fe386794e89911fa03a/status'
  ✓ Activated version: d066feb66a244fe386794e89911fa03a
Updated resource 'res-action-card-violence-against-women' [translated] -> d8dfc8e4169e4e38816a010f080b9046
DEBUG: activating version ff60084121c14f518f8225138c844d15 with url='http://135.225.105.160:8004/resources/version/ff60084121c14f518f8225138c844d15/status'
  ✓ Activated version: ff60084121c14f518f8225138c844d15
Updated resource 'res-action-card-significant-symptoms-of-antenatal-complications' [translated] -> 7c357026e87c4591ad867fa90bab2f41
DEBUG: activating version c828eb0e04e449eb9155ae551b3b7e5e with url='http://135.225.105.160:8004/resources/version/c828eb0e04e449eb9155ae551b3b7e5e/status'
  ✓ Activated version: c828eb0e04e449eb9155ae551b3b7e5e
Updated resource 'res-action-card-threatened-preterm-labour' [translated] -> 53cd4b4bf60f49a2b533358dbc9efc36
DEBUG: activating version e8a2792794db4d29b35ada81debf21ff with url='http://135.225.105.160:8004/resources/version/e8a2792794db4d29b35ada81debf21ff/status'
  ✓ Activated version: e8a2792794db4d29b35ada81debf21ff
Updated resource 'res-action-card-checklist-1' [translated] -> 752335500fb84d42abfc9f0f62a4a941
DEBUG: activating version 63ad9e55244448c9b7820369e1e0f610 with url='http://135.225.105.160:8004/resources/version/63ad9e55244448c9b7820369e1e0f610/status'
  ✓ Activated version: 63ad9e55244448c9b7820369e1e0f610
Updated resource 'res-action-card-checklist-2' [translated] -> b19789650c1042a88d121da68ff0cdcb
DEBUG: activating version 0c0951ecfb4b434fadf90053a534a7ad with url='http://135.225.105.160:8004/resources/version/0c0951ecfb4b434fadf90053a534a7ad/status'
  ✓ Activated version: 0c0951ecfb4b434fadf90053a534a7ad
Updated resource 'res-action-card-postnatal-care' [translated] -> 0cb1f09bff674c7d80535b5726081247
DEBUG: activating version 5fbf590c029c463298d851beba766487 with url='http://135.225.105.160:8004/resources/version/5fbf590c029c463298d851beba766487/status'
  ✓ Activated version: 5fbf590c029c463298d851beba766487
Updated resource 'res-action-card-definition-and-complications' [translated] -> 27cfa1d0800a44b8ba7be0e9f7b48f14
DEBUG: activating version 96aba0eaebf94033bab5273418dae956 with url='http://135.225.105.160:8004/resources/version/96aba0eaebf94033bab5273418dae956/status'
  ✓ Activated version: 96aba0eaebf94033bab5273418dae956
Updated resource 'res-action-card-hypertension-definitions' [translated] -> de1f4ee5bd174aa599c70695ff993113
DEBUG: activating version db9e03f019fa43dfb08bf57f09182e69 with url='http://135.225.105.160:8004/resources/version/db9e03f019fa43dfb08bf57f09182e69/status'
  ✓ Activated version: db9e03f019fa43dfb08bf57f09182e69
Updated resource 'res-action-card-management-hypertension-new' [translated] -> 5c964406230d48b9b8b29002a8ab0b7e
DEBUG: activating version 8d1b41ffcecc463d8578126caf8f07bb with url='http://135.225.105.160:8004/resources/version/8d1b41ffcecc463d8578126caf8f07bb/status'
  ✓ Activated version: 8d1b41ffcecc463d8578126caf8f07bb
Updated resource 'res-action-card-hypertension-management-eclampsia-new' [translated] -> 81ea85ba801b4c98b778902a6f46658e
DEBUG: activating version a962e1c69dbf495c8332a6d9b1ef9cec with url='http://135.225.105.160:8004/resources/version/a962e1c69dbf495c8332a6d9b1ef9cec/status'
  ✓ Activated version: a962e1c69dbf495c8332a6d9b1ef9cec
Updated resource 'res-action-card-emergency-referral-hypertension' [translated] -> a4df8fa45aff4ce893a5f941f710e213
DEBUG: activating version 41956ca3bae54c50b5fbc32df4d5f526 with url='http://135.225.105.160:8004/resources/version/41956ca3bae54c50b5fbc32df4d5f526/status'
  ✓ Activated version: 41956ca3bae54c50b5fbc32df4d5f526
Updated resource 'res-action-card-newborn-management-prevention' [translated] -> e0b01f0328e24541bc8f3f25d46d5840
DEBUG: activating version d3dab9bb6330414780e1dc3480b18e36 with url='http://135.225.105.160:8004/resources/version/d3dab9bb6330414780e1dc3480b18e36/status'
  ✓ Activated version: d3dab9bb6330414780e1dc3480b18e36
Updated resource 'res-action-card-neonatal-jaundice' [translated] -> 9fe64818e53a4e4bb911e48b59e89f6b
DEBUG: activating version cf45698b9b2c4782b21c9c0f77006ebf with url='http://135.225.105.160:8004/resources/version/cf45698b9b2c4782b21c9c0f77006ebf/status'
  ✓ Activated version: cf45698b9b2c4782b21c9c0f77006ebf
Updated resource 'res-action-card-antibiotic-management' [translated] -> a21c053f992142cb99c22a5c52036332
DEBUG: activating version 32886935fa3d4d09a18158599a62353e with url='http://135.225.105.160:8004/resources/version/32886935fa3d4d09a18158599a62353e/status'
  ✓ Activated version: 32886935fa3d4d09a18158599a62353e
Updated resource 'res-action-card-newborn-management-pediatric-drugs-and-fluids' [translated] -> 616d33bf5f4c426cabc72263a0656cf7
DEBUG: activating version 192258f3b8074c1aaf200e03a26fcabb with url='http://135.225.105.160:8004/resources/version/192258f3b8074c1aaf200e03a26fcabb/status'
  ✓ Activated version: 192258f3b8074c1aaf200e03a26fcabb
Updated resource 'res-action-card-safe-oxygen-therapy' [translated] -> a16a63025711447da5f728daac6105df
DEBUG: activating version fa1f1846f44e4acb918a33ba74c3036e with url='http://135.225.105.160:8004/resources/version/fa1f1846f44e4acb918a33ba74c3036e/status'
  ✓ Activated version: fa1f1846f44e4acb918a33ba74c3036e
Updated resource 'res-action-card-emergency-referral-for-newborn' [translated] -> 52e34dee6cb541ec9d9310a5cd730bb8
DEBUG: activating version b66014fde16a4872ba3ae9ab15a5e9f5 with url='http://135.225.105.160:8004/resources/version/b66014fde16a4872ba3ae9ab15a5e9f5/status'
  ✓ Activated version: b66014fde16a4872ba3ae9ab15a5e9f5
Updated resource 'res-action-card-emergency-referral-manual-removal-of-placenta' [translated] -> df8923c4b29f4940baec119820020b07
DEBUG: activating version f21ab9c074be4d20b91d570b042dec93 with url='http://135.225.105.160:8004/resources/version/f21ab9c074be4d20b91d570b042dec93/status'
  ✓ Activated version: f21ab9c074be4d20b91d570b042dec93
Updated resource 'res-action-card-maternal-sepsis-definitions' [translated] -> 9ac7669da72d4fa894f35ed096bbebc4
DEBUG: activating version b534f5cd9bf24e3eb42beabc67c105dd with url='http://135.225.105.160:8004/resources/version/b534f5cd9bf24e3eb42beabc67c105dd/status'
  ✓ Activated version: b534f5cd9bf24e3eb42beabc67c105dd
Updated resource 'res-action-card-glasgow-coma-scale' [translated] -> 8c1fbfe80bc3450e9e63a0608293eed1
DEBUG: activating version 2953ac322fb84afab18588fea8555287 with url='http://135.225.105.160:8004/resources/version/2953ac322fb84afab18588fea8555287/status'
  ✓ Activated version: 2953ac322fb84afab18588fea8555287
Updated resource 'res-action-card-maternal-sepsis-emergency-management' [translated] -> ef0a8e4d496a46f29aaf54852c8f2477
DEBUG: activating version 17193a5f68a94b268300a056a5d9faeb with url='http://135.225.105.160:8004/resources/version/17193a5f68a94b268300a056a5d9faeb/status'
  ✓ Activated version: 17193a5f68a94b268300a056a5d9faeb
Updated resource 'res-action-card-maternal-sepsis-following-management' [translated] -> 4b09a710f0904815bd3297fad0bbda1b
DEBUG: activating version 20c7ee418c504614bc65bf4a23972a56 with url='http://135.225.105.160:8004/resources/version/20c7ee418c504614bc65bf4a23972a56/status'
  ✓ Activated version: 20c7ee418c504614bc65bf4a23972a56
Updated resource 'res-action-card-maternal-sepsis-identify-cause' [translated] -> b09f82a82a204a60a1c737caa313ecb2
DEBUG: activating version 73ab072f132346f4b516887f9c428cc1 with url='http://135.225.105.160:8004/resources/version/73ab072f132346f4b516887f9c428cc1/status'
  ✓ Activated version: 73ab072f132346f4b516887f9c428cc1
Updated resource 'res-action-card-emergency-referral-maternal-sepsis' [translated] -> cfdc2038ae344bf08595bbdd73448ecd
DEBUG: activating version ac187da719e7450e9ab931692afe9c18 with url='http://135.225.105.160:8004/resources/version/ac187da719e7450e9ab931692afe9c18/status'
  ✓ Activated version: ac187da719e7450e9ab931692afe9c18
Updated resource 'res-action-card-contraceptive-counselling' [translated] -> 13975ce1a7a94d4cb1d4225f519ba66c
DEBUG: activating version e6cbe8e616924670a5be08b3cac7face with url='http://135.225.105.160:8004/resources/version/e6cbe8e616924670a5be08b3cac7face/status'
  ✓ Activated version: e6cbe8e616924670a5be08b3cac7face
Updated resource 'res-action-card-permanent-methods' [translated] -> 0c74fff55bd24414b127ac0e875a3f44
DEBUG: activating version fbc7839b02db46d59d5b9e6536f7e30b with url='http://135.225.105.160:8004/resources/version/fbc7839b02db46d59d5b9e6536f7e30b/status'
  ✓ Activated version: fbc7839b02db46d59d5b9e6536f7e30b
Updated resource 'res-action-card-breastfeeding-and-contraception' [translated] -> 9676c8b3f7b3420abb73841d66ae8a99
DEBUG: activating version 2d55ca720e2e4451a16b296b6bde4786 with url='http://135.225.105.160:8004/resources/version/2d55ca720e2e4451a16b296b6bde4786/status'
  ✓ Activated version: 2d55ca720e2e4451a16b296b6bde4786
Updated resource 'res-action-card-neonatal-resuscitation' [translated] -> 9ab065e64f994d45aa1c3358208ba7ee
DEBUG: activating version 46eff1e5e54541679f5314bf93f19f45 with url='http://135.225.105.160:8004/resources/version/46eff1e5e54541679f5314bf93f19f45/status'
  ✓ Activated version: 46eff1e5e54541679f5314bf93f19f45
Updated resource 'res-action-card-safe-oxygen-therapy' [translated] -> a16a63025711447da5f728daac6105df
DEBUG: activating version 2e1f9089ef3c482e9c434e5b339c0dca with url='http://135.225.105.160:8004/resources/version/2e1f9089ef3c482e9c434e5b339c0dca/status'
  ✓ Activated version: 2e1f9089ef3c482e9c434e5b339c0dca
Updated resource 'res-action-card-newborn-management-pediatric-drugs-and-fluids' [translated] -> 616d33bf5f4c426cabc72263a0656cf7
DEBUG: activating version 6190c5ade5aa4b3e94cdc9edc680abe7 with url='http://135.225.105.160:8004/resources/version/6190c5ade5aa4b3e94cdc9edc680abe7/status'
  ✓ Activated version: 6190c5ade5aa4b3e94cdc9edc680abe7
Updated resource 'res-action-card-emergency-referral-newborn-management' [translated] -> 3c69ba9215ab4331a3fabbb5c7e92fe2
DEBUG: activating version aafc4d648aae4ada862ad27a645653d5 with url='http://135.225.105.160:8004/resources/version/aafc4d648aae4ada862ad27a645653d5/status'
  ✓ Activated version: aafc4d648aae4ada862ad27a645653d5
Updated resource 'res-action-card-newborn-management-prevention' [translated] -> e0b01f0328e24541bc8f3f25d46d5840
DEBUG: activating version dd3854ded30b4fa997e33cf58d98bd4c with url='http://135.225.105.160:8004/resources/version/dd3854ded30b4fa997e33cf58d98bd4c/status'
  ✓ Activated version: dd3854ded30b4fa997e33cf58d98bd4c
Updated resource 'res-action-card-neonatal-jaundice' [translated] -> 9fe64818e53a4e4bb911e48b59e89f6b
DEBUG: activating version 0143bc1820ff4f379f470f275b17eb34 with url='http://135.225.105.160:8004/resources/version/0143bc1820ff4f379f470f275b17eb34/status'
  ✓ Activated version: 0143bc1820ff4f379f470f275b17eb34
Updated resource 'res-action-card-newborn-management-routine-care' [translated] -> d533fa42d107486f9faea5209bc63694
DEBUG: activating version 02024c776558425e94f5d511b1bae92f with url='http://135.225.105.160:8004/resources/version/02024c776558425e94f5d511b1bae92f/status'
  ✓ Activated version: 02024c776558425e94f5d511b1bae92f
Updated resource 'res-action-card-newborn-management-danger-signs' [translated] -> 8f26b88f9d7d4e399af3a72c1b3258c7
DEBUG: activating version 4c22b5bc95c743ce8b548d504bc3435a with url='http://135.225.105.160:8004/resources/version/4c22b5bc95c743ce8b548d504bc3435a/status'
  ✓ Activated version: 4c22b5bc95c743ce8b548d504bc3435a
Updated resource 'res-action-card-newborn-management-management-of-danger-signs' [translated] -> 48bd12ebb77a4f81bdc03bec665abbf8
DEBUG: activating version da29776cec8942feb672461a671e146f with url='http://135.225.105.160:8004/resources/version/da29776cec8942feb672461a671e146f/status'
  ✓ Activated version: da29776cec8942feb672461a671e146f
Updated resource 'res-action-card-antibiotic-management' [translated] -> a21c053f992142cb99c22a5c52036332
DEBUG: activating version 939e8a301fbf49adb90da9247281d950 with url='http://135.225.105.160:8004/resources/version/939e8a301fbf49adb90da9247281d950/status'
  ✓ Activated version: 939e8a301fbf49adb90da9247281d950
Updated resource 'res-action-card-newborn-management-pediatric-drugs-and-fluids' [translated] -> 616d33bf5f4c426cabc72263a0656cf7
DEBUG: activating version bfee99a6a90549b2877c6c3af23b05a3 with url='http://135.225.105.160:8004/resources/version/bfee99a6a90549b2877c6c3af23b05a3/status'
  ✓ Activated version: bfee99a6a90549b2877c6c3af23b05a3
Updated resource 'res-action-card-safe-oxygen-therapy' [translated] -> a16a63025711447da5f728daac6105df
DEBUG: activating version 32269df81cd7432bba8f8440fb2e0f3e with url='http://135.225.105.160:8004/resources/version/32269df81cd7432bba8f8440fb2e0f3e/status'
  ✓ Activated version: 32269df81cd7432bba8f8440fb2e0f3e
Updated resource 'res-action-card-emergency-referral-newborn-management' [translated] -> 3c69ba9215ab4331a3fabbb5c7e92fe2
DEBUG: activating version 7c1ebca635874b3c9b12f45982b7c8b7 with url='http://135.225.105.160:8004/resources/version/7c1ebca635874b3c9b12f45982b7c8b7/status'
  ✓ Activated version: 7c1ebca635874b3c9b12f45982b7c8b7
Updated resource 'res-action-card-risk-factors-causes' [translated] -> 1f78310448fd41f9975eb8c52076a7cf
DEBUG: activating version 4198e14c40f9484b8ce5f050b4c43ca2 with url='http://135.225.105.160:8004/resources/version/4198e14c40f9484b8ce5f050b4c43ca2/status'
  ✓ Activated version: 4198e14c40f9484b8ce5f050b4c43ca2
Updated resource 'res-action-card-screening' [translated] -> 897e9ce1f2c1435e9d26d9c11d40468f
DEBUG: activating version 7498aa1920e448cf9e5cf8361fc237af with url='http://135.225.105.160:8004/resources/version/7498aa1920e448cf9e5cf8361fc237af/status'
  ✓ Activated version: 7498aa1920e448cf9e5cf8361fc237af
Updated resource 'res-action-card-perinatal-mental-health-conditions' [translated] -> 7858c1c56a3e4f90a774cb4124416e48
DEBUG: activating version 4c8d404950674c2c91dfd9531cf779f0 with url='http://135.225.105.160:8004/resources/version/4c8d404950674c2c91dfd9531cf779f0/status'
  ✓ Activated version: 4c8d404950674c2c91dfd9531cf779f0
Updated resource 'res-action-card-infant-outcomes' [translated] -> f440d57c71cb47548bbfff9f93a33d53
DEBUG: activating version b9b6f8eaf314492fb77267c08bb5b0e7 with url='http://135.225.105.160:8004/resources/version/b9b6f8eaf314492fb77267c08bb5b0e7/status'
  ✓ Activated version: b9b6f8eaf314492fb77267c08bb5b0e7
Updated resource 'res-action-card-violence-against-women' [translated] -> d8dfc8e4169e4e38816a010f080b9046
DEBUG: activating version d0d3dc24dd1045bcb24fba088a25d7c1 with url='http://135.225.105.160:8004/resources/version/d0d3dc24dd1045bcb24fba088a25d7c1/status'
  ✓ Activated version: d0d3dc24dd1045bcb24fba088a25d7c1
Updated resource 'res-action-card-post-abortion-care-definitions' [translated] -> 0ca0b1afd9c44698a92e3b6efeb2f303
DEBUG: activating version 6175666e03044483967b5e2dc60f78ed with url='http://135.225.105.160:8004/resources/version/6175666e03044483967b5e2dc60f78ed/status'
  ✓ Activated version: 6175666e03044483967b5e2dc60f78ed
Updated resource 'res-action-card-post-abortion-care-emergency-management' [translated] -> 8ddb864237314dd2a4a9dbf343fa600a
DEBUG: activating version 8b46d0952e3e48b1ad90608de33ac183 with url='http://135.225.105.160:8004/resources/version/8b46d0952e3e48b1ad90608de33ac183/status'
  ✓ Activated version: 8b46d0952e3e48b1ad90608de33ac183
Updated resource 'res-action-card-post-abortion-care-following-management' [translated] -> 5e74376cccc34f48bfa52694d64ea32e
DEBUG: activating version 7bc8dabf74444f24a198388a090a77d8 with url='http://135.225.105.160:8004/resources/version/7bc8dabf74444f24a198388a090a77d8/status'
  ✓ Activated version: 7bc8dabf74444f24a198388a090a77d8
Updated resource 'res-action-card-emergency-referral-post-abortion-care' [translated] -> 485ab71af6cc4b3e90108ffe0d89f0a2
DEBUG: activating version c7f149dc5a514366b9b64ec8a5a54ef6 with url='http://135.225.105.160:8004/resources/version/c7f149dc5a514366b9b64ec8a5a54ef6/status'
  ✓ Activated version: c7f149dc5a514366b9b64ec8a5a54ef6
Updated resource 'res-action-card-pph-bundle-of-care' [translated] -> 7ec8bd5e16264edca082df33889e9125
DEBUG: activating version 30587afe16484e4ca4c0bae997435f4e with url='http://135.225.105.160:8004/resources/version/30587afe16484e4ca4c0bae997435f4e/status'
  ✓ Activated version: 30587afe16484e4ca4c0bae997435f4e
Updated resource 'res-action-card-post-partum-hemorrage-uterus' [translated] -> f6a936a3be754237b7f1a6e531a7c3f2
DEBUG: activating version 7fec2190880645ff9323bcb19a3c642c with url='http://135.225.105.160:8004/resources/version/7fec2190880645ff9323bcb19a3c642c/status'
  ✓ Activated version: 7fec2190880645ff9323bcb19a3c642c
Updated resource 'res-action-card-post-partum-hemorrage-head' [translated] -> 5c8763957ad54bca93b87baa61eea1b7
DEBUG: activating version 006245bbd16d46e8b59f51a1b34c3660 with url='http://135.225.105.160:8004/resources/version/006245bbd16d46e8b59f51a1b34c3660/status'
  ✓ Activated version: 006245bbd16d46e8b59f51a1b34c3660
Updated resource 'res-action-card-post-partum-hemorrage-arms' [translated] -> 21341215fa274d89abd1de95f03dd1e4
DEBUG: activating version 50e2a610fab84f7e827b5b198312b9d0 with url='http://135.225.105.160:8004/resources/version/50e2a610fab84f7e827b5b198312b9d0/status'
  ✓ Activated version: 50e2a610fab84f7e827b5b198312b9d0
Updated resource 'res-action-card-emergency-referral-post-partum-hemorrhage' [translated] -> 3f8e85553ca3474ea081671767faed8f
DEBUG: activating version 8331918d9f064b63b63c17aec96eab68 with url='http://135.225.105.160:8004/resources/version/8331918d9f064b63b63c17aec96eab68/status'
  ✓ Activated version: 8331918d9f064b63b63c17aec96eab68
Updated resource 'res-action-card-treatment-of-anaemia-after-pph' [translated] -> 57cf68e5163c47318510fe995ea9c5de
DEBUG: activating version 8a4e2113c9674e00a61f36bac3441743 with url='http://135.225.105.160:8004/resources/version/8a4e2113c9674e00a61f36bac3441743/status'
  ✓ Activated version: 8a4e2113c9674e00a61f36bac3441743
Updated resource 'res-action-card-mother' [translated] -> 49cf8f8f89d9482c8a045b558557bb58
DEBUG: activating version bb41e6489e92408e9d0b25c37e3c1638 with url='http://135.225.105.160:8004/resources/version/bb41e6489e92408e9d0b25c37e3c1638/status'
  ✓ Activated version: bb41e6489e92408e9d0b25c37e3c1638
Updated resource 'res-action-card-newborn' [translated] -> 08590d0000a3482fbbfd21b706e9d646
DEBUG: activating version 3f00428eb9e64424b4df7281cd152137 with url='http://135.225.105.160:8004/resources/version/3f00428eb9e64424b4df7281cd152137/status'
  ✓ Activated version: 3f00428eb9e64424b4df7281cd152137
Updated resource 'res-action-card-vacuum-delivery-indications' [translated] -> 782b222dfa454817b226cf80959275cc
DEBUG: activating version 8f68c160a90349e6ae238c0eddc1f73c with url='http://135.225.105.160:8004/resources/version/8f68c160a90349e6ae238c0eddc1f73c/status'
  ✓ Activated version: 8f68c160a90349e6ae238c0eddc1f73c
Updated resource 'res-action-card-vacuum-delivery-prerequisites' [translated] -> cfcbd21b6cd54708b6a3bd60e04bdb7b
DEBUG: activating version 9dfcd9effc8745d78d22f4a1ef8f8807 with url='http://135.225.105.160:8004/resources/version/9dfcd9effc8745d78d22f4a1ef8f8807/status'
  ✓ Activated version: 9dfcd9effc8745d78d22f4a1ef8f8807
Updated resource 'res-action-card-vacuum-delivery-procedure-as-by-also' [translated] -> a20d9f43151743968c3364e6294cd199
DEBUG: activating version 4ea87681c6914d849085d77d6d8c9393 with url='http://135.225.105.160:8004/resources/version/4ea87681c6914d849085d77d6d8c9393/status'
  ✓ Activated version: 4ea87681c6914d849085d77d6d8c9393
Updated resource 'res-action-card-emergency-referral-prolonged-labour' [translated] -> 6588e14639f346dfb20ee35301d61a99
DEBUG: activating version ff8eaa1e0da4463aa905816061860bb1 with url='http://135.225.105.160:8004/resources/version/ff8eaa1e0da4463aa905816061860bb1/status'
  ✓ Activated version: ff8eaa1e0da4463aa905816061860bb1
Updated resource 'res-action-card-abortion-counselling' [translated] -> 508e164e56cc40a1893da38fce776365
DEBUG: activating version 37efacccaf254dceb64f99f95cd96e16 with url='http://135.225.105.160:8004/resources/version/37efacccaf254dceb64f99f95cd96e16/status'
  ✓ Activated version: 37efacccaf254dceb64f99f95cd96e16
Updated resource 'res-action-card-pre-abortion-care-the-initial-assessment' [translated] -> a311c317c29843669dab6a65caac2055
DEBUG: activating version fee82bceb9c846dda77006b49743a0dd with url='http://135.225.105.160:8004/resources/version/fee82bceb9c846dda77006b49743a0dd/status'
  ✓ Activated version: fee82bceb9c846dda77006b49743a0dd
Updated resource 'res-action-card-laboratory-tests' [translated] -> 55e7b730c8684cc2bb8f6ddd981f00bf
DEBUG: activating version 98ed13c83f544f61a7b9ca4d58187f07 with url='http://135.225.105.160:8004/resources/version/98ed13c83f544f61a7b9ca4d58187f07/status'
  ✓ Activated version: 98ed13c83f544f61a7b9ca4d58187f07
Updated resource 'res-action-card-contraception-following-abortion' [translated] -> a803615b4e4e463ba24b42d4152e01b2
DEBUG: activating version c240f0ad22fa42b89cebf2f10515eaeb with url='http://135.225.105.160:8004/resources/version/c240f0ad22fa42b89cebf2f10515eaeb/status'
  ✓ Activated version: c240f0ad22fa42b89cebf2f10515eaeb
Updated resource 'res-action-card-cervical-preparation-before-surgical-abortion' [translated] -> d5c4dd36831c4b0e9efc2ac71b9b82e3
DEBUG: activating version 2d7f9a95e92240589a86132aa90635da with url='http://135.225.105.160:8004/resources/version/2d7f9a95e92240589a86132aa90635da/status'
  ✓ Activated version: 2d7f9a95e92240589a86132aa90635da
Updated resource 'res-action-card-treatment-regimens-for-medical-abortion-1-trimester' [translated] -> 928878565a964922a60f5633197afea7
DEBUG: activating version 1f104b3258404ed682429c279cf17063 with url='http://135.225.105.160:8004/resources/version/1f104b3258404ed682429c279cf17063/status'
  ✓ Activated version: 1f104b3258404ed682429c279cf17063
Updated resource 'res-action-card-treatment-regimens-for-medical-abortion-2-trimester' [translated] -> 9a9d5c8a1d764c8f857620f6b8c65a3d
DEBUG: activating version d1386db8fe174e59b5c730170b1702ff with url='http://135.225.105.160:8004/resources/version/d1386db8fe174e59b5c730170b1702ff/status'
  ✓ Activated version: d1386db8fe174e59b5c730170b1702ff
Updated resource 'res-action-card-warning-signs-abortion-complications' [translated] -> 79a5c9790f3847299661d15083385a78
DEBUG: activating version 4b04656ac4e94db5afbc7508d87d411c with url='http://135.225.105.160:8004/resources/version/4b04656ac4e94db5afbc7508d87d411c/status'
  ✓ Activated version: 4b04656ac4e94db5afbc7508d87d411c
Updated resource 'res-action-card-antibiotic-prophylaxis-for-surgical-and-medical-abortion' [translated] -> dd6d01a063994b7081afbc713fe63dac
DEBUG: activating version 85dcd561d29b488299685c4449f633c0 with url='http://135.225.105.160:8004/resources/version/85dcd561d29b488299685c4449f633c0/status'
  ✓ Activated version: 85dcd561d29b488299685c4449f633c0
Updated resource 'res-action-card-pain-management' [translated] -> 03b6581db5e549bfbe13ca4eaeed57e7
DEBUG: activating version f55594a83d4542c1a93a87741d2b77c3 with url='http://135.225.105.160:8004/resources/version/f55594a83d4542c1a93a87741d2b77c3/status'
  ✓ Activated version: f55594a83d4542c1a93a87741d2b77c3
Updated resource 'res-action-card-overview-of-the-different-abortion-methods' [translated] -> c0bc6375e3bc4bc3bfdeafff4578edc4
DEBUG: activating version 9c8459b1bf9d4618ac4e231a7d148173 with url='http://135.225.105.160:8004/resources/version/9c8459b1bf9d4618ac4e231a7d148173/status'
  ✓ Activated version: 9c8459b1bf9d4618ac4e231a7d148173
Updated resource 'res-action-card-telemedicine' [translated] -> 9e6fb1914fba49698413b398df665785
DEBUG: activating version 830c3cf270aa424eadb8c3dd1339f222 with url='http://135.225.105.160:8004/resources/version/830c3cf270aa424eadb8c3dd1339f222/status'
  ✓ Activated version: 830c3cf270aa424eadb8c3dd1339f222

=== STEP 3: Post KLPs ===
Fetching existing KLPs from API...
Fetched 2761 existing KLPs from API
Posting 683 KLPs from klps.csv...
  → Recovered missing Language ID for KLP via mapping: 3f81bdd31b204d038f9023769a13cddb
  Warning: Link slug 'res-video-intro' not in mapping, removing from question
Updated KLP 'klp-2-active-management' -> 402138cd650048f49a0bff716ce277f5
DEBUG: activating version 19a3aeb2517044de9a3ef0f7ddba64c6 with url='http://135.225.105.160:8004/klps/versions/19a3aeb2517044de9a3ef0f7ddba64c6/status'
  ✓ Activated version: 19a3aeb2517044de9a3ef0f7ddba64c6
  → Recovered missing Language ID for KLP via mapping: 3f81bdd31b204d038f9023769a13cddb
  Warning: Link slug 'res-video-give-a-uterotonic-drug' not in mapping, removing from question
Updated KLP 'klp-1-uterotonic-drug' -> 0987dd3ddc6245b981c2e96a02434a01
DEBUG: activating version 52f6c04b9bd54e15800460e2ff5dd744 with url='http://135.225.105.160:8004/klps/versions/52f6c04b9bd54e15800460e2ff5dd744/status'
  ✓ Activated version: 52f6c04b9bd54e15800460e2ff5dd744
  → Recovered missing Language ID for KLP via mapping: 3f81bdd31b204d038f9023769a13cddb
  Warning: Link slug 'res-video-give-a-uterotonic-drug' not in mapping, removing from question
Updated KLP 'klp-1-oxytocin' -> 6604e0c3f9a146229a863bb122ab0f59
DEBUG: activating version 4225f65234a6443ca5d9d6d1212711fb with url='http://135.225.105.160:8004/klps/versions/4225f65234a6443ca5d9d6d1212711fb/status'
  ✓ Activated version: 4225f65234a6443ca5d9d6d1212711fb
  → Recovered missing Language ID for KLP via mapping: 3f81bdd31b204d038f9023769a13cddb
Updated KLP 'klp-1-dose-of-oxytocin' -> 0ee23f34ff344bf1a2d5368a1497626b
DEBUG: activating version 73fa697d4d7f4a3a9e2dca32281d1d9d with url='http://135.225.105.160:8004/klps/versions/73fa697d4d7f4a3a9e2dca32281d1d9d/status'
  ✓ Activated version: 73fa697d4d7f4a3a9e2dca32281d1d9d
  → Recovered missing Language ID for KLP via mapping: 3f81bdd31b204d038f9023769a13cddb
  Warning: Link slug 'res-video-give-a-uterotonic-drug' not in mapping, removing from question
Updated KLP 'klp-1-when-to-give-oxytocin' -> c48ab917d13c4de6a726a00559ed97c4
DEBUG: activating version 8cb507d8c7654f3488a8b30d89f489b8 with url='http://135.225.105.160:8004/klps/versions/8cb507d8c7654f3488a8b30d89f489b8/status'
  ✓ Activated version: 8cb507d8c7654f3488a8b30d89f489b8
  → Recovered missing Language ID for KLP via mapping: 3f81bdd31b204d038f9023769a13cddb
Updated KLP 'klp-3-storage-of-oxytocin' -> d4e9619ef6f14d9ba0834ab890874cb8
DEBUG: activating version ec17a18b12e04be9a482e84c8d2f6d47 with url='http://135.225.105.160:8004/klps/versions/ec17a18b12e04be9a482e84c8d2f6d47/status'
  ✓ Activated version: ec17a18b12e04be9a482e84c8d2f6d47
  → Recovered missing Language ID for KLP via mapping: 3f81bdd31b204d038f9023769a13cddb
Updated KLP 'klp-1-misoprostol' -> 43a49228f4344ec49d441967fec48ee9
DEBUG: activating version b01f08d55cfe4f41a89c6fe6bc70ee44 with url='http://135.225.105.160:8004/klps/versions/b01f08d55cfe4f41a89c6fe6bc70ee44/status'
  ✓ Activated version: b01f08d55cfe4f41a89c6fe6bc70ee44
  → Recovered missing Language ID for KLP via mapping: 3f81bdd31b204d038f9023769a13cddb
Updated KLP 'klp-1-heat-stable-carbetocin' -> 62628b141496423fb9a568e1568b87ae
DEBUG: activating version cf2094f441d545edbdca0a4b58b3b27d with url='http://135.225.105.160:8004/klps/versions/cf2094f441d545edbdca0a4b58b3b27d/status'
  ✓ Activated version: cf2094f441d545edbdca0a4b58b3b27d
  → Recovered missing Language ID for KLP via mapping: 3f81bdd31b204d038f9023769a13cddb
  Warning: Link slug 'res-video-assess-the-newborn' not in mapping, removing from question
Updated KLP 'klp-1-when-to-assess-the-newborn' -> c59866dc4ff4414b9740535bac7de083
DEBUG: activating version 569f01aa049341e88f79785dc8c9891c with url='http://135.225.105.160:8004/klps/versions/569f01aa049341e88f79785dc8c9891c/status'
  ✓ Activated version: 569f01aa049341e88f79785dc8c9891c
  → Recovered missing Language ID for KLP via mapping: 3f81bdd31b204d038f9023769a13cddb
  Warning: Link slug 'res-video-assess-the-newborn' not in mapping, removing from question
Updated KLP 'klp-2-thick-meconium' -> 2e025e6b3bde4094b259e69b6250e87e
DEBUG: activating version 8ec6463eb62e4df5b948d1891bb818fa with url='http://135.225.105.160:8004/klps/versions/8ec6463eb62e4df5b948d1891bb818fa/status'
  ✓ Activated version: 8ec6463eb62e4df5b948d1891bb818fa
  → Recovered missing Language ID for KLP via mapping: 3f81bdd31b204d038f9023769a13cddb
  Warning: Link slug 'res-video-assess-the-newborn' not in mapping, removing from question
Updated KLP 'klp-1-suction-thick-meconium' -> 8c6ea05918db40f08e3eae6559445c68
DEBUG: activating version a6e2071fc75745ee866047bcad061c4b with url='http://135.225.105.160:8004/klps/versions/a6e2071fc75745ee866047bcad061c4b/status'
  ✓ Activated version: a6e2071fc75745ee866047bcad061c4b
  → Recovered missing Language ID for KLP via mapping: 3f81bdd31b204d038f9023769a13cddb
  Warning: Link slug 'res-video-assess-the-newborn' not in mapping, removing from question
Updated KLP 'klp-2-dry-of-the-baby' -> 7053396674114fc49a1180996001ccc9
DEBUG: activating version 4f06400c2093447e98db9fbcbca13e0e with url='http://135.225.105.160:8004/klps/versions/4f06400c2093447e98db9fbcbca13e0e/status'
  ✓ Activated version: 4f06400c2093447e98db9fbcbca13e0e
  → Recovered missing Language ID for KLP via mapping: 3f81bdd31b204d038f9023769a13cddb
  Warning: Link slug 'res-video-assess-the-newborn' not in mapping, removing from question
Updated KLP 'klp-3-warm-baby' -> 9cdf35c620614d6fb3f67a79e834e817
DEBUG: activating version 8050f582649644cfa3d156fe14ca4ed4 with url='http://135.225.105.160:8004/klps/versions/8050f582649644cfa3d156fe14ca4ed4/status'
  ✓ Activated version: 8050f582649644cfa3d156fe14ca4ed4
  → Recovered missing Language ID for KLP via mapping: 3f81bdd31b204d038f9023769a13cddb
  Warning: Link slug 'res-video-assess-the-newborn' not in mapping, removing from question
Updated KLP 'klp-1-newborn-not-breathing-well' -> ce5385a6e53748d6be66e64ab48a9291
DEBUG: activating version e2f1678113b74676b91f1f916e28807c with url='http://135.225.105.160:8004/klps/versions/e2f1678113b74676b91f1f916e28807c/status'
  ✓ Activated version: e2f1678113b74676b91f1f916e28807c
  → Recovered missing Language ID for KLP via mapping: 3f81bdd31b204d038f9023769a13cddb
  Warning: Link slug 'res-video-assess-the-newborn' not in mapping, removing from question
Updated KLP 'klp-2-stable-newborn' -> 2b323c49c2664fcda8a898182062da67
DEBUG: activating version 9674a3789468432b9e8ba2af22712cb0 with url='http://135.225.105.160:8004/klps/versions/9674a3789468432b9e8ba2af22712cb0/status'
  ✓ Activated version: 9674a3789468432b9e8ba2af22712cb0
  → Recovered missing Language ID for KLP via mapping: 3f81bdd31b204d038f9023769a13cddb
  Warning: Link slug 'res-video-clamp-and-cut-the-umbilical-cord' not in mapping, removing from question
Updated KLP 'klp-3-clamp-umbilical-cord' -> da664d431d5b45b988a2942125f428a5
DEBUG: activating version da5b51fb58ff49f592d665d3cc0d6634 with url='http://135.225.105.160:8004/klps/versions/da5b51fb58ff49f592d665d3cc0d6634/status'
  ✓ Activated version: da5b51fb58ff49f592d665d3cc0d6634
  → Recovered missing Language ID for KLP via mapping: 3f81bdd31b204d038f9023769a13cddb
  Warning: Link slug 'res-video-controlled-cord-traction' not in mapping, removing from question
Updated KLP 'klp-2-cord-traction' -> f10dbba0057348a4b410e83179ce5404
DEBUG: activating version 69a2782945084c3cb2629416cb3f3074 with url='http://135.225.105.160:8004/klps/versions/69a2782945084c3cb2629416cb3f3074/status'
  ✓ Activated version: 69a2782945084c3cb2629416cb3f3074
  → Recovered missing Language ID for KLP via mapping: 3f81bdd31b204d038f9023769a13cddb
  Warning: Link slug 'res-video-controlled-cord-traction' not in mapping, removing from question
Updated KLP 'klp-3-counter-pressure-pubic-bone' -> be231cdfaca6473c81416105d28d4f28
DEBUG: activating version b6ce86ba81524fec91d905998403663a with url='http://135.225.105.160:8004/klps/versions/b6ce86ba81524fec91d905998403663a/status'
  ✓ Activated version: b6ce86ba81524fec91d905998403663a
  → Recovered missing Language ID for KLP via mapping: 3f81bdd31b204d038f9023769a13cddb
  Warning: Link slug 'res-video-controlled-cord-traction' not in mapping, removing from question
Updated KLP 'klp-3-rounded-uterus' -> b3ca4de62c4e4acc8de4a756567e3c0a
DEBUG: activating version fc5a13ee5538493191d9d9b8161f5561 with url='http://135.225.105.160:8004/klps/versions/fc5a13ee5538493191d9d9b8161f5561/status'
  ✓ Activated version: fc5a13ee5538493191d9d9b8161f5561
  → Recovered missing Language ID for KLP via mapping: 3f81bdd31b204d038f9023769a13cddb
  Warning: Link slug 'res-video-controlled-cord-traction' not in mapping, removing from question
Updated KLP 'klp-3-push-for-the-placenta' -> d850fe7c73ce4e6da672bd944aea54f0
DEBUG: activating version be17ee246f704d9aba2a8c567353e576 with url='http://135.225.105.160:8004/klps/versions/be17ee246f704d9aba2a8c567353e576/status'
  ✓ Activated version: be17ee246f704d9aba2a8c567353e576
  → Recovered missing Language ID for KLP via mapping: 3f81bdd31b204d038f9023769a13cddb
  Warning: Link slug 'res-video-controlled-cord-traction' not in mapping, removing from question
Updated KLP 'klp-1-check-uterus' -> b4eced214cdf486e92c8466eaddfe793
DEBUG: activating version 1d5ba69735c6437082ded7949dbab62f with url='http://135.225.105.160:8004/klps/versions/1d5ba69735c6437082ded7949dbab62f/status'
  ✓ Activated version: 1d5ba69735c6437082ded7949dbab62f
  → Recovered missing Language ID for KLP via mapping: 3f81bdd31b204d038f9023769a13cddb
  Warning: Link slug 'res-video-controlled-cord-traction' not in mapping, removing from question
Updated KLP 'klp-2-measure-blood-loss' -> 998fdbcdf78c421f8f655a7ec53369e1
DEBUG: activating version 83377219a8eb41a985938576b591f0a2 with url='http://135.225.105.160:8004/klps/versions/83377219a8eb41a985938576b591f0a2/status'
  ✓ Activated version: 83377219a8eb41a985938576b591f0a2
  → Recovered missing Language ID for KLP via mapping: 3f81bdd31b204d038f9023769a13cddb
  Warning: Link slug 'res-video-examine-the-placenta' not in mapping, removing from question
Updated KLP 'klp-1-examine-the-placenta' -> d2c3436378ba4c79bdf0f2e2825b700b
DEBUG: activating version bb84dabed30e446ea3b1fe31f0ef517c with url='http://135.225.105.160:8004/klps/versions/bb84dabed30e446ea3b1fe31f0ef517c/status'
  ✓ Activated version: bb84dabed30e446ea3b1fe31f0ef517c
  → Recovered missing Language ID for KLP via mapping: 3f81bdd31b204d038f9023769a13cddb
  Warning: Link slug 'res-video-examine-the-placenta' not in mapping, removing from question
Updated KLP 'klp-2-maternal-surface-of-placenta' -> 68fdf927d3ba46c9bcc9ced2b07540b8
DEBUG: activating version 21235e26c0b9483cba574d3d03094f6c with url='http://135.225.105.160:8004/klps/versions/21235e26c0b9483cba574d3d03094f6c/status'
  ✓ Activated version: 21235e26c0b9483cba574d3d03094f6c
  → Recovered missing Language ID for KLP via mapping: 3f81bdd31b204d038f9023769a13cddb
  Warning: Link slug 'res-video-monitoring' not in mapping, removing from question
Updated KLP 'klp-2-no-unattended-mother-and-newborn' -> ca002d394e2b4438bf405bb768fc5f5e
DEBUG: activating version db69a57aa39a4c11aeb3b234630561a2 with url='http://135.225.105.160:8004/klps/versions/db69a57aa39a4c11aeb3b234630561a2/status'
  ✓ Activated version: db69a57aa39a4c11aeb3b234630561a2
  → Recovered missing Language ID for KLP via mapping: 3f81bdd31b204d038f9023769a13cddb
  Warning: Link slug 'res-video-monitoring' not in mapping, removing from question
Updated KLP 'klp-3-skin-to-skin-contact' -> 845cf0e6b580477c98f74902ffe86e1f
DEBUG: activating version 8fbf183eaba6472caccc14b50d34b4a2 with url='http://135.225.105.160:8004/klps/versions/8fbf183eaba6472caccc14b50d34b4a2/status'
  ✓ Activated version: 8fbf183eaba6472caccc14b50d34b4a2
  → Recovered missing Language ID for KLP via mapping: 3f81bdd31b204d038f9023769a13cddb
  Warning: Link slug 'res-video-monitoring' not in mapping, removing from question
Updated KLP 'klp-1-check-mother-after-birth' -> e0cfee3141e041799e8cfff6704c5e62
DEBUG: activating version 894ca098f74246b690471d766671b3b9 with url='http://135.225.105.160:8004/klps/versions/894ca098f74246b690471d766671b3b9/status'
  ✓ Activated version: 894ca098f74246b690471d766671b3b9
  → Recovered missing Language ID for KLP via mapping: 3f81bdd31b204d038f9023769a13cddb
  Warning: Link slug 'res-video-monitoring' not in mapping, removing from question
Updated KLP 'klp-3-how-often-check-mother' -> 364d30b39bf04972b247311afab556e9
DEBUG: activating version 4dd06ba156b644f8922c8e79a276536c with url='http://135.225.105.160:8004/klps/versions/4dd06ba156b644f8922c8e79a276536c/status'
  ✓ Activated version: 4dd06ba156b644f8922c8e79a276536c
  → Recovered missing Language ID for KLP via mapping: 3f81bdd31b204d038f9023769a13cddb
  Warning: Link slug 'res-video-monitoring' not in mapping, removing from question
Updated KLP 'klp-3-how-often-check-newborn' -> f5cf87309fb54b63b023b3e0185e6b30
DEBUG: activating version 37a08f86093b4725852e5352b13c2720 with url='http://135.225.105.160:8004/klps/versions/37a08f86093b4725852e5352b13c2720/status'
  ✓ Activated version: 37a08f86093b4725852e5352b13c2720
  → Recovered missing Language ID for KLP via mapping: 3f81bdd31b204d038f9023769a13cddb
  Warning: Link slug 'res-video-monitoring' not in mapping, removing from question
Updated KLP 'klp-2-check-the-newborn-after-birth' -> 5897ddf5eb5a42369c27a5137f54cceb
DEBUG: activating version d90918ee194e42d19cfdef5c16b02f8f with url='http://135.225.105.160:8004/klps/versions/d90918ee194e42d19cfdef5c16b02f8f/status'
  ✓ Activated version: d90918ee194e42d19cfdef5c16b02f8f
  → Recovered missing Language ID for KLP via mapping: 3f81bdd31b204d038f9023769a13cddb
  Warning: Link slug 'res-video-monitoring' not in mapping, removing from question
Updated KLP 'klp-3-cord-monitor' -> 69309d4554774f3cb20e717dfd808152
DEBUG: activating version 0c8f22f5b9d749a9959c4f198fca3021 with url='http://135.225.105.160:8004/klps/versions/0c8f22f5b9d749a9959c4f198fca3021/status'
  ✓ Activated version: 0c8f22f5b9d749a9959c4f198fca3021
  → Recovered missing Language ID for KLP via mapping: 3f81bdd31b204d038f9023769a13cddb
  Warning: Link slug 'res-video-monitoring' not in mapping, removing from question
Updated KLP 'klp-2-apgar-score-and-vit-k' -> 87c6202ffb354c01afa476fb997398da
DEBUG: activating version 738d6128e84043ddb0973448c72d5262 with url='http://135.225.105.160:8004/klps/versions/738d6128e84043ddb0973448c72d5262/status'
  ✓ Activated version: 738d6128e84043ddb0973448c72d5262
  → Recovered missing Language ID for KLP via mapping: 3f81bdd31b204d038f9023769a13cddb
  Warning: Link slug 'res-video-monitoring' not in mapping, removing from question
Updated KLP 'klp-2-early-breastfeeding-newborn' -> 17c792da81774f58a83d37533f80274c
DEBUG: activating version 731bb834d5e94de8be0470bf24ceaecb with url='http://135.225.105.160:8004/klps/versions/731bb834d5e94de8be0470bf24ceaecb/status'
  ✓ Activated version: 731bb834d5e94de8be0470bf24ceaecb
  → Recovered missing Language ID for KLP via mapping: 3f81bdd31b204d038f9023769a13cddb
  Warning: Link slug 'res-video-monitoring' not in mapping, removing from question
Updated KLP 'klp-3-early-breastfeeding-mother' -> 30257d83219c4669bf857be7812e05f4
DEBUG: activating version fa92ae43ba76409f80008649896d3a55 with url='http://135.225.105.160:8004/klps/versions/fa92ae43ba76409f80008649896d3a55/status'
  ✓ Activated version: fa92ae43ba76409f80008649896d3a55
  → Recovered missing Language ID for KLP via mapping: 3f81bdd31b204d038f9023769a13cddb
  Warning: Link slug 'res-video-controlled-cord-traction' not in mapping, removing from question
Updated KLP 'klp-3-delivery-of-membranes' -> 76bf9d8835a445d1975c62a868b5f6dd
DEBUG: activating version 59b696c5a1794ee1a0a2ba0d880d24fa with url='http://135.225.105.160:8004/klps/versions/59b696c5a1794ee1a0a2ba0d880d24fa/status'
  ✓ Activated version: 59b696c5a1794ee1a0a2ba0d880d24fa
  → Recovered missing Language ID for KLP via mapping: 3f81bdd31b204d038f9023769a13cddb
  Warning: Link slug 'res-video-controlled-cord-traction' not in mapping, removing from question
Updated KLP 'klp-2-estimation-of-blood-loss' -> 3c2a90adc1fd47308436a1a989e8b83e
DEBUG: activating version 4ddc77ea36a043ee95ad6939f89af46b with url='http://135.225.105.160:8004/klps/versions/4ddc77ea36a043ee95ad6939f89af46b/status'
  ✓ Activated version: 4ddc77ea36a043ee95ad6939f89af46b
  → Recovered missing Language ID for KLP via mapping: 3f81bdd31b204d038f9023769a13cddb
  Warning: Link slug 'res-video-antenatal-care-schedule' not in mapping, removing from question
Updated KLP 'klp-1-how-many-antenatal-care-contacts-are-recommended-to-prevent-and-identify-complications' -> cc57dab1922d4629910b5f542af85f0a
DEBUG: activating version 4a251769c853431ea8809c3e0f11e01f with url='http://135.225.105.160:8004/klps/versions/4a251769c853431ea8809c3e0f11e01f/status'
  ✓ Activated version: 4a251769c853431ea8809c3e0f11e01f
  → Recovered missing Language ID for KLP via mapping: 3f81bdd31b204d038f9023769a13cddb
  Warning: Link slug 'res-video-antenatal-care-schedule' not in mapping, removing from question
Updated KLP 'klp-1-which-of-the-following-are-true-in-relation-to-the-womans-antenatal-record' -> c3b91775a6f04987a5ae2c289c940aed
DEBUG: activating version 57fe193ef83f48e6a497e90cab14242d with url='http://135.225.105.160:8004/klps/versions/57fe193ef83f48e6a497e90cab14242d/status'
  ✓ Activated version: 57fe193ef83f48e6a497e90cab14242d
  → Recovered missing Language ID for KLP via mapping: 3f81bdd31b204d038f9023769a13cddb
  Warning: Link slug 'res-video-respectful-maternity-care' not in mapping, removing from question
Updated KLP 'klp-1-which-of-the-following-are-provided-as-a-part-of-respectful-maternity-care' -> e2e3316be2944ed2b924a3455eb38d72
DEBUG: activating version 248d2e11eecc465c82047a054280d2c7 with url='http://135.225.105.160:8004/klps/versions/248d2e11eecc465c82047a054280d2c7/status'
  ✓ Activated version: 248d2e11eecc465c82047a054280d2c7
  → Recovered missing Language ID for KLP via mapping: 3f81bdd31b204d038f9023769a13cddb
  Warning: Link slug 'res-video-first-contact-in-pregnancy' not in mapping, removing from question
Updated KLP 'klp-1-what-should-you-do-during-the-first-contact-in-pregnancy' -> 5b17c0cef5da49179d929a6b5f66dcf1
DEBUG: activating version c0e1289991354433ad73e9acec3002f8 with url='http://135.225.105.160:8004/klps/versions/c0e1289991354433ad73e9acec3002f8/status'
  ✓ Activated version: c0e1289991354433ad73e9acec3002f8
  → Recovered missing Language ID for KLP via mapping: 3f81bdd31b204d038f9023769a13cddb
  Warning: Link slug 'res-video-first-contact-in-pregnancy' not in mapping, removing from question
Updated KLP 'klp-1-choose-the-tests-that-should-be-carried-out-for-all-pregnant-womean-during-the-first-contact' -> bbb9caaf65a4450b87488723fcc15e94
DEBUG: activating version 193d74ab315a4c84bcc8450ade2a9a75 with url='http://135.225.105.160:8004/klps/versions/193d74ab315a4c84bcc8450ade2a9a75/status'
  ✓ Activated version: 193d74ab315a4c84bcc8450ade2a9a75
  → Recovered missing Language ID for KLP via mapping: 3f81bdd31b204d038f9023769a13cddb
Updated KLP 'klp-1-identify-the-statement-that-describes-a-normal-foetal-palpation-at-34-weeks' -> f7e88495ba974f83b6f5c852a46788eb
DEBUG: activating version cefe35c3f98d4ca6a5d0512134a3274b with url='http://135.225.105.160:8004/klps/versions/cefe35c3f98d4ca6a5d0512134a3274b/status'
  ✓ Activated version: cefe35c3f98d4ca6a5d0512134a3274b
  → Recovered missing Language ID for KLP via mapping: 3f81bdd31b204d038f9023769a13cddb
  Warning: Link slug 'res-video-first-contact-in-pregnancy' not in mapping, removing from question
Updated KLP 'klp-2-which-of-the-following-statements-are-true-in-relation-to-calcium-supplementation-during-pregnancy' -> 73e0c669f6ad496dab5fc5d85fe73901
DEBUG: activating version 846aad8aa7a94ed2976590e8f583f794 with url='http://135.225.105.160:8004/klps/versions/846aad8aa7a94ed2976590e8f583f794/status'
  ✓ Activated version: 846aad8aa7a94ed2976590e8f583f794
  → Recovered missing Language ID for KLP via mapping: 3f81bdd31b204d038f9023769a13cddb
  Warning: Link slug 'res-video-routine-antenatal-assessment-of-the-women' not in mapping, removing from question
Updated KLP 'klp-2-while-screening-a-pregnant-woman-for-pre-eclampsia-which-of-the-following-parameters-will-you-check' -> 2a3dfa75a5114623a84cb571f7eb690a
DEBUG: activating version 5192fdc7dafd480c9e6a2702e25bb235 with url='http://135.225.105.160:8004/klps/versions/5192fdc7dafd480c9e6a2702e25bb235/status'
  ✓ Activated version: 5192fdc7dafd480c9e6a2702e25bb235
  → Recovered missing Language ID for KLP via mapping: 3f81bdd31b204d038f9023769a13cddb
  Warning: Link slug 'res-video-routine-antenatal-assessment-of-the-women' not in mapping, removing from question
Updated KLP 'klp-2-a-woman-comes-for-the-anc-contact-with-shortness-of-breath-and-weakness-what-will-you-check-for' -> 80ae40cf0af84943b4791c4f8458dfaa
DEBUG: activating version 7c7aa90058b24f80a8324ebdd1e13afe with url='http://135.225.105.160:8004/klps/versions/7c7aa90058b24f80a8324ebdd1e13afe/status'
  ✓ Activated version: 7c7aa90058b24f80a8324ebdd1e13afe
  → Recovered missing Language ID for KLP via mapping: 3f81bdd31b204d038f9023769a13cddb
Updated KLP 'klp-2-name-the-drug-of-choice-for-tocolysis-in-threatened-preterm-labour' -> 4add7c55942341ca957c61a038c992b0
DEBUG: activating version 19b8cfdf845a4a2e84a8f0198183ece1 with url='http://135.225.105.160:8004/klps/versions/19b8cfdf845a4a2e84a8f0198183ece1/status'
  ✓ Activated version: 19b8cfdf845a4a2e84a8f0198183ece1
  → Recovered missing Language ID for KLP via mapping: 3f81bdd31b204d038f9023769a13cddb
  Warning: Link slug 'res-video-routine-antenatal-assessment-of-the-women' not in mapping, removing from question
Updated KLP 'klp-2-which-of-the-following-are-signs-of-pre-eclampsia' -> f49b544c3e7c47329b616479c76a23b6
DEBUG: activating version 38fe8c4698804c4898eb2bb11872a7df with url='http://135.225.105.160:8004/klps/versions/38fe8c4698804c4898eb2bb11872a7df/status'
  ✓ Activated version: 38fe8c4698804c4898eb2bb11872a7df
  → Recovered missing Language ID for KLP via mapping: 3f81bdd31b204d038f9023769a13cddb
  Warning: Link slug 'res-video-routine-antenatal-assessment-of-the-women' not in mapping, removing from question
Updated KLP 'klp-1-a-woman-with-urinary-tract-infection-usually-presents-with' -> df4317ec0e454efe816608a1ff015a13
DEBUG: activating version 78136346cd3a4aec99761e310d3155b6 with url='http://135.225.105.160:8004/klps/versions/78136346cd3a4aec99761e310d3155b6/status'
  ✓ Activated version: 78136346cd3a4aec99761e310d3155b6
  → Recovered missing Language ID for KLP via mapping: 3f81bdd31b204d038f9023769a13cddb
  Warning: Link slug 'res-video-routine-antenatal-assessment-of-the-women' not in mapping, removing from question
Updated KLP 'klp-2-which-of-the-following-symptoms-indicate-complications-during-pregnancy' -> 655486929d7f4f6cab8c7487c7b505a5
DEBUG: activating version eadca87ce07947d089e3490351bdb0d1 with url='http://135.225.105.160:8004/klps/versions/eadca87ce07947d089e3490351bdb0d1/status'
  ✓ Activated version: eadca87ce07947d089e3490351bdb0d1
  → Recovered missing Language ID for KLP via mapping: 3f81bdd31b204d038f9023769a13cddb
  Warning: Link slug 'res-video-routine-antenatal-assessment-of-the-foetus' not in mapping, removing from question
Updated KLP 'klp-3-what-is-true-about-the-foetal-heart-rate' -> fc72229529804ca6aed666236a0e6787
DEBUG: activating version 4b71b4a9b37c4a188a5802e517a74c42 with url='http://135.225.105.160:8004/klps/versions/4b71b4a9b37c4a188a5802e517a74c42/status'
  ✓ Activated version: 4b71b4a9b37c4a188a5802e517a74c42
  → Recovered missing Language ID for KLP via mapping: 3f81bdd31b204d038f9023769a13cddb
  Warning: Link slug 'res-video-routine-antenatal-assessment-of-the-women' not in mapping, removing from question
Updated KLP 'klp-3-which-of-the-following-indicate-a-normal-pregnancy' -> 8faa42fdd56f4e4198b096522a18c533
DEBUG: activating version 77a87f6ca82b4a6b91d55a232dfb0e60 with url='http://135.225.105.160:8004/klps/versions/77a87f6ca82b4a6b91d55a232dfb0e60/status'
  ✓ Activated version: 77a87f6ca82b4a6b91d55a232dfb0e60
  → Recovered missing Language ID for KLP via mapping: 3f81bdd31b204d038f9023769a13cddb
  Warning: Link slug 'res-video-counselling' not in mapping, removing from question
Updated KLP 'klp-2-what-are-the-signs-that-indicate-that-the-woman-is-going-into-labour' -> cddf42df701d462fbfc7556374ed1e66
DEBUG: activating version 23bd05244f124ca68bd9dd84e7e10f07 with url='http://135.225.105.160:8004/klps/versions/23bd05244f124ca68bd9dd84e7e10f07/status'
  ✓ Activated version: 23bd05244f124ca68bd9dd84e7e10f07
  → Recovered missing Language ID for KLP via mapping: 3f81bdd31b204d038f9023769a13cddb
Updated KLP 'klp-3-how-will-you-manage-a-woman-who-has-a-haemoglobin-concentration-of-100g-l' -> 0b756bad7ecb4baaa1427c97744a1f8f
DEBUG: activating version 36a1bf776df541159f9724cc5c502ea6 with url='http://135.225.105.160:8004/klps/versions/36a1bf776df541159f9724cc5c502ea6/status'
  ✓ Activated version: 36a1bf776df541159f9724cc5c502ea6
  → Recovered missing Language ID for KLP via mapping: 3f81bdd31b204d038f9023769a13cddb
Updated KLP 'klp-3-which-of-the-following-statements-are-true-in-relation-to-gestational-diabetes-mellitus' -> d479d91b30e147a4969f978ca4f4246f
DEBUG: activating version 2e3bec9242b3456593d45feada5726b1 with url='http://135.225.105.160:8004/klps/versions/2e3bec9242b3456593d45feada5726b1/status'
  ✓ Activated version: 2e3bec9242b3456593d45feada5726b1
  → Recovered missing Language ID for KLP via mapping: 3f81bdd31b204d038f9023769a13cddb
Updated KLP 'klp-2-while-counselling-the-pregnant-woman-on-nutrition-and-lifestyle-modification-you-should-instruct-her-to' -> 24604cd62e354ff2b4b1a778350a19ca
DEBUG: activating version bff0bb3a72c64544bf230a37c14faf03 with url='http://135.225.105.160:8004/klps/versions/bff0bb3a72c64544bf230a37c14faf03/status'
  ✓ Activated version: bff0bb3a72c64544bf230a37c14faf03
  → Recovered missing Language ID for KLP via mapping: 3f81bdd31b204d038f9023769a13cddb
Updated KLP 'klp-2-how-much-weight-should-a-woman-with-a-bmi-of-27-gain-during-pregnancy' -> 16463894a80e406485adcef1a28eb9c8
DEBUG: activating version af16bf19304c466aa19ed8eac12c3202 with url='http://135.225.105.160:8004/klps/versions/af16bf19304c466aa19ed8eac12c3202/status'
  ✓ Activated version: af16bf19304c466aa19ed8eac12c3202
  → Recovered missing Language ID for KLP via mapping: 3f81bdd31b204d038f9023769a13cddb
Updated KLP 'klp-1-what-are-the-components-of-a-birth-and-emergency-plan' -> 604943f908ff410ea17199057b2276b8
DEBUG: activating version 8aeb29b5c6aa47b6bfb36a079e6d0047 with url='http://135.225.105.160:8004/klps/versions/8aeb29b5c6aa47b6bfb36a079e6d0047/status'
  ✓ Activated version: 8aeb29b5c6aa47b6bfb36a079e6d0047
  → Recovered missing Language ID for KLP via mapping: 3f81bdd31b204d038f9023769a13cddb
Updated KLP 'klp-2-when-a-pregnant-woman-complains-of-low-back-pain-and-pelvic-pain-what-should-you-recommend' -> 351ccae785684192958c68520eb9da91
DEBUG: activating version b9b3195d148c474c8cfeae8d9335a859 with url='http://135.225.105.160:8004/klps/versions/b9b3195d148c474c8cfeae8d9335a859/status'
  ✓ Activated version: b9b3195d148c474c8cfeae8d9335a859
  → Recovered missing Language ID for KLP via mapping: 3f81bdd31b204d038f9023769a13cddb
Updated KLP 'klp-1-if-a-pregnant-woman-complains-of-constipation-what-will-be-your-response' -> 39de96fb2df849c2a8f0dbfc53b65e09
DEBUG: activating version 5ae81dcf0dce4673881bb6543185da2b with url='http://135.225.105.160:8004/klps/versions/5ae81dcf0dce4673881bb6543185da2b/status'
  ✓ Activated version: 5ae81dcf0dce4673881bb6543185da2b
  → Recovered missing Language ID for KLP via mapping: 3f81bdd31b204d038f9023769a13cddb
Updated KLP 'klp-2-how-can-you-help-a-pregnant-woman-who-is-having-leg-cramps' -> cf69d0f8ba0c48da9b098e66e931ef76
DEBUG: activating version ae39fac4bce046c782043779797628b3 with url='http://135.225.105.160:8004/klps/versions/ae39fac4bce046c782043779797628b3/status'
  ✓ Activated version: ae39fac4bce046c782043779797628b3
  → Recovered missing Language ID for KLP via mapping: 3f81bdd31b204d038f9023769a13cddb
Updated KLP 'klp-2-what-are-the-signs-that-indicate-that-a-woman-is-a-victim-of-gender-based-violence-or-intimate-partner-violence' -> e04f16c961c943f397ebf67ebd60cdfb
DEBUG: activating version 1153f8df3dc64bf78ae8bf5581b4494d with url='http://135.225.105.160:8004/klps/versions/1153f8df3dc64bf78ae8bf5581b4494d/status'
  ✓ Activated version: 1153f8df3dc64bf78ae8bf5581b4494d
  → Recovered missing Language ID for KLP via mapping: 3f81bdd31b204d038f9023769a13cddb
Updated KLP 'klp-3-what-are-the-drugs-that-can-be-given-to-a-woman-with-suspected-preterm-labour-for-foetal-lung-maturity' -> 21983e2872394eac86e361e044f25d20
DEBUG: activating version 017923dde0b64219953305b5b0e22ee8 with url='http://135.225.105.160:8004/klps/versions/017923dde0b64219953305b5b0e22ee8/status'
  ✓ Activated version: 017923dde0b64219953305b5b0e22ee8
  → Recovered missing Language ID for KLP via mapping: 3f81bdd31b204d038f9023769a13cddb
Updated KLP 'klp-3-if-a-pregnant-woman-complains-of-pain-swelling-and-tenderness-in-one-calf-muscle-what-will-you-suspect' -> 43733510ea59479f9f3268336b652fca
DEBUG: activating version e8b6f68a83e54dcd97a921a7940ba24d with url='http://135.225.105.160:8004/klps/versions/e8b6f68a83e54dcd97a921a7940ba24d/status'
  ✓ Activated version: e8b6f68a83e54dcd97a921a7940ba24d
  → Recovered missing Language ID for KLP via mapping: 3f81bdd31b204d038f9023769a13cddb
Updated KLP 'klp-1-before-performing-an-abdominal-examination-you-have-to' -> bf3203920ec54946902c0aecbaba4bc2
DEBUG: activating version 833c4c769c3d4223a78c75002bb21114 with url='http://135.225.105.160:8004/klps/versions/833c4c769c3d4223a78c75002bb21114/status'
  ✓ Activated version: 833c4c769c3d4223a78c75002bb21114
  → Recovered missing Language ID for KLP via mapping: 3f81bdd31b204d038f9023769a13cddb
Updated KLP 'klp-3-which-of-the-following-foetal-heart-readings-indicate-foetal-asphyxia' -> 16ad06d69b0d4c83944a1a506f8631de
DEBUG: activating version 5c598593b3ce4f3bb79d47c4122f1499 with url='http://135.225.105.160:8004/klps/versions/5c598593b3ce4f3bb79d47c4122f1499/status'
  ✓ Activated version: 5c598593b3ce4f3bb79d47c4122f1499
  → Recovered missing Language ID for KLP via mapping: 3f81bdd31b204d038f9023769a13cddb
Updated KLP 'klp-1-what-is-the-drug-of-choice-for-the-intermittent-preventive-treatment-of-malaria-in-endemic-areas' -> 76ae761125a149b988ec1409ce3e48b5
DEBUG: activating version 0b5cc7a3eed34bdab6da146b1e22143a with url='http://135.225.105.160:8004/klps/versions/0b5cc7a3eed34bdab6da146b1e22143a/status'
  ✓ Activated version: 0b5cc7a3eed34bdab6da146b1e22143a
  → Recovered missing Language ID for KLP via mapping: 3f81bdd31b204d038f9023769a13cddb
Updated KLP 'klp-3-how-can-you-identify-multiple-pregnancy-by-abdominal-examination' -> 177da1677dd2450eb32c87745e29a697
DEBUG: activating version 05481b2701e746eea3e787ed5008fc01 with url='http://135.225.105.160:8004/klps/versions/05481b2701e746eea3e787ed5008fc01/status'
  ✓ Activated version: 05481b2701e746eea3e787ed5008fc01
  → Recovered missing Language ID for KLP via mapping: 3f81bdd31b204d038f9023769a13cddb
Updated KLP 'klp-3-identify-the-statements-that-are-true-in-relation-to-preventive-anthelmintic-treatment-during-pregnancy' -> f144e47a4a4e4580ba67eca5e8c57961
DEBUG: activating version bd5bcf4b44ee41de965a7db0550f0fc1 with url='http://135.225.105.160:8004/klps/versions/bd5bcf4b44ee41de965a7db0550f0fc1/status'
  ✓ Activated version: bd5bcf4b44ee41de965a7db0550f0fc1
  → Recovered missing Language ID for KLP via mapping: 3f81bdd31b204d038f9023769a13cddb
Updated KLP 'klp-3-a-pregnant-woman-comes-for-her-first-anc-contact-she-has-not-been-immunized-with-tetanus-toxoid-before-how-many-doses-should-be-given-during-pregnancy-and-at-what-interval' -> a24f0d9034c741ed80680aa15efb1691
DEBUG: activating version edbed3679c3d4622a60f5f316dadf30a with url='http://135.225.105.160:8004/klps/versions/edbed3679c3d4622a60f5f316dadf30a/status'
  ✓ Activated version: edbed3679c3d4622a60f5f316dadf30a
  → Recovered missing Language ID for KLP via mapping: 3f81bdd31b204d038f9023769a13cddb
Updated KLP 'klp-1-what-is-the-dose-of-iron-and-folic-acid-supplement-recommended-during-the-antenatal-period' -> d771cf2c43904a2da248a9b82b6bb68a
DEBUG: activating version 262e16c4c8d84d09b510cd63843f23e1 with url='http://135.225.105.160:8004/klps/versions/262e16c4c8d84d09b510cd63843f23e1/status'
  ✓ Activated version: 262e16c4c8d84d09b510cd63843f23e1
  → Recovered missing Language ID for KLP via mapping: 3f81bdd31b204d038f9023769a13cddb
Updated KLP 'klp-3-what-are-the-complications-that-can-be-prevented-by-taking-iron-and-folic-acid-tablets' -> 19afe5f519e34c409103dd7edd174de3
DEBUG: activating version f009c6ef55ca496ea043f90812def2b7 with url='http://135.225.105.160:8004/klps/versions/f009c6ef55ca496ea043f90812def2b7/status'
  ✓ Activated version: f009c6ef55ca496ea043f90812def2b7
  → Recovered missing Language ID for KLP via mapping: 3f81bdd31b204d038f9023769a13cddb
Updated KLP 'klp-3-what-is-the-risk-that-may-occur-if-the-foetus-is-cephalic-and-the-head-is-not-engaged' -> dc5332f91bdf40be883783d87cdd02d6
DEBUG: activating version 46308e08a41c44ffa9c71972e2de8c7c with url='http://135.225.105.160:8004/klps/versions/46308e08a41c44ffa9c71972e2de8c7c/status'
  ✓ Activated version: 46308e08a41c44ffa9c71972e2de8c7c
  → Recovered missing Language ID for KLP via mapping: 3f81bdd31b204d038f9023769a13cddb
Updated KLP 'klp-2-symptoms-of-covid-19' -> 295f63f5d45e42f1b76fc93383da66a0
DEBUG: activating version 18bb9cfd688c4d8d82cfdbe649324bd1 with url='http://135.225.105.160:8004/klps/versions/18bb9cfd688c4d8d82cfdbe649324bd1/status'
  ✓ Activated version: 18bb9cfd688c4d8d82cfdbe649324bd1
  → Recovered missing Language ID for KLP via mapping: 3f81bdd31b204d038f9023769a13cddb
Updated KLP 'klp-2-hand-hygiene-before-and-after-wearing-ppe' -> c548fc950a244c58b9bca059d4b3a14b
DEBUG: activating version d9b7ba3ed8a14abebb7d10200f123d72 with url='http://135.225.105.160:8004/klps/versions/d9b7ba3ed8a14abebb7d10200f123d72/status'
  ✓ Activated version: d9b7ba3ed8a14abebb7d10200f123d72
  → Recovered missing Language ID for KLP via mapping: 3f81bdd31b204d038f9023769a13cddb
Updated KLP 'klp-1-five-steps-to-prevent-covid-19' -> b62f8f3b0b2f4022acb117c6cb0ccaee
DEBUG: activating version 6c74853a6cf8454f9b4b0f8b67528ff0 with url='http://135.225.105.160:8004/klps/versions/6c74853a6cf8454f9b4b0f8b67528ff0/status'
  ✓ Activated version: 6c74853a6cf8454f9b4b0f8b67528ff0
  → Recovered missing Language ID for KLP via mapping: 3f81bdd31b204d038f9023769a13cddb
Updated KLP 'klp-1-breastfeeding-and-covid-19' -> fbcb5cd7f6fa46968cdfcf48cb4407c7
DEBUG: activating version 3abb440b9018413c8b5e653d1fd782c9 with url='http://135.225.105.160:8004/klps/versions/3abb440b9018413c8b5e653d1fd782c9/status'
  ✓ Activated version: 3abb440b9018413c8b5e653d1fd782c9
  → Recovered missing Language ID for KLP via mapping: 3f81bdd31b204d038f9023769a13cddb
Updated KLP 'klp-1-ppe-and-covid-19' -> d65b6a1bb02c4ecf82b247907e695dec
DEBUG: activating version 281c7ee099cc42828c5a6586cffb33ba with url='http://135.225.105.160:8004/klps/versions/281c7ee099cc42828c5a6586cffb33ba/status'
  ✓ Activated version: 281c7ee099cc42828c5a6586cffb33ba
  → Recovered missing Language ID for KLP via mapping: 3f81bdd31b204d038f9023769a13cddb
Updated KLP 'klp-2-pregnant-women-at-risk-group' -> 558ff914ea4a492183507550b6c4f708
DEBUG: activating version f2251dcd8d824112b3d948beeeac1428 with url='http://135.225.105.160:8004/klps/versions/f2251dcd8d824112b3d948beeeac1428/status'
  ✓ Activated version: f2251dcd8d824112b3d948beeeac1428
  → Recovered missing Language ID for KLP via mapping: 3f81bdd31b204d038f9023769a13cddb
Updated KLP 'klp-3-when-hand-hygiene' -> d69da8e01cba4887acb8640cc098d40b
DEBUG: activating version 871ab3bc1ccd43478cc326c2451b6fa2 with url='http://135.225.105.160:8004/klps/versions/871ab3bc1ccd43478cc326c2451b6fa2/status'
  ✓ Activated version: 871ab3bc1ccd43478cc326c2451b6fa2
  → Recovered missing Language ID for KLP via mapping: 3f81bdd31b204d038f9023769a13cddb
Updated KLP 'klp-3-mode-of-delivery' -> 5d1995897a044783a267f996c9bfbc0b
DEBUG: activating version 1726142b3752463c9de5f1eb60a05db0 with url='http://135.225.105.160:8004/klps/versions/1726142b3752463c9de5f1eb60a05db0/status'
  ✓ Activated version: 1726142b3752463c9de5f1eb60a05db0
  → Recovered missing Language ID for KLP via mapping: 3f81bdd31b204d038f9023769a13cddb
Updated KLP 'klp-3-care-during-birth' -> f08db86ceea24c2d9ad134e14c9328e5
DEBUG: activating version 898bcf1008c54b6294b8724117c24eec with url='http://135.225.105.160:8004/klps/versions/898bcf1008c54b6294b8724117c24eec/status'
  ✓ Activated version: 898bcf1008c54b6294b8724117c24eec
  → Recovered missing Language ID for KLP via mapping: 3f81bdd31b204d038f9023769a13cddb
Updated KLP 'klp-1-correct-order-ppe-put-on' -> 62634037f5e24b2e87a5857a360a2c0f
DEBUG: activating version e327197a74f14605ab73dc57f1a1dbfe with url='http://135.225.105.160:8004/klps/versions/e327197a74f14605ab73dc57f1a1dbfe/status'
  ✓ Activated version: e327197a74f14605ab73dc57f1a1dbfe
  → Recovered missing Language ID for KLP via mapping: 3f81bdd31b204d038f9023769a13cddb
Updated KLP 'klp-1-correct-order-ppe-remove' -> fdb95ac608ac4cd691015871f7c88292
DEBUG: activating version 2c0167942b284f039e4ca04d4d08ee7d with url='http://135.225.105.160:8004/klps/versions/2c0167942b284f039e4ca04d4d08ee7d/status'
  ✓ Activated version: 2c0167942b284f039e4ca04d4d08ee7d
  → Recovered missing Language ID for KLP via mapping: 3f81bdd31b204d038f9023769a13cddb
Updated KLP 'klp-1-ppe-for-different-patients' -> 5fda7b4c1c9b40ea9c648a2731a6c947
DEBUG: activating version c21b1dbb213d4e5a849b076a480b402a with url='http://135.225.105.160:8004/klps/versions/c21b1dbb213d4e5a849b076a480b402a/status'
  ✓ Activated version: c21b1dbb213d4e5a849b076a480b402a
  → Recovered missing Language ID for KLP via mapping: 3f81bdd31b204d038f9023769a13cddb
  Warning: Link slug 'res-video-hand-hygiene' not in mapping, removing from question
Updated KLP 'klp-1-removing-rings-watches-etc' -> 58a3fa1d34fa4beaba06214a7f1ac29e
DEBUG: activating version 4b5f25487428440396645df2a8fce4da with url='http://135.225.105.160:8004/klps/versions/4b5f25487428440396645df2a8fce4da/status'
  ✓ Activated version: 4b5f25487428440396645df2a8fce4da
  → Recovered missing Language ID for KLP via mapping: 3f81bdd31b204d038f9023769a13cddb
  Warning: Link slug 'res-video-intro' not in mapping, removing from question
Updated KLP 'klp-1-covid-19-transmission' -> b0566cd1975044388c9c1821944ecafa
DEBUG: activating version 207c3fbe7ebc42ca92389a0a811df98c with url='http://135.225.105.160:8004/klps/versions/207c3fbe7ebc42ca92389a0a811df98c/status'
  ✓ Activated version: 207c3fbe7ebc42ca92389a0a811df98c
  → Recovered missing Language ID for KLP via mapping: 3f81bdd31b204d038f9023769a13cddb
Updated KLP 'klp-1-receiving-a-woman' -> 2e624585389e4772af2424cb601dbf47
DEBUG: activating version 0e0610aba7804cfb84b9f7a22279988d with url='http://135.225.105.160:8004/klps/versions/0e0610aba7804cfb84b9f7a22279988d/status'
  ✓ Activated version: 0e0610aba7804cfb84b9f7a22279988d
  → Recovered missing Language ID for KLP via mapping: 3f81bdd31b204d038f9023769a13cddb
Updated KLP 'klp-1-where-to-sneeze-cough' -> d451395434b14beaaebb019418a0d4cb
DEBUG: activating version abe22919124a45f2bd896a51da306d85 with url='http://135.225.105.160:8004/klps/versions/abe22919124a45f2bd896a51da306d85/status'
  ✓ Activated version: abe22919124a45f2bd896a51da306d85
  → Recovered missing Language ID for KLP via mapping: 3f81bdd31b204d038f9023769a13cddb
Updated KLP 'klp-1-feeling-unwell' -> 2d2a3246b5bd4b1382efb3820eab9276
DEBUG: activating version df7647d2fa1c4a5aaf708655b923f571 with url='http://135.225.105.160:8004/klps/versions/df7647d2fa1c4a5aaf708655b923f571/status'
  ✓ Activated version: df7647d2fa1c4a5aaf708655b923f571
  → Recovered missing Language ID for KLP via mapping: 3f81bdd31b204d038f9023769a13cddb
Updated KLP 'klp-2-management-environment' -> 8cf0ced49ac04c05ac71c5b79790b625
DEBUG: activating version 9d16f0187bc4487484a0a242b66f1194 with url='http://135.225.105.160:8004/klps/versions/9d16f0187bc4487484a0a242b66f1194/status'
  ✓ Activated version: 9d16f0187bc4487484a0a242b66f1194
  → Recovered missing Language ID for KLP via mapping: 3f81bdd31b204d038f9023769a13cddb
Updated KLP 'klp-2-temporarily-separated' -> 69887a470f79413391130ce90ba5ec23
DEBUG: activating version bfda40b63b9d459ba5d280ed1ef8935e with url='http://135.225.105.160:8004/klps/versions/bfda40b63b9d459ba5d280ed1ef8935e/status'
  ✓ Activated version: bfda40b63b9d459ba5d280ed1ef8935e
  → Recovered missing Language ID for KLP via mapping: 3f81bdd31b204d038f9023769a13cddb
Updated KLP 'klp-2-right-to-quality-of-care' -> 0e924a5379d242b08c0523460cf9203e
DEBUG: activating version cf59583db30d414eb310d718fe81c7b6 with url='http://135.225.105.160:8004/klps/versions/cf59583db30d414eb310d718fe81c7b6/status'
  ✓ Activated version: cf59583db30d414eb310d718fe81c7b6
  → Recovered missing Language ID for KLP via mapping: 3f81bdd31b204d038f9023769a13cddb
  Warning: Link slug 'res-video-hand-hygiene' not in mapping, removing from question
Updated KLP 'klp-2-need-to-perform-hand-hygiene' -> a0f43ae84d0f403aa7030f2d1a2e3333
DEBUG: activating version 9efffbdaa8ac43368de5e1daefd1a438 with url='http://135.225.105.160:8004/klps/versions/9efffbdaa8ac43368de5e1daefd1a438/status'
  ✓ Activated version: 9efffbdaa8ac43368de5e1daefd1a438
  → Recovered missing Language ID for KLP via mapping: 3f81bdd31b204d038f9023769a13cddb
  Warning: Link slug 'res-action-card-antenatal-care' not in mapping, removing from question
Updated KLP 'klp-2-symptoms-of-covid-19-anc-visits' -> 22b0b086079e4ab096163420cde92080
DEBUG: activating version 8801aa73cb104d4f966354515b50ee1e with url='http://135.225.105.160:8004/klps/versions/8801aa73cb104d4f966354515b50ee1e/status'
  ✓ Activated version: 8801aa73cb104d4f966354515b50ee1e
  → Recovered missing Language ID for KLP via mapping: 3f81bdd31b204d038f9023769a13cddb
Updated KLP 'klp-2-pnc-remotely' -> 376b45f7b211442ca47b14a750b0cb7c
DEBUG: activating version ec67713c1d014632982dd8caa078897b with url='http://135.225.105.160:8004/klps/versions/ec67713c1d014632982dd8caa078897b/status'
  ✓ Activated version: ec67713c1d014632982dd8caa078897b
  → Recovered missing Language ID for KLP via mapping: 3f81bdd31b204d038f9023769a13cddb
  Warning: Link slug 'res-action-card-antenatal-care' not in mapping, removing from question
Updated KLP 'klp-2-number-of-anc-visits' -> c12af5a3d11448c6b0534f4775c56247
DEBUG: activating version fbcf8cfa4bcb418da67c0ffbf3bbb25f with url='http://135.225.105.160:8004/klps/versions/fbcf8cfa4bcb418da67c0ffbf3bbb25f/status'
  ✓ Activated version: fbcf8cfa4bcb418da67c0ffbf3bbb25f
  → Recovered missing Language ID for KLP via mapping: 3f81bdd31b204d038f9023769a13cddb
Updated KLP 'klp-2-preventing-transmission-to-newborn' -> 47e7f93c58c94f86b4c18e5968f95185
DEBUG: activating version 310c3779ff0b4aa4a6bdbe70807bbce4 with url='http://135.225.105.160:8004/klps/versions/310c3779ff0b4aa4a6bdbe70807bbce4/status'
  ✓ Activated version: 310c3779ff0b4aa4a6bdbe70807bbce4
  → Recovered missing Language ID for KLP via mapping: 3f81bdd31b204d038f9023769a13cddb
Updated KLP 'klp-2-prevent-spreading-at-health-care-facility' -> 7b881f5b15ac44cbad257e779be98150
DEBUG: activating version c6e6ef2c92b9485a842e6c66513dcc4d with url='http://135.225.105.160:8004/klps/versions/c6e6ef2c92b9485a842e6c66513dcc4d/status'
  ✓ Activated version: c6e6ef2c92b9485a842e6c66513dcc4d
  → Recovered missing Language ID for KLP via mapping: 3f81bdd31b204d038f9023769a13cddb
Updated KLP 'klp-3-incubation-covid-19' -> bbbc8354e61b4d8d9e0838461ddb395e
DEBUG: activating version 9dbc53f898424ee29fee5d7f4c6612d3 with url='http://135.225.105.160:8004/klps/versions/9dbc53f898424ee29fee5d7f4c6612d3/status'
  ✓ Activated version: 9dbc53f898424ee29fee5d7f4c6612d3
  → Recovered missing Language ID for KLP via mapping: 3f81bdd31b204d038f9023769a13cddb
Updated KLP 'klp-3-women-and-companions-hand-hygiene' -> 13b5c05eee904bfdb570fe68729c42bc
DEBUG: activating version 75596f7166cd4d858fb28b39c9f52aa6 with url='http://135.225.105.160:8004/klps/versions/75596f7166cd4d858fb28b39c9f52aa6/status'
  ✓ Activated version: 75596f7166cd4d858fb28b39c9f52aa6
  → Recovered missing Language ID for KLP via mapping: 3f81bdd31b204d038f9023769a13cddb
  Warning: Link slug 'res-action-card-antenatal-care' not in mapping, removing from question
Updated KLP 'klp-3-anc-remote-visits' -> 2a7199b2b20446dea8f9b5f636a21e15
DEBUG: activating version 469f2ccec4de4b20b21caf6c6ece76d6 with url='http://135.225.105.160:8004/klps/versions/469f2ccec4de4b20b21caf6c6ece76d6/status'
  ✓ Activated version: 469f2ccec4de4b20b21caf6c6ece76d6
  → Recovered missing Language ID for KLP via mapping: 3f81bdd31b204d038f9023769a13cddb
  Warning: Link slug 'res-video-procedure-for-handwash' not in mapping, removing from question
Updated KLP 'klp-3-hand-wash-how-long' -> 0592e122970a4964b3eb92f60aa3f6a8
DEBUG: activating version ea9725c9886d41a78dd3fe4b35abafe5 with url='http://135.225.105.160:8004/klps/versions/ea9725c9886d41a78dd3fe4b35abafe5/status'
  ✓ Activated version: ea9725c9886d41a78dd3fe4b35abafe5
  → Recovered missing Language ID for KLP via mapping: 3f81bdd31b204d038f9023769a13cddb
  Warning: Link slug 'res-video-procedure-for-handrub' not in mapping, removing from question
Updated KLP 'klp-3-handrub-how-long' -> 84bdefd0e6dd4cb98d4c4bd79828e09f
DEBUG: activating version 8f936804cc8a445481474c4f47dc2701 with url='http://135.225.105.160:8004/klps/versions/8f936804cc8a445481474c4f47dc2701/status'
  ✓ Activated version: 8f936804cc8a445481474c4f47dc2701
  → Recovered missing Language ID for KLP via mapping: 3f81bdd31b204d038f9023769a13cddb
Updated KLP 'klp-3-ppe-important' -> ca746c5907694a059fe0744f54d291a6
DEBUG: activating version c5f0c221c1fb4412a7344d16cd6d0aa4 with url='http://135.225.105.160:8004/klps/versions/c5f0c221c1fb4412a7344d16cd6d0aa4/status'
  ✓ Activated version: c5f0c221c1fb4412a7344d16cd6d0aa4
  → Recovered missing Language ID for KLP via mapping: 3f81bdd31b204d038f9023769a13cddb
Updated KLP 'klp-3-remove-ppe-important' -> 31a9a1e431d14b8ba436c074692fc702
DEBUG: activating version ca73eb766ed446d2aaee45e61164c23a with url='http://135.225.105.160:8004/klps/versions/ca73eb766ed446d2aaee45e61164c23a/status'
  ✓ Activated version: ca73eb766ed446d2aaee45e61164c23a
  → Recovered missing Language ID for KLP via mapping: 3f81bdd31b204d038f9023769a13cddb
Updated KLP 'klp-3-corona-is' -> 1b03fbed053044c88cc1ff8e2715ea7c
DEBUG: activating version 6f513701768849928c2507d4d77233a8 with url='http://135.225.105.160:8004/klps/versions/6f513701768849928c2507d4d77233a8/status'
  ✓ Activated version: 6f513701768849928c2507d4d77233a8
  → Recovered missing Language ID for KLP via mapping: 3f81bdd31b204d038f9023769a13cddb
Updated KLP 'klp-3-covid-19-postpartum-care' -> 2058828f38c745cfba9da0abdbc297e1
DEBUG: activating version e429fa11d12347d684945dbe9f49e04e with url='http://135.225.105.160:8004/klps/versions/e429fa11d12347d684945dbe9f49e04e/status'
  ✓ Activated version: e429fa11d12347d684945dbe9f49e04e
  → Recovered missing Language ID for KLP via mapping: 3f81bdd31b204d038f9023769a13cddb
Updated KLP 'klp-1-breastfeeding-covid-19-positive-mother' -> 55be4b2ebb9144819d29cd939b87f28d
DEBUG: activating version 0d53135cd21849168476ba95080c0c92 with url='http://135.225.105.160:8004/klps/versions/0d53135cd21849168476ba95080c0c92/status'
  ✓ Activated version: 0d53135cd21849168476ba95080c0c92
  → Recovered missing Language ID for KLP via mapping: 3f81bdd31b204d038f9023769a13cddb
  Warning: Link slug 'res-video-intro' not in mapping, removing from question
Updated KLP 'klp-1-fgm-is-an-unhealthy-practice' -> 516b19f6e1fb4776a3d260afc9ef2979
DEBUG: activating version a28f49ad2eae44948ade8c3ea3bf7485 with url='http://135.225.105.160:8004/klps/versions/a28f49ad2eae44948ade8c3ea3bf7485/status'
  ✓ Activated version: a28f49ad2eae44948ade8c3ea3bf7485
  → Recovered missing Language ID for KLP via mapping: 3f81bdd31b204d038f9023769a13cddb
  Warning: Link slug 'res-video-immediate-health-risks' not in mapping, removing from question
Updated KLP 'klp-1-fgm-is-a-dangerous-practice' -> cb846b0e82a54e22831e0140c8db05e4
DEBUG: activating version 50856487a1a24f01b1f1917f0cef5c7f with url='http://135.225.105.160:8004/klps/versions/50856487a1a24f01b1f1917f0cef5c7f/status'
  ✓ Activated version: 50856487a1a24f01b1f1917f0cef5c7f
  → Recovered missing Language ID for KLP via mapping: 3f81bdd31b204d038f9023769a13cddb
  Warning: Link slug 'res-video-intro' not in mapping, removing from question
Updated KLP 'klp-2-fgm-is-forbidden' -> 83c0b4eae6154a66b4e8f03f2172e1a7
DEBUG: activating version cd6423d2bba744edb1aaa8c8b153b839 with url='http://135.225.105.160:8004/klps/versions/cd6423d2bba744edb1aaa8c8b153b839/status'
  ✓ Activated version: cd6423d2bba744edb1aaa8c8b153b839
  → Recovered missing Language ID for KLP via mapping: 3f81bdd31b204d038f9023769a13cddb
  Warning: Link slug 'res-video-the-types-of-fgm' not in mapping, removing from question
Updated KLP 'klp-1-four-types-of-fgm' -> 0efd98859cc54522b75d1b04788afada
DEBUG: activating version 2bc8cae91ef04243ad3f57fb940b7051 with url='http://135.225.105.160:8004/klps/versions/2bc8cae91ef04243ad3f57fb940b7051/status'
  ✓ Activated version: 2bc8cae91ef04243ad3f57fb940b7051
  → Recovered missing Language ID for KLP via mapping: 3f81bdd31b204d038f9023769a13cddb
  Warning: Link slug 'res-video-the-types-of-fgm' not in mapping, removing from question
Updated KLP 'klp-3-mix-of-the-types' -> 57edf7a97f764ff58f19580d77a9e6c7
DEBUG: activating version 2483e820249d4b298f5c369f6de00f59 with url='http://135.225.105.160:8004/klps/versions/2483e820249d4b298f5c369f6de00f59/status'
  ✓ Activated version: 2483e820249d4b298f5c369f6de00f59
  → Recovered missing Language ID for KLP via mapping: 3f81bdd31b204d038f9023769a13cddb
  Warning: Link slug 'res-video-the-types-of-fgm' not in mapping, removing from question
Updated KLP 'klp-2-type-1' -> 6e18e83bb61346af8f35f31187eb543c
DEBUG: activating version f01b5205654d4b3597dcbe37a79f0ae8 with url='http://135.225.105.160:8004/klps/versions/f01b5205654d4b3597dcbe37a79f0ae8/status'
  ✓ Activated version: f01b5205654d4b3597dcbe37a79f0ae8
  → Recovered missing Language ID for KLP via mapping: 3f81bdd31b204d038f9023769a13cddb
  Warning: Link slug 'res-video-the-types-of-fgm' not in mapping, removing from question
Updated KLP 'klp-2-type-2' -> eb9b38df76774f7bb1c9b0d63c40ee42
DEBUG: activating version 3ec18f98bde045088f14edbf2ba78103 with url='http://135.225.105.160:8004/klps/versions/3ec18f98bde045088f14edbf2ba78103/status'
  ✓ Activated version: 3ec18f98bde045088f14edbf2ba78103
  → Recovered missing Language ID for KLP via mapping: 3f81bdd31b204d038f9023769a13cddb
  Warning: Link slug 'res-video-the-types-of-fgm' not in mapping, removing from question
Updated KLP 'klp-2-type-3' -> c329bf3e45524be59db407986a1bfc68
DEBUG: activating version 06bfff9873c648f696ff24437a4ec9e5 with url='http://135.225.105.160:8004/klps/versions/06bfff9873c648f696ff24437a4ec9e5/status'
  ✓ Activated version: 06bfff9873c648f696ff24437a4ec9e5
  → Recovered missing Language ID for KLP via mapping: 3f81bdd31b204d038f9023769a13cddb
  Warning: Link slug 'res-video-the-types-of-fgm' not in mapping, removing from question
Updated KLP 'klp-2-type-4' -> 99cd0543406a49ea82ad9704bc44a1f7
DEBUG: activating version a3bd30756ceb458b9117626f4e2da696 with url='http://135.225.105.160:8004/klps/versions/a3bd30756ceb458b9117626f4e2da696/status'
  ✓ Activated version: a3bd30756ceb458b9117626f4e2da696
  → Recovered missing Language ID for KLP via mapping: 3f81bdd31b204d038f9023769a13cddb
  Warning: Link slug 'res-video-the-types-of-fgm' not in mapping, removing from question
  Warning: Link slug 'res-video-the-types-of-fgm' not in mapping, removing from question
Updated KLP 'klp-1-type-2-becomes-type-3' -> 3ef7b00d3cb74554a873fa8629c7c4ba
DEBUG: activating version ed08c13fed7146f28a978a571e744e64 with url='http://135.225.105.160:8004/klps/versions/ed08c13fed7146f28a978a571e744e64/status'
  ✓ Activated version: ed08c13fed7146f28a978a571e744e64
  → Recovered missing Language ID for KLP via mapping: 3f81bdd31b204d038f9023769a13cddb
  Warning: Link slug 'res-video-immediate-health-risks' not in mapping, removing from question
Updated KLP 'klp-1-immediate-health-risk' -> 5076b95b088a4a49982644b2692ea0df
DEBUG: activating version 52c6b497305244789e55eb422bd36fc1 with url='http://135.225.105.160:8004/klps/versions/52c6b497305244789e55eb422bd36fc1/status'
  ✓ Activated version: 52c6b497305244789e55eb422bd36fc1
  → Recovered missing Language ID for KLP via mapping: 3f81bdd31b204d038f9023769a13cddb
  Warning: Link slug 'res-video-immediate-health-risks' not in mapping, removing from question
Updated KLP 'klp-2-fgm-and-infertility' -> 0317b7aa85e541e085659f1333e43eda
DEBUG: activating version 050d8d05125443e385cb52d33d8735c3 with url='http://135.225.105.160:8004/klps/versions/050d8d05125443e385cb52d33d8735c3/status'
  ✓ Activated version: 050d8d05125443e385cb52d33d8735c3
  → Recovered missing Language ID for KLP via mapping: 3f81bdd31b204d038f9023769a13cddb
  Warning: Link slug 'res-video-immediate-health-risks' not in mapping, removing from question
Updated KLP 'klp-1-long-term-consequences' -> 02eb2338bde5434390959eb33ee09ecd
DEBUG: activating version 681e7f6f90d34c48b933ac9f30b2b700 with url='http://135.225.105.160:8004/klps/versions/681e7f6f90d34c48b933ac9f30b2b700/status'
  ✓ Activated version: 681e7f6f90d34c48b933ac9f30b2b700
  → Recovered missing Language ID for KLP via mapping: 3f81bdd31b204d038f9023769a13cddb
  Warning: Link slug 'res-video-birth-complications' not in mapping, removing from question
Updated KLP 'klp-3-fgm-antenatal' -> c36b3ceafa18471d8f6fbdfea9043c34
DEBUG: activating version c63e96ef362343a88d87b4e68be48026 with url='http://135.225.105.160:8004/klps/versions/c63e96ef362343a88d87b4e68be48026/status'
  ✓ Activated version: c63e96ef362343a88d87b4e68be48026
  → Recovered missing Language ID for KLP via mapping: 3f81bdd31b204d038f9023769a13cddb
  Warning: Link slug 'res-video-birth-complications' not in mapping, removing from question
Updated KLP 'klp-3-birth-complications' -> 02e327873a0f4d898f89bdad170ce505
DEBUG: activating version 55581d8e98f84535b17ee40082c2f546 with url='http://135.225.105.160:8004/klps/versions/55581d8e98f84535b17ee40082c2f546/status'
  ✓ Activated version: 55581d8e98f84535b17ee40082c2f546
  → Recovered missing Language ID for KLP via mapping: 3f81bdd31b204d038f9023769a13cddb
  Warning: Link slug 'res-video-birth-complications' not in mapping, removing from question
Updated KLP 'klp-1-why-birth-complications' -> 0e3ce88189704476ad8a9410cb65948a
DEBUG: activating version 09f24f4a4b09439492d606a4128a2efd with url='http://135.225.105.160:8004/klps/versions/09f24f4a4b09439492d606a4128a2efd/status'
  ✓ Activated version: 09f24f4a4b09439492d606a4128a2efd
  → Recovered missing Language ID for KLP via mapping: 3f81bdd31b204d038f9023769a13cddb
  Warning: Link slug 'res-video-management-of-a-pregnant-woman-with-fgm' not in mapping, removing from question
Updated KLP 'klp-1-urethra' -> 127dbeb997b046d2bdaa2f1ec4ffe292
DEBUG: activating version a4b561642bb44c1d8eddf4ddd8a3798d with url='http://135.225.105.160:8004/klps/versions/a4b561642bb44c1d8eddf4ddd8a3798d/status'
  ✓ Activated version: a4b561642bb44c1d8eddf4ddd8a3798d
  → Recovered missing Language ID for KLP via mapping: 3f81bdd31b204d038f9023769a13cddb
  Warning: Link slug 'res-video-deinfibulation' not in mapping, removing from question
Updated KLP 'klp-3-deinfibulation-and-urethra' -> a39478c09b8544f3b811b1a658dc5189
DEBUG: activating version 54d4c2210ce642fdaa727e029c4df805 with url='http://135.225.105.160:8004/klps/versions/54d4c2210ce642fdaa727e029c4df805/status'
  ✓ Activated version: 54d4c2210ce642fdaa727e029c4df805
  → Recovered missing Language ID for KLP via mapping: 3f81bdd31b204d038f9023769a13cddb
  Warning: Link slug 'res-video-deinfibulation' not in mapping, removing from question
Updated KLP 'klp-2-steps-for-deinfibulation' -> a88f72694aa44bb0b1d6e6169f2474ee
DEBUG: activating version 5be76c1ca4264f95941b659ca36805e8 with url='http://135.225.105.160:8004/klps/versions/5be76c1ca4264f95941b659ca36805e8/status'
  ✓ Activated version: 5be76c1ca4264f95941b659ca36805e8
  → Recovered missing Language ID for KLP via mapping: 3f81bdd31b204d038f9023769a13cddb
  Warning: Link slug 'res-video-deinfibulation' not in mapping, removing from question
Updated KLP 'klp-3-interrupted-sutures' -> 979e4108e5ad470589a386ccad5d83a6
DEBUG: activating version f253cefcaf4d4a79947c8c5d1ee3545a with url='http://135.225.105.160:8004/klps/versions/f253cefcaf4d4a79947c8c5d1ee3545a/status'
  ✓ Activated version: f253cefcaf4d4a79947c8c5d1ee3545a
  → Recovered missing Language ID for KLP via mapping: 3f81bdd31b204d038f9023769a13cddb
  Warning: Link slug 'res-video-deinfibulation' not in mapping, removing from question
Updated KLP 'klp-1-analgesia-after-deinfibulation' -> d3136647cb1b4a268942b8056d2ecf74
DEBUG: activating version 68bd23a956df4ca2bb54de17b4fe906a with url='http://135.225.105.160:8004/klps/versions/68bd23a956df4ca2bb54de17b4fe906a/status'
  ✓ Activated version: 68bd23a956df4ca2bb54de17b4fe906a
  → Recovered missing Language ID for KLP via mapping: 3f81bdd31b204d038f9023769a13cddb
  Warning: Link slug 'res-video-deinfibulation' not in mapping, removing from question
Updated KLP 'klp-3-hygiene-for-deinfibulation' -> 4847310f536d433da0dc1186b6972982
DEBUG: activating version 246ad315414e4b2783747eadb2d4dd51 with url='http://135.225.105.160:8004/klps/versions/246ad315414e4b2783747eadb2d4dd51/status'
  ✓ Activated version: 246ad315414e4b2783747eadb2d4dd51
  → Recovered missing Language ID for KLP via mapping: 3f81bdd31b204d038f9023769a13cddb
  Warning: Link slug 'res-video-management-of-a-pregnant-woman-with-fgm' not in mapping, removing from question
Updated KLP 'klp-2-antenatal-deinfibulation' -> 50930232721a4e7ebed98dcaa82b7537
DEBUG: activating version d1e4a8919e5f40db903e6271e77ab1f5 with url='http://135.225.105.160:8004/klps/versions/d1e4a8919e5f40db903e6271e77ab1f5/status'
  ✓ Activated version: d1e4a8919e5f40db903e6271e77ab1f5
  → Recovered missing Language ID for KLP via mapping: 3f81bdd31b204d038f9023769a13cddb
  Warning: Link slug 'res-video-management-of-a-pregnant-woman-with-fgm' not in mapping, removing from question
Updated KLP 'klp-2-when-antenatal-deinfibulation' -> 18d41495529449719e4b5c18f0227ce0
DEBUG: activating version 2159d94bcc574218827911cc730d5e85 with url='http://135.225.105.160:8004/klps/versions/2159d94bcc574218827911cc730d5e85/status'
  ✓ Activated version: 2159d94bcc574218827911cc730d5e85
  → Recovered missing Language ID for KLP via mapping: 3f81bdd31b204d038f9023769a13cddb
  Warning: Link slug 'res-video-management-of-a-pregnant-woman-with-fgm' not in mapping, removing from question
Updated KLP 'klp-3-whom-to-deinfibulate-at-birth' -> ad7b74f3c501479ca437166300daf7d0
DEBUG: activating version 0d0d015e9e5143909955b64d0e4225e6 with url='http://135.225.105.160:8004/klps/versions/0d0d015e9e5143909955b64d0e4225e6/status'
  ✓ Activated version: 0d0d015e9e5143909955b64d0e4225e6
  → Recovered missing Language ID for KLP via mapping: 3f81bdd31b204d038f9023769a13cddb
  Warning: Link slug 'res-video-labour-with-fgm' not in mapping, removing from question
Updated KLP 'klp-2-when-deinfibulation-at-birth' -> 6ee56bd845c9467eac313827c69c9128
DEBUG: activating version 91b0f763994e4df6ab4895741dded625 with url='http://135.225.105.160:8004/klps/versions/91b0f763994e4df6ab4895741dded625/status'
  ✓ Activated version: 91b0f763994e4df6ab4895741dded625
  → Recovered missing Language ID for KLP via mapping: 3f81bdd31b204d038f9023769a13cddb
  Warning: Link slug 'res-video-labour-with-fgm' not in mapping, removing from question
Updated KLP 'klp-3-deinfibulation-and-second-stage' -> b623c2c14d1947b084a9b4c4b2fd9965
DEBUG: activating version 2c3aab7cd90e4022a56eedd9616c5ed8 with url='http://135.225.105.160:8004/klps/versions/2c3aab7cd90e4022a56eedd9616c5ed8/status'
  ✓ Activated version: 2c3aab7cd90e4022a56eedd9616c5ed8
  → Recovered missing Language ID for KLP via mapping: 3f81bdd31b204d038f9023769a13cddb
  Warning: Link slug 'res-video-labour-with-fgm' not in mapping, removing from question
  Warning: Link slug 'res-video-labour-with-fgm' not in mapping, removing from question
Updated KLP 'klp-2-episiotomy' -> 7a9362db6abe4495839c6933a59d14ff
DEBUG: activating version 492090969d03476d9f1033971225104f with url='http://135.225.105.160:8004/klps/versions/492090969d03476d9f1033971225104f/status'
  ✓ Activated version: 492090969d03476d9f1033971225104f
  → Recovered missing Language ID for KLP via mapping: 3f81bdd31b204d038f9023769a13cddb
  Warning: Link slug 'res-video-labour-with-fgm' not in mapping, removing from question
Updated KLP 'klp-1-episiotomy-procedure' -> d82d6231eb8349318c5ca9dc23c34701
DEBUG: activating version 8f12ca74c04543f19d33ccf24b95eee6 with url='http://135.225.105.160:8004/klps/versions/8f12ca74c04543f19d33ccf24b95eee6/status'
  ✓ Activated version: 8f12ca74c04543f19d33ccf24b95eee6
  → Recovered missing Language ID for KLP via mapping: 3f81bdd31b204d038f9023769a13cddb
  Warning: Link slug 'res-video-labour-with-fgm' not in mapping, removing from question
Updated KLP 'klp-1-forbidden-re-infibulation' -> 6036e0f0ce48447282a5d24a4c2bbfeb
DEBUG: activating version ebbdd16d0af849de99f9cfa3a289fd58 with url='http://135.225.105.160:8004/klps/versions/ebbdd16d0af849de99f9cfa3a289fd58/status'
  ✓ Activated version: ebbdd16d0af849de99f9cfa3a289fd58
  → Recovered missing Language ID for KLP via mapping: 3f81bdd31b204d038f9023769a13cddb
  Warning: Link slug 'res-video-counsel-the-woman-and-her-husband' not in mapping, removing from question
Updated KLP 'klp-3-wash-after-deinfibulation' -> 105e7c16147346058ac098d2c00d2e45
DEBUG: activating version 6daaa1a1e3214d77994eed201ea9e40c with url='http://135.225.105.160:8004/klps/versions/6daaa1a1e3214d77994eed201ea9e40c/status'
  ✓ Activated version: 6daaa1a1e3214d77994eed201ea9e40c
  → Recovered missing Language ID for KLP via mapping: 3f81bdd31b204d038f9023769a13cddb
  Warning: Link slug 'res-video-counsel-the-woman-and-her-husband' not in mapping, removing from question
Updated KLP 'klp-3-how-to-wash' -> 3aed1fc0709b4787bd1c6758f23bac7f
DEBUG: activating version 69a9ec05ad5b4d02bf81fe06189f9f81 with url='http://135.225.105.160:8004/klps/versions/69a9ec05ad5b4d02bf81fe06189f9f81/status'
  ✓ Activated version: 69a9ec05ad5b4d02bf81fe06189f9f81
  → Recovered missing Language ID for KLP via mapping: 3f81bdd31b204d038f9023769a13cddb
  Warning: Link slug 'res-video-counsel-the-woman-and-her-husband' not in mapping, removing from question
Updated KLP 'klp-1-re-infibulation-no-health-benefits' -> 65bd633f726747b1aa684e806d674411
DEBUG: activating version 83e4e45065424d04aa89ff85f9a38dd9 with url='http://135.225.105.160:8004/klps/versions/83e4e45065424d04aa89ff85f9a38dd9/status'
  ✓ Activated version: 83e4e45065424d04aa89ff85f9a38dd9
  → Recovered missing Language ID for KLP via mapping: 3f81bdd31b204d038f9023769a13cddb
  Warning: Link slug 'res-video-counsel-the-woman-and-her-husband' not in mapping, removing from question
Updated KLP 'klp-3-re-infibulation-is-a-health-risk' -> 6f36f0a53d804c8485bfa07dcb6a199e
DEBUG: activating version acdac813c5c14ff4a9af656842e191d0 with url='http://135.225.105.160:8004/klps/versions/acdac813c5c14ff4a9af656842e191d0/status'
  ✓ Activated version: acdac813c5c14ff4a9af656842e191d0
  → Recovered missing Language ID for KLP via mapping: 3f81bdd31b204d038f9023769a13cddb
  Warning: Link slug 'res-video-counsel-the-woman-and-her-husband' not in mapping, removing from question
Updated KLP 'klp-3-healthcare-worker-fgm-knowledge' -> 87bc3c1f766f4b5cba568223b97474c1
DEBUG: activating version a919f55f6a4141f993ff7d016246831f with url='http://135.225.105.160:8004/klps/versions/a919f55f6a4141f993ff7d016246831f/status'
  ✓ Activated version: a919f55f6a4141f993ff7d016246831f
  → Recovered missing Language ID for KLP via mapping: 3f81bdd31b204d038f9023769a13cddb
  Warning: Link slug 'res-video-counsel-the-woman-and-her-husband' not in mapping, removing from question
Updated KLP 'klp-2-no-fgm-for-newborn-girl' -> 0541d9273d2e4c08be99e658a9a7703c
DEBUG: activating version 6b3c3cccd1ca4b0c9e13c08f16f8d85f with url='http://135.225.105.160:8004/klps/versions/6b3c3cccd1ca4b0c9e13c08f16f8d85f/status'
  ✓ Activated version: 6b3c3cccd1ca4b0c9e13c08f16f8d85f
  → Recovered missing Language ID for KLP via mapping: 3f81bdd31b204d038f9023769a13cddb
  Warning: Link slug 'res-video-definitions' not in mapping, removing from question
Updated KLP 'klp-1-severe-preeclampsia' -> b04d24426c5641738ed7725061573ca5
DEBUG: activating version 665eae9736344a0ca119e1e0c7fa6c61 with url='http://135.225.105.160:8004/klps/versions/665eae9736344a0ca119e1e0c7fa6c61/status'
  ✓ Activated version: 665eae9736344a0ca119e1e0c7fa6c61
  → Recovered missing Language ID for KLP via mapping: 3f81bdd31b204d038f9023769a13cddb
  Warning: Link slug 'res-video-definitions' not in mapping, removing from question
Updated KLP 'klp-2-gestational-hypertension' -> ef0744d158c74b65b98f0192c8f5b042
DEBUG: activating version 89fb1f9fea0c482dae7395c9318f5242 with url='http://135.225.105.160:8004/klps/versions/89fb1f9fea0c482dae7395c9318f5242/status'
  ✓ Activated version: 89fb1f9fea0c482dae7395c9318f5242
  → Recovered missing Language ID for KLP via mapping: 3f81bdd31b204d038f9023769a13cddb
  Warning: Link slug 'res-video-definitions' not in mapping, removing from question
Updated KLP 'klp-2-preeclampsia' -> 778b58fda64b4bbeb31aa90c350f2e75
DEBUG: activating version 55693e681b9e4e648f96558ba7b9c85e with url='http://135.225.105.160:8004/klps/versions/55693e681b9e4e648f96558ba7b9c85e/status'
  ✓ Activated version: 55693e681b9e4e648f96558ba7b9c85e
  → Recovered missing Language ID for KLP via mapping: 3f81bdd31b204d038f9023769a13cddb
  Warning: Link slug 'res-video-definitions' not in mapping, removing from question
Updated KLP 'klp-1-severely-elevated-blood-pressure' -> dc6b0d57822d4a319be40c49828c1918
DEBUG: activating version 38e3dc6b9f5940eb8585317e971982e7 with url='http://135.225.105.160:8004/klps/versions/38e3dc6b9f5940eb8585317e971982e7/status'
  ✓ Activated version: 38e3dc6b9f5940eb8585317e971982e7
  → Recovered missing Language ID for KLP via mapping: 3f81bdd31b204d038f9023769a13cddb
  Warning: Link slug 'res-video-definitions' not in mapping, removing from question
Updated KLP 'klp-1-severe-headache-and-visual-disturbance' -> abd6a43f54f94859b1871655d2bc55b2
DEBUG: activating version a8df0c628dca4e2385e65e68c4d646c1 with url='http://135.225.105.160:8004/klps/versions/a8df0c628dca4e2385e65e68c4d646c1/status'
  ✓ Activated version: a8df0c628dca4e2385e65e68c4d646c1
  → Recovered missing Language ID for KLP via mapping: 3f81bdd31b204d038f9023769a13cddb
  Warning: Link slug 'res-video-definitions' not in mapping, removing from question
  Warning: Link slug 'res-video-definitions' not in mapping, removing from question
Updated KLP 'klp-1-visual-disturbances-like-silver-lights-or-blurry-vision-eyes' -> 13d8134e6aba476ab5d19bd2f18d5733
DEBUG: activating version f8b2b3f9232044d3a1ba36bd4116e8bf with url='http://135.225.105.160:8004/klps/versions/f8b2b3f9232044d3a1ba36bd4116e8bf/status'
  ✓ Activated version: f8b2b3f9232044d3a1ba36bd4116e8bf
  → Recovered missing Language ID for KLP via mapping: 3f81bdd31b204d038f9023769a13cddb
  Warning: Link slug 'res-video-definitions' not in mapping, removing from question
Updated KLP 'klp-1-upper-abdominal-pain-from-the-liver' -> 90f57fedeccc4e049a49a40460eed1b3
DEBUG: activating version 0ea3ed948aa042bf87cc1f23d3e6b9af with url='http://135.225.105.160:8004/klps/versions/0ea3ed948aa042bf87cc1f23d3e6b9af/status'
  ✓ Activated version: 0ea3ed948aa042bf87cc1f23d3e6b9af
  → Recovered missing Language ID for KLP via mapping: 3f81bdd31b204d038f9023769a13cddb
  Warning: Link slug 'res-video-definitions' not in mapping, removing from question
Updated KLP 'klp-1-respiratory-distress' -> 199cb313e115416e8e8f93f0c70b8238
DEBUG: activating version d8a7d4eb77574f4bb641870ba1f21c9c with url='http://135.225.105.160:8004/klps/versions/d8a7d4eb77574f4bb641870ba1f21c9c/status'
  ✓ Activated version: d8a7d4eb77574f4bb641870ba1f21c9c
  → Recovered missing Language ID for KLP via mapping: 3f81bdd31b204d038f9023769a13cddb
  Warning: Link slug 'res-video-definitions' not in mapping, removing from question
  Warning: Link slug 'res-video-definitions' not in mapping, removing from question
Updated KLP 'klp-3-cause-of-oliguria' -> e06ec646042c4456abd17119fef62af1
DEBUG: activating version c39e4b86492b41b7b95f084d7e36ab0d with url='http://135.225.105.160:8004/klps/versions/c39e4b86492b41b7b95f084d7e36ab0d/status'
  ✓ Activated version: c39e4b86492b41b7b95f084d7e36ab0d
  → Recovered missing Language ID for KLP via mapping: 3f81bdd31b204d038f9023769a13cddb
  Warning: Link slug 'res-video-definitions' not in mapping, removing from question
Updated KLP 'klp-2-eclampsia' -> 002779fb63f441f38a0ba69e593b85de
DEBUG: activating version 0edae75f1fed42debae02fc86f52abe2 with url='http://135.225.105.160:8004/klps/versions/0edae75f1fed42debae02fc86f52abe2/status'
  ✓ Activated version: 0edae75f1fed42debae02fc86f52abe2
  → Recovered missing Language ID for KLP via mapping: 3f81bdd31b204d038f9023769a13cddb
  Warning: Link slug 'res-video-definitions' not in mapping, removing from question
Updated KLP 'klp-2-eclampsia-normal-blood-pressure' -> e9d06b2f5cbe47148aa1133674f081e5
DEBUG: activating version a205bb2a1d7841faa4342898533e3393 with url='http://135.225.105.160:8004/klps/versions/a205bb2a1d7841faa4342898533e3393/status'
  ✓ Activated version: a205bb2a1d7841faa4342898533e3393
  → Recovered missing Language ID for KLP via mapping: 3f81bdd31b204d038f9023769a13cddb
  Warning: Link slug 'res-video-definitions' not in mapping, removing from question
Updated KLP 'klp-3-differential-diagnosis' -> 1338c641f2b346d39294f86a0331a5fd
DEBUG: activating version aada0423a2cd4beabf31525121e8b76d with url='http://135.225.105.160:8004/klps/versions/aada0423a2cd4beabf31525121e8b76d/status'
  ✓ Activated version: aada0423a2cd4beabf31525121e8b76d
  → Recovered missing Language ID for KLP via mapping: 3f81bdd31b204d038f9023769a13cddb
  Warning: Link slug 'res-video-causes' not in mapping, removing from question
Updated KLP 'klp-1-causes-of-pre-eclampsia' -> 6544016538e54509a6f85481be4425af
DEBUG: activating version 6cff9fd777cd4f2087ac47bc45a1db08 with url='http://135.225.105.160:8004/klps/versions/6cff9fd777cd4f2087ac47bc45a1db08/status'
  ✓ Activated version: 6cff9fd777cd4f2087ac47bc45a1db08
  → Recovered missing Language ID for KLP via mapping: 3f81bdd31b204d038f9023769a13cddb
  Warning: Link slug 'res-video-how-to-diagnose' not in mapping, removing from question
  Warning: Link slug 'res-video-how-to-diagnose' not in mapping, removing from question
Updated KLP 'klp-3-anc-blood-pressure' -> 316930ec55ae492ab7c678f9fa907c8d
DEBUG: activating version 77da65407b0a42cf84dbce9b4f13a5cf with url='http://135.225.105.160:8004/klps/versions/77da65407b0a42cf84dbce9b4f13a5cf/status'
  ✓ Activated version: 77da65407b0a42cf84dbce9b4f13a5cf
  → Recovered missing Language ID for KLP via mapping: 3f81bdd31b204d038f9023769a13cddb
  Warning: Link slug 'res-video-how-to-diagnose' not in mapping, removing from question
  Warning: Link slug 'res-video-how-to-diagnose' not in mapping, removing from question
Updated KLP 'klp-3-confirm-bp' -> 2f1c3777836c4e55b5666b16703b2f7c
DEBUG: activating version 2c8549190462485e94ac7b30ca9401a8 with url='http://135.225.105.160:8004/klps/versions/2c8549190462485e94ac7b30ca9401a8/status'
  ✓ Activated version: 2c8549190462485e94ac7b30ca9401a8
  → Recovered missing Language ID for KLP via mapping: 3f81bdd31b204d038f9023769a13cddb
  Warning: Link slug 'res-video-how-to-diagnose' not in mapping, removing from question
Updated KLP 'klp-2-confirmed-elevated-bp' -> 506f1290d6a348e68e8438f4e13f547b
DEBUG: activating version 518993d950f54531a526afcdbfbccf58 with url='http://135.225.105.160:8004/klps/versions/518993d950f54531a526afcdbfbccf58/status'
  ✓ Activated version: 518993d950f54531a526afcdbfbccf58
  → Recovered missing Language ID for KLP via mapping: 3f81bdd31b204d038f9023769a13cddb
  Warning: Link slug 'res-video-management-of-hypertension' not in mapping, removing from question
Updated KLP 'klp-1-keep-systolic-bp-below-160' -> a55476a495c543d88a1b15f7f2d1d6a2
DEBUG: activating version 26fa5f95f315438cad5d11a4c89f5e17 with url='http://135.225.105.160:8004/klps/versions/26fa5f95f315438cad5d11a4c89f5e17/status'
  ✓ Activated version: 26fa5f95f315438cad5d11a4c89f5e17
  → Recovered missing Language ID for KLP via mapping: 3f81bdd31b204d038f9023769a13cddb
  Warning: Link slug 'res-video-management-of-hypertension' not in mapping, removing from question
Updated KLP 'klp-2-keep-diastolic-bp-above-80' -> 17e8d2ba830b40a3933bd976dfa71ee7
DEBUG: activating version c4333cf8bfe04947b97f4e061b784a17 with url='http://135.225.105.160:8004/klps/versions/c4333cf8bfe04947b97f4e061b784a17/status'
  ✓ Activated version: c4333cf8bfe04947b97f4e061b784a17
  → Recovered missing Language ID for KLP via mapping: 3f81bdd31b204d038f9023769a13cddb
Updated KLP 'klp-3-labetalol' -> e7339ec21ad24de2bd9515b3ca406a1f
DEBUG: activating version 08dc35ed738d4ddca030c46019abdd02 with url='http://135.225.105.160:8004/klps/versions/08dc35ed738d4ddca030c46019abdd02/status'
  ✓ Activated version: 08dc35ed738d4ddca030c46019abdd02
  → Recovered missing Language ID for KLP via mapping: 3f81bdd31b204d038f9023769a13cddb
Updated KLP 'klp-3-methyldopa' -> e5e99e2620534ca59926193fc0bc279a
DEBUG: activating version 4a08a20824694fef8adaf7c78eecc5c2 with url='http://135.225.105.160:8004/klps/versions/4a08a20824694fef8adaf7c78eecc5c2/status'
  ✓ Activated version: 4a08a20824694fef8adaf7c78eecc5c2
  → Recovered missing Language ID for KLP via mapping: 3f81bdd31b204d038f9023769a13cddb
  Warning: Link slug 'res-video-management-of-hypertension' not in mapping, removing from question
Updated KLP 'klp-1-iv-medication' -> d9386920345945198b7141a3d618c4ae
DEBUG: activating version f0970ff830dc4c5f97d2a68be621ca4d with url='http://135.225.105.160:8004/klps/versions/f0970ff830dc4c5f97d2a68be621ca4d/status'
  ✓ Activated version: f0970ff830dc4c5f97d2a68be621ca4d
  → Recovered missing Language ID for KLP via mapping: 3f81bdd31b204d038f9023769a13cddb
Updated KLP 'klp-3-hydralazine' -> 334c743bd0a047c093837b310053358b
DEBUG: activating version b1854f54c5fa49e09210fce3f3032f11 with url='http://135.225.105.160:8004/klps/versions/b1854f54c5fa49e09210fce3f3032f11/status'
  ✓ Activated version: b1854f54c5fa49e09210fce3f3032f11
  → Recovered missing Language ID for KLP via mapping: 3f81bdd31b204d038f9023769a13cddb
  Warning: Link slug 'res-video-severe-preeclampsia-eclampsia' not in mapping, removing from question
  Warning: Link slug 'res-video-severe-preeclampsia-eclampsia' not in mapping, removing from question
Updated KLP 'klp-2-eclampsia-seizures' -> 017f9e347d6d4bcea9763ae0024f01c0
DEBUG: activating version 746b1c24ec434f85af82c5959e8755fd with url='http://135.225.105.160:8004/klps/versions/746b1c24ec434f85af82c5959e8755fd/status'
  ✓ Activated version: 746b1c24ec434f85af82c5959e8755fd
  → Recovered missing Language ID for KLP via mapping: 3f81bdd31b204d038f9023769a13cddb
  Warning: Link slug 'res-video-severe-preeclampsia-eclampsia' not in mapping, removing from question
Updated KLP 'klp-1-severe-pre-eclampsia-or-eclampsia' -> bb51201c226c490989ae76d4e2cc11bd
DEBUG: activating version 92c9bbf49a954dcebd4b4876772ae5d6 with url='http://135.225.105.160:8004/klps/versions/92c9bbf49a954dcebd4b4876772ae5d6/status'
  ✓ Activated version: 92c9bbf49a954dcebd4b4876772ae5d6
  → Recovered missing Language ID for KLP via mapping: 3f81bdd31b204d038f9023769a13cddb
  Warning: Link slug 'res-video-severe-preeclampsia-eclampsia' not in mapping, removing from question
Updated KLP 'klp-1-eclampsia-monitor-1-2-hour' -> 0de81fa632d042c59899406b27df2d04
DEBUG: activating version 79f3f9a7d6a74973aeaeb82e9e85ed38 with url='http://135.225.105.160:8004/klps/versions/79f3f9a7d6a74973aeaeb82e9e85ed38/status'
  ✓ Activated version: 79f3f9a7d6a74973aeaeb82e9e85ed38
  → Recovered missing Language ID for KLP via mapping: 3f81bdd31b204d038f9023769a13cddb
Updated KLP 'klp-2-give-magnesium-sulphate' -> 673ffd45509742dba8864a58dddcb9c4
DEBUG: activating version a97a91a8059941c4ad5ef779436790df with url='http://135.225.105.160:8004/klps/versions/a97a91a8059941c4ad5ef779436790df/status'
  ✓ Activated version: a97a91a8059941c4ad5ef779436790df
  → Recovered missing Language ID for KLP via mapping: 3f81bdd31b204d038f9023769a13cddb
  Warning: Link slug 'res-video-severe-preeclampsia-eclampsia' not in mapping, removing from question
  Warning: Link slug 'res-video-severe-preeclampsia-eclampsia' not in mapping, removing from question
Updated KLP 'klp-2-toxicity' -> 85cf2eff4c29444b8c17c04ce15d3e57
DEBUG: activating version dff461a29c6e4d239824012d8804f58e with url='http://135.225.105.160:8004/klps/versions/dff461a29c6e4d239824012d8804f58e/status'
  ✓ Activated version: dff461a29c6e4d239824012d8804f58e
  → Recovered missing Language ID for KLP via mapping: 3f81bdd31b204d038f9023769a13cddb
Updated KLP 'klp-2-maintain-dose-magnesium-sulphate' -> b0039cbf819f4d90855bae6ea4f451f3
DEBUG: activating version 7b06c7531daa418bb8df9b5f685eecc4 with url='http://135.225.105.160:8004/klps/versions/7b06c7531daa418bb8df9b5f685eecc4/status'
  ✓ Activated version: 7b06c7531daa418bb8df9b5f685eecc4
  → Recovered missing Language ID for KLP via mapping: 3f81bdd31b204d038f9023769a13cddb
  Warning: Link slug 'res-video-severe-preeclampsia-eclampsia' not in mapping, removing from question
Updated KLP 'klp-3-refer-and-eclampsia' -> 5071ef9394744774ad2e16f7073a0ab4
DEBUG: activating version 8855973718d545448605da5fcb6eeaf8 with url='http://135.225.105.160:8004/klps/versions/8855973718d545448605da5fcb6eeaf8/status'
  ✓ Activated version: 8855973718d545448605da5fcb6eeaf8
  → Recovered missing Language ID for KLP via mapping: 3f81bdd31b204d038f9023769a13cddb
Updated KLP 'klp-3-lung-maturity' -> 6fea37fc87bf4eebae67f46de88aed02
DEBUG: activating version 74366a7a03fa4c8191f15a911716d6f6 with url='http://135.225.105.160:8004/klps/versions/74366a7a03fa4c8191f15a911716d6f6/status'
  ✓ Activated version: 74366a7a03fa4c8191f15a911716d6f6
  → Recovered missing Language ID for KLP via mapping: 3f81bdd31b204d038f9023769a13cddb
  Warning: Link slug 'res-video-definitions' not in mapping, removing from question
  Warning: Link slug 'res-video-definitions' not in mapping, removing from question
Updated KLP 'klp-2-proteinuria' -> af8ff4e9379441a8be2fc8d3b0057380
DEBUG: activating version 2234ec24eb104ee08c145f56158d9e21 with url='http://135.225.105.160:8004/klps/versions/2234ec24eb104ee08c145f56158d9e21/status'
  ✓ Activated version: 2234ec24eb104ee08c145f56158d9e21
  → Recovered missing Language ID for KLP via mapping: 3f81bdd31b204d038f9023769a13cddb
  Warning: Link slug 'res-video-causes' not in mapping, removing from question
  Warning: Link slug 'res-video-causes' not in mapping, removing from question
Updated KLP 'klp-2-cure-of-pre-eclampsia' -> a154179109f8407f9ee5c4118970c31a
DEBUG: activating version 98c03b8073004c489ab9d1c6698d7992 with url='http://135.225.105.160:8004/klps/versions/98c03b8073004c489ab9d1c6698d7992/status'
  ✓ Activated version: 98c03b8073004c489ab9d1c6698d7992
  → Recovered missing Language ID for KLP via mapping: 3f81bdd31b204d038f9023769a13cddb
  Warning: Link slug 'res-video-management-of-hypertension' not in mapping, removing from question
  Warning: Link slug 'res-video-management-of-hypertension' not in mapping, removing from question
Updated KLP 'klp-3-maternal-death-and-pre-eclampsia' -> d72831add97c4163b4c72344716e8b42
DEBUG: activating version 645a88e0e3164de8806d58ed632251df with url='http://135.225.105.160:8004/klps/versions/645a88e0e3164de8806d58ed632251df/status'
  ✓ Activated version: 645a88e0e3164de8806d58ed632251df
  → Recovered missing Language ID for KLP via mapping: 3f81bdd31b204d038f9023769a13cddb
  Warning: Link slug 'res-video-severe-preeclampsia-eclampsia' not in mapping, removing from question
Updated KLP 'klp-3-action-eclampsia' -> 3fbb8b8b87a04de4b5696406d5226b96
DEBUG: activating version c6d1046ab2cf4dfaa94d84b7e1fc6ebd with url='http://135.225.105.160:8004/klps/versions/c6d1046ab2cf4dfaa94d84b7e1fc6ebd/status'
  ✓ Activated version: c6d1046ab2cf4dfaa94d84b7e1fc6ebd
  → Recovered missing Language ID for KLP via mapping: 3f81bdd31b204d038f9023769a13cddb
  Warning: Link slug 'res-video-severe-preeclampsia-eclampsia' not in mapping, removing from question
Updated KLP 'klp-3-fluid-overload' -> 2798d873be4d44d2b0763c66efa748d4
DEBUG: activating version adf6f779a5bb41aebf873c56fc58c42e with url='http://135.225.105.160:8004/klps/versions/adf6f779a5bb41aebf873c56fc58c42e/status'
  ✓ Activated version: adf6f779a5bb41aebf873c56fc58c42e
  → Recovered missing Language ID for KLP via mapping: 3f81bdd31b204d038f9023769a13cddb
  Warning: Link slug 'res-video-management-of-hypertension' not in mapping, removing from question
Updated KLP 'klp-1-calcium-gluconate' -> 2dfaeef141ce4510a0ccbfa34e529f02
DEBUG: activating version 9f90a314de8a46ab9874698cb2da735b with url='http://135.225.105.160:8004/klps/versions/9f90a314de8a46ab9874698cb2da735b/status'
  ✓ Activated version: 9f90a314de8a46ab9874698cb2da735b
  → Recovered missing Language ID for KLP via mapping: 3f81bdd31b204d038f9023769a13cddb
  Warning: Link slug 'res-video-intro' not in mapping, removing from question
  Warning: Link slug 'res-video-intro' not in mapping, removing from question
Updated KLP 'klp-1-prevent-infections' -> 5d82632fd8b047c5996f96ae24796ae6
DEBUG: activating version 93122d06de26404cbe32414f6e300cee with url='http://135.225.105.160:8004/klps/versions/93122d06de26404cbe32414f6e300cee/status'
  ✓ Activated version: 93122d06de26404cbe32414f6e300cee
  → Recovered missing Language ID for KLP via mapping: 3f81bdd31b204d038f9023769a13cddb
  Warning: Link slug 'res-video-hand-hygiene' not in mapping, removing from question
Updated KLP 'klp-1-hand-hygiene-wash-and-alcohol' -> 15b06f43e8e54bdabd97c6fcec70dd50
DEBUG: activating version b067357572eb4b3e92d1d42cbbb50eda with url='http://135.225.105.160:8004/klps/versions/b067357572eb4b3e92d1d42cbbb50eda/status'
  ✓ Activated version: b067357572eb4b3e92d1d42cbbb50eda
  → Recovered missing Language ID for KLP via mapping: 3f81bdd31b204d038f9023769a13cddb
  Warning: Link slug 'res-video-hand-hygiene' not in mapping, removing from question
Updated KLP 'klp-1-use-alcohol-based-handrub' -> 591a03e42bf74334a9b0d071746a836c
DEBUG: activating version 9b6787a7db414424b118bde57e2ef992 with url='http://135.225.105.160:8004/klps/versions/9b6787a7db414424b118bde57e2ef992/status'
  ✓ Activated version: 9b6787a7db414424b118bde57e2ef992
  → Recovered missing Language ID for KLP via mapping: 3f81bdd31b204d038f9023769a13cddb
  Warning: Link slug 'res-video-procedure-for-handwash' not in mapping, removing from question
Updated KLP 'klp-3-soap-for-handwashing' -> 3177e40dd05e47b0895bf9c56d3e0043
DEBUG: activating version 238db1c01ac4461496290a4b217ed2db with url='http://135.225.105.160:8004/klps/versions/238db1c01ac4461496290a4b217ed2db/status'
  ✓ Activated version: 238db1c01ac4461496290a4b217ed2db
  → Recovered missing Language ID for KLP via mapping: 3f81bdd31b204d038f9023769a13cddb
  Warning: Link slug 'res-video-personal-protective-equipment' not in mapping, removing from question
Updated KLP 'klp-1-personal-protective-equipment' -> bfbb4330d3154851ad7f501a393eec67
DEBUG: activating version bd084b7c2cb040dbbff58a464a1ef8a8 with url='http://135.225.105.160:8004/klps/versions/bd084b7c2cb040dbbff58a464a1ef8a8/status'
  ✓ Activated version: bd084b7c2cb040dbbff58a464a1ef8a8
  → Recovered missing Language ID for KLP via mapping: 3f81bdd31b204d038f9023769a13cddb
  Warning: Link slug 'res-video-personal-protective-equipment' not in mapping, removing from question
Updated KLP 'klp-1-gloves-for-different-patients' -> 4b02c6fa2fca497d9948d1ebcd930d5a
DEBUG: activating version a264941bb7604a7d9d8115b12bdd8926 with url='http://135.225.105.160:8004/klps/versions/a264941bb7604a7d9d8115b12bdd8926/status'
  ✓ Activated version: a264941bb7604a7d9d8115b12bdd8926
  → Recovered missing Language ID for KLP via mapping: 3f81bdd31b204d038f9023769a13cddb
  Warning: Link slug 'res-video-cleaning-decontamination' not in mapping, removing from question
Updated KLP 'klp-1-soap-solution' -> 95b1970006c24136b9f32ff30eb2980d
DEBUG: activating version 35c87594829040d085f0f1e8b1abeb76 with url='http://135.225.105.160:8004/klps/versions/35c87594829040d085f0f1e8b1abeb76/status'
  ✓ Activated version: 35c87594829040d085f0f1e8b1abeb76
  → Recovered missing Language ID for KLP via mapping: 3f81bdd31b204d038f9023769a13cddb
  Warning: Link slug 'res-video-storage' not in mapping, removing from question
Updated KLP 'klp-1-package-of-sterile-items' -> 352152a2033a48668a647de6dbc01391
DEBUG: activating version 7285486b0d864501af75eddf887806f0 with url='http://135.225.105.160:8004/klps/versions/7285486b0d864501af75eddf887806f0/status'
  ✓ Activated version: 7285486b0d864501af75eddf887806f0
  → Recovered missing Language ID for KLP via mapping: 3f81bdd31b204d038f9023769a13cddb
  Warning: Link slug 'res-video-storage' not in mapping, removing from question
Updated KLP 'klp-1-storage-of-sterile-items' -> 0ddc18ded6cb4b1f8b707febc21fa6c3
DEBUG: activating version 02f025d5415243d2a974ddd87ae5ac7a with url='http://135.225.105.160:8004/klps/versions/02f025d5415243d2a974ddd87ae5ac7a/status'
  ✓ Activated version: 02f025d5415243d2a974ddd87ae5ac7a
  → Recovered missing Language ID for KLP via mapping: 3f81bdd31b204d038f9023769a13cddb
  Warning: Link slug 'res-video-housekeeping' not in mapping, removing from question
Updated KLP 'klp-1-cleaning-and-delivery-bed' -> 48f56ae72f444c70a162e4bd7e063401
DEBUG: activating version 613a4fb70f554ed28dbd022289e04f25 with url='http://135.225.105.160:8004/klps/versions/613a4fb70f554ed28dbd022289e04f25/status'
  ✓ Activated version: 613a4fb70f554ed28dbd022289e04f25
  → Recovered missing Language ID for KLP via mapping: 3f81bdd31b204d038f9023769a13cddb
  Warning: Link slug 'res-video-hiv-hepatitis-b-prevention' not in mapping, removing from question
Updated KLP 'klp-1-recommended-vaccination' -> 5e90670c507d471e965bb61284c4c926
DEBUG: activating version ef55034c10ce4c3a8b06028c7f935c23 with url='http://135.225.105.160:8004/klps/versions/ef55034c10ce4c3a8b06028c7f935c23/status'
  ✓ Activated version: ef55034c10ce4c3a8b06028c7f935c23
  → Recovered missing Language ID for KLP via mapping: 3f81bdd31b204d038f9023769a13cddb
  Warning: Link slug 'res-video-intro' not in mapping, removing from question
Updated KLP 'klp-2-infection-and-maternal-death' -> 398bd23536204f9e81d4434fa8caf221
DEBUG: activating version f85a4eb611e6422099d0e87fa43ccb79 with url='http://135.225.105.160:8004/klps/versions/f85a4eb611e6422099d0e87fa43ccb79/status'
  ✓ Activated version: f85a4eb611e6422099d0e87fa43ccb79
  → Recovered missing Language ID for KLP via mapping: 3f81bdd31b204d038f9023769a13cddb
  Warning: Link slug 'res-video-intro' not in mapping, removing from question
Updated KLP 'klp-2-infection-and-neonatal-death' -> 0e97d49b28174f828102591f623af5f3
DEBUG: activating version 19a6b2c624454915a44602796e7b74e2 with url='http://135.225.105.160:8004/klps/versions/19a6b2c624454915a44602796e7b74e2/status'
  ✓ Activated version: 19a6b2c624454915a44602796e7b74e2
  → Recovered missing Language ID for KLP via mapping: 3f81bdd31b204d038f9023769a13cddb
  Warning: Link slug 'res-video-intro' not in mapping, removing from question
Updated KLP 'klp-2-infection-and-germs' -> b8796123d6ef4d66bd501fa17c7dedba
DEBUG: activating version e6033b9680fe48b99dbd6bfe40667778 with url='http://135.225.105.160:8004/klps/versions/e6033b9680fe48b99dbd6bfe40667778/status'
  ✓ Activated version: e6033b9680fe48b99dbd6bfe40667778
  → Recovered missing Language ID for KLP via mapping: 3f81bdd31b204d038f9023769a13cddb
  Warning: Link slug 'res-video-intro' not in mapping, removing from question
Updated KLP 'klp-2-healthcare-professionals-hands' -> 93e4b92852be41ee931651f89d106dab
DEBUG: activating version ee2265bcc2ee4b0b84941eb1d4665ac1 with url='http://135.225.105.160:8004/klps/versions/ee2265bcc2ee4b0b84941eb1d4665ac1/status'
  ✓ Activated version: ee2265bcc2ee4b0b84941eb1d4665ac1
  → Recovered missing Language ID for KLP via mapping: 3f81bdd31b204d038f9023769a13cddb
  Warning: Link slug 'res-video-hand-hygiene' not in mapping, removing from question
Updated KLP 'klp-2-alcohol-most-effective' -> 38e7e9caed0a4c5ea01f597c5e3aac89
DEBUG: activating version 1791f14018114cfe9f6926076ff436a4 with url='http://135.225.105.160:8004/klps/versions/1791f14018114cfe9f6926076ff436a4/status'
  ✓ Activated version: 1791f14018114cfe9f6926076ff436a4
  → Recovered missing Language ID for KLP via mapping: 3f81bdd31b204d038f9023769a13cddb
  Warning: Link slug 'res-video-hand-hygiene' not in mapping, removing from question
Updated KLP 'klp-2-no-jewellery-on-hands' -> d338e5439f774844981dc7ca8ec79424
DEBUG: activating version f257c1e304434925bec80c9b90cddae4 with url='http://135.225.105.160:8004/klps/versions/f257c1e304434925bec80c9b90cddae4/status'
  ✓ Activated version: f257c1e304434925bec80c9b90cddae4
  → Recovered missing Language ID for KLP via mapping: 3f81bdd31b204d038f9023769a13cddb
  Warning: Link slug 'res-video-procedure-for-handwash' not in mapping, removing from question
  Warning: Link slug 'res-video-procedure-for-handwash' not in mapping, removing from question
Updated KLP 'klp-2-towel' -> 693b1443b6fc47a099ba1a9f90fdaf13
DEBUG: activating version 141234771c624e378e09c5738013ec4a with url='http://135.225.105.160:8004/klps/versions/141234771c624e378e09c5738013ec4a/status'
  ✓ Activated version: 141234771c624e378e09c5738013ec4a
  → Recovered missing Language ID for KLP via mapping: 3f81bdd31b204d038f9023769a13cddb
  Warning: Link slug 'res-video-procedure-for-handrub' not in mapping, removing from question
Updated KLP 'klp-2-when-hand-hygiene1' -> e05b3b0011e7481da0ba9fffe33691e5
DEBUG: activating version db7b5fa5ceef4b9d9172cdba49f4148f with url='http://135.225.105.160:8004/klps/versions/db7b5fa5ceef4b9d9172cdba49f4148f/status'
  ✓ Activated version: db7b5fa5ceef4b9d9172cdba49f4148f
  → Recovered missing Language ID for KLP via mapping: 3f81bdd31b204d038f9023769a13cddb
  Warning: Link slug 'res-video-storage' not in mapping, removing from question
Updated KLP 'klp-2-order-of-cleaning-and-storage' -> d989a0f4fd334dfd929908bf92ae55db
DEBUG: activating version ebe6a8f26a344f76957d6fb78cb37a79 with url='http://135.225.105.160:8004/klps/versions/ebe6a8f26a344f76957d6fb78cb37a79/status'
  ✓ Activated version: ebe6a8f26a344f76957d6fb78cb37a79
  → Recovered missing Language ID for KLP via mapping: 3f81bdd31b204d038f9023769a13cddb
  Warning: Link slug 'res-video-housekeeping' not in mapping, removing from question
Updated KLP 'klp-2-disinfection-solution' -> e4d4064468364fb6af3cf766a1d7b108
DEBUG: activating version 639f9723f88549d88c59a3c1e01295bc with url='http://135.225.105.160:8004/klps/versions/639f9723f88549d88c59a3c1e01295bc/status'
  ✓ Activated version: 639f9723f88549d88c59a3c1e01295bc
  → Recovered missing Language ID for KLP via mapping: 3f81bdd31b204d038f9023769a13cddb
  Warning: Link slug 'res-video-hiv-hepatitis-b-prevention' not in mapping, removing from question
Updated KLP 'klp-2-spread-of-hiv-and-hep-b' -> b2cb15afa0c74431b7555876527f86ad
DEBUG: activating version 5e39cf65172844248ba126b2d1639edb with url='http://135.225.105.160:8004/klps/versions/5e39cf65172844248ba126b2d1639edb/status'
  ✓ Activated version: 5e39cf65172844248ba126b2d1639edb
  → Recovered missing Language ID for KLP via mapping: 3f81bdd31b204d038f9023769a13cddb
  Warning: Link slug 'res-video-hand-hygiene' not in mapping, removing from question
Updated KLP 'klp-3-when-hand-hygiene2' -> 25317e611c354ddfaa479cb9797e683c
DEBUG: activating version 4bd85f0121d84ca0b7456c9a560685b5 with url='http://135.225.105.160:8004/klps/versions/4bd85f0121d84ca0b7456c9a560685b5/status'
  ✓ Activated version: 4bd85f0121d84ca0b7456c9a560685b5
  → Recovered missing Language ID for KLP via mapping: 3f81bdd31b204d038f9023769a13cddb
  Warning: Link slug 'res-video-hand-hygiene' not in mapping, removing from question
Updated KLP 'klp-3-wash-hands' -> 2c78898744f24a8694a37fd32443e850
DEBUG: activating version 86545c716f1540fa9f21b7cd1509e358 with url='http://135.225.105.160:8004/klps/versions/86545c716f1540fa9f21b7cd1509e358/status'
  ✓ Activated version: 86545c716f1540fa9f21b7cd1509e358
  → Recovered missing Language ID for KLP via mapping: 3f81bdd31b204d038f9023769a13cddb
  Warning: Link slug 'res-video-procedure-for-handwash' not in mapping, removing from question
Updated KLP 'klp-3-procedure-for-handwashing' -> 2af9ab3320e7479e93ddfc4da207d1b6
DEBUG: activating version ce6427290c6e453db0f7b5e6c208b725 with url='http://135.225.105.160:8004/klps/versions/ce6427290c6e453db0f7b5e6c208b725/status'
  ✓ Activated version: ce6427290c6e453db0f7b5e6c208b725
  → Recovered missing Language ID for KLP via mapping: 3f81bdd31b204d038f9023769a13cddb
  Warning: Link slug 'res-video-procedure-for-handrub' not in mapping, removing from question
Updated KLP 'klp-3-amount-of-handrub' -> 21baea47a4e2428d8a67f3dfa114dafd
DEBUG: activating version 55434f3212ac44aeb610fdad33c8a47f with url='http://135.225.105.160:8004/klps/versions/55434f3212ac44aeb610fdad33c8a47f/status'
  ✓ Activated version: 55434f3212ac44aeb610fdad33c8a47f
  → Recovered missing Language ID for KLP via mapping: 3f81bdd31b204d038f9023769a13cddb
Updated KLP 'klp-3-product-in-alcohol-based-handrub' -> 058ce4cc00c64f508c305ec7f6c89df6
DEBUG: activating version 2422325dd81e4ae18bf0c1c1aa62d95a with url='http://135.225.105.160:8004/klps/versions/2422325dd81e4ae18bf0c1c1aa62d95a/status'
  ✓ Activated version: 2422325dd81e4ae18bf0c1c1aa62d95a
  → Recovered missing Language ID for KLP via mapping: 3f81bdd31b204d038f9023769a13cddb
Updated KLP 'klp-3-label-of-alcohol-based-handrub' -> cce933ee1b9f4a20bd36c44bb29f491b
DEBUG: activating version 8d1055c904b34c9b96610b07be51e1ec with url='http://135.225.105.160:8004/klps/versions/8d1055c904b34c9b96610b07be51e1ec/status'
  ✓ Activated version: 8d1055c904b34c9b96610b07be51e1ec
  → Recovered missing Language ID for KLP via mapping: 3f81bdd31b204d038f9023769a13cddb
  Warning: Link slug 'res-video-personal-protective-equipment' not in mapping, removing from question
Updated KLP 'klp-3-removing-gloves' -> 0334bb8f5067462aab6b61cf66524153
DEBUG: activating version db19b4ec54f04fa18398eb4ddd33e6e4 with url='http://135.225.105.160:8004/klps/versions/db19b4ec54f04fa18398eb4ddd33e6e4/status'
  ✓ Activated version: db19b4ec54f04fa18398eb4ddd33e6e4
  → Recovered missing Language ID for KLP via mapping: 3f81bdd31b204d038f9023769a13cddb
  Warning: Link slug 'res-video-personal-protective-equipment' not in mapping, removing from question
Updated KLP 'klp-3-gloves-for-birth' -> 4b48b9d185014cba9d76f6277d1b0663
DEBUG: activating version 537f29262285420fb8afe56df0279554 with url='http://135.225.105.160:8004/klps/versions/537f29262285420fb8afe56df0279554/status'
  ✓ Activated version: 537f29262285420fb8afe56df0279554
  → Recovered missing Language ID for KLP via mapping: 3f81bdd31b204d038f9023769a13cddb
  Warning: Link slug 'res-video-housekeeping' not in mapping, removing from question
Updated KLP 'klp-3-high-risk-area' -> 58d39a562a31466ba35cc71355ef1815
DEBUG: activating version 1aaa3293999244bca235edd03865528c with url='http://135.225.105.160:8004/klps/versions/1aaa3293999244bca235edd03865528c/status'
  ✓ Activated version: 1aaa3293999244bca235edd03865528c
  → Recovered missing Language ID for KLP via mapping: 3f81bdd31b204d038f9023769a13cddb
  Warning: Link slug 'res-video-hiv-hepatitis-b-prevention' not in mapping, removing from question
Updated KLP 'klp-3-transmission-most-likely' -> 284df90aad2d4e82b8993598920fa58b
DEBUG: activating version 0930c613ad814ea1a78ecfdee9f5c02e with url='http://135.225.105.160:8004/klps/versions/0930c613ad814ea1a78ecfdee9f5c02e/status'
  ✓ Activated version: 0930c613ad814ea1a78ecfdee9f5c02e
  → Recovered missing Language ID for KLP via mapping: 3f81bdd31b204d038f9023769a13cddb
  Warning: Link slug 'res-video-hiv-hepatitis-b-prevention' not in mapping, removing from question
Updated KLP 'klp-3-action-if-exposed' -> cc326a51c8ce40009b9a24dbf343da80
DEBUG: activating version 7815e654f5b64a1eb33887ceffe7d25e with url='http://135.225.105.160:8004/klps/versions/7815e654f5b64a1eb33887ceffe7d25e/status'
  ✓ Activated version: 7815e654f5b64a1eb33887ceffe7d25e
  → Recovered missing Language ID for KLP via mapping: 3f81bdd31b204d038f9023769a13cddb
  Warning: Link slug 'res-video-procedure-for-handwash' not in mapping, removing from question
Updated KLP 'klp-1-soap-wet-container' -> a9bdb2d9c72b4d32ae7a3a7c077a570c
DEBUG: activating version ba3b897221ee40cb93fcedd9638ab32a with url='http://135.225.105.160:8004/klps/versions/ba3b897221ee40cb93fcedd9638ab32a/status'
  ✓ Activated version: ba3b897221ee40cb93fcedd9638ab32a
  → Recovered missing Language ID for KLP via mapping: 3f81bdd31b204d038f9023769a13cddb
  Warning: Link slug 'res-video-procedure-for-handwash' not in mapping, removing from question
Updated KLP 'klp-1-air-dry-hands' -> 6278325f307d4216b169a4ab802c6f81
DEBUG: activating version 150981c0c9d6404fb93463e007419269 with url='http://135.225.105.160:8004/klps/versions/150981c0c9d6404fb93463e007419269/status'
  ✓ Activated version: 150981c0c9d6404fb93463e007419269
  → Recovered missing Language ID for KLP via mapping: 3f81bdd31b204d038f9023769a13cddb
Updated KLP 'klp-2-product-in-alcohol-based-handrub-2' -> 0b14d487dd9446dfb1d8d9ad96a0b6f2
DEBUG: activating version 71bd8fe77d644560a22146bad421b759 with url='http://135.225.105.160:8004/klps/versions/71bd8fe77d644560a22146bad421b759/status'
  ✓ Activated version: 71bd8fe77d644560a22146bad421b759
  → Recovered missing Language ID for KLP via mapping: 3f81bdd31b204d038f9023769a13cddb
  Warning: Link slug 'res-video-intro' not in mapping, removing from question
  Warning: Link slug 'res-video-intro' not in mapping, removing from question
Updated KLP 'klp-2-definition-of-low-birthweight' -> 8792c18b6c184da99d2268a8524f9c66
DEBUG: activating version 722f13365d60408ea844a189c7b203e4 with url='http://135.225.105.160:8004/klps/versions/722f13365d60408ea844a189c7b203e4/status'
  ✓ Activated version: 722f13365d60408ea844a189c7b203e4
  → Recovered missing Language ID for KLP via mapping: 3f81bdd31b204d038f9023769a13cddb
  Warning: Link slug 'res-video-intro' not in mapping, removing from question
Updated KLP 'klp-1-preterm-presentation' -> 0891100d33f541eebcdc1e5ac4512ca1
DEBUG: activating version 6ca5688791cb448c86004de86c6af344 with url='http://135.225.105.160:8004/klps/versions/6ca5688791cb448c86004de86c6af344/status'
  ✓ Activated version: 6ca5688791cb448c86004de86c6af344
  → Recovered missing Language ID for KLP via mapping: 3f81bdd31b204d038f9023769a13cddb
  Warning: Link slug 'res-video-initial-care-of-the-low-birth-weight' not in mapping, removing from question
  Warning: Link slug 'res-video-initial-care-of-the-low-birth-weight' not in mapping, removing from question
  Warning: Link slug 'res-video-initial-care-of-the-low-birth-weight' not in mapping, removing from question
  Warning: Link slug 'res-video-initial-care-of-the-low-birth-weight' not in mapping, removing from question
Updated KLP 'klp-1-initial-care-of-the-low-birth-weight' -> aad87a8f7b984c46a6a4b0257e8403db
DEBUG: activating version ccf2070063934590b2e34dea31b1cfce with url='http://135.225.105.160:8004/klps/versions/ccf2070063934590b2e34dea31b1cfce/status'
  ✓ Activated version: ccf2070063934590b2e34dea31b1cfce
  → Recovered missing Language ID for KLP via mapping: 3f81bdd31b204d038f9023769a13cddb
  Warning: Link slug 'res-video-kangaroo-mother-care' not in mapping, removing from question
  Warning: Link slug 'res-video-kangaroo-mother-care' not in mapping, removing from question
Updated KLP 'klp-1-what-is-kangaroo-mother-care' -> cad0293e8ea94b109ce6aa568f5a41fd
DEBUG: activating version 5bbafe17bb064903b3a13f5ca4a63f1f with url='http://135.225.105.160:8004/klps/versions/5bbafe17bb064903b3a13f5ca4a63f1f/status'
  ✓ Activated version: 5bbafe17bb064903b3a13f5ca4a63f1f
  → Recovered missing Language ID for KLP via mapping: 3f81bdd31b204d038f9023769a13cddb
  Warning: Link slug 'res-video-kangaroo-mother-care' not in mapping, removing from question
Updated KLP 'klp-2-how-to-kangaroo-mother-care' -> d68bbd3b015147c183dbcc45cb058d75
DEBUG: activating version b7f11ae7ebae410e837a9ef390bee92e with url='http://135.225.105.160:8004/klps/versions/b7f11ae7ebae410e837a9ef390bee92e/status'
  ✓ Activated version: b7f11ae7ebae410e837a9ef390bee92e
  → Recovered missing Language ID for KLP via mapping: 3f81bdd31b204d038f9023769a13cddb
  Warning: Link slug 'res-video-kangaroo-mother-care' not in mapping, removing from question
Updated KLP 'klp-3-discharge' -> 423d30f1a47141109539534c742fe151
DEBUG: activating version e64bfbf5a98e4f1cb7770483bc14acd4 with url='http://135.225.105.160:8004/klps/versions/e64bfbf5a98e4f1cb7770483bc14acd4/status'
  ✓ Activated version: e64bfbf5a98e4f1cb7770483bc14acd4
  → Recovered missing Language ID for KLP via mapping: 3f81bdd31b204d038f9023769a13cddb
  Warning: Link slug 'res-video-feeding' not in mapping, removing from question
  Warning: Link slug 'res-video-feeding' not in mapping, removing from question
Updated KLP 'klp-2-feeding' -> 8ad35d5f9e7a44f3b67767d007f6442d
DEBUG: activating version 5c65c27a9d1d4958a92299ce7660d1ef with url='http://135.225.105.160:8004/klps/versions/5c65c27a9d1d4958a92299ce7660d1ef/status'
  ✓ Activated version: 5c65c27a9d1d4958a92299ce7660d1ef
  → Recovered missing Language ID for KLP via mapping: 3f81bdd31b204d038f9023769a13cddb
  Warning: Link slug 'res-video-feeding' not in mapping, removing from question
  Warning: Link slug 'res-video-feeding' not in mapping, removing from question
Updated KLP 'klp-3-unable-to-suck' -> 8886c16249664d369aa6fbc05a238ffa
DEBUG: activating version aecaf9632ca3419b9ea394ce4862336a with url='http://135.225.105.160:8004/klps/versions/aecaf9632ca3419b9ea394ce4862336a/status'
  ✓ Activated version: aecaf9632ca3419b9ea394ce4862336a
  → Recovered missing Language ID for KLP via mapping: 3f81bdd31b204d038f9023769a13cddb
  Warning: Link slug 'res-action-card-pediatric-drugs-and-fluids' not in mapping, removing from question
Updated KLP 'klp-1-feeding-schedule' -> 54e8422c61d6490baf6c5f0bd2899e3a
DEBUG: activating version ccbc4ca0615e4f6b8216f5b6789c2930 with url='http://135.225.105.160:8004/klps/versions/ccbc4ca0615e4f6b8216f5b6789c2930/status'
  ✓ Activated version: ccbc4ca0615e4f6b8216f5b6789c2930
  → Recovered missing Language ID for KLP via mapping: 3f81bdd31b204d038f9023769a13cddb
  Warning: Link slug 'res-video-danger-signs' not in mapping, removing from question
Updated KLP 'klp-1-non-responsive-newborn' -> 0917b4cdb8094ba99bbe888a048df018
DEBUG: activating version 3c0bf0493a754f569ef9132f2395dabb with url='http://135.225.105.160:8004/klps/versions/3c0bf0493a754f569ef9132f2395dabb/status'
  ✓ Activated version: 3c0bf0493a754f569ef9132f2395dabb
  → Recovered missing Language ID for KLP via mapping: 3f81bdd31b204d038f9023769a13cddb
  Warning: Link slug 'res-video-danger-signs' not in mapping, removing from question
Updated KLP 'klp-2-breathing' -> 003fd7d16d6a421b9b9e45ff6e5277a7
DEBUG: activating version 0cf905953570425898d5783d297220a4 with url='http://135.225.105.160:8004/klps/versions/0cf905953570425898d5783d297220a4/status'
  ✓ Activated version: 0cf905953570425898d5783d297220a4
  → Recovered missing Language ID for KLP via mapping: 3f81bdd31b204d038f9023769a13cddb
  Warning: Link slug 'res-video-danger-signs' not in mapping, removing from question
Updated KLP 'klp-1-rds-symptoms' -> 77d29cc875a243e5a533c9b9e2c55d5b
DEBUG: activating version e368ed760bd247ffae789844d299757f with url='http://135.225.105.160:8004/klps/versions/e368ed760bd247ffae789844d299757f/status'
  ✓ Activated version: e368ed760bd247ffae789844d299757f
  → Recovered missing Language ID for KLP via mapping: 3f81bdd31b204d038f9023769a13cddb
  Warning: Link slug 'res-video-danger-signs' not in mapping, removing from question
Updated KLP 'klp-2-rds-management' -> 094ae32d01fc4a5b84058e166d053190
DEBUG: activating version 3d810c04d4784b46866961ac0504a4c7 with url='http://135.225.105.160:8004/klps/versions/3d810c04d4784b46866961ac0504a4c7/status'
  ✓ Activated version: 3d810c04d4784b46866961ac0504a4c7
  → Recovered missing Language ID for KLP via mapping: 3f81bdd31b204d038f9023769a13cddb
  Warning: Link slug 'res-video-danger-signs' not in mapping, removing from question
Updated KLP 'klp-3-cpap' -> cd1b3b85753c42daa8d4a26b002c13ff
DEBUG: activating version 533c594aec8a45f4929fb5a16ebdf4e0 with url='http://135.225.105.160:8004/klps/versions/533c594aec8a45f4929fb5a16ebdf4e0/status'
  ✓ Activated version: 533c594aec8a45f4929fb5a16ebdf4e0
  → Recovered missing Language ID for KLP via mapping: 3f81bdd31b204d038f9023769a13cddb
  Warning: Link slug 'res-video-danger-signs' not in mapping, removing from question
Updated KLP 'klp-1-rds-ab' -> 15180dff4ae348eeb5e19eea97ea0acd
DEBUG: activating version 49469fb80a574e4398d27277ac1b510c with url='http://135.225.105.160:8004/klps/versions/49469fb80a574e4398d27277ac1b510c/status'
  ✓ Activated version: 49469fb80a574e4398d27277ac1b510c
  → Recovered missing Language ID for KLP via mapping: 3f81bdd31b204d038f9023769a13cddb
  Warning: Link slug 'res-video-danger-signs' not in mapping, removing from question
Updated KLP 'klp-2-oxygen-therapy' -> 3304227615f74082b2a62347f8776450
DEBUG: activating version e0a1b53ff6464bca9ec4fff849de675c with url='http://135.225.105.160:8004/klps/versions/e0a1b53ff6464bca9ec4fff849de675c/status'
  ✓ Activated version: e0a1b53ff6464bca9ec4fff849de675c
  → Recovered missing Language ID for KLP via mapping: 3f81bdd31b204d038f9023769a13cddb
  Warning: Link slug 'res-video-danger-signs' not in mapping, removing from question
Updated KLP 'klp-3-oxygen-saturation' -> 3ba00f6a48b941beba16d6130c5c8dbe
DEBUG: activating version 7177a27f81df415789ee42b320c681a6 with url='http://135.225.105.160:8004/klps/versions/7177a27f81df415789ee42b320c681a6/status'
  ✓ Activated version: 7177a27f81df415789ee42b320c681a6
  → Recovered missing Language ID for KLP via mapping: 3f81bdd31b204d038f9023769a13cddb
  Warning: Link slug 'res-video-danger-signs' not in mapping, removing from question
Updated KLP 'klp-2-oxygen-indication' -> 79fbce45a4c8469a9641159ed00c6e74
DEBUG: activating version ca992e1cdf3e40a38be6729e603e9dce with url='http://135.225.105.160:8004/klps/versions/ca992e1cdf3e40a38be6729e603e9dce/status'
  ✓ Activated version: ca992e1cdf3e40a38be6729e603e9dce
  → Recovered missing Language ID for KLP via mapping: 3f81bdd31b204d038f9023769a13cddb
  Warning: Link slug 'res-video-danger-signs' not in mapping, removing from question
Updated KLP 'klp-1-grunting' -> 2fe12af4daa94712a56a903cc9479c78
DEBUG: activating version 6190ad5cc11f4cd8aab53d0c23fae02c with url='http://135.225.105.160:8004/klps/versions/6190ad5cc11f4cd8aab53d0c23fae02c/status'
  ✓ Activated version: 6190ad5cc11f4cd8aab53d0c23fae02c
  → Recovered missing Language ID for KLP via mapping: 3f81bdd31b204d038f9023769a13cddb
Updated KLP 'klp-3-apnea-prevention' -> 022db3a3844b43679bbc078299f7a919
DEBUG: activating version 81322400fa2b43d1a049e8f64f6867c4 with url='http://135.225.105.160:8004/klps/versions/81322400fa2b43d1a049e8f64f6867c4/status'
  ✓ Activated version: 81322400fa2b43d1a049e8f64f6867c4
  → Recovered missing Language ID for KLP via mapping: 3f81bdd31b204d038f9023769a13cddb
  Warning: Link slug 'res-video-danger-signs' not in mapping, removing from question
Updated KLP 'klp-3-stable-newborn-management' -> 594b3496c76442c6861f7df67f99678f
DEBUG: activating version 12fa23c9410e4e29a75b07e2aea6739d with url='http://135.225.105.160:8004/klps/versions/12fa23c9410e4e29a75b07e2aea6739d/status'
  ✓ Activated version: 12fa23c9410e4e29a75b07e2aea6739d
  → Recovered missing Language ID for KLP via mapping: 3f81bdd31b204d038f9023769a13cddb
  Warning: Link slug 'res-video-danger-signs' not in mapping, removing from question
Updated KLP 'klp-3-jaundice' -> 90fbac1e72cf48678f5124def3adc8ae
DEBUG: activating version 7b6f6a9c246146eaa72c39c501599116 with url='http://135.225.105.160:8004/klps/versions/7b6f6a9c246146eaa72c39c501599116/status'
  ✓ Activated version: 7b6f6a9c246146eaa72c39c501599116
  → Recovered missing Language ID for KLP via mapping: 3f81bdd31b204d038f9023769a13cddb
  Warning: Link slug 'res-video-danger-signs' not in mapping, removing from question
Updated KLP 'klp-2-severe-jaundice' -> 3817ed4c92c84b2ebcec7bf353da7868
DEBUG: activating version 382a194e0e304934908da8254d8893c2 with url='http://135.225.105.160:8004/klps/versions/382a194e0e304934908da8254d8893c2/status'
  ✓ Activated version: 382a194e0e304934908da8254d8893c2
  → Recovered missing Language ID for KLP via mapping: 3f81bdd31b204d038f9023769a13cddb
  Warning: Link slug 'res-video-danger-signs' not in mapping, removing from question
Updated KLP 'klp-3-severe-jaundice-jaundice-treatment' -> e58bce0aaab44d43a3698b31e175a6e5
DEBUG: activating version 2897f72152ca40c5b5ab45416da62156 with url='http://135.225.105.160:8004/klps/versions/2897f72152ca40c5b5ab45416da62156/status'
  ✓ Activated version: 2897f72152ca40c5b5ab45416da62156
  → Recovered missing Language ID for KLP via mapping: 3f81bdd31b204d038f9023769a13cddb
  Warning: Link slug 'res-video-danger-signs' not in mapping, removing from question
Updated KLP 'klp-1-vomits' -> a336ed86f8cc474eb23c1fc6ccff1af1
DEBUG: activating version 9aa5a60f763f4e2cad08d890a8855e64 with url='http://135.225.105.160:8004/klps/versions/9aa5a60f763f4e2cad08d890a8855e64/status'
  ✓ Activated version: 9aa5a60f763f4e2cad08d890a8855e64
  → Recovered missing Language ID for KLP via mapping: 3f81bdd31b204d038f9023769a13cddb
  Warning: Link slug 'res-video-danger-signs' not in mapping, removing from question
Updated KLP 'klp-2-necrotizing-enterocolitis' -> d8260686fadb4a4f8b0bc7b8933182d7
DEBUG: activating version 1c836781ed5446258668c2fa82657cb0 with url='http://135.225.105.160:8004/klps/versions/1c836781ed5446258668c2fa82657cb0/status'
  ✓ Activated version: 1c836781ed5446258668c2fa82657cb0
  → Recovered missing Language ID for KLP via mapping: 3f81bdd31b204d038f9023769a13cddb
  Warning: Link slug 'res-video-danger-signs' not in mapping, removing from question
Updated KLP 'klp-3-necrotizing-enterocolitis-management' -> 08c83f229a314cb4bd7f88262e9f9528
DEBUG: activating version 3a2ef17b7d3a44ac8e49cdf35e7b141b with url='http://135.225.105.160:8004/klps/versions/3a2ef17b7d3a44ac8e49cdf35e7b141b/status'
  ✓ Activated version: 3a2ef17b7d3a44ac8e49cdf35e7b141b
  → Recovered missing Language ID for KLP via mapping: 3f81bdd31b204d038f9023769a13cddb
  Warning: Link slug 'res-video-danger-signs' not in mapping, removing from question
Updated KLP 'klp-3-necrotizing-enterocolitis-ab' -> 7c767e4b2b2845dd9ca14b82895ed1d6
DEBUG: activating version 32805ddd01d24e6db513c1471386af4b with url='http://135.225.105.160:8004/klps/versions/32805ddd01d24e6db513c1471386af4b/status'
  ✓ Activated version: 32805ddd01d24e6db513c1471386af4b
  → Recovered missing Language ID for KLP via mapping: 3f81bdd31b204d038f9023769a13cddb
  Warning: Link slug 'res-video-danger-signs' not in mapping, removing from question
Updated KLP 'klp-1-lbw-infection' -> a4b0de6409eb46879ec538c3efc90b6d
DEBUG: activating version 6dd77e5507e74af1a29a5f2b2fc87318 with url='http://135.225.105.160:8004/klps/versions/6dd77e5507e74af1a29a5f2b2fc87318/status'
  ✓ Activated version: 6dd77e5507e74af1a29a5f2b2fc87318
  → Recovered missing Language ID for KLP via mapping: 3f81bdd31b204d038f9023769a13cddb
  Warning: Link slug 'res-video-danger-signs' not in mapping, removing from question
Updated KLP 'klp-3-lbw-infection-treatment' -> ba30765612d947fdbda4ba0e1b0f1809
DEBUG: activating version 1a4e93bb82294e7ea173460f4ac9dacd with url='http://135.225.105.160:8004/klps/versions/1a4e93bb82294e7ea173460f4ac9dacd/status'
  ✓ Activated version: 1a4e93bb82294e7ea173460f4ac9dacd
  → Recovered missing Language ID for KLP via mapping: 3f81bdd31b204d038f9023769a13cddb
  Warning: Link slug 'res-video-danger-signs' not in mapping, removing from question
Updated KLP 'klp-2-severe-infection' -> 871fc02c71e9477ca894cd37635dbb16
DEBUG: activating version ca1fae0279a3418b806f60d916910319 with url='http://135.225.105.160:8004/klps/versions/ca1fae0279a3418b806f60d916910319/status'
  ✓ Activated version: ca1fae0279a3418b806f60d916910319
  → Recovered missing Language ID for KLP via mapping: 3f81bdd31b204d038f9023769a13cddb
  Warning: Link slug 'res-video-referral' not in mapping, removing from question
Updated KLP 'klp-1-referral-indications' -> 4c25627ab9104d6baa68af29e1f79e3a
DEBUG: activating version ffb6b37766694dd78d6fd2717ccc1cf0 with url='http://135.225.105.160:8004/klps/versions/ffb6b37766694dd78d6fd2717ccc1cf0/status'
  ✓ Activated version: ffb6b37766694dd78d6fd2717ccc1cf0
  → Recovered missing Language ID for KLP via mapping: 3f81bdd31b204d038f9023769a13cddb
  Warning: Link slug 'res-video-referral' not in mapping, removing from question
Updated KLP 'klp-2-referral-safety-rules' -> 6b4f64cb10904e1fa8648e5c573cd027
DEBUG: activating version 917b9d1ca4824b63934c012eea4939f9 with url='http://135.225.105.160:8004/klps/versions/917b9d1ca4824b63934c012eea4939f9/status'
  ✓ Activated version: 917b9d1ca4824b63934c012eea4939f9
  → Recovered missing Language ID for KLP via mapping: 3f81bdd31b204d038f9023769a13cddb
  Warning: Link slug 'res-video-referral' not in mapping, removing from question
Updated KLP 'klp-2-referral-warmth' -> 746bfb8ce3bc4a0db8a41f57af020c38
DEBUG: activating version 0a7055ff6b59450d873c7c803a75f7bb with url='http://135.225.105.160:8004/klps/versions/0a7055ff6b59450d873c7c803a75f7bb/status'
  ✓ Activated version: 0a7055ff6b59450d873c7c803a75f7bb
  → Recovered missing Language ID for KLP via mapping: 3f81bdd31b204d038f9023769a13cddb
  Warning: Link slug 'res-video-referral' not in mapping, removing from question
Updated KLP 'klp-3-referral-no-option' -> 561e6a622e0f4cff8c4c51b101fd981b
DEBUG: activating version c6fb2e718cbc4212a0ba30d786380601 with url='http://135.225.105.160:8004/klps/versions/c6fb2e718cbc4212a0ba30d786380601/status'
  ✓ Activated version: c6fb2e718cbc4212a0ba30d786380601
  → Recovered missing Language ID for KLP via mapping: 3f81bdd31b204d038f9023769a13cddb
  Warning: Link slug 'res-video-respectful-care' not in mapping, removing from question
Updated KLP 'klp-1-respectful-care' -> 68959fa1d3494ee1bdf42909a03cb1b5
DEBUG: activating version bca6730abc2a4f6990bc9e79bf0651f7 with url='http://135.225.105.160:8004/klps/versions/bca6730abc2a4f6990bc9e79bf0651f7/status'
  ✓ Activated version: bca6730abc2a4f6990bc9e79bf0651f7
  → Recovered missing Language ID for KLP via mapping: 3f81bdd31b204d038f9023769a13cddb
  Warning: Link slug 'res-video-intro' not in mapping, removing from question
Updated KLP 'klp-1-time-before-placenta-is-born' -> c928ee45e92a4ec6be1ee03e5d870bff
DEBUG: activating version 3002be62c91242d7bfc6f042e237365c with url='http://135.225.105.160:8004/klps/versions/3002be62c91242d7bfc6f042e237365c/status'
  ✓ Activated version: 3002be62c91242d7bfc6f042e237365c
  → Recovered missing Language ID for KLP via mapping: 3f81bdd31b204d038f9023769a13cddb
  Warning: Link slug 'res-video-intro' not in mapping, removing from question
Updated KLP 'klp-1-remove-manually' -> 24feafbd36374014803e84af10d7cd3b
DEBUG: activating version 021b1ed0b291493bb661848627543f42 with url='http://135.225.105.160:8004/klps/versions/021b1ed0b291493bb661848627543f42/status'
  ✓ Activated version: 021b1ed0b291493bb661848627543f42
  → Recovered missing Language ID for KLP via mapping: 3f81bdd31b204d038f9023769a13cddb
  Warning: Link slug 'res-video-intro' not in mapping, removing from question
Updated KLP 'klp-1-life-threatening' -> 572e1feb917044869721531f3e2f7508
DEBUG: activating version 7117eb66aa86406f979449478591d486 with url='http://135.225.105.160:8004/klps/versions/7117eb66aa86406f979449478591d486/status'
  ✓ Activated version: 7117eb66aa86406f979449478591d486
  → Recovered missing Language ID for KLP via mapping: 3f81bdd31b204d038f9023769a13cddb
  Warning: Link slug 'res-video-intro' not in mapping, removing from question
Updated KLP 'klp-1-overall-action' -> e2e1c2baf73e40cd96c11113447e9ca4
DEBUG: activating version 7912051cad934c0b87d15593098afa5c with url='http://135.225.105.160:8004/klps/versions/7912051cad934c0b87d15593098afa5c/status'
  ✓ Activated version: 7912051cad934c0b87d15593098afa5c
  → Recovered missing Language ID for KLP via mapping: 3f81bdd31b204d038f9023769a13cddb
  Warning: Link slug 'res-video-aorta-compression' not in mapping, removing from question
Updated KLP 'klp-3-mother-in-shock' -> 21f5c8ec27114125887024da0b9e91b6
DEBUG: activating version a1df7d87a31c4999829819610797e9f6 with url='http://135.225.105.160:8004/klps/versions/a1df7d87a31c4999829819610797e9f6/status'
  ✓ Activated version: a1df7d87a31c4999829819610797e9f6
  → Recovered missing Language ID for KLP via mapping: 3f81bdd31b204d038f9023769a13cddb
  Warning: Link slug 'res-drug-manual-removal-of-placenta-aorta-compression' not in mapping, removing from question
Updated KLP 'klp-1-pain-relief-1' -> 740265c0a3614cdeb768fcb2618d4de4
DEBUG: activating version 0ebd2be57f4c48789e840de864f91765 with url='http://135.225.105.160:8004/klps/versions/0ebd2be57f4c48789e840de864f91765/status'
  ✓ Activated version: 0ebd2be57f4c48789e840de864f91765
  → Recovered missing Language ID for KLP via mapping: 3f81bdd31b204d038f9023769a13cddb
  Warning: Link slug 'res-video-aorta-compression' not in mapping, removing from question
Updated KLP 'klp-3-adequate-aorta-compression' -> dd8af11932eb4c2db2f9e03a5f63c7f7
DEBUG: activating version d94e3ed83fca4a01879d2d82b9a4d900 with url='http://135.225.105.160:8004/klps/versions/d94e3ed83fca4a01879d2d82b9a4d900/status'
  ✓ Activated version: d94e3ed83fca4a01879d2d82b9a4d900
  → Recovered missing Language ID for KLP via mapping: 3f81bdd31b204d038f9023769a13cddb
  Warning: Link slug 'res-video-aorta-compression' not in mapping, removing from question
Updated KLP 'klp-2-maintain-compression' -> 79abc54ee152498ab8d07e3938798075
DEBUG: activating version dc5bcbb131d5481ebac4b5ebd5ab6c9e with url='http://135.225.105.160:8004/klps/versions/dc5bcbb131d5481ebac4b5ebd5ab6c9e/status'
  ✓ Activated version: dc5bcbb131d5481ebac4b5ebd5ab6c9e
  → Recovered missing Language ID for KLP via mapping: 3f81bdd31b204d038f9023769a13cddb
  Warning: Link slug 'res-video-resuscitation' not in mapping, removing from question
Updated KLP 'klp-3-iv-fluid' -> 45c15427642e4a09aa8d4d9678060f6c
DEBUG: activating version 57d34ac8af75460b9d4baf22b9041241 with url='http://135.225.105.160:8004/klps/versions/57d34ac8af75460b9d4baf22b9041241/status'
  ✓ Activated version: 57d34ac8af75460b9d4baf22b9041241
  → Recovered missing Language ID for KLP via mapping: 3f81bdd31b204d038f9023769a13cddb
  Warning: Link slug 'res-video-resuscitation' not in mapping, removing from question
Updated KLP 'klp-3-fluid-gives-fast' -> ad6afdf0b7d34babb8dd81ad84b35e01
DEBUG: activating version b940a04e65f74c16956e7abd561aa740 with url='http://135.225.105.160:8004/klps/versions/b940a04e65f74c16956e7abd561aa740/status'
  ✓ Activated version: b940a04e65f74c16956e7abd561aa740
  → Recovered missing Language ID for KLP via mapping: 3f81bdd31b204d038f9023769a13cddb
  Warning: Link slug 'res-video-resuscitation' not in mapping, removing from question
Updated KLP 'klp-3-blood-transfusion' -> a65ce4d4071547be9a8a03f2a50db077
DEBUG: activating version 04891192e0224404ab6e25d225ae51b8 with url='http://135.225.105.160:8004/klps/versions/04891192e0224404ab6e25d225ae51b8/status'
  ✓ Activated version: 04891192e0224404ab6e25d225ae51b8
  → Recovered missing Language ID for KLP via mapping: 3f81bdd31b204d038f9023769a13cddb
  Warning: Link slug 'res-video-drugs-before-removal' not in mapping, removing from question
Updated KLP 'klp-2-pain-relief' -> 5446f7030cec4e7a84fef53fb1945589
DEBUG: activating version 877591faea8a4ac68ff35de9657d5963 with url='http://135.225.105.160:8004/klps/versions/877591faea8a4ac68ff35de9657d5963/status'
  ✓ Activated version: 877591faea8a4ac68ff35de9657d5963
  → Recovered missing Language ID for KLP via mapping: 3f81bdd31b204d038f9023769a13cddb
  Warning: Link slug 'res-video-drugs-before-removal' not in mapping, removing from question
Updated KLP 'klp-2-pain-relief-and-aorta-compression' -> b76c1a4435254db681cfaa35776a2917
DEBUG: activating version a432217b066b488b93cd5c78d90a17e3 with url='http://135.225.105.160:8004/klps/versions/a432217b066b488b93cd5c78d90a17e3/status'
  ✓ Activated version: a432217b066b488b93cd5c78d90a17e3
  → Recovered missing Language ID for KLP via mapping: 3f81bdd31b204d038f9023769a13cddb
  Warning: Link slug 'res-video-gloves' not in mapping, removing from question
Updated KLP 'klp-3-gloves-and-manual-removal-of-placenta' -> 079715ac5166469fb41f5abc5167ea7b
DEBUG: activating version a55500ee8c1c468f906fade0b9ff8bd0 with url='http://135.225.105.160:8004/klps/versions/a55500ee8c1c468f906fade0b9ff8bd0/status'
  ✓ Activated version: a55500ee8c1c468f906fade0b9ff8bd0
  → Recovered missing Language ID for KLP via mapping: 3f81bdd31b204d038f9023769a13cddb
  Warning: Link slug 'res-video-remove-the-placenta' not in mapping, removing from question
Updated KLP 'klp-1-right-order-for-removal-of-placenta' -> 82d9375e3b14435c8f5c588c842219ed
DEBUG: activating version a433e69d8b2446699503f7571324fe76 with url='http://135.225.105.160:8004/klps/versions/a433e69d8b2446699503f7571324fe76/status'
  ✓ Activated version: a433e69d8b2446699503f7571324fe76
  → Recovered missing Language ID for KLP via mapping: 3f81bdd31b204d038f9023769a13cddb
  Warning: Link slug 'res-video-monitoring' not in mapping, removing from question
Updated KLP 'klp-1-action-right-after-removal' -> 068473d7537f4d4ca0365e038d409735
DEBUG: activating version a2d5ce332a894b43b1f45be35076f41c with url='http://135.225.105.160:8004/klps/versions/a2d5ce332a894b43b1f45be35076f41c/status'
  ✓ Activated version: a2d5ce332a894b43b1f45be35076f41c
  → Recovered missing Language ID for KLP via mapping: 3f81bdd31b204d038f9023769a13cddb
  Warning: Link slug 'res-video-remove-the-placenta' not in mapping, removing from question
Updated KLP 'klp-1-the-overall-action-to-control-pph' -> 029805b66db74e39b5df4275bb1febff
DEBUG: activating version d935b34f36e54f1bab0a71229b6b8036 with url='http://135.225.105.160:8004/klps/versions/d935b34f36e54f1bab0a71229b6b8036/status'
  ✓ Activated version: d935b34f36e54f1bab0a71229b6b8036
  → Recovered missing Language ID for KLP via mapping: 3f81bdd31b204d038f9023769a13cddb
Updated KLP 'klp-3-condom-balloon-tamponade' -> 856760e9e8f04471adef1502a4bd7622
DEBUG: activating version 0e11cdab5b904aa68bc3e2e431a7cdd7 with url='http://135.225.105.160:8004/klps/versions/0e11cdab5b904aa68bc3e2e431a7cdd7/status'
  ✓ Activated version: 0e11cdab5b904aa68bc3e2e431a7cdd7
  → Recovered missing Language ID for KLP via mapping: 3f81bdd31b204d038f9023769a13cddb
  Warning: Link slug 'res-video-drugs-after-removal' not in mapping, removing from question
Updated KLP 'klp-2-drug-after-removal-of-placenta' -> 2076fe182d8c4ad18770602cddb6bffd
DEBUG: activating version 78fb1c718d3f4b80b055687ece443f32 with url='http://135.225.105.160:8004/klps/versions/78fb1c718d3f4b80b055687ece443f32/status'
  ✓ Activated version: 78fb1c718d3f4b80b055687ece443f32
  → Recovered missing Language ID for KLP via mapping: 3f81bdd31b204d038f9023769a13cddb
  Warning: Link slug 'res-video-monitoring' not in mapping, removing from question
Updated KLP 'klp-2-day-after-recommendations' -> 34c2b318b9964928b090569b1949ed39
DEBUG: activating version ca56f0f275194022823ccb2498159ff1 with url='http://135.225.105.160:8004/klps/versions/ca56f0f275194022823ccb2498159ff1/status'
  ✓ Activated version: ca56f0f275194022823ccb2498159ff1
  → Recovered missing Language ID for KLP via mapping: 3f81bdd31b204d038f9023769a13cddb
Updated KLP 'klp-1-refer-manual-removal' -> 819bb3f61f8040508711a2671c050c09
DEBUG: activating version a27352a1f3624833917539f5cf46c79c with url='http://135.225.105.160:8004/klps/versions/a27352a1f3624833917539f5cf46c79c/status'
  ✓ Activated version: a27352a1f3624833917539f5cf46c79c
  → Recovered missing Language ID for KLP via mapping: 3f81bdd31b204d038f9023769a13cddb
  Warning: Link slug 'res-video-prevention' not in mapping, removing from question
  Warning: Link slug 'res-video-prevention' not in mapping, removing from question
Updated KLP 'klp-3-ab-to-newborn' -> 6c84ee593f2145f2a3a537c4f081556a
DEBUG: activating version 2364bd69aa4d469ebb1e783b254392d5 with url='http://135.225.105.160:8004/klps/versions/2364bd69aa4d469ebb1e783b254392d5/status'
  ✓ Activated version: 2364bd69aa4d469ebb1e783b254392d5
  → Recovered missing Language ID for KLP via mapping: 3f81bdd31b204d038f9023769a13cddb
Updated KLP 'klp-1-manual-removal-bemonc' -> f57784b8327d4bb7b374a175d0ae2037
DEBUG: activating version 0d7ed6943af5457fa7730388d61091fb with url='http://135.225.105.160:8004/klps/versions/0d7ed6943af5457fa7730388d61091fb/status'
  ✓ Activated version: 0d7ed6943af5457fa7730388d61091fb
  → Recovered missing Language ID for KLP via mapping: 3f81bdd31b204d038f9023769a13cddb
  Warning: Link slug 'res-video-intro' not in mapping, removing from question
Updated KLP 'klp-2-when-manual-removal' -> 50a3cd9d64a948f38bc77cfbd8cf5a45
DEBUG: activating version 249ecdee7f7d4d7b8cf67c2d6a2920e0 with url='http://135.225.105.160:8004/klps/versions/249ecdee7f7d4d7b8cf67c2d6a2920e0/status'
  ✓ Activated version: 249ecdee7f7d4d7b8cf67c2d6a2920e0
  → Recovered missing Language ID for KLP via mapping: 3f81bdd31b204d038f9023769a13cddb
  Warning: Link slug 'res-video-intro' not in mapping, removing from question
Updated KLP 'klp-3-heavy-bleeding' -> 3a90bc2344d14a04b7bb8f4fe71f26c2
DEBUG: activating version 8ea3a08dc55b4a0d9414f1e307d760bd with url='http://135.225.105.160:8004/klps/versions/8ea3a08dc55b4a0d9414f1e307d760bd/status'
  ✓ Activated version: 8ea3a08dc55b4a0d9414f1e307d760bd
  → Recovered missing Language ID for KLP via mapping: 3f81bdd31b204d038f9023769a13cddb
  Warning: Link slug 'res-video-intro' not in mapping, removing from question
Updated KLP 'klp-2-excessive-bleeding' -> fb5f8647f0074ee79ad862a9de1bf6e7
DEBUG: activating version 07b1f13d9138491e90a98cc340bf3331 with url='http://135.225.105.160:8004/klps/versions/07b1f13d9138491e90a98cc340bf3331/status'
  ✓ Activated version: 07b1f13d9138491e90a98cc340bf3331
  → Recovered missing Language ID for KLP via mapping: 3f81bdd31b204d038f9023769a13cddb
  Warning: Link slug 'res-video-aorta-compression' not in mapping, removing from question
Updated KLP 'klp-2-stop-bleeding-retained-placenta' -> ad3fbb86c830432d9875dd1e0f2524d5
DEBUG: activating version 6bbcc775edee4a5bb97f105bb684e59a with url='http://135.225.105.160:8004/klps/versions/6bbcc775edee4a5bb97f105bb684e59a/status'
  ✓ Activated version: 6bbcc775edee4a5bb97f105bb684e59a
  → Recovered missing Language ID for KLP via mapping: 3f81bdd31b204d038f9023769a13cddb
  Warning: Link slug 'res-video-resuscitation' not in mapping, removing from question
Updated KLP 'klp-3-resuscitation' -> c93383c4b6204864a30e898ec5a0dafc
DEBUG: activating version db562da14d3a41f997b8491287e58e75 with url='http://135.225.105.160:8004/klps/versions/db562da14d3a41f997b8491287e58e75/status'
  ✓ Activated version: db562da14d3a41f997b8491287e58e75
  → Recovered missing Language ID for KLP via mapping: 3f81bdd31b204d038f9023769a13cddb
  Warning: Link slug 'res-video-resuscitation' not in mapping, removing from question
Updated KLP 'klp-2-stop-compression-at-resuscitation' -> 20520baeb60642ae9e5d28b5b7c3e919
DEBUG: activating version 151a068d2e8f48f8ae893f6b368f8b71 with url='http://135.225.105.160:8004/klps/versions/151a068d2e8f48f8ae893f6b368f8b71/status'
  ✓ Activated version: 151a068d2e8f48f8ae893f6b368f8b71
  → Recovered missing Language ID for KLP via mapping: 3f81bdd31b204d038f9023769a13cddb
  Warning: Link slug 'res-video-remove-the-placenta' not in mapping, removing from question
Updated KLP 'klp-3-how-to-manually-remove-the-placenta' -> 21fe8fdf1c4b41a6a711578740610feb
DEBUG: activating version e87158c9c12c4e53bb8a5ee3c341293e with url='http://135.225.105.160:8004/klps/versions/e87158c9c12c4e53bb8a5ee3c341293e/status'
  ✓ Activated version: e87158c9c12c4e53bb8a5ee3c341293e
  → Recovered missing Language ID for KLP via mapping: 3f81bdd31b204d038f9023769a13cddb
  Warning: Link slug 'res-video-remove-the-placenta' not in mapping, removing from question
Updated KLP 'klp-2-aorta-compression-and-manual-removal' -> 8b57cdb149da4f0b9878fe1ec71b388e
DEBUG: activating version 89df1503798b4897a6173021c5a8810a with url='http://135.225.105.160:8004/klps/versions/89df1503798b4897a6173021c5a8810a/status'
  ✓ Activated version: 89df1503798b4897a6173021c5a8810a
  → Recovered missing Language ID for KLP via mapping: 3f81bdd31b204d038f9023769a13cddb
  Warning: Link slug 'res-video-remove-the-placenta' not in mapping, removing from question
Updated KLP 'klp-1-repeat-intrauterine-palpation' -> c8717d1310214fdfa1c4ed261b0994fa
DEBUG: activating version 48858a6557d94ab5b0a3595e19b42f18 with url='http://135.225.105.160:8004/klps/versions/48858a6557d94ab5b0a3595e19b42f18/status'
  ✓ Activated version: 48858a6557d94ab5b0a3595e19b42f18
  → Recovered missing Language ID for KLP via mapping: 3f81bdd31b204d038f9023769a13cddb
  Warning: Link slug 'res-video-remove-the-placenta' not in mapping, removing from question
Updated KLP 'klp-2-manual-compression-ended-aorta-compression' -> 49c90f8c810b44b9b9faedbfd510c19b
DEBUG: activating version 7258a94b84134df1bdb9b51bc27920fd with url='http://135.225.105.160:8004/klps/versions/7258a94b84134df1bdb9b51bc27920fd/status'
  ✓ Activated version: 7258a94b84134df1bdb9b51bc27920fd
  → Recovered missing Language ID for KLP via mapping: 3f81bdd31b204d038f9023769a13cddb
  Warning: Link slug 'res-video-remove-the-placenta' not in mapping, removing from question
Updated KLP 'klp-3-action-after-removal' -> 37dafae128c44c76ba8c9bface8016a7
DEBUG: activating version 7b2d7cd15efc43ad92c27620f34d9419 with url='http://135.225.105.160:8004/klps/versions/7b2d7cd15efc43ad92c27620f34d9419/status'
  ✓ Activated version: 7b2d7cd15efc43ad92c27620f34d9419
  → Recovered missing Language ID for KLP via mapping: 3f81bdd31b204d038f9023769a13cddb
Updated KLP 'klp-3-after-removal-of-placenta' -> 64bdcbe536d144bc8c6d2e7909ac0c0c
DEBUG: activating version 1eb6a4d735534c30aa0a0d71bcfea76e with url='http://135.225.105.160:8004/klps/versions/1eb6a4d735534c30aa0a0d71bcfea76e/status'
  ✓ Activated version: 1eb6a4d735534c30aa0a0d71bcfea76e
  → Recovered missing Language ID for KLP via mapping: 3f81bdd31b204d038f9023769a13cddb
  Warning: Link slug 'res-video-monitoring' not in mapping, removing from question
Updated KLP 'klp-1-action-right-after-removal-of-placenta' -> 988726c43bea4086a7a76f154889cb7c
DEBUG: activating version 37ce4327d02d44ab861ae574863a11bb with url='http://135.225.105.160:8004/klps/versions/37ce4327d02d44ab861ae574863a11bb/status'
  ✓ Activated version: 37ce4327d02d44ab861ae574863a11bb
  → Recovered missing Language ID for KLP via mapping: 3f81bdd31b204d038f9023769a13cddb
  Warning: Link slug 'res-video-intro' not in mapping, removing from question
Updated KLP 'klp-1-meaning-of-sepsis' -> a3e00337d3c54169b6b1d60c7ff8ddd9
DEBUG: activating version 1cfecafaa27240e89b752826a918ab3d with url='http://135.225.105.160:8004/klps/versions/1cfecafaa27240e89b752826a918ab3d/status'
  ✓ Activated version: 1cfecafaa27240e89b752826a918ab3d
  → Recovered missing Language ID for KLP via mapping: 3f81bdd31b204d038f9023769a13cddb
  Warning: Link slug 'res-video-how-to-diagnose-definitions' not in mapping, removing from question
Updated KLP 'klp-1-diagnose-sepsis' -> bfd8b96c641c4b1ea29fa47cee4ce84c
DEBUG: activating version f128d6ad884244d899e46886f728318f with url='http://135.225.105.160:8004/klps/versions/f128d6ad884244d899e46886f728318f/status'
  ✓ Activated version: f128d6ad884244d899e46886f728318f
  → Recovered missing Language ID for KLP via mapping: 3f81bdd31b204d038f9023769a13cddb
  Warning: Link slug 'res-video-how-to-diagnose-definitions' not in mapping, removing from question
Updated KLP 'klp-1-septic-shock' -> bbfc1c22f8c342c99b30e0686964d344
DEBUG: activating version 42a18076500a4799935177f02d8baf08 with url='http://135.225.105.160:8004/klps/versions/42a18076500a4799935177f02d8baf08/status'
  ✓ Activated version: 42a18076500a4799935177f02d8baf08
  → Recovered missing Language ID for KLP via mapping: 3f81bdd31b204d038f9023769a13cddb
  Warning: Link slug 'res-video-how-to-diagnose-definitions' not in mapping, removing from question
Updated KLP 'klp-1-vital-signs' -> 3cdc90e98ef84a3882564fc82c9877d4
DEBUG: activating version 0468512e495d472d92217e85d8c10698 with url='http://135.225.105.160:8004/klps/versions/0468512e495d472d92217e85d8c10698/status'
  ✓ Activated version: 0468512e495d472d92217e85d8c10698
  → Recovered missing Language ID for KLP via mapping: 3f81bdd31b204d038f9023769a13cddb
  Warning: Link slug 'res-video-following-management' not in mapping, removing from question
Updated KLP 'klp-2-importance-of-fluid-management' -> caa36cc86b7640d78b150c864c180372
DEBUG: activating version 739df0643f6648489e729a21ea26b6fd with url='http://135.225.105.160:8004/klps/versions/739df0643f6648489e729a21ea26b6fd/status'
  ✓ Activated version: 739df0643f6648489e729a21ea26b6fd
  → Recovered missing Language ID for KLP via mapping: 3f81bdd31b204d038f9023769a13cddb
  Warning: Link slug 'res-video-controlled-cord-traction' not in mapping, removing from question
Updated KLP 'klp-2-assessment-of-fluid-balance' -> 0224ad27f1154bff99b0aa40eb6fc627
DEBUG: activating version 052de6a1730e4aceb4dcd9772db1374d with url='http://135.225.105.160:8004/klps/versions/052de6a1730e4aceb4dcd9772db1374d/status'
  ✓ Activated version: 052de6a1730e4aceb4dcd9772db1374d
  → Recovered missing Language ID for KLP via mapping: 3f81bdd31b204d038f9023769a13cddb
  Warning: Link slug 'res-video-following-management' not in mapping, removing from question
Updated KLP 'klp-2-fluid-balance-be-calculated' -> f327a95c2d004f30ac865c4de1684c2d
DEBUG: activating version b121686bb81e4c43b8e2bb1254afe385 with url='http://135.225.105.160:8004/klps/versions/b121686bb81e4c43b8e2bb1254afe385/status'
  ✓ Activated version: b121686bb81e4c43b8e2bb1254afe385
  → Recovered missing Language ID for KLP via mapping: 3f81bdd31b204d038f9023769a13cddb
  Warning: Link slug 'res-action-card-following-management' not in mapping, removing from question
Updated KLP 'klp-2-fluid-balance-be' -> 73294a3d58884f629d0b2f49c217c032
DEBUG: activating version 270b9fb8f97945c893ef776239ca1f96 with url='http://135.225.105.160:8004/klps/versions/270b9fb8f97945c893ef776239ca1f96/status'
  ✓ Activated version: 270b9fb8f97945c893ef776239ca1f96
  → Recovered missing Language ID for KLP via mapping: 3f81bdd31b204d038f9023769a13cddb
  Warning: Link slug 'res-video-following-management' not in mapping, removing from question
Updated KLP 'klp-2-in-case-of-a-septic-shock-it-should-be-calculated-each-hour' -> 10de6437536e494eb08063d03c179157
DEBUG: activating version e3dc86d164f446cfbe2c1be99cec2581 with url='http://135.225.105.160:8004/klps/versions/e3dc86d164f446cfbe2c1be99cec2581/status'
  ✓ Activated version: e3dc86d164f446cfbe2c1be99cec2581
  → Recovered missing Language ID for KLP via mapping: 3f81bdd31b204d038f9023769a13cddb
  Warning: Link slug 'res-video-intro' not in mapping, removing from question
Updated KLP 'klp-2-complications-to-sepsis' -> e8ab1291defb4b399a6dc8f0dca5bf9e
DEBUG: activating version 9b672c126dc84880afa0dddcb0ab2a9f with url='http://135.225.105.160:8004/klps/versions/9b672c126dc84880afa0dddcb0ab2a9f/status'
  ✓ Activated version: 9b672c126dc84880afa0dddcb0ab2a9f
  → Recovered missing Language ID for KLP via mapping: 3f81bdd31b204d038f9023769a13cddb
  Warning: Link slug 'res-video-how-to-manage' not in mapping, removing from question
Updated KLP 'klp-1-initial-management' -> 3705eeeced9142ff988e0975e18615ee
DEBUG: activating version bfb2505bc72c41b289dd039a19c3b3d3 with url='http://135.225.105.160:8004/klps/versions/bfb2505bc72c41b289dd039a19c3b3d3/status'
  ✓ Activated version: bfb2505bc72c41b289dd039a19c3b3d3
  → Recovered missing Language ID for KLP via mapping: 3f81bdd31b204d038f9023769a13cddb
  Warning: Link slug 'res-video-how-to-manage' not in mapping, removing from question
Updated KLP 'klp-2-circulation' -> 3359985b25954578ac011d4a040ee6bc
DEBUG: activating version f7dd66e34f52464799b109eb52ac4fc3 with url='http://135.225.105.160:8004/klps/versions/f7dd66e34f52464799b109eb52ac4fc3/status'
  ✓ Activated version: f7dd66e34f52464799b109eb52ac4fc3
  → Recovered missing Language ID for KLP via mapping: 3f81bdd31b204d038f9023769a13cddb
  Warning: Link slug 'res-video-how-to-manage' not in mapping, removing from question
Updated KLP 'klp-3-drugs' -> 9e30b4a831894666bbcad193ee9d5d5f
DEBUG: activating version 9b9261cf0e62444b9a2eecf67ae26cf3 with url='http://135.225.105.160:8004/klps/versions/9b9261cf0e62444b9a2eecf67ae26cf3/status'
  ✓ Activated version: 9b9261cf0e62444b9a2eecf67ae26cf3
  → Recovered missing Language ID for KLP via mapping: 3f81bdd31b204d038f9023769a13cddb
  Warning: Link slug 'res-video-how-to-manage' not in mapping, removing from question
Updated KLP 'klp-3-ampicillin-sepsis' -> 672768d244684c558915109940ce615a
DEBUG: activating version 95cb989cb1e24d01bf1b248900ca1749 with url='http://135.225.105.160:8004/klps/versions/95cb989cb1e24d01bf1b248900ca1749/status'
  ✓ Activated version: 95cb989cb1e24d01bf1b248900ca1749
  → Recovered missing Language ID for KLP via mapping: 3f81bdd31b204d038f9023769a13cddb
  Warning: Link slug 'res-video-how-to-manage' not in mapping, removing from question
Updated KLP 'klp-3-gentamicin' -> 36330584bdd240b48ca5d33ff53fca32
DEBUG: activating version 2f0d84950440493aa4bd7a8531cae180 with url='http://135.225.105.160:8004/klps/versions/2f0d84950440493aa4bd7a8531cae180/status'
  ✓ Activated version: 2f0d84950440493aa4bd7a8531cae180
  → Recovered missing Language ID for KLP via mapping: 3f81bdd31b204d038f9023769a13cddb
  Warning: Link slug 'res-video-how-to-manage' not in mapping, removing from question
Updated KLP 'klp-3-metronidazole' -> 1da8788a1a0d49e7be68996c382637a3
DEBUG: activating version c5ff05a35d2249dc89876cc3a38c3421 with url='http://135.225.105.160:8004/klps/versions/c5ff05a35d2249dc89876cc3a38c3421/status'
  ✓ Activated version: c5ff05a35d2249dc89876cc3a38c3421
  → Recovered missing Language ID for KLP via mapping: 3f81bdd31b204d038f9023769a13cddb
Updated KLP 'klp-3-ceftriaxone' -> 9e05d7622e614369b98b49f892ab040e
DEBUG: activating version 7779f6c616264cec8f2143ca1ed890b1 with url='http://135.225.105.160:8004/klps/versions/7779f6c616264cec8f2143ca1ed890b1/status'
  ✓ Activated version: 7779f6c616264cec8f2143ca1ed890b1
  → Recovered missing Language ID for KLP via mapping: 3f81bdd31b204d038f9023769a13cddb
Updated KLP 'klp-3-tetracycline' -> b4f05e04156e4eee954876460fa4fb14
DEBUG: activating version e50b0a5432ad44278f7c14c3607a0e53 with url='http://135.225.105.160:8004/klps/versions/e50b0a5432ad44278f7c14c3607a0e53/status'
  ✓ Activated version: e50b0a5432ad44278f7c14c3607a0e53
  → Recovered missing Language ID for KLP via mapping: 3f81bdd31b204d038f9023769a13cddb
Updated KLP 'klp-3-chloramphenicol' -> 377273bccdae400ab4d9718c62014310
DEBUG: activating version d6cb13223c5d4d499a0925d0f2ad76dc with url='http://135.225.105.160:8004/klps/versions/d6cb13223c5d4d499a0925d0f2ad76dc/status'
  ✓ Activated version: d6cb13223c5d4d499a0925d0f2ad76dc
  → Recovered missing Language ID for KLP via mapping: 3f81bdd31b204d038f9023769a13cddb
  Warning: Link slug 'res-video-origin-of-infection' not in mapping, removing from question
Updated KLP 'klp-2-malaria' -> 1f01b1d6a2f54fc09e607093976f67e3
DEBUG: activating version 0db92c05d20d4fd7abb3dc2b0f176250 with url='http://135.225.105.160:8004/klps/versions/0db92c05d20d4fd7abb3dc2b0f176250/status'
  ✓ Activated version: 0db92c05d20d4fd7abb3dc2b0f176250
  → Recovered missing Language ID for KLP via mapping: 3f81bdd31b204d038f9023769a13cddb
  Warning: Link slug 'res-video-origin-of-infection' not in mapping, removing from question
Updated KLP 'klp-3-malaria-drugs' -> fb2c7f68231a402dbb1214fa31cd154b
DEBUG: activating version 8ebe9a8eb7d34011b69693585651812a with url='http://135.225.105.160:8004/klps/versions/8ebe9a8eb7d34011b69693585651812a/status'
  ✓ Activated version: 8ebe9a8eb7d34011b69693585651812a
  → Recovered missing Language ID for KLP via mapping: 3f81bdd31b204d038f9023769a13cddb
Updated KLP 'klp-3-artesunate' -> 40e1294a91eb44778b89fb87aa72b496
DEBUG: activating version d845f62e533447df9248cfc60d073391 with url='http://135.225.105.160:8004/klps/versions/d845f62e533447df9248cfc60d073391/status'
  ✓ Activated version: d845f62e533447df9248cfc60d073391
  → Recovered missing Language ID for KLP via mapping: 3f81bdd31b204d038f9023769a13cddb
Updated KLP 'klp-3-quinine' -> 37f7163ebefe44aeb14b39c2ee5340dc
DEBUG: activating version 3902823e98f14b8b9e01432d04f54b84 with url='http://135.225.105.160:8004/klps/versions/3902823e98f14b8b9e01432d04f54b84/status'
  ✓ Activated version: 3902823e98f14b8b9e01432d04f54b84
  → Recovered missing Language ID for KLP via mapping: 3f81bdd31b204d038f9023769a13cddb
Updated KLP 'klp-3-dosage-artesunate' -> 6a0e6020afdf4d7fa4d9f20d903e25c0
DEBUG: activating version 504e90a01fb148718efc7e1d96c9b453 with url='http://135.225.105.160:8004/klps/versions/504e90a01fb148718efc7e1d96c9b453/status'
  ✓ Activated version: 504e90a01fb148718efc7e1d96c9b453
  → Recovered missing Language ID for KLP via mapping: 3f81bdd31b204d038f9023769a13cddb
Updated KLP 'klp-3-dosage-quinine' -> 45b38b56100c48928b226c9e71009c79
DEBUG: activating version ef14871545e64b588117ab16f5b9a768 with url='http://135.225.105.160:8004/klps/versions/ef14871545e64b588117ab16f5b9a768/status'
  ✓ Activated version: ef14871545e64b588117ab16f5b9a768
  → Recovered missing Language ID for KLP via mapping: 3f81bdd31b204d038f9023769a13cddb
  Warning: Link slug 'res-video-origin-of-infection' not in mapping, removing from question
Updated KLP 'klp-1-the-6-ws' -> 15da61fa7b7d4e54bf4db9dff987361f
DEBUG: activating version 6d58b8f319f24b2682fab988690ebe15 with url='http://135.225.105.160:8004/klps/versions/6d58b8f319f24b2682fab988690ebe15/status'
  ✓ Activated version: 6d58b8f319f24b2682fab988690ebe15
  → Recovered missing Language ID for KLP via mapping: 3f81bdd31b204d038f9023769a13cddb
  Warning: Link slug 'res-video-origin-of-infection' not in mapping, removing from question
Updated KLP 'klp-1-the-6-ws-continue' -> 32f1335dc658463cabac3c112b6f36a8
DEBUG: activating version 51e6bc53a50343b3bf6b707080457fe0 with url='http://135.225.105.160:8004/klps/versions/51e6bc53a50343b3bf6b707080457fe0/status'
  ✓ Activated version: 51e6bc53a50343b3bf6b707080457fe0
  → Recovered missing Language ID for KLP via mapping: 3f81bdd31b204d038f9023769a13cddb
  Warning: Link slug 'res-action-card-identify-cause' not in mapping, removing from question
Updated KLP 'klp-2-chorioamnionitis' -> b5d48e20143e4679a1585062c2566136
DEBUG: activating version 7d6b1f451b25471c9524d2df9c54f349 with url='http://135.225.105.160:8004/klps/versions/7d6b1f451b25471c9524d2df9c54f349/status'
  ✓ Activated version: 7d6b1f451b25471c9524d2df9c54f349
  → Recovered missing Language ID for KLP via mapping: 3f81bdd31b204d038f9023769a13cddb
  Warning: Link slug 'res-action-card-identify-cause' not in mapping, removing from question
Updated KLP 'klp-2-endometritis' -> e9ec4001f464441da60d062410097dc0
DEBUG: activating version 13d2dca276c5434b890783e8833d78cb with url='http://135.225.105.160:8004/klps/versions/13d2dca276c5434b890783e8833d78cb/status'
  ✓ Activated version: 13d2dca276c5434b890783e8833d78cb
  → Recovered missing Language ID for KLP via mapping: 3f81bdd31b204d038f9023769a13cddb
  Warning: Link slug 'res-video-origin-of-infection' not in mapping, removing from question
Updated KLP 'klp-1-treatment-for-chorioamnionitis' -> 076778c916294db5a14b8d46b249cd32
DEBUG: activating version 8aeef478acc74c6eab734ccbbe9fa9ef with url='http://135.225.105.160:8004/klps/versions/8aeef478acc74c6eab734ccbbe9fa9ef/status'
  ✓ Activated version: 8aeef478acc74c6eab734ccbbe9fa9ef
  → Recovered missing Language ID for KLP via mapping: 3f81bdd31b204d038f9023769a13cddb
  Warning: Link slug 'res-video-origin-of-infection' not in mapping, removing from question
Updated KLP 'klp-1-treatment-for-endometritis' -> abb9dc4b71ba462faf7e237103494934
DEBUG: activating version 124fa2ae0b164f33a7b61cb47ed0de2a with url='http://135.225.105.160:8004/klps/versions/124fa2ae0b164f33a7b61cb47ed0de2a/status'
  ✓ Activated version: 124fa2ae0b164f33a7b61cb47ed0de2a
  → Recovered missing Language ID for KLP via mapping: 3f81bdd31b204d038f9023769a13cddb
  Warning: Link slug 'res-video-origin-of-infection' not in mapping, removing from question
Updated KLP 'klp-2-endometritis-and-no-effect-of-ab' -> 5fceb91648f5466881698afcd46174aa
DEBUG: activating version c894a0fbff82424995d1356217d2bfcb with url='http://135.225.105.160:8004/klps/versions/c894a0fbff82424995d1356217d2bfcb/status'
  ✓ Activated version: c894a0fbff82424995d1356217d2bfcb
  → Recovered missing Language ID for KLP via mapping: 3f81bdd31b204d038f9023769a13cddb
Updated KLP 'klp-1-mastitis' -> 774774f771674f528e705a2a6d1f8735
DEBUG: activating version 1420e6e864d14a4b9ed0f827b8fe4b06 with url='http://135.225.105.160:8004/klps/versions/1420e6e864d14a4b9ed0f827b8fe4b06/status'
  ✓ Activated version: 1420e6e864d14a4b9ed0f827b8fe4b06
  → Recovered missing Language ID for KLP via mapping: 3f81bdd31b204d038f9023769a13cddb
  Warning: Link slug 'res-video-origin-of-infection' not in mapping, removing from question
Updated KLP 'klp-1-breast-abscess' -> 25b27f37c5094b0686d2604a62932dd7
DEBUG: activating version a74876c98d374ee1af6ac758011a7fad with url='http://135.225.105.160:8004/klps/versions/a74876c98d374ee1af6ac758011a7fad/status'
  ✓ Activated version: a74876c98d374ee1af6ac758011a7fad
  → Recovered missing Language ID for KLP via mapping: 3f81bdd31b204d038f9023769a13cddb
  Warning: Link slug 'res-video-origin-of-infection' not in mapping, removing from question
Updated KLP 'klp-1-wound-infections' -> 9b663cce68ef4fa3b5c177b3a053798e
DEBUG: activating version 14f87799706d439eb89f4805211c83af with url='http://135.225.105.160:8004/klps/versions/14f87799706d439eb89f4805211c83af/status'
  ✓ Activated version: 14f87799706d439eb89f4805211c83af
  → Recovered missing Language ID for KLP via mapping: 3f81bdd31b204d038f9023769a13cddb
  Warning: Link slug 'res-video-origin-of-infection' not in mapping, removing from question
Updated KLP 'klp-2-other-causes-of-infection' -> dac96b55761a4ef09bfd3b3c009ecc8c
DEBUG: activating version 35c66e1881904109a063434b75d31ccb with url='http://135.225.105.160:8004/klps/versions/35c66e1881904109a063434b75d31ccb/status'
  ✓ Activated version: 35c66e1881904109a063434b75d31ccb
  → Recovered missing Language ID for KLP via mapping: 3f81bdd31b204d038f9023769a13cddb
Updated KLP 'klp-1-short-acting-contraceptives-can-only-be-used-over-short-periods-of-time-true-or-false' -> c22918e6cef441d982d422792363d84e
DEBUG: activating version 89b04d98e4da4dd0a021b3d9d0dd7350 with url='http://135.225.105.160:8004/klps/versions/89b04d98e4da4dd0a021b3d9d0dd7350/status'
  ✓ Activated version: 89b04d98e4da4dd0a021b3d9d0dd7350
  → Recovered missing Language ID for KLP via mapping: 3f81bdd31b204d038f9023769a13cddb
Created KLP 'klp-1-when-used-correctly-and-consistently-male-and-female-condoms-are-the-only-contraceptives-that-provide-protection-against-sexually-transmitted-infections-true-or-false' -> dbfde4ad6c7a44298094d266001edd9e
DEBUG: activating version be3ff4e6fb434b008a25a951055b20a6 with url='http://135.225.105.160:8004/klps/versions/be3ff4e6fb434b008a25a951055b20a6/status'
  ✓ Activated version: be3ff4e6fb434b008a25a951055b20a6
  → Recovered missing Language ID for KLP via mapping: 3f81bdd31b204d038f9023769a13cddb
Updated KLP 'klp-1-the-procedure-of-inserting-an-implant-must-be-aseptic-true-or-false' -> ddaa624b4dcc4220ba4c231bcfd8a5f0
DEBUG: activating version 721bc189b0d94aa9b30d345792c70ff0 with url='http://135.225.105.160:8004/klps/versions/721bc189b0d94aa9b30d345792c70ff0/status'
  ✓ Activated version: 721bc189b0d94aa9b30d345792c70ff0
  → Recovered missing Language ID for KLP via mapping: 3f81bdd31b204d038f9023769a13cddb
Updated KLP 'klp-1-if-a-woman-needs-a-new-implant-after-having-one-removed-where-can-the-new-implant-be-inserted' -> 75d9b58a9d5c4996b452b2c11361b406
DEBUG: activating version df7e9b13c4b44d629cf264561ec11ca0 with url='http://135.225.105.160:8004/klps/versions/df7e9b13c4b44d629cf264561ec11ca0/status'
  ✓ Activated version: df7e9b13c4b44d629cf264561ec11ca0
  → Recovered missing Language ID for KLP via mapping: 3f81bdd31b204d038f9023769a13cddb
Updated KLP 'klp-1-after-inserting-the-iud-ius-at-what-length-should-you-cut-the-strings' -> 47cf11110b4f4e01a7633a0f079416e7
DEBUG: activating version be0da8fd1e3f4a0a8ce1d87e002d1a37 with url='http://135.225.105.160:8004/klps/versions/be0da8fd1e3f4a0a8ce1d87e002d1a37/status'
  ✓ Activated version: be0da8fd1e3f4a0a8ce1d87e002d1a37
  → Recovered missing Language ID for KLP via mapping: 3f81bdd31b204d038f9023769a13cddb
Updated KLP 'klp-1-a-woman-with-hiv-can-safely-get-an-implant-true-or-false' -> 7ad649bd08b74700a5716a209ebf09bc
DEBUG: activating version 5572e059d2b1489ea5471f5a832376cf with url='http://135.225.105.160:8004/klps/versions/5572e059d2b1489ea5471f5a832376cf/status'
  ✓ Activated version: 5572e059d2b1489ea5471f5a832376cf
  → Recovered missing Language ID for KLP via mapping: 3f81bdd31b204d038f9023769a13cddb
Updated KLP 'klp-1-when-used-consistently-and-correctly-male-condom-use-prevents-80-to-95-of-hiv-transmission-that-would-have-occurred-without-condoms-true-or-false' -> 6da71caf2ef64b5f87e18f4626046558
DEBUG: activating version 1779bebda4ac4acfb6580863b64f9d36 with url='http://135.225.105.160:8004/klps/versions/1779bebda4ac4acfb6580863b64f9d36/status'
  ✓ Activated version: 1779bebda4ac4acfb6580863b64f9d36
  → Recovered missing Language ID for KLP via mapping: 3f81bdd31b204d038f9023769a13cddb
Updated KLP 'klp-1-combined-oral-contraception-contains-artificial-versions-of-which-naturally-occurring-hormones' -> b086991e0610455ab8bb2f5fdeb46432
DEBUG: activating version 97048b11ca124562b3c45b6ee3cb85f4 with url='http://135.225.105.160:8004/klps/versions/97048b11ca124562b3c45b6ee3cb85f4/status'
  ✓ Activated version: 97048b11ca124562b3c45b6ee3cb85f4
  → Recovered missing Language ID for KLP via mapping: 3f81bdd31b204d038f9023769a13cddb
Updated KLP 'klp-1-which-of-the-following-are-important-before-deciding-on-a-contraceptive' -> f027cd11985d48b0b2be0b30c804e82e
DEBUG: activating version 89a6e41f7bb241dea4d480430c80b383 with url='http://135.225.105.160:8004/klps/versions/89a6e41f7bb241dea4d480430c80b383/status'
  ✓ Activated version: 89a6e41f7bb241dea4d480430c80b383
  → Recovered missing Language ID for KLP via mapping: 3f81bdd31b204d038f9023769a13cddb
Updated KLP 'klp-1-what-is-important-for-providing-successful-counselling' -> 790f2b73ce844f159c6b1c3e8ffc670f
DEBUG: activating version d8921a55bacd4096a49fd8378b9404dd with url='http://135.225.105.160:8004/klps/versions/d8921a55bacd4096a49fd8378b9404dd/status'
  ✓ Activated version: d8921a55bacd4096a49fd8378b9404dd
  → Recovered missing Language ID for KLP via mapping: 3f81bdd31b204d038f9023769a13cddb
Updated KLP 'klp-1-the-woman-should-take-one-contraceptive-pill-at-the-same-time-every-day-for-the-most-effective-protection-against-pregnancy-true-or-false' -> b9ec92ecb0824a839fa01d275da5f5f3
DEBUG: activating version 31003f4d3fa745278677f1d040e9b8b6 with url='http://135.225.105.160:8004/klps/versions/31003f4d3fa745278677f1d040e9b8b6/status'
  ✓ Activated version: 31003f4d3fa745278677f1d040e9b8b6
  → Recovered missing Language ID for KLP via mapping: 3f81bdd31b204d038f9023769a13cddb
Updated KLP 'klp-1-what-type-of-checks-need-to-be-done-before-inserting-an-intrauterine-device-iud-ius' -> 781b8e9ddf494424b447f15d43dd638d
DEBUG: activating version 2bb4de0cd94141c7b4134a3c3b6c5186 with url='http://135.225.105.160:8004/klps/versions/2bb4de0cd94141c7b4134a3c3b6c5186/status'
  ✓ Activated version: 2bb4de0cd94141c7b4134a3c3b6c5186
  → Recovered missing Language ID for KLP via mapping: 3f81bdd31b204d038f9023769a13cddb
Updated KLP 'klp-2-which-piece-of-equipment-is-not-needed-when-inserting-an-implant' -> 400ad0698e4a4579b93ff1b032591fc0
DEBUG: activating version 08d180c929764acf81fcd2db328072f6 with url='http://135.225.105.160:8004/klps/versions/08d180c929764acf81fcd2db328072f6/status'
  ✓ Activated version: 08d180c929764acf81fcd2db328072f6
  → Recovered missing Language ID for KLP via mapping: 3f81bdd31b204d038f9023769a13cddb
Updated KLP 'klp-2-which-methods-are-categorised-as-long-acting-reversible-contraceptives' -> 01ac99457e164771a9e9210ac8f5cc72
DEBUG: activating version ec002f5a4a8c4a2b8d2f8f97e8deb10e with url='http://135.225.105.160:8004/klps/versions/ec002f5a4a8c4a2b8d2f8f97e8deb10e/status'
  ✓ Activated version: ec002f5a4a8c4a2b8d2f8f97e8deb10e
  → Recovered missing Language ID for KLP via mapping: 3f81bdd31b204d038f9023769a13cddb
Updated KLP 'klp-2-when-does-a-woman-not-qualify-to-get-an-iud' -> fa19ff8753354cc48fbb6d27c2decadb
DEBUG: activating version de11cbfba65a4062907608f280d7fc61 with url='http://135.225.105.160:8004/klps/versions/de11cbfba65a4062907608f280d7fc61/status'
  ✓ Activated version: de11cbfba65a4062907608f280d7fc61
  → Recovered missing Language ID for KLP via mapping: 3f81bdd31b204d038f9023769a13cddb
Updated KLP 'klp-2-when-can-a-women-get-an-implant' -> db5bd588138a4ace86ac83765110ea68
DEBUG: activating version eaa8db1fe9dd4a64903fd68ddfa1cc6c with url='http://135.225.105.160:8004/klps/versions/eaa8db1fe9dd4a64903fd68ddfa1cc6c/status'
  ✓ Activated version: eaa8db1fe9dd4a64903fd68ddfa1cc6c
  → Recovered missing Language ID for KLP via mapping: 3f81bdd31b204d038f9023769a13cddb
Updated KLP 'klp-2-what-side-effects-can-women-expect-after-getting-a-copper-intrauterine-device' -> 43ed9955bc8e466c9de0db2bafe1113b
DEBUG: activating version a3a711eb1d7a434ea522e1b3f1c20a66 with url='http://135.225.105.160:8004/klps/versions/a3a711eb1d7a434ea522e1b3f1c20a66/status'
  ✓ Activated version: a3a711eb1d7a434ea522e1b3f1c20a66
  → Recovered missing Language ID for KLP via mapping: 3f81bdd31b204d038f9023769a13cddb
Updated KLP 'klp-2-what-should-you-recommend-the-woman-to-look-out-for-following-iud-ius-insertion' -> f2c8cbb9eff64ca797c0a5bf41418a80
DEBUG: activating version 5ef0d25ea6e84237b9200d169e7932a8 with url='http://135.225.105.160:8004/klps/versions/5ef0d25ea6e84237b9200d169e7932a8/status'
  ✓ Activated version: 5ef0d25ea6e84237b9200d169e7932a8
  → Recovered missing Language ID for KLP via mapping: 3f81bdd31b204d038f9023769a13cddb
Updated KLP 'klp-2-when-a-women-comes-back-for-routine-follow-up-after-inserting-iud-it-is-always-required-to-perform-a-pelvic-examination-true-or-false' -> 7e3cb75be58b48ebaac82eba8945edfc
DEBUG: activating version d6d46488954248e1a9a985b977a6a18a with url='http://135.225.105.160:8004/klps/versions/d6d46488954248e1a9a985b977a6a18a/status'
  ✓ Activated version: d6d46488954248e1a9a985b977a6a18a
  → Recovered missing Language ID for KLP via mapping: 3f81bdd31b204d038f9023769a13cddb
Updated KLP 'klp-2-what-should-you-do-if-a-woman-requests-for-her-iud-to-be-removed' -> acce0dd75ced495c9d397c87084660ca
DEBUG: activating version e32c94a3da4c4ea09b774c5810c24135 with url='http://135.225.105.160:8004/klps/versions/e32c94a3da4c4ea09b774c5810c24135/status'
  ✓ Activated version: e32c94a3da4c4ea09b774c5810c24135
  → Recovered missing Language ID for KLP via mapping: 3f81bdd31b204d038f9023769a13cddb
Updated KLP 'klp-2-when-is-it-recommended-to-have-a-follow-up-contact-after-intrauterine-device-iud-ius-insertion' -> 926f566990604e87847279dc45008dfa
DEBUG: activating version 8a1c1437e1ad4db8a4b02c1ac5eb4961 with url='http://135.225.105.160:8004/klps/versions/8a1c1437e1ad4db8a4b02c1ac5eb4961/status'
  ✓ Activated version: 8a1c1437e1ad4db8a4b02c1ac5eb4961
  → Recovered missing Language ID for KLP via mapping: 3f81bdd31b204d038f9023769a13cddb
Updated KLP 'klp-2-which-surgical-procedures-can-be-used-to-perform-tubal-ligation' -> bc8b207d424e481bb7bab7991e58d6fe
DEBUG: activating version 56cc7997fed347fdac4a48ffb75dc5de with url='http://135.225.105.160:8004/klps/versions/56cc7997fed347fdac4a48ffb75dc5de/status'
  ✓ Activated version: 56cc7997fed347fdac4a48ffb75dc5de
  → Recovered missing Language ID for KLP via mapping: 3f81bdd31b204d038f9023769a13cddb
Updated KLP 'klp-2-what-is-important-for-you-to-ask-the-woman-about-to-help-her-choose-the-right-contraception-for-her' -> c16f64c7f7a44088ba0da7f4ef96b693
DEBUG: activating version 0ab5301f85794e28b9b434fc8032dca1 with url='http://135.225.105.160:8004/klps/versions/0ab5301f85794e28b9b434fc8032dca1/status'
  ✓ Activated version: 0ab5301f85794e28b9b434fc8032dca1
  → Recovered missing Language ID for KLP via mapping: 3f81bdd31b204d038f9023769a13cddb
Updated KLP 'klp-2-what-pain-relief-should-be-administered-before-inserting-a-contraceptive-implant' -> 1f9efb304f4947fd89399078227f43d3
DEBUG: activating version 17af0b24e29f4e1cb80bb4ef92de31f8 with url='http://135.225.105.160:8004/klps/versions/17af0b24e29f4e1cb80bb4ef92de31f8/status'
  ✓ Activated version: 17af0b24e29f4e1cb80bb4ef92de31f8
  → Recovered missing Language ID for KLP via mapping: 3f81bdd31b204d038f9023769a13cddb
Updated KLP 'klp-3-which-of-the-following-side-effects-are-normally-seen-with-copper-iud-but-not-with-the-hormonal-iud-ius' -> 6d1bed900781470584e7b6edc6fc0f54
DEBUG: activating version 5b3ace19c34b4f5cae98c1fde803572a with url='http://135.225.105.160:8004/klps/versions/5b3ace19c34b4f5cae98c1fde803572a/status'
  ✓ Activated version: 5b3ace19c34b4f5cae98c1fde803572a
  → Recovered missing Language ID for KLP via mapping: 3f81bdd31b204d038f9023769a13cddb
Updated KLP 'klp-3-which-of-the-following-are-some-common-side-effects-of-the-hormonal-iud' -> ecfdc300cd1547bf9aeb36b6414ae3f8
DEBUG: activating version b03d39aac03a48689094eb190a1f7b8f with url='http://135.225.105.160:8004/klps/versions/b03d39aac03a48689094eb190a1f7b8f/status'
  ✓ Activated version: b03d39aac03a48689094eb190a1f7b8f
  → Recovered missing Language ID for KLP via mapping: 3f81bdd31b204d038f9023769a13cddb
Updated KLP 'klp-3-which-of-the-following-methods-lasts-the-longest' -> 2c566cff13004b6ca90d54dfc11b7969
DEBUG: activating version f1fbafbc0c454736b55e48790ec12f59 with url='http://135.225.105.160:8004/klps/versions/f1fbafbc0c454736b55e48790ec12f59/status'
  ✓ Activated version: f1fbafbc0c454736b55e48790ec12f59
  → Recovered missing Language ID for KLP via mapping: 3f81bdd31b204d038f9023769a13cddb
Updated KLP 'klp-3-how-does-the-vaginal-ring-prevent-pregnancy' -> d441a2b76fcb4bf0b983627eaadf3f60
DEBUG: activating version c1bb51c8a4a543309c76cb944b63fbce with url='http://135.225.105.160:8004/klps/versions/c1bb51c8a4a543309c76cb944b63fbce/status'
  ✓ Activated version: c1bb51c8a4a543309c76cb944b63fbce
  → Recovered missing Language ID for KLP via mapping: 3f81bdd31b204d038f9023769a13cddb
Updated KLP 'klp-3-which-of-the-following-contraceptive-methods-do-not-have-any-delay-in-fertility-after-stopping-removing-it' -> 897f60f5f43d4359ad27c8b611450adb
DEBUG: activating version 86530fde061941a89b6f8941f253fa03 with url='http://135.225.105.160:8004/klps/versions/86530fde061941a89b6f8941f253fa03/status'
  ✓ Activated version: 86530fde061941a89b6f8941f253fa03
  → Recovered missing Language ID for KLP via mapping: 3f81bdd31b204d038f9023769a13cddb
Updated KLP 'klp-3-from-the-moment-after-performing-vasectomy-no-contraception-is-needed-to-avoid-pregnancy-true-or-false' -> 28c9b10b470948fda8e623161fd28830
DEBUG: activating version dc620b46467d472da23859859d002d13 with url='http://135.225.105.160:8004/klps/versions/dc620b46467d472da23859859d002d13/status'
  ✓ Activated version: dc620b46467d472da23859859d002d13
  → Recovered missing Language ID for KLP via mapping: 3f81bdd31b204d038f9023769a13cddb
Updated KLP 'klp-3-put-these-steps-of-the-non-touch-technique-while-inserting-an-iud-in-the-correct-order' -> 510740b591804ba3bdba3951dd9b8f02
DEBUG: activating version ca35b37de6f849ecab794d4f295d24f6 with url='http://135.225.105.160:8004/klps/versions/ca35b37de6f849ecab794d4f295d24f6/status'
  ✓ Activated version: ca35b37de6f849ecab794d4f295d24f6
  → Recovered missing Language ID for KLP via mapping: 3f81bdd31b204d038f9023769a13cddb
Updated KLP 'klp-3-which-side-effect-of-the-contraceptive-implant-is-the-most-common' -> e1df16e7a17f44f1b2199c0348674d50
DEBUG: activating version b0df0ca34cb24fca9c8ce15b800d8355 with url='http://135.225.105.160:8004/klps/versions/b0df0ca34cb24fca9c8ce15b800d8355/status'
  ✓ Activated version: b0df0ca34cb24fca9c8ce15b800d8355
  → Recovered missing Language ID for KLP via mapping: 3f81bdd31b204d038f9023769a13cddb
Updated KLP 'klp-3-how-does-the-copper-iud-prevent-pregnancy' -> dc1b68dfae0c41eebdbee552ecbeef07
DEBUG: activating version c3143e1d3cd846818a47acacfed1187b with url='http://135.225.105.160:8004/klps/versions/c3143e1d3cd846818a47acacfed1187b/status'
  ✓ Activated version: c3143e1d3cd846818a47acacfed1187b
  → Recovered missing Language ID for KLP via mapping: 3f81bdd31b204d038f9023769a13cddb
Updated KLP 'klp-3-when-can-a-woman-take-an-emergency-contraceptive-pill' -> 8a4c2a6bf24841c4bd204e5d7575d69f
DEBUG: activating version 9cb4744a6b07476ba72853ba6c056991 with url='http://135.225.105.160:8004/klps/versions/9cb4744a6b07476ba72853ba6c056991/status'
  ✓ Activated version: 9cb4744a6b07476ba72853ba6c056991
  → Recovered missing Language ID for KLP via mapping: 3f81bdd31b204d038f9023769a13cddb
Updated KLP 'klp-3-which-statement-is-true' -> 9ae25133712a4eb3b6b1dcfbc05fc7dd
DEBUG: activating version 7826f00b9d994eccabc6be6b18adca09 with url='http://135.225.105.160:8004/klps/versions/7826f00b9d994eccabc6be6b18adca09/status'
  ✓ Activated version: 7826f00b9d994eccabc6be6b18adca09
  → Recovered missing Language ID for KLP via mapping: 3f81bdd31b204d038f9023769a13cddb
Updated KLP 'klp-3-what-is-the-medical-eligibility-criteria-wheel-used-for' -> cf37410b003e4e139e78e773559aa207
DEBUG: activating version 74d8378c99ee48b5b81bee4dd50bfa47 with url='http://135.225.105.160:8004/klps/versions/74d8378c99ee48b5b81bee4dd50bfa47/status'
  ✓ Activated version: 74d8378c99ee48b5b81bee4dd50bfa47
  → Recovered missing Language ID for KLP via mapping: 3f81bdd31b204d038f9023769a13cddb
  Warning: Link slug 'res-video-intro' not in mapping, removing from question
Updated KLP 'klp-1-adequate-breathing' -> 58ae7db8c3ea42589cc5f5752ae73c9e
DEBUG: activating version 337e28d0ae0640fe900e92e273e42a75 with url='http://135.225.105.160:8004/klps/versions/337e28d0ae0640fe900e92e273e42a75/status'
  ✓ Activated version: 337e28d0ae0640fe900e92e273e42a75
  → Recovered missing Language ID for KLP via mapping: 3f81bdd31b204d038f9023769a13cddb
  Warning: Link slug 'res-video-intro' not in mapping, removing from question
Updated KLP 'klp-1-golden-minute' -> a678a32b56c048419ffa818299f285c2
DEBUG: activating version 41065f99c5f4484d963d4805a5959894 with url='http://135.225.105.160:8004/klps/versions/41065f99c5f4484d963d4805a5959894/status'
  ✓ Activated version: 41065f99c5f4484d963d4805a5959894
  → Recovered missing Language ID for KLP via mapping: 3f81bdd31b204d038f9023769a13cddb
  Warning: Link slug 'res-video-assess-the-newborn' not in mapping, removing from question
Updated KLP 'klp-1-assess-the-newborn-after-birth' -> 501fa7c5d1ff40ae9d9d1514ef18ffae
DEBUG: activating version 11522e1485e54243a8f8f53c31a31ba3 with url='http://135.225.105.160:8004/klps/versions/11522e1485e54243a8f8f53c31a31ba3/status'
  ✓ Activated version: 11522e1485e54243a8f8f53c31a31ba3
  → Recovered missing Language ID for KLP via mapping: 3f81bdd31b204d038f9023769a13cddb
  Warning: Link slug 'res-video-assess-the-newborn' not in mapping, removing from question
Updated KLP 'klp-2-skin-to-the-mother' -> 665bd4e7729b43bd9603d9193bdf00f3
DEBUG: activating version 7773e268be554ff5aa4fb99dd4d9a8db with url='http://135.225.105.160:8004/klps/versions/7773e268be554ff5aa4fb99dd4d9a8db/status'
  ✓ Activated version: 7773e268be554ff5aa4fb99dd4d9a8db
  → Recovered missing Language ID for KLP via mapping: 3f81bdd31b204d038f9023769a13cddb
  Warning: Link slug 'res-video-assess-the-newborn' not in mapping, removing from question
Updated KLP 'klp-2-first-step' -> 52924391353c4bbe88014aa4dcf49090
DEBUG: activating version a27bdfa39f8d42e3afd50bf7423404e3 with url='http://135.225.105.160:8004/klps/versions/a27bdfa39f8d42e3afd50bf7423404e3/status'
  ✓ Activated version: a27bdfa39f8d42e3afd50bf7423404e3
  → Recovered missing Language ID for KLP via mapping: 3f81bdd31b204d038f9023769a13cddb
  Warning: Link slug 'res-video-assess-the-newborn' not in mapping, removing from question
Updated KLP 'klp-2-meconium-suction' -> 312854cef54645b296b060eb6dae84f2
DEBUG: activating version 036f296df10c4540a51deed999525a6b with url='http://135.225.105.160:8004/klps/versions/036f296df10c4540a51deed999525a6b/status'
  ✓ Activated version: 036f296df10c4540a51deed999525a6b
  → Recovered missing Language ID for KLP via mapping: 3f81bdd31b204d038f9023769a13cddb
  Warning: Link slug 'res-video-assess-the-newborn' not in mapping, removing from question
Updated KLP 'klp-3-correct-order-suction' -> f77bdff40c3d4c32b3ddfac572256260
DEBUG: activating version 9185dae2b0484f4d9342355775d951a5 with url='http://135.225.105.160:8004/klps/versions/9185dae2b0484f4d9342355775d951a5/status'
  ✓ Activated version: 9185dae2b0484f4d9342355775d951a5
  → Recovered missing Language ID for KLP via mapping: 3f81bdd31b204d038f9023769a13cddb
  Warning: Link slug 'res-video-assess-the-newborn' not in mapping, removing from question
Updated KLP 'klp-2-stimulation-the-newborn' -> 8777f245721646f28e34e10de7ed3b8a
DEBUG: activating version cd4bd6a4aaae4a989f2fa396350bb94d with url='http://135.225.105.160:8004/klps/versions/cd4bd6a4aaae4a989f2fa396350bb94d/status'
  ✓ Activated version: cd4bd6a4aaae4a989f2fa396350bb94d
  → Recovered missing Language ID for KLP via mapping: 3f81bdd31b204d038f9023769a13cddb
  Warning: Link slug 'res-video-assess-the-newborn' not in mapping, removing from question
Updated KLP 'klp-2-newborn-is-not-breathing-well' -> c9bbc5d19fa2410b8eaf466dce6f2643
DEBUG: activating version a040d22c0bc84684aa2bb3bf85963039 with url='http://135.225.105.160:8004/klps/versions/a040d22c0bc84684aa2bb3bf85963039/status'
  ✓ Activated version: a040d22c0bc84684aa2bb3bf85963039
  → Recovered missing Language ID for KLP via mapping: 3f81bdd31b204d038f9023769a13cddb
  Warning: Link slug 'res-video-assess-the-newborn' not in mapping, removing from question
Updated KLP 'klp-1-when-to-resuscitate' -> 0488ca6927c143f3a68aa661ff9766fe
DEBUG: activating version bad7f85fe00e4511bf8d436bfd90e737 with url='http://135.225.105.160:8004/klps/versions/bad7f85fe00e4511bf8d436bfd90e737/status'
  ✓ Activated version: bad7f85fe00e4511bf8d436bfd90e737
  → Recovered missing Language ID for KLP via mapping: 3f81bdd31b204d038f9023769a13cddb
  Warning: Link slug 'res-video-airway' not in mapping, removing from question
Updated KLP 'klp-3-airway-call-for-help' -> 140d8638603344199b6bcd4189f415a6
DEBUG: activating version 1d35a3c7e6ab47339739313a4ebabbac with url='http://135.225.105.160:8004/klps/versions/1d35a3c7e6ab47339739313a4ebabbac/status'
  ✓ Activated version: 1d35a3c7e6ab47339739313a4ebabbac
  → Recovered missing Language ID for KLP via mapping: 3f81bdd31b204d038f9023769a13cddb
  Warning: Link slug 'res-video-airway' not in mapping, removing from question
Updated KLP 'klp-2-airway-position-of-head' -> e9e9917194b14082b649df1bc0d33c01
DEBUG: activating version 40ad758ca99c4338a7ddbc481e6ccf9d with url='http://135.225.105.160:8004/klps/versions/40ad758ca99c4338a7ddbc481e6ccf9d/status'
  ✓ Activated version: 40ad758ca99c4338a7ddbc481e6ccf9d
  → Recovered missing Language ID for KLP via mapping: 3f81bdd31b204d038f9023769a13cddb
  Warning: Link slug 'res-video-airway' not in mapping, removing from question
Updated KLP 'klp-1-airway-position-of-mask' -> a56c66ec59b4452ab88ddd655fad546e
DEBUG: activating version 360221c68b064c43bc7253608a94c66f with url='http://135.225.105.160:8004/klps/versions/360221c68b064c43bc7253608a94c66f/status'
  ✓ Activated version: 360221c68b064c43bc7253608a94c66f
  → Recovered missing Language ID for KLP via mapping: 3f81bdd31b204d038f9023769a13cddb
  Warning: Link slug 'res-video-airway' not in mapping, removing from question
Updated KLP 'klp-1-airway-effective-ventilation' -> a42dcdb829464cb49b18e51a3436302e
DEBUG: activating version 266e0b0b702b4e1b8f0dd8b0d3acb108 with url='http://135.225.105.160:8004/klps/versions/266e0b0b702b4e1b8f0dd8b0d3acb108/status'
  ✓ Activated version: 266e0b0b702b4e1b8f0dd8b0d3acb108
  → Recovered missing Language ID for KLP via mapping: 3f81bdd31b204d038f9023769a13cddb
  Warning: Link slug 'res-video-airway' not in mapping, removing from question
Updated KLP 'klp-2-number-of-inflation-breaths' -> 6c79d1f667044b3dbab2716c71431135
DEBUG: activating version 1b4b4cf3db61468790ed2e74a0572fe4 with url='http://135.225.105.160:8004/klps/versions/1b4b4cf3db61468790ed2e74a0572fe4/status'
  ✓ Activated version: 1b4b4cf3db61468790ed2e74a0572fe4
  → Recovered missing Language ID for KLP via mapping: 3f81bdd31b204d038f9023769a13cddb
  Warning: Link slug 'res-video-airway' not in mapping, removing from question
Updated KLP 'klp-3-jaw-thrust' -> fb18c62c3f144dc7b6243b1d1f64a7c7
DEBUG: activating version 03a96fbbd70f431bba320e70f2a279a5 with url='http://135.225.105.160:8004/klps/versions/03a96fbbd70f431bba320e70f2a279a5/status'
  ✓ Activated version: 03a96fbbd70f431bba320e70f2a279a5
  → Recovered missing Language ID for KLP via mapping: 3f81bdd31b204d038f9023769a13cddb
  Warning: Link slug 'res-video-airway' not in mapping, removing from question
Updated KLP 'klp-2-if-no-chest-movements' -> ec150c13ef4c48678697cbe3a36e9da9
DEBUG: activating version d636f8190b474a25ad955bbd62542911 with url='http://135.225.105.160:8004/klps/versions/d636f8190b474a25ad955bbd62542911/status'
  ✓ Activated version: d636f8190b474a25ad955bbd62542911
  → Recovered missing Language ID for KLP via mapping: 3f81bdd31b204d038f9023769a13cddb
  Warning: Link slug 'res-video-airway' not in mapping, removing from question
Updated KLP 'klp-2-inflation-breaths' -> 843c8589e92a423ba6f1978287a9bfbc
DEBUG: activating version ee2afebcf7344a25b488aa1614eef7b7 with url='http://135.225.105.160:8004/klps/versions/ee2afebcf7344a25b488aa1614eef7b7/status'
  ✓ Activated version: ee2afebcf7344a25b488aa1614eef7b7
  → Recovered missing Language ID for KLP via mapping: 3f81bdd31b204d038f9023769a13cddb
  Warning: Link slug 'res-video-breathing' not in mapping, removing from question
  Warning: Link slug 'res-video-breathing' not in mapping, removing from question
Updated KLP 'klp-2-ventilation-breath' -> 95aa2639836e49a090c2e39fc4a78b4a
DEBUG: activating version 2a8bc4c8399544289dba59fcff3e7208 with url='http://135.225.105.160:8004/klps/versions/2a8bc4c8399544289dba59fcff3e7208/status'
  ✓ Activated version: 2a8bc4c8399544289dba59fcff3e7208
  → Recovered missing Language ID for KLP via mapping: 3f81bdd31b204d038f9023769a13cddb
  Warning: Link slug 'res-video-breathing' not in mapping, removing from question
Updated KLP 'klp-1-not-breathing-well' -> 501492c944dc4a1091a7cb6474a79f3c
DEBUG: activating version 1b842a4144a4469f8b19cccb8b076700 with url='http://135.225.105.160:8004/klps/versions/1b842a4144a4469f8b19cccb8b076700/status'
  ✓ Activated version: 1b842a4144a4469f8b19cccb8b076700
  → Recovered missing Language ID for KLP via mapping: 3f81bdd31b204d038f9023769a13cddb
  Warning: Link slug 'res-video-breathing' not in mapping, removing from question
Updated KLP 'klp-1-continue-ventilation-breaths' -> d113f2d7f94f4383b32ab6220b0f8a60
DEBUG: activating version 8edbeb04335445209d709dfca9c7b2c9 with url='http://135.225.105.160:8004/klps/versions/8edbeb04335445209d709dfca9c7b2c9/status'
  ✓ Activated version: 8edbeb04335445209d709dfca9c7b2c9
  → Recovered missing Language ID for KLP via mapping: 3f81bdd31b204d038f9023769a13cddb
  Warning: Link slug 'res-video-breathing' not in mapping, removing from question
Updated KLP 'klp-1-most-important-ventilation-breaths' -> f66e74d7403d46fb9c5b12e2e1d55b5d
DEBUG: activating version 5253fc49a887441b996db5c77f5af68a with url='http://135.225.105.160:8004/klps/versions/5253fc49a887441b996db5c77f5af68a/status'
  ✓ Activated version: 5253fc49a887441b996db5c77f5af68a
  → Recovered missing Language ID for KLP via mapping: 3f81bdd31b204d038f9023769a13cddb
  Warning: Link slug 'res-video-breathing' not in mapping, removing from question
Updated KLP 'klp-3-rhythm-ventilation-breaths' -> 0ba9f802b0c1437bb9d7eef81fd89c7a
DEBUG: activating version f9befeecb93d4d5198d1a8c3ded35a2e with url='http://135.225.105.160:8004/klps/versions/f9befeecb93d4d5198d1a8c3ded35a2e/status'
  ✓ Activated version: f9befeecb93d4d5198d1a8c3ded35a2e
  → Recovered missing Language ID for KLP via mapping: 3f81bdd31b204d038f9023769a13cddb
  Warning: Link slug 'res-video-breathing' not in mapping, removing from question
Updated KLP 'klp-3-good-ventilation' -> 8e36e5a17a874971aa9c7ecdb7896bfe
DEBUG: activating version 416acaea23e642778f1b53f1e528f21a with url='http://135.225.105.160:8004/klps/versions/416acaea23e642778f1b53f1e528f21a/status'
  ✓ Activated version: 416acaea23e642778f1b53f1e528f21a
  → Recovered missing Language ID for KLP via mapping: 3f81bdd31b204d038f9023769a13cddb
  Warning: Link slug 'res-video-breathing' not in mapping, removing from question
Updated KLP 'klp-3-breathing-assessment2' -> e8809bb779314c859e4e904c256c1483
DEBUG: activating version fff7bf3d1b6e446a828dbe02c98f4446 with url='http://135.225.105.160:8004/klps/versions/fff7bf3d1b6e446a828dbe02c98f4446/status'
  ✓ Activated version: fff7bf3d1b6e446a828dbe02c98f4446
  → Recovered missing Language ID for KLP via mapping: 3f81bdd31b204d038f9023769a13cddb
  Warning: Link slug 'res-video-breathing' not in mapping, removing from question
Updated KLP 'klp-1-breathing-assessment1' -> 284990c2ed7844398af18a18fedcd31e
DEBUG: activating version 3e1f71ab7a664be9918437ee43e03906 with url='http://135.225.105.160:8004/klps/versions/3e1f71ab7a664be9918437ee43e03906/status'
  ✓ Activated version: 3e1f71ab7a664be9918437ee43e03906
  → Recovered missing Language ID for KLP via mapping: 3f81bdd31b204d038f9023769a13cddb
  Warning: Link slug 'res-video-breathing' not in mapping, removing from question
Updated KLP 'klp-1-breathing-assessment-continued' -> d6e625cbc91b4d0b815860e4affbc569
DEBUG: activating version cc14707348bc4f9ea5b0a5b49f89415f with url='http://135.225.105.160:8004/klps/versions/cc14707348bc4f9ea5b0a5b49f89415f/status'
  ✓ Activated version: cc14707348bc4f9ea5b0a5b49f89415f
  → Recovered missing Language ID for KLP via mapping: 3f81bdd31b204d038f9023769a13cddb
  Warning: Link slug 'res-video-monitoring' not in mapping, removing from question
Updated KLP 'klp-3-action-if-breathing-well' -> 14c608ed14d742ac9539838db29791d2
DEBUG: activating version f53a9b206f5243beb1b2965c01ed8e33 with url='http://135.225.105.160:8004/klps/versions/f53a9b206f5243beb1b2965c01ed8e33/status'
  ✓ Activated version: f53a9b206f5243beb1b2965c01ed8e33
  → Recovered missing Language ID for KLP via mapping: 3f81bdd31b204d038f9023769a13cddb
  Warning: Link slug 'res-video-breathing' not in mapping, removing from question
Updated KLP 'klp-3-nr-give-oxygen' -> 33cb5c37c77c4c2cb5e1e7775bad2884
DEBUG: activating version a06ec5634ad647cab4b94d0edd40c0cb with url='http://135.225.105.160:8004/klps/versions/a06ec5634ad647cab4b94d0edd40c0cb/status'
  ✓ Activated version: a06ec5634ad647cab4b94d0edd40c0cb
  → Recovered missing Language ID for KLP via mapping: 3f81bdd31b204d038f9023769a13cddb
  Warning: Link slug 'res-video-when-to-stop-resuscitation' not in mapping, removing from question
Updated KLP 'klp-2-when-to-stop' -> 82415cfd84b4482d8dc47bfe301a1239
DEBUG: activating version 41ec13ae165c41bb9e0aa86b3642dc22 with url='http://135.225.105.160:8004/klps/versions/41ec13ae165c41bb9e0aa86b3642dc22/status'
  ✓ Activated version: 41ec13ae165c41bb9e0aa86b3642dc22
  → Recovered missing Language ID for KLP via mapping: 3f81bdd31b204d038f9023769a13cddb
  Warning: Link slug 'res-video-when-to-stop-resuscitation' not in mapping, removing from question
Updated KLP 'klp-3-resuscitation-stop-next' -> 17c50805156541539dd6c8f42c33741c
DEBUG: activating version bd738897e4d74823ab360108aed08877 with url='http://135.225.105.160:8004/klps/versions/bd738897e4d74823ab360108aed08877/status'
  ✓ Activated version: bd738897e4d74823ab360108aed08877
  → Recovered missing Language ID for KLP via mapping: 3f81bdd31b204d038f9023769a13cddb
  Warning: Link slug 'res-video-monitoring' not in mapping, removing from question
Updated KLP 'klp-1-skin-to-skin-and-breastfeeding' -> 8d43151e65a74bd98b96179299dcacda
DEBUG: activating version d421522766fd4dc08e9f3e070469908c with url='http://135.225.105.160:8004/klps/versions/d421522766fd4dc08e9f3e070469908c/status'
  ✓ Activated version: d421522766fd4dc08e9f3e070469908c
  → Recovered missing Language ID for KLP via mapping: 3f81bdd31b204d038f9023769a13cddb
  Warning: Link slug 'res-video-monitoring' not in mapping, removing from question
Updated KLP 'klp-3-monitoring' -> dca1d492d9fd4eb28c525806b0dd1c2b
DEBUG: activating version 5fd391b996514d50af2f749dfa5612d5 with url='http://135.225.105.160:8004/klps/versions/5fd391b996514d50af2f749dfa5612d5/status'
  ✓ Activated version: 5fd391b996514d50af2f749dfa5612d5
  → Recovered missing Language ID for KLP via mapping: 3f81bdd31b204d038f9023769a13cddb
  Warning: Link slug 'res-video-monitoring' not in mapping, removing from question
Updated KLP 'klp-3-low-birth-weight-and-resuscitation' -> f885d5f3247e4017863af1095d8df84a
DEBUG: activating version 1d3d12ac7c26493597bca9ec7c0bb49f with url='http://135.225.105.160:8004/klps/versions/1d3d12ac7c26493597bca9ec7c0bb49f/status'
  ✓ Activated version: 1d3d12ac7c26493597bca9ec7c0bb49f
  → Recovered missing Language ID for KLP via mapping: 3f81bdd31b204d038f9023769a13cddb
  Warning: Link slug 'res-video-monitoring' not in mapping, removing from question
Updated KLP 'klp-3-challenge-low-birth-weight' -> f1b8d7f991e940bc9b7e557c92bf04d0
DEBUG: activating version 8dcccaa46b0f489aa44872096b9c5f12 with url='http://135.225.105.160:8004/klps/versions/8dcccaa46b0f489aa44872096b9c5f12/status'
  ✓ Activated version: 8dcccaa46b0f489aa44872096b9c5f12
  → Recovered missing Language ID for KLP via mapping: 3f81bdd31b204d038f9023769a13cddb
  Warning: Link slug 'res-video-airway' not in mapping, removing from question
Updated KLP 'klp-2-successful-inflation-breaths' -> 75172ac7067c4fb0a2569f90de1773f2
DEBUG: activating version 1c4e75febaaa468eabda6f3a413e16a7 with url='http://135.225.105.160:8004/klps/versions/1c4e75febaaa468eabda6f3a413e16a7/status'
  ✓ Activated version: 1c4e75febaaa468eabda6f3a413e16a7
  → Recovered missing Language ID for KLP via mapping: 3f81bdd31b204d038f9023769a13cddb
  Warning: Link slug 'res-video-intro' not in mapping, removing from question
  Warning: Link slug 'res-video-intro' not in mapping, removing from question
Updated KLP 'klp-1-common-causes-of-newborn-death' -> 677d1e5c055b4b429d14a8adb6ee5579
DEBUG: activating version 9da68855c7084cdfabad2db0ac60d30f with url='http://135.225.105.160:8004/klps/versions/9da68855c7084cdfabad2db0ac60d30f/status'
  ✓ Activated version: 9da68855c7084cdfabad2db0ac60d30f
  → Recovered missing Language ID for KLP via mapping: 3f81bdd31b204d038f9023769a13cddb
  Warning: Link slug 'res-video-intro' not in mapping, removing from question
Updated KLP 'klp-2-death-in-first-week' -> 07e96b4647ec4964bae5738e93388f51
DEBUG: activating version 6f773ecb7ae5486f8d6876c5bc367d65 with url='http://135.225.105.160:8004/klps/versions/6f773ecb7ae5486f8d6876c5bc367d65/status'
  ✓ Activated version: 6f773ecb7ae5486f8d6876c5bc367d65
  → Recovered missing Language ID for KLP via mapping: 3f81bdd31b204d038f9023769a13cddb
  Warning: Link slug 'res-video-prevention' not in mapping, removing from question
Updated KLP 'klp-3-prevent-respiratory-distress-preterm' -> f12b624591df47558f415285d17d2591
DEBUG: activating version 2635403c44cc4e98aaa3dd6051dceeab with url='http://135.225.105.160:8004/klps/versions/2635403c44cc4e98aaa3dd6051dceeab/status'
  ✓ Activated version: 2635403c44cc4e98aaa3dd6051dceeab
  → Recovered missing Language ID for KLP via mapping: 3f81bdd31b204d038f9023769a13cddb
  Warning: Link slug 'res-video-prevention' not in mapping, removing from question
Updated KLP 'klp-2-risk-factors-infection-newborn' -> 58b08b1b3ee046e9b70537e8a477c08f
DEBUG: activating version 08368764b8ee4123ac8cc6e6836edda1 with url='http://135.225.105.160:8004/klps/versions/08368764b8ee4123ac8cc6e6836edda1/status'
  ✓ Activated version: 08368764b8ee4123ac8cc6e6836edda1
  → Recovered missing Language ID for KLP via mapping: 3f81bdd31b204d038f9023769a13cddb
  Warning: Link slug 'res-video-prevention' not in mapping, removing from question
Updated KLP 'klp-1-prevent-newborn-infections' -> 53b264d64dad4f3ba4342b6abcd5b15f
DEBUG: activating version 4c58d2e5decd4faab4bc28f7e6fb7ecc with url='http://135.225.105.160:8004/klps/versions/4c58d2e5decd4faab4bc28f7e6fb7ecc/status'
  ✓ Activated version: 4c58d2e5decd4faab4bc28f7e6fb7ecc
  → Recovered missing Language ID for KLP via mapping: 3f81bdd31b204d038f9023769a13cddb
  Warning: Link slug 'res-video-prevention' not in mapping, removing from question
  Warning: Link slug 'res-video-prevention' not in mapping, removing from question
Updated KLP 'klp-2-risk-and-action-after-resuscitation' -> 770761ada7ff438da308dda6ad48d1d0
DEBUG: activating version a37bbf18df2043549332192584987ad9 with url='http://135.225.105.160:8004/klps/versions/a37bbf18df2043549332192584987ad9/status'
  ✓ Activated version: a37bbf18df2043549332192584987ad9
  → Recovered missing Language ID for KLP via mapping: 3f81bdd31b204d038f9023769a13cddb
  Warning: Link slug 'res-video-prevention' not in mapping, removing from question
Updated KLP 'klp-2-early-feeding' -> 84601ace76024d3594154ec24938f75b
DEBUG: activating version bd9a3451f03c4fb9bd7b8eba90149627 with url='http://135.225.105.160:8004/klps/versions/bd9a3451f03c4fb9bd7b8eba90149627/status'
  ✓ Activated version: bd9a3451f03c4fb9bd7b8eba90149627
  → Recovered missing Language ID for KLP via mapping: 3f81bdd31b204d038f9023769a13cddb
  Warning: Link slug 'res-video-initial-care-of-the-newborn' not in mapping, removing from question
Updated KLP 'klp-2-initial-care-of-the-newborn' -> 35c1f2c4f7704eccadace4a799b17f1f
DEBUG: activating version 2c29b3c554ca4648b23777fff33379cd with url='http://135.225.105.160:8004/klps/versions/2c29b3c554ca4648b23777fff33379cd/status'
  ✓ Activated version: 2c29b3c554ca4648b23777fff33379cd
  → Recovered missing Language ID for KLP via mapping: 3f81bdd31b204d038f9023769a13cddb
  Warning: Link slug 'res-video-initial-care-of-the-newborn' not in mapping, removing from question
Updated KLP 'klp-1-not-crying-or-breathing-well' -> 1d22b9549c8c4980946241d29283b71e
DEBUG: activating version 4ef3d9a1729245b6bdd2b6f4e950866e with url='http://135.225.105.160:8004/klps/versions/4ef3d9a1729245b6bdd2b6f4e950866e/status'
  ✓ Activated version: 4ef3d9a1729245b6bdd2b6f4e950866e
  → Recovered missing Language ID for KLP via mapping: 3f81bdd31b204d038f9023769a13cddb
  Warning: Link slug 'res-video-initial-care-of-the-newborn' not in mapping, removing from question
Updated KLP 'klp-1-initial-care-of-the-newborn-actions' -> 9f2795315c334b15a5da33e575e9114f
DEBUG: activating version 302abe10d1d640199481ad6de025f7e9 with url='http://135.225.105.160:8004/klps/versions/302abe10d1d640199481ad6de025f7e9/status'
  ✓ Activated version: 302abe10d1d640199481ad6de025f7e9
  → Recovered missing Language ID for KLP via mapping: 3f81bdd31b204d038f9023769a13cddb
  Warning: Link slug 'res-video-initial-care-of-the-newborn' not in mapping, removing from question
Updated KLP 'klp-3-initial-care-of-lbw' -> cad09b5c41ab45ec85b6cad3a292cbc1
DEBUG: activating version ed1e96aa6b2c49928e447c28a999bbd9 with url='http://135.225.105.160:8004/klps/versions/ed1e96aa6b2c49928e447c28a999bbd9/status'
  ✓ Activated version: ed1e96aa6b2c49928e447c28a999bbd9
  → Recovered missing Language ID for KLP via mapping: 3f81bdd31b204d038f9023769a13cddb
  Warning: Link slug 'res-action-card-pediatric-drugs-and-fluids' not in mapping, removing from question
Updated KLP 'klp-1-lbw-unable-to-suck-adequately' -> b562ca253e624851856e3ed4c88ef53b
DEBUG: activating version 5b9d0cfda1ae4f87aa3b21991dbc1496 with url='http://135.225.105.160:8004/klps/versions/5b9d0cfda1ae4f87aa3b21991dbc1496/status'
  ✓ Activated version: 5b9d0cfda1ae4f87aa3b21991dbc1496
  → Recovered missing Language ID for KLP via mapping: 3f81bdd31b204d038f9023769a13cddb
  Warning: Link slug 'res-video-danger-signs' not in mapping, removing from question
  Warning: Link slug 'res-video-danger-signs' not in mapping, removing from question
Updated KLP 'klp-3-signs-of-illness' -> 1b4bf6429b0f4b1a9a93a740869fa339
DEBUG: activating version 2aa1d28389154686aec86f7debbba10b with url='http://135.225.105.160:8004/klps/versions/2aa1d28389154686aec86f7debbba10b/status'
  ✓ Activated version: 2aa1d28389154686aec86f7debbba10b
  → Recovered missing Language ID for KLP via mapping: 3f81bdd31b204d038f9023769a13cddb
  Warning: Link slug 'res-video-management-of-danger-signs' not in mapping, removing from question
  Warning: Link slug 'res-video-management-of-danger-signs' not in mapping, removing from question
Updated KLP 'klp-2-management-of-danger-signs' -> 17eb6a06bee347e98d0e55a0b5b88466
DEBUG: activating version a21ca08de6ba414da49ac6ba7d42bbef with url='http://135.225.105.160:8004/klps/versions/a21ca08de6ba414da49ac6ba7d42bbef/status'
  ✓ Activated version: a21ca08de6ba414da49ac6ba7d42bbef
  → Recovered missing Language ID for KLP via mapping: 3f81bdd31b204d038f9023769a13cddb
  Warning: Link slug 'res-video-danger-signs' not in mapping, removing from question
Updated KLP 'klp-2-danger-signs-airway' -> b17ada334b354075b30cbdcfda58de89
DEBUG: activating version c7c989612c744d39be883ffcbd15d993 with url='http://135.225.105.160:8004/klps/versions/c7c989612c744d39be883ffcbd15d993/status'
  ✓ Activated version: c7c989612c744d39be883ffcbd15d993
  → Recovered missing Language ID for KLP via mapping: 3f81bdd31b204d038f9023769a13cddb
  Warning: Link slug 'res-video-danger-signs' not in mapping, removing from question
  Warning: Link slug 'res-video-management-of-danger-signs' not in mapping, removing from question
Updated KLP 'klp-1-danger-signs-breathing' -> 900638cb1d684baa87aad6a5c1314792
DEBUG: activating version 4558af2e29dd4895af461535dd72f558 with url='http://135.225.105.160:8004/klps/versions/4558af2e29dd4895af461535dd72f558/status'
  ✓ Activated version: 4558af2e29dd4895af461535dd72f558
  → Recovered missing Language ID for KLP via mapping: 3f81bdd31b204d038f9023769a13cddb
  Warning: Link slug 'res-video-danger-signs' not in mapping, removing from question
Updated KLP 'klp-2-grunting' -> 106f6edc7b974f67bf2236d57659b647
DEBUG: activating version 0ac3a475744b4172b2582314f8e0515f with url='http://135.225.105.160:8004/klps/versions/0ac3a475744b4172b2582314f8e0515f/status'
  ✓ Activated version: 0ac3a475744b4172b2582314f8e0515f
  → Recovered missing Language ID for KLP via mapping: 3f81bdd31b204d038f9023769a13cddb
  Warning: Link slug 'res-video-danger-signs' not in mapping, removing from question
Updated KLP 'klp-3-apnoea' -> 888f4cbaf6a948a193fa9dcd10a2e66e
DEBUG: activating version 15318caf6ae64efe85d329bf1e3c3ea5 with url='http://135.225.105.160:8004/klps/versions/15318caf6ae64efe85d329bf1e3c3ea5/status'
  ✓ Activated version: 15318caf6ae64efe85d329bf1e3c3ea5
  → Recovered missing Language ID for KLP via mapping: 3f81bdd31b204d038f9023769a13cddb
  Warning: Link slug 'res-video-danger-signs' not in mapping, removing from question
  Warning: Link slug 'res-video-danger-signs' not in mapping, removing from question
Updated KLP 'klp-1-shock' -> 81b363de0f904a50a2da4e30e79cd9d0
DEBUG: activating version aa018c9bd1e34b219a9da71c08b0d9fc with url='http://135.225.105.160:8004/klps/versions/aa018c9bd1e34b219a9da71c08b0d9fc/status'
  ✓ Activated version: aa018c9bd1e34b219a9da71c08b0d9fc
  → Recovered missing Language ID for KLP via mapping: 3f81bdd31b204d038f9023769a13cddb
  Warning: Link slug 'res-video-danger-signs' not in mapping, removing from question
  Warning: Link slug 'res-video-danger-signs' not in mapping, removing from question
Updated KLP 'klp-1-disability' -> 6964732a02704ae08ac9fdd8205a3ef0
DEBUG: activating version b2f7ea7d632e4ec3a23d3f1c41059cc1 with url='http://135.225.105.160:8004/klps/versions/b2f7ea7d632e4ec3a23d3f1c41059cc1/status'
  ✓ Activated version: b2f7ea7d632e4ec3a23d3f1c41059cc1
  → Recovered missing Language ID for KLP via mapping: 3f81bdd31b204d038f9023769a13cddb
  Warning: Link slug 'res-video-danger-signs' not in mapping, removing from question
Updated KLP 'klp-1-danger-signs-exposure' -> adbd870d30c84a3a9ec9fe412dc9811b
DEBUG: activating version c3c628f586064f0aa0e582b6f0ad22dd with url='http://135.225.105.160:8004/klps/versions/c3c628f586064f0aa0e582b6f0ad22dd/status'
  ✓ Activated version: c3c628f586064f0aa0e582b6f0ad22dd
  → Recovered missing Language ID for KLP via mapping: 3f81bdd31b204d038f9023769a13cddb
  Warning: Link slug 'res-video-danger-signs' not in mapping, removing from question
Updated KLP 'klp-3-jaundice' -> 90fbac1e72cf48678f5124def3adc8ae
DEBUG: activating version 57cd917d26ce446d99341a16ec022993 with url='http://135.225.105.160:8004/klps/versions/57cd917d26ce446d99341a16ec022993/status'
  ✓ Activated version: 57cd917d26ce446d99341a16ec022993
  → Recovered missing Language ID for KLP via mapping: 3f81bdd31b204d038f9023769a13cddb
  Warning: Link slug 'res-video-management-of-danger-signs' not in mapping, removing from question
  Warning: Link slug 'res-video-management-of-danger-signs' not in mapping, removing from question
Updated KLP 'klp-3-management-case' -> bd861615a05845e18b456ff0801127f5
DEBUG: activating version cf9b78d67c4e445da49ad0e183ac411a with url='http://135.225.105.160:8004/klps/versions/cf9b78d67c4e445da49ad0e183ac411a/status'
  ✓ Activated version: cf9b78d67c4e445da49ad0e183ac411a
  → Recovered missing Language ID for KLP via mapping: 3f81bdd31b204d038f9023769a13cddb
  Warning: Link slug 'res-video-management-of-danger-signs' not in mapping, removing from question
Updated KLP 'klp-1-obstructed-airways' -> 01034a84af994a8ab048b540ff2bb32a
DEBUG: activating version 64362716c3b04732a5fce23b2d723b00 with url='http://135.225.105.160:8004/klps/versions/64362716c3b04732a5fce23b2d723b00/status'
  ✓ Activated version: 64362716c3b04732a5fce23b2d723b00
  → Recovered missing Language ID for KLP via mapping: 3f81bdd31b204d038f9023769a13cddb
  Warning: Link slug 'res-video-management-of-danger-signs' not in mapping, removing from question
Updated KLP 'klp-3-management-breathing' -> 19725ee6c942434190f0687059b0fb01
DEBUG: activating version 7cc4dccac2474e74b853bbbbdffd382e with url='http://135.225.105.160:8004/klps/versions/7cc4dccac2474e74b853bbbbdffd382e/status'
  ✓ Activated version: 7cc4dccac2474e74b853bbbbdffd382e
  → Recovered missing Language ID for KLP via mapping: 3f81bdd31b204d038f9023769a13cddb
  Warning: Link slug 'res-video-management-of-danger-signs' not in mapping, removing from question
  Warning: Link slug 'res-video-management-of-danger-signs' not in mapping, removing from question
Updated KLP 'klp-2-management-drowsy-and-unconscious' -> ab202640db044d78bf1d97b47288beba
DEBUG: activating version c1c92269842e4c2ab41d12243eecfdd6 with url='http://135.225.105.160:8004/klps/versions/c1c92269842e4c2ab41d12243eecfdd6/status'
  ✓ Activated version: c1c92269842e4c2ab41d12243eecfdd6
  → Recovered missing Language ID for KLP via mapping: 3f81bdd31b204d038f9023769a13cddb
  Warning: Link slug 'res-video-management-of-danger-signs' not in mapping, removing from question
  Warning: Link slug 'res-video-management-of-danger-signs' not in mapping, removing from question
Updated KLP 'klp-2-convulsions' -> b7075d9bc87c4ac681254efef43f15c1
DEBUG: activating version 3d47cc1261b74f7bbd07830a526556c2 with url='http://135.225.105.160:8004/klps/versions/3d47cc1261b74f7bbd07830a526556c2/status'
  ✓ Activated version: 3d47cc1261b74f7bbd07830a526556c2
  → Recovered missing Language ID for KLP via mapping: 3f81bdd31b204d038f9023769a13cddb
Updated KLP 'klp-3-management-of-danger-signs' -> dcb667c8ec9247b3a9ecae855f32a9f9
DEBUG: activating version 66b98956a6954afdacf5bcb291b9654b with url='http://135.225.105.160:8004/klps/versions/66b98956a6954afdacf5bcb291b9654b/status'
  ✓ Activated version: 66b98956a6954afdacf5bcb291b9654b
  → Recovered missing Language ID for KLP via mapping: 3f81bdd31b204d038f9023769a13cddb
  Warning: Link slug 'res-video-management-of-danger-signs' not in mapping, removing from question
Updated KLP 'klp-2-management-jaundice' -> 68982d61516945f3aaf56f0f2cac2db9
DEBUG: activating version 0aaeccb1e09949168690d052b7adc7b2 with url='http://135.225.105.160:8004/klps/versions/0aaeccb1e09949168690d052b7adc7b2/status'
  ✓ Activated version: 0aaeccb1e09949168690d052b7adc7b2
  → Recovered missing Language ID for KLP via mapping: 3f81bdd31b204d038f9023769a13cddb
  Warning: Link slug 'res-video-management-of-danger-signs' not in mapping, removing from question
Updated KLP 'klp-3-management-kangaroo-motherhood-care' -> 88d4fde7bf3a4bda9bee2b75e0a79615
DEBUG: activating version c3517c4f157d44f792cc68a646ce3358 with url='http://135.225.105.160:8004/klps/versions/c3517c4f157d44f792cc68a646ce3358/status'
  ✓ Activated version: c3517c4f157d44f792cc68a646ce3358
  → Recovered missing Language ID for KLP via mapping: 3f81bdd31b204d038f9023769a13cddb
  Warning: Link slug 'res-video-management-of-danger-signs' not in mapping, removing from question
  Warning: Link slug 'res-video-management-of-danger-signs' not in mapping, removing from question
Updated KLP 'klp-3-management-infections' -> 0ac8bad063d742a49efb8f50d130dad0
DEBUG: activating version b044906821f345a39aedbe8e1fe2ff84 with url='http://135.225.105.160:8004/klps/versions/b044906821f345a39aedbe8e1fe2ff84/status'
  ✓ Activated version: b044906821f345a39aedbe8e1fe2ff84
  → Recovered missing Language ID for KLP via mapping: 3f81bdd31b204d038f9023769a13cddb
  Warning: Link slug 'res-video-management-of-danger-signs' not in mapping, removing from question
Updated KLP 'klp-2-risk-of-low-blood-sugar' -> 19c636506f3243c987ef4f3a5648a2d6
DEBUG: activating version 1446970435a345f087a448a86714b227 with url='http://135.225.105.160:8004/klps/versions/1446970435a345f087a448a86714b227/status'
  ✓ Activated version: 1446970435a345f087a448a86714b227
  → Recovered missing Language ID for KLP via mapping: 3f81bdd31b204d038f9023769a13cddb
  Warning: Link slug 'res-video-management-of-danger-signs' not in mapping, removing from question
Updated KLP 'klp-3-newborn-cannot-suck' -> 773fb8bdb93d4327a3dde2fe9a0a43b1
DEBUG: activating version f2bdfa470c564bb6a6cc17b9587cebfb with url='http://135.225.105.160:8004/klps/versions/f2bdfa470c564bb6a6cc17b9587cebfb/status'
  ✓ Activated version: f2bdfa470c564bb6a6cc17b9587cebfb
  → Recovered missing Language ID for KLP via mapping: 3f81bdd31b204d038f9023769a13cddb
  Warning: Link slug 'res-video-management-of-danger-signs' not in mapping, removing from question
Updated KLP 'klp-1-rural-facility-newborn-danger-signs' -> 9e64b72b82954506a1573c94540d0440
DEBUG: activating version 04f77be25f3249a2bb22da9e5173bd7e with url='http://135.225.105.160:8004/klps/versions/04f77be25f3249a2bb22da9e5173bd7e/status'
  ✓ Activated version: 04f77be25f3249a2bb22da9e5173bd7e
  → Recovered missing Language ID for KLP via mapping: 3f81bdd31b204d038f9023769a13cddb
  Warning: Link slug 'res-video-initial-care-of-the-newborn' not in mapping, removing from question
Updated KLP 'klp-1-kangaroo-care' -> b6635edf3a5c4bd7843ea845055186f5
DEBUG: activating version 263d9ba459fb4a838498165db3e5932b with url='http://135.225.105.160:8004/klps/versions/263d9ba459fb4a838498165db3e5932b/status'
  ✓ Activated version: 263d9ba459fb4a838498165db3e5932b
  → Recovered missing Language ID for KLP via mapping: 3f81bdd31b204d038f9023769a13cddb
  Warning: Link slug 'res-video-intro' not in mapping, removing from question
Updated KLP 'klp-1-the-definition-of-a-normal-birth' -> b49804ceab294d069df668815567313a
DEBUG: activating version db805afbf39e4c248127225a136b05b2 with url='http://135.225.105.160:8004/klps/versions/db805afbf39e4c248127225a136b05b2/status'
  ✓ Activated version: db805afbf39e4c248127225a136b05b2
  → Recovered missing Language ID for KLP via mapping: 3f81bdd31b204d038f9023769a13cddb
  Warning: Link slug 'res-video-intro' not in mapping, removing from question
Updated KLP 'klp-2-a-child-born-in-week-36' -> d53972d88bc94498b980331dc4264d89
DEBUG: activating version 42724f58015147e5bca718b1948d92cc with url='http://135.225.105.160:8004/klps/versions/42724f58015147e5bca718b1948d92cc/status'
  ✓ Activated version: 42724f58015147e5bca718b1948d92cc
  → Recovered missing Language ID for KLP via mapping: 3f81bdd31b204d038f9023769a13cddb
  Warning: Link slug 'res-video-intro' not in mapping, removing from question
Updated KLP 'klp-3-start-of-a-spontaneous-normal-birth' -> 06027de6c04b4708a74497c658ddaa72
DEBUG: activating version 144ba72a1bd44c6b8bca75064ffaa996 with url='http://135.225.105.160:8004/klps/versions/144ba72a1bd44c6b8bca75064ffaa996/status'
  ✓ Activated version: 144ba72a1bd44c6b8bca75064ffaa996
  → Recovered missing Language ID for KLP via mapping: 3f81bdd31b204d038f9023769a13cddb
  Warning: Link slug 'res-video-respectful-care' not in mapping, removing from question
Updated KLP 'klp-1-what-is-respectful-care' -> 1ace30f4e6de40c4a42b005361e75b00
DEBUG: activating version 9581a21c30624babb955ea0c065917e4 with url='http://135.225.105.160:8004/klps/versions/9581a21c30624babb955ea0c065917e4/status'
  ✓ Activated version: 9581a21c30624babb955ea0c065917e4
  → Recovered missing Language ID for KLP via mapping: 3f81bdd31b204d038f9023769a13cddb
  Warning: Link slug 'res-video-respectful-care' not in mapping, removing from question
Updated KLP 'klp-2-fear-of-being-mistreated' -> c13a1c41446c4c5bb43a93a7995eee8a
DEBUG: activating version 84c797d06ebe4f50afebef345417a078 with url='http://135.225.105.160:8004/klps/versions/84c797d06ebe4f50afebef345417a078/status'
  ✓ Activated version: 84c797d06ebe4f50afebef345417a078
  → Recovered missing Language ID for KLP via mapping: 3f81bdd31b204d038f9023769a13cddb
  Warning: Link slug 'res-video-respectful-care' not in mapping, removing from question
Updated KLP 'klp-3-the-elements-of-true-respectful-care' -> ae45ce5a664742149f2ae5c00d05c57a
DEBUG: activating version fc3e6ca6964c4888a5bfde0f6ca718c8 with url='http://135.225.105.160:8004/klps/versions/fc3e6ca6964c4888a5bfde0f6ca718c8/status'
  ✓ Activated version: fc3e6ca6964c4888a5bfde0f6ca718c8
  → Recovered missing Language ID for KLP via mapping: 3f81bdd31b204d038f9023769a13cddb
  Warning: Link slug 'res-video-initial-assessment' not in mapping, removing from question
Updated KLP 'klp-1-the-first-thing-you-do' -> d8500b7fa72e455881990779670287ff
DEBUG: activating version 2dc4bf93181440d6982035b9c2fed832 with url='http://135.225.105.160:8004/klps/versions/2dc4bf93181440d6982035b9c2fed832/status'
  ✓ Activated version: 2dc4bf93181440d6982035b9c2fed832
  → Recovered missing Language ID for KLP via mapping: 3f81bdd31b204d038f9023769a13cddb
Updated KLP 'klp-2-what-kind-of-danger-signs-should-be-examined' -> 66a6733570a747539bcf25ae149aa697
DEBUG: activating version 85836f6914a64888966e8597374de05a with url='http://135.225.105.160:8004/klps/versions/85836f6914a64888966e8597374de05a/status'
  ✓ Activated version: 85836f6914a64888966e8597374de05a
  → Recovered missing Language ID for KLP via mapping: 3f81bdd31b204d038f9023769a13cddb
Updated KLP 'klp-3-when-is-her-due-date' -> fb7c9d7e3c494dee871f39c6cbaf41c6
DEBUG: activating version b1b1182e565f46359f5cfb505fb7db7c with url='http://135.225.105.160:8004/klps/versions/b1b1182e565f46359f5cfb505fb7db7c/status'
  ✓ Activated version: b1b1182e565f46359f5cfb505fb7db7c
  → Recovered missing Language ID for KLP via mapping: 3f81bdd31b204d038f9023769a13cddb
  Warning: Link slug 'res-video-1st-stage-latent-phase' not in mapping, removing from question
Updated KLP 'klp-1-strong-contractions-5-6-minutes-apart' -> 7868f2cdbc7a48bf8304eea065c6ff80
DEBUG: activating version 504fd9d55932411e8ace64d0d3afc286 with url='http://135.225.105.160:8004/klps/versions/504fd9d55932411e8ace64d0d3afc286/status'
  ✓ Activated version: 504fd9d55932411e8ace64d0d3afc286
  → Recovered missing Language ID for KLP via mapping: 3f81bdd31b204d038f9023769a13cddb
Updated KLP 'klp-2-abdominal-examination' -> ba2348ae7fdf49a5ab5aff7951b53df0
DEBUG: activating version a76e1d85e13e4202abe00cce11964b10 with url='http://135.225.105.160:8004/klps/versions/a76e1d85e13e4202abe00cce11964b10/status'
  ✓ Activated version: a76e1d85e13e4202abe00cce11964b10
  → Recovered missing Language ID for KLP via mapping: 3f81bdd31b204d038f9023769a13cddb
Updated KLP 'klp-3-when-performing-a-ve' -> d45deadc45644d73bd08bc2d34a16bef
DEBUG: activating version 95acd68d19154769ab33fbc0142dcbc0 with url='http://135.225.105.160:8004/klps/versions/95acd68d19154769ab33fbc0142dcbc0/status'
  ✓ Activated version: 95acd68d19154769ab33fbc0142dcbc0
  → Recovered missing Language ID for KLP via mapping: 3f81bdd31b204d038f9023769a13cddb
  Warning: Link slug 'res-video-1st-stage-active-phase' not in mapping, removing from question
Updated KLP 'klp-1-good-contractions-with-3-minutes-apart' -> 156aaff021be483d9fb032d42d7841e0
DEBUG: activating version 1b69530537ac4c60857ab787cabb0cb0 with url='http://135.225.105.160:8004/klps/versions/1b69530537ac4c60857ab787cabb0cb0/status'
  ✓ Activated version: 1b69530537ac4c60857ab787cabb0cb0
  → Recovered missing Language ID for KLP via mapping: 3f81bdd31b204d038f9023769a13cddb
  Warning: Link slug 'res-video-1st-stage-active-phase' not in mapping, removing from question
Updated KLP 'klp-2-the-documentation-on-the-partograph' -> ada356113c9643688ccb19815df97e4c
DEBUG: activating version a6bd5763485b470e92c93fe4e337943a with url='http://135.225.105.160:8004/klps/versions/a6bd5763485b470e92c93fe4e337943a/status'
  ✓ Activated version: a6bd5763485b470e92c93fe4e337943a
  → Recovered missing Language ID for KLP via mapping: 3f81bdd31b204d038f9023769a13cddb
  Warning: Link slug 'res-video-1st-stage-active-phase' not in mapping, removing from question
Updated KLP 'klp-3-the-labour-has-lasted-12-hours' -> 2b9d5e9115c9494f997fbcaa8dfe4acf
DEBUG: activating version ed9839b05f42426497806bc777bee716 with url='http://135.225.105.160:8004/klps/versions/ed9839b05f42426497806bc777bee716/status'
  ✓ Activated version: ed9839b05f42426497806bc777bee716
  → Recovered missing Language ID for KLP via mapping: 3f81bdd31b204d038f9023769a13cddb
  Warning: Link slug 'res-video-1st-stage-active-phase' not in mapping, removing from question
Updated KLP 'klp-1-help-the-woman-to-get-good-contractions' -> 59e4738a645c41acb4ebad1b86a35584
DEBUG: activating version 2f822f3a48254a8fb89a78b6d0d58443 with url='http://135.225.105.160:8004/klps/versions/2f822f3a48254a8fb89a78b6d0d58443/status'
  ✓ Activated version: 2f822f3a48254a8fb89a78b6d0d58443
  → Recovered missing Language ID for KLP via mapping: 3f81bdd31b204d038f9023769a13cddb
  Warning: Link slug 'res-video-support' not in mapping, removing from question
Updated KLP 'klp-2-when-the-woman-wants-to-stand-up' -> df9f80052ce24d0d9ce6f38224b9cecc
DEBUG: activating version d6fab3b6bd1d424786dd5d3b50179956 with url='http://135.225.105.160:8004/klps/versions/d6fab3b6bd1d424786dd5d3b50179956/status'
  ✓ Activated version: d6fab3b6bd1d424786dd5d3b50179956
  → Recovered missing Language ID for KLP via mapping: 3f81bdd31b204d038f9023769a13cddb
  Warning: Link slug 'res-video-support' not in mapping, removing from question
Updated KLP 'klp-3-the-woman-cannot-eat-or-drink-during-labour-and-birth' -> edc7d24714c2448eb04547eca9e685e5
DEBUG: activating version 0dd3c33bda1c4dbab7077ec87976f620 with url='http://135.225.105.160:8004/klps/versions/0dd3c33bda1c4dbab7077ec87976f620/status'
  ✓ Activated version: 0dd3c33bda1c4dbab7077ec87976f620
  → Recovered missing Language ID for KLP via mapping: 3f81bdd31b204d038f9023769a13cddb
  Warning: Link slug 'res-video-support' not in mapping, removing from question
Updated KLP 'klp-1-when-the-woman-is-in-an-upright-position' -> 5a283d22de834fd1b47879e03d70002e
DEBUG: activating version 380dd7924ff64459a872dc2f9d9cb8c0 with url='http://135.225.105.160:8004/klps/versions/380dd7924ff64459a872dc2f9d9cb8c0/status'
  ✓ Activated version: 380dd7924ff64459a872dc2f9d9cb8c0
  → Recovered missing Language ID for KLP via mapping: 3f81bdd31b204d038f9023769a13cddb
  Warning: Link slug 'res-video-2nd-stage-delivering-the-baby' not in mapping, removing from question
Updated KLP 'klp-2-to-be-on-all-fours-and-give-birth' -> 2bce519cfa4f4252aeb1fe33a42c3965
DEBUG: activating version 413d1135e7a54360bb3f5fa08b64a7a6 with url='http://135.225.105.160:8004/klps/versions/413d1135e7a54360bb3f5fa08b64a7a6/status'
  ✓ Activated version: 413d1135e7a54360bb3f5fa08b64a7a6
  → Recovered missing Language ID for KLP via mapping: 3f81bdd31b204d038f9023769a13cddb
  Warning: Link slug 'res-video-support' not in mapping, removing from question
Updated KLP 'klp-3-non-pharmacological-pain-relief' -> f74b102829004d98944b5eeadc66d505
DEBUG: activating version 25af307f57a1401480c94e3aa64532fb with url='http://135.225.105.160:8004/klps/versions/25af307f57a1401480c94e3aa64532fb/status'
  ✓ Activated version: 25af307f57a1401480c94e3aa64532fb
  → Recovered missing Language ID for KLP via mapping: 3f81bdd31b204d038f9023769a13cddb
  Warning: Link slug 'res-video-2nd-stage-cervix-fully-dilated' not in mapping, removing from question
Updated KLP 'klp-1-the-woman-can-push-when' -> ef728e2822524d49ab24b3e222e36177
DEBUG: activating version 7ee802d0add845a0bc4aff54ac52be13 with url='http://135.225.105.160:8004/klps/versions/7ee802d0add845a0bc4aff54ac52be13/status'
  ✓ Activated version: 7ee802d0add845a0bc4aff54ac52be13
  → Recovered missing Language ID for KLP via mapping: 3f81bdd31b204d038f9023769a13cddb
  Warning: Link slug 'res-video-2nd-stage-cervix-fully-dilated' not in mapping, removing from question
Updated KLP 'klp-2-what-needs-to-be-ready-for-the-birth' -> e87de4709c0441818f7c98ce730d8030
DEBUG: activating version 2459660a7fcf4ee9a29e810c78e958b5 with url='http://135.225.105.160:8004/klps/versions/2459660a7fcf4ee9a29e810c78e958b5/status'
  ✓ Activated version: 2459660a7fcf4ee9a29e810c78e958b5
  → Recovered missing Language ID for KLP via mapping: 3f81bdd31b204d038f9023769a13cddb
  Warning: Link slug 'res-video-2nd-stage-cervix-fully-dilated' not in mapping, removing from question
Updated KLP 'klp-3-what-should-you-do-during-the-second-stage' -> 52ba00f699d646bb8480f84b9a43c67f
DEBUG: activating version 50ba191235b94a3586e8134ab1e79c6f with url='http://135.225.105.160:8004/klps/versions/50ba191235b94a3586e8134ab1e79c6f/status'
  ✓ Activated version: 50ba191235b94a3586e8134ab1e79c6f
  → Recovered missing Language ID for KLP via mapping: 3f81bdd31b204d038f9023769a13cddb
  Warning: Link slug 'res-video-2nd-stage-delivering-the-baby' not in mapping, removing from question
Updated KLP 'klp-1-how-would-you-help-the-woman-to-push' -> 97e490dcf16541348a8cde8d05ee4846
DEBUG: activating version ebba836d4e5640b68984108c18dbd6c0 with url='http://135.225.105.160:8004/klps/versions/ebba836d4e5640b68984108c18dbd6c0/status'
  ✓ Activated version: ebba836d4e5640b68984108c18dbd6c0
  → Recovered missing Language ID for KLP via mapping: 3f81bdd31b204d038f9023769a13cddb
  Warning: Link slug 'res-video-2nd-stage-delivering-the-baby' not in mapping, removing from question
Updated KLP 'klp-2-the-woman-can-give-birth-in-any-position-she-wants' -> b456cf69b1be42a3b2117c8b44012b20
DEBUG: activating version 2b7c6e3baeee4d0d9d94eee006e52f30 with url='http://135.225.105.160:8004/klps/versions/2b7c6e3baeee4d0d9d94eee006e52f30/status'
  ✓ Activated version: 2b7c6e3baeee4d0d9d94eee006e52f30
  → Recovered missing Language ID for KLP via mapping: 3f81bdd31b204d038f9023769a13cddb
  Warning: Link slug 'res-video-2nd-stage-delivering-the-baby' not in mapping, removing from question
Updated KLP 'klp-3-what-kind-of-practices-should-not-be-performed' -> 49a4166e06ec49ae95bb326327ea5581
DEBUG: activating version 802a0b2a4fe4434eb68866403a040e07 with url='http://135.225.105.160:8004/klps/versions/802a0b2a4fe4434eb68866403a040e07/status'
  ✓ Activated version: 802a0b2a4fe4434eb68866403a040e07
  → Recovered missing Language ID for KLP via mapping: 3f81bdd31b204d038f9023769a13cddb
  Warning: Link slug 'res-video-2nd-stage-delivering-the-baby' not in mapping, removing from question
Updated KLP 'klp-1-before-the-babys-head-is-about-to-be-born' -> 2e3231b832204a219218367e97455cfc
DEBUG: activating version 186f11fb57574df3aecc25a45825548a with url='http://135.225.105.160:8004/klps/versions/186f11fb57574df3aecc25a45825548a/status'
  ✓ Activated version: 186f11fb57574df3aecc25a45825548a
  → Recovered missing Language ID for KLP via mapping: 3f81bdd31b204d038f9023769a13cddb
  Warning: Link slug 'res-video-2nd-stage-delivering-the-baby' not in mapping, removing from question
Updated KLP 'klp-2-when-the-babys-head-is-crowning' -> b662d4f343114656a108059091d0127e
DEBUG: activating version 6db02958df6341a7b91cd12edf964a2d with url='http://135.225.105.160:8004/klps/versions/6db02958df6341a7b91cd12edf964a2d/status'
  ✓ Activated version: 6db02958df6341a7b91cd12edf964a2d
  → Recovered missing Language ID for KLP via mapping: 3f81bdd31b204d038f9023769a13cddb
  Warning: Link slug 'res-video-2nd-stage-delivering-the-baby' not in mapping, removing from question
Updated KLP 'klp-3-after-the-head-is-born' -> 1770cc845d054f4d9238d8b54caf9c9c
DEBUG: activating version efb221d848a34af0860b76215e232a41 with url='http://135.225.105.160:8004/klps/versions/efb221d848a34af0860b76215e232a41/status'
  ✓ Activated version: efb221d848a34af0860b76215e232a41
  → Recovered missing Language ID for KLP via mapping: 3f81bdd31b204d038f9023769a13cddb
Updated KLP 'klp-1-the-order-of-the-four-steps-for-palpating-the-foetus' -> 2c19c6c900c042ff81eff6c7fc0b91bf
DEBUG: activating version 35e3b05769e74d26ba5654ad078f108b with url='http://135.225.105.160:8004/klps/versions/35e3b05769e74d26ba5654ad078f108b/status'
  ✓ Activated version: 35e3b05769e74d26ba5654ad078f108b
  → Recovered missing Language ID for KLP via mapping: 3f81bdd31b204d038f9023769a13cddb
  Warning: Link slug 'res-video-2nd-stage-delivering-the-baby' not in mapping, removing from question
Updated KLP 'klp-2-if-you-feel-a-lose-cord-around-the-neck' -> 5ffe27ba67ac454e8061604b0a248be8
DEBUG: activating version ad1fe33a42414023a565f1e1c7f3b842 with url='http://135.225.105.160:8004/klps/versions/ad1fe33a42414023a565f1e1c7f3b842/status'
  ✓ Activated version: ad1fe33a42414023a565f1e1c7f3b842
  → Recovered missing Language ID for KLP via mapping: 3f81bdd31b204d038f9023769a13cddb
  Warning: Link slug 'res-video-2nd-stage-delivering-the-baby' not in mapping, removing from question
Updated KLP 'klp-3-when-the-baby-is-born-with-meconium-and-is-breathing' -> ee0cc93930e94039892033a889103731
DEBUG: activating version 65e9ae2947b14d2f9892be12c37008a6 with url='http://135.225.105.160:8004/klps/versions/65e9ae2947b14d2f9892be12c37008a6/status'
  ✓ Activated version: 65e9ae2947b14d2f9892be12c37008a6
  → Recovered missing Language ID for KLP via mapping: 3f81bdd31b204d038f9023769a13cddb
  Warning: Link slug 'res-video-2nd-stage-delivering-the-baby' not in mapping, removing from question
Updated KLP 'klp-1-the-baby-is-born-with-thick-meconium-and-does-not-breathe' -> 96192140d9bb4147a9d2c42c809e80a0
DEBUG: activating version e4121e4f28ab4d58a83809a7e5ba6848 with url='http://135.225.105.160:8004/klps/versions/e4121e4f28ab4d58a83809a7e5ba6848/status'
  ✓ Activated version: e4121e4f28ab4d58a83809a7e5ba6848
  → Recovered missing Language ID for KLP via mapping: 3f81bdd31b204d038f9023769a13cddb
  Warning: Link slug 'res-video-2nd-stage-delivering-the-baby' not in mapping, removing from question
Updated KLP 'klp-2-what-do-you-do-when-the-baby-is-born' -> 8256f4013f65444e81d3662f7727b414
DEBUG: activating version d347b9d77a8f4b6b9210a1bd895a4f38 with url='http://135.225.105.160:8004/klps/versions/d347b9d77a8f4b6b9210a1bd895a4f38/status'
  ✓ Activated version: d347b9d77a8f4b6b9210a1bd895a4f38
  → Recovered missing Language ID for KLP via mapping: 3f81bdd31b204d038f9023769a13cddb
  Warning: Link slug 'res-video-2nd-stage-delivering-the-baby' not in mapping, removing from question
Updated KLP 'klp-3-just-after-the-birth-of-the-baby' -> 0b7af233345c423e96bd42c2c9863816
DEBUG: activating version 35982ed1496d496db4370316bb99126b with url='http://135.225.105.160:8004/klps/versions/35982ed1496d496db4370316bb99126b/status'
  ✓ Activated version: 35982ed1496d496db4370316bb99126b
  → Recovered missing Language ID for KLP via mapping: 3f81bdd31b204d038f9023769a13cddb
  Warning: Link slug 'res-video-intro' not in mapping, removing from question
Updated KLP 'klp-1-how-many-women-develop-a-mental-health-condition-during-the-perinatal-period' -> fd39761d54904509a0ff9775f1fc28f3
DEBUG: activating version 888743764be649ba8a7b81b128f9093e with url='http://135.225.105.160:8004/klps/versions/888743764be649ba8a7b81b128f9093e/status'
  ✓ Activated version: 888743764be649ba8a7b81b128f9093e
  → Recovered missing Language ID for KLP via mapping: 3f81bdd31b204d038f9023769a13cddb
  Warning: Link slug 'res-video-intro' not in mapping, removing from question
Updated KLP 'klp-1-which-mental-health-condition-often-coexists-with-depression' -> f1adcb97f7584fed987bd55d61960133
DEBUG: activating version 35019691be9944e2a7c77ddff94532b2 with url='http://135.225.105.160:8004/klps/versions/35019691be9944e2a7c77ddff94532b2/status'
  ✓ Activated version: 35019691be9944e2a7c77ddff94532b2
  → Recovered missing Language ID for KLP via mapping: 3f81bdd31b204d038f9023769a13cddb
  Warning: Link slug 'res-video-risk-factors' not in mapping, removing from question
Updated KLP 'klp-1-what-is-the-strongest-predictor-of-a-woman-getting-perinatal-mental-health-conditions' -> c079cea462dd4f2494690f359aa699db
DEBUG: activating version b623880ce0424ce88751d67101e3dd89 with url='http://135.225.105.160:8004/klps/versions/b623880ce0424ce88751d67101e3dd89/status'
  ✓ Activated version: b623880ce0424ce88751d67101e3dd89
  → Recovered missing Language ID for KLP via mapping: 3f81bdd31b204d038f9023769a13cddb
Updated KLP 'klp-1-symptoms-of-perinatal-mental-health-conditions-include' -> a43f4bf7480c401aacaa231bde2eb8a0
DEBUG: activating version 4ed96fc2724c4850bcc65b4f085e5b29 with url='http://135.225.105.160:8004/klps/versions/4ed96fc2724c4850bcc65b4f085e5b29/status'
  ✓ Activated version: 4ed96fc2724c4850bcc65b4f085e5b29
  → Recovered missing Language ID for KLP via mapping: 3f81bdd31b204d038f9023769a13cddb
  Warning: Link slug 'res-video-screening' not in mapping, removing from question
Updated KLP 'klp-1-when-should-you-screen-for-perinatal-mental-illness' -> 1230dd3cc06940b2b949d9f766bd2c6b
DEBUG: activating version b3df4c5941eb4fc58c1735ff050156cc with url='http://135.225.105.160:8004/klps/versions/b3df4c5941eb4fc58c1735ff050156cc/status'
  ✓ Activated version: b3df4c5941eb4fc58c1735ff050156cc
  → Recovered missing Language ID for KLP via mapping: 3f81bdd31b204d038f9023769a13cddb
Updated KLP 'klp-1-what-is-not-a-symptom-of-perinatal-depression' -> fc710ba735e844bf8bb831c1701d2abf
DEBUG: activating version 2802843e64eb498b9e1c324ce7b944eb with url='http://135.225.105.160:8004/klps/versions/2802843e64eb498b9e1c324ce7b944eb/status'
  ✓ Activated version: 2802843e64eb498b9e1c324ce7b944eb
  → Recovered missing Language ID for KLP via mapping: 3f81bdd31b204d038f9023769a13cddb
Updated KLP 'klp-1-what-are-the-two-different-categories-of-bipolar-disorder' -> 5f7a5912554e46b6b42900dca9c398b6
DEBUG: activating version 0b066468b40f4631a2e06ba92e606bff with url='http://135.225.105.160:8004/klps/versions/0b066468b40f4631a2e06ba92e606bff/status'
  ✓ Activated version: 0b066468b40f4631a2e06ba92e606bff
  → Recovered missing Language ID for KLP via mapping: 3f81bdd31b204d038f9023769a13cddb
  Warning: Link slug 'res-video-prevention-and-treatment' not in mapping, removing from question
Updated KLP 'klp-1-talking-therapy-counselling-techniques-do-not-include' -> 4568b952404d464bb225d2e33d074a36
DEBUG: activating version 8b01d2ae8535409bb23f2a9468f3cdce with url='http://135.225.105.160:8004/klps/versions/8b01d2ae8535409bb23f2a9468f3cdce/status'
  ✓ Activated version: 8b01d2ae8535409bb23f2a9468f3cdce
  → Recovered missing Language ID for KLP via mapping: 3f81bdd31b204d038f9023769a13cddb
Updated KLP 'klp-1-unmanaged-maternal-depression-can-lead-to-long-term-cognitive-and-emotional-developmental-impairment-of-the-infant-true-or-false' -> eaa2679b57cc430990ffa6e35ebf420b
DEBUG: activating version 53d6e0101aa74ffa868ed77564d41569 with url='http://135.225.105.160:8004/klps/versions/53d6e0101aa74ffa868ed77564d41569/status'
  ✓ Activated version: 53d6e0101aa74ffa868ed77564d41569
  → Recovered missing Language ID for KLP via mapping: 3f81bdd31b204d038f9023769a13cddb
  Warning: Link slug 'res-video-caring-for-the-carer' not in mapping, removing from question
Updated KLP 'klp-1-what-can-caring-for-women-and-families-with-perinatal-mental-health-conditions-lead-to' -> 3b0dd0e13f804e368c1c44b3f1d50fd1
DEBUG: activating version d7e4aafbfad04036aead8fe46146a18c with url='http://135.225.105.160:8004/klps/versions/d7e4aafbfad04036aead8fe46146a18c/status'
  ✓ Activated version: d7e4aafbfad04036aead8fe46146a18c
  → Recovered missing Language ID for KLP via mapping: 3f81bdd31b204d038f9023769a13cddb
Updated KLP 'klp-1-puerperal-psychosis-usually-occurs' -> a88ad2d49d49439f8e19ec7f30bd09da
DEBUG: activating version 8bccf2b50ce241599f74771d07dbeb91 with url='http://135.225.105.160:8004/klps/versions/8bccf2b50ce241599f74771d07dbeb91/status'
  ✓ Activated version: 8bccf2b50ce241599f74771d07dbeb91
  → Recovered missing Language ID for KLP via mapping: 3f81bdd31b204d038f9023769a13cddb
  Warning: Link slug 'res-video-intro' not in mapping, removing from question
Updated KLP 'klp-1-how-many-partners-experience-postpartum-depression-or-anxiety' -> 3b3c3da76d7846108357f711da23006e
DEBUG: activating version 3b211d74d6a34fe3b9f878ee57e65759 with url='http://135.225.105.160:8004/klps/versions/3b211d74d6a34fe3b9f878ee57e65759/status'
  ✓ Activated version: 3b211d74d6a34fe3b9f878ee57e65759
  → Recovered missing Language ID for KLP via mapping: 3f81bdd31b204d038f9023769a13cddb
  Warning: Link slug 'res-video-intro' not in mapping, removing from question
Updated KLP 'klp-2-what-causes-perinatal-mental-health-conditions' -> 6c7b5788f5f144bf80bec309fe916e11
DEBUG: activating version 403560f3a9454d1a9d13efb9cd458ecf with url='http://135.225.105.160:8004/klps/versions/403560f3a9454d1a9d13efb9cd458ecf/status'
  ✓ Activated version: 403560f3a9454d1a9d13efb9cd458ecf
  → Recovered missing Language ID for KLP via mapping: 3f81bdd31b204d038f9023769a13cddb
  Warning: Link slug 'res-video-risk-factors' not in mapping, removing from question
Updated KLP 'klp-2-what-are-known-risk-factors-of-developing-a-mental-health-condition-in-the-perinatal-period' -> 8f4131e35974492581ee38fc145c09e0
DEBUG: activating version dd0dd7b80c114c03b1c8ed9ac025e592 with url='http://135.225.105.160:8004/klps/versions/dd0dd7b80c114c03b1c8ed9ac025e592/status'
  ✓ Activated version: dd0dd7b80c114c03b1c8ed9ac025e592
  → Recovered missing Language ID for KLP via mapping: 3f81bdd31b204d038f9023769a13cddb
  Warning: Link slug 'res-video-intro' not in mapping, removing from question
Updated KLP 'klp-2-poverty-decreases-the-likelihood-of-women-experiencing-postpartum-depression-or-anxiety-true-or-false' -> d9435d066f034ae4a1455f0d7be6a112
DEBUG: activating version d96ca9482ad54e04af39531113fb9c30 with url='http://135.225.105.160:8004/klps/versions/d96ca9482ad54e04af39531113fb9c30/status'
  ✓ Activated version: d96ca9482ad54e04af39531113fb9c30
  → Recovered missing Language ID for KLP via mapping: 3f81bdd31b204d038f9023769a13cddb
Updated KLP 'klp-2-what-are-examples-of-useful-screening-tools-for-the-detection-of-perinatal-mental-health-conditions' -> c43d93a462544386bd39f2d0c65eda7d
DEBUG: activating version d86ab46022a44a8cb4a1531cf5a8ed45 with url='http://135.225.105.160:8004/klps/versions/d86ab46022a44a8cb4a1531cf5a8ed45/status'
  ✓ Activated version: d86ab46022a44a8cb4a1531cf5a8ed45
  → Recovered missing Language ID for KLP via mapping: 3f81bdd31b204d038f9023769a13cddb
Updated KLP 'klp-2-what-are-treatment-options-for-perinatal-depression' -> 57cdab6e2f23477b8fa80efcba25134f
DEBUG: activating version a540528159d04a82bbe114a71e588c6d with url='http://135.225.105.160:8004/klps/versions/a540528159d04a82bbe114a71e588c6d/status'
  ✓ Activated version: a540528159d04a82bbe114a71e588c6d
  → Recovered missing Language ID for KLP via mapping: 3f81bdd31b204d038f9023769a13cddb
  Warning: Link slug 'res-video-prevention-and-treatment' not in mapping, removing from question
Updated KLP 'klp-2-the-provision-of-perinatal-mental-health-care-often-requires' -> d630ceec4cbb472883d5c4c1eed30a8e
DEBUG: activating version b799555fee2c4cb99810511687526822 with url='http://135.225.105.160:8004/klps/versions/b799555fee2c4cb99810511687526822/status'
  ✓ Activated version: b799555fee2c4cb99810511687526822
  → Recovered missing Language ID for KLP via mapping: 3f81bdd31b204d038f9023769a13cddb
Updated KLP 'klp-2-what-is-the-first-line-management-of-a-woman-who-has-screened-positive-for-perinatal-depression' -> 3902bc591c5f48afba4ac1e5b404f18a
DEBUG: activating version 7c999e5af0094d9f8a571a89c3eb1626 with url='http://135.225.105.160:8004/klps/versions/7c999e5af0094d9f8a571a89c3eb1626/status'
  ✓ Activated version: 7c999e5af0094d9f8a571a89c3eb1626
  → Recovered missing Language ID for KLP via mapping: 3f81bdd31b204d038f9023769a13cddb
  Warning: Link slug 'res-video-prevention-and-treatment' not in mapping, removing from question
Updated KLP 'klp-2-psychoeducation-includes' -> 32ab379834704db39f6b3ac575b67d02
DEBUG: activating version 3fbe78148c51449cb668a4738f60bfbe with url='http://135.225.105.160:8004/klps/versions/3fbe78148c51449cb668a4738f60bfbe/status'
  ✓ Activated version: 3fbe78148c51449cb668a4738f60bfbe
  → Recovered missing Language ID for KLP via mapping: 3f81bdd31b204d038f9023769a13cddb
Updated KLP 'klp-2-what-are-not-symptoms-of-bipolar-disorder' -> c5dbf3f261bf44f9a9c5a0a11cd82394
DEBUG: activating version 693ae01a15634db29a657b4ae0c5988d with url='http://135.225.105.160:8004/klps/versions/693ae01a15634db29a657b4ae0c5988d/status'
  ✓ Activated version: 693ae01a15634db29a657b4ae0c5988d
  → Recovered missing Language ID for KLP via mapping: 3f81bdd31b204d038f9023769a13cddb
Updated KLP 'klp-2-anxiety-disorders-are-a-group-of-related-conditions-that-include' -> c536371773f14718b719bfd6de357f9b
DEBUG: activating version 6bb520845b094cc98c6d2c77320945a1 with url='http://135.225.105.160:8004/klps/versions/6bb520845b094cc98c6d2c77320945a1/status'
  ✓ Activated version: 6bb520845b094cc98c6d2c77320945a1
  → Recovered missing Language ID for KLP via mapping: 3f81bdd31b204d038f9023769a13cddb
Updated KLP 'klp-2-symptoms-of-puerperal-psychosis-include-the-rapid-onset-of' -> 301ca5ee0d9c47dfa5ec76ec342c2b81
DEBUG: activating version 64bc21f2a1e043fd8ff00acaa2d347a0 with url='http://135.225.105.160:8004/klps/versions/64bc21f2a1e043fd8ff00acaa2d347a0/status'
  ✓ Activated version: 64bc21f2a1e043fd8ff00acaa2d347a0
  → Recovered missing Language ID for KLP via mapping: 3f81bdd31b204d038f9023769a13cddb
Updated KLP 'klp-2-infants-of-mothers-who-suffer-from-depression-have-higher-rates-of' -> 33f6e82471434198bcb8370eb54b63a7
DEBUG: activating version 1fc0ad3bbe094c41a4ce632d3e073401 with url='http://135.225.105.160:8004/klps/versions/1fc0ad3bbe094c41a4ce632d3e073401/status'
  ✓ Activated version: 1fc0ad3bbe094c41a4ce632d3e073401
  → Recovered missing Language ID for KLP via mapping: 3f81bdd31b204d038f9023769a13cddb
Updated KLP 'klp-3-what-should-you-do-if-you-experience-negative-personal-consequences-of-caring-for-women-with-perinatal-mental-health-conditions' -> 30db01e94d5f48948409463f151c3b9f
DEBUG: activating version ca3ac7c042644738a09ec332bda339ce with url='http://135.225.105.160:8004/klps/versions/ca3ac7c042644738a09ec332bda339ce/status'
  ✓ Activated version: ca3ac7c042644738a09ec332bda339ce
  → Recovered missing Language ID for KLP via mapping: 3f81bdd31b204d038f9023769a13cddb
Updated KLP 'klp-3-people-with-schizophrenia-are-more-likely-to' -> 6fb8f623476e41af99b0ca482adfd677
DEBUG: activating version 0bde92d23aad4bbead6000ff3d232e39 with url='http://135.225.105.160:8004/klps/versions/0bde92d23aad4bbead6000ff3d232e39/status'
  ✓ Activated version: 0bde92d23aad4bbead6000ff3d232e39
  → Recovered missing Language ID for KLP via mapping: 3f81bdd31b204d038f9023769a13cddb
Updated KLP 'klp-3-symptoms-of-general-anxiety-disorder-include' -> 8a22d2a875604091adc41c4660d7eb2f
DEBUG: activating version 0411a636139f4136a2a5800b4e169db2 with url='http://135.225.105.160:8004/klps/versions/0411a636139f4136a2a5800b4e169db2/status'
  ✓ Activated version: 0411a636139f4136a2a5800b4e169db2
  → Recovered missing Language ID for KLP via mapping: 3f81bdd31b204d038f9023769a13cddb
Updated KLP 'klp-3-people-with-anxiety-often-experience' -> 4b2abc7fa00e4f3284ccb9b8527469e6
DEBUG: activating version ad07fecf3cf3428fb9a6f68b1588880c with url='http://135.225.105.160:8004/klps/versions/ad07fecf3cf3428fb9a6f68b1588880c/status'
  ✓ Activated version: ad07fecf3cf3428fb9a6f68b1588880c
  → Recovered missing Language ID for KLP via mapping: 3f81bdd31b204d038f9023769a13cddb
  Warning: Link slug 'res-video-screening' not in mapping, removing from question
Updated KLP 'klp-3-why-may-women-not-want-to-disclose-a-history-of-mental-health-conditions' -> bd468a28ac9b4b1eba430ba6342aaba9
DEBUG: activating version 226779a92f624412805f6a49bbc621d8 with url='http://135.225.105.160:8004/klps/versions/226779a92f624412805f6a49bbc621d8/status'
  ✓ Activated version: 226779a92f624412805f6a49bbc621d8
  → Recovered missing Language ID for KLP via mapping: 3f81bdd31b204d038f9023769a13cddb
  Warning: Link slug 'res-video-diagnosis-symptoms' not in mapping, removing from question
Updated KLP 'klp-3-why-would-you-suspect-that-the-woman-has-depression-and-not-the-baby-blues' -> 852c6bcbad7941cb9d1d78b24a91408f
DEBUG: activating version ca0594716de347dc8d60782265304d6a with url='http://135.225.105.160:8004/klps/versions/ca0594716de347dc8d60782265304d6a/status'
  ✓ Activated version: ca0594716de347dc8d60782265304d6a
  → Recovered missing Language ID for KLP via mapping: 3f81bdd31b204d038f9023769a13cddb
Updated KLP 'klp-3-talking-therapy-empathetic-counselling-includes' -> 5b9ae19cdafb4ab68adca22f6b77cbb4
DEBUG: activating version 10bd5a8494a245dd9e7adff85840d541 with url='http://135.225.105.160:8004/klps/versions/10bd5a8494a245dd9e7adff85840d541/status'
  ✓ Activated version: 10bd5a8494a245dd9e7adff85840d541
  → Recovered missing Language ID for KLP via mapping: 3f81bdd31b204d038f9023769a13cddb
Updated KLP 'klp-3-which-of-the-following-are-guiding-principles-for-clinicians-to-adapt-their-practice-into-trauma-informed-care' -> 63b9839b267d4dbd86143d3d3134fa47
DEBUG: activating version 36322252f55a4c5fbcc282558d34d16d with url='http://135.225.105.160:8004/klps/versions/36322252f55a4c5fbcc282558d34d16d/status'
  ✓ Activated version: 36322252f55a4c5fbcc282558d34d16d
  → Recovered missing Language ID for KLP via mapping: 3f81bdd31b204d038f9023769a13cddb
Updated KLP 'klp-3-what-percentage-of-the-population-suffer-from-schizophrenia' -> db11efcc72fa4d3790ac7caf5b806edf
DEBUG: activating version 004964e584bf44dd8c6cf2193357dc42 with url='http://135.225.105.160:8004/klps/versions/004964e584bf44dd8c6cf2193357dc42/status'
  ✓ Activated version: 004964e584bf44dd8c6cf2193357dc42
  → Recovered missing Language ID for KLP via mapping: 3f81bdd31b204d038f9023769a13cddb
Updated KLP 'klp-3-cognitive-behavioural-therapy-cbt-aims-to' -> 5321cb6f40034935bcf54d4f169be942
DEBUG: activating version 943c33e7e86a4f45bf94980ed5c72a44 with url='http://135.225.105.160:8004/klps/versions/943c33e7e86a4f45bf94980ed5c72a44/status'
  ✓ Activated version: 943c33e7e86a4f45bf94980ed5c72a44
  → Recovered missing Language ID for KLP via mapping: 3f81bdd31b204d038f9023769a13cddb
  Warning: Link slug 'res-video-prevention-and-treatment' not in mapping, removing from question
Updated KLP 'klp-3-put-these-three-action-principles-of-psychological-first-aid-in-the-correct-order' -> 2b6848f4b0774c3b8a34296ecd83ff47
DEBUG: activating version 6f18e94908c84da992121fe653069517 with url='http://135.225.105.160:8004/klps/versions/6f18e94908c84da992121fe653069517/status'
  ✓ Activated version: 6f18e94908c84da992121fe653069517
  → Recovered missing Language ID for KLP via mapping: 3f81bdd31b204d038f9023769a13cddb
Updated KLP 'klp-3-high-levels-of-cortisol-in-the-blood-due-to-prolonged-maternal-anxiety-can-be-damaging-to-the-foetus-s' -> b7d8f1c95f0840f0aa9b0673d6ad9354
DEBUG: activating version cc4f24f384234134a4d1a2389d7ce2d7 with url='http://135.225.105.160:8004/klps/versions/cc4f24f384234134a4d1a2389d7ce2d7/status'
  ✓ Activated version: cc4f24f384234134a4d1a2389d7ce2d7
  → Recovered missing Language ID for KLP via mapping: 3f81bdd31b204d038f9023769a13cddb
  Warning: Link slug 'res-video-intro' not in mapping, removing from question
Updated KLP 'klp-2-unsafe-abortion-globally' -> a2de9749d57a4ce58a47bd54f0ff7f36
DEBUG: activating version 1016526d79a34396b5ceaf6542685402 with url='http://135.225.105.160:8004/klps/versions/1016526d79a34396b5ceaf6542685402/status'
  ✓ Activated version: 1016526d79a34396b5ceaf6542685402
  → Recovered missing Language ID for KLP via mapping: 3f81bdd31b204d038f9023769a13cddb
  Warning: Link slug 'res-video-intro' not in mapping, removing from question
Updated KLP 'klp-1-septic-abortion' -> 023c3a72e8f94bdb90d943cc44a70d7b
DEBUG: activating version 30bcb0101c3b407eb1f3ba06eb69869b with url='http://135.225.105.160:8004/klps/versions/30bcb0101c3b407eb1f3ba06eb69869b/status'
  ✓ Activated version: 30bcb0101c3b407eb1f3ba06eb69869b
  → Recovered missing Language ID for KLP via mapping: 3f81bdd31b204d038f9023769a13cddb
  Warning: Link slug 'res-video-how-to-diagnose' not in mapping, removing from question
Updated KLP 'klp-1-complication-to-unsafe-abortion' -> 7c19aa77c2e945bb99dd94aca52b5077
DEBUG: activating version 149070c8c01446b38a92c43fa800948a with url='http://135.225.105.160:8004/klps/versions/149070c8c01446b38a92c43fa800948a/status'
  ✓ Activated version: 149070c8c01446b38a92c43fa800948a
  → Recovered missing Language ID for KLP via mapping: 3f81bdd31b204d038f9023769a13cddb
  Warning: Link slug 'res-video-how-to-diagnose' not in mapping, removing from question
Updated KLP 'klp-1-urine-test' -> c49cde8087384980a6ef54343052e1dc
DEBUG: activating version 0201ec370f2e4c3586d3fa042f4139e2 with url='http://135.225.105.160:8004/klps/versions/0201ec370f2e4c3586d3fa042f4139e2/status'
  ✓ Activated version: 0201ec370f2e4c3586d3fa042f4139e2
  → Recovered missing Language ID for KLP via mapping: 3f81bdd31b204d038f9023769a13cddb
  Warning: Link slug 'res-video-how-to-diagnose' not in mapping, removing from question
Updated KLP 'klp-2-complication-to-abortion' -> 690a754d6396436d93c3990ad59315d3
DEBUG: activating version 302df8e0cd87447e8342960427ec970a with url='http://135.225.105.160:8004/klps/versions/302df8e0cd87447e8342960427ec970a/status'
  ✓ Activated version: 302df8e0cd87447e8342960427ec970a
  → Recovered missing Language ID for KLP via mapping: 3f81bdd31b204d038f9023769a13cddb
  Warning: Link slug 'res-video-how-to-diagnose' not in mapping, removing from question
Updated KLP 'klp-1-fever-and-septic-abortion' -> bb11925488474d158b5fc04dae6a5fc9
DEBUG: activating version b006ca8026354aff8a50a9506a027c72 with url='http://135.225.105.160:8004/klps/versions/b006ca8026354aff8a50a9506a027c72/status'
  ✓ Activated version: b006ca8026354aff8a50a9506a027c72
  → Recovered missing Language ID for KLP via mapping: 3f81bdd31b204d038f9023769a13cddb
  Warning: Link slug 'res-video-how-to-diagnose' not in mapping, removing from question
Updated KLP 'klp-2-what-to-measure' -> 9c26301c8351403a9bf113f75577ca83
DEBUG: activating version bff191505c174aa2b6ea4758153f6cba with url='http://135.225.105.160:8004/klps/versions/bff191505c174aa2b6ea4758153f6cba/status'
  ✓ Activated version: bff191505c174aa2b6ea4758153f6cba
  → Recovered missing Language ID for KLP via mapping: 3f81bdd31b204d038f9023769a13cddb
  Warning: Link slug 'res-video-how-to-diagnose' not in mapping, removing from question
Updated KLP 'klp-1-signs-of-septic-abortion' -> 161f45a620bd4bb0aaf6c722dc87c101
DEBUG: activating version 3fbe38ca9dbc434b81d2b6ee3d06eff3 with url='http://135.225.105.160:8004/klps/versions/3fbe38ca9dbc434b81d2b6ee3d06eff3/status'
  ✓ Activated version: 3fbe38ca9dbc434b81d2b6ee3d06eff3
  → Recovered missing Language ID for KLP via mapping: 3f81bdd31b204d038f9023769a13cddb
  Warning: Link slug 'res-video-how-to-diagnose' not in mapping, removing from question
Updated KLP 'klp-3-suspect-lower-abdominal-tenderness' -> cf9d57a3b074463bb70bb7a1c2aa5ea9
DEBUG: activating version e38a4510f1964553820c2cbeb348a068 with url='http://135.225.105.160:8004/klps/versions/e38a4510f1964553820c2cbeb348a068/status'
  ✓ Activated version: e38a4510f1964553820c2cbeb348a068
  → Recovered missing Language ID for KLP via mapping: 3f81bdd31b204d038f9023769a13cddb
  Warning: Link slug 'res-video-how-to-manage' not in mapping, removing from question
Updated KLP 'klp-1-septic-abortion-can-be-fatal' -> 8bc69efe018243b5b381ad8acfefcebc
DEBUG: activating version b2b33f058234491fb053db29f249cf4f with url='http://135.225.105.160:8004/klps/versions/b2b33f058234491fb053db29f249cf4f/status'
  ✓ Activated version: b2b33f058234491fb053db29f249cf4f
  → Recovered missing Language ID for KLP via mapping: 3f81bdd31b204d038f9023769a13cddb
  Warning: Link slug 'res-video-how-to-manage' not in mapping, removing from question
Updated KLP 'klp-2-most-important-action-at-septic-abortion' -> f9010a24564d45cfa31573a44ff4bf51
DEBUG: activating version dec48be74bb041bca45677d108a87773 with url='http://135.225.105.160:8004/klps/versions/dec48be74bb041bca45677d108a87773/status'
  ✓ Activated version: dec48be74bb041bca45677d108a87773
  → Recovered missing Language ID for KLP via mapping: 3f81bdd31b204d038f9023769a13cddb
  Warning: Link slug 'res-video-how-to-manage' not in mapping, removing from question
  Warning: Link slug 'res-video-how-to-manage' not in mapping, removing from question
  Warning: Link slug 'res-video-how-to-manage' not in mapping, removing from question
Updated KLP 'klp-1-action-at-septic-abortion' -> d6fec6645c1c499aa1d765bb2a3cd2e1
DEBUG: activating version 36b95d022728434786f0fca957c11662 with url='http://135.225.105.160:8004/klps/versions/36b95d022728434786f0fca957c11662/status'
  ✓ Activated version: 36b95d022728434786f0fca957c11662
  → Recovered missing Language ID for KLP via mapping: 3f81bdd31b204d038f9023769a13cddb
  Warning: Link slug 'res-video-how-to-manage' not in mapping, removing from question
Updated KLP 'klp-3-ab-and-evacuation-of-the-uterus' -> 4bf3aadd822d463a8ce09f3f09cd82a6
DEBUG: activating version ac892c1a7b794ecb8ee41212c668104f with url='http://135.225.105.160:8004/klps/versions/ac892c1a7b794ecb8ee41212c668104f/status'
  ✓ Activated version: ac892c1a7b794ecb8ee41212c668104f
  → Recovered missing Language ID for KLP via mapping: 3f81bdd31b204d038f9023769a13cddb
  Warning: Link slug 'res-video-how-to-manage' not in mapping, removing from question
Updated KLP 'klp-3-which-ab-to-give' -> f58b9f05183b41beb1b62bb3ba2ddfa0
DEBUG: activating version f13c08c222b240b381f6d53c82ad2b42 with url='http://135.225.105.160:8004/klps/versions/f13c08c222b240b381f6d53c82ad2b42/status'
  ✓ Activated version: f13c08c222b240b381f6d53c82ad2b42
  → Recovered missing Language ID for KLP via mapping: 3f81bdd31b204d038f9023769a13cddb
  Warning: Link slug 'res-video-how-to-manage' not in mapping, removing from question
Updated KLP 'klp-1-urgent-management' -> 0607e9ff22bf47ab977f135d0970d96e
DEBUG: activating version dbfbf82f72004ced86cc2225b11d104c with url='http://135.225.105.160:8004/klps/versions/dbfbf82f72004ced86cc2225b11d104c/status'
  ✓ Activated version: dbfbf82f72004ced86cc2225b11d104c
  → Recovered missing Language ID for KLP via mapping: 3f81bdd31b204d038f9023769a13cddb
  Warning: Link slug 'res-video-how-to-manage' not in mapping, removing from question
Updated KLP 'klp-3-correct-order-of-actions' -> f5ee03d73754402580f9f2670d720c9c
DEBUG: activating version 1a83ab2c66264456bf2ff1c4ee921c08 with url='http://135.225.105.160:8004/klps/versions/1a83ab2c66264456bf2ff1c4ee921c08/status'
  ✓ Activated version: 1a83ab2c66264456bf2ff1c4ee921c08
  → Recovered missing Language ID for KLP via mapping: 3f81bdd31b204d038f9023769a13cddb
  Warning: Link slug 'res-video-how-to-manage' not in mapping, removing from question
Updated KLP 'klp-1-peritonitis' -> 2638154dcba2469584be2610369f39a0
DEBUG: activating version 2e8cf4e3671d4c139e723f7a4beea7f9 with url='http://135.225.105.160:8004/klps/versions/2e8cf4e3671d4c139e723f7a4beea7f9/status'
  ✓ Activated version: 2e8cf4e3671d4c139e723f7a4beea7f9
  → Recovered missing Language ID for KLP via mapping: 3f81bdd31b204d038f9023769a13cddb
  Warning: Link slug 'res-video-evacuation-of-the-uterus' not in mapping, removing from question
Updated KLP 'klp-1-evacuation-of-the-uterus' -> 02e2e4d9d62547ecae9d786385b3a053
DEBUG: activating version 49619ad8474846b1a0cdf14033570fef with url='http://135.225.105.160:8004/klps/versions/49619ad8474846b1a0cdf14033570fef/status'
  ✓ Activated version: 49619ad8474846b1a0cdf14033570fef
  → Recovered missing Language ID for KLP via mapping: 3f81bdd31b204d038f9023769a13cddb
  Warning: Link slug 'res-video-evacuation-of-the-uterus' not in mapping, removing from question
Updated KLP 'klp-3-manual-vacuum-aspiration' -> 972e5269db37499baeaa36616aca518e
DEBUG: activating version 7ed608b1f32d43e09672fca2e142ac94 with url='http://135.225.105.160:8004/klps/versions/7ed608b1f32d43e09672fca2e142ac94/status'
  ✓ Activated version: 7ed608b1f32d43e09672fca2e142ac94
  → Recovered missing Language ID for KLP via mapping: 3f81bdd31b204d038f9023769a13cddb
  Warning: Link slug 'res-video-evacuation-of-the-uterus' not in mapping, removing from question
Updated KLP 'klp-3-uterus-size-in-week-12' -> cdf24dc0581942559137333634515a78
DEBUG: activating version cc377b17c1a7430092cec2eca88feb79 with url='http://135.225.105.160:8004/klps/versions/cc377b17c1a7430092cec2eca88feb79/status'
  ✓ Activated version: cc377b17c1a7430092cec2eca88feb79
  → Recovered missing Language ID for KLP via mapping: 3f81bdd31b204d038f9023769a13cddb
  Warning: Link slug 'res-video-manual-vacuum-aspiration' not in mapping, removing from question
Updated KLP 'klp-3-preparation-for-mva' -> c34adc5a7bd04890b0b8a3613b6eebda
DEBUG: activating version aa492611891945c1a2473be69d519697 with url='http://135.225.105.160:8004/klps/versions/aa492611891945c1a2473be69d519697/status'
  ✓ Activated version: aa492611891945c1a2473be69d519697
  → Recovered missing Language ID for KLP via mapping: 3f81bdd31b204d038f9023769a13cddb
  Warning: Link slug 'res-video-manual-vacuum-aspiration' not in mapping, removing from question
Updated KLP 'klp-3-analgesic-for-mva' -> 2684243ce6c44facb876d709140de6f6
DEBUG: activating version dd080a6fde65497094c76f6d78040b81 with url='http://135.225.105.160:8004/klps/versions/dd080a6fde65497094c76f6d78040b81/status'
  ✓ Activated version: dd080a6fde65497094c76f6d78040b81
  → Recovered missing Language ID for KLP via mapping: 3f81bdd31b204d038f9023769a13cddb
  Warning: Link slug 'res-video-manual-vacuum-aspiration' not in mapping, removing from question
Updated KLP 'klp-3-valves-closed' -> 1ccbff4b73b04a438b142a21505455bf
DEBUG: activating version 8eb153cc9db04c72b005db81b6c0e20d with url='http://135.225.105.160:8004/klps/versions/8eb153cc9db04c72b005db81b6c0e20d/status'
  ✓ Activated version: 8eb153cc9db04c72b005db81b6c0e20d
  → Recovered missing Language ID for KLP via mapping: 3f81bdd31b204d038f9023769a13cddb
  Warning: Link slug 'res-video-manual-vacuum-aspiration' not in mapping, removing from question
Updated KLP 'klp-2-vacuum-to-mva-syringe' -> 55f0acf17b1846ab90279c7df6c03238
DEBUG: activating version 2b53a1e9f4d64f47bbf0a844be74cda4 with url='http://135.225.105.160:8004/klps/versions/2b53a1e9f4d64f47bbf0a844be74cda4/status'
  ✓ Activated version: 2b53a1e9f4d64f47bbf0a844be74cda4
  → Recovered missing Language ID for KLP via mapping: 3f81bdd31b204d038f9023769a13cddb
  Warning: Link slug 'res-video-manual-vacuum-aspiration' not in mapping, removing from question
Updated KLP 'klp-2-tenaculum' -> 066f079897c1498dba2cdcc3b74c4b77
DEBUG: activating version 056db4f775ea45b3b82fe15de93413c4 with url='http://135.225.105.160:8004/klps/versions/056db4f775ea45b3b82fe15de93413c4/status'
  ✓ Activated version: 056db4f775ea45b3b82fe15de93413c4
  → Recovered missing Language ID for KLP via mapping: 3f81bdd31b204d038f9023769a13cddb
  Warning: Link slug 'res-video-manual-vacuum-aspiration' not in mapping, removing from question
Updated KLP 'klp-2-dilate-the-cervix' -> 5f38a8bb180e456f97c2573250d78c04
DEBUG: activating version 785e079b090842a091b1eab7f2d077ee with url='http://135.225.105.160:8004/klps/versions/785e079b090842a091b1eab7f2d077ee/status'
  ✓ Activated version: 785e079b090842a091b1eab7f2d077ee
  → Recovered missing Language ID for KLP via mapping: 3f81bdd31b204d038f9023769a13cddb
  Warning: Link slug 'res-video-manual-vacuum-aspiration' not in mapping, removing from question
  Warning: Link slug 'res-video-manual-vacuum-aspiration' not in mapping, removing from question
Updated KLP 'klp-2-no-touch-technique' -> 0f5d3e8fda6546ee918dce038a30eef6
DEBUG: activating version 9038b1069c094709a9759fa9f9d4e337 with url='http://135.225.105.160:8004/klps/versions/9038b1069c094709a9759fa9f9d4e337/status'
  ✓ Activated version: 9038b1069c094709a9759fa9f9d4e337
  → Recovered missing Language ID for KLP via mapping: 3f81bdd31b204d038f9023769a13cddb
  Warning: Link slug 'res-video-manual-vacuum-aspiration' not in mapping, removing from question
Updated KLP 'klp-3-size-of-cannula-for-mva' -> cdcb77416b5a4b1fac6683c999f6d0e5
DEBUG: activating version 176e3c98f7ea487d9c3033a54d5f763d with url='http://135.225.105.160:8004/klps/versions/176e3c98f7ea487d9c3033a54d5f763d/status'
  ✓ Activated version: 176e3c98f7ea487d9c3033a54d5f763d
  → Recovered missing Language ID for KLP via mapping: 3f81bdd31b204d038f9023769a13cddb
  Warning: Link slug 'res-video-manual-vacuum-aspiration' not in mapping, removing from question
Updated KLP 'klp-2-insert-of-the-cannula' -> d4b8ec4898094c8d8fc4853f5052ff64
DEBUG: activating version 977dc5074511414c840187e467462b60 with url='http://135.225.105.160:8004/klps/versions/977dc5074511414c840187e467462b60/status'
  ✓ Activated version: 977dc5074511414c840187e467462b60
  → Recovered missing Language ID for KLP via mapping: 3f81bdd31b204d038f9023769a13cddb
  Warning: Link slug 'res-video-manual-vacuum-aspiration' not in mapping, removing from question
Updated KLP 'klp-2-attachment-of-the-syringe' -> 5b33296ab1b748a48b3e70766b6faa74
DEBUG: activating version a86c255025da48f2b936034185c570fb with url='http://135.225.105.160:8004/klps/versions/a86c255025da48f2b936034185c570fb/status'
  ✓ Activated version: a86c255025da48f2b936034185c570fb
  → Recovered missing Language ID for KLP via mapping: 3f81bdd31b204d038f9023769a13cddb
  Warning: Link slug 'res-video-manual-vacuum-aspiration' not in mapping, removing from question
Updated KLP 'klp-2-rotate-and-move-cannula-back-and-forth' -> d9a0f59017e047beb55aa70283370dc5
DEBUG: activating version 8402bc045fcf4d5db1342283adcfd43c with url='http://135.225.105.160:8004/klps/versions/8402bc045fcf4d5db1342283adcfd43c/status'
  ✓ Activated version: 8402bc045fcf4d5db1342283adcfd43c
  → Recovered missing Language ID for KLP via mapping: 3f81bdd31b204d038f9023769a13cddb
  Warning: Link slug 'res-video-manual-vacuum-aspiration' not in mapping, removing from question
Updated KLP 'klp-1-end-of-suctioning' -> 6ac0e07cdf4742e085de365e41f4815c
DEBUG: activating version 0e5d168ef2c540418ae4d3fa922dab41 with url='http://135.225.105.160:8004/klps/versions/0e5d168ef2c540418ae4d3fa922dab41/status'
  ✓ Activated version: 0e5d168ef2c540418ae4d3fa922dab41
  → Recovered missing Language ID for KLP via mapping: 3f81bdd31b204d038f9023769a13cddb
  Warning: Link slug 'res-video-manual-vacuum-aspiration' not in mapping, removing from question
Updated KLP 'klp-2-use-the-cannula-again' -> c103677df06e428599c133b50e100faa
DEBUG: activating version 62742ece1d6d450d8ebc13c2ce0d6a6a with url='http://135.225.105.160:8004/klps/versions/62742ece1d6d450d8ebc13c2ce0d6a6a/status'
  ✓ Activated version: 62742ece1d6d450d8ebc13c2ce0d6a6a
  → Recovered missing Language ID for KLP via mapping: 3f81bdd31b204d038f9023769a13cddb
  Warning: Link slug 'res-video-manual-vacuum-aspiration' not in mapping, removing from question
Updated KLP 'klp-3-ab-after-mva' -> ea9d087e75a34b6ba9595d2b7ec920f1
DEBUG: activating version 1df915aed91a42759dc0617fa3fad1fc with url='http://135.225.105.160:8004/klps/versions/1df915aed91a42759dc0617fa3fad1fc/status'
  ✓ Activated version: 1df915aed91a42759dc0617fa3fad1fc
  → Recovered missing Language ID for KLP via mapping: 3f81bdd31b204d038f9023769a13cddb
  Warning: Link slug 'res-video-manual-vacuum-aspiration' not in mapping, removing from question
Updated KLP 'klp-3-counselling' -> 3ab6617c00e94eb5a694758747ac59c1
DEBUG: activating version c12da68f9b0f4c0eb588df50344890db with url='http://135.225.105.160:8004/klps/versions/c12da68f9b0f4c0eb588df50344890db/status'
  ✓ Activated version: c12da68f9b0f4c0eb588df50344890db
  → Recovered missing Language ID for KLP via mapping: 3f81bdd31b204d038f9023769a13cddb
  Warning: Link slug 'res-video-manual-vacuum-aspiration' not in mapping, removing from question
  Warning: Link slug 'res-video-manual-vacuum-aspiration' not in mapping, removing from question
Updated KLP 'klp-1-advise-before-dismission' -> e1863ba03d8d445eac2e87fde6e7949a
DEBUG: activating version 6407ef495bd04471a971270be173a0d4 with url='http://135.225.105.160:8004/klps/versions/6407ef495bd04471a971270be173a0d4/status'
  ✓ Activated version: 6407ef495bd04471a971270be173a0d4
  → Recovered missing Language ID for KLP via mapping: 3f81bdd31b204d038f9023769a13cddb
  Warning: Link slug 'res-video-intro' not in mapping, removing from question
Updated KLP 'klp-1-maternal-death' -> 4779980f98ec47cda0e1baaed5e3d1e9
DEBUG: activating version 9cc0df8187e04a1f91430f61b836e24b with url='http://135.225.105.160:8004/klps/versions/9cc0df8187e04a1f91430f61b836e24b/status'
  ✓ Activated version: 9cc0df8187e04a1f91430f61b836e24b
  → Recovered missing Language ID for KLP via mapping: 3f81bdd31b204d038f9023769a13cddb
  Warning: Link slug 'res-video-intro' not in mapping, removing from question
Updated KLP 'klp-1-loss-of-tone' -> bc5bffc0d12b4ea9a76ca7385c01cb49
DEBUG: activating version 6c5dd830cc014e908ac749dd13a8384c with url='http://135.225.105.160:8004/klps/versions/6c5dd830cc014e908ac749dd13a8384c/status'
  ✓ Activated version: 6c5dd830cc014e908ac749dd13a8384c
  → Recovered missing Language ID for KLP via mapping: 3f81bdd31b204d038f9023769a13cddb
  Warning: Link slug 'res-video-immediate-management' not in mapping, removing from question
Updated KLP 'klp-1-prioritize-the-actions-at-strong-bleeding-until-helpers-arrive' -> 7750d16767b942c3a01082db1541ee21
DEBUG: activating version 4246779ca9354c9ea26e840c8be80f39 with url='http://135.225.105.160:8004/klps/versions/4246779ca9354c9ea26e840c8be80f39/status'
  ✓ Activated version: 4246779ca9354c9ea26e840c8be80f39
  → Recovered missing Language ID for KLP via mapping: 3f81bdd31b204d038f9023769a13cddb
  Warning: Link slug 'res-video-intro' not in mapping, removing from question
Updated KLP 'klp-1-symptoms-for-pph' -> f41513bfa1174a2e8a4405cae2a2f6ef
DEBUG: activating version 8b7759acd27545ea8e829f7f3d62f46e with url='http://135.225.105.160:8004/klps/versions/8b7759acd27545ea8e829f7f3d62f46e/status'
  ✓ Activated version: 8b7759acd27545ea8e829f7f3d62f46e
  → Recovered missing Language ID for KLP via mapping: 3f81bdd31b204d038f9023769a13cddb
  Warning: Link slug 'res-video-intro' not in mapping, removing from question
Updated KLP 'klp-1-occult-bleeding' -> 1ad2115fb74c475a8bdbd4d0105da39f
DEBUG: activating version 63c47f113f65499590bff3522605b5a6 with url='http://135.225.105.160:8004/klps/versions/63c47f113f65499590bff3522605b5a6/status'
  ✓ Activated version: 63c47f113f65499590bff3522605b5a6
  → Recovered missing Language ID for KLP via mapping: 3f81bdd31b204d038f9023769a13cddb
  Warning: Link slug 'res-video-intro' not in mapping, removing from question
Updated KLP 'klp-1-moderate-bleeding-characteristics' -> 7b1b88dc5c3940e6a0374a933ff39783
DEBUG: activating version 199d05820c284874a456ed3a90f929ee with url='http://135.225.105.160:8004/klps/versions/199d05820c284874a456ed3a90f929ee/status'
  ✓ Activated version: 199d05820c284874a456ed3a90f929ee
  → Recovered missing Language ID for KLP via mapping: 3f81bdd31b204d038f9023769a13cddb
  Warning: Link slug 'res-video-uterus-massage' not in mapping, removing from question
Updated KLP 'klp-3-uterine-massage' -> c08c12d554eb44e68d26b98cd53e918c
DEBUG: activating version fa34adbfc00b400fb7e6a3b84bd71bfc with url='http://135.225.105.160:8004/klps/versions/fa34adbfc00b400fb7e6a3b84bd71bfc/status'
  ✓ Activated version: fa34adbfc00b400fb7e6a3b84bd71bfc
  → Recovered missing Language ID for KLP via mapping: 3f81bdd31b204d038f9023769a13cddb
  Warning: Link slug 'res-video-empty-the-bladder' not in mapping, removing from question
Updated KLP 'klp-2-empty-the-bladder' -> b2ce70ae249b41728dda22dca6503c0d
DEBUG: activating version 9dc0553caff1431d845c0da06be15da7 with url='http://135.225.105.160:8004/klps/versions/9dc0553caff1431d845c0da06be15da7/status'
  ✓ Activated version: 9dc0553caff1431d845c0da06be15da7
  → Recovered missing Language ID for KLP via mapping: 3f81bdd31b204d038f9023769a13cddb
  Warning: Link slug 'res-video-intro' not in mapping, removing from question
Updated KLP 'klp-1-vital-signs' -> 3cdc90e98ef84a3882564fc82c9877d4
DEBUG: activating version 8ab017d0a9aa4389834fd2b507163a98 with url='http://135.225.105.160:8004/klps/versions/8ab017d0a9aa4389834fd2b507163a98/status'
  ✓ Activated version: 8ab017d0a9aa4389834fd2b507163a98
  → Recovered missing Language ID for KLP via mapping: 3f81bdd31b204d038f9023769a13cddb
  Warning: Link slug 'res-video-intro' not in mapping, removing from question
Updated KLP 'klp-1-strong-bleeding-characteristics' -> d74a772073ec4e23b63a420ddafb27c0
DEBUG: activating version 5761c3c690aa46bdbfde0f84749f47a8 with url='http://135.225.105.160:8004/klps/versions/5761c3c690aa46bdbfde0f84749f47a8/status'
  ✓ Activated version: 5761c3c690aa46bdbfde0f84749f47a8
  → Recovered missing Language ID for KLP via mapping: 3f81bdd31b204d038f9023769a13cddb
  Warning: Link slug 'res-video-bimanual-compression' not in mapping, removing from question
Updated KLP 'klp-1-bimanual-compression' -> d93ff16f0a9347e3aa8f51d037139d48
DEBUG: activating version 894d8353cc1741b696eed35085e60cc7 with url='http://135.225.105.160:8004/klps/versions/894d8353cc1741b696eed35085e60cc7/status'
  ✓ Activated version: 894d8353cc1741b696eed35085e60cc7
  → Recovered missing Language ID for KLP via mapping: 3f81bdd31b204d038f9023769a13cddb
  Warning: Link slug 'res-video-bimanual-compression' not in mapping, removing from question
Updated KLP 'klp-2-bimanual-compression-procedure' -> f11eccb1f3e84a5f859e990e6427dd36
DEBUG: activating version 52d3b8555c344fdfa6d81cec88ed74de with url='http://135.225.105.160:8004/klps/versions/52d3b8555c344fdfa6d81cec88ed74de/status'
  ✓ Activated version: 52d3b8555c344fdfa6d81cec88ed74de
  → Recovered missing Language ID for KLP via mapping: 3f81bdd31b204d038f9023769a13cddb
  Warning: Link slug 'res-video-bimanual-compression' not in mapping, removing from question
Updated KLP 'klp-2-bimanual-compression-type-of-gloves' -> 23878194b62a46a09a1b2944d837238e
DEBUG: activating version bc0313dd2f194d97a309fafaecffabb7 with url='http://135.225.105.160:8004/klps/versions/bc0313dd2f194d97a309fafaecffabb7/status'
  ✓ Activated version: bc0313dd2f194d97a309fafaecffabb7
  → Recovered missing Language ID for KLP via mapping: 3f81bdd31b204d038f9023769a13cddb
Updated KLP 'klp-3-pph-drugs' -> 6318b5eaab8343898d1ddf96a404898b
DEBUG: activating version 7accd9646457479baf4eacd421c06ba1 with url='http://135.225.105.160:8004/klps/versions/7accd9646457479baf4eacd421c06ba1/status'
  ✓ Activated version: 7accd9646457479baf4eacd421c06ba1
  → Recovered missing Language ID for KLP via mapping: 3f81bdd31b204d038f9023769a13cddb
Updated KLP 'klp-2-carbetocin' -> 5b6435314590490f9d32ac81c4d6ee82
DEBUG: activating version bb99b0f6261c4d3fac7ab4332130fdb5 with url='http://135.225.105.160:8004/klps/versions/bb99b0f6261c4d3fac7ab4332130fdb5/status'
  ✓ Activated version: bb99b0f6261c4d3fac7ab4332130fdb5
  → Recovered missing Language ID for KLP via mapping: 3f81bdd31b204d038f9023769a13cddb
Updated KLP 'klp-3-ergometrine' -> 6e109651e65f46ce908e39af9503cf92
DEBUG: activating version f3427eebef334a3090f1a42f1ee61a3a with url='http://135.225.105.160:8004/klps/versions/f3427eebef334a3090f1a42f1ee61a3a/status'
  ✓ Activated version: f3427eebef334a3090f1a42f1ee61a3a
  → Recovered missing Language ID for KLP via mapping: 3f81bdd31b204d038f9023769a13cddb
  Warning: Link slug 'res-video-intro' not in mapping, removing from question
Updated KLP 'klp-1-prioritize-manual-maneuvers' -> f65ad598bb89486fa332a84aaf09f94c
DEBUG: activating version c079c615231d4b668bebbfa00ba89de2 with url='http://135.225.105.160:8004/klps/versions/c079c615231d4b668bebbfa00ba89de2/status'
  ✓ Activated version: c079c615231d4b668bebbfa00ba89de2
  → Recovered missing Language ID for KLP via mapping: 3f81bdd31b204d038f9023769a13cddb
  Warning: Link slug 'res-video-trauma' not in mapping, removing from question
Updated KLP 'klp-2-bleeding-from-a-vaginal-tear' -> 24137be984a64e3f836c7c9625641723
DEBUG: activating version f86daffb6c1740c09cede56ca6bc024c with url='http://135.225.105.160:8004/klps/versions/f86daffb6c1740c09cede56ca6bc024c/status'
  ✓ Activated version: f86daffb6c1740c09cede56ca6bc024c
  → Recovered missing Language ID for KLP via mapping: 3f81bdd31b204d038f9023769a13cddb
  Warning: Link slug 'res-video-trauma' not in mapping, removing from question
Updated KLP 'klp-2-always-do-a-rectal-exploration' -> e99d9d6548164baaa0dfcc7a2d2ac5b5
DEBUG: activating version ab579c7b8ffe42e285c02e140cac6293 with url='http://135.225.105.160:8004/klps/versions/ab579c7b8ffe42e285c02e140cac6293/status'
  ✓ Activated version: ab579c7b8ffe42e285c02e140cac6293
  → Recovered missing Language ID for KLP via mapping: 3f81bdd31b204d038f9023769a13cddb
  Warning: Link slug 'res-video-tissue' not in mapping, removing from question
Updated KLP 'klp-2-placental-tissue-missing' -> 6a2d3edf37da404a96c9b1178ede41d1
DEBUG: activating version e09e2cf3e5c84f58a9413633895a3faa with url='http://135.225.105.160:8004/klps/versions/e09e2cf3e5c84f58a9413633895a3faa/status'
  ✓ Activated version: e09e2cf3e5c84f58a9413633895a3faa
  → Recovered missing Language ID for KLP via mapping: 3f81bdd31b204d038f9023769a13cddb
  Warning: Link slug 'res-video-tissue' not in mapping, removing from question
Updated KLP 'klp-2-treatment-if-there-is-placental-tissue-missing' -> 0cdc56d4d4cb4cd2a8bb28403b887d77
DEBUG: activating version a9b50e61a80e41208191f904f8053ee8 with url='http://135.225.105.160:8004/klps/versions/a9b50e61a80e41208191f904f8053ee8/status'
  ✓ Activated version: a9b50e61a80e41208191f904f8053ee8
  → Recovered missing Language ID for KLP via mapping: 3f81bdd31b204d038f9023769a13cddb
  Warning: Link slug 'res-video-remove-the-placenta' not in mapping, removing from question
Updated KLP 'klp-3-removal-of-tissue-list-the-actions-in-correct-order' -> 00187814b54f44eebcb966500aaafd4f
DEBUG: activating version ab701c9f424046a1ae3197e5d92d6d7b with url='http://135.225.105.160:8004/klps/versions/ab701c9f424046a1ae3197e5d92d6d7b/status'
  ✓ Activated version: ab701c9f424046a1ae3197e5d92d6d7b
  → Recovered missing Language ID for KLP via mapping: 3f81bdd31b204d038f9023769a13cddb
  Warning: Link slug 'res-video-resuscitation' not in mapping, removing from question
Updated KLP 'klp-2-pph-resuscitation' -> 1c37321913234810b4eb645b0d3dd65b
DEBUG: activating version 1d2796a3ebc143a8864ce8cc3461ccb4 with url='http://135.225.105.160:8004/klps/versions/1d2796a3ebc143a8864ce8cc3461ccb4/status'
  ✓ Activated version: 1d2796a3ebc143a8864ce8cc3461ccb4
  → Recovered missing Language ID for KLP via mapping: 3f81bdd31b204d038f9023769a13cddb
  Warning: Link slug 'res-video-monitoring-after-bleeding' not in mapping, removing from question
Updated KLP 'klp-3-when-to-measure-hemoglobin' -> af682219bfa04e1788d8ca3637d771be
DEBUG: activating version cae9e10a138240229aeec77b2f000551 with url='http://135.225.105.160:8004/klps/versions/cae9e10a138240229aeec77b2f000551/status'
  ✓ Activated version: cae9e10a138240229aeec77b2f000551
  → Recovered missing Language ID for KLP via mapping: 3f81bdd31b204d038f9023769a13cddb
  Warning: Link slug 'res-video-monitoring-after-bleeding' not in mapping, removing from question
Updated KLP 'klp-2-observation-after-treatment-pph' -> 5c1c034d028548e8bef1a48498093d35
DEBUG: activating version de4c20d2bfac471d86095651761d9552 with url='http://135.225.105.160:8004/klps/versions/de4c20d2bfac471d86095651761d9552/status'
  ✓ Activated version: de4c20d2bfac471d86095651761d9552
  → Recovered missing Language ID for KLP via mapping: 3f81bdd31b204d038f9023769a13cddb
Updated KLP 'klp-3-cbt-is-indicated' -> 84adb360c973430a980162f9c38a1d23
DEBUG: activating version 28cf3e456b114d0fa0a824333da3de58 with url='http://135.225.105.160:8004/klps/versions/28cf3e456b114d0fa0a824333da3de58/status'
  ✓ Activated version: 28cf3e456b114d0fa0a824333da3de58
  → Recovered missing Language ID for KLP via mapping: 3f81bdd31b204d038f9023769a13cddb
  Warning: Link slug 'res-action-card-1-uterus' not in mapping, removing from question
Updated KLP 'klp-3-the-causes-of-vaginal-bleeding' -> d116e6e0b3374fe8bd7177b196f7b2e0
DEBUG: activating version eab77548b64f44ce90ef539c597594e2 with url='http://135.225.105.160:8004/klps/versions/eab77548b64f44ce90ef539c597594e2/status'
  ✓ Activated version: eab77548b64f44ce90ef539c597594e2
  → Recovered missing Language ID for KLP via mapping: 3f81bdd31b204d038f9023769a13cddb
  Warning: Link slug 'res-action-card-2-legs' not in mapping, removing from question
Updated KLP 'klp-2-positioning-pph' -> 8aa7e7ac23744fb3ad2f48752e528457
DEBUG: activating version 873eee0c1a8741a4995c33da594c57a8 with url='http://135.225.105.160:8004/klps/versions/873eee0c1a8741a4995c33da594c57a8/status'
  ✓ Activated version: 873eee0c1a8741a4995c33da594c57a8
  → Recovered missing Language ID for KLP via mapping: 3f81bdd31b204d038f9023769a13cddb
  Warning: Link slug 'res-video-resuscitation' not in mapping, removing from question
Updated KLP 'klp-2-positioning-vital-organs' -> fd916ad609424deb978c3ce5d175ed5d
DEBUG: activating version d63156b960404aa8a367e9e86b0f962a with url='http://135.225.105.160:8004/klps/versions/d63156b960404aa8a367e9e86b0f962a/status'
  ✓ Activated version: d63156b960404aa8a367e9e86b0f962a
  → Recovered missing Language ID for KLP via mapping: 3f81bdd31b204d038f9023769a13cddb
  Warning: Link slug 'res-action-card-2-legs' not in mapping, removing from question
Updated KLP 'klp-3-actions-helper-at-the-head' -> 2ca1c5f9356142378935bd28077ee113
DEBUG: activating version b35da776e61042f3b18145c7fc3eaca3 with url='http://135.225.105.160:8004/klps/versions/b35da776e61042f3b18145c7fc3eaca3/status'
  ✓ Activated version: b35da776e61042f3b18145c7fc3eaca3
  → Recovered missing Language ID for KLP via mapping: 3f81bdd31b204d038f9023769a13cddb
  Warning: Link slug 'res-action-card-3-arms' not in mapping, removing from question
Updated KLP 'klp-3-actions-helper-at-the-arm' -> 6c54004fbfb64769ac98c23a0f599778
DEBUG: activating version 48b6b3f9590a48b59388a607adfd30ed with url='http://135.225.105.160:8004/klps/versions/48b6b3f9590a48b59388a607adfd30ed/status'
  ✓ Activated version: 48b6b3f9590a48b59388a607adfd30ed
  → Recovered missing Language ID for KLP via mapping: 3f81bdd31b204d038f9023769a13cddb
  Warning: Link slug 'res-video-monitoring-after-bleeding' not in mapping, removing from question
Updated KLP 'klp-1-referral-pph' -> b14f7d7fdb164ef595eca892bc25c313
DEBUG: activating version 76c77f3c5f8042f7a248c0ca435f9681 with url='http://135.225.105.160:8004/klps/versions/76c77f3c5f8042f7a248c0ca435f9681/status'
  ✓ Activated version: 76c77f3c5f8042f7a248c0ca435f9681
  → Recovered missing Language ID for KLP via mapping: 3f81bdd31b204d038f9023769a13cddb
Updated KLP 'klp-3-iv-fluids-pph' -> 090322001e2f4ece8dc186eea7bffd4a
DEBUG: activating version e0580d8f2d3c4ee0adf4e9baeeed9a70 with url='http://135.225.105.160:8004/klps/versions/e0580d8f2d3c4ee0adf4e9baeeed9a70/status'
  ✓ Activated version: e0580d8f2d3c4ee0adf4e9baeeed9a70
  → Recovered missing Language ID for KLP via mapping: 3f81bdd31b204d038f9023769a13cddb
  Warning: Link slug 'res-video-aorta-compression' not in mapping, removing from question
Updated KLP 'klp-1-how-aorta-compression' -> 80e696c4d1a5463aa5b74a233f807540
DEBUG: activating version 8572ab7cca4f4219ab44c45febb4338e with url='http://135.225.105.160:8004/klps/versions/8572ab7cca4f4219ab44c45febb4338e/status'
  ✓ Activated version: 8572ab7cca4f4219ab44c45febb4338e
  → Recovered missing Language ID for KLP via mapping: 3f81bdd31b204d038f9023769a13cddb
  Warning: Link slug 'res-video-resuscitation' not in mapping, removing from question
Updated KLP 'klp-3-cardiovascular-symptoms-pph' -> f3cdfce5771c479098e3478f2645cc4c
DEBUG: activating version 63e28bfa3d0243398f1801ebdbb581b7 with url='http://135.225.105.160:8004/klps/versions/63e28bfa3d0243398f1801ebdbb581b7/status'
  ✓ Activated version: 63e28bfa3d0243398f1801ebdbb581b7
  → Recovered missing Language ID for KLP via mapping: 3f81bdd31b204d038f9023769a13cddb
  Warning: Link slug 'res-video-immediate-management' not in mapping, removing from question
Updated KLP 'klp-3-7-pph-moderate-bleeding' -> c6b480a8f5d84234a6e2390eef2b5046
DEBUG: activating version ae74dbadfcbd44d397cf2c4464c4c043 with url='http://135.225.105.160:8004/klps/versions/ae74dbadfcbd44d397cf2c4464c4c043/status'
  ✓ Activated version: ae74dbadfcbd44d397cf2c4464c4c043
  → Recovered missing Language ID for KLP via mapping: 3f81bdd31b204d038f9023769a13cddb
  Warning: Link slug 'res-video-postnatal-care-schedule' not in mapping, removing from question
Updated KLP 'klp-1-how-many-postnatal-care-visits-are-recommended' -> 1dcda08bbba64b459674036805e494aa
DEBUG: activating version baa5aab671f54bf8904c934b4e868514 with url='http://135.225.105.160:8004/klps/versions/baa5aab671f54bf8904c934b4e868514/status'
  ✓ Activated version: baa5aab671f54bf8904c934b4e868514
  → Recovered missing Language ID for KLP via mapping: 3f81bdd31b204d038f9023769a13cddb
  Warning: Link slug 'res-video-intro' not in mapping, removing from question
Updated KLP 'klp-1-when-is-the-woman-in-the-postnatal-period' -> 7fa6cb9a58a046318f749ce524bc49ae
DEBUG: activating version a48bb34e4a5d4a48b6e4af8c3e537a73 with url='http://135.225.105.160:8004/klps/versions/a48bb34e4a5d4a48b6e4af8c3e537a73/status'
  ✓ Activated version: a48bb34e4a5d4a48b6e4af8c3e537a73
  → Recovered missing Language ID for KLP via mapping: 3f81bdd31b204d038f9023769a13cddb
  Warning: Link slug 'res-video-postnatal-care-schedule' not in mapping, removing from question
Updated KLP 'klp-1-which-statements-are-true-regarding-partner-involvement-in-postnatal-care' -> 616b116bdfe043b0bf6222f4dd0fe571
DEBUG: activating version 47a377f48a984e0da0451c888ac2c59c with url='http://135.225.105.160:8004/klps/versions/47a377f48a984e0da0451c888ac2c59c/status'
  ✓ Activated version: 47a377f48a984e0da0451c888ac2c59c
  → Recovered missing Language ID for KLP via mapping: 3f81bdd31b204d038f9023769a13cddb
  Warning: Link slug 'res-video-initial-postnatal-assessment' not in mapping, removing from question
Updated KLP 'klp-1-what-does-the-regular-assessments-of-the-mother-include-during-the-first-24-hours-after-birth' -> bc1b0b1f4b2e4348ab1bce9f81debb3a
DEBUG: activating version d7582e7d6f7a4cec867e73ca4819f4d7 with url='http://135.225.105.160:8004/klps/versions/d7582e7d6f7a4cec867e73ca4819f4d7/status'
  ✓ Activated version: d7582e7d6f7a4cec867e73ca4819f4d7
  → Recovered missing Language ID for KLP via mapping: 3f81bdd31b204d038f9023769a13cddb
  Warning: Link slug 'res-video-postnatal-care-counselling' not in mapping, removing from question
Updated KLP 'klp-2-pnc-bleeding-after-birth' -> 7d49bd7a4ad8491aaa7f63129e512436
DEBUG: activating version 46836ce0dbe64ebb8e0f947c7f8a1dc1 with url='http://135.225.105.160:8004/klps/versions/46836ce0dbe64ebb8e0f947c7f8a1dc1/status'
  ✓ Activated version: 46836ce0dbe64ebb8e0f947c7f8a1dc1
  → Recovered missing Language ID for KLP via mapping: 3f81bdd31b204d038f9023769a13cddb
  Warning: Link slug 'res-video-postnatal-care-counselling' not in mapping, removing from question
Updated KLP 'klp-1-what-is-part-of-the-initial-postnatal-care-counselling' -> a827b2cd919f448cac8d734b597eb16e
DEBUG: activating version c200b82faf33457c94ef6c64731d7dc8 with url='http://135.225.105.160:8004/klps/versions/c200b82faf33457c94ef6c64731d7dc8/status'
  ✓ Activated version: c200b82faf33457c94ef6c64731d7dc8
  → Recovered missing Language ID for KLP via mapping: 3f81bdd31b204d038f9023769a13cddb
  Warning: Link slug 'res-video-postnatal-care-counselling' not in mapping, removing from question
Updated KLP 'klp-3-for-how-long-should-the-postnatal-woman-be-recommended-to-take-iron-in-anaemia-risk-settings' -> ef7cf721c6e243458a1df1c9fb2230b4
DEBUG: activating version 64faf80e22de464b8120f49e8566cfa9 with url='http://135.225.105.160:8004/klps/versions/64faf80e22de464b8120f49e8566cfa9/status'
  ✓ Activated version: 64faf80e22de464b8120f49e8566cfa9
  → Recovered missing Language ID for KLP via mapping: 3f81bdd31b204d038f9023769a13cddb
  Warning: Link slug 'res-video-postnatal-pain-management' not in mapping, removing from question
Updated KLP 'klp-2-what-kind-of-pain-relief-can-you-offer-the-woman-postpartum-for-perineal-pain' -> 70d6ce6547b04d018e0ae8fd18c600fb
DEBUG: activating version 16780179966d44d69820d0aafa50e0da with url='http://135.225.105.160:8004/klps/versions/16780179966d44d69820d0aafa50e0da/status'
  ✓ Activated version: 16780179966d44d69820d0aafa50e0da
  → Recovered missing Language ID for KLP via mapping: 3f81bdd31b204d038f9023769a13cddb
  Warning: Link slug 'res-video-routine-postnatal-assessment-and-care' not in mapping, removing from question
Updated KLP 'klp-2-what-are-the-signs-of-postpartum-uterine-infection' -> 24ec586235584122b13c14edab130e44
DEBUG: activating version fe6567cf28bd4b6da873aef3dbca5d64 with url='http://135.225.105.160:8004/klps/versions/fe6567cf28bd4b6da873aef3dbca5d64/status'
  ✓ Activated version: fe6567cf28bd4b6da873aef3dbca5d64
  → Recovered missing Language ID for KLP via mapping: 3f81bdd31b204d038f9023769a13cddb
  Warning: Link slug 'res-video-routine-postnatal-assessment-and-care' not in mapping, removing from question
Updated KLP 'klp-2-what-are-the-signs-of-thromboembolism' -> 7a06392f0c33420fb15f936ff064d2ca
DEBUG: activating version e81a8a5a2fb14e9e832fbd3af5bf9c97 with url='http://135.225.105.160:8004/klps/versions/e81a8a5a2fb14e9e832fbd3af5bf9c97/status'
  ✓ Activated version: e81a8a5a2fb14e9e832fbd3af5bf9c97
  → Recovered missing Language ID for KLP via mapping: 3f81bdd31b204d038f9023769a13cddb
Updated KLP 'klp-2-dizziness-nausea-and-headache-three-days-postpartum' -> 87890be5fb424b55a750d7f281641d76
DEBUG: activating version 5e917ee2d367407a8465f3c751ba244a with url='http://135.225.105.160:8004/klps/versions/5e917ee2d367407a8465f3c751ba244a/status'
  ✓ Activated version: 5e917ee2d367407a8465f3c751ba244a
  → Recovered missing Language ID for KLP via mapping: 3f81bdd31b204d038f9023769a13cddb
Updated KLP 'klp-3-what-statements-are-correct-regarding-disease-prevention-after-birth' -> 024eae158c7d4260be3dd8ab4f3a4252
DEBUG: activating version ee2e74fec1b6480193c0b5e02f9197f8 with url='http://135.225.105.160:8004/klps/versions/ee2e74fec1b6480193c0b5e02f9197f8/status'
  ✓ Activated version: ee2e74fec1b6480193c0b5e02f9197f8
  → Recovered missing Language ID for KLP via mapping: 3f81bdd31b204d038f9023769a13cddb
  Warning: Link slug 'res-video-postnatal-care-counselling' not in mapping, removing from question
Updated KLP 'klp-1-upon-discharge-when-should-you-tell-the-mother-to-react-and-contact-you' -> b8fa11fb05c94503b9ca2808175f4dcf
DEBUG: activating version 0ae4e5bd53b64e1eaf73492b8eeffa1a with url='http://135.225.105.160:8004/klps/versions/0ae4e5bd53b64e1eaf73492b8eeffa1a/status'
  ✓ Activated version: 0ae4e5bd53b64e1eaf73492b8eeffa1a
  → Recovered missing Language ID for KLP via mapping: 3f81bdd31b204d038f9023769a13cddb
  Warning: Link slug 'res-video-care-of-the-newborn' not in mapping, removing from question
Updated KLP 'klp-1-which-screenings-are-recommended-for-all-newborns-upon-discharge' -> 66c24b15b05a42d58cfbbde1e198e3f5
DEBUG: activating version 6ff7b1c5914d4c749a60f7fd6d116d56 with url='http://135.225.105.160:8004/klps/versions/6ff7b1c5914d4c749a60f7fd6d116d56/status'
  ✓ Activated version: 6ff7b1c5914d4c749a60f7fd6d116d56
  → Recovered missing Language ID for KLP via mapping: 3f81bdd31b204d038f9023769a13cddb
Updated KLP 'klp-2-which-of-the-following-statements-on-breastfeeding-are-true' -> dea36fbc107d47d784f8f378a6630b03
DEBUG: activating version e0a1124e3ad14a53aa685a88a66c7fb6 with url='http://135.225.105.160:8004/klps/versions/e0a1124e3ad14a53aa685a88a66c7fb6/status'
  ✓ Activated version: e0a1124e3ad14a53aa685a88a66c7fb6
  → Recovered missing Language ID for KLP via mapping: 3f81bdd31b204d038f9023769a13cddb
Updated KLP 'klp-3-how-much-weight-should-the-newborn-gain-during-the-first-2-4-weeks' -> 3f94f3783e98471cbb63c36668031a7c
DEBUG: activating version 1d0cebe290cc4f92925c968b421bb6a9 with url='http://135.225.105.160:8004/klps/versions/1d0cebe290cc4f92925c968b421bb6a9/status'
  ✓ Activated version: 1d0cebe290cc4f92925c968b421bb6a9
  → Recovered missing Language ID for KLP via mapping: 3f81bdd31b204d038f9023769a13cddb
Updated KLP 'klp-3-what-is-true-regarding-newborn-weight-monitoring' -> 4db927a2fd394eb4b737f942477c4626
DEBUG: activating version de4d8b22261441adb2399994db2a7770 with url='http://135.225.105.160:8004/klps/versions/de4d8b22261441adb2399994db2a7770/status'
  ✓ Activated version: de4d8b22261441adb2399994db2a7770
  → Recovered missing Language ID for KLP via mapping: 3f81bdd31b204d038f9023769a13cddb
Updated KLP 'klp-2-what-percentage-of-chlorhexidine-solution-should-you-apply-to-the-umbilical-cord' -> 6fc5dcff96024026aaebf54c393b762a
DEBUG: activating version 79a1356c1f0c42afa239c3cfcd62e23b with url='http://135.225.105.160:8004/klps/versions/79a1356c1f0c42afa239c3cfcd62e23b/status'
  ✓ Activated version: 79a1356c1f0c42afa239c3cfcd62e23b
  → Recovered missing Language ID for KLP via mapping: 3f81bdd31b204d038f9023769a13cddb
  Warning: Link slug 'res-video-routine-assessment-of-the-newborn' not in mapping, removing from question
Updated KLP 'klp-2-what-is-true-about-yellowing-of-the-skin-jaundice-in-the-newborn' -> 9e0018dea74449fa9c7286f7887cb006
DEBUG: activating version f271eade3b2a474a8475edd235ea7967 with url='http://135.225.105.160:8004/klps/versions/f271eade3b2a474a8475edd235ea7967/status'
  ✓ Activated version: f271eade3b2a474a8475edd235ea7967
  → Recovered missing Language ID for KLP via mapping: 3f81bdd31b204d038f9023769a13cddb
  Warning: Link slug 'res-video-routine-assessment-of-the-newborn' not in mapping, removing from question
Updated KLP 'klp-1-what-is-the-normal-body-temperature-for-a-newborn' -> a592de701e034cf4a1be9a00580325a3
DEBUG: activating version 9420554122844feaa62bc2a76f780c7f with url='http://135.225.105.160:8004/klps/versions/9420554122844feaa62bc2a76f780c7f/status'
  ✓ Activated version: 9420554122844feaa62bc2a76f780c7f
  → Recovered missing Language ID for KLP via mapping: 3f81bdd31b204d038f9023769a13cddb
Updated KLP 'klp-3-if-a-woman-experience-breast-engorgement-what-should-you-advise-her-to-do-to-prevent-mastitis' -> 8f78ad69fc794f40b6929a077777ab98
DEBUG: activating version 2811796828ea4e98ac34a4ede8af1a2a with url='http://135.225.105.160:8004/klps/versions/2811796828ea4e98ac34a4ede8af1a2a/status'
  ✓ Activated version: 2811796828ea4e98ac34a4ede8af1a2a
  → Recovered missing Language ID for KLP via mapping: 3f81bdd31b204d038f9023769a13cddb
Updated KLP 'klp-3-which-statement-about-breastfeeding-is-false' -> a2108d75b6bb428d9aff6372d1e0f5b1
DEBUG: activating version 1b85db953fa34a70b47c967b003ec119 with url='http://135.225.105.160:8004/klps/versions/1b85db953fa34a70b47c967b003ec119/status'
  ✓ Activated version: 1b85db953fa34a70b47c967b003ec119
  → Recovered missing Language ID for KLP via mapping: 3f81bdd31b204d038f9023769a13cddb
Updated KLP 'klp-3-what-can-be-the-cause-of-sore-and-cracked-nipples' -> 567d0252263d4ac3930f90c483d7b440
DEBUG: activating version 72d0962fceda4b729db6f6d8c3166a98 with url='http://135.225.105.160:8004/klps/versions/72d0962fceda4b729db6f6d8c3166a98/status'
  ✓ Activated version: 72d0962fceda4b729db6f6d8c3166a98
  → Recovered missing Language ID for KLP via mapping: 3f81bdd31b204d038f9023769a13cddb
  Warning: Link slug 'res-video-routine-postnatal-assessment-and-care' not in mapping, removing from question
Updated KLP 'klp-1-what-indicates-postnatal-perineal-trauma-infection' -> 902bc3d2e08941bb8197d8ee9380259c
DEBUG: activating version 1aefc816ee32419da56011d522751446 with url='http://135.225.105.160:8004/klps/versions/1aefc816ee32419da56011d522751446/status'
  ✓ Activated version: 1aefc816ee32419da56011d522751446
  → Recovered missing Language ID for KLP via mapping: 3f81bdd31b204d038f9023769a13cddb
Updated KLP 'klp-2-what-is-true-about-postpartum-blues' -> c2b3fe3bed62413ab54113d9acf88ca8
DEBUG: activating version ec6e1e21f34e4e558eaad8c38de599bd with url='http://135.225.105.160:8004/klps/versions/ec6e1e21f34e4e558eaad8c38de599bd/status'
  ✓ Activated version: ec6e1e21f34e4e558eaad8c38de599bd
  → Recovered missing Language ID for KLP via mapping: 3f81bdd31b204d038f9023769a13cddb
Updated KLP 'klp-3-how-would-you-treat-anaemia-postpartum' -> 0672b4d7017544dfb64aa50475b63339
DEBUG: activating version 8161d2ead5f84a8b9d2a8b2b76e0b102 with url='http://135.225.105.160:8004/klps/versions/8161d2ead5f84a8b9d2a8b2b76e0b102/status'
  ✓ Activated version: 8161d2ead5f84a8b9d2a8b2b76e0b102
  → Recovered missing Language ID for KLP via mapping: 3f81bdd31b204d038f9023769a13cddb
Updated KLP 'klp-2-what-is-important-to-ask-and-know-when-counselling-the-woman-on-postpartum-contraceptives' -> 44b9f6672fde4daa96696892ccf5f679
DEBUG: activating version 26a7837c172f440a849a89f162a4eb4b with url='http://135.225.105.160:8004/klps/versions/26a7837c172f440a849a89f162a4eb4b/status'
  ✓ Activated version: 26a7837c172f440a849a89f162a4eb4b
  → Recovered missing Language ID for KLP via mapping: 3f81bdd31b204d038f9023769a13cddb
Updated KLP 'klp-3-contraceptive-methods-and-breastfeeding' -> 9c6578a7f7bc44029992d0488d43f15f
DEBUG: activating version 84eae3c68b504abd993831bbb259e27d with url='http://135.225.105.160:8004/klps/versions/84eae3c68b504abd993831bbb259e27d/status'
  ✓ Activated version: 84eae3c68b504abd993831bbb259e27d
  → Recovered missing Language ID for KLP via mapping: 3f81bdd31b204d038f9023769a13cddb
Updated KLP 'klp-3-what-are-the-signs-of-an-effective-attachment-when-breastfeeding' -> 78b1c49de03f4ed9b6262401fdb8a6d0
DEBUG: activating version 256c14cf32e147c0b112321e465733c0 with url='http://135.225.105.160:8004/klps/versions/256c14cf32e147c0b112321e465733c0/status'
  ✓ Activated version: 256c14cf32e147c0b112321e465733c0
  → Recovered missing Language ID for KLP via mapping: 3f81bdd31b204d038f9023769a13cddb
Updated KLP 'klp-2-what-is-the-correct-order-for-how-to-treat-an-eye-infection-in-the-newborn' -> 320ae4f3b1794a5b93bdbe26eb1dc135
DEBUG: activating version aa17d435bfca4e0ebea551b15aefb34a with url='http://135.225.105.160:8004/klps/versions/aa17d435bfca4e0ebea551b15aefb34a/status'
  ✓ Activated version: aa17d435bfca4e0ebea551b15aefb34a
  → Recovered missing Language ID for KLP via mapping: 3f81bdd31b204d038f9023769a13cddb
Updated KLP 'klp-3-what-is-true-about-hiv-infection-and-breastfeeding' -> ac60e74038264bd5972e0aebb19ba52f
DEBUG: activating version a0b4bc7aa1464abcb3e4cf37bc557cb4 with url='http://135.225.105.160:8004/klps/versions/a0b4bc7aa1464abcb3e4cf37bc557cb4/status'
  ✓ Activated version: a0b4bc7aa1464abcb3e4cf37bc557cb4
  → Recovered missing Language ID for KLP via mapping: 3f81bdd31b204d038f9023769a13cddb
  Warning: Link slug 'res-video-initial-postnatal-assessment' not in mapping, removing from question
Updated KLP 'klp-1-what-should-you-advice-and-support-the-woman-to-do-within-the-first-24-hours-after-birth' -> c8ac4d20af154db1b51cbf2f02c6e689
DEBUG: activating version def6a1fc21ba41ca885d5c721fa19807 with url='http://135.225.105.160:8004/klps/versions/def6a1fc21ba41ca885d5c721fa19807/status'
  ✓ Activated version: def6a1fc21ba41ca885d5c721fa19807
  → Recovered missing Language ID for KLP via mapping: 3f81bdd31b204d038f9023769a13cddb
Updated KLP 'klp-1-what-questions-will-you-ask-a-postpartum-woman-during-the-routine-pnc-assessment' -> 270ddd8087d644af8ff95425aa360dcd
DEBUG: activating version 943f1f64c8e943c5b87430e5ee5eb770 with url='http://135.225.105.160:8004/klps/versions/943f1f64c8e943c5b87430e5ee5eb770/status'
  ✓ Activated version: 943f1f64c8e943c5b87430e5ee5eb770
  → Recovered missing Language ID for KLP via mapping: 3f81bdd31b204d038f9023769a13cddb
Updated KLP 'klp-3-what-is-false-about-safe-sleep-for-the-newborn' -> 0fa770278ec34f1eb4e7666328d1a6ef
DEBUG: activating version ef3a6b25f3c242759049374b2867afdc with url='http://135.225.105.160:8004/klps/versions/ef3a6b25f3c242759049374b2867afdc/status'
  ✓ Activated version: ef3a6b25f3c242759049374b2867afdc
  → Recovered missing Language ID for KLP via mapping: 3f81bdd31b204d038f9023769a13cddb
  Warning: Link slug 'res-video-care-of-the-newborn' not in mapping, removing from question
Updated KLP 'klp-2-when-should-the-mother-alert-you-regarding-the-newborn-within-the-first-24-hours-of-birth' -> 8a03f67ace874429a96d366875263bb3
DEBUG: activating version 3756f3abe0924255958721e710c592a9 with url='http://135.225.105.160:8004/klps/versions/3756f3abe0924255958721e710c592a9/status'
  ✓ Activated version: 3756f3abe0924255958721e710c592a9
  → Recovered missing Language ID for KLP via mapping: 3f81bdd31b204d038f9023769a13cddb
  Warning: Link slug 'res-video-initial-postnatal-assessment' not in mapping, removing from question
Updated KLP 'klp-1-when-should-urine-output-be-checked-and-documented' -> 91ff54a9610542e9b0fad3ba7c253143
DEBUG: activating version b86353aa9c304eb1b2a1f365189a238f with url='http://135.225.105.160:8004/klps/versions/b86353aa9c304eb1b2a1f365189a238f/status'
  ✓ Activated version: b86353aa9c304eb1b2a1f365189a238f
  → Recovered missing Language ID for KLP via mapping: 3f81bdd31b204d038f9023769a13cddb
  Warning: Link slug 'res-video-intro' not in mapping, removing from question
Updated KLP 'klp-1-complication-prolonged-mother' -> baf78e37aa534c1791b57ffc05668028
DEBUG: activating version 434bf9a138d6435c8c11c39f74db0acb with url='http://135.225.105.160:8004/klps/versions/434bf9a138d6435c8c11c39f74db0acb/status'
  ✓ Activated version: 434bf9a138d6435c8c11c39f74db0acb
  → Recovered missing Language ID for KLP via mapping: 3f81bdd31b204d038f9023769a13cddb
  Warning: Link slug 'res-video-intro' not in mapping, removing from question
Updated KLP 'klp-1-complication-prolonged-infant' -> dbdfacef34fc4cb591aabffc3a638d5d
DEBUG: activating version 01e72586a43c4d28b3cc3197db94ce4f with url='http://135.225.105.160:8004/klps/versions/01e72586a43c4d28b3cc3197db94ce4f/status'
  ✓ Activated version: 01e72586a43c4d28b3cc3197db94ce4f
  → Recovered missing Language ID for KLP via mapping: 3f81bdd31b204d038f9023769a13cddb
  Warning: Link slug 'res-video-causes' not in mapping, removing from question
Updated KLP 'klp-2-causes' -> 2132236d80d14850b0c5140437c5eb76
DEBUG: activating version 233ee29e6c4f4bc186e9083b543c8c00 with url='http://135.225.105.160:8004/klps/versions/233ee29e6c4f4bc186e9083b543c8c00/status'
  ✓ Activated version: 233ee29e6c4f4bc186e9083b543c8c00
  → Recovered missing Language ID for KLP via mapping: 3f81bdd31b204d038f9023769a13cddb
  Warning: Link slug 'res-video-causes' not in mapping, removing from question
Updated KLP 'klp-2-power' -> 1cbe4ec632444a9485160c5cbcc3670c
DEBUG: activating version efe5bf3099a744758754b8148ce2c246 with url='http://135.225.105.160:8004/klps/versions/efe5bf3099a744758754b8148ce2c246/status'
  ✓ Activated version: efe5bf3099a744758754b8148ce2c246
  → Recovered missing Language ID for KLP via mapping: 3f81bdd31b204d038f9023769a13cddb
  Warning: Link slug 'res-video-causes' not in mapping, removing from question
Updated KLP 'klp-3-pelvis-passage' -> d470894e7b744fe284877515baf8d6b6
DEBUG: activating version 5732f0f084e04d3c9e336cb387c93c92 with url='http://135.225.105.160:8004/klps/versions/5732f0f084e04d3c9e336cb387c93c92/status'
  ✓ Activated version: 5732f0f084e04d3c9e336cb387c93c92
  → Recovered missing Language ID for KLP via mapping: 3f81bdd31b204d038f9023769a13cddb
  Warning: Link slug 'res-video-causes' not in mapping, removing from question
Updated KLP 'klp-3-small-pelvis' -> d04f7786df3c46718988176c2f8c1b90
DEBUG: activating version 91c93c1164b64a0dbfc1988248af73e1 with url='http://135.225.105.160:8004/klps/versions/91c93c1164b64a0dbfc1988248af73e1/status'
  ✓ Activated version: 91c93c1164b64a0dbfc1988248af73e1
  → Recovered missing Language ID for KLP via mapping: 3f81bdd31b204d038f9023769a13cddb
  Warning: Link slug 'res-video-causes' not in mapping, removing from question
Updated KLP 'klp-2-know-small-pelvis' -> 9da38152ae814965b40944032f25249a
DEBUG: activating version fbe8881b7f514d5e8a4ce99c66b027e1 with url='http://135.225.105.160:8004/klps/versions/fbe8881b7f514d5e8a4ce99c66b027e1/status'
  ✓ Activated version: fbe8881b7f514d5e8a4ce99c66b027e1
  → Recovered missing Language ID for KLP via mapping: 3f81bdd31b204d038f9023769a13cddb
  Warning: Link slug 'res-video-causes' not in mapping, removing from question
Updated KLP 'klp-2-passenger' -> 17f53558af884305b095e0502aa36107
DEBUG: activating version 05cb62259d8f4dd58706ada663ddcfba with url='http://135.225.105.160:8004/klps/versions/05cb62259d8f4dd58706ada663ddcfba/status'
  ✓ Activated version: 05cb62259d8f4dd58706ada663ddcfba
  → Recovered missing Language ID for KLP via mapping: 3f81bdd31b204d038f9023769a13cddb
  Warning: Link slug 'res-video-causes' not in mapping, removing from question
Updated KLP 'klp-3-psyche' -> 2668eb7d3c014636800c61faed6ad694
DEBUG: activating version d08c4ed842894ebfb12015262f8a3e24 with url='http://135.225.105.160:8004/klps/versions/d08c4ed842894ebfb12015262f8a3e24/status'
  ✓ Activated version: d08c4ed842894ebfb12015262f8a3e24
  → Recovered missing Language ID for KLP via mapping: 3f81bdd31b204d038f9023769a13cddb
  Warning: Link slug 'res-video-2nd-stage-prolonged' not in mapping, removing from question
Updated KLP 'klp-1-pushing' -> cbed4bf643f6457ca65839d48ddb3680
DEBUG: activating version f081ef25474b4b8eb3a5f6c8f262568d with url='http://135.225.105.160:8004/klps/versions/f081ef25474b4b8eb3a5f6c8f262568d/status'
  ✓ Activated version: f081ef25474b4b8eb3a5f6c8f262568d
  → Recovered missing Language ID for KLP via mapping: 3f81bdd31b204d038f9023769a13cddb
  Warning: Link slug 'res-video-2nd-stage-prolonged' not in mapping, removing from question
Updated KLP 'klp-3-push-how-long' -> ecd89c1fae4c434cae065b1baf86f5ad
DEBUG: activating version 2078e1d11ab84a7ba39f125ca672f5ef with url='http://135.225.105.160:8004/klps/versions/2078e1d11ab84a7ba39f125ca672f5ef/status'
  ✓ Activated version: 2078e1d11ab84a7ba39f125ca672f5ef
  → Recovered missing Language ID for KLP via mapping: 3f81bdd31b204d038f9023769a13cddb
  Warning: Link slug 'res-video-2nd-stage-vacuum-extraction' not in mapping, removing from question
Updated KLP 'klp-1-indication-for-vacuum' -> 02dd6aa36db742c58a8ca68eea7a406e
DEBUG: activating version 47bfb02a5dc74a218537fc5546222357 with url='http://135.225.105.160:8004/klps/versions/47bfb02a5dc74a218537fc5546222357/status'
  ✓ Activated version: 47bfb02a5dc74a218537fc5546222357
  → Recovered missing Language ID for KLP via mapping: 3f81bdd31b204d038f9023769a13cddb
  Warning: Link slug 'res-video-2nd-stage-vacuum-extraction' not in mapping, removing from question
Updated KLP 'klp-1-fhr' -> 34edc99d7e03469ea00b7639bd9d54c4
DEBUG: activating version 533db947ac5b4396aeb86c20ffa62d9d with url='http://135.225.105.160:8004/klps/versions/533db947ac5b4396aeb86c20ffa62d9d/status'
  ✓ Activated version: 533db947ac5b4396aeb86c20ffa62d9d
  → Recovered missing Language ID for KLP via mapping: 3f81bdd31b204d038f9023769a13cddb
  Warning: Link slug 'res-video-2nd-stage-vacuum-extraction' not in mapping, removing from question
Updated KLP 'klp-2-fhr-and-contractions' -> da18b8bff0e74e3babc39e9f56a4c8cd
DEBUG: activating version 03831cd1ec784f38b7e4b312738d5fd4 with url='http://135.225.105.160:8004/klps/versions/03831cd1ec784f38b7e4b312738d5fd4/status'
  ✓ Activated version: 03831cd1ec784f38b7e4b312738d5fd4
  → Recovered missing Language ID for KLP via mapping: 3f81bdd31b204d038f9023769a13cddb
Updated KLP 'klp-3-prerequisites-for-vacuum' -> 8335fb418c5443ce9c03a9ad3ea64334
DEBUG: activating version b56aa83ad9f740ff9235f8c410a5c9e8 with url='http://135.225.105.160:8004/klps/versions/b56aa83ad9f740ff9235f8c410a5c9e8/status'
  ✓ Activated version: b56aa83ad9f740ff9235f8c410a5c9e8
  → Recovered missing Language ID for KLP via mapping: 3f81bdd31b204d038f9023769a13cddb
  Warning: Link slug 'res-video-2nd-stage-vacuum-extraction' not in mapping, removing from question
Updated KLP 'klp-2-complications-to-vacuum-extraction' -> d8c73354544d41f18dc744aea1c2e901
DEBUG: activating version a97179f4186f460b84b4cd31442277cd with url='http://135.225.105.160:8004/klps/versions/a97179f4186f460b84b4cd31442277cd/status'
  ✓ Activated version: a97179f4186f460b84b4cd31442277cd
  → Recovered missing Language ID for KLP via mapping: 3f81bdd31b204d038f9023769a13cddb
  Warning: Link slug 'res-action-card-procedures-by-also' not in mapping, removing from question
Updated KLP 'klp-2-preparation-for-vacuum' -> 411c261dd2084e9b9421d18655f05ad0
DEBUG: activating version c30e880d40e741fab1b69ac1fdcf3d98 with url='http://135.225.105.160:8004/klps/versions/c30e880d40e741fab1b69ac1fdcf3d98/status'
  ✓ Activated version: c30e880d40e741fab1b69ac1fdcf3d98
  → Recovered missing Language ID for KLP via mapping: 3f81bdd31b204d038f9023769a13cddb
  Warning: Link slug 'res-video-2nd-stage-vacuum-extraction' not in mapping, removing from question
Updated KLP 'klp-1-give-up-vacuum' -> 61a05c6b2f7e4dab8ebceb4577c250c3
DEBUG: activating version 430cb8edd8a943ad89a4d92b9cf7e87d with url='http://135.225.105.160:8004/klps/versions/430cb8edd8a943ad89a4d92b9cf7e87d/status'
  ✓ Activated version: 430cb8edd8a943ad89a4d92b9cf7e87d
  → Recovered missing Language ID for KLP via mapping: 3f81bdd31b204d038f9023769a13cddb
  Warning: Link slug 'res-video-2nd-stage-vacuum-extraction' not in mapping, removing from question
Updated KLP 'klp-3-incision' -> 3539096f069547e7b450a61467150289
DEBUG: activating version ca142f35176c41e9bf23328b390c9800 with url='http://135.225.105.160:8004/klps/versions/ca142f35176c41e9bf23328b390c9800/status'
  ✓ Activated version: ca142f35176c41e9bf23328b390c9800
  → Recovered missing Language ID for KLP via mapping: 3f81bdd31b204d038f9023769a13cddb
  Warning: Link slug 'res-video-causes' not in mapping, removing from question
Updated KLP 'klp-2-cephalic-occiput-posterior' -> fc470e2f782448b497c18e8b986ebf79
DEBUG: activating version 49edded13a1f4a4fa805b1c7b737911c with url='http://135.225.105.160:8004/klps/versions/49edded13a1f4a4fa805b1c7b737911c/status'
  ✓ Activated version: 49edded13a1f4a4fa805b1c7b737911c
  → Recovered missing Language ID for KLP via mapping: 3f81bdd31b204d038f9023769a13cddb
  Warning: Link slug 'res-video-causes' not in mapping, removing from question
Updated KLP 'klp-3-more-comfortable' -> 53f8b3faff4a4531b86df970172a2b4b
DEBUG: activating version 9ed916c71c444227b5a6c05d558ae469 with url='http://135.225.105.160:8004/klps/versions/9ed916c71c444227b5a6c05d558ae469/status'
  ✓ Activated version: 9ed916c71c444227b5a6c05d558ae469
  → Recovered missing Language ID for KLP via mapping: 3f81bdd31b204d038f9023769a13cddb
  Warning: Link slug 'res-video-1st-stage-latent-phase' not in mapping, removing from question
Updated KLP 'klp-3-prolonged-first-stage-latent-phase' -> e821a65f218b4d368acb8f3000e846e0
DEBUG: activating version fab6872d387f405c96b95ce728c75c54 with url='http://135.225.105.160:8004/klps/versions/fab6872d387f405c96b95ce728c75c54/status'
  ✓ Activated version: fab6872d387f405c96b95ce728c75c54
  → Recovered missing Language ID for KLP via mapping: 3f81bdd31b204d038f9023769a13cddb
  Warning: Link slug 'res-video-1st-stage-latent-phase' not in mapping, removing from question
Updated KLP 'klp-3-contractions-causes-if-not-prolonged-latent-phase' -> 50a88c0aefeb4b3caac42818269ad810
DEBUG: activating version 6e2d0da217a54b43b35f60686cc68457 with url='http://135.225.105.160:8004/klps/versions/6e2d0da217a54b43b35f60686cc68457/status'
  ✓ Activated version: 6e2d0da217a54b43b35f60686cc68457
  → Recovered missing Language ID for KLP via mapping: 3f81bdd31b204d038f9023769a13cddb
  Warning: Link slug 'res-video-1st-stage-active-phase' not in mapping, removing from question
Updated KLP 'klp-1-prolonged-first-stage-active-phase' -> 91b3c16788e14e009082453937949755
DEBUG: activating version 2c02ed32a5a24873ac027337878343e0 with url='http://135.225.105.160:8004/klps/versions/2c02ed32a5a24873ac027337878343e0/status'
  ✓ Activated version: 2c02ed32a5a24873ac027337878343e0
  → Recovered missing Language ID for KLP via mapping: 3f81bdd31b204d038f9023769a13cddb
  Warning: Link slug 'res-video-1st-stage-active-phase' not in mapping, removing from question
Updated KLP 'klp-2-progress-of-labour' -> c0aaec65db1542b4b2996b9758a86545
DEBUG: activating version 80e8e9d3d45842609bbf62a29c89e3e2 with url='http://135.225.105.160:8004/klps/versions/80e8e9d3d45842609bbf62a29c89e3e2/status'
  ✓ Activated version: 80e8e9d3d45842609bbf62a29c89e3e2
  → Recovered missing Language ID for KLP via mapping: 3f81bdd31b204d038f9023769a13cddb
  Warning: Link slug 'res-video-1st-stage-active-phase' not in mapping, removing from question
Updated KLP 'klp-1-partograph-with-dilatation-between-alert-and-action-line' -> fa19f6e5ae1a4a2fb80b1751d363d21c
DEBUG: activating version d3cd0338b00f432aa4b50f1b2aaedb87 with url='http://135.225.105.160:8004/klps/versions/d3cd0338b00f432aa4b50f1b2aaedb87/status'
  ✓ Activated version: d3cd0338b00f432aa4b50f1b2aaedb87
  → Recovered missing Language ID for KLP via mapping: 3f81bdd31b204d038f9023769a13cddb
  Warning: Link slug 'res-video-1st-stage-active-phase' not in mapping, removing from question
Updated KLP 'klp-2-cervical-dilatation' -> 7b2390242c554a4d9785f417539c2948
DEBUG: activating version c8b399c6a7034090a5646549c2fdf0a1 with url='http://135.225.105.160:8004/klps/versions/c8b399c6a7034090a5646549c2fdf0a1/status'
  ✓ Activated version: c8b399c6a7034090a5646549c2fdf0a1
  → Recovered missing Language ID for KLP via mapping: 3f81bdd31b204d038f9023769a13cddb
Updated KLP 'klp-1-immediate-delivery' -> 43a1adae750d4816a3b95247896e325d
DEBUG: activating version 56425ff074c440a3afa64c7bbf1078f5 with url='http://135.225.105.160:8004/klps/versions/56425ff074c440a3afa64c7bbf1078f5/status'
  ✓ Activated version: 56425ff074c440a3afa64c7bbf1078f5
  → Recovered missing Language ID for KLP via mapping: 3f81bdd31b204d038f9023769a13cddb
Updated KLP 'klp-1-head-above-the-pubic-bone' -> b8468a3bea424d57815ed718f8d49309
DEBUG: activating version 21f2fd2e5b214dd1bf7063caa424735e with url='http://135.225.105.160:8004/klps/versions/21f2fd2e5b214dd1bf7063caa424735e/status'
  ✓ Activated version: 21f2fd2e5b214dd1bf7063caa424735e
  → Recovered missing Language ID for KLP via mapping: 3f81bdd31b204d038f9023769a13cddb
  Warning: Link slug 'res-video-2nd-stage-vacuum-extraction' not in mapping, removing from question
Updated KLP 'klp-3-posterior-fontanelle-where' -> a6d20faa579143879ccf41a3b248b438
DEBUG: activating version 942af7a72e084a9893ccedbbc2145688 with url='http://135.225.105.160:8004/klps/versions/942af7a72e084a9893ccedbbc2145688/status'
  ✓ Activated version: 942af7a72e084a9893ccedbbc2145688
  → Recovered missing Language ID for KLP via mapping: 3f81bdd31b204d038f9023769a13cddb
  Warning: Link slug 'res-video-2nd-stage-vacuum-extraction' not in mapping, removing from question
Updated KLP 'klp-2-posterior-fontanelle' -> cb79fa5959bc451c9c6183b33f41c49a
DEBUG: activating version 46e5f6df798b4d6fae2bf0680e9b2a6e with url='http://135.225.105.160:8004/klps/versions/46e5f6df798b4d6fae2bf0680e9b2a6e/status'
  ✓ Activated version: 46e5f6df798b4d6fae2bf0680e9b2a6e
  → Recovered missing Language ID for KLP via mapping: 3f81bdd31b204d038f9023769a13cddb
  Warning: Link slug 'res-video-2nd-stage-vacuum-extraction' not in mapping, removing from question
Updated KLP 'klp-1-placing-the-cup' -> 71def5a064a04f68ad69131f0d682bcb
DEBUG: activating version 6b9a45baae14438595924323fdf56c21 with url='http://135.225.105.160:8004/klps/versions/6b9a45baae14438595924323fdf56c21/status'
  ✓ Activated version: 6b9a45baae14438595924323fdf56c21
  → Recovered missing Language ID for KLP via mapping: 3f81bdd31b204d038f9023769a13cddb
  Warning: Link slug 'res-video-2nd-stage-vacuum-extraction' not in mapping, removing from question
Updated KLP 'klp-1-check-for-maternal-tissue' -> d90b9212e0e346938ecff96689275a4b
DEBUG: activating version 4ee68480ab4a4dd3b669b4b2e4df4ab4 with url='http://135.225.105.160:8004/klps/versions/4ee68480ab4a4dd3b669b4b2e4df4ab4/status'
  ✓ Activated version: 4ee68480ab4a4dd3b669b4b2e4df4ab4
  → Recovered missing Language ID for KLP via mapping: 3f81bdd31b204d038f9023769a13cddb
  Warning: Link slug 'res-video-2nd-stage-vacuum-extraction' not in mapping, removing from question
Updated KLP 'klp-3-flexion-point' -> 7618938f38234281bcb0004c3b37b09e
DEBUG: activating version 822da76263dd451d896e7f76fdb300d8 with url='http://135.225.105.160:8004/klps/versions/822da76263dd451d896e7f76fdb300d8/status'
  ✓ Activated version: 822da76263dd451d896e7f76fdb300d8
  → Recovered missing Language ID for KLP via mapping: 3f81bdd31b204d038f9023769a13cddb
  Warning: Link slug 'res-video-2nd-stage-vacuum-extraction' not in mapping, removing from question
Updated KLP 'klp-3-intact-perineum' -> 66f76b6deebf43ea854bffb3edfbf23b
DEBUG: activating version 25ab2e901ed0450ab456f22afc6eb1fd with url='http://135.225.105.160:8004/klps/versions/25ab2e901ed0450ab456f22afc6eb1fd/status'
  ✓ Activated version: 25ab2e901ed0450ab456f22afc6eb1fd
  → Recovered missing Language ID for KLP via mapping: 3f81bdd31b204d038f9023769a13cddb
  Warning: Link slug 'res-video-2nd-stage-prolonged' not in mapping, removing from question
Updated KLP 'klp-2-prolonged-second-stage' -> 4567074c761142209544abeb9eee2ee1
DEBUG: activating version 0c399e9454c34c56951183097c896d8c with url='http://135.225.105.160:8004/klps/versions/0c399e9454c34c56951183097c896d8c/status'
  ✓ Activated version: 0c399e9454c34c56951183097c896d8c
  → Recovered missing Language ID for KLP via mapping: 3f81bdd31b204d038f9023769a13cddb
  Warning: Link slug 'res-video-intro' not in mapping, removing from question
Updated KLP 'klp-1-unsafe-abortion-remains-one-of-the-leading-causes-of-maternal-death-and-disability-true-or-false' -> f5b2e255ac8e498699c040fbce11b99e
DEBUG: activating version eba63d60c49e405a82e92becf1d9044e with url='http://135.225.105.160:8004/klps/versions/eba63d60c49e405a82e92becf1d9044e/status'
  ✓ Activated version: eba63d60c49e405a82e92becf1d9044e
  → Recovered missing Language ID for KLP via mapping: 3f81bdd31b204d038f9023769a13cddb
  Warning: Link slug 'res-video-pre-abortion-care' not in mapping, removing from question
Updated KLP 'klp-1-how-can-you-date-the-pregnancy-if-ultrasound-is-not-available' -> aa31c36a5d6446429b8ee56bc5ea48c0
DEBUG: activating version 545fc3b967e2454bb65d3c46d90d5a6c with url='http://135.225.105.160:8004/klps/versions/545fc3b967e2454bb65d3c46d90d5a6c/status'
  ✓ Activated version: 545fc3b967e2454bb65d3c46d90d5a6c
  → Recovered missing Language ID for KLP via mapping: 3f81bdd31b204d038f9023769a13cddb
  Warning: Link slug 'res-video-pre-abortion-care' not in mapping, removing from question
Updated KLP 'klp-2-what-is-the-size-of-the-uterus-at-16-weeks' -> 66975f1ca08241fd819b1eab6c26e043
DEBUG: activating version 12488b94f06c495d8b5b1579cc0ec0ca with url='http://135.225.105.160:8004/klps/versions/12488b94f06c495d8b5b1579cc0ec0ca/status'
  ✓ Activated version: 12488b94f06c495d8b5b1579cc0ec0ca
  → Recovered missing Language ID for KLP via mapping: 3f81bdd31b204d038f9023769a13cddb
  Warning: Link slug 'res-video-pre-abortion-care' not in mapping, removing from question
Updated KLP 'klp-2-what-should-you-consider-if-the-uterus-is-smaller-than-expected' -> adbac7ce5f054321b63c5070e059d210
DEBUG: activating version 53b5e2d976d644eabf58be63777aa2bd with url='http://135.225.105.160:8004/klps/versions/53b5e2d976d644eabf58be63777aa2bd/status'
  ✓ Activated version: 53b5e2d976d644eabf58be63777aa2bd
  → Recovered missing Language ID for KLP via mapping: 3f81bdd31b204d038f9023769a13cddb
  Warning: Link slug 'res-video-pre-abortion-care' not in mapping, removing from question
Updated KLP 'klp-3-what-should-you-consider-if-the-uterus-is-larger-than-expected' -> 4014e12009e5406fa7b49af77ad69581
DEBUG: activating version be4182d3855a4759962a2caebb7ed0c9 with url='http://135.225.105.160:8004/klps/versions/be4182d3855a4759962a2caebb7ed0c9/status'
  ✓ Activated version: be4182d3855a4759962a2caebb7ed0c9
  → Recovered missing Language ID for KLP via mapping: 3f81bdd31b204d038f9023769a13cddb
  Warning: Link slug 'res-video-medical-abortion' not in mapping, removing from question
Updated KLP 'klp-3-what-is-true-about-mifepristone-used-at-a-medical-abortion' -> 5a97b0e4b7dc4e8d948edcd09cf27bf2
DEBUG: activating version 9435607e7e1346f4a807ce0589051610 with url='http://135.225.105.160:8004/klps/versions/9435607e7e1346f4a807ce0589051610/status'
  ✓ Activated version: 9435607e7e1346f4a807ce0589051610
  → Recovered missing Language ID for KLP via mapping: 3f81bdd31b204d038f9023769a13cddb
  Warning: Link slug 'res-video-medical-abortion' not in mapping, removing from question
Updated KLP 'klp-1-a-medical-abortion-can-be-performed-safely-at-home-if-the-gestational-age-is-below-9-weeks-true-or-false' -> 3a6d49383c39447eaa3d434bddfd5f45
DEBUG: activating version 596c4e0f559a4367b70c5a00d40a0d53 with url='http://135.225.105.160:8004/klps/versions/596c4e0f559a4367b70c5a00d40a0d53/status'
  ✓ Activated version: 596c4e0f559a4367b70c5a00d40a0d53
  → Recovered missing Language ID for KLP via mapping: 3f81bdd31b204d038f9023769a13cddb
  Warning: Link slug 'res-video-abortion-complication' not in mapping, removing from question
Updated KLP 'klp-1-which-of-the-following-danger-signs-can-occur-after-having-an-abortion' -> e1fce5c4dd444c668ddc0af9d72a46c8
DEBUG: activating version 248fa87fe47a46729c3bbb08842d5d6a with url='http://135.225.105.160:8004/klps/versions/248fa87fe47a46729c3bbb08842d5d6a/status'
  ✓ Activated version: 248fa87fe47a46729c3bbb08842d5d6a
  → Recovered missing Language ID for KLP via mapping: 3f81bdd31b204d038f9023769a13cddb
  Warning: Link slug 'res-video-medical-abortion' not in mapping, removing from question
Updated KLP 'klp-2-what-is-true-about-misoprostol-used-at-a-medical-abortion' -> 218cd9c4e4a046bc9daa36337043603e
DEBUG: activating version 6ba6ed70bce2479384b108988d33c03e with url='http://135.225.105.160:8004/klps/versions/6ba6ed70bce2479384b108988d33c03e/status'
  ✓ Activated version: 6ba6ed70bce2479384b108988d33c03e
  → Recovered missing Language ID for KLP via mapping: 3f81bdd31b204d038f9023769a13cddb
  Warning: Link slug 'res-video-medical-abortion' not in mapping, removing from question
Updated KLP 'klp-2-what-should-you-consider-if-the-woman-has-a-fever-during-a-medical-abortion' -> e666dc2f713a47d695a683a5b5e18034
DEBUG: activating version 0363920599e648248ba94e5e519c3484 with url='http://135.225.105.160:8004/klps/versions/0363920599e648248ba94e5e519c3484/status'
  ✓ Activated version: 0363920599e648248ba94e5e519c3484
  → Recovered missing Language ID for KLP via mapping: 3f81bdd31b204d038f9023769a13cddb
  Warning: Link slug 'res-video-surgical-abortion' not in mapping, removing from question
Updated KLP 'klp-1-what-describes-the-procedure-of-vacuum-aspiration' -> 1249e8f003de4bb890815cc6a8c477ba
DEBUG: activating version f49588e6845e4a95a9889811224941ac with url='http://135.225.105.160:8004/klps/versions/f49588e6845e4a95a9889811224941ac/status'
  ✓ Activated version: f49588e6845e4a95a9889811224941ac
  → Recovered missing Language ID for KLP via mapping: 3f81bdd31b204d038f9023769a13cddb
  Warning: Link slug 'res-video-surgical-abortion' not in mapping, removing from question
Updated KLP 'klp-1-if-antibiotics-are-not-available-you-should-not-perform-the-abortion-true-or-false' -> 65a8cb8527f5448dadf2a838f8102084
DEBUG: activating version ace7bc63983d4d11868f02d138deaf24 with url='http://135.225.105.160:8004/klps/versions/ace7bc63983d4d11868f02d138deaf24/status'
  ✓ Activated version: ace7bc63983d4d11868f02d138deaf24
  → Recovered missing Language ID for KLP via mapping: 3f81bdd31b204d038f9023769a13cddb
  Warning: Link slug 'res-video-surgical-abortion' not in mapping, removing from question
Updated KLP 'klp-3-how-do-you-perform-cervical-preparation-before-a-surgical-abortion' -> 1c5ee0ec147143aeb95a4276c65cd667
DEBUG: activating version 8bfc1197ba8a4e7cbcf3a7480f436781 with url='http://135.225.105.160:8004/klps/versions/8bfc1197ba8a4e7cbcf3a7480f436781/status'
  ✓ Activated version: 8bfc1197ba8a4e7cbcf3a7480f436781
  → Recovered missing Language ID for KLP via mapping: 3f81bdd31b204d038f9023769a13cddb
  Warning: Link slug 'res-video-surgical-abortion' not in mapping, removing from question
Updated KLP 'klp-2-what-is-important-to-consider-before-mva' -> 1b637ea0043e42129420fb7ec5df697a
DEBUG: activating version 671e66cdafe84361a436a0d39aad0335 with url='http://135.225.105.160:8004/klps/versions/671e66cdafe84361a436a0d39aad0335/status'
  ✓ Activated version: 671e66cdafe84361a436a0d39aad0335
  → Recovered missing Language ID for KLP via mapping: 3f81bdd31b204d038f9023769a13cddb
  Warning: Link slug 'res-video-surgical-abortion' not in mapping, removing from question
Updated KLP 'klp-2-how-do-you-ensure-a-complete-abortion-after-mva' -> 4102a2d4f0794e8b81fba190e077be70
DEBUG: activating version 3b9bdaa3f63840cf8348ac1beffb6784 with url='http://135.225.105.160:8004/klps/versions/3b9bdaa3f63840cf8348ac1beffb6784/status'
  ✓ Activated version: 3b9bdaa3f63840cf8348ac1beffb6784
  → Recovered missing Language ID for KLP via mapping: 3f81bdd31b204d038f9023769a13cddb
  Warning: Link slug 'res-video-abortion-complication' not in mapping, removing from question
Updated KLP 'klp-3-when-should-you-consider-an-ectopic-pregnancy' -> 1b84e21954044e3dbefd7be7894d6ad5
DEBUG: activating version 516b27ed724449fea38b9ab0929160b6 with url='http://135.225.105.160:8004/klps/versions/516b27ed724449fea38b9ab0929160b6/status'
  ✓ Activated version: 516b27ed724449fea38b9ab0929160b6
  → Recovered missing Language ID for KLP via mapping: 3f81bdd31b204d038f9023769a13cddb
  Warning: Link slug 'res-video-abortion-complication' not in mapping, removing from question
Updated KLP 'klp-3-what-are-common-signs-of-incomplete-abortion' -> 6719e08ef7804ded8d7e7d0614d38048
DEBUG: activating version 446283fcd4a1494d98bf5ebf77b2b219 with url='http://135.225.105.160:8004/klps/versions/446283fcd4a1494d98bf5ebf77b2b219/status'
  ✓ Activated version: 446283fcd4a1494d98bf5ebf77b2b219
  → Recovered missing Language ID for KLP via mapping: 3f81bdd31b204d038f9023769a13cddb
  Warning: Link slug 'res-video-abortion-complication' not in mapping, removing from question
Updated KLP 'klp-2-what-are-the-options-for-management-of-incomplete-abortion-if-the-patient-is-stable' -> f4b96876df534b2887b8470950ddd794
DEBUG: activating version 207518b87e9a4ee39408bf07b9397011 with url='http://135.225.105.160:8004/klps/versions/207518b87e9a4ee39408bf07b9397011/status'
  ✓ Activated version: 207518b87e9a4ee39408bf07b9397011
  → Recovered missing Language ID for KLP via mapping: 3f81bdd31b204d038f9023769a13cddb
  Warning: Link slug 'res-video-abortion-complication' not in mapping, removing from question
Updated KLP 'klp-3-what-can-haemorrhage-after-surgical-abortion-result-from' -> b4bbdd0ccb2148238a1e7fc374ebfaeb
DEBUG: activating version 0a605d0f6c014093ac0ee1f1ca83084b with url='http://135.225.105.160:8004/klps/versions/0a605d0f6c014093ac0ee1f1ca83084b/status'
  ✓ Activated version: 0a605d0f6c014093ac0ee1f1ca83084b
  → Recovered missing Language ID for KLP via mapping: 3f81bdd31b204d038f9023769a13cddb
  Warning: Link slug 'res-video-abortion-complication' not in mapping, removing from question
Updated KLP 'klp-3-what-do-you-do-if-retained-products-of-conception-are-suspected-to-be-a-cause-for-infection' -> 68e8916829784562833360aa27b86e9a
DEBUG: activating version 3d7f18c8d246452d8607ed4278e5cc08 with url='http://135.225.105.160:8004/klps/versions/3d7f18c8d246452d8607ed4278e5cc08/status'
  ✓ Activated version: 3d7f18c8d246452d8607ed4278e5cc08
  → Recovered missing Language ID for KLP via mapping: 3f81bdd31b204d038f9023769a13cddb
  Warning: Link slug 'res-video-abortion-complication' not in mapping, removing from question
Updated KLP 'klp-2-what-is-true-about-sepsis' -> d87cf757b72b452689194c92d7ca45a6
DEBUG: activating version 3b2833d9520d43aea21ad257317aa8a5 with url='http://135.225.105.160:8004/klps/versions/3b2833d9520d43aea21ad257317aa8a5/status'
  ✓ Activated version: 3b2833d9520d43aea21ad257317aa8a5
  → Recovered missing Language ID for KLP via mapping: 3f81bdd31b204d038f9023769a13cddb
  Warning: Link slug 'res-video-before-discharge' not in mapping, removing from question
Updated KLP 'klp-3-what-information-is-important-to-give-to-the-woman-before-discharge' -> 25d4b2cead014f4891de517ae99091c2
DEBUG: activating version d37cd025029b4352b2aa45b4e3460bf1 with url='http://135.225.105.160:8004/klps/versions/d37cd025029b4352b2aa45b4e3460bf1/status'
  ✓ Activated version: d37cd025029b4352b2aa45b4e3460bf1
  → Recovered missing Language ID for KLP via mapping: 3f81bdd31b204d038f9023769a13cddb
  Warning: Link slug 'res-video-before-discharge' not in mapping, removing from question
Updated KLP 'klp-1-when-can-a-woman-leave-the-healthcare-facility-after-an-abortion-if-there-are-no-complications' -> b43f932b379740f6ad49fcf68b5a905e
DEBUG: activating version 85c55db422594e049aaee1bfc5b1b9ca with url='http://135.225.105.160:8004/klps/versions/85c55db422594e049aaee1bfc5b1b9ca/status'
  ✓ Activated version: 85c55db422594e049aaee1bfc5b1b9ca
  → Recovered missing Language ID for KLP via mapping: 3f81bdd31b204d038f9023769a13cddb
  Warning: Link slug 'res-video-before-discharge' not in mapping, removing from question
Updated KLP 'klp-1-should-you-recommend-a-follow-up-visit-to-a-woman-who-has-had-a-complicated-surgical-abortion' -> b0a0640aa3bf4423a70c8fbc0f3aaddd
DEBUG: activating version d4207fa1af4a4d96801708e30a367165 with url='http://135.225.105.160:8004/klps/versions/d4207fa1af4a4d96801708e30a367165/status'
  ✓ Activated version: d4207fa1af4a4d96801708e30a367165
  → Recovered missing Language ID for KLP via mapping: 3f81bdd31b204d038f9023769a13cddb
Updated KLP 'klp-3-if-available-which-laboratory-tests-are-relevant-to-perform-before-an-abortion' -> 472f799b47794e118845502901acacd4
DEBUG: activating version 966097b048d24ec89712cb9a791790bd with url='http://135.225.105.160:8004/klps/versions/966097b048d24ec89712cb9a791790bd/status'
  ✓ Activated version: 966097b048d24ec89712cb9a791790bd
  → Recovered missing Language ID for KLP via mapping: 3f81bdd31b204d038f9023769a13cddb
Updated KLP 'klp-3-which-methods-of-contraception-can-be-initiated-immediately-following-surgical-or-medical-abortion' -> 6360d549ae13497e8a7cebffe55c001a
DEBUG: activating version 98b3e3993f4b444e960c95df498d2257 with url='http://135.225.105.160:8004/klps/versions/98b3e3993f4b444e960c95df498d2257/status'
  ✓ Activated version: 98b3e3993f4b444e960c95df498d2257
  → Recovered missing Language ID for KLP via mapping: 3f81bdd31b204d038f9023769a13cddb
Updated KLP 'klp-1-what-non-pharmacological-methods-of-pain-management-should-you-as-a-health-provider-use' -> 3d97507c6336417eb88df7b0313b07d6
DEBUG: activating version 5949c2d7ebbe41649c8d4d6778508f12 with url='http://135.225.105.160:8004/klps/versions/5949c2d7ebbe41649c8d4d6778508f12/status'
  ✓ Activated version: 5949c2d7ebbe41649c8d4d6778508f12
  → Recovered missing Language ID for KLP via mapping: 3f81bdd31b204d038f9023769a13cddb
Updated KLP 'klp-1-what-are-some-of-the-characteristics-of-vacuum-aspiration' -> a7e5e278c2b5479c9022a7b0a525928c
DEBUG: activating version 01e90b88d5604c61a11b51d1ec7319b4 with url='http://135.225.105.160:8004/klps/versions/01e90b88d5604c61a11b51d1ec7319b4/status'
  ✓ Activated version: 01e90b88d5604c61a11b51d1ec7319b4
  → Recovered missing Language ID for KLP via mapping: 3f81bdd31b204d038f9023769a13cddb
  Warning: Link slug 'res-video-abortion-complication' not in mapping, removing from question
Updated KLP 'klp-2-which-of-the-following-are-common-signs-of-infection' -> 82fb6c435bbb4410ac08324256a6a7d3
DEBUG: activating version 1748e6725bee4b4abf7707cd0c34aec0 with url='http://135.225.105.160:8004/klps/versions/1748e6725bee4b4abf7707cd0c34aec0/status'
  ✓ Activated version: 1748e6725bee4b4abf7707cd0c34aec0
  → Recovered missing Language ID for KLP via mapping: 3f81bdd31b204d038f9023769a13cddb
  Warning: Link slug 'res-action-card-warning-signsabortion-complications' not in mapping, removing from question
Updated KLP 'klp-1-what-should-the-woman-do-if-she-has-little-or-no-bleeding-1-2-days-after-taking-all-the-pills-for-a-medical-abortion' -> b88deea1fe664ec89eb174a5a96aab34
DEBUG: activating version fb0c1d78e0c84c56885f40a04341318d with url='http://135.225.105.160:8004/klps/versions/fb0c1d78e0c84c56885f40a04341318d/status'
  ✓ Activated version: fb0c1d78e0c84c56885f40a04341318d
  → Recovered missing Language ID for KLP via mapping: 3f81bdd31b204d038f9023769a13cddb
  Warning: Link slug 'res-video-medical-abortion' not in mapping, removing from question
Updated KLP 'klp-3-why-should-the-dose-of-misoprostol-be-reduced-as-the-gestational-age-advances' -> 6ac454d36c184f79a04472a7f5c1ed42
DEBUG: activating version 317f4c8fa6994b19a73272fb953afde4 with url='http://135.225.105.160:8004/klps/versions/317f4c8fa6994b19a73272fb953afde4/status'
  ✓ Activated version: 317f4c8fa6994b19a73272fb953afde4
  → Recovered missing Language ID for KLP via mapping: 3f81bdd31b204d038f9023769a13cddb
  Warning: Link slug 'res-video-abortion-complication' not in mapping, removing from question
Updated KLP 'klp-2-neither-misoprostol-nor-mifepristone-will-treat-ectopic-pregnancy-true-or-false' -> 32d86f92229a40dc9aa52ace4cb6f63a
DEBUG: activating version f9476f13b0b24de28a8d870680764a12 with url='http://135.225.105.160:8004/klps/versions/f9476f13b0b24de28a8d870680764a12/status'
  ✓ Activated version: f9476f13b0b24de28a8d870680764a12
  → Recovered missing Language ID for KLP via mapping: 3f81bdd31b204d038f9023769a13cddb
  Warning: Link slug 'res-video-pre-abortion-care' not in mapping, removing from question
Updated KLP 'klp-2-what-does-the-abortion-options-available-to-a-woman-depend-on' -> 22ef154bc08d4917bef48fb236f33ddd
DEBUG: activating version fa34d038207049549fb2fec9e09c955f with url='http://135.225.105.160:8004/klps/versions/fa34d038207049549fb2fec9e09c955f/status'
  ✓ Activated version: fa34d038207049549fb2fec9e09c955f
  → Recovered missing Language ID for KLP via mapping: 3f81bdd31b204d038f9023769a13cddb
  Warning: Link slug 'res-video-medical-abortion' not in mapping, removing from question
Updated KLP 'klp-1-which-method-of-medical-abortion-is-the-most-effective' -> 467be568af5e4794b9840e98a6facb45
DEBUG: activating version fdb7e291520e4f0c9a2f202b0646fff9 with url='http://135.225.105.160:8004/klps/versions/fdb7e291520e4f0c9a2f202b0646fff9/status'
  ✓ Activated version: fdb7e291520e4f0c9a2f202b0646fff9
  → Recovered missing Language ID for KLP via mapping: 3f81bdd31b204d038f9023769a13cddb
  Warning: Link slug 'res-video-surgical-abortion' not in mapping, removing from question
Updated KLP 'klp-3-what-is-the-correct-order-of-the-following-steps-of-mva' -> 4133648caf2e436f95197fb287b5cf57
DEBUG: activating version 3817ca96b9dd4622ba6851382c677493 with url='http://135.225.105.160:8004/klps/versions/3817ca96b9dd4622ba6851382c677493/status'
  ✓ Activated version: 3817ca96b9dd4622ba6851382c677493
  → Recovered missing Language ID for KLP via mapping: 3f81bdd31b204d038f9023769a13cddb
Updated KLP 'klp-2-what-is-the-safest-and-most-effective-surgical-technique-for-abortions-after-12-14-weeks' -> a9c6a548993941c89d72aa9f7fcc050a
DEBUG: activating version cdc14289672e4fe4a107882a20edb5a7 with url='http://135.225.105.160:8004/klps/versions/cdc14289672e4fe4a107882a20edb5a7/status'
  ✓ Activated version: cdc14289672e4fe4a107882a20edb5a7

=== STEP 4: Post Modules ===
Loaded 21 existing module mappings

📋 Modules to be processed:
    1. [PATCH (bc3552fbf01248d08b28603ee0f94808)] Active Management of Third Stage Labour  (mod-active-management-of-third-stage-labour)  [🌍 6a146956...]
    2. [PATCH (77c309e4f5534cd78e6d460a6d3d92ff)] Antenatal Care  (mod-antenatal-care)  [🌍 6a146956...]
    3. [PATCH (894e9b8f336a4049bf0268e39b9e403c)] COVID-19  (mod-covid-19)  [🌍 6a146956...]
    4. [PATCH (33ce78b0a4b9413cbaeb8bb64401e7a2)] Female Genital Mutilation  (mod-female-genital-mutilation)  [🌍 6a146956...]
    5. [PATCH (cf65540dfc84495f8b0989838c70ca90)] Hypertension  (mod-hypertension)  [🌍 6a146956...]
    6. [PATCH (dc011a45cf964d1e94f481b0e0ef291a)] Infection Prevention  (mod-infection-prevention)  [🌍 6a146956...]
    7. [PATCH (b94b9f3d16d64b8fa56d5fc9d1639438)] Low Birth Weight  (mod-low-birth-weight)  [🌍 6a146956...]
    8. [PATCH (b9d9955b73e1429997aa8d5bc02236e5)] Manual Removal of Placenta  (mod-manual-removal-of-placenta)  [🌍 6a146956...]
    9. [PATCH (c2ada5772a1f418bbbbe28671e24ddb0)] Maternal Sepsis  (mod-maternal-sepsis)  [🌍 6a146956...]
   10. [PATCH (b5049ecc8f424d29892ee2067deda8aa)] Modern Contraception  (mod-modern-contraception)  [🌍 6a146956...]
   11. [PATCH (3a96411664bb415c93ae13686c23c707)] Neonatal Resuscitation  (mod-neonatal-resuscitation)  [🌍 6a146956...]
   12. [PATCH (5a1ab947c8c44bbab82ff6b45ff2c47a)] Newborn Management  (mod-newborn-management)  [🌍 6a146956...]
   13. [PATCH (f43eaea27d5e48f5bd05e644eae8e964)] Normal Labour and Birth  (mod-normal-labour-and-birth)  [🌍 6a146956...]
   14. [PATCH (a4ba3920c4b0497a96b4e2390f07596a)] Perinatal Mental Health  (mod-perinatal-mental-health)  [🌍 6a146956...]
   15. [PATCH (f463550a62e34cf8ab9e0d009ebfbcd9)] Post Abortion Care  (mod-post-abortion-care)  [🌍 6a146956...]
   16. [PATCH (c4d949440c4e4b17828bdbf86b7696ac)] Post Partum Hemorrhage  (mod-post-partum-hemorrhage)  [🌍 6a146956...]
   17. [PATCH (a5a832ca90f44078b3cd0a1527d510e3)] Postnatal Care  (mod-postnatal-care)  [🌍 6a146956...]
   18. [PATCH (c0ec3c44ae6845a0b2f81724f3edff66)] Prolonged Labour  (mod-prolonged-labour)  [🌍 6a146956...]
   19. [PATCH (a367e7516e0a45788645e81ecb040f57)] Safe Abortion  (mod-safe-abortion)  [🌍 6a146956...]


  📋 Module 'Active Management of Third Stage Labour' [mod-active-management-of-third-stage-labour] resource resolution:
     Videos:     7 slugs → 7 IDs
     ActionCards:2 slugs → 2 IDs
     Procedures: 3 slugs → 3 IDs
     Drugs:      7 slugs → 7 IDs
     KLPs:       36 slugs → 36 IDs
     (sample action_card ID: d533fa42d107486f9faea5209bc63694)
     (sample drug ID: 40428433842b487ba5ddb19081152bf6)
  🔄 PATCH → http://135.225.105.160:8004/modules/bc3552fbf01248d08b28603ee0f94808
     Payload resource counts: videos=7, action_cards=2, procedures=3, drugs=7, klps=36
     language_id=3f81bdd31b204d038f9023769a13cddb, region=africa, content_type=translated
  📨 Response: 200
Updated module 'Active Management of Third Stage Labour'
  ✓ Activated module version: 6e07c7f7151f442fb7adfa78083481d5

  📋 Module 'Antenatal Care' [mod-antenatal-care] resource resolution:
     Videos:     7 slugs → 7 IDs
     ActionCards:7 slugs → 7 IDs
     Procedures: 3 slugs → 3 IDs
     Drugs:      21 slugs → 21 IDs
     KLPs:       36 slugs → 36 IDs
     (sample action_card ID: 98fe9c81d7064019b666e6c9b2e64174)
     (sample drug ID: f0c4dfc2c7524d209a1225c355c0f47d)
  🔄 PATCH → http://135.225.105.160:8004/modules/77c309e4f5534cd78e6d460a6d3d92ff
     Payload resource counts: videos=7, action_cards=7, procedures=3, drugs=21, klps=36
     language_id=3f81bdd31b204d038f9023769a13cddb, region=africa, content_type=translated
  📨 Response: 200
Updated module 'Antenatal Care'
  ✓ Activated module version: 35634f03274f4c5096d5f095fc1cdd38

  📋 Module 'COVID-19' [mod-covid-19] resource resolution:
     Videos:     6 slugs → 6 IDs
     ActionCards:3 slugs → 3 IDs
     Procedures: 8 slugs → 8 IDs
     Drugs:      0 slugs → 0 IDs
     KLPs:       36 slugs → 36 IDs
     (sample action_card ID: 752335500fb84d42abfc9f0f62a4a941)
  🔄 PATCH → http://135.225.105.160:8004/modules/894e9b8f336a4049bf0268e39b9e403c
     Payload resource counts: videos=6, action_cards=3, procedures=8, drugs=0, klps=36
     language_id=3f81bdd31b204d038f9023769a13cddb, region=africa, content_type=translated
  📨 Response: 200
Updated module 'COVID-19'
  ✓ Activated module version: 70cc1cd20dac494b9886416d7065023d

  📋 Module 'Female Genital Mutilation' [mod-female-genital-mutilation] resource resolution:
     Videos:     8 slugs → 8 IDs
     ActionCards:1 slugs → 1 IDs
     Procedures: 1 slugs → 1 IDs
     Drugs:      4 slugs → 4 IDs
     KLPs:       36 slugs → 36 IDs
     (sample action_card ID: 27cfa1d0800a44b8ba7be0e9f7b48f14)
     (sample drug ID: 07ef0e24c77d4c06bbac48b0f1529622)
  🔄 PATCH → http://135.225.105.160:8004/modules/33ce78b0a4b9413cbaeb8bb64401e7a2
     Payload resource counts: videos=8, action_cards=1, procedures=1, drugs=4, klps=36
     language_id=3f81bdd31b204d038f9023769a13cddb, region=africa, content_type=translated
  📨 Response: 200
Updated module 'Female Genital Mutilation'
  ✓ Activated module version: 289c3e288d3946dc8947fa520d121cfa

  📋 Module 'Hypertension' [mod-hypertension] resource resolution:
     Videos:     6 slugs → 6 IDs
     ActionCards:4 slugs → 4 IDs
     Procedures: 2 slugs → 2 IDs
     Drugs:      8 slugs → 8 IDs
     KLPs:       36 slugs → 36 IDs
     (sample action_card ID: de1f4ee5bd174aa599c70695ff993113)
     (sample drug ID: 343b8731cbd944f59aedd82f1f8518b8)
  🔄 PATCH → http://135.225.105.160:8004/modules/cf65540dfc84495f8b0989838c70ca90
     Payload resource counts: videos=6, action_cards=4, procedures=2, drugs=8, klps=36
     language_id=3f81bdd31b204d038f9023769a13cddb, region=africa, content_type=translated
  📨 Response: 200
Updated module 'Hypertension'
  ✓ Activated module version: a4a450c3a161406c861466de86d4ada3

  📋 Module 'Infection Prevention' [mod-infection-prevention] resource resolution:
     Videos:     9 slugs → 9 IDs
     ActionCards:0 slugs → 0 IDs
     Procedures: 1 slugs → 1 IDs
     Drugs:      1 slugs → 1 IDs
     KLPs:       36 slugs → 36 IDs
     (sample drug ID: 0ad2a7a14a824d1fbf7563826d3fc358)
  🔄 PATCH → http://135.225.105.160:8004/modules/dc011a45cf964d1e94f481b0e0ef291a
     Payload resource counts: videos=9, action_cards=0, procedures=1, drugs=1, klps=36
     language_id=3f81bdd31b204d038f9023769a13cddb, region=africa, content_type=translated
  📨 Response: 200
Updated module 'Infection Prevention'
  ✓ Activated module version: bc8d85f8edf44633b2de1ae8e57eeeb1

  📋 Module 'Low Birth Weight' [mod-low-birth-weight] resource resolution:
     Videos:     7 slugs → 7 IDs
     ActionCards:6 slugs → 6 IDs
     Procedures: 2 slugs → 2 IDs
     Drugs:      13 slugs → 13 IDs
     KLPs:       36 slugs → 36 IDs
     (sample action_card ID: e0b01f0328e24541bc8f3f25d46d5840)
     (sample drug ID: a6220d8a938e459ab837f9cb79b2b9ef)
  🔄 PATCH → http://135.225.105.160:8004/modules/b94b9f3d16d64b8fa56d5fc9d1639438
     Payload resource counts: videos=7, action_cards=6, procedures=2, drugs=13, klps=36
     language_id=3f81bdd31b204d038f9023769a13cddb, region=africa, content_type=translated
  📨 Response: 200
Updated module 'Low Birth Weight'
  ✓ Activated module version: ceef9d01af7b4600acdf7b28e810440b

  📋 Module 'Manual Removal of Placenta' [mod-manual-removal-of-placenta] resource resolution:
     Videos:     7 slugs → 7 IDs
     ActionCards:1 slugs → 1 IDs
     Procedures: 3 slugs → 3 IDs
     Drugs:      8 slugs → 8 IDs
     KLPs:       36 slugs → 36 IDs
     (sample action_card ID: df8923c4b29f4940baec119820020b07)
     (sample drug ID: a6220d8a938e459ab837f9cb79b2b9ef)
  🔄 PATCH → http://135.225.105.160:8004/modules/b9d9955b73e1429997aa8d5bc02236e5
     Payload resource counts: videos=7, action_cards=1, procedures=3, drugs=8, klps=36
     language_id=3f81bdd31b204d038f9023769a13cddb, region=africa, content_type=translated
  📨 Response: 200
Updated module 'Manual Removal of Placenta'
  ✓ Activated module version: 0df6aa1a17b94d49b65ac0580d5403ea

  📋 Module 'Maternal Sepsis' [mod-maternal-sepsis] resource resolution:
     Videos:     6 slugs → 6 IDs
     ActionCards:6 slugs → 6 IDs
     Procedures: 1 slugs → 1 IDs
     Drugs:      11 slugs → 11 IDs
     KLPs:       36 slugs → 36 IDs
     (sample action_card ID: 9ac7669da72d4fa894f35ed096bbebc4)
     (sample drug ID: a6220d8a938e459ab837f9cb79b2b9ef)
  🔄 PATCH → http://135.225.105.160:8004/modules/c2ada5772a1f418bbbbe28671e24ddb0
     Payload resource counts: videos=6, action_cards=6, procedures=1, drugs=11, klps=36
     language_id=3f81bdd31b204d038f9023769a13cddb, region=africa, content_type=translated
  📨 Response: 200
Updated module 'Maternal Sepsis'
  ✓ Activated module version: f20c35eb357f4a41895ff90786e090d9

  📋 Module 'Modern Contraception' [mod-modern-contraception] resource resolution:
     Videos:     8 slugs → 8 IDs
     ActionCards:3 slugs → 3 IDs
     Procedures: 4 slugs → 4 IDs
     Drugs:      12 slugs → 12 IDs
     KLPs:       36 slugs → 36 IDs
     (sample action_card ID: 13975ce1a7a94d4cb1d4225f519ba66c)
     (sample drug ID: 6a6f8e0da5684125bedc936937cf30b9)
  🔄 PATCH → http://135.225.105.160:8004/modules/b5049ecc8f424d29892ee2067deda8aa
     Payload resource counts: videos=8, action_cards=3, procedures=4, drugs=12, klps=36
     language_id=3f81bdd31b204d038f9023769a13cddb, region=africa, content_type=translated
  📨 Response: 200
Updated module 'Modern Contraception'
  ✓ Activated module version: 63c306d5b1fd404996f913925c3f0a7c

  📋 Module 'Neonatal Resuscitation' [mod-neonatal-resuscitation] resource resolution:
     Videos:     5 slugs → 5 IDs
     ActionCards:4 slugs → 4 IDs
     Procedures: 0 slugs → 0 IDs
     Drugs:      4 slugs → 4 IDs
     KLPs:       36 slugs → 36 IDs
     (sample action_card ID: 9ab065e64f994d45aa1c3358208ba7ee)
     (sample drug ID: a6220d8a938e459ab837f9cb79b2b9ef)
  🔄 PATCH → http://135.225.105.160:8004/modules/3a96411664bb415c93ae13686c23c707
     Payload resource counts: videos=5, action_cards=4, procedures=0, drugs=4, klps=36
     language_id=3f81bdd31b204d038f9023769a13cddb, region=africa, content_type=translated
  📨 Response: 200
Updated module 'Neonatal Resuscitation'
  ✓ Activated module version: c745a099f96044cf9c5f3954d4305242

  📋 Module 'Newborn Management' [mod-newborn-management] resource resolution:
     Videos:     5 slugs → 5 IDs
     ActionCards:9 slugs → 9 IDs
     Procedures: 2 slugs → 2 IDs
     Drugs:      9 slugs → 9 IDs
     KLPs:       35 slugs → 35 IDs
     (sample action_card ID: e0b01f0328e24541bc8f3f25d46d5840)
     (sample drug ID: a6220d8a938e459ab837f9cb79b2b9ef)
  🔄 PATCH → http://135.225.105.160:8004/modules/5a1ab947c8c44bbab82ff6b45ff2c47a
     Payload resource counts: videos=5, action_cards=9, procedures=2, drugs=9, klps=35
     language_id=3f81bdd31b204d038f9023769a13cddb, region=africa, content_type=translated
  📨 Response: 200
Updated module 'Newborn Management'
  ✓ Activated module version: e0334d775de248a3b5b12c6d5f97155f

  📋 Module 'Normal Labour and Birth' [mod-normal-labour-and-birth] resource resolution:
     Videos:     8 slugs → 8 IDs
     ActionCards:0 slugs → 0 IDs
     Procedures: 6 slugs → 6 IDs
     Drugs:      3 slugs → 3 IDs
     KLPs:       36 slugs → 36 IDs
     (sample drug ID: bafc8a8c7d644209881f0fdbede3c26f)
  🔄 PATCH → http://135.225.105.160:8004/modules/f43eaea27d5e48f5bd05e644eae8e964
     Payload resource counts: videos=8, action_cards=0, procedures=6, drugs=3, klps=36
     language_id=3f81bdd31b204d038f9023769a13cddb, region=africa, content_type=translated
  📨 Response: 200
Updated module 'Normal Labour and Birth'
  ✓ Activated module version: 38a9a538672343c19a4fd0dce0fc049c

  📋 Module 'Perinatal Mental Health' [mod-perinatal-mental-health] resource resolution:
     Videos:     8 slugs → 8 IDs
     ActionCards:5 slugs → 5 IDs
     Procedures: 3 slugs → 3 IDs
     Drugs:      0 slugs → 0 IDs
     KLPs:       36 slugs → 36 IDs
     (sample action_card ID: 1f78310448fd41f9975eb8c52076a7cf)
  🔄 PATCH → http://135.225.105.160:8004/modules/a4ba3920c4b0497a96b4e2390f07596a
     Payload resource counts: videos=8, action_cards=5, procedures=3, drugs=0, klps=36
     language_id=3f81bdd31b204d038f9023769a13cddb, region=africa, content_type=translated
  📨 Response: 200
Updated module 'Perinatal Mental Health'
  ✓ Activated module version: 120024029b8f4a64a97bfa10acae0fe4

  📋 Module 'Post Abortion Care' [mod-post-abortion-care] resource resolution:
     Videos:     5 slugs → 5 IDs
     ActionCards:4 slugs → 4 IDs
     Procedures: 2 slugs → 2 IDs
     Drugs:      7 slugs → 7 IDs
     KLPs:       36 slugs → 36 IDs
     (sample action_card ID: 0ca0b1afd9c44698a92e3b6efeb2f303)
     (sample drug ID: a6220d8a938e459ab837f9cb79b2b9ef)
  🔄 PATCH → http://135.225.105.160:8004/modules/f463550a62e34cf8ab9e0d009ebfbcd9
     Payload resource counts: videos=5, action_cards=4, procedures=2, drugs=7, klps=36
     language_id=3f81bdd31b204d038f9023769a13cddb, region=africa, content_type=translated
  📨 Response: 200
Updated module 'Post Abortion Care'
  ✓ Activated module version: b0f5fe64162543869686d1ca510f955e

  📋 Module 'Post Partum Hemorrhage' [mod-post-partum-hemorrhage] resource resolution:
     Videos:     10 slugs → 10 IDs
     ActionCards:6 slugs → 6 IDs
     Procedures: 5 slugs → 5 IDs
     Drugs:      9 slugs → 9 IDs
     KLPs:       36 slugs → 36 IDs
     (sample action_card ID: 7ec8bd5e16264edca082df33889e9125)
     (sample drug ID: a6220d8a938e459ab837f9cb79b2b9ef)
  🔄 PATCH → http://135.225.105.160:8004/modules/c4d949440c4e4b17828bdbf86b7696ac
     Payload resource counts: videos=10, action_cards=6, procedures=5, drugs=9, klps=36
     language_id=3f81bdd31b204d038f9023769a13cddb, region=africa, content_type=translated
  📨 Response: 200
Updated module 'Post Partum Hemorrhage'
  ✓ Activated module version: f687c5086d6a4b6d92990ce004b3595c

  📋 Module 'Postnatal Care' [mod-postnatal-care] resource resolution:
     Videos:     9 slugs → 9 IDs
     ActionCards:2 slugs → 2 IDs
     Procedures: 2 slugs → 2 IDs
     Drugs:      12 slugs → 12 IDs
     KLPs:       36 slugs → 36 IDs
     (sample action_card ID: 49cf8f8f89d9482c8a045b558557bb58)
     (sample drug ID: a6220d8a938e459ab837f9cb79b2b9ef)
  🔄 PATCH → http://135.225.105.160:8004/modules/a5a832ca90f44078b3cd0a1527d510e3
     Payload resource counts: videos=9, action_cards=2, procedures=2, drugs=12, klps=36
     language_id=3f81bdd31b204d038f9023769a13cddb, region=africa, content_type=translated
  📨 Response: 200
Updated module 'Postnatal Care'
  ✓ Activated module version: 810630c32a614e3bacbe29828f751063

  📋 Module 'Prolonged Labour' [mod-prolonged-labour] resource resolution:
     Videos:     6 slugs → 6 IDs
     ActionCards:4 slugs → 4 IDs
     Procedures: 3 slugs → 3 IDs
     Drugs:      1 slugs → 1 IDs
     KLPs:       36 slugs → 36 IDs
     (sample action_card ID: 782b222dfa454817b226cf80959275cc)
     (sample drug ID: d93a6d3a36b142629e012b0653760f75)
  🔄 PATCH → http://135.225.105.160:8004/modules/c0ec3c44ae6845a0b2f81724f3edff66
     Payload resource counts: videos=6, action_cards=4, procedures=3, drugs=1, klps=36
     language_id=3f81bdd31b204d038f9023769a13cddb, region=africa, content_type=translated
  📨 Response: 200
Updated module 'Prolonged Labour'
  ✓ Activated module version: 8f22f2a4001e4e24991b983fc4a1c28c

  📋 Module 'Safe Abortion' [mod-safe-abortion] resource resolution:
     Videos:     6 slugs → 6 IDs
     ActionCards:12 slugs → 12 IDs
     Procedures: 3 slugs → 3 IDs
     Drugs:      13 slugs → 13 IDs
     KLPs:       36 slugs → 36 IDs
     (sample action_card ID: 508e164e56cc40a1893da38fce776365)
     (sample drug ID: 3d527e7e968949988635c1698e8bfc92)
  🔄 PATCH → http://135.225.105.160:8004/modules/a367e7516e0a45788645e81ecb040f57
     Payload resource counts: videos=6, action_cards=12, procedures=3, drugs=13, klps=36
     language_id=3f81bdd31b204d038f9023769a13cddb, region=africa, content_type=translated
  📨 Response: 200
Updated module 'Safe Abortion'
  ✓ Activated module version: 9f6846476747417a8bf10a8ff1db59f9

=== STEP 5: Post Categories ===
Starting category migration for language f6e8d402ebe34e79ae53785d0fcf4df5...
Processing category: Sexual & Reproductive Health
  Found module: Modern Contraception -> b5049ecc8f424d29892ee2067deda8aa
  Found module: Safe Abortion -> a367e7516e0a45788645e81ecb040f57
  Found module: Post Abortion Care -> f463550a62e34cf8ab9e0d009ebfbcd9
  Found module: Female Genital Mutilation -> 33ce78b0a4b9413cbaeb8bb64401e7a2
  Total modules found: 4
  Category exists: 49e8f92c670c41f2af44e734877cb90f, patching...
  ✓ Activated category version: 8eea69acd6664531886afce998ecd49b (Universal)
Processing category: Complications During Pregnancy, Labour and Birth
  Found module: Hypertension -> cf65540dfc84495f8b0989838c70ca90
  Found module: Prolonged Labour -> c0ec3c44ae6845a0b2f81724f3edff66
  Found module: Post Partum Hemorrhage -> c4d949440c4e4b17828bdbf86b7696ac
  Found module: Maternal Sepsis -> c2ada5772a1f418bbbbe28671e24ddb0
  Found module: Manual Removal of Placenta -> b9d9955b73e1429997aa8d5bc02236e5
  Found module: Gestational Diabetes Mellitus -> f9dd5e3bf9a044b2bb689232e0561f01
  Total modules found: 6
  Category exists: 3bfc625e1a6b428497e5bc81fa4f1bca, patching...
  ✓ Activated category version: c03e22ca7e7041fb88ab010559a3823d (Universal)
Processing category: Maternal Health
  Found module: Antenatal Care -> 77c309e4f5534cd78e6d460a6d3d92ff
  Found module: Postnatal Care -> a5a832ca90f44078b3cd0a1527d510e3
  Found module: Normal Labour and Birth -> f43eaea27d5e48f5bd05e644eae8e964
  Found module: Active Management of Third Stage Labour -> bc3552fbf01248d08b28603ee0f94808
  Found module: Perinatal Mental Health -> a4ba3920c4b0497a96b4e2390f07596a
  Total modules found: 5
  Category exists: ca73eed95d8a4a1696fc8f68117f7a32, patching...
  ✓ Activated category version: 4c3a0fd1a6a94622bfafd0e3b4a86ffa (Universal)
Processing category: Newborn Health
  Found module: Neonatal Resuscitation -> 3a96411664bb415c93ae13686c23c707
  Found module: Newborn Management -> 5a1ab947c8c44bbab82ff6b45ff2c47a
  Found module: Low Birth Weight -> b94b9f3d16d64b8fa56d5fc9d1639438
  Total modules found: 3
  Category exists: da2fe425eb2b476ba0ba2c3862781396, patching...
  ✓ Activated category version: a1c14793253e4443ab5f2e1f95dd3d1a (Universal)
Processing category: Infection Prevention
  Found module: Infection Prevention -> dc011a45cf964d1e94f481b0e0ef291a
  Found module: COVID-19 -> 894e9b8f336a4049bf0268e39b9e403c
  Total modules found: 2
  Category exists: 102d9f0473e74730a3447ec1f00c41b9, patching...
  ✓ Activated category version: eb4cf0602022429cb8707d538c99ca9a (Universal)
Error linking categories: 404 Client Error: Not Found for url: http://135.225.105.160:8004/languages/f6e8d402ebe34e79ae53785d0fcf4df5/link/categories
Starting category migration for language e1ac44f0af3443719b2bc0cc730d6d75...
Processing category: Sexual & Reproductive Health
  Found module: Modern Contraception -> b5049ecc8f424d29892ee2067deda8aa
  Found module: Safe Abortion -> a367e7516e0a45788645e81ecb040f57
  Found module: Post Abortion Care -> f463550a62e34cf8ab9e0d009ebfbcd9
  Found module: Female Genital Mutilation -> 33ce78b0a4b9413cbaeb8bb64401e7a2
  Total modules found: 4
  Category exists: 49e8f92c670c41f2af44e734877cb90f, patching...
  ✓ Activated category version: ce1d6d011db94d5996f56ee2985c9150 (Universal)
Processing category: Complications During Pregnancy, Labour and Birth
  Found module: Hypertension -> cf65540dfc84495f8b0989838c70ca90
  Found module: Prolonged Labour -> c0ec3c44ae6845a0b2f81724f3edff66
  Found module: Post Partum Hemorrhage -> c4d949440c4e4b17828bdbf86b7696ac
  Found module: Maternal Sepsis -> c2ada5772a1f418bbbbe28671e24ddb0
  Found module: Manual Removal of Placenta -> b9d9955b73e1429997aa8d5bc02236e5
  Found module: Gestational Diabetes Mellitus -> f9dd5e3bf9a044b2bb689232e0561f01
  Total modules found: 6
  Category exists: 3bfc625e1a6b428497e5bc81fa4f1bca, patching...
  ✓ Activated category version: da32c293069e43e3b5781f61e081b6d1 (Universal)
Processing category: Maternal Health
  Found module: Antenatal Care -> 77c309e4f5534cd78e6d460a6d3d92ff
  Found module: Postnatal Care -> a5a832ca90f44078b3cd0a1527d510e3
  Found module: Normal Labour and Birth -> f43eaea27d5e48f5bd05e644eae8e964
  Found module: Active Management of Third Stage Labour -> bc3552fbf01248d08b28603ee0f94808
  Found module: Perinatal Mental Health -> a4ba3920c4b0497a96b4e2390f07596a
  Total modules found: 5
  Category exists: ca73eed95d8a4a1696fc8f68117f7a32, patching...
  ✓ Activated category version: 8c1907b78d6f4f63964089970966a3b1 (Universal)
Processing category: Newborn Health
  Found module: Neonatal Resuscitation -> 3a96411664bb415c93ae13686c23c707
  Found module: Newborn Management -> 5a1ab947c8c44bbab82ff6b45ff2c47a
  Found module: Low Birth Weight -> b94b9f3d16d64b8fa56d5fc9d1639438
  Total modules found: 3
  Category exists: da2fe425eb2b476ba0ba2c3862781396, patching...
  ✓ Activated category version: 6b365d85af4546ce9e0f3d4305b571a7 (Universal)
Processing category: Infection Prevention
  Found module: Infection Prevention -> dc011a45cf964d1e94f481b0e0ef291a
  Found module: COVID-19 -> 894e9b8f336a4049bf0268e39b9e403c
  Total modules found: 2
  Category exists: 102d9f0473e74730a3447ec1f00c41b9, patching...
  ✓ Activated category version: 2d6ba1e4251641c58d927a4065768383 (Universal)
Error linking categories: 404 Client Error: Not Found for url: http://135.225.105.160:8004/languages/e1ac44f0af3443719b2bc0cc730d6d75/link/categories
Starting category migration for language cc8fdc7c2e2441738bc99a70bbc74796...
Processing category: Sexual & Reproductive Health
  Found module: Modern Contraception -> b5049ecc8f424d29892ee2067deda8aa
  Found module: Safe Abortion -> a367e7516e0a45788645e81ecb040f57
  Found module: Post Abortion Care -> f463550a62e34cf8ab9e0d009ebfbcd9
  Found module: Female Genital Mutilation -> 33ce78b0a4b9413cbaeb8bb64401e7a2
  Total modules found: 4
  Category exists: 49e8f92c670c41f2af44e734877cb90f, patching...
  ✓ Activated category version: b748108e0c034e509cf08aebb430e8e6 (Universal)
Processing category: Complications During Pregnancy, Labour and Birth
  Found module: Hypertension -> cf65540dfc84495f8b0989838c70ca90
  Found module: Prolonged Labour -> c0ec3c44ae6845a0b2f81724f3edff66
  Found module: Post Partum Hemorrhage -> c4d949440c4e4b17828bdbf86b7696ac
  Found module: Maternal Sepsis -> c2ada5772a1f418bbbbe28671e24ddb0
  Found module: Manual Removal of Placenta -> b9d9955b73e1429997aa8d5bc02236e5
  Found module: Gestational Diabetes Mellitus -> f9dd5e3bf9a044b2bb689232e0561f01
  Total modules found: 6
  Category exists: 3bfc625e1a6b428497e5bc81fa4f1bca, patching...
  ✓ Activated category version: 9a5b09c81dfe4697abd445f54a9ba029 (Universal)
Processing category: Maternal Health
  Found module: Antenatal Care -> 77c309e4f5534cd78e6d460a6d3d92ff
  Found module: Postnatal Care -> a5a832ca90f44078b3cd0a1527d510e3
  Found module: Normal Labour and Birth -> f43eaea27d5e48f5bd05e644eae8e964
  Found module: Active Management of Third Stage Labour -> bc3552fbf01248d08b28603ee0f94808
  Found module: Perinatal Mental Health -> a4ba3920c4b0497a96b4e2390f07596a
  Total modules found: 5
  Category exists: ca73eed95d8a4a1696fc8f68117f7a32, patching...
  ✓ Activated category version: 7c6a6451b7c24fa48a4f4f97fa28900f (Universal)
Processing category: Newborn Health
  Found module: Neonatal Resuscitation -> 3a96411664bb415c93ae13686c23c707
  Found module: Newborn Management -> 5a1ab947c8c44bbab82ff6b45ff2c47a
  Found module: Low Birth Weight -> b94b9f3d16d64b8fa56d5fc9d1639438
  Total modules found: 3
  Category exists: da2fe425eb2b476ba0ba2c3862781396, patching...
  ✓ Activated category version: 8016756a4b3d4468b3ecf185b639b35b (Universal)
Processing category: Infection Prevention
  Found module: Infection Prevention -> dc011a45cf964d1e94f481b0e0ef291a
  Found module: COVID-19 -> 894e9b8f336a4049bf0268e39b9e403c
  Total modules found: 2
  Category exists: 102d9f0473e74730a3447ec1f00c41b9, patching...
  ✓ Activated category version: 11df96fe0d5e473ebca817470a6a15d1 (Universal)
Error linking categories: 404 Client Error: Not Found for url: http://135.225.105.160:8004/languages/cc8fdc7c2e2441738bc99a70bbc74796/link/categories
Starting category migration for language 3f81bdd31b204d038f9023769a13cddb...
Processing category: Sexual & Reproductive Health
  Found module: Modern Contraception -> b5049ecc8f424d29892ee2067deda8aa
  Found module: Safe Abortion -> a367e7516e0a45788645e81ecb040f57
  Found module: Post Abortion Care -> f463550a62e34cf8ab9e0d009ebfbcd9
  Found module: Female Genital Mutilation -> 33ce78b0a4b9413cbaeb8bb64401e7a2
  Total modules found: 4
  Category exists: 49e8f92c670c41f2af44e734877cb90f, patching...
  ✓ Activated category version: 46480492535a4f1d8d14cc3c7c8f3f0f (Universal)
Processing category: Complications During Pregnancy, Labour and Birth
  Found module: Hypertension -> cf65540dfc84495f8b0989838c70ca90
  Found module: Prolonged Labour -> c0ec3c44ae6845a0b2f81724f3edff66
  Found module: Post Partum Hemorrhage -> c4d949440c4e4b17828bdbf86b7696ac
  Found module: Maternal Sepsis -> c2ada5772a1f418bbbbe28671e24ddb0
  Found module: Manual Removal of Placenta -> b9d9955b73e1429997aa8d5bc02236e5
  Found module: Gestational Diabetes Mellitus -> f9dd5e3bf9a044b2bb689232e0561f01
  Total modules found: 6
  Category exists: 3bfc625e1a6b428497e5bc81fa4f1bca, patching...
  ✓ Activated category version: 3d0e8016eb4c421ab7aaefdd05a2caa6 (Universal)
Processing category: Maternal Health
  Found module: Antenatal Care -> 77c309e4f5534cd78e6d460a6d3d92ff
  Found module: Postnatal Care -> a5a832ca90f44078b3cd0a1527d510e3
  Found module: Normal Labour and Birth -> f43eaea27d5e48f5bd05e644eae8e964
  Found module: Active Management of Third Stage Labour -> bc3552fbf01248d08b28603ee0f94808
  Found module: Perinatal Mental Health -> a4ba3920c4b0497a96b4e2390f07596a
  Total modules found: 5
  Category exists: ca73eed95d8a4a1696fc8f68117f7a32, patching...
  ✓ Activated category version: ce636d4d486141fab36c58118a70944b (Universal)
Processing category: Newborn Health
  Found module: Neonatal Resuscitation -> 3a96411664bb415c93ae13686c23c707
  Found module: Newborn Management -> 5a1ab947c8c44bbab82ff6b45ff2c47a
  Found module: Low Birth Weight -> b94b9f3d16d64b8fa56d5fc9d1639438
  Total modules found: 3
  Category exists: da2fe425eb2b476ba0ba2c3862781396, patching...
  ✓ Activated category version: 5efcf1f58a7344b482d956b5bd91d32a (Universal)
Processing category: Infection Prevention
  Found module: Infection Prevention -> dc011a45cf964d1e94f481b0e0ef291a
  Found module: COVID-19 -> 894e9b8f336a4049bf0268e39b9e403c
  Total modules found: 2
  Category exists: 102d9f0473e74730a3447ec1f00c41b9, patching...
  ✓ Activated category version: 91d7ba2a1dc04f1faae7f30c1dcb00da (Universal)
Error linking categories: 404 Client Error: Not Found for url: http://135.225.105.160:8004/languages/3f81bdd31b204d038f9023769a13cddb/link/categories

=== STEP 6: Post Certificates ===
  📂 Loaded 3 local certificate mappings.
  🔄 Fetching all existing certificates from LME for caching...
  ✅ Cached 3 existing certificates from API.

🚀 Starting CERTIFICATE migration...
  Found 159 certificate documents in Cosmos.
  Filtered to 45 unique latest certificates.
  Grouped into 1 certificate families.

================================================================================
Processing Certificate Group 1/1: certificate-2017_1503996242450
================================================================================
  ℹ️ Language-specific migration mode for: Certificate 2017
     Attempting to find existing global certificate...
  → Found in slug cache (cert-certificate-2017): fd698c810e8f41a682b03c781de0e088
  ✅ Found existing global certificate: fd698c810e8f41a682b03c781de0e088

  📚 Found 1 valid translation(s) to migrate
     Parent certificate ID: fd698c810e8f41a682b03c781de0e088

  ────────────────────────────────────────────────────────────────────────────
  🌍 Translation 1/1: Language 6a146956-9f21-206a-98cf-55db7b0a8301
  ────────────────────────────────────────────────────────────────────────────

📜 Processing TRANSLATED Certificate: 'Certificate 2017'
   Language: 6a146956-9f21-206a-98cf-55db7b0a8301
   Parent ID: fd698c810e8f41a682b03c781de0e088
  ✅ Content uploaded: 3686e48b39444b91b918...
Loaded 2071 asset mappings from file
Using cached asset_id: b8d5f53c29e24f8bbc1500d824ae4c67
Using cached asset_id: b8d5f53c29e24f8bbc1500d824ae4c67
Using cached asset_id: bd76c96a50a449298da38981c9e4da43
Using cached asset_id: d5def5bfd979473bafb1a67a0daac73b
Using cached asset_id: d5def5bfd979473bafb1a67a0daac73b
Using cached asset_id: c22bd8991eba46e792a8acafcdae1ba5
Using cached asset_id: a960b7ff748a425b8ffdb6e7f208699d
Using cached asset_id: 5716016429d9482b8229452276a0846e
Using cached asset_id: 5716016429d9482b8229452276a0846e
Using cached asset_id: 8efddd807c1c498193ed89cd26235b89
Using cached asset_id: 8efddd807c1c498193ed89cd26235b89
Using cached asset_id: 40b1c3f6b86a4814bd7460467d7d79a9
Using cached asset_id: 40b1c3f6b86a4814bd7460467d7d79a9
Using cached asset_id: 1c170cdd16774a5f80e1c9ef5c186782
Using cached asset_id: 26be3b7c0cb54c68b8478fdf90010489
Using cached asset_id: 9fd473f807f345b287442d51c0acf5d2
Using cached asset_id: 737426c7697d41989a9cb5e6bb2d521e
Using cached asset_id: ea8f48d2eeab4281ae19da92d8d9ec7a
Using cached asset_id: ea8f48d2eeab4281ae19da92d8d9ec7a
Using cached asset_id: 4f02d4e5b02b4008ab0b15b9c3a843c5
Using cached asset_id: 844afe4430b6494daa1066417e405a07
Using cached asset_id: ea604215abe14b7b89b5f9ee69aa06a3
Using cached asset_id: 4f02d4e5b02b4008ab0b15b9c3a843c5
Using cached asset_id: da7bd4f0416f4d0d928d4e1b2f4acdcf
Using cached asset_id: 77dce47aa33a43f682ed90cb5f38d914
Using cached asset_id: 5fa710d802134a29bbb076576df51324
Using cached asset_id: 22224adaaa3f4575946bd0390bbd6f0d
Using cached asset_id: d8ae6566320d43f495e9325d9c0ad8b2
Using cached asset_id: e5d6ab760bc84bfd8e7013e5f747d5be
Using cached asset_id: c57644e351b44b069c23fd70f482a00f
Using cached asset_id: 823c13c1c66b42f0ba07fdde73f8ec32
Using cached asset_id: 4f5c75e3f6ec468d8ca8904e0364fb22
Using cached asset_id: 21a999c0508249ae9af7816de52adef2
Using cached asset_id: 21a999c0508249ae9af7816de52adef2
Using cached asset_id: ea8f48d2eeab4281ae19da92d8d9ec7a
Using cached asset_id: cf160558b6fa42f88b6383f7a27417c1
Using cached asset_id: cf160558b6fa42f88b6383f7a27417c1
Using cached asset_id: bf25d0695fe64f5896a37b6d66c9fe28
Using cached asset_id: fad8d478eb7b493498c5259f56e5a3b6
Using cached asset_id: fad8d478eb7b493498c5259f56e5a3b6
Using cached asset_id: 7d8845ae1edc4b799b0edb41186ae3b4
Using cached asset_id: 9b7fc3b16b6343bc873ccddc9f61d6a5
Using cached asset_id: 86753087f3424abbb496757040d38414
Using cached asset_id: 8423d3c7ba554b16bc9cb14db5470f35
Using cached asset_id: d96ab1877765411c8c4fb9162fec53f3
Using cached asset_id: d96ab1877765411c8c4fb9162fec53f3
Using cached asset_id: 3545ed464ec743619b24999262b6b269
Using cached asset_id: 8423d3c7ba554b16bc9cb14db5470f35
Using cached asset_id: 8423d3c7ba554b16bc9cb14db5470f35
Using cached asset_id: 12c8da0340aa44748ec1b88c926bfb8c
Using cached asset_id: 1ef12b9a2eee4250aa9035938ea086f1
Using cached asset_id: 1ef12b9a2eee4250aa9035938ea086f1
Using cached asset_id: 9b7fc3b16b6343bc873ccddc9f61d6a5
Using cached asset_id: 0701ad5e380e4e86b21c26bd66ea197b
Using cached asset_id: 0701ad5e380e4e86b21c26bd66ea197b
Using cached asset_id: 25f6b3195267466893384b70c337e52f
Using cached asset_id: 1f346f0c7306403f9dc01acb9f0cb3df
Using cached asset_id: c5905bbd5ea44e7faee6e2f50108e0ca
Using cached asset_id: ce4375b424334bbfb53c6a327ad7cd22
Using cached asset_id: 8423d3c7ba554b16bc9cb14db5470f35
Using cached asset_id: bc1f813497a145cfb7d2f235eacbd8ad
Using cached asset_id: bc1f813497a145cfb7d2f235eacbd8ad
Using cached asset_id: e00cf4f7c15e4e538d21445058d347b3
Using cached asset_id: 6eb84721911340c58c36bbbccac4d60d
Using cached asset_id: 333ec8ac18c44eb4b02de8a385054983
Using cached asset_id: 9c9a19f80c714da5ba55d6a6c7e1e759
Using cached asset_id: e6e8715ab0a44861af70c8100dd5580b
Using cached asset_id: e6e8715ab0a44861af70c8100dd5580b
Using cached asset_id: fd392f180a41459bb7e0e8622ca2340f
Using cached asset_id: 0980ee1bcfd94506963d14056602416e
Using cached asset_id: f7710af339fa4530b7157bd375be876a
  → Creating VERSION via POST http://135.225.105.160:8004/certificates (derived_from_id=fd698c810e8f41a682b03c781de0e088)
  ⚠️ Certificate already exists (HTTP 500)
     Attempting to find existing certificate...
  → Found in slug cache (cert-certificate-2017): fd698c810e8f41a682b03c781de0e088
  ✅ Found existing certificate: fd698c810e8f41a682b03c781de0e088
  ✅ Translation version created: fd698c810e8f41a682b03c781de0e088

================================================================================
Certificate migration completed!
================================================================================

=== STEP 7: Post Settings Screens ===
  Filtered settings migration to 4 languages (from languages.csv).
2026-03-11 20:19:33,403 - INFO - Loaded 1 screen data mappings from CSV
2026-03-11 20:19:33,403 - INFO - ============================================================
2026-03-11 20:19:33,403 - INFO - Starting Settings Screen Migration
2026-03-11 20:19:33,403 - INFO - ============================================================
2026-03-11 20:19:33,403 - INFO - ✅ Found existing GLOBAL screen data: 72dc624865264f4290897d93c7916cda
2026-03-11 20:19:33,403 - INFO -    Skipping Step 1 (original already exists from global migration)
2026-03-11 20:19:33,403 - INFO - 
📌 Step 2: Patching TRANSLATED screen data
2026-03-11 20:19:33,403 - INFO - ----------------------------------------
2026-03-11 20:19:33,403 - INFO - 
🌐 Processing: 7cf6efab-a9d7-54d2-2cbd-ec82efe4a7da (region=africa)
2026-03-11 20:19:33,501 - WARNING - No about sections for 7cf6efab-a9d7-54d2-2cbd-ec82efe4a7da
2026-03-11 20:19:33,501 - INFO - 
🌐 Processing: 49bc07fa-9ad4-816c-17db-e693a28dd40f (region=india)
2026-03-11 20:19:33,630 - INFO -    Found 12 about sections
2026-03-11 20:19:33,630 - INFO -    Processing section: thankyou
Downloading icon asset from https://sdacms.blob.core.windows.net/content/assets/images/africa/https%3A//sdacms.blob.core.windows.net/content/assets/images/india/logos/World_Diabetic_Foundation.png
Error downloading icon asset https://sdacms.blob.core.windows.net/content/assets/images/africa/https%3A//sdacms.blob.core.windows.net/content/assets/images/india/logos/World_Diabetic_Foundation.png: 404 Client Error: The specified blob does not exist. for url: https://sdacms.blob.core.windows.net/content/assets/images/africa/https%3A//sdacms.blob.core.windows.net/content/assets/images/india/logos/World_Diabetic_Foundation.png
2026-03-11 20:19:33,937 - INFO -    ✅ thankyou: content=b469a1cf26d04de99225d46ff6228150, icon=None
2026-03-11 20:19:33,937 - INFO -    Processing section: feedback-and-troubleshooting
2026-03-11 20:19:34,055 - INFO -    ✅ feedback-and-troubleshooting: content=a92521370c4845eca96fc3506e36c816, icon=None
2026-03-11 20:19:34,056 - INFO -    Processing section: background-survey
2026-03-11 20:19:34,168 - INFO -    ✅ background-survey: content=4e5a6311cb074f0cb19b7da4394f0bcf, icon=None
2026-03-11 20:19:34,168 - INFO -    Processing section: lp-introduction
2026-03-11 20:19:34,287 - INFO -    ✅ lp-introduction: content=262be12d4dbc403e9dfeb6c5b1bab69a, icon=None
2026-03-11 20:19:34,287 - INFO -    Processing section: introduction
2026-03-11 20:19:34,402 - INFO -    ✅ introduction: content=2d7c429b9d394b28a63404f878f1b229, icon=None
2026-03-11 20:19:34,402 - INFO -    Processing section: welcome
Downloading icon asset from https://sdacms.blob.core.windows.net/content/assets/images/africa/https%3A//sdacms.blob.core.windows.net/content/assets/images/india/icon/module/active_management_of_third_stage_labour_alt.png
Error downloading icon asset https://sdacms.blob.core.windows.net/content/assets/images/africa/https%3A//sdacms.blob.core.windows.net/content/assets/images/india/icon/module/active_management_of_third_stage_labour_alt.png: 404 Client Error: The specified blob does not exist. for url: https://sdacms.blob.core.windows.net/content/assets/images/africa/https%3A//sdacms.blob.core.windows.net/content/assets/images/india/icon/module/active_management_of_third_stage_labour_alt.png
2026-03-11 20:19:34,705 - INFO -    ✅ welcome: content=eec06fc3dd354feea14e63ef367aeaf0, icon=None
2026-03-11 20:19:34,705 - INFO -    Processing section: comingsoon
2026-03-11 20:19:35,029 - INFO -    ✅ comingsoon: content=c5bfe927b6c94272af7de15f03084866, icon=None
2026-03-11 20:19:35,029 - INFO -    Processing section: upq-introduction
2026-03-11 20:19:35,136 - INFO -    ✅ upq-introduction: content=57da584def194e9eacece828d8ce5fcd, icon=None
2026-03-11 20:19:35,136 - INFO -    Processing section: developers
Downloading icon asset from https://sdacms.blob.core.windows.net/content/assets/images/africa/https%3A//sdacms.blob.core.windows.net/content/assets/images/india/logos/Developer%20logos_India.png
Error downloading icon asset https://sdacms.blob.core.windows.net/content/assets/images/africa/https%3A//sdacms.blob.core.windows.net/content/assets/images/india/logos/Developer%20logos_India.png: 404 Client Error: The specified blob does not exist. for url: https://sdacms.blob.core.windows.net/content/assets/images/africa/https%3A//sdacms.blob.core.windows.net/content/assets/images/india/logos/Developer%20logos_India.png
2026-03-11 20:19:35,426 - INFO -    ✅ developers: content=ced876ddd5d349fa97a3bf7649ed8c27, icon=None
2026-03-11 20:19:35,427 - INFO -    Processing section: disclaimer
2026-03-11 20:19:35,543 - INFO -    ✅ disclaimer: content=2fa8c1f96ee748908815e37d0e72a69c, icon=None
2026-03-11 20:19:35,544 - INFO -    Processing section: copyright
2026-03-11 20:19:35,658 - INFO -    ✅ copyright: content=f449542e5e354a72800065cffcfe0664, icon=None
2026-03-11 20:19:35,658 - INFO -    Processing section: upq-thankyou
2026-03-11 20:19:35,774 - INFO -    ✅ upq-thankyou: content=5bf7a72d2d4d4fc1b18a5381c237167a, icon=None
2026-03-11 20:19:35,774 - INFO - PATCHing translated screen data to http://135.225.105.160:8004/settings-screens/72dc624865264f4290897d93c7916cda
2026-03-11 20:19:36,035 - INFO - ✅ Created translated screen data for india (lang=e1ac44f0af3443719b2bc0cc730d6d75)
2026-03-11 20:19:36,112 - INFO -    ✓ Activated screen data version: a1665554499e4c058f23482e6693e5fa
2026-03-11 20:19:36,113 - INFO - 
🌐 Processing: f3bb22c9-d64b-26e3-cbf9-e5418e905fb1 (region=africa)
2026-03-11 20:19:36,219 - INFO -    Found 12 about sections
2026-03-11 20:19:36,219 - INFO -    Processing section: lp-introduction
2026-03-11 20:19:36,333 - INFO -    ✅ lp-introduction: content=18f610e59c5d4e3fb37fdf57734b2eb6, icon=None
2026-03-11 20:19:36,333 - INFO -    Processing section: introduction
2026-03-11 20:19:36,460 - INFO -    ✅ introduction: content=c18abbde6ebd4a57a6c34ae907753ff1, icon=None
2026-03-11 20:19:36,460 - INFO -    Processing section: feedback-and-troubleshooting
2026-03-11 20:19:36,573 - INFO -    ✅ feedback-and-troubleshooting: content=abcef9c52c30424684816f150a96965d, icon=None
2026-03-11 20:19:36,573 - INFO -    Processing section: upq-introduction
2026-03-11 20:19:36,680 - INFO -    ✅ upq-introduction: content=90098ef9addb433cbc1a18a7a11b4771, icon=None
2026-03-11 20:19:36,680 - INFO -    Processing section: background-survey
2026-03-11 20:19:36,800 - INFO -    ✅ background-survey: content=20b4ced730924ff9a6666ed387606942, icon=None
2026-03-11 20:19:36,801 - INFO -    Processing section: comingsoon
2026-03-11 20:19:36,931 - INFO -    ✅ comingsoon: content=8ab5605511d44841b1b0bacce4595729, icon=None
2026-03-11 20:19:36,932 - INFO -    Processing section: upq-thankyou
2026-03-11 20:19:37,048 - INFO -    ✅ upq-thankyou: content=1d4e078a26fa4f84897e236b9cc417e8, icon=None
2026-03-11 20:19:37,048 - INFO -    Processing section: disclaimer
2026-03-11 20:19:37,185 - INFO -    ✅ disclaimer: content=32665f862e0346869a4eac5c0f565b86, icon=None
2026-03-11 20:19:37,185 - INFO -    Processing section: welcome
Downloading icon asset from https://sdacms.blob.core.windows.net/content/assets/images/africa/https%3A//sdacms.blob.core.windows.net/content/assets/images/africa/icon/module/active_management_of_third_stage_labour_alt.png
Error downloading icon asset https://sdacms.blob.core.windows.net/content/assets/images/africa/https%3A//sdacms.blob.core.windows.net/content/assets/images/africa/icon/module/active_management_of_third_stage_labour_alt.png: 404 Client Error: The specified blob does not exist. for url: https://sdacms.blob.core.windows.net/content/assets/images/africa/https%3A//sdacms.blob.core.windows.net/content/assets/images/africa/icon/module/active_management_of_third_stage_labour_alt.png
2026-03-11 20:19:37,472 - INFO -    ✅ welcome: content=114cd9b811c247b0869595f54f092b44, icon=None
2026-03-11 20:19:37,473 - INFO -    Processing section: copyright
2026-03-11 20:19:37,591 - INFO -    ✅ copyright: content=f54a461d48634d11975e04f1fbab2971, icon=None
2026-03-11 20:19:37,591 - INFO -    Processing section: thankyou
Downloading icon asset from https://sdacms.blob.core.windows.net/content/assets/images/africa/https%3A//sdacms.blob.core.windows.net/content/assets/images/africa/logos/MSD%20for%20Mothers.png
Error downloading icon asset https://sdacms.blob.core.windows.net/content/assets/images/africa/https%3A//sdacms.blob.core.windows.net/content/assets/images/africa/logos/MSD%20for%20Mothers.png: 404 Client Error: The specified blob does not exist. for url: https://sdacms.blob.core.windows.net/content/assets/images/africa/https%3A//sdacms.blob.core.windows.net/content/assets/images/africa/logos/MSD%20for%20Mothers.png
2026-03-11 20:19:37,878 - INFO -    ✅ thankyou: content=daa9fdeffbc849e8a1ba44cd6507b641, icon=None
2026-03-11 20:19:37,878 - INFO -    Processing section: developers
Downloading icon asset from https://sdacms.blob.core.windows.net/content/assets/images/africa/https%3A//sdacms.blob.core.windows.net/content/assets/images/africa/logos/Developer%20logos.png
Error downloading icon asset https://sdacms.blob.core.windows.net/content/assets/images/africa/https%3A//sdacms.blob.core.windows.net/content/assets/images/africa/logos/Developer%20logos.png: 404 Client Error: The specified blob does not exist. for url: https://sdacms.blob.core.windows.net/content/assets/images/africa/https%3A//sdacms.blob.core.windows.net/content/assets/images/africa/logos/Developer%20logos.png
2026-03-11 20:19:38,182 - INFO -    ✅ developers: content=c508a937dc724736b0e21abf00a11336, icon=None
2026-03-11 20:19:38,182 - INFO - PATCHing translated screen data to http://135.225.105.160:8004/settings-screens/72dc624865264f4290897d93c7916cda
2026-03-11 20:19:38,390 - INFO - ✅ Created translated screen data for africa (lang=cc8fdc7c2e2441738bc99a70bbc74796)
2026-03-11 20:19:38,474 - INFO -    ✓ Activated screen data version: beae8186a36849f189ae5fec866735e5
2026-03-11 20:19:38,474 - INFO - 
🌐 Processing: 6a146956-9f21-206a-98cf-55db7b0a8301 (region=africa)
2026-03-11 20:19:38,578 - INFO -    Found 12 about sections
2026-03-11 20:19:38,578 - INFO -    Processing section: introduction
2026-03-11 20:19:38,708 - INFO -    ✅ introduction: content=0534e405cadb4568ad5463d997416258, icon=None
2026-03-11 20:19:38,709 - INFO -    Processing section: lp-introduction
2026-03-11 20:19:38,828 - INFO -    ✅ lp-introduction: content=9faac96ce1a64d09a80f94a7e039eae8, icon=None
2026-03-11 20:19:38,828 - INFO -    Processing section: feedback-and-troubleshooting
2026-03-11 20:19:38,954 - INFO -    ✅ feedback-and-troubleshooting: content=8f8aafddec3044b88624d96478e40057, icon=None
2026-03-11 20:19:38,954 - INFO -    Processing section: background-survey
2026-03-11 20:19:39,065 - INFO -    ✅ background-survey: content=33df4a6027564284922b16eb772f1fee, icon=None
2026-03-11 20:19:39,065 - INFO -    Processing section: upq-introduction
2026-03-11 20:19:39,190 - INFO -    ✅ upq-introduction: content=3cbe7b8beeee4d92822f620fadec2405, icon=None
2026-03-11 20:19:39,191 - INFO -    Processing section: comingsoon
2026-03-11 20:19:39,310 - INFO -    ✅ comingsoon: content=44ebce286006446c8d21a5ebe7f92cd3, icon=None
2026-03-11 20:19:39,310 - INFO -    Processing section: upq-thankyou
2026-03-11 20:19:39,439 - INFO -    ✅ upq-thankyou: content=164310fbd9c141f085b0cc3759b22724, icon=None
2026-03-11 20:19:39,439 - INFO -    Processing section: welcome
Skipping previously failed asset: https://sdacms.blob.core.windows.net/content/assets/images/africa/https%3A//sdacms.blob.core.windows.net/content/assets/images/africa/icon/module/active_management_of_third_stage_labour_alt.png
2026-03-11 20:19:39,554 - INFO -    ✅ welcome: content=0023ea736cf94b7a83c53320b57af0e2, icon=None
2026-03-11 20:19:39,554 - INFO -    Processing section: disclaimer
2026-03-11 20:19:39,682 - INFO -    ✅ disclaimer: content=771b86d3bb4b43179c362f74c33ed110, icon=None
2026-03-11 20:19:39,683 - INFO -    Processing section: thankyou
Skipping previously failed asset: https://sdacms.blob.core.windows.net/content/assets/images/africa/https%3A//sdacms.blob.core.windows.net/content/assets/images/africa/logos/MSD%20for%20Mothers.png
2026-03-11 20:19:39,808 - INFO -    ✅ thankyou: content=7648d536e6cc41d59072747702041da6, icon=None
2026-03-11 20:19:39,808 - INFO -    Processing section: developers
Skipping previously failed asset: https://sdacms.blob.core.windows.net/content/assets/images/africa/https%3A//sdacms.blob.core.windows.net/content/assets/images/africa/logos/Developer%20logos.png
2026-03-11 20:19:39,917 - INFO -    ✅ developers: content=94487b6f6bef49c489e04bf9005b95f5, icon=None
2026-03-11 20:19:39,917 - INFO -    Processing section: copyright
2026-03-11 20:19:40,035 - INFO -    ✅ copyright: content=3b2ebf7e00e84cef94fff9a50573e839, icon=None
2026-03-11 20:19:40,035 - INFO - PATCHing translated screen data to http://135.225.105.160:8004/settings-screens/72dc624865264f4290897d93c7916cda
2026-03-11 20:19:40,259 - INFO - ✅ Created translated screen data for africa (lang=3f81bdd31b204d038f9023769a13cddb)
2026-03-11 20:19:40,333 - INFO -    ✓ Activated screen data version: dd2dc9880a3b44a399321bc5eda5dd0b
2026-03-11 20:19:40,333 - INFO - 
============================================================
2026-03-11 20:19:40,333 - INFO - Settings Screen Migration Complete! (3 languages patched)
2026-03-11 20:19:40,333 - INFO - ============================================================

=== STEP 8: Post Onboarding Flows ===
  ⚠️  Mapping file not found: /home/azureuser/content_migrator/data/mappings/onboarding_mapping.csv
  ❌ No onboarding_flow_id available. Run global migration first.
  ⚠️  Mapping file not found: /home/azureuser/content_migrator/data/mappings/onboarding_mapping.csv
  ❌ No onboarding_flow_id available. Run global migration first.
  ⚠️  Mapping file not found: /home/azureuser/content_migrator/data/mappings/onboarding_mapping.csv
  ❌ No onboarding_flow_id available. Run global migration first.
  ⚠️  Mapping file not found: /home/azureuser/content_migrator/data/mappings/onboarding_mapping.csv
  ❌ No onboarding_flow_id available. Run global migration first.
  Onboarding: 0 patched, 4 skipped.

=== STAGE 2 COMPLETE ===
Languages, resources, KLPs, modules, categories, certificates, settings screens, and onboarding flows posted.
